site,scene,biomass_date,row,col,x,y,fh,coverage,n_fine,fh_quality,als_mean,als_p50,als_p90,als_p95,als_p99,als_max,als2_p90,eth_coverage,eth_mean,eth_p50,eth_p90,eth_p95,eth_p99,eth_max,reject_reason
Luki2025,BIO_FP_FH__L2A_20251215T045844_20251227T045912_T_G01_M01_C___T003_F306,2025-12-15,2,23,13.104106426239014,-5.609105587005615,22.688648223876953,0.9126833546870099,7969,0.04740000143647194,17.792628917986075,15.245802,34.7955,38.47304,44.623936,54.10761,30.090208,1.0,28.66672761295004,29.0,30.0,31.0,31.993048400878912,32.0,0
Luki2025,BIO_FP_FH__L2A_20251215T045844_20251227T045912_T_G01_M01_C___T003_F306,2025-12-15,2,24,13.104938983917236,-5.609105587005615,18.74064826965332,0.9882150444492107,8570,0.15080000460147858,18.614165434290275,13.363127,41.864697,55.65485,64.064735,66.20014,35.599026,1.0,29.991832923470156,30.0,31.0,31.0,32.0,32.0,0
Luki2025,BIO_FP_FH__L2A_20251215T045844_20251227T045912_T_G01_M01_C___T003_F306,2025-12-15,2,25,13.105771541595459,-5.609105587005615,16.371047973632812,0.9005655212925892,7969,0.03920000046491623,21.12877294325098,19.798893,36.997673,40.029766,44.7654,47.74283,34.842743,1.0,27.98981680678748,28.0,29.0,30.0,30.0,31.0,0
Luki2025,BIO_FP_FH__L2A_20251215T045844_20251227T045912_T_G01_M01_C___T003_F306,2025-12-15,3,19,13.100776195526123,-5.609939098358154,37.01786422729492,0.999999992281512,8649,0.0,25.74836710430106,28.427017,43.099915,49.720665,52.92561,53.84259,39.307835,1.0,34.83829979130761,35.0,36.0,37.0,39.0,39.0,0
Luki2025,BIO_FP_FH__L2A_20251215T045844_20251227T045912_T_G01_M01_C___T003_F306,2025-12-15,3,20,13.101608753204346,-5.609939098358154,34.12004852294922,0.9999999991178871,8649,0.0,27.528512912616176,27.171522,46.326344,48.35945,50.857765,53.626427,41.762558,1.0,30.69977744348698,31.0,34.0,34.0,35.0,35.0,0
Luki2025,BIO_FP_FH__L2A_20251215T045844_20251227T045912_T_G01_M01_C___T003_F306,2025-12-15,3,21,13.102441310882568,-5.609939098358154,31.331647872924805,1.0000000030873952,8649,0.12460000067949295,16.421439474857582,16.460848,26.934978,29.821701,34.431194,38.793354,23.020338,1.0,27.035604685327886,27.0,30.0,30.0,31.0,31.0,0
Luki2025,BIO_FP_FH__L2A_20251215T045844_20251227T045912_T_G01_M01_C___T003_F306,2025-12-15,3,22,13.103273868560791,-5.609939098358154,29.0196475982666,1.0000000092621855,8649,0.44519999623298645,17.450399956317415,16.404528,31.017178,32.540173,34.958828,39.260876,28.299044,1.0,25.526164278596493,26.0,28.0,28.0,29.0,29.0,0
Luki2025,BIO_FP_FH__L2A_20251215T045844_20251227T045912_T_G01_M01_C___T003_F306,2025-12-15,3,23,13.104106426239014,-5.609939098358154,25.071847915649414,1.0000000035284515,8649,0.5483999848365784,24.05904036708486,25.415575,37.827633,40.4826,42.588486,44.21092,35.086056,1.0,25.593293278765053,26.0,28.0,28.0,28.0,28.0,0
Luki2025,BIO_FP_FH__L2A_20251215T045844_20251227T045912_T_G01_M01_C___T003_F306,2025-12-15,3,24,13.104938983917236,-5.609939098358154,21.45204734802246,1.0,8649,0.6069999933242798,17.930343587352493,17.420193,29.742945,31.397306,33.634663,37.25328,25.741129,1.0,28.22626416037325,28.0,29.207538604736328,30.0,31.0,31.0,0
Luki2025,BIO_FP_FH__L2A_20251215T045844_20251227T045912_T_G01_M01_C___T003_F306,2025-12-15,3,25,13.105771541595459,-5.609939098358154,19.399248123168945,0.9999999955894354,8649,0.45239999890327454,12.904842783384394,11.077474,25.061377,29.261265,39.01431,43.34484,20.36042,1.0,27.082723726274125,27.0,28.0,28.981244659423844,30.0,30.0,0
Luki2025,BIO_FP_FH__L2A_20251215T045844_20251227T045912_T_G01_M01_C___T003_F306,2025-12-15,3,26,13.106604099273682,-5.609939098358154,17.346446990966797,0.9948239859604039,8618,0.2978000044822693,22.048307673208804,21.973099,36.890385,39.994606,44.735374,47.00819,32.654663,1.0,28.178355218192884,29.0,31.0,31.0,31.0,31.0,0
Luki2025,BIO_FP_FH__L2A_20251215T045844_20251227T045912_T_G01_M01_C___T003_F306,2025-12-15,4,19,13.100776195526123,-5.610772609710693,33.562461853027344,0.9969427986687519,8635,0.0,28.245897614684438,31.174791,42.357567,44.014545,46.001236,47.623394,39.168755,1.0,34.204539581177094,34.187801361083984,35.0,35.0,36.0,36.0,0
Luki2025,BIO_FP_FH__L2A_20251215T045844_20251227T045912_T_G01_M01_C___T003_F306,2025-12-15,4,20,13.101608753204346,-5.610772609710693,32.25864791870117,0.999999991178871,8649,0.0,21.114073672436955,21.454256,36.23965,37.55412,39.081844,41.371677,34.022232,1.0,30.97073775565008,31.0,34.0,35.0,36.0,36.0,0
Luki2025,BIO_FP_FH__L2A_20251215T045844_20251227T045912_T_G01_M01_C___T003_F306,2025-12-15,4,21,13.102441310882568,-5.610772609710693,28.94064712524414,1.0,8649,0.0,15.46622938706787,14.320473,28.400135,32.234703,39.289448,41.697372,22.466536,1.0,27.48646320559576,27.0,32.0,34.0,35.0,35.0,0
Luki2025,BIO_FP_FH__L2A_20251215T045844_20251227T045912_T_G01_M01_C___T003_F306,2025-12-15,4,22,13.103273868560791,-5.610772609710693,27.09604835510254,1.0,8649,0.37400001287460327,16.57283465133704,15.481351,29.915136,32.284508,35.03326,39.274887,27.583157,1.0,26.349675210614688,27.0,29.0,31.0,32.0,32.0,0
Luki2025,BIO_FP_FH__L2A_20251215T045844_20251227T045912_T_G01_M01_C___T003_F306,2025-12-15,4,23,13.104106426239014,-5.610772609710693,25.94504737854004,1.0000000070569033,8649,0.7588000297546387,24.696097617916212,27.60132,36.81779,38.729134,40.92327,42.23163,34.886395,1.0,26.67892453474507,27.0,30.0,30.0,32.0,32.0,0
Luki2025,BIO_FP_FH__L2A_20251215T045844_20251227T045912_T_G01_M01_C___T003_F306,2025-12-15,4,24,13.104938983917236,-5.610772609710693,24.324647903442383,0.999999991178871,8649,0.7699999809265137,22.884487502602653,25.58079,38.34995,39.916058,42.535885,44.36505,35.763206,1.0,28.99693157907469,29.0,31.0,31.0,31.0,32.0,0
Luki2025,BIO_FP_FH__L2A_20251215T045844_20251227T045912_T_G01_M01_C___T003_F306,2025-12-15,4,25,13.105771541595459,-5.610772609710693,22.159048080444336,0.999999991178871,8649,0.4339999854564667,23.776926332204724,26.503365,36.290863,37.3844,39.46582,41.764114,35.013554,1.0,27.628259479744557,28.0,29.0,29.084043502807617,30.0,30.0,0
Luki2025,BIO_FP_FH__L2A_20251215T045844_20251227T045912_T_G01_M01_C___T003_F306,2025-12-15,4,26,13.106604099273682,-5.610772609710693,19.99344825744629,1.0,8649,0.0982000008225441,30.951996798762863,32.93131,42.422215,44.48448,47.154476,48.76223,41.37032,1.0,26.472443790901107,27.0,30.0,30.0,31.0,31.0,0
Luki2025,BIO_FP_FH__L2A_20251215T045844_20251227T045912_T_G01_M01_C___T003_F306,2025-12-15,5,19,13.100776195526123,-5.611606121063232,30.86066436767578,0.9534417491025877,8272,0.0,26.45426654500271,27.427448,43.74746,47.969574,50.837353,52.874836,36.54361,1.0,34.061986066465614,34.0,36.0,36.0,37.0,37.0,0
Luki2025,BIO_FP_FH__L2A_20251215T045844_20251227T045912_T_G01_M01_C___T003_F306,2025-12-15,5,20,13.101608753204346,-5.611606121063232,30.519447326660156,1.0000000017642259,8649,0.0,22.85237860465846,19.379805,40.542625,42.838757,46.10802,49.195114,37.873875,1.0,32.78313616799928,32.0,36.0,37.0,37.0,37.0,0
Luki2025,BIO_FP_FH__L2A_20251215T045844_20251227T045912_T_G01_M01_C___T003_F306,2025-12-15,5,21,13.102441310882568,-5.611606121063232,27.274646759033203,1.0,8649,0.0,24.154497488645724,23.547117,41.17227,44.39705,48.323524,49.79471,36.523617,1.0,31.943188718790704,32.0,34.0,35.0,36.0,36.0,0
Luki2025,BIO_FP_FH__L2A_20251215T045844_20251227T045912_T_G01_M01_C___T003_F306,2025-12-15,5,22,13.103273868560791,-5.611606121063232,31.552248001098633,0.9999999964715484,8649,0.147599995136261,21.215026147008682,19.879526,39.111595,43.928158,48.964867,51.828175,33.373787,1.0,28.269303484698476,29.0,30.0,30.0,31.0,31.0,0
Luki2025,BIO_FP_FH__L2A_20251215T045844_20251227T045912_T_G01_M01_C___T003_F306,2025-12-15,5,23,13.104106426239014,-5.611606121063232,30.925647735595703,0.9999999964715484,8649,0.4702000021934509,19.31700186433858,18.2791,32.07908,39.947376,48.425156,50.905087,28.403708,1.0,26.688062573901654,27.0,28.0,28.0,29.0,29.0,0
Luki2025,BIO_FP_FH__L2A_20251215T045844_20251227T045912_T_G01_M01_C___T003_F306,2025-12-15,5,24,13.104938983917236,-5.611606121063232,26.805646896362305,1.0,8649,0.30399999022483826,25.234826472442624,26.923653,36.257694,38.782696,41.407955,44.529114,32.736687,1.0,25.802250141545603,25.0,29.0,30.0,31.0,31.0,0
Luki2025,BIO_FP_FH__L2A_20251215T045844_20251227T045912_T_G01_M01_C___T003_F306,2025-12-15,5,25,13.105771541595459,-5.611606121063232,24.329647064208984,1.0,8649,0.0,25.136974887360534,27.06205,35.666126,39.684223,42.38026,44.185505,34.55122,1.0,26.119688811199087,26.0,29.0,30.0,30.0,30.0,0
Luki2025,BIO_FP_FH__L2A_20251215T045844_20251227T045912_T_G01_M01_C___T003_F306,2025-12-15,5,26,13.106604099273682,-5.611606121063232,18.894447326660156,0.9999999964715484,8649,0.0,17.784806008075265,16.0753,31.439737,33.526726,36.184338,38.602833,27.54149,1.0,28.18960201617596,28.0,29.0,29.002052307128906,30.0,30.0,0
Luki2025,BIO_FP_FH__L2A_20251215T045844_20251227T045912_T_G01_M01_C___T003_F306,2025-12-15,6,10,13.09328317642212,-5.6124396324157715,17.808982849121094,0.9549651437583638,8323,8.56980037689209,29.47597832549435,30.907122,49.171757,51.411343,59.230076,62.23078,44.05296,1.0,30.07297298803207,30.0,32.0,32.0,32.0,32.0,0
Luki2025,BIO_FP_FH__L2A_20251215T045844_20251227T045912_T_G01_M01_C___T003_F306,2025-12-15,6,11,13.094115734100342,-5.6124396324157715,21.51278305053711,0.9999999927225686,8649,8.007399559020996,24.08499174502968,24.667898,39.722942,42.88913,51.13001,58.607487,35.51148,1.0,27.865935735474267,28.0,29.0,29.049007034301788,30.0,30.0,0
Luki2025,BIO_FP_FH__L2A_20251215T045844_20251227T045912_T_G01_M01_C___T003_F306,2025-12-15,6,12,13.094948291778564,-5.6124396324157715,29.294464111328125,1.0000000004410565,8649,3.7283999919891357,18.438598135989487,15.792662,38.297318,41.82547,45.11223,46.847454,31.269548,1.0,23.948513001896135,24.0,26.0,27.0,27.0,27.0,0
Luki2025,BIO_FP_FH__L2A_20251215T045844_20251227T045912_T_G01_M01_C___T003_F306,2025-12-15,6,13,13.095780849456787,-5.6124396324157715,31.593664169311523,0.9999999991178871,8649,0.0,23.11492033143907,21.22104,42.74367,44.50771,48.869164,51.082027,38.365852,1.0,25.43385679937674,25.964380264282227,28.0,29.0,30.0,30.0,0
Luki2025,BIO_FP_FH__L2A_20251215T045844_20251227T045912_T_G01_M01_C___T003_F306,2025-12-15,6,14,13.09661340713501,-5.6124396324157715,28.987462997436523,1.000000000110264,8649,0.0,27.11944148602306,28.009949,40.660374,44.752472,49.18054,52.91122,35.142086,1.0,26.532951317931726,26.0,31.0,32.0,33.0,33.0,0
Luki2025,BIO_FP_FH__L2A_20251215T045844_20251227T045912_T_G01_M01_C___T003_F306,2025-12-15,6,15,13.097445964813232,-5.6124396324157715,27.884862899780273,0.999999995203511,8649,0.0,33.218822875429076,36.252686,48.443466,51.06677,53.751503,55.401535,43.022373,1.0,27.02227530477777,27.0,31.22199058532715,32.0,32.0,32.0,0
Luki2025,BIO_FP_FH__L2A_20251215T045844_20251227T045912_T_G01_M01_C___T003_F306,2025-12-15,6,16,13.098278522491455,-5.6124396324157715,27.957862854003906,0.9972161357182825,8632,0.0,32.32889644750426,35.629074,40.591755,41.592876,43.143494,49.396877,38.628395,1.0,21.097979272027995,20.0,28.0,29.0,30.0,30.0,0
Luki2025,BIO_FP_FH__L2A_20251215T045844_20251227T045912_T_G01_M01_C___T003_F306,2025-12-15,6,19,13.100776195526123,-5.6124396324157715,30.405263900756836,1.0000000017642259,8649,0.0,27.818722050748786,27.727316,51.64417,53.736988,56.17832,59.875717,45.017677,1.0,31.29148090074539,31.0,36.0,37.0,37.0,37.0,0
Luki2025,BIO_FP_FH__L2A_20251215T045844_20251227T045912_T_G01_M01_C___T003_F306,2025-12-15,6,20,13.101608753204346,-5.6124396324157715,28.519046783447266,1.0,8649,0.0,34.359525114446036,37.586235,47.872513,49.69792,53.61827,58.39967,44.426937,1.0,34.47207146537746,35.0,36.0,37.0,37.0,37.0,0
Luki2025,BIO_FP_FH__L2A_20251215T045844_20251227T045912_T_G01_M01_C___T003_F306,2025-12-15,6,21,13.102441310882568,-5.6124396324157715,27.25164794921875,1.0,8649,0.0,26.557869260084257,28.061192,40.815388,44.91715,49.35022,50.66199,37.763794,1.0,32.93381062076607,32.0,35.0,36.0,36.0,36.0,0
Luki2025,BIO_FP_FH__L2A_20251215T045844_20251227T045912_T_G01_M01_C___T003_F306,2025-12-15,6,22,13.103273868560791,-5.6124396324157715,35.076847076416016,1.0,8649,0.0,26.603326330627095,25.071568,48.181698,50.183636,52.803944,55.23964,39.994602,1.0,30.24001705148948,30.0,31.0,31.0,32.0,32.0,0
Luki2025,BIO_FP_FH__L2A_20251215T045844_20251227T045912_T_G01_M01_C___T003_F306,2025-12-15,6,23,13.104106426239014,-5.6124396324157715,33.541446685791016,1.0,8649,0.0,24.611224416749767,24.13356,42.388683,48.78067,51.715252,53.51102,35.738785,1.0,29.61641451416298,30.0,31.0,31.0,31.0,32.0,0
Luki2025,BIO_FP_FH__L2A_20251215T045844_20251227T045912_T_G01_M01_C___T003_F306,2025-12-15,6,24,13.104938983917236,-5.6124396324157715,27.7430477142334,1.0,8649,0.0,22.810308859767026,22.917496,35.32066,38.364113,41.00684,43.442856,31.390438,1.0,26.553869178852246,27.0,29.0,30.0,30.0,30.0,0
Luki2025,BIO_FP_FH__L2A_20251215T045844_20251227T045912_T_G01_M01_C___T003_F306,2025-12-15,6,25,13.105771541595459,-5.6124396324157715,22.274646759033203,1.0,8649,0.0,24.99068104874841,25.554869,31.48385,32.73148,34.616573,39.5741,30.051178,1.0,23.696588490433548,23.0,26.0,26.0,27.0,27.0,0
Luki2025,BIO_FP_FH__L2A_20251215T045844_20251227T045912_T_G01_M01_C___T003_F306,2025-12-15,6,26,13.106604099273682,-5.6124396324157715,16.83964729309082,1.0,8649,0.0,17.775278109734508,16.114017,33.591175,35.688747,41.227833,45.0473,31.040966,1.0,22.532763923740287,23.0,27.0,27.965749740600586,28.68417739868164,29.0,0
Luki2025,BIO_FP_FH__L2A_20251215T045844_20251227T045912_T_G01_M01_C___T003_F306,2025-12-15,7,10,13.09328317642212,-5.6132731437683105,18.29658317565918,0.9999999947073226,8649,1.9074000120162964,20.977285915382,20.653309,35.579254,37.9778,41.555748,44.59786,31.781815,1.0,28.503095389542683,29.0,30.0,30.0,31.0,31.0,0
Luki2025,BIO_FP_FH__L2A_20251215T045844_20251227T045912_T_G01_M01_C___T003_F306,2025-12-15,7,11,13.094115734100342,-5.6132731437683105,23.790184020996094,1.0,8649,0.7821999788284302,22.015964916915973,21.775452,37.48657,40.39686,46.196526,50.576958,34.245857,1.0,29.865856453592013,30.0,32.0,32.0,32.0,32.0,0
Luki2025,BIO_FP_FH__L2A_20251215T045844_20251227T045912_T_G01_M01_C___T003_F306,2025-12-15,7,12,13.094948291778564,-5.6132731437683105,29.349863052368164,1.0000000035284515,8649,0.23639999330043793,19.839110326612428,15.544346,44.44044,45.914894,53.00559,57.033775,37.57689,1.0,26.877984988040243,26.0,34.0,35.0,35.0,35.0,0
Luki2025,BIO_FP_FH__L2A_20251215T045844_20251227T045912_T_G01_M01_C___T003_F306,2025-12-15,7,13,13.095780849456787,-5.6132731437683105,30.107864379882812,0.9999999964715484,8649,0.0,20.83189302231434,18.968267,43.379326,46.788815,51.65061,53.47248,37.069782,1.0,23.4176293164819,24.0,26.0,28.0,31.0,31.0,0
Luki2025,BIO_FP_FH__L2A_20251215T045844_20251227T045912_T_G01_M01_C___T003_F306,2025-12-15,7,14,13.09661340713501,-5.6132731437683105,27.344863891601562,0.9999999991178871,8649,0.0,25.01522156479337,26.852386,38.656246,41.744034,44.15147,45.465878,33.996628,1.0,21.914506101128627,22.0,24.000030517578125,25.999969482421875,26.0,26.0,0
Luki2025,BIO_FP_FH__L2A_20251215T045844_20251227T045912_T_G01_M01_C___T003_F306,2025-12-15,7,15,13.097445964813232,-5.6132731437683105,25.908063888549805,1.0000000026463387,8649,0.0,29.88639749712954,32.739193,40.838367,42.76256,46.15184,50.23211,38.55296,1.0,23.455413321068225,22.0,30.0,30.0,31.0,31.0,0
Luki2025,BIO_FP_FH__L2A_20251215T045844_20251227T045912_T_G01_M01_C___T003_F306,2025-12-15,7,16,13.098278522491455,-5.6132731437683105,25.223663330078125,1.0000000017642259,8649,0.0,30.163107873596008,31.537388,40.35023,41.65552,44.23139,48.60968,38.150627,1.0,21.18741210671102,20.864654541015625,26.0,27.0,29.951576232910156,30.0,0
Luki2025,BIO_FP_FH__L2A_20251215T045844_20251227T045912_T_G01_M01_C___T003_F306,2025-12-15,7,17,13.099111080169678,-5.6132731437683105,24.699462890625,0.999999991178871,8649,0.0,21.77039701356509,22.026875,35.810417,40.643215,47.590256,49.54666,31.937101,1.0,19.755028358262763,19.0,24.0,25.0,26.0,26.0,0
Luki2025,BIO_FP_FH__L2A_20251215T045844_20251227T045912_T_G01_M01_C___T003_F306,2025-12-15,7,18,13.0999436378479,-5.6132731437683105,27.030664443969727,0.9999999991178871,8649,0.2037999927997589,26.776480926058927,29.044973,47.787212,50.400826,53.045326,55.61518,42.041748,1.0,18.266313365186924,18.0,20.0,21.0,22.49274444580078,23.0,0
Luki2025,BIO_FP_FH__L2A_20251215T045844_20251227T045912_T_G01_M01_C___T003_F306,2025-12-15,7,19,13.100776195526123,-5.6132731437683105,29.587263107299805,0.9999999964715484,8649,0.0,32.05878202838625,33.709927,50.559082,53.861423,57.930447,60.2378,44.041683,1.0,26.058364529432705,26.0,29.0,32.0,35.0,37.0,0
Luki2025,BIO_FP_FH__L2A_20251215T045844_20251227T045912_T_G01_M01_C___T003_F306,2025-12-15,7,20,13.101608753204346,-5.6132731437683105,27.871248245239258,0.9999999858861935,8649,0.0,30.430185074206232,32.0435,48.53616,51.450024,54.117336,55.290154,40.6874,1.0,33.67663793842811,34.0,36.0,36.73965835571289,38.0,38.0,0
Luki2025,BIO_FP_FH__L2A_20251215T045844_20251227T045912_T_G01_M01_C___T003_F306,2025-12-15,7,21,13.102441310882568,-5.6132731437683105,25.725446701049805,1.000000017642258,8649,0.0,19.92335473516806,18.814249,34.801773,37.271626,40.723015,42.725166,29.212568,1.0,30.276915134867018,30.0,32.0,33.59574508666992,34.0,35.0,0
Luki2025,BIO_FP_FH__L2A_20251215T045844_20251227T045912_T_G01_M01_C___T003_F306,2025-12-15,7,22,13.103273868560791,-5.6132731437683105,32.32304763793945,1.0000000035284515,8649,0.0,24.174543270959965,23.671093,42.35501,46.869633,53.585854,54.92232,34.872383,1.0,29.13823533562625,29.0,31.0,32.0,32.0,32.0,0
Luki2025,BIO_FP_FH__L2A_20251215T045844_20251227T045912_T_G01_M01_C___T003_F306,2025-12-15,7,23,13.104106426239014,-5.6132731437683105,32.064048767089844,0.9999999858861935,8649,0.0,23.446102413705116,23.136675,38.568615,42.60486,46.746166,52.55016,33.005486,1.0,31.79702503174795,32.0,34.0,34.01448059082031,35.0,35.0,0
Luki2025,BIO_FP_FH__L2A_20251215T045844_20251227T045912_T_G01_M01_C___T003_F306,2025-12-15,7,24,13.104938983917236,-5.6132731437683105,26.18724822998047,1.0000000211707099,8649,0.0,23.349323443055404,24.159744,35.57182,37.02638,40.95657,43.539467,33.22722,1.0,29.85213263449138,30.0,33.0,34.0,35.0,35.0,0
Luki2025,BIO_FP_FH__L2A_20251215T045844_20251227T045912_T_G01_M01_C___T003_F306,2025-12-15,7,25,13.105771541595459,-5.6132731437683105,20.219846725463867,1.0000000035284515,8649,0.0,23.193236333681476,23.05972,33.33021,38.092014,42.766384,45.83398,31.033846,1.0,31.994590517798937,33.0,36.8591194152832,37.0,38.0,38.0,0
Luki2025,BIO_FP_FH__L2A_20251215T045844_20251227T045912_T_G01_M01_C___T003_F306,2025-12-15,7,26,13.106604099273682,-5.6132731437683105,16.856647491455078,0.9923077037615892,8605,0.0,24.221881624407153,25.696285,38.951736,42.364223,48.760315,51.274933,35.606667,1.0,29.015023071733648,28.398780822753906,34.0,34.26728057861328,36.0,36.0,0
Luki2025,BIO_FP_FH__L2A_20251215T045844_20251227T045912_T_G01_M01_C___T003_F306,2025-12-15,8,10,13.09328317642212,-5.61410665512085,10.949584007263184,0.9999999929430967,8649,3.74780011177063,19.240124140808792,18.28047,32.985756,37.610767,42.913635,48.469044,28.019667,1.0,27.414587686207682,27.0,29.0,30.0,30.0,31.0,0
Luki2025,BIO_FP_FH__L2A_20251215T045844_20251227T045912_T_G01_M01_C___T003_F306,2025-12-15,8,11,13.094115734100342,-5.61410665512085,12.880784034729004,0.999999980593516,8649,3.2056000232696533,23.03913026996556,19.664072,46.41428,50.08797,53.500763,55.542004,40.53905,1.0,30.07678571598063,30.0,31.0,32.0,32.0,33.0,0
Luki2025,BIO_FP_FH__L2A_20251215T045844_20251227T045912_T_G01_M01_C___T003_F306,2025-12-15,8,12,13.094948291778564,-5.61410665512085,24.79226303100586,0.9999999929430967,8649,0.9593999981880188,31.492369508066446,35.629967,48.032764,50.610874,54.893776,56.90626,45.235546,1.0,33.92202913666036,34.0,36.0,37.0,37.0,37.0,0
Luki2025,BIO_FP_FH__L2A_20251215T045844_20251227T045912_T_G01_M01_C___T003_F306,2025-12-15,8,13,13.095780849456787,-5.61410665512085,28.872262954711914,1.0000000105853548,8649,0.0,32.437042708042846,33.996616,42.953827,45.10423,47.349598,49.079807,40.782387,1.0,28.0458843894109,29.0,33.0,34.0,35.0,35.0,0
Luki2025,BIO_FP_FH__L2A_20251215T045844_20251227T045912_T_G01_M01_C___T003_F306,2025-12-15,8,14,13.09661340713501,-5.61410665512085,25.678863525390625,1.0,8649,0.0,30.921881492350995,33.333935,39.10033,41.2568,43.560844,44.877243,36.815105,1.0,25.320503563450337,25.0,29.0,29.0,30.0,30.0,0
Luki2025,BIO_FP_FH__L2A_20251215T045844_20251227T045912_T_G01_M01_C___T003_F306,2025-12-15,8,15,13.097445964813232,-5.61410665512085,23.7796630859375,1.0000000017642259,8649,0.0,30.12864593825423,32.412632,41.556034,42.980633,46.143345,50.12589,38.490364,1.0,22.20997542201446,22.0,30.0,30.0,31.0,31.0,0
Luki2025,BIO_FP_FH__L2A_20251215T045844_20251227T045912_T_G01_M01_C___T003_F306,2025-12-15,8,16,13.098278522491455,-5.61410665512085,22.93186378479004,1.0000000141138066,8649,0.0,32.52684304116451,34.588356,41.556053,42.878284,45.49441,47.23345,40.25196,1.0,23.044098494493667,24.0,27.0,27.0,30.0,30.0,0
Luki2025,BIO_FP_FH__L2A_20251215T045844_20251227T045912_T_G01_M01_C___T003_F306,2025-12-15,8,17,13.099111080169678,-5.61410665512085,17.371463775634766,1.0000000017642259,8649,4.834199905395508,22.665367309652584,21.684973,41.914547,46.288322,50.825947,53.79632,35.167885,1.0,21.668922929105516,22.0,25.0,26.0,26.0,26.0,0
Luki2025,BIO_FP_FH__L2A_20251215T045844_20251227T045912_T_G01_M01_C___T003_F306,2025-12-15,8,18,13.0999436378479,-5.61410665512085,15.413864135742188,0.9999999982357742,8649,7.828400135040283,22.12416297739556,20.809078,44.81476,46.951054,49.21147,51.04322,33.28978,1.0,18.069290981718343,17.0,22.0,22.0,25.0,26.0,0
Luki2025,BIO_FP_FH__L2A_20251215T045844_20251227T045912_T_G01_M01_C___T003_F306,2025-12-15,8,19,13.100776195526123,-5.61410665512085,26.47426414489746,1.0000000035284515,8649,2.2014000415802,20.426463044146296,20.260479,38.546978,44.300102,53.626965,56.909145,31.307175,1.0,23.831875855446633,24.0,30.0,32.0,33.0,34.0,0
Luki2025,BIO_FP_FH__L2A_20251215T045844_20251227T045912_T_G01_M01_C___T003_F306,2025-12-15,8,20,13.101608753204346,-5.61410665512085,28.975048065185547,1.0,8649,0.0,25.129951687875767,25.962074,38.57966,40.541027,46.09394,48.03466,34.419277,1.0,33.07472143350743,33.134521484375,35.240478515625,36.0,37.0,37.0,0
Luki2025,BIO_FP_FH__L2A_20251215T045844_20251227T045912_T_G01_M01_C___T003_F306,2025-12-15,8,21,13.102441310882568,-5.61410665512085,26.481647491455078,1.0,8649,0.0,25.22266494410481,27.399958,41.63716,45.62905,56.06584,58.970055,35.157646,1.0,32.36385289158128,33.0,34.0,35.0,35.0,36.0,0
Luki2025,BIO_FP_FH__L2A_20251215T045844_20251227T045912_T_G01_M01_C___T003_F306,2025-12-15,8,22,13.103273868560791,-5.61410665512085,27.359848022460938,1.0,8649,0.0,33.54428799572205,37.66953,48.511505,51.34736,53.93824,56.505836,43.719425,1.0,33.14036060187262,34.0,35.0,35.0,35.34685134887695,36.0,0
Luki2025,BIO_FP_FH__L2A_20251215T045844_20251227T045912_T_G01_M01_C___T003_F306,2025-12-15,8,23,13.104106426239014,-5.61410665512085,29.459848403930664,1.0,8649,0.0,18.43864299250636,16.495636,36.579193,40.559315,45.41804,47.828743,29.436384,1.0,34.68473807185051,35.0,35.0,36.0,36.0,36.0,0
Luki2025,BIO_FP_FH__L2A_20251215T045844_20251227T045912_T_G01_M01_C___T003_F306,2025-12-15,8,24,13.104938983917236,-5.61410665512085,22.991247177124023,1.0,8649,0.4763999879360199,24.41043423553301,26.796782,36.79995,38.05776,41.05141,43.31615,34.625458,1.0,33.25057483990215,34.0,35.0,36.0,36.0,36.0,0
Luki2025,BIO_FP_FH__L2A_20251215T045844_20251227T045912_T_G01_M01_C___T003_F306,2025-12-15,8,25,13.105771541595459,-5.61410665512085,15.652847290039062,1.0,8649,0.870199978351593,25.592706820333277,26.606337,45.995922,47.817913,53.99914,57.577507,42.158604,1.0,33.29932071404838,35.0,38.0,38.0,39.0,41.0,0
Luki2025,BIO_FP_FH__L2A_20251215T045844_20251227T045912_T_G01_M01_C___T003_F306,2025-12-15,8,26,13.106604099273682,-5.61410665512085,11.504647254943848,0.9840631378029162,8553,32.85060119628906,31.13147440491847,32.78103,51.299656,54.95608,58.71002,61.44449,43.933884,1.0,33.685913919534194,33.0,40.0,40.0,41.0,41.0,0
Luki2025,BIO_FP_FH__L2A_20251215T045844_20251227T045912_T_G01_M01_C___T003_F306,2025-12-15,9,10,13.09328317642212,-5.614940166473389,10.832183837890625,0.9831893943833373,8519,4.131999969482422,9.64662977502458,3.934522,28.426857,35.222805,46.838215,49.942043,20.117395,1.0,29.885594097723615,30.0,32.0,32.0,34.0,34.0,0
Luki2025,BIO_FP_FH__L2A_20251215T045844_20251227T045912_T_G01_M01_C___T003_F306,2025-12-15,9,11,13.094115734100342,-5.614940166473389,5.3155837059021,1.0,8649,8.61359977722168,18.754780741451324,13.80574,38.89106,46.223125,55.266766,57.830482,31.294104,1.0,31.49160409367888,31.18335723876953,33.0,33.0,33.0,33.0,0
Luki2025,BIO_FP_FH__L2A_20251215T045844_20251227T045912_T_G01_M01_C___T003_F306,2025-12-15,9,12,13.094948291778564,-5.614940166473389,23.76946449279785,1.0,8649,1.3688000440597534,24.222339987823737,23.76807,42.17875,45.51072,48.5554,53.60939,37.95449,1.0,32.25515860355662,32.0,36.0,36.0,37.0,37.0,0
Luki2025,BIO_FP_FH__L2A_20251215T045844_20251227T045912_T_G01_M01_C___T003_F306,2025-12-15,9,13,13.095780849456787,-5.614940166473389,27.853063583374023,1.0,8649,0.0,29.286405039599952,33.608055,39.2803,40.510197,43.879547,46.081345,38.350376,1.0,29.17227244655553,30.0,32.0,32.0,32.0,32.0,0
Luki2025,BIO_FP_FH__L2A_20251215T045844_20251227T045912_T_G01_M01_C___T003_F306,2025-12-15,9,14,13.09661340713501,-5.614940166473389,23.04146385192871,1.0,8649,0.0,30.3885398262263,31.47226,36.692177,37.97208,39.904633,40.974937,35.92893,1.0,25.367218655125228,25.0,29.0,30.0,31.0,31.0,0
Luki2025,BIO_FP_FH__L2A_20251215T045844_20251227T045912_T_G01_M01_C___T003_F306,2025-12-15,9,15,13.097445964813232,-5.614940166473389,21.18186378479004,1.0,8649,0.0,28.015075239008844,28.541872,36.296337,38.54669,42.011467,44.286556,34.3762,1.0,22.395714798529365,23.885343551635742,26.0,26.0,26.0,26.0,0
Luki2025,BIO_FP_FH__L2A_20251215T045844_20251227T045912_T_G01_M01_C___T003_F306,2025-12-15,9,16,13.098278522491455,-5.614940166473389,15.701064109802246,1.0,8649,4.752799987792969,27.781185245855735,29.448086,36.523163,37.91428,42.890045,45.184708,35.24821,1.0,18.22587387084079,18.0,22.0,24.0,25.0,25.0,0
Luki2025,BIO_FP_FH__L2A_20251215T045844_20251227T045912_T_G01_M01_C___T003_F306,2025-12-15,9,17,13.099111080169678,-5.614940166473389,9.487863540649414,1.0000000017642259,8649,10.256799697875977,28.085986114854823,30.818823,38.769295,41.00442,47.796272,52.63697,36.61819,1.0,19.489932142608993,19.0,21.137252807617188,22.0,22.0,22.0,0
Luki2025,BIO_FP_FH__L2A_20251215T045844_20251227T045912_T_G01_M01_C___T003_F306,2025-12-15,9,18,13.0999436378479,-5.614940166473389,4.9242634773254395,1.0,8649,14.675399780273438,23.944847929944935,22.611902,43.762558,47.130707,50.18414,52.820095,36.762363,1.0,22.905805967959218,21.0,30.0,30.49274444580078,31.0,31.0,0
Luki2025,BIO_FP_FH__L2A_20251215T045844_20251227T045912_T_G01_M01_C___T003_F306,2025-12-15,9,19,13.100776195526123,-5.614940166473389,20.816463470458984,1.0,8649,5.485199928283691,19.329011008317437,15.093968,43.245876,46.128204,49.42758,52.60264,34.826218,1.0,24.653763235063273,24.0,31.0,31.0,32.0,32.0,0
Luki2025,BIO_FP_FH__L2A_20251215T045844_20251227T045912_T_G01_M01_C___T003_F306,2025-12-15,9,20,13.101608753204346,-5.614940166473389,29.189647674560547,1.0,8649,0.0,22.88302409418719,21.65933,44.0692,47.09541,49.238445,50.90368,35.196384,1.0,27.81395246483905,28.0,30.0,30.0,31.249177932739258,32.0,0
Luki2025,BIO_FP_FH__L2A_20251215T045844_20251227T045912_T_G01_M01_C___T003_F306,2025-12-15,9,21,13.102441310882568,-5.614940166473389,26.43164825439453,1.0,8649,0.0,23.836212662771707,23.773577,41.634148,46.221275,51.060417,57.392708,36.253983,1.0,29.355111213981353,29.0,34.0,35.767189025878906,36.0,37.0,0
Luki2025,BIO_FP_FH__L2A_20251215T045844_20251227T045912_T_G01_M01_C___T003_F306,2025-12-15,9,22,13.103273868560791,-5.614940166473389,25.704248428344727,1.0,8649,0.0,30.415217348103827,32.258347,46.64394,48.659103,52.83822,55.249195,43.885693,1.0,33.7175617947966,34.0,35.0,35.0,37.0,37.0,0
Luki2025,BIO_FP_FH__L2A_20251215T045844_20251227T045912_T_G01_M01_C___T003_F306,2025-12-15,9,23,13.104106426239014,-5.614940166473389,23.281248092651367,1.0,8649,0.9118000268936157,24.298379080132097,23.603968,40.32437,42.51654,45.0248,47.2854,37.87449,1.0,32.71204645904672,33.0,34.0,34.0,35.0,35.0,0
Luki2025,BIO_FP_FH__L2A_20251215T045844_20251227T045912_T_G01_M01_C___T003_F306,2025-12-15,9,24,13.104938983917236,-5.614940166473389,14.872247695922852,1.0,8649,2.3828001022338867,26.71097182477743,29.591642,36.751125,38.28698,42.335514,45.424488,34.927395,1.0,33.88369355304818,34.0,35.0,35.0,35.0,35.0,0
Luki2025,BIO_FP_FH__L2A_20251215T045844_20251227T045912_T_G01_M01_C___T003_F306,2025-12-15,9,25,13.105771541595459,-5.614940166473389,9.320047378540039,1.0,8649,21.40399932861328,32.50395683388253,36.69133,49.2461,53.702587,57.900784,60.23758,46.438812,1.0,34.14969117893127,34.0,37.0,37.0,38.0,39.0,0
Luki2025,BIO_FP_FH__L2A_20251215T045844_20251227T045912_T_G01_M01_C___T003_F306,2025-12-15,9,26,13.106604099273682,-5.614940166473389,5.324047565460205,1.0,8649,56.6525993347168,29.645173371740952,34.065353,45.531933,47.533234,51.097042,59.822266,42.167896,1.0,31.59532477508626,31.0,34.0,35.0,36.87376403808594,39.0,0
Luki2025,BIO_FP_FH__L2A_20251215T045844_20251227T045912_T_G01_M01_C___T003_F306,2025-12-15,10,10,13.09328317642212,-5.615773677825928,16.453628540039062,0.9329510460645287,8140,6.679599761962891,14.86775457173187,10.195009,37.065586,41.132793,48.420155,52.61905,27.22689,1.0,31.21070749898331,31.0,34.0,34.0,35.0,35.0,0
Luki2025,BIO_FP_FH__L2A_20251215T045844_20251227T045912_T_G01_M01_C___T003_F306,2025-12-15,10,11,13.094115734100342,-5.615773677825928,7.797029495239258,1.0,8649,13.426199913024902,21.512735790897068,21.859903,42.870445,47.391823,51.09589,54.6958,34.31663,1.0,31.122385897654606,31.0,34.0,34.59849166870117,35.0,35.0,0
Luki2025,BIO_FP_FH__L2A_20251215T045844_20251227T045912_T_G01_M01_C___T003_F306,2025-12-15,10,12,13.094948291778564,-5.615773677825928,22.080230712890625,1.0,8649,5.1184000968933105,10.441134474541855,2.6546607,30.864872,34.966118,43.032314,51.969055,25.084953,1.0,25.74485014964975,27.0,30.0,30.0,32.0,32.0,0
Luki2025,BIO_FP_FH__L2A_20251215T045844_20251227T045912_T_G01_M01_C___T003_F306,2025-12-15,10,13,13.095780849456787,-5.615773677825928,28.438430786132812,1.0,8649,0.0,27.098664935523615,29.127422,38.037113,39.74996,42.55682,44.90735,36.238163,1.0,27.57763683298362,28.0,30.0,30.0,31.0,31.0,0
Luki2025,BIO_FP_FH__L2A_20251215T045844_20251227T045912_T_G01_M01_C___T003_F306,2025-12-15,10,14,13.09661340713501,-5.615773677825928,22.398630142211914,0.9857689500999032,8536,0.0,20.609854825521126,21.122473,34.982117,36.817852,40.126896,42.64133,33.313248,1.0,21.262605039711453,21.0,26.0,27.0,27.713150024414062,28.0,0
Luki2025,BIO_FP_FH__L2A_20251215T045844_20251227T045912_T_G01_M01_C___T003_F306,2025-12-15,10,15,13.097445964813232,-5.615773677825928,18.962631225585938,1.0,8649,0.0,28.222385152004566,28.837515,38.399788,40.622936,43.647236,45.47964,36.60859,1.0,19.264714155352618,19.0,23.0,24.0,25.0,25.0,0
Luki2025,BIO_FP_FH__L2A_20251215T045844_20251227T045912_T_G01_M01_C___T003_F306,2025-12-15,10,16,13.098278522491455,-5.615773677825928,15.757830619812012,1.0,8649,2.4783999919891357,30.194754609456297,31.800907,45.409485,48.241756,52.734673,56.28294,41.338055,1.0,21.68745639054317,23.0,26.0,26.0,26.0,26.0,0
Luki2025,BIO_FP_FH__L2A_20251215T045844_20251227T045912_T_G01_M01_C___T003_F306,2025-12-15,10,17,13.099111080169678,-5.615773677825928,12.289430618286133,1.0,8649,5.321800231933594,27.196372898510667,25.836115,43.7594,50.903633,57.810436,61.306538,39.2871,1.0,22.62782465321354,22.0,27.814044952392578,28.0,29.0,30.0,0
Luki2025,BIO_FP_FH__L2A_20251215T045844_20251227T045912_T_G01_M01_C___T003_F306,2025-12-15,10,18,13.0999436378479,-5.615773677825928,9.930630683898926,1.0000000035284515,8649,7.68720006942749,32.45973590534686,37.111496,46.93763,48.127155,49.79698,52.072018,45.256477,1.0,23.11534950947924,23.0,27.0,28.0,28.0,30.0,0
Luki2025,BIO_FP_FH__L2A_20251215T045844_20251227T045912_T_G01_M01_C___T003_F306,2025-12-15,10,19,13.100776195526123,-5.615773677825928,16.71923065185547,1.0,8649,6.111400127410889,29.580812155848943,32.27206,48.601105,50.920227,53.502396,55.234356,42.754097,1.0,28.58900568848856,29.0,32.0,33.0,34.0,34.0,0
Luki2025,BIO_FP_FH__L2A_20251215T045844_20251227T045912_T_G01_M01_C___T003_F306,2025-12-15,10,20,13.101608753204346,-5.615773677825928,28.665050506591797,1.0,8649,0.0,21.522516828173778,18.903467,43.32618,49.087376,53.051704,54.893436,33.723324,1.0,27.711215742227864,28.0,30.0,30.063215255737305,31.0,31.0,0
Luki2025,BIO_FP_FH__L2A_20251215T045844_20251227T045912_T_G01_M01_C___T003_F306,2025-12-15,10,21,13.102441310882568,-5.615773677825928,26.22385025024414,1.0,8649,0.0,25.662037789773382,26.905027,43.777905,46.05559,48.254395,50.067715,35.259888,1.0,29.051879975434357,29.0,31.0,31.0,33.0,33.0,0
Luki2025,BIO_FP_FH__L2A_20251215T045844_20251227T045912_T_G01_M01_C___T003_F306,2025-12-15,10,22,13.103273868560791,-5.615773677825928,24.6960506439209,1.0,8649,0.0,30.64054280119089,32.747913,42.327377,44.670666,47.16635,50.66521,38.44606,1.0,30.664917456619946,31.0,32.384517669677734,33.0,34.0,34.0,0
Luki2025,BIO_FP_FH__L2A_20251215T045844_20251227T045912_T_G01_M01_C___T003_F306,2025-12-15,10,23,13.104106426239014,-5.615773677825928,16.501651763916016,1.0,8649,1.9656000137329102,33.211653239355705,36.310936,43.12655,44.37515,46.168938,49.87152,41.269768,1.0,30.799550728958348,31.0,33.83750534057617,34.0,34.0,34.0,0
Luki2025,BIO_FP_FH__L2A_20251215T045844_20251227T045912_T_G01_M01_C___T003_F306,2025-12-15,10,24,13.104938983917236,-5.615773677825928,11.8766508102417,1.0,8649,3.646199941635132,28.341244178337092,30.907593,39.584362,41.954693,48.41218,50.124565,37.562256,1.0,32.57949142685404,33.0,34.0,34.0,35.0,35.0,0
Luki2025,BIO_FP_FH__L2A_20251215T045844_20251227T045912_T_G01_M01_C___T003_F306,2025-12-15,10,25,13.105771541595459,-5.615773677825928,6.286251068115234,1.0,8649,21.036800384521484,30.292940974028788,31.588795,44.340378,47.996555,50.77064,53.24387,40.577923,1.0,30.08411403016033,30.0,31.0,32.0,33.0,33.0,0
Luki2025,BIO_FP_FH__L2A_20251215T045844_20251227T045912_T_G01_M01_C___T003_F306,2025-12-15,10,26,13.106604099273682,-5.615773677825928,3.7326509952545166,1.0,8649,45.325401306152344,29.784292597952074,31.209557,39.585217,41.656273,45.12829,47.551983,36.808216,1.0,29.001976622282555,29.0,30.0,30.902740478515625,31.0,31.0,0
Luki2025,BIO_FP_FH__L2A_20251215T045844_20251227T045912_T_G01_M01_C___T003_F306,2025-12-15,11,13,13.095780849456787,-5.616607189178467,29.02583122253418,0.9749426760691716,8465,0.0,13.177803098470308,9.938462,30.233255,33.583256,38.155968,40.65114,24.414303,1.0,25.229006093228424,25.0,29.0,30.0,31.0,31.0,0
Luki2025,BIO_FP_FH__L2A_20251215T045844_20251227T045912_T_G01_M01_C___T003_F306,2025-12-15,11,14,13.09661340713501,-5.616607189178467,22.75023078918457,1.0000000317560647,8649,0.0,13.051637261310356,9.611535,29.942854,33.65643,36.645523,38.895683,25.9666,1.0,18.753313823743614,18.0867977142334,25.765464782714844,28.0,28.0,28.0,0
Luki2025,BIO_FP_FH__L2A_20251215T045844_20251227T045912_T_G01_M01_C___T003_F306,2025-12-15,11,15,13.097445964813232,-5.616607189178467,18.991230010986328,1.0000000070569033,8649,0.0,23.51258359104732,24.499973,33.79157,36.80623,41.6248,44.472317,31.122204,1.0,16.499351360216515,17.0,20.0,21.0,22.0,22.0,0
Luki2025,BIO_FP_FH__L2A_20251215T045844_20251227T045912_T_G01_M01_C___T003_F306,2025-12-15,11,16,13.098278522491455,-5.616607189178467,17.575031280517578,1.0000000423414195,8649,0.0,32.31976679024574,33.153393,42.451122,44.928722,48.790665,62.604557,40.385574,1.0,22.378514089065007,23.0,25.0,25.0,26.0,26.0,0
Luki2025,BIO_FP_FH__L2A_20251215T045844_20251227T045912_T_G01_M01_C___T003_F306,2025-12-15,11,17,13.099111080169678,-5.616607189178467,16.15903091430664,1.000000028227613,8649,0.0,27.944611101835203,30.232597,39.17179,41.501423,43.28692,73.67775,37.49236,1.0,22.978787487787322,22.0,28.0,28.0,30.0,30.0,0
Luki2025,BIO_FP_FH__L2A_20251215T045844_20251227T045912_T_G01_M01_C___T003_F306,2025-12-15,11,18,13.0999436378479,-5.616607189178467,15.70343017578125,1.0000000070569033,8649,0.05779999867081642,30.372320759369078,31.611452,40.951065,42.23043,44.46878,51.041958,39.463264,1.0,22.97564836418936,23.0,27.0,28.0,28.0,28.0,0
Luki2025,BIO_FP_FH__L2A_20251215T045844_20251227T045912_T_G01_M01_C___T003_F306,2025-12-15,11,19,13.100776195526123,-5.616607189178467,21.03243064880371,1.0,8649,0.0,29.274385270334722,31.626324,44.828087,47.61518,54.49205,61.555893,39.565887,1.0,30.250071538474632,32.0,33.0,34.0,34.0,34.0,0
Luki2025,BIO_FP_FH__L2A_20251215T045844_20251227T045912_T_G01_M01_C___T003_F306,2025-12-15,11,20,13.101608753204346,-5.616607189178467,26.305850982666016,1.0,8649,0.0,18.89660293097468,17.519112,37.6533,40.03522,48.683323,52.12529,31.922857,1.0,31.253696901231216,32.0,33.0,33.0,34.0,34.0,0
Luki2025,BIO_FP_FH__L2A_20251215T045844_20251227T045912_T_G01_M01_C___T003_F306,2025-12-15,11,21,13.102441310882568,-5.616607189178467,30.938251495361328,1.0,8649,0.0,26.19247630235432,25.099314,44.788918,48.307644,53.653976,55.865204,38.995216,1.0,25.610565121152632,26.0,29.0,29.553836822509766,30.0,30.0,0
Luki2025,BIO_FP_FH__L2A_20251215T045844_20251227T045912_T_G01_M01_C___T003_F306,2025-12-15,11,22,13.103273868560791,-5.616607189178467,30.4726505279541,1.0,8649,0.00419999985024333,24.26110271057348,26.817738,37.627537,40.832882,49.87996,52.781616,32.909763,1.0,24.946735494108417,24.927837371826172,27.0,28.0,33.0,33.0,0
Luki2025,BIO_FP_FH__L2A_20251215T045844_20251227T045912_T_G01_M01_C___T003_F306,2025-12-15,11,23,13.104106426239014,-5.616607189178467,30.610050201416016,1.0,8649,0.6894000172615051,31.384353501849926,33.88164,42.21826,43.570156,47.37125,48.96279,39.7944,1.0,26.50004685033965,27.0,28.052275466918942,29.0,30.0,30.0,0
Luki2025,BIO_FP_FH__L2A_20251215T045844_20251227T045912_T_G01_M01_C___T003_F306,2025-12-15,11,24,13.104938983917236,-5.616607189178467,25.73185157775879,1.0,8649,2.905600070953369,28.53336029634929,29.974705,38.695198,39.930313,41.439445,42.628937,37.107735,1.0,28.41857425655736,29.0,31.0,31.0,31.0,31.0,0
Luki2025,BIO_FP_FH__L2A_20251215T045844_20251227T045912_T_G01_M01_C___T003_F306,2025-12-15,11,25,13.105771541595459,-5.616607189178467,17.024051666259766,1.0,8649,13.21560001373291,28.268248135622617,30.424114,36.52421,37.44942,38.637054,40.477863,34.257935,1.0,30.015531009987665,30.0,31.0,31.0,32.0,32.0,0
Luki2025,BIO_FP_FH__L2A_20251215T045844_20251227T045912_T_G01_M01_C___T003_F306,2025-12-15,11,26,13.106604099273682,-5.616607189178467,8.316451072692871,0.9985303152143673,8644,23.525400161743164,26.71300449336881,28.72919,35.011623,36.200558,38.842663,40.52216,33.295708,1.0,29.321831197184018,29.0,31.0,31.0,31.0,31.0,0
Luki2025,BIO_FP_FH__L2A_20251215T045844_20251227T045912_T_G01_M01_C___T003_F306,2025-12-15,12,13,13.095780849456787,-5.617440700531006,29.908430099487305,0.9352000423188375,8174,0.0,14.129812785918888,10.511683,31.606735,34.282757,40.815525,42.995434,26.114206,1.0,22.134292950312076,22.0,25.0,26.0,27.0,28.0,0
Luki2025,BIO_FP_FH__L2A_20251215T045844_20251227T045912_T_G01_M01_C___T003_F306,2025-12-15,12,14,13.09661340713501,-5.617440700531006,21.56623077392578,1.0,8649,1.506600022315979,9.76617995487195,2.3076663,30.702215,34.377773,37.473278,40.120556,21.284014,1.0,17.204692816538596,17.0,23.0,25.0,28.0,28.0,0
Luki2025,BIO_FP_FH__L2A_20251215T045844_20251227T045912_T_G01_M01_C___T003_F306,2025-12-15,12,15,13.097445964813232,-5.617440700531006,18.123830795288086,1.0,8649,0.5738000273704529,11.294719426559428,4.230784,30.403883,33.771423,38.03831,41.012447,25.942392,1.0,15.194435872843064,16.0,20.0,21.0,21.0,21.0,0
Luki2025,BIO_FP_FH__L2A_20251215T045844_20251227T045912_T_G01_M01_C___T003_F306,2025-12-15,12,16,13.098278522491455,-5.617440700531006,14.740630149841309,1.0,8649,1.3691999912261963,28.388252186849634,29.92952,41.716286,44.382908,46.062126,47.43909,37.14777,1.0,18.235580353919364,18.0,23.0,25.0,25.0,25.0,0
Luki2025,BIO_FP_FH__L2A_20251215T045844_20251227T045912_T_G01_M01_C___T003_F306,2025-12-15,12,17,13.099111080169678,-5.617440700531006,12.30643081665039,0.9844754691316373,8532,1.8561999797821045,25.7706798527646,26.619019,35.276848,37.34748,43.17143,48.480225,32.7645,1.0,18.52644295570602,19.0,23.0,23.685478210449254,24.58904266357422,25.0,0
Luki2025,BIO_FP_FH__L2A_20251215T045844_20251227T045912_T_G01_M01_C___T003_F306,2025-12-15,12,18,13.0999436378479,-5.617440700531006,9.872230529785156,1.0,8649,2.3431999683380127,27.783469254935543,28.3791,35.71096,37.963203,41.529213,43.589764,33.172623,1.0,18.923091500739112,19.0,21.563698959350567,22.0,23.0,24.0,0
Luki2025,BIO_FP_FH__L2A_20251215T045844_20251227T045912_T_G01_M01_C___T003_F306,2025-12-15,12,19,13.100776195526123,-5.617440700531006,17.6406307220459,1.0,8649,0.9800000190734863,28.83164441879119,29.201658,41.24509,43.74562,47.55245,50.256668,38.279896,1.0,27.70680051550643,28.89822006225586,32.0,32.0,33.0,33.0,0
Luki2025,BIO_FP_FH__L2A_20251215T045844_20251227T045912_T_G01_M01_C___T003_F306,2025-12-15,12,20,13.101608753204346,-5.617440700531006,24.742250442504883,1.0,8649,0.0,22.47841016663776,22.63688,38.91524,43.34158,46.816765,49.38986,34.00626,1.0,31.319099440383336,31.0,33.0,34.0,34.0,34.0,0
Luki2025,BIO_FP_FH__L2A_20251215T045844_20251227T045912_T_G01_M01_C___T003_F306,2025-12-15,12,21,13.102441310882568,-5.617440700531006,31.256650924682617,1.0,8649,0.0,22.821027674803446,22.51596,43.718655,46.809235,52.1293,57.005386,33.297096,1.0,24.865418601965047,27.0,32.0,33.0,34.0,34.0,0
Luki2025,BIO_FP_FH__L2A_20251215T045844_20251227T045912_T_G01_M01_C___T003_F306,2025-12-15,12,22,13.103273868560791,-5.617440700531006,38.248050689697266,1.0,8649,0.0,23.707522862108338,26.720741,43.575493,46.05549,49.033222,50.836018,37.187668,1.0,21.740720729825675,22.0,26.0,28.0,33.0,33.0,0
Luki2025,BIO_FP_FH__L2A_20251215T045844_20251227T045912_T_G01_M01_C___T003_F306,2025-12-15,12,23,13.104106426239014,-5.617440700531006,38.782249450683594,1.0000000423414195,8649,0.5281999707221985,22.900425109245443,22.91039,35.893227,37.642677,42.791782,47.10647,32.404175,1.0,28.78250858855118,29.0,30.0,32.0,32.0,32.0,0
Luki2025,BIO_FP_FH__L2A_20251215T045844_20251227T045912_T_G01_M01_C___T003_F306,2025-12-15,12,24,13.104938983917236,-5.617440700531006,37.404850006103516,1.0000000141138066,8649,0.9783999919891357,28.34151600543037,31.103872,40.98096,41.934135,42.86406,43.995766,39.373577,1.0,29.373350833906496,29.937578201293945,30.0,31.0,31.0,31.0,0
Luki2025,BIO_FP_FH__L2A_20251215T045844_20251227T045912_T_G01_M01_C___T003_F306,2025-12-15,13,8,13.091618061065674,-5.618274211883545,22.506229400634766,0.9923292638828526,8599,0.03700000047683716,23.13039065457328,24.703577,41.463886,43.656647,46.203815,48.30214,37.63551,1.0,8.659038221674829,2.0,27.0,29.0,30.0,30.0,0
Luki2025,BIO_FP_FH__L2A_20251215T045844_20251227T045912_T_G01_M01_C___T003_F306,2025-12-15,13,9,13.092450618743896,-5.618274211883545,25.653228759765625,0.9999999991178871,8649,2.1923999786376953,25.27494379359591,28.188782,45.039547,46.24189,48.90261,52.272938,40.792015,1.0,5.570937811907957,5.0,8.0,11.0,19.26385498046875,33.0,0
Luki2025,BIO_FP_FH__L2A_20251215T045844_20251227T045912_T_G01_M01_C___T003_F306,2025-12-15,13,10,13.09328317642212,-5.618274211883545,33.307430267333984,1.0,8649,0.0,19.23249707336108,16.162493,39.034027,42.04651,46.66215,49.34229,33.525436,1.0,19.80667586094493,18.333219528198242,28.483675003051758,30.0,30.0,30.0,0
Luki2025,BIO_FP_FH__L2A_20251215T045844_20251227T045912_T_G01_M01_C___T003_F306,2025-12-15,13,11,13.094115734100342,-5.618274211883545,39.56502914428711,1.0,8649,0.0,18.351322904020694,13.648882,41.49835,44.42959,48.620186,52.641685,35.520905,1.0,28.249706480238174,28.80150032043457,31.0,31.0,32.0,32.0,0
Luki2025,BIO_FP_FH__L2A_20251215T045844_20251227T045912_T_G01_M01_C___T003_F306,2025-12-15,13,12,13.094948291778564,-5.618274211883545,33.18482971191406,1.0,8649,0.0,5.729682780343103,1.931872,21.63653,37.578224,43.931194,46.504448,14.992306,1.0,19.068731639768117,17.0,26.0,26.0,29.0,29.0,0
Luki2025,BIO_FP_FH__L2A_20251215T045844_20251227T045912_T_G01_M01_C___T003_F306,2025-12-15,13,13,13.095780849456787,-5.618274211883545,19.85283088684082,1.0,8649,8.655799865722656,1.8500327891952828,0.108205445,5.0447407,10.246574,34.789906,39.148388,1.948406,1.0,17.068497825818387,17.0,19.08658218383789,20.0,21.0,21.0,0
Luki2025,BIO_FP_FH__L2A_20251215T045844_20251227T045912_T_G01_M01_C___T003_F306,2025-12-15,13,14,13.09661340713501,-5.618274211883545,12.93203067779541,1.0,8649,9.244000434875488,5.001884927086946,1.2897438,22.54267,28.186134,34.743084,36.697834,9.357961,1.0,20.481149942065294,20.0,23.0,25.0,26.0,27.0,0
Luki2025,BIO_FP_FH__L2A_20251215T045844_20251227T045912_T_G01_M01_C___T003_F306,2025-12-15,13,15,13.097445964813232,-5.618274211883545,20.781030654907227,1.0,8649,0.47519999742507935,16.18835202227136,16.72216,29.30618,33.182568,38.121056,41.317547,25.40646,1.0,23.24044769691558,25.0,27.0,27.0,27.0,27.0,0
Luki2025,BIO_FP_FH__L2A_20251215T045844_20251227T045912_T_G01_M01_C___T003_F306,2025-12-15,13,18,13.0999436378479,-5.618274211883545,5.462830543518066,0.9732850059661883,8450,4.541999816894531,22.46452482208434,21.752644,34.19212,35.793476,38.711384,43.288284,31.168308,1.0,24.250005037967338,25.0,28.0,29.0,29.0,29.0,0
Luki2025,BIO_FP_FH__L2A_20251215T045844_20251227T045912_T_G01_M01_C___T003_F306,2025-12-15,13,19,13.100776195526123,-5.618274211883545,12.913030624389648,1.0000000070569033,8649,2.7720000743865967,23.909984909024203,22.642738,37.7401,40.213295,45.198906,50.4228,33.454266,1.0,24.849750781668476,25.0,27.0,28.0,28.0,30.0,0
Luki2025,BIO_FP_FH__L2A_20251215T045844_20251227T045912_T_G01_M01_C___T003_F306,2025-12-15,13,20,13.101608753204346,-5.618274211883545,22.775850296020508,1.000000028227613,8649,0.4205999970436096,30.397880219232572,31.94279,42.53858,45.198673,47.134007,49.991894,39.228687,1.0,30.822243098923753,31.0,32.0,33.0,34.0,34.0,0
Luki2025,BIO_FP_FH__L2A_20251215T045844_20251227T045912_T_G01_M01_C___T003_F306,2025-12-15,13,21,13.102441310882568,-5.618274211883545,29.649450302124023,0.999999971772387,8649,0.32420000433921814,25.607732198304745,26.158718,44.300896,48.49505,54.694824,57.505318,36.432323,1.0,29.316941880203974,30.0,32.0,32.0,33.090274810791016,35.0,0
Luki2025,BIO_FP_FH__L2A_20251215T045844_20251227T045912_T_G01_M01_C___T003_F306,2025-12-15,13,22,13.103273868560791,-5.618274211883545,36.90705108642578,1.0,8649,0.428600013256073,25.42603642762169,25.033413,41.23899,44.602993,49.600266,51.4448,35.722595,1.0,26.329610980498416,26.0,29.0,33.0,35.0,35.0,0
Luki2025,BIO_FP_FH__L2A_20251215T045844_20251227T045912_T_G01_M01_C___T003_F306,2025-12-15,13,23,13.104106426239014,-5.618274211883545,38.767852783203125,0.9999999647154837,8649,0.7929999828338623,25.34261682162133,24.66096,43.485687,46.719395,50.558475,53.989845,37.38818,1.0,27.423148063362397,28.0,29.0,30.0,31.0,32.0,0
Luki2025,BIO_FP_FH__L2A_20251215T045844_20251227T045912_T_G01_M01_C___T003_F306,2025-12-15,13,24,13.104938983917236,-5.618274211883545,36.49164962768555,1.0,8649,0.694599986076355,26.233628210269973,25.753622,40.298664,46.321125,51.079884,53.166416,36.83698,1.0,29.200820143725338,29.207538604736328,31.0,32.0,32.0,32.0,0
Luki2025,BIO_FP_FH__L2A_20251215T045844_20251227T045912_T_G01_M01_C___T003_F306,2025-12-15,14,2,13.086622714996338,-5.619107723236084,31.180265426635742,0.9041054202705632,7903,0.5644000172615051,2.4121630154063767,1.6622425,4.019522,5.9930477,34.29148,36.021618,3.075255,1.0,7.7096907386808455,8.389925956726074,10.0,10.0,10.0,11.0,0
Luki2025,BIO_FP_FH__L2A_20251215T045844_20251227T045912_T_G01_M01_C___T003_F306,2025-12-15,14,3,13.08745527267456,-5.619107723236084,24.339466094970703,1.0000000050721491,8649,0.3937999904155731,5.692207660399218,2.621436,11.491643,23.576424,47.248013,49.135242,7.81563,1.0,10.988244240897862,11.738285064697266,16.0,16.0,19.0,19.0,0
Luki2025,BIO_FP_FH__L2A_20251215T045844_20251227T045912_T_G01_M01_C___T003_F306,2025-12-15,14,4,13.088287830352783,-5.619107723236084,17.285829544067383,0.9999999955894354,8649,0.1728000044822693,21.586477854079476,13.998427,45.404408,46.96791,50.789463,54.00211,38.21492,1.0,15.48455125509018,19.0,25.0,26.11726951599121,27.0,27.0,0
Luki2025,BIO_FP_FH__L2A_20251215T045844_20251227T045912_T_G01_M01_C___T003_F306,2025-12-15,14,5,13.089120388031006,-5.619107723236084,12.990429878234863,0.9999999889735887,8649,0.0,29.79809223154862,32.861183,48.52552,51.52378,55.364216,58.533375,43.059605,1.0,19.064285938857484,12.062545776367188,31.0,33.0,34.0505485534668,36.0,0
Luki2025,BIO_FP_FH__L2A_20251215T045844_20251227T045912_T_G01_M01_C___T003_F306,2025-12-15,14,6,13.089952945709229,-5.619107723236084,15.219829559326172,1.0000000026463387,8649,0.0,28.99698261725335,31.01912,45.264225,48.527737,53.964783,57.06792,40.958042,1.0,30.9972016862368,31.0,34.0,34.0,35.0,36.0,0
Luki2025,BIO_FP_FH__L2A_20251215T045844_20251227T045912_T_G01_M01_C___T003_F306,2025-12-15,14,7,13.090785503387451,-5.619107723236084,16.031028747558594,0.9999999973536613,8649,3.0178000926971436,20.014675405494625,17.92979,39.932518,45.254158,56.809616,60.19251,33.05152,1.0,27.286893124359302,28.0,30.0,30.0,31.0,31.0,0
Luki2025,BIO_FP_FH__L2A_20251215T045844_20251227T045912_T_G01_M01_C___T003_F306,2025-12-15,14,8,13.091618061065674,-5.619107723236084,12.7952299118042,0.9999999929430967,8649,15.300600051879883,22.92386128485109,20.98379,37.74961,42.48692,45.98202,47.306282,33.16313,1.0,25.117683119437007,26.0,28.0,29.0,30.0,30.0,0
Luki2025,BIO_FP_FH__L2A_20251215T045844_20251227T045912_T_G01_M01_C___T003_F306,2025-12-15,14,9,13.092450618743896,-5.619107723236084,17.359628677368164,0.9999999982357742,8649,15.399999618530273,18.647517425624468,14.44768,42.124123,44.698013,47.841496,54.842804,35.724567,1.0,15.369885309898367,11.0,30.0,30.0,30.404407501220703,31.0,0
Luki2025,BIO_FP_FH__L2A_20251215T045844_20251227T045912_T_G01_M01_C___T003_F306,2025-12-15,14,10,13.09328317642212,-5.619107723236084,31.71323013305664,1.0,8649,0.0,21.656963481146665,19.92581,39.58026,42.84679,45.831352,47.35595,35.096138,1.0,21.013021292252574,21.0,28.0,28.777257919311523,30.0,30.0,0
Luki2025,BIO_FP_FH__L2A_20251215T045844_20251227T045912_T_G01_M01_C___T003_F306,2025-12-15,14,11,13.094115734100342,-5.619107723236084,33.22502899169922,1.0,8649,0.0,19.87464455789687,20.345415,37.91071,40.00741,43.205086,44.824596,33.506943,1.0,25.51128774081259,25.0,30.0,30.0,30.0,30.0,0
Luki2025,BIO_FP_FH__L2A_20251215T045844_20251227T045912_T_G01_M01_C___T003_F306,2025-12-15,14,12,13.094948291778564,-5.619107723236084,26.83983039855957,1.0,8649,2.8643999099731445,3.0779552955905305,2.112072,6.455985,9.580069,24.65833,29.23252,5.045125,1.0,18.013475343331752,18.0,21.0,22.0,23.0,23.0,0
Luki2025,BIO_FP_FH__L2A_20251215T045844_20251227T045912_T_G01_M01_C___T003_F306,2025-12-15,14,13,13.095780849456787,-5.619107723236084,12.081830978393555,1.0,8649,13.600600242614746,3.234307818281015,2.5865238,5.6091013,9.54639,16.177557,24.718317,4.3439803,1.0,19.01123067384125,19.0,21.0,22.0,22.0,22.0,0
Luki2025,BIO_FP_FH__L2A_20251215T045844_20251227T045912_T_G01_M01_C___T003_F306,2025-12-15,14,14,13.09661340713501,-5.619107723236084,14.91023063659668,1.0,8649,10.324199676513672,4.941045501105619,1.5084021,18.950832,27.358168,31.33074,34.18618,9.3825655,1.0,20.349877696104002,20.0,22.0,23.0,24.0,26.0,0
Luki2025,BIO_FP_FH__L2A_20251215T045844_20251227T045912_T_G01_M01_C___T003_F306,2025-12-15,14,15,13.097445964813232,-5.619107723236084,24.8646297454834,1.0,8649,0.10260000079870224,20.200687489160597,23.649643,33.586502,34.931404,36.44033,38.120964,31.566578,1.0,25.911121336652137,26.0,27.295997619628906,28.0,29.0,29.0,0
Luki2025,BIO_FP_FH__L2A_20251215T045844_20251227T045912_T_G01_M01_C___T003_F306,2025-12-15,14,18,13.0999436378479,-5.619107723236084,10.912830352783203,0.9999999788292903,8649,2.033799886703491,26.38490890239867,25.525476,40.263107,45.36193,54.315742,57.906895,34.554317,1.0,29.097768190568935,29.0,31.0,31.00598411560059,32.0,32.0,0
Luki2025,BIO_FP_FH__L2A_20251215T045844_20251227T045912_T_G01_M01_C___T003_F306,2025-12-15,14,19,13.100776195526123,-5.619107723236084,16.196029663085938,1.0000000141138066,8649,0.7008000016212463,28.99455391967288,28.923376,48.703213,50.911766,54.115646,59.338528,43.2495,1.0,30.887111647278743,32.0,33.0,33.0,34.0,34.0,0
Luki2025,BIO_FP_FH__L2A_20251215T045844_20251227T045912_T_G01_M01_C___T003_F306,2025-12-15,14,20,13.101608753204346,-5.619107723236084,23.04665184020996,1.0,8649,0.34700000286102295,24.342916720863684,23.498991,44.09161,46.81699,49.617653,52.040684,39.337082,1.0,32.36017129522953,32.0,33.0,34.0,34.0,34.0,0
Luki2025,BIO_FP_FH__L2A_20251215T045844_20251227T045912_T_G01_M01_C___T003_F306,2025-12-15,14,21,13.102441310882568,-5.619107723236084,28.618051528930664,1.0,8649,0.8416000008583069,21.04368866704243,19.361437,35.89752,40.623806,45.91772,49.080658,31.566175,1.0,30.39496282770918,30.0,33.0,33.0,33.0,33.0,0
Luki2025,BIO_FP_FH__L2A_20251215T045844_20251227T045912_T_G01_M01_C___T003_F306,2025-12-15,14,22,13.103273868560791,-5.619107723236084,34.28285217285156,1.0,8649,0.9585999846458435,24.436926866545264,24.735079,38.529346,41.461143,47.046318,50.01264,31.843817,1.0,29.482758305364708,30.0,31.0,31.310508728027344,32.0,32.0,0
Luki2025,BIO_FP_FH__L2A_20251215T045844_20251227T045912_T_G01_M01_C___T003_F306,2025-12-15,14,23,13.104106426239014,-5.619107723236084,38.69585037231445,0.9994120752760435,8649,1.027400016784668,27.301682711454013,26.4059,43.153454,50.600304,56.957756,79.75583,37.01002,1.0,29.0312905403655,29.0,30.0,32.0,32.0,32.0,0
Luki2025,BIO_FP_FH__L2A_20251215T045844_20251227T045912_T_G01_M01_C___T003_F306,2025-12-15,14,24,13.104938983917236,-5.619107723236084,34.59524917602539,1.0,8649,0.459199994802475,25.27020645450341,24.466278,44.40282,47.076363,52.109848,55.660294,39.71881,1.0,29.313023887516955,29.0,31.0,32.0,32.0,32.0,0
Luki2025,BIO_FP_FH__L2A_20251215T045844_20251227T045912_T_G01_M01_C___T003_F306,2025-12-15,14,25,13.105771541595459,-5.619107723236084,31.14065170288086,1.0,8649,0.0,16.73180583557348,14.6002035,31.742956,34.90798,41.440765,45.343452,27.968382,1.0,28.293926581714537,28.0,30.0,31.0,31.0,31.0,0
Luki2025,BIO_FP_FH__L2A_20251215T045844_20251227T045912_T_G01_M01_C___T003_F306,2025-12-15,15,2,13.086622714996338,-5.619941234588623,34.06006622314453,1.0000000022052822,8649,0.7621999979019165,0.5794160909287381,0.093679495,1.2580441,4.296666,7.7347336,13.320959,0.41230825,1.0,8.095651079290988,8.0,11.62492847442627,13.0,13.772597312927246,14.0,0
Luki2025,BIO_FP_FH__L2A_20251215T045844_20251227T045912_T_G01_M01_C___T003_F306,2025-12-15,15,3,13.08745527267456,-5.619941234588623,26.783466339111328,1.0000000052926774,8649,0.48899999260902405,8.544310190330378,3.7015443,32.564034,38.257122,44.28683,46.392796,16.428282,1.0,12.847129631792276,13.0,18.0,19.0,19.0,19.0,0
Luki2025,BIO_FP_FH__L2A_20251215T045844_20251227T045912_T_G01_M01_C___T003_F306,2025-12-15,15,4,13.088287830352783,-5.619941234588623,19.566829681396484,1.0,8649,0.2533999979496002,7.115736212561153,2.0773847,28.88419,37.572453,44.642803,49.54837,13.907437,1.0,20.84279490217389,22.880826950073242,24.0,24.0,28.0,29.0,0
Luki2025,BIO_FP_FH__L2A_20251215T045844_20251227T045912_T_G01_M01_C___T003_F306,2025-12-15,15,5,13.089120388031006,-5.619941234588623,12.357629776000977,1.0,8649,0.02239999920129776,20.27671572795175,19.797789,37.658092,42.22759,45.866188,48.287052,30.797728,1.0,23.369457818466966,24.0,26.0,28.0,29.0,30.0,0
Luki2025,BIO_FP_FH__L2A_20251215T045844_20251227T045912_T_G01_M01_C___T003_F306,2025-12-15,15,6,13.089952945709229,-5.619941234588623,13.092229843139648,0.9999999982357742,8649,1.2275999784469604,21.27040656935029,20.533554,40.245125,43.75309,47.262028,50.251503,35.53062,1.0,26.89905570038262,27.0,29.0,30.0,31.0,32.0,0
Luki2025,BIO_FP_FH__L2A_20251215T045844_20251227T045912_T_G01_M01_C___T003_F306,2025-12-15,15,7,13.090785503387451,-5.619941234588623,8.810429573059082,0.9999999894146451,8649,15.081600189208984,27.20987208272424,29.813118,40.738216,42.127644,44.329784,47.479053,38.071686,1.0,23.935924721888853,25.0,27.0,28.0,30.0,31.0,0
Luki2025,BIO_FP_FH__L2A_20251215T045844_20251227T045912_T_G01_M01_C___T003_F306,2025-12-15,15,8,13.091618061065674,-5.619941234588623,4.528629302978516,1.0000000123495807,8649,28.935800552368164,21.72781440858412,19.079857,39.02505,40.885086,43.930195,45.731346,33.461945,1.0,26.67956892924993,26.995481491088867,29.0,29.0,29.0,30.0,0
Luki2025,BIO_FP_FH__L2A_20251215T045844_20251227T045912_T_G01_M01_C___T003_F306,2025-12-15,15,9,13.092450618743896,-5.619941234588623,14.177029609680176,1.0000000035284515,8649,19.393199920654297,25.36812315586138,27.739496,45.213932,48.995358,53.593338,56.298885,40.773487,1.0,28.336169656900633,29.124523162841797,31.9909610748291,32.0,33.0,33.0,0
Luki2025,BIO_FP_FH__L2A_20251215T045844_20251227T045912_T_G01_M01_C___T003_F306,2025-12-15,15,10,13.09328317642212,-5.619941234588623,29.59842872619629,1.0,8649,0.0,14.682407964432304,8.61096,41.614265,44.173363,47.020134,49.47296,28.079523,1.0,22.161643776401288,22.0,26.0,27.0,27.032474517822266,30.0,0
Luki2025,BIO_FP_FH__L2A_20251215T045844_20251227T045912_T_G01_M01_C___T003_F306,2025-12-15,15,11,13.094115734100342,-5.619941234588623,29.680429458618164,1.0,8649,0.0,17.00978301320962,10.162982,40.572548,43.218147,45.73965,49.85527,30.72057,1.0,21.617937256937317,22.0,24.0,25.0,30.0,30.0,0
Luki2025,BIO_FP_FH__L2A_20251215T045844_20251227T045912_T_G01_M01_C___T003_F306,2025-12-15,15,12,13.094948291778564,-5.619941234588623,20.21803092956543,1.0,8649,7.442399978637695,15.062769517249103,12.145618,28.938404,34.789524,43.896935,47.33302,23.849232,1.0,26.385730954894772,27.0,29.0,29.0,31.0,31.0,0
Luki2025,BIO_FP_FH__L2A_20251215T045844_20251227T045912_T_G01_M01_C___T003_F306,2025-12-15,15,13,13.095780849456787,-5.619941234588623,5.766430377960205,1.0,8649,18.099599838256836,10.56342710772199,8.907703,22.531862,29.450413,37.817062,44.115036,18.675875,1.0,22.599775759357016,23.0,26.0,27.0,30.24985694885254,31.0,0
Luki2025,BIO_FP_FH__L2A_20251215T045844_20251227T045912_T_G01_M01_C___T003_F306,2025-12-15,15,14,13.09661340713501,-5.619941234588623,21.98603057861328,1.0,8649,8.213800430297852,11.350388570029772,5.839282,32.247982,36.893677,45.609447,49.504974,26.7244,1.0,22.754349521659456,23.0,24.0,24.0,27.0,28.0,0
Luki2025,BIO_FP_FH__L2A_20251215T045844_20251227T045912_T_G01_M01_C___T003_F306,2025-12-15,15,15,13.097445964813232,-5.619941234588623,32.44083023071289,1.0,8649,0.6248000264167786,23.439495805150884,25.797438,36.336613,37.71444,41.013046,41.984016,34.52936,1.0,22.66430817770674,22.0,28.0,28.0,29.0,29.0,0
Luki2025,BIO_FP_FH__L2A_20251215T045844_20251227T045912_T_G01_M01_C___T003_F306,2025-12-15,15,16,13.098278522491455,-5.619941234588623,27.2474308013916,1.0,8649,0.4528000056743622,10.635784980561336,4.2556086,32.05194,33.47449,36.283638,38.338234,28.039133,1.0,19.328603961065554,20.0,24.0,24.0,26.0,27.0,0
Luki2025,BIO_FP_FH__L2A_20251215T045844_20251227T045912_T_G01_M01_C___T003_F306,2025-12-15,15,17,13.099111080169678,-5.619941234588623,22.054031372070312,1.0,8649,0.2808000147342682,25.199743896512604,26.089184,36.889847,39.026787,42.887886,46.30164,34.178036,1.0,27.610374039839506,28.0,30.694951629638652,31.0,32.0,32.0,0
Luki2025,BIO_FP_FH__L2A_20251215T045844_20251227T045912_T_G01_M01_C___T003_F306,2025-12-15,15,18,13.0999436378479,-5.619941234588623,16.86063003540039,1.0,8649,0.1088000014424324,29.531736644048443,31.019436,45.422565,48.32033,53.204746,56.635574,42.825565,1.0,32.04201742849924,32.0,34.0,34.0,34.0,34.0,0
Luki2025,BIO_FP_FH__L2A_20251215T045844_20251227T045912_T_G01_M01_C___T003_F306,2025-12-15,15,19,13.100776195526123,-5.619941234588623,17.01403045654297,1.0,8649,0.2093999981880188,23.247069070485026,20.874886,45.534504,49.359577,53.562332,57.647755,38.47739,1.0,33.03722566107764,33.0,35.0,35.0,36.0,36.0,0
Luki2025,BIO_FP_FH__L2A_20251215T045844_20251227T045912_T_G01_M01_C___T003_F306,2025-12-15,15,20,13.101608753204346,-5.619941234588623,22.630050659179688,1.0,8649,0.605400025844574,29.399080863755927,29.798424,49.97532,54.348167,62.6283,65.62825,43.811737,1.0,32.96896973388404,33.0,35.0,35.0,36.0,36.0,0
Luki2025,BIO_FP_FH__L2A_20251215T045844_20251227T045912_T_G01_M01_C___T003_F306,2025-12-15,15,21,13.102441310882568,-5.619941234588623,28.246051788330078,1.0,8649,1.0016000270843506,29.04584570831888,29.25476,43.527866,46.59807,52.91175,65.11471,39.3987,1.0,32.00498380516565,32.0,33.0,33.0,33.0,33.0,0
Luki2025,BIO_FP_FH__L2A_20251215T045844_20251227T045912_T_G01_M01_C___T003_F306,2025-12-15,15,22,13.103273868560791,-5.619941234588623,33.49925231933594,1.0,8649,1.042199969291687,29.283195672910164,29.432005,44.74646,48.867584,51.827873,54.372414,40.555836,1.0,32.04532961559263,32.0,33.0,33.99815368652344,34.0,34.0,0
Luki2025,BIO_FP_FH__L2A_20251215T045844_20251227T045912_T_G01_M01_C___T003_F306,2025-12-15,15,23,13.104106426239014,-5.619941234588623,32.404449462890625,1.0,8649,0.7062000036239624,28.618842541406522,28.20124,41.628887,43.83579,46.713787,50.043285,36.996517,1.0,29.70092561134976,30.0,31.0,31.0,32.0,32.0,0
Luki2025,BIO_FP_FH__L2A_20251215T045844_20251227T045912_T_G01_M01_C___T003_F306,2025-12-15,15,24,13.104938983917236,-5.619941234588623,28.880050659179688,1.0,8649,0.21559999883174896,28.754081487021622,29.416374,46.287643,48.3631,54.252182,57.15536,38.441116,1.0,27.88001464736132,28.0,30.0,30.0,31.0,31.0,0
Luki2025,BIO_FP_FH__L2A_20251215T045844_20251227T045912_T_G01_M01_C___T003_F306,2025-12-15,15,25,13.105771541595459,-5.619941234588623,26.961650848388672,1.0,8649,0.0,17.84299485489652,15.874915,37.11945,44.138893,47.082367,49.03215,29.204262,1.0,27.20772827753567,27.0,28.812463760375977,29.0,31.0,33.0,0
Luki2025,BIO_FP_FH__L2A_20251215T045844_20251227T045912_T_G01_M01_C___T003_F306,2025-12-15,15,26,13.106604099273682,-5.619941234588623,26.23365020751953,0.9999999929430967,8649,0.16359999775886536,17.92230712186563,16.678455,31.978952,39.376854,44.473362,46.864708,25.798079,1.0,14.71876416570645,15.0,29.0,32.0,32.0,33.0,0
Luki2025,BIO_FP_FH__L2A_20251215T045844_20251227T045912_T_G01_M01_C___T003_F306,2025-12-15,16,2,13.086622714996338,-5.620774745941162,36.288265228271484,1.0000000017642259,8649,0.8095999956130981,3.1496559490624962,0.35012794,9.236749,12.930029,24.41551,28.673393,6.0648184,1.0,11.226524002497728,11.0,15.0,16.0,19.0,19.0,0
Luki2025,BIO_FP_FH__L2A_20251215T045844_20251227T045912_T_G01_M01_C___T003_F306,2025-12-15,16,3,13.08745527267456,-5.620774745941162,29.079065322875977,1.0,8649,0.5785999894142151,6.561943097422751,3.884059,14.368464,27.145658,36.436363,39.93903,10.213654,1.0,12.422578655511524,12.0,17.0,17.0,18.0,18.0,0
Luki2025,BIO_FP_FH__L2A_20251215T045844_20251227T045912_T_G01_M01_C___T003_F306,2025-12-15,16,4,13.088287830352783,-5.620774745941162,21.526630401611328,0.9999999964715484,8649,0.352400004863739,8.506037718844583,3.1427286,29.275742,45.110916,49.376743,51.425323,16.337784,1.0,20.619073422992418,21.0,24.0,25.0,25.0,25.0,0
Luki2025,BIO_FP_FH__L2A_20251215T045844_20251227T045912_T_G01_M01_C___T003_F306,2025-12-15,16,5,13.089120388031006,-5.620774745941162,13.605029106140137,1.0000000123495807,8649,0.13099999725818634,15.401956926176771,10.480487,36.474667,38.718746,42.563908,46.665936,28.185461,1.0,25.995154703100344,25.0,29.0,29.932930755615295,30.0,30.0,0
Luki2025,BIO_FP_FH__L2A_20251215T045844_20251227T045912_T_G01_M01_C___T003_F306,2025-12-15,16,6,13.089952945709229,-5.620774745941162,10.082829475402832,1.0000000052926774,8649,5.498600006103516,26.85500273933987,27.584549,45.458797,48.313396,51.99967,58.297634,39.50338,1.0,27.3766021481524,28.0,29.452735900878906,30.0,30.0,30.0,0
Luki2025,BIO_FP_FH__L2A_20251215T045844_20251227T045912_T_G01_M01_C___T003_F306,2025-12-15,16,7,13.090785503387451,-5.620774745941162,7.552229404449463,1.0000000017642259,8649,16.112199783325195,27.833423499680098,30.370548,43.381374,46.426815,54.221066,58.12114,39.14477,1.0,25.177586469144156,25.0,29.29680747985839,31.0,32.10834884643555,33.0,0
Luki2025,BIO_FP_FH__L2A_20251215T045844_20251227T045912_T_G01_M01_C___T003_F306,2025-12-15,16,8,13.091618061065674,-5.620774745941162,11.150629043579102,1.0,8649,18.314800262451172,24.585636367824314,27.08888,42.803486,45.99506,50.599052,53.083366,38.820076,1.0,30.249501126338213,31.0,33.0,33.3321533203125,34.0,34.0,0
Luki2025,BIO_FP_FH__L2A_20251215T045844_20251227T045912_T_G01_M01_C___T003_F306,2025-12-15,16,9,13.092450618743896,-5.620774745941162,16.331628799438477,1.0000000035284515,8649,14.899800300598145,18.238642612002923,10.286899,41.540497,42.792088,46.234127,49.377037,38.105125,1.0,26.487309585431916,27.0,34.0,34.25285720825195,35.0,35.0,0
Luki2025,BIO_FP_FH__L2A_20251215T045844_20251227T045912_T_G01_M01_C___T003_F306,2025-12-15,16,10,13.09328317642212,-5.620774745941162,24.754228591918945,1.0,8649,4.786200046539307,10.378080535863973,4.368952,32.8821,37.552746,42.15304,43.70714,20.920462,1.0,17.484041411913342,17.0,22.0,22.0,24.0,24.0,0
Luki2025,BIO_FP_FH__L2A_20251215T045844_20251227T045912_T_G01_M01_C___T003_F306,2025-12-15,16,11,13.094115734100342,-5.620774745941162,25.158430099487305,1.0,8649,2.7269999980926514,20.623916511301886,17.107231,41.897686,45.594788,51.570374,55.619022,35.624363,1.0,24.984300187342786,25.0,29.0,30.0,30.0,30.0,0
Luki2025,BIO_FP_FH__L2A_20251215T045844_20251227T045912_T_G01_M01_C___T003_F306,2025-12-15,16,12,13.094948291778564,-5.620774745941162,13.01123046875,1.0,8649,12.355400085449219,19.814641572544513,19.01287,40.471977,44.633976,48.17168,52.18164,29.960169,1.0,29.002834995766847,29.0,31.644790649414062,33.0,33.0,33.0,0
Luki2025,BIO_FP_FH__L2A_20251215T045844_20251227T045912_T_G01_M01_C___T003_F306,2025-12-15,16,13,13.095780849456787,-5.620774745941162,13.676430702209473,0.999999971772387,8649,10.269599914550781,5.630519221833563,3.265996,12.624768,16.607075,25.180414,33.83957,11.152375,1.0,24.38860105500633,24.0,29.0,29.0,31.0,31.0,0
Luki2025,BIO_FP_FH__L2A_20251215T045844_20251227T045912_T_G01_M01_C___T003_F306,2025-12-15,16,14,13.09661340713501,-5.620774745941162,29.198030471801758,1.0000000141138066,8649,0.3449999988079071,5.665140489039719,2.720422,17.843334,23.59225,31.939714,37.788532,9.806205,1.0,21.97255151166242,22.0,24.0,24.0,24.0,24.0,0
Luki2025,BIO_FP_FH__L2A_20251215T045844_20251227T045912_T_G01_M01_C___T003_F306,2025-12-15,16,15,13.097445964813232,-5.620774745941162,37.91162872314453,1.0000001340811617,8649,0.9801999926567078,14.317645441962677,15.111058,23.698624,28.31279,33.94679,37.237923,20.143908,1.0,19.248488131693048,18.0,23.0,24.0,24.0,24.0,0
Luki2025,BIO_FP_FH__L2A_20251215T045844_20251227T045912_T_G01_M01_C___T003_F306,2025-12-15,16,16,13.098278522491455,-5.620774745941162,31.59963035583496,1.0,8649,0.6890000104904175,4.731125211368366,1.4014783,14.553983,18.428886,30.309761,35.85551,10.851137,0.969978463651128,12.761806795899926,13.0,19.0,20.0,20.0,20.0,0
Luki2025,BIO_FP_FH__L2A_20251215T045844_20251227T045912_T_G01_M01_C___T003_F306,2025-12-15,16,17,13.099111080169678,-5.620774745941162,25.190031051635742,1.0,8649,0.4092000126838684,23.069409668025205,25.086407,35.729374,37.69512,43.678516,49.03542,32.239307,1.0,26.1972647858901,27.0,30.0,30.143291473388672,31.0,31.0,0
Luki2025,BIO_FP_FH__L2A_20251215T045844_20251227T045912_T_G01_M01_C___T003_F306,2025-12-15,16,18,13.0999436378479,-5.620774745941162,18.78042984008789,1.0000000141138066,8649,0.12939999997615814,21.471333765563948,20.851099,35.520504,37.850403,40.697598,43.918453,31.910631,1.0,31.159318565812356,31.0,33.0,34.0,34.0,34.0,0
Luki2025,BIO_FP_FH__L2A_20251215T045844_20251227T045912_T_G01_M01_C___T003_F306,2025-12-15,16,19,13.100776195526123,-5.620774745941162,18.265029907226562,1.0,8649,0.20080000162124634,28.821786433041392,30.778423,45.134224,47.88248,53.577736,59.428246,42.134926,1.0,31.328011574614514,31.485549926757812,34.0,34.0,34.0,34.0,0
Luki2025,BIO_FP_FH__L2A_20251215T045844_20251227T045912_T_G01_M01_C___T003_F306,2025-12-15,16,20,13.101608753204346,-5.620774745941162,22.8210506439209,1.0,8649,0.5741999745368958,27.921533107151117,25.513624,48.80379,51.928467,57.10124,60.12828,43.813786,1.0,31.315027952332045,32.0,33.0,34.0,34.0,34.0,0
Luki2025,BIO_FP_FH__L2A_20251215T045844_20251227T045912_T_G01_M01_C___T003_F306,2025-12-15,16,21,13.102441310882568,-5.620774745941162,27.96525001525879,1.0,8649,0.9602000117301941,35.118796022300266,36.622387,47.71425,51.197067,56.353077,59.579678,44.85004,1.0,32.4180108896362,32.0,33.0,33.0,34.0,34.0,0
Luki2025,BIO_FP_FH__L2A_20251215T045844_20251227T045912_T_G01_M01_C___T003_F306,2025-12-15,16,22,13.103273868560791,-5.620774745941162,29.047651290893555,1.0,8649,0.8064000010490417,29.48313614651983,30.612783,38.582115,41.402103,47.002575,50.07199,36.140144,1.0,30.101279042059044,30.0,32.0,33.0,33.0,33.0,0
Luki2025,BIO_FP_FH__L2A_20251215T045844_20251227T045912_T_G01_M01_C___T003_F306,2025-12-15,16,23,13.104106426239014,-5.620774745941162,26.027250289916992,1.0,8649,0.3792000114917755,28.612465359073305,29.599228,40.26183,44.458694,49.18428,50.605526,36.715813,1.0,30.646687371232687,31.0,32.0,32.0,32.0,32.0,0
Luki2025,BIO_FP_FH__L2A_20251215T045844_20251227T045912_T_G01_M01_C___T003_F306,2025-12-15,16,24,13.104938983917236,-5.620774745941162,23.958650588989258,1.0,8649,0.02239999920129776,25.06042877066713,24.738604,40.877068,42.89164,46.146553,50.38054,34.93778,1.0,29.886159557678173,30.0,33.0,33.5902099609375,34.0,34.0,0
Luki2025,BIO_FP_FH__L2A_20251215T045844_20251227T045912_T_G01_M01_C___T003_F306,2025-12-15,16,25,13.105771541595459,-5.620774745941162,23.839651107788086,1.0,8649,0.0,27.133242463001505,26.476288,44.479046,46.134846,48.213703,49.98153,37.17878,1.0,29.601286680715763,29.0,32.83232498168945,33.0,34.0,34.0,0
Luki2025,BIO_FP_FH__L2A_20251215T045844_20251227T045912_T_G01_M01_C___T003_F306,2025-12-15,16,26,13.106604099273682,-5.620774745941162,23.59545135498047,0.9999999647154837,8649,0.0,25.169187038576865,25.016832,38.89769,44.33025,48.706234,53.104214,32.681732,1.0,24.874861543558143,30.0,32.0,33.20040512084961,34.0,34.0,0
Luki2025,BIO_FP_FH__L2A_20251215T045844_20251227T045912_T_G01_M01_C___T003_F306,2025-12-15,16,27,13.107436656951904,-5.620774745941162,22.519851684570312,1.00000000187449,8649,0.0,29.430139781305716,29.663445,43.3968,46.583317,51.048992,53.16016,39.39839,1.0,18.849586183686576,31.0,32.0,33.0,33.0,33.0,0
Luki2025,BIO_FP_FH__L2A_20251215T045844_20251227T045912_T_G01_M01_C___T003_F306,2025-12-15,17,3,13.08745527267456,-5.621608257293701,27.78766632080078,1.0,8649,0.7218000292778015,5.451796283913783,2.531227,15.72977,29.988783,40.03946,43.779232,7.8492975,1.0,13.025358834477819,12.0,19.0,20.0,21.0,21.0,0
Luki2025,BIO_FP_FH__L2A_20251215T045844_20251227T045912_T_G01_M01_C___T003_F306,2025-12-15,17,4,13.088287830352783,-5.621608257293701,20.16762924194336,1.0,8649,0.4957999885082245,14.680422038945977,6.583272,37.519646,42.53671,55.25698,58.021656,27.520935,1.0,19.97875740553192,20.0,22.896434783935547,23.0,24.0,25.0,0
Luki2025,BIO_FP_FH__L2A_20251215T045844_20251227T045912_T_G01_M01_C___T003_F306,2025-12-15,17,5,13.089120388031006,-5.621608257293701,15.579429626464844,1.0,8649,0.22419999539852142,23.303036805645885,23.580069,41.75261,44.652477,53.246006,56.87362,34.7329,1.0,24.580723441092317,25.0,29.0,30.0,30.0,30.0,0
Luki2025,BIO_FP_FH__L2A_20251215T045844_20251227T045912_T_G01_M01_C___T003_F306,2025-12-15,17,6,13.089952945709229,-5.621608257293701,11.350829124450684,1.0,8649,1.8544000387191772,26.876262621130333,29.728813,42.7713,43.965,46.70887,49.079243,38.621357,1.0,21.010125686066843,22.0,28.0,29.0,30.0,30.0,0
Luki2025,BIO_FP_FH__L2A_20251215T045844_20251227T045912_T_G01_M01_C___T003_F306,2025-12-15,17,7,13.090785503387451,-5.621608257293701,14.117429733276367,1.0,8649,5.198400020599365,26.257244108784253,28.315187,40.37084,42.479973,46.817303,49.90396,36.13302,1.0,15.453545355413647,15.0,24.0,24.0,30.0,31.0,0
Luki2025,BIO_FP_FH__L2A_20251215T045844_20251227T045912_T_G01_M01_C___T003_F306,2025-12-15,17,8,13.091618061065674,-5.621608257293701,21.80722999572754,1.0,8649,1.7868000268936157,21.188030227482948,21.504957,39.26469,41.546024,47.815002,51.833385,35.891727,1.0,26.99372322835844,27.0,32.0,32.0,33.0,33.0,0
Luki2025,BIO_FP_FH__L2A_20251215T045844_20251227T045912_T_G01_M01_C___T003_F306,2025-12-15,17,9,13.092450618743896,-5.621608257293701,26.209428787231445,1.0,8649,0.0,17.22856688634524,12.656686,38.533848,44.95579,50.76169,52.299786,31.09353,1.0,20.444862985186447,19.492462158203125,27.0,29.05480194091797,31.0,31.0,0
Luki2025,BIO_FP_FH__L2A_20251215T045844_20251227T045912_T_G01_M01_C___T003_F306,2025-12-15,17,10,13.09328317642212,-5.621608257293701,26.737628936767578,1.0000000070569033,8649,0.0,8.977174072567843,2.276172,29.856464,35.265156,41.55449,44.143394,21.409117,1.0,12.942146583435397,12.0,17.0,17.0,19.0,19.0,0
Luki2025,BIO_FP_FH__L2A_20251215T045844_20251227T045912_T_G01_M01_C___T003_F306,2025-12-15,17,11,13.094115734100342,-5.621608257293701,25.522829055786133,1.000000028227613,8649,0.8393999934196472,12.937338398684254,3.510826,38.19474,39.862766,42.464455,45.870495,29.088896,1.0,21.8039303722375,21.0,26.0,27.0,28.0,28.0,0
Luki2025,BIO_FP_FH__L2A_20251215T045844_20251227T045912_T_G01_M01_C___T003_F306,2025-12-15,17,12,13.094948291778564,-5.621608257293701,16.516830444335938,0.9999999929430967,8649,7.684800148010254,10.612310182091745,4.770332,30.2895,33.574226,36.06556,38.072323,18.151192,1.0,24.604875025163153,25.0,26.0,27.0,27.0,27.0,0
Luki2025,BIO_FP_FH__L2A_20251215T045844_20251227T045912_T_G01_M01_C___T003_F306,2025-12-15,17,13,13.095780849456787,-5.621608257293701,14.361030578613281,1.0,8649,9.837400436401367,2.985339481081628,1.3759198,7.8406887,10.001644,28.641712,50.555622,5.324275,1.0,20.374358007709116,20.0,22.776315307617175,23.0,25.0,25.0,0
Luki2025,BIO_FP_FH__L2A_20251215T045844_20251227T045912_T_G01_M01_C___T003_F306,2025-12-15,17,14,13.09661340713501,-5.621608257293701,28.083431243896484,1.0,8649,0.23600000143051147,10.092797487426292,4.719577,29.365034,31.753683,35.348007,37.47592,23.28565,1.0,22.06862264997712,21.79286766052246,27.0,28.0,28.704378128051758,29.0,0
Luki2025,BIO_FP_FH__L2A_20251215T045844_20251227T045912_T_G01_M01_C___T003_F306,2025-12-15,17,15,13.097445964813232,-5.621608257293701,38.81043243408203,1.0,8649,1.0038000345230103,16.974818259336338,16.705908,30.2238,33.239418,35.79631,37.219322,28.273855,1.0,21.575940088807318,22.0,25.39533805847168,26.0,27.0,27.0,0
Luki2025,BIO_FP_FH__L2A_20251215T045844_20251227T045912_T_G01_M01_C___T003_F306,2025-12-15,17,16,13.098278522491455,-5.621608257293701,32.91263198852539,0.9999999788292903,8649,0.730400025844574,4.373741366875473,1.0656657,12.384071,15.270457,23.21952,28.782757,9.522216,1.0,13.387267040949995,13.0,18.0,19.0,21.0,21.0,0
Luki2025,BIO_FP_FH__L2A_20251215T045844_20251227T045912_T_G01_M01_C___T003_F306,2025-12-15,17,17,13.099111080169678,-5.621608257293701,26.64483070373535,0.9999999788292903,8649,0.4341999888420105,26.403497350517373,29.637714,39.56526,42.48713,46.718475,48.355846,37.611576,1.0,25.445265833139832,26.0,29.0,31.0,33.0,33.0,0
Luki2025,BIO_FP_FH__L2A_20251215T045844_20251227T045912_T_G01_M01_C___T003_F306,2025-12-15,17,18,13.0999436378479,-5.621608257293701,20.377229690551758,1.0000000070569033,8649,0.1379999965429306,33.17747828578534,34.397034,44.665775,46.691093,49.963108,53.053295,41.768677,1.0,32.897176598769306,34.0,35.0,35.0,35.0,35.0,0
Luki2025,BIO_FP_FH__L2A_20251215T045844_20251227T045912_T_G01_M01_C___T003_F306,2025-12-15,17,19,13.100776195526123,-5.621608257293701,18.292631149291992,1.0,8649,0.121799997985363,41.54636035415944,44.096004,52.236286,53.84887,57.3235,60.45526,50.07716,1.0,32.83713648109467,33.0,34.0,34.0,35.0,35.0,0
Luki2025,BIO_FP_FH__L2A_20251215T045844_20251227T045912_T_G01_M01_C___T003_F306,2025-12-15,17,20,13.101608753204346,-5.621608257293701,20.513450622558594,1.0,8649,0.38440001010894775,25.503936961642964,24.567448,41.806755,44.89265,50.454514,53.63983,35.07781,1.0,31.266511791854224,31.06171417236328,32.0,33.0,33.0,33.0,0
Luki2025,BIO_FP_FH__L2A_20251215T045844_20251227T045912_T_G01_M01_C___T003_F306,2025-12-15,17,21,13.102441310882568,-5.621608257293701,22.734251022338867,1.0,8649,0.6467999815940857,27.31458206873627,28.320309,37.17709,38.449516,39.687668,42.14308,35.076176,1.0,30.186456822538556,30.0,32.0,32.0,32.0,32.0,0
Luki2025,BIO_FP_FH__L2A_20251215T045844_20251227T045912_T_G01_M01_C___T003_F306,2025-12-15,17,22,13.103273868560791,-5.621608257293701,24.54545021057129,1.0,8649,0.6320000290870667,28.87550380643716,29.987005,37.367878,38.88391,43.948082,47.0294,35.61697,1.0,29.52191844114969,29.689491271972656,30.213844299316396,31.0,31.0,31.0,0
Luki2025,BIO_FP_FH__L2A_20251215T045844_20251227T045912_T_G01_M01_C___T003_F306,2025-12-15,17,23,13.104106426239014,-5.621608257293701,24.78985023498535,1.0,8649,0.4311999976634979,32.84745639849983,35.564583,46.524273,49.30059,53.33859,56.187923,44.353104,1.0,32.73103234274206,33.0,35.0,36.0,37.0,37.0,0
Luki2025,BIO_FP_FH__L2A_20251215T045844_20251227T045912_T_G01_M01_C___T003_F306,2025-12-15,17,24,13.104938983917236,-5.621608257293701,22.858251571655273,1.0,8649,0.0843999981880188,35.13572536384264,34.35838,63.006016,65.41155,69.03527,71.61982,52.20558,1.0,33.292858169649165,33.0,36.0,37.0,38.0,38.0,0
Luki2025,BIO_FP_FH__L2A_20251215T045844_20251227T045912_T_G01_M01_C___T003_F306,2025-12-15,17,25,13.105771541595459,-5.621608257293701,22.359251022338867,1.0,8649,0.0,22.93894322139843,22.456146,39.767933,41.705734,45.47713,47.677544,34.616234,1.0,32.15783196827596,32.0,33.0,33.0,34.0,34.0,0
Luki2025,BIO_FP_FH__L2A_20251215T045844_20251227T045912_T_G01_M01_C___T003_F306,2025-12-15,17,26,13.106604099273682,-5.621608257293701,21.40705108642578,1.0,8649,0.0,28.267901048892934,28.44855,44.84206,48.87498,54.069466,56.28456,37.611343,1.0,31.51366114784547,31.034250259399414,33.0,34.0,34.0,34.0,0
Luki2025,BIO_FP_FH__L2A_20251215T045844_20251227T045912_T_G01_M01_C___T003_F306,2025-12-15,17,27,13.107436656951904,-5.621608257293701,20.44445037841797,1.000000017642258,8649,0.0,24.352813739177854,23.897705,40.410503,42.256145,45.137108,47.605915,37.93876,1.0,31.902008141323464,32.0,33.0,33.0,34.0,34.0,0
Luki2025,BIO_FP_FH__L2A_20251215T045844_20251227T045912_T_G01_M01_C___T003_F306,2025-12-15,18,3,13.08745527267456,-5.62244176864624,26.730318069458008,1.0,8649,0.86080002784729,14.673895984181698,6.2407084,41.244934,44.25353,47.789413,50.068935,32.611176,1.0,19.305174961877373,19.0,25.0,26.0,27.0,27.0,0
Luki2025,BIO_FP_FH__L2A_20251215T045844_20251227T045912_T_G01_M01_C___T003_F306,2025-12-15,18,4,13.088287830352783,-5.62244176864624,22.29898452758789,1.0000000211707099,8649,0.5925999879837036,28.797158924682936,33.468967,47.346718,49.459946,54.94196,59.155186,43.692074,1.0,24.876268718515274,25.0,28.0,29.0,29.0,29.0,0
Luki2025,BIO_FP_FH__L2A_20251215T045844_20251227T045912_T_G01_M01_C___T003_F306,2025-12-15,18,5,13.089120388031006,-5.62244176864624,18.195384979248047,0.9999999894146451,8649,0.3319999873638153,22.35476888537507,22.167908,46.557755,50.69595,58.887947,60.959347,38.031742,1.0,18.056319540863797,19.0,24.0,25.0,28.0,28.0,0
Luki2025,BIO_FP_FH__L2A_20251215T045844_20251227T045912_T_G01_M01_C___T003_F306,2025-12-15,18,6,13.089952945709229,-5.62244176864624,15.605984687805176,0.9999999964715484,8649,0.2401999980211258,24.550569064975594,24.4503,46.70189,51.123444,56.16524,61.071075,39.848305,1.0,6.588894345068714,5.0,16.0,18.0,20.0,22.0,0
Luki2025,BIO_FP_FH__L2A_20251215T045844_20251227T045912_T_G01_M01_C___T003_F306,2025-12-15,18,7,13.090785503387451,-5.62244176864624,17.207584381103516,1.0000000070569033,8649,0.0,27.74025088998664,31.15945,44.917084,49.64995,54.964672,60.138763,40.11925,1.0,6.8826172869940665,4.2309088706970215,18.0,21.77833023071309,27.0,27.0,0
Luki2025,BIO_FP_FH__L2A_20251215T045844_20251227T045912_T_G01_M01_C___T003_F306,2025-12-15,18,8,13.091618061065674,-5.62244176864624,22.618783950805664,0.9999999682439353,8649,0.0,28.719293333823504,32.310192,42.123264,43.4405,45.629723,49.618454,39.26465,1.0,23.548047106201793,24.0,27.0,27.0,28.0,28.0,0
Luki2025,BIO_FP_FH__L2A_20251215T045844_20251227T045912_T_G01_M01_C___T003_F306,2025-12-15,18,9,13.092450618743896,-5.62244176864624,25.854583740234375,0.9999999964715484,8649,0.0,29.870827047999516,34.140114,43.53576,45.405506,48.517773,52.09607,40.551804,1.0,23.31634866941842,23.0,27.0,27.0,28.0,29.0,0
Luki2025,BIO_FP_FH__L2A_20251215T045844_20251227T045912_T_G01_M01_C___T003_F306,2025-12-15,18,10,13.09328317642212,-5.62244176864624,24.217985153198242,0.9999999294309675,8649,0.0,24.031848766374893,26.600876,43.74871,45.024002,46.844795,49.817577,38.536125,1.0,19.79765132529596,19.0,25.0,26.0,27.0,29.0,0
Luki2025,BIO_FP_FH__L2A_20251215T045844_20251227T045912_T_G01_M01_C___T003_F306,2025-12-15,18,11,13.094115734100342,-5.62244176864624,24.256383895874023,1.0,8649,0.0,6.128388216845878,2.7962317,16.390139,21.824564,44.05461,52.869236,11.37099,1.0,16.983522917303905,16.275758743286133,21.0,23.0,23.0,23.0,0
Luki2025,BIO_FP_FH__L2A_20251215T045844_20251227T045912_T_G01_M01_C___T003_F306,2025-12-15,18,12,13.094948291778564,-5.62244176864624,23.37925910949707,1.0,8649,0.0,5.615538104116083,1.7919507,29.497562,35.45626,39.449215,42.288788,12.148717,1.0,19.18611931676795,20.0,24.0,25.0,25.0,25.0,0
Luki2025,BIO_FP_FH__L2A_20251215T045844_20251227T045912_T_G01_M01_C___T003_F306,2025-12-15,18,13,13.095780849456787,-5.62244176864624,22.956859588623047,0.9998824178779699,8649,0.8202000260353088,8.426370418036731,3.4604788,26.39877,30.898153,34.544857,47.814453,13.247723,1.0,23.58881392111212,23.0,27.0,28.0,29.0,30.0,0
Luki2025,BIO_FP_FH__L2A_20251215T045844_20251227T045912_T_G01_M01_C___T003_F306,2025-12-15,18,14,13.09661340713501,-5.62244176864624,25.475658416748047,1.0,8649,5.868599891662598,11.588031763065095,9.566235,24.285343,30.158873,43.53584,48.92144,19.19399,1.0,26.840359202312285,27.0,30.0,30.0,31.0,32.0,0
Luki2025,BIO_FP_FH__L2A_20251215T045844_20251227T045912_T_G01_M01_C___T003_F306,2025-12-15,18,15,13.097445964813232,-5.62244176864624,32.74625778198242,1.0,8649,16.845600128173828,18.778098443461673,17.745049,33.351124,36.014816,40.84053,42.94488,29.925116,1.0,26.06766415689843,27.0,28.0,28.0,29.0,29.0,0
Luki2025,BIO_FP_FH__L2A_20251215T045844_20251227T045912_T_G01_M01_C___T003_F306,2025-12-15,18,16,13.098278522491455,-5.62244176864624,30.250659942626953,1.0000000141138066,8649,1.88100004196167,21.30482088528314,24.964287,34.34166,35.330147,36.78092,38.005146,31.512098,0.9899928212417373,21.791894472382193,23.0,26.0,27.0,28.0,28.0,0
Luki2025,BIO_FP_FH__L2A_20251215T045844_20251227T045912_T_G01_M01_C___T003_F306,2025-12-15,18,17,13.099111080169678,-5.62244176864624,22.453060150146484,0.9999999576585805,8649,2.014400005340576,26.207635978945305,29.682728,37.731026,39.62105,45.455536,47.0562,34.435883,1.0,26.518736681285958,27.0,30.0,30.0,30.0,30.0,0
Luki2025,BIO_FP_FH__L2A_20251215T045844_20251227T045912_T_G01_M01_C___T003_F306,2025-12-15,18,18,13.0999436378479,-5.62244176864624,14.655259132385254,1.0,8649,2.1477999687194824,27.44761045352064,28.240316,38.558968,40.694607,43.02838,45.387028,35.24882,1.0,30.402671982668938,30.0,31.0,31.0,32.0,32.0,0
Luki2025,BIO_FP_FH__L2A_20251215T045844_20251227T045912_T_G01_M01_C___T003_F306,2025-12-15,18,19,13.100776195526123,-5.62244176864624,11.875459671020508,1.0,8649,1.5736000537872314,31.419866548878485,33.7338,40.78616,42.2842,44.885574,48.421734,39.587635,1.0,30.350314363163598,30.0,32.0,32.0,32.0,32.0,0
Luki2025,BIO_FP_FH__L2A_20251215T045844_20251227T045912_T_G01_M01_C___T003_F306,2025-12-15,18,20,13.101608753204346,-5.62244176864624,12.079641342163086,1.0,8649,0.5785999894142151,21.9695823758527,21.1642,34.901897,37.064716,40.32275,42.08123,29.87544,1.0,29.11632274795728,29.0,30.0,32.0,32.0,32.0,0
Luki2025,BIO_FP_FH__L2A_20251215T045844_20251227T045912_T_G01_M01_C___T003_F306,2025-12-15,18,21,13.102441310882568,-5.62244176864624,13.12784194946289,1.0,8649,0.10980000346899033,25.250184495678692,27.391964,32.661568,33.91322,35.79498,37.87582,31.065094,1.0,28.727478469502845,28.776134490966797,30.0,30.0,30.0,30.0,0
Luki2025,BIO_FP_FH__L2A_20251215T045844_20251227T045912_T_G01_M01_C___T003_F306,2025-12-15,18,22,13.103273868560791,-5.62244176864624,14.984641075134277,1.0,8649,0.12600000202655792,27.209074929182563,27.997147,35.754128,37.93448,41.93635,44.57714,34.26192,1.0,29.07384173825154,29.0,31.0,31.0,31.0,31.0,0
Luki2025,BIO_FP_FH__L2A_20251215T045844_20251227T045912_T_G01_M01_C___T003_F306,2025-12-15,18,23,13.104106426239014,-5.62244176864624,16.663440704345703,1.0,8649,0.02160000056028366,33.03801152951208,34.728603,45.49796,47.760426,52.53352,55.50817,43.401627,1.0,32.33190145502478,32.0,34.0,35.0,35.0,35.0,0
Luki2025,BIO_FP_FH__L2A_20251215T045844_20251227T045912_T_G01_M01_C___T003_F306,2025-12-15,18,24,13.104938983917236,-5.62244176864624,19.144041061401367,1.0,8649,0.0,30.753525064313795,33.14094,49.627163,53.07309,55.864365,65.62502,43.98959,1.0,34.28448889299354,34.512325286865234,36.0,36.0,36.0,36.0,0
Luki2025,BIO_FP_FH__L2A_20251215T045844_20251227T045912_T_G01_M01_C___T003_F306,2025-12-15,18,25,13.105771541595459,-5.62244176864624,19.42424201965332,1.0,8649,0.0,23.26744105171118,22.338327,36.062683,38.140728,42.5769,48.743263,33.536213,1.0,31.24555163913303,31.0,33.0,33.0,35.0,35.0,0
Luki2025,BIO_FP_FH__L2A_20251215T045844_20251227T045912_T_G01_M01_C___T003_F306,2025-12-15,18,26,13.106604099273682,-5.62244176864624,18.05544090270996,1.0,8649,0.0,24.34518576930859,25.593912,36.79628,39.47025,44.876286,48.28244,34.517555,1.0,29.372901079819815,29.0,31.0,31.0,32.0,32.0,0
Luki2025,BIO_FP_FH__L2A_20251215T045844_20251227T045912_T_G01_M01_C___T003_F306,2025-12-15,18,27,13.107436656951904,-5.62244176864624,14.646241188049316,0.9999999929430967,8649,4.392600059509277,23.985985215858147,22.883202,41.173424,42.9633,45.25503,47.186047,37.84973,1.0,28.695354013336036,29.0,31.0,31.0,31.0,31.0,0
Luki2025,BIO_FP_FH__L2A_20251215T045844_20251227T045912_T_G01_M01_C___T003_F306,2025-12-15,18,28,13.108269214630127,-5.62244176864624,12.315507888793945,0.9647025351910828,8370,7.5447998046875,26.26766892631969,30.11505,42.521515,43.92744,45.73215,47.125565,40.673183,1.0,27.182435480621265,27.0,30.0,31.0,32.0,32.0,0
Luki2025,BIO_FP_FH__L2A_20251215T045844_20251227T045912_T_G01_M01_C___T003_F306,2025-12-15,19,3,13.08745527267456,-5.623275279998779,30.727319717407227,1.0000000105853548,8649,1.0,28.496406690177093,36.621414,46.5226,48.3409,53.07503,55.882977,44.12687,1.0,24.808335461166088,26.0,28.0,28.355613708496094,29.0,29.0,0
Luki2025,BIO_FP_FH__L2A_20251215T045844_20251227T045912_T_G01_M01_C___T003_F306,2025-12-15,19,4,13.088287830352783,-5.623275279998779,26.6237850189209,1.0,8649,0.7394000291824341,29.76161459010796,39.0301,47.109966,48.445553,50.163815,52.20654,44.635128,1.0,29.564321007200963,29.78595542907715,32.0,33.0,33.0,33.0,0
Luki2025,BIO_FP_FH__L2A_20251215T045844_20251227T045912_T_G01_M01_C___T003_F306,2025-12-15,19,5,13.089120388031006,-5.623275279998779,23.98258399963379,0.9936503572317338,8617,0.6417999863624573,18.409305063880755,8.520249,45.180195,51.51332,59.676476,64.93676,36.28084,1.0,24.735210830758163,26.0,29.0,30.0,31.0,31.0,0
Luki2025,BIO_FP_FH__L2A_20251215T045844_20251227T045912_T_G01_M01_C___T003_F306,2025-12-15,19,6,13.089952945709229,-5.623275279998779,23.112184524536133,0.9822946602050273,8532,0.741599977016449,24.72801366662989,29.936642,41.085976,43.58599,49.434353,52.681416,38.039234,1.0,21.067023073018444,23.0,25.81007194519043,27.0,27.0,27.0,0
Luki2025,BIO_FP_FH__L2A_20251215T045844_20251227T045912_T_G01_M01_C___T003_F306,2025-12-15,19,7,13.090785503387451,-5.623275279998779,24.17198371887207,0.9924744689708529,8604,0.5415999889373779,27.159711570083047,32.109543,44.23598,45.47915,51.648502,59.248627,41.379482,1.0,15.70373445627303,17.0,22.0,23.0,26.0,26.0,0
Luki2025,BIO_FP_FH__L2A_20251215T045844_20251227T045912_T_G01_M01_C___T003_F306,2025-12-15,19,8,13.091618061065674,-5.623275279998779,25.759384155273438,0.9999661550919904,8649,0.2596000134944916,27.455453187788716,29.740255,44.079918,46.27837,57.928112,61.394684,40.114258,1.0,25.251656546732196,25.0,28.58914070129393,29.0,30.0,30.0,0
Luki2025,BIO_FP_FH__L2A_20251215T045844_20251227T045912_T_G01_M01_C___T003_F306,2025-12-15,19,9,13.092450618743896,-5.623275279998779,26.339384078979492,1.0000000141138066,8649,0.0,28.747604311931546,31.632647,42.091732,44.20196,47.45995,49.27422,37.974922,1.0,28.049625268601616,28.0,30.0,31.0,32.0,32.0,0
Luki2025,BIO_FP_FH__L2A_20251215T045844_20251227T045912_T_G01_M01_C___T003_F306,2025-12-15,19,10,13.09328317642212,-5.623275279998779,24.26958465576172,1.0,8649,0.0,25.9545341224419,29.450167,45.88861,48.788074,50.661674,52.42817,37.130844,1.0,26.273398643146983,27.0,29.0,29.344791412353516,32.0,32.0,0
Luki2025,BIO_FP_FH__L2A_20251215T045844_20251227T045912_T_G01_M01_C___T003_F306,2025-12-15,19,11,13.094115734100342,-5.623275279998779,23.212984085083008,1.0,8649,0.0,19.65295143405307,15.566206,42.29938,47.16094,51.506874,54.76537,34.77106,1.0,20.87595936758337,22.0,25.0,26.0,26.0,26.0,0
Luki2025,BIO_FP_FH__L2A_20251215T045844_20251227T045912_T_G01_M01_C___T003_F306,2025-12-15,19,12,13.094948291778564,-5.623275279998779,24.558658599853516,1.0,8649,0.0,16.676026943143714,8.487487,44.584087,48.964962,54.704544,58.967136,34.677734,1.0,21.7209566913322,22.0,27.0,28.0,28.0,28.0,0
Luki2025,BIO_FP_FH__L2A_20251215T045844_20251227T045912_T_G01_M01_C___T003_F306,2025-12-15,19,13,13.095780849456787,-5.623275279998779,25.770658493041992,1.0,8649,0.0,25.774232163761706,25.526299,46.648087,50.79058,56.15975,58.645786,41.779945,1.0,28.598434791384108,29.0,32.0,32.0,32.0,32.0,0
Luki2025,BIO_FP_FH__L2A_20251215T045844_20251227T045912_T_G01_M01_C___T003_F306,2025-12-15,19,14,13.09661340713501,-5.623275279998779,16.32965850830078,1.0,8649,40.43880081176758,15.839669980814255,12.9351225,33.675808,36.566833,48.971718,52.85813,28.651112,1.0,27.04869173093812,28.0,32.0,33.0,33.0,33.0,0
Luki2025,BIO_FP_FH__L2A_20251215T045844_20251227T045912_T_G01_M01_C___T003_F306,2025-12-15,19,15,13.097445964813232,-5.623275279998779,19.26405906677246,1.0,8649,47.773799896240234,16.870817345213318,16.0094,31.897186,34.997936,37.501724,40.678005,28.124964,1.0,24.517169630641895,25.0,27.0,27.0,27.0,27.0,0
Luki2025,BIO_FP_FH__L2A_20251215T045844_20251227T045912_T_G01_M01_C___T003_F306,2025-12-15,19,16,13.098278522491455,-5.623275279998779,25.372058868408203,1.0,8649,1.0750000476837158,26.358238895031217,27.750853,34.646408,36.144386,38.54863,41.12354,32.505066,1.0,25.632792725895495,26.0,27.0,27.0,28.0,28.0,0
Luki2025,BIO_FP_FH__L2A_20251215T045844_20251227T045912_T_G01_M01_C___T003_F306,2025-12-15,19,17,13.099111080169678,-5.623275279998779,17.0102596282959,1.0,8649,2.511199951171875,11.193584970083247,11.038557,23.803545,25.35901,30.023905,33.342533,21.409924,1.0,22.30599013222809,22.0,25.0,26.0,27.0,27.0,0
Luki2025,BIO_FP_FH__L2A_20251215T045844_20251227T045912_T_G01_M01_C___T003_F306,2025-12-15,19,18,13.0999436378479,-5.623275279998779,8.648259162902832,1.0,8649,3.9474000930786133,14.537888231298416,13.79072,30.429983,32.266163,34.64977,38.85139,26.814451,1.0,25.082209437689293,25.0,29.0,29.0,30.0,30.0,0
Luki2025,BIO_FP_FH__L2A_20251215T045844_20251227T045912_T_G01_M01_C___T003_F306,2025-12-15,19,19,13.100776195526123,-5.623275279998779,7.41525936126709,1.0,8649,3.3310000896453857,24.460266360272865,24.722055,34.470455,37.1507,39.308582,41.4265,32.834904,1.0,28.245823285361634,29.0,30.679996490478516,31.0,31.0,31.0,0
Luki2025,BIO_FP_FH__L2A_20251215T045844_20251227T045912_T_G01_M01_C___T003_F306,2025-12-15,19,20,13.101608753204346,-5.623275279998779,9.212641716003418,1.0,8649,1.9016000032424927,24.68743089880333,24.762627,34.6493,36.1347,37.779915,39.671276,32.46717,1.0,28.008449593697385,28.0,30.0,30.0,30.0,30.0,0
Luki2025,BIO_FP_FH__L2A_20251215T045844_20251227T045912_T_G01_M01_C___T003_F306,2025-12-15,19,21,13.102441310882568,-5.623275279998779,11.010041236877441,1.0,8649,0.4722000062465668,26.452855821482252,26.847208,33.70111,34.810623,37.32936,39.008636,32.60371,1.0,27.873583904235044,28.0,29.0,29.0,29.0,29.0,0
Luki2025,BIO_FP_FH__L2A_20251215T045844_20251227T045912_T_G01_M01_C___T003_F306,2025-12-15,19,22,13.103273868560791,-5.623275279998779,11.506841659545898,1.0,8649,0.0,29.292953845820325,30.289862,35.199314,36.82554,38.966938,40.655987,34.1101,1.0,26.401889791542676,26.0,28.0,28.0,28.0,28.0,0
Luki2025,BIO_FP_FH__L2A_20251215T045844_20251227T045912_T_G01_M01_C___T003_F306,2025-12-15,19,23,13.104106426239014,-5.623275279998779,11.796441078186035,1.0,8649,0.0,28.78091759162909,29.92819,39.696087,43.149364,46.248447,47.73696,37.416405,1.0,29.291026812176412,29.0,32.0,32.0,33.0,33.0,0
Luki2025,BIO_FP_FH__L2A_20251215T045844_20251227T045912_T_G01_M01_C___T003_F306,2025-12-15,19,24,13.104938983917236,-5.623275279998779,14.486641883850098,1.0,8649,0.0,25.65696540062435,26.031124,35.776676,38.36075,43.894604,46.951492,34.125797,1.0,29.046461082191215,29.0,32.0,33.0,33.0,33.0,0
Luki2025,BIO_FP_FH__L2A_20251215T045844_20251227T045912_T_G01_M01_C___T003_F306,2025-12-15,19,25,13.105771541595459,-5.623275279998779,15.217841148376465,1.0,8649,0.0,22.344963109897098,23.255482,33.082115,34.64806,37.468998,40.902054,30.946365,1.0,28.00401279269953,28.0,30.0,30.0,30.0,30.0,0
Luki2025,BIO_FP_FH__L2A_20251215T045844_20251227T045912_T_G01_M01_C___T003_F306,2025-12-15,19,26,13.106604099273682,-5.623275279998779,11.887041091918945,1.0,8649,4.223599910736084,26.40856059949127,26.923668,38.099854,41.23512,46.59512,50.119164,33.702168,1.0,27.42078709434203,27.0,28.0,29.0,30.0,30.0,0
Luki2025,BIO_FP_FH__L2A_20251215T045844_20251227T045912_T_G01_M01_C___T003_F306,2025-12-15,19,27,13.107436656951904,-5.623275279998779,7.683441638946533,1.0,8649,10.326199531555176,29.77356373388542,35.28867,44.41039,45.605885,48.65923,50.411186,42.40999,1.0,26.948908205348808,28.0,30.0,30.0,30.0,30.0,0
Luki2025,BIO_FP_FH__L2A_20251215T045844_20251227T045912_T_G01_M01_C___T003_F306,2025-12-15,19,28,13.108269214630127,-5.623275279998779,5.357707977294922,0.9848946244858058,8530,13.677800178527832,21.695169227437663,19.311657,41.057327,43.41397,45.07772,46.844166,38.229763,1.0,27.487478618112405,27.660743713378906,29.0,30.0,30.0,30.0,0
Luki2025,BIO_FP_FH__L2A_20251215T045844_20251227T045912_T_G01_M01_C___T003_F306,2025-12-15,20,9,13.092450618743896,-5.624108791351318,25.85718536376953,0.9999999929430967,8649,0.004800000227987766,23.750949518689204,23.432457,44.100346,45.50606,48.29163,51.600998,37.961327,1.0,27.65579262247305,28.0,30.0,31.0,31.0,32.0,0
Luki2025,BIO_FP_FH__L2A_20251215T045844_20251227T045912_T_G01_M01_C___T003_F306,2025-12-15,20,10,13.09328317642212,-5.624108791351318,23.317184448242188,1.0,8649,0.0,9.611739570687362,4.14619,38.084324,43.65506,46.85204,50.2481,17.209494,1.0,23.609887310446638,23.0,25.0,26.812196731567383,31.0,32.0,0
Luki2025,BIO_FP_FH__L2A_20251215T045844_20251227T045912_T_G01_M01_C___T003_F306,2025-12-15,20,11,13.094115734100342,-5.624108791351318,21.06478500366211,1.0,8649,0.0,8.843204642516476,3.6308045,30.743933,35.721687,44.545296,49.814007,19.337538,1.0,21.641483171480434,21.60028076171875,25.0,25.0,26.0,26.0,0
Luki2025,BIO_FP_FH__L2A_20251215T045844_20251227T045912_T_G01_M01_C___T003_F306,2025-12-15,20,12,13.094948291778564,-5.624108791351318,25.057458877563477,1.0,8649,0.0,18.14655020179356,4.9763947,45.777504,49.696674,53.424202,56.35701,37.089417,1.0,23.311922797689217,24.79020881652832,27.0,28.0,28.0,30.0,0
Luki2025,BIO_FP_FH__L2A_20251215T045844_20251227T045912_T_G01_M01_C___T003_F306,2025-12-15,20,13,13.095780849456787,-5.624108791351318,24.858259201049805,1.0,8649,10.754400253295898,17.63316444187912,11.245573,42.566166,44.489628,46.96876,50.455235,36.317757,1.0,26.39019302820688,27.0,30.0,30.0,30.0,30.0,0
Luki2025,BIO_FP_FH__L2A_20251215T045844_20251227T045912_T_G01_M01_C___T003_F306,2025-12-15,20,14,13.09661340713501,-5.624108791351318,12.260859489440918,1.0,8649,60.8401985168457,5.200400696612325,2.1842325,14.876475,24.755608,39.945305,42.619957,10.274703,1.0,20.353672563250953,19.0,26.0,27.0,29.0,29.0,0
Luki2025,BIO_FP_FH__L2A_20251215T045844_20251227T045912_T_G01_M01_C___T003_F306,2025-12-15,20,15,13.097445964813232,-5.624108791351318,8.246259689331055,1.0,8649,72.81559753417969,14.332140321496706,13.414196,29.355244,32.22106,34.461357,37.400455,26.862995,1.0,23.32501594520522,24.0,26.0,27.0,27.0,27.0,0
Luki2025,BIO_FP_FH__L2A_20251215T045844_20251227T045912_T_G01_M01_C___T003_F306,2025-12-15,20,16,13.098278522491455,-5.624108791351318,24.30345916748047,1.0,8649,0.0,26.468468401332522,28.025642,34.084957,35.345936,37.945427,41.00996,31.955624,1.0,24.652146764043604,25.0,26.0,26.0,27.0,27.0,0
Luki2025,BIO_FP_FH__L2A_20251215T045844_20251227T045912_T_G01_M01_C___T003_F306,2025-12-15,20,17,13.099111080169678,-5.624108791351318,19.098859786987305,1.0,8649,0.7106000185012817,7.83726713348364,5.6611733,19.524263,23.31221,25.718943,27.908552,15.262738,1.0,18.962082384197487,19.0,22.0,23.0,24.0,24.0,0
Luki2025,BIO_FP_FH__L2A_20251215T045844_20251227T045912_T_G01_M01_C___T003_F306,2025-12-15,20,18,13.0999436378479,-5.624108791351318,12.725059509277344,1.0,8649,1.886199951171875,4.547220957625159,2.10353,13.925036,15.989665,19.158699,23.11205,10.42441,1.0,17.882288558453627,18.0,20.0,21.0,22.0,22.0,0
Luki2025,BIO_FP_FH__L2A_20251215T045844_20251227T045912_T_G01_M01_C___T003_F306,2025-12-15,20,19,13.100776195526123,-5.624108791351318,11.316059112548828,1.0,8649,1.906999945640564,15.011587773875593,15.969841,31.592993,33.807983,36.659843,39.321354,26.875988,0.9599712849419673,22.163656921142316,22.0,27.0,28.0,29.0,29.0,0
Luki2025,BIO_FP_FH__L2A_20251215T045844_20251227T045912_T_G01_M01_C___T003_F306,2025-12-15,20,20,13.101608753204346,-5.624108791351318,11.907641410827637,1.0,8649,1.4622000455856323,24.92474608697537,25.381939,34.818783,36.24938,37.65745,40.328903,32.410294,1.0,27.367516662195413,27.0,28.0,28.0,29.0,29.0,0
Luki2025,BIO_FP_FH__L2A_20251215T045844_20251227T045912_T_G01_M01_C___T003_F306,2025-12-15,20,21,13.102441310882568,-5.624108791351318,13.25304126739502,1.0,8649,0.4016000032424927,26.35207014539253,28.338127,34.69643,35.82012,37.68735,39.365166,32.955807,1.0,28.067231673259297,28.0,29.0,29.0,29.593900680541992,30.0,0
Luki2025,BIO_FP_FH__L2A_20251215T045844_20251227T045912_T_G01_M01_C___T003_F306,2025-12-15,20,22,13.103273868560791,-5.624108791351318,13.654041290283203,1.0,8649,0.0,26.27017529121864,26.262733,33.201706,35.1604,37.072533,38.467636,31.590828,1.0,26.66539096336087,26.3845157623291,29.0,29.0,30.0,30.0,0
Luki2025,BIO_FP_FH__L2A_20251215T045844_20251227T045912_T_G01_M01_C___T003_F306,2025-12-15,20,23,13.104106426239014,-5.624108791351318,13.509441375732422,1.0,8649,0.0,25.058855702248813,26.734411,32.887768,34.086185,37.77916,39.346092,31.646301,1.0,28.24389134187728,28.0,29.20979118347168,30.0,30.0,30.0,0
Luki2025,BIO_FP_FH__L2A_20251215T045844_20251227T045912_T_G01_M01_C___T003_F306,2025-12-15,20,24,13.104938983917236,-5.624108791351318,13.318041801452637,1.0,8649,0.0,25.906845263903342,26.412937,34.09698,35.911537,37.768642,38.726215,32.71219,1.0,27.22035039605564,27.0,29.0,29.0,29.0,29.0,0
Luki2025,BIO_FP_FH__L2A_20251215T045844_20251227T045912_T_G01_M01_C___T003_F306,2025-12-15,20,25,13.105771541595459,-5.624108791351318,9.896841049194336,1.0,8649,18.523399353027344,20.007027094895363,19.102293,32.42134,35.503696,43.729954,47.76234,27.236061,1.0,27.272861199539403,27.0,29.0,29.0,29.0,29.0,0
Luki2025,BIO_FP_FH__L2A_20251215T045844_20251227T045912_T_G01_M01_C___T003_F306,2025-12-15,20,26,13.106604099273682,-5.624108791351318,6.142441749572754,1.0,8649,33.077999114990234,31.131584937565037,37.739418,47.31464,48.379715,49.971367,51.385876,46.127937,1.0,28.054396247268343,28.416921615600586,29.0,29.0,30.0,30.0,0
Luki2025,BIO_FP_FH__L2A_20251215T045844_20251227T045912_T_G01_M01_C___T003_F306,2025-12-15,20,27,13.107436656951904,-5.624108791351318,2.558041572570801,1.000000017642258,8649,46.425201416015625,29.355081062169916,35.73151,45.817772,47.528244,50.470325,52.417786,43.433907,1.0,27.32276253477523,28.79020881652832,30.0,31.0,31.50780487060547,32.0,0
Luki2025,BIO_FP_FH__L2A_20251215T045844_20251227T045912_T_G01_M01_C___T003_F306,2025-12-15,21,9,13.092450618743896,-5.624942302703857,25.393184661865234,0.9999999929430967,8649,0.05040000006556511,24.04764996122408,27.374271,46.253242,48.93652,52.16707,54.007458,40.26375,1.0,28.49124276876477,29.0,30.0,30.0,31.0,31.0,0
Luki2025,BIO_FP_FH__L2A_20251215T045844_20251227T045912_T_G01_M01_C___T003_F306,2025-12-15,21,10,13.09328317642212,-5.624942302703857,22.113384246826172,1.0,8649,0.40779998898506165,6.1026374075037575,2.3516526,22.64458,39.09379,47.22242,51.319923,8.147096,1.0,21.448035670754702,21.0,25.719722747802734,27.0,28.0,28.0,0
Luki2025,BIO_FP_FH__L2A_20251215T045844_20251227T045912_T_G01_M01_C___T003_F306,2025-12-15,21,11,13.094115734100342,-5.624942302703857,18.977985382080078,1.0,8649,0.7184000015258789,2.704160163024627,2.2820942,5.10511,6.6687245,13.789265,39.21243,3.6609573,1.0,15.389314215835746,15.0,19.0,20.0,22.0,23.0,0
Luki2025,BIO_FP_FH__L2A_20251215T045844_20251227T045912_T_G01_M01_C___T003_F306,2025-12-15,21,12,13.094948291778564,-5.624942302703857,23.567258834838867,1.0,8649,0.0,7.03869305700081,2.3928459,28.404488,35.291656,38.965218,44.01363,15.258992,1.0,16.624969950162242,15.017736434936523,22.0,23.0,26.0,28.0,0
Luki2025,BIO_FP_FH__L2A_20251215T045844_20251227T045912_T_G01_M01_C___T003_F306,2025-12-15,21,13,13.095780849456787,-5.624942302703857,27.28885841369629,1.0,8649,0.0,25.664882681523874,29.63708,40.88716,41.82006,43.10434,44.626247,38.597984,1.0,27.28443825155314,27.0,30.0,31.0,31.0,31.0,0
Luki2025,BIO_FP_FH__L2A_20251215T045844_20251227T045912_T_G01_M01_C___T003_F306,2025-12-15,21,14,13.09661340713501,-5.624942302703857,23.823259353637695,1.0,8649,17.434999465942383,15.510542674731182,11.698399,34.77468,36.039257,38.969013,41.46801,30.368416,1.0,25.31564579722316,25.0,27.0,28.0,29.0,29.0,0
Luki2025,BIO_FP_FH__L2A_20251215T045844_20251227T045912_T_G01_M01_C___T003_F306,2025-12-15,21,15,13.097445964813232,-5.624942302703857,17.740859985351562,1.0,8649,35.25899887084961,24.20618577653486,25.19099,31.938152,33.393063,35.41251,37.705826,29.553488,1.0,26.220010592711702,26.0,27.0,28.0,28.0,28.0,0
Luki2025,BIO_FP_FH__L2A_20251215T045844_20251227T045912_T_G01_M01_C___T003_F306,2025-12-15,21,16,13.098278522491455,-5.624942302703857,23.677059173583984,1.0,8649,0.0,17.067755755723205,15.702677,28.922964,31.116077,33.253815,36.034466,27.156534,1.0,23.908934102194586,24.0,26.0,26.0,27.0,27.0,0
Luki2025,BIO_FP_FH__L2A_20251215T045844_20251227T045912_T_G01_M01_C___T003_F306,2025-12-15,21,17,13.099111080169678,-5.624942302703857,20.259260177612305,1.0,8649,0.0,12.265991507327437,13.850691,21.907913,25.65515,29.829506,32.088917,19.933683,1.0,17.72472192687318,18.0,22.0,22.568626403808594,23.0,24.0,0
Luki2025,BIO_FP_FH__L2A_20251215T045844_20251227T045912_T_G01_M01_C___T003_F306,2025-12-15,21,18,13.0999436378479,-5.624942302703857,16.841459274291992,1.0,8649,0.0,8.341388590805295,7.6630816,18.879543,22.106472,27.488688,31.217577,14.73075,1.0,20.40593364939192,21.0,24.0,24.11007308959961,25.0,25.0,0
Luki2025,BIO_FP_FH__L2A_20251215T045844_20251227T045912_T_G01_M01_C___T003_F306,2025-12-15,21,19,13.100776195526123,-5.624942302703857,15.821859359741211,1.0,8649,0.0,9.441948220169962,6.9177275,23.732464,29.66051,33.76832,36.054638,18.218168,1.0,20.55985781834682,21.0,23.0,24.0,25.0,25.0,0
Luki2025,BIO_FP_FH__L2A_20251215T045844_20251227T045912_T_G01_M01_C___T003_F306,2025-12-15,21,20,13.101608753204346,-5.624942302703857,15.893641471862793,1.0,8649,0.0,18.459317460833624,17.670218,30.141575,32.695053,34.428875,37.176086,26.819115,1.0,25.038525995842665,25.0,28.0,29.0,29.0,29.0,0
Luki2025,BIO_FP_FH__L2A_20251215T045844_20251227T045912_T_G01_M01_C___T003_F306,2025-12-15,21,21,13.102441310882568,-5.624942302703857,15.859241485595703,1.0,8649,0.0,23.415192056162564,24.118835,33.54398,35.253918,41.098476,44.393497,30.57783,1.0,29.416015820829067,29.6137638092041,30.0,30.0,30.0,30.0,0
Luki2025,BIO_FP_FH__L2A_20251215T045844_20251227T045912_T_G01_M01_C___T003_F306,2025-12-15,21,22,13.103273868560791,-5.624942302703857,15.567641258239746,1.0,8649,0.0,26.320223978205572,26.87128,39.652935,41.761528,43.821613,46.162018,34.77683,1.0,30.48409916351456,30.0,32.0,32.0,32.0,32.0,0
Luki2025,BIO_FP_FH__L2A_20251215T045844_20251227T045912_T_G01_M01_C___T003_F306,2025-12-15,21,23,13.104106426239014,-5.624942302703857,15.3572416305542,1.0,8649,0.0,23.690194495028326,24.792366,34.864777,39.877514,45.948746,49.775616,32.776775,1.0,31.81132052749385,32.0,33.0,33.0,34.0,34.0,0
Luki2025,BIO_FP_FH__L2A_20251215T045844_20251227T045912_T_G01_M01_C___T003_F306,2025-12-15,21,24,13.104938983917236,-5.624942302703857,11.510641098022461,1.0,8649,23.10140037536621,27.728863615013296,29.350224,39.43941,41.668663,44.226673,45.827103,36.110107,1.0,31.689073837179713,32.0,34.0,34.0,34.0,34.0,0
Luki2025,BIO_FP_FH__L2A_20251215T045844_20251227T045912_T_G01_M01_C___T003_F306,2025-12-15,21,25,13.105771541595459,-5.624942302703857,5.8382415771484375,1.0,8649,57.79999923706055,20.150278843652444,18.008718,35.738068,40.40995,46.78928,48.970943,28.29713,1.0,30.46277309867161,30.0,33.0,33.0,33.0,33.0,0
Luki2025,BIO_FP_FH__L2A_20251215T045844_20251227T045912_T_G01_M01_C___T003_F306,2025-12-15,21,26,13.106604099273682,-5.624942302703857,1.3572415113449097,1.0,8649,79.98699951171875,32.94594841166609,36.318584,46.561954,47.984066,50.084057,53.193142,45.069542,1.0,30.349158452554775,30.0,32.0,33.0,33.0,33.0,0
Luki2025,BIO_FP_FH__L2A_20251215T045844_20251227T045912_T_G01_M01_C___T003_F306,2025-12-15,21,27,13.107436656951904,-5.624942302703857,4.07724142074585,1.0000000105853548,8649,48.59299850463867,25.36659987131384,31.081429,45.81159,46.972355,48.84456,50.89608,40.46964,1.0,15.982617640580756,11.428374290466309,30.0,31.0,31.0,31.0,0
Luki2025,BIO_FP_FH__L2A_20251215T045844_20251227T045912_T_G01_M01_C___T003_F306,2025-12-15,22,9,13.092450618743896,-5.6257758140563965,20.527984619140625,0.9355386113662887,8126,1.5513999462127686,12.365147378982329,7.120086,36.233627,40.391735,47.502323,50.497154,26.744507,1.0,21.152847398759477,22.0,27.0,28.0,28.36637306213379,29.0,0
Luki2025,BIO_FP_FH__L2A_20251215T045844_20251227T045912_T_G01_M01_C___T003_F306,2025-12-15,22,10,13.09328317642212,-5.6257758140563965,17.357784271240234,0.9733750379379119,8467,2.169800043106079,1.2258164873903374,0.25155997,2.8962333,5.1339774,10.410906,13.812179,1.7872465,1.0,15.163235447808956,15.0,18.0,20.0,23.0,25.0,0
Luki2025,BIO_FP_FH__L2A_20251215T045844_20251227T045912_T_G01_M01_C___T003_F306,2025-12-15,22,11,13.094115734100342,-5.6257758140563965,15.693184852600098,0.9269141370208984,8096,2.2211999893188477,1.958132653566501,1.8651943,3.3690975,4.4065976,8.410901,31.850138,2.7092323,1.0,12.201325286563552,12.0,14.0,15.0,17.0,18.0,0
Luki2025,BIO_FP_FH__L2A_20251215T045844_20251227T045912_T_G01_M01_C___T003_F306,2025-12-15,22,12,13.094948291778564,-5.6257758140563965,21.18385887145996,0.9508044643889467,8256,0.9165999889373779,4.099424145147913,2.374444,10.530331,15.928381,34.034683,36.626972,8.871614,1.0,16.298103200423125,17.0,20.0,21.0,24.0,25.0,0
Luki2025,BIO_FP_FH__L2A_20251215T045844_20251227T045912_T_G01_M01_C___T003_F306,2025-12-15,22,13,13.095780849456787,-5.6257758140563965,26.250459671020508,0.9976672982877356,8636,0.0,25.5460746360062,28.876316,38.93788,40.393314,41.714725,43.204144,36.475723,1.0,25.777461324844598,26.0,28.0,28.0,28.0,28.0,0
Luki2025,BIO_FP_FH__L2A_20251215T045844_20251227T045912_T_G01_M01_C___T003_F306,2025-12-15,22,14,13.09661340713501,-5.6257758140563965,27.988658905029297,1.0,8649,0.0,24.056922223667478,26.947266,35.519535,36.61515,38.81887,50.19072,33.25659,1.0,27.544703908208643,28.0,29.0,29.0,29.0,29.0,0
Luki2025,BIO_FP_FH__L2A_20251215T045844_20251227T045912_T_G01_M01_C___T003_F306,2025-12-15,22,15,13.097445964813232,-5.6257758140563965,27.495458602905273,1.0,8649,0.0,18.390809721499597,19.114363,28.353838,29.797762,31.34229,33.329346,26.021269,1.0,26.318837317445677,26.0,27.0,28.0,28.0,28.0,0
Luki2025,BIO_FP_FH__L2A_20251215T045844_20251227T045912_T_G01_M01_C___T003_F306,2025-12-15,22,16,13.098278522491455,-5.6257758140563965,24.43045997619629,1.0,8649,0.0,17.70720197060354,15.414794,30.946482,33.167244,34.937706,36.263386,28.383896,1.0,23.589499852549533,24.0,26.0,26.0,27.0,27.0,0
Luki2025,BIO_FP_FH__L2A_20251215T045844_20251227T045912_T_G01_M01_C___T003_F306,2025-12-15,22,17,13.099111080169678,-5.6257758140563965,21.130859375,1.0,8649,0.0,17.138434311408833,16.307966,27.142094,29.162884,31.309357,35.52012,25.522747,1.0,23.198557286389867,23.0,25.19671630859375,26.0,27.0,28.0,0
Luki2025,BIO_FP_FH__L2A_20251215T045844_20251227T045912_T_G01_M01_C___T003_F306,2025-12-15,22,18,13.0999436378479,-5.6257758140563965,18.635059356689453,1.0,8649,0.0,18.86745238792057,17.518837,30.113132,32.08217,35.273056,37.985664,28.789818,1.0,27.284458142758133,27.960182189941406,31.0,31.0,31.0,32.0,0
Luki2025,BIO_FP_FH__L2A_20251215T045844_20251227T045912_T_G01_M01_C___T003_F306,2025-12-15,22,19,13.100776195526123,-5.6257758140563965,18.099658966064453,1.0,8649,0.0,25.995114138917796,27.710218,36.262123,39.27577,43.39523,45.724094,34.410946,1.0,26.679171283777936,27.0,31.0,32.0,32.0,32.0,0
Luki2025,BIO_FP_FH__L2A_20251215T045844_20251227T045912_T_G01_M01_C___T003_F306,2025-12-15,22,20,13.101608753204346,-5.6257758140563965,18.12584114074707,1.0,8649,0.0,15.119534230835935,13.9938965,22.673325,28.413202,34.723366,39.761158,19.52818,1.0,26.003634219170166,26.0,28.0,28.0,29.0,29.0,0
Luki2025,BIO_FP_FH__L2A_20251215T045844_20251227T045912_T_G01_M01_C___T003_F306,2025-12-15,22,21,13.102441310882568,-5.6257758140563965,17.757640838623047,1.0,8649,0.0,23.31283556986357,22.318216,38.503067,41.967606,46.230595,52.602383,32.787655,1.0,28.70895981609456,29.0,31.0,31.0,31.0,31.0,0
Luki2025,BIO_FP_FH__L2A_20251215T045844_20251227T045912_T_G01_M01_C___T003_F306,2025-12-15,22,22,13.103273868560791,-5.6257758140563965,17.39664077758789,1.0,8649,0.0,25.342839490114464,24.330853,42.708115,45.97426,51.40633,56.922718,37.37,1.0,28.951819621092845,29.0,30.0,30.0,31.0,31.0,0
Luki2025,BIO_FP_FH__L2A_20251215T045844_20251227T045912_T_G01_M01_C___T003_F306,2025-12-15,22,23,13.104106426239014,-5.6257758140563965,13.576041221618652,1.0,8649,22.934799194335938,28.563809309602266,29.272991,45.40926,47.967834,53.793198,56.38851,41.549114,1.0,31.353359058780164,31.0,33.0,33.0,33.0,33.0,0
Luki2025,BIO_FP_FH__L2A_20251215T045844_20251227T045912_T_G01_M01_C___T003_F306,2025-12-15,22,24,13.104938983917236,-5.6257758140563965,9.52744197845459,1.0,8649,46.437599182128906,29.909523048184763,29.209812,47.06984,49.461903,52.419605,55.120335,43.574123,1.0,31.272159909634166,31.0,33.0,34.0,34.0,34.0,0
Luki2025,BIO_FP_FH__L2A_20251215T045844_20251227T045912_T_G01_M01_C___T003_F306,2025-12-15,22,25,13.105771541595459,-5.6257758140563965,6.437441349029541,1.0,8649,63.331600189208984,26.849142151549312,28.207617,40.501163,46.5223,52.58486,55.67868,36.221096,1.0,29.871409852954883,30.0,32.0,33.0,33.0,33.0,0
Luki2025,BIO_FP_FH__L2A_20251215T045844_20251227T045912_T_G01_M01_C___T003_F306,2025-12-15,22,26,13.106604099273682,-5.6257758140563965,4.107441425323486,1.0,8649,73.39900207519531,28.224061307665625,29.172453,43.995167,46.789326,50.567505,53.884552,40.7404,1.0,30.20594231381363,31.0,32.0,32.0,33.0,33.0,0
Luki2025,BIO_FP_FH__L2A_20251215T045844_20251227T045912_T_G01_M01_C___T003_F306,2025-12-15,23,14,13.09661340713501,-5.6266093254089355,28.712059020996094,1.0,8649,0.013799999840557575,15.538385488929356,10.86316,35.280125,38.337803,41.36608,44.2117,31.55855,1.0,25.451362747031837,26.0,28.0,28.91409683227539,29.0,29.0,0
Luki2025,BIO_FP_FH__L2A_20251215T045844_20251227T045912_T_G01_M01_C___T003_F306,2025-12-15,23,15,13.097445964813232,-5.6266093254089355,29.932859420776367,1.0,8649,0.0,20.947688813374377,22.113802,36.235714,37.62604,43.408283,46.761753,32.135296,1.0,27.95528849150655,28.0,31.0,31.0,32.0,33.0,0
Luki2025,BIO_FP_FH__L2A_20251215T045844_20251227T045912_T_G01_M01_C___T003_F306,2025-12-15,23,16,13.098278522491455,-5.6266093254089355,26.45625877380371,1.0,8649,0.0,26.09681732534108,27.280703,36.435898,37.632984,39.41235,41.271294,34.587353,1.0,29.864532070223866,30.0,32.0,32.0,33.0,34.0,0
Luki2025,BIO_FP_FH__L2A_20251215T045844_20251227T045912_T_G01_M01_C___T003_F306,2025-12-15,23,17,13.099111080169678,-5.6266093254089355,22.636259078979492,1.0,8649,0.0,29.500525033602152,31.568773,39.843452,41.88677,45.24833,48.87026,37.031425,1.0,30.98653203840958,31.0,33.74003982543945,34.0,35.0,35.0,0
Luki2025,BIO_FP_FH__L2A_20251215T045844_20251227T045912_T_G01_M01_C___T003_F306,2025-12-15,23,18,13.0999436378479,-5.6266093254089355,21.296459197998047,1.0,8649,0.0,29.7347993174789,31.72454,41.57416,44.214165,52.552517,54.900127,39.722065,1.0,31.975896220273924,32.0,34.94272994995117,35.0,35.0,35.0,0
Luki2025,BIO_FP_FH__L2A_20251215T045844_20251227T045912_T_G01_M01_C___T003_F306,2025-12-15,23,19,13.100776195526123,-5.6266093254089355,20.80185890197754,1.0,8649,0.0,23.695212235518557,23.532139,42.72888,44.431236,50.321587,55.841328,39.660095,1.0,32.404851703729804,32.0,34.0,34.0,34.0,34.0,0
Luki2025,BIO_FP_FH__L2A_20251215T045844_20251227T045912_T_G01_M01_C___T003_F306,2025-12-15,23,20,13.101608753204346,-5.6266093254089355,20.467241287231445,1.0,8649,0.0,29.217194093970402,30.452148,40.65121,45.703533,52.113358,56.13165,37.087757,1.0,30.591085362508814,31.0,33.0,34.0,34.0,34.0,0
Luki2025,BIO_FP_FH__L2A_20251215T045844_20251227T045912_T_G01_M01_C___T003_F306,2025-12-15,23,21,13.102441310882568,-5.6266093254089355,20.399242401123047,1.0,8649,0.0,15.177388191553938,13.231779,31.409039,37.40901,41.486755,43.726116,25.00126,1.0,23.630171465424393,23.0,27.0,27.0,28.0,28.0,0
Luki2025,BIO_FP_FH__L2A_20251215T045844_20251227T045912_T_G01_M01_C___T003_F306,2025-12-15,23,22,13.103273868560791,-5.6266093254089355,17.452442169189453,1.0,8649,0.0,15.494243825153196,14.255748,26.762741,35.939964,43.5005,46.119232,22.882025,1.0,23.68967899519221,24.0,27.0,27.942537307739258,28.0,29.0,0
Luki2025,BIO_FP_FH__L2A_20251215T045844_20251227T045912_T_G01_M01_C___T003_F306,2025-12-15,23,23,13.104106426239014,-5.6266093254089355,16.74104118347168,1.0000000705690326,8649,0.0,20.92335265038143,20.448519,35.350086,39.127518,43.90316,48.318394,31.646591,1.0,26.763852535692827,27.0,30.0,30.0,30.0,31.0,0
Luki2025,BIO_FP_FH__L2A_20251215T045844_20251227T045912_T_G01_M01_C___T003_F306,2025-12-15,23,24,13.104938983917236,-5.6266093254089355,17.285640716552734,1.0000000987966455,8649,0.0,22.683472275511637,21.315493,36.512703,38.739647,41.933933,43.615147,32.487167,1.0,26.97618441273538,27.0,29.34650993347168,30.0,30.0,30.0,0
Luki2025,BIO_FP_FH__L2A_20251215T045844_20251227T045912_T_G01_M01_C___T003_F306,2025-12-15,23,25,13.105771541595459,-5.6266093254089355,15.35504150390625,0.999999971772387,8649,11.504799842834473,22.513390008548168,22.512714,32.62384,33.892418,36.137188,38.155506,30.740168,1.0,23.908054702225993,24.0,26.0,26.0,28.0,29.0,0
Luki2025,BIO_FP_FH__L2A_20251215T045844_20251227T045912_T_G01_M01_C___T003_F306,2025-12-15,24,15,13.097445964813232,-5.627442836761475,31.20125961303711,1.0,8649,0.13899999856948853,28.4449207007313,32.59611,46.306416,50.000233,56.45126,58.534286,41.10673,1.0,31.12706347048827,31.375337600708008,34.0,34.0,34.0,34.0,0
Luki2025,BIO_FP_FH__L2A_20251215T045844_20251227T045912_T_G01_M01_C___T003_F306,2025-12-15,24,16,13.098278522491455,-5.627442836761475,28.965259552001953,1.0,8649,0.266400009393692,18.993664368713144,17.503866,38.149895,39.33582,40.69284,45.8244,33.86496,1.0,31.88205141871771,32.0,33.0,33.0,34.0,34.0,0
Luki2025,BIO_FP_FH__L2A_20251215T045844_20251227T045912_T_G01_M01_C___T003_F306,2025-12-15,24,17,13.099111080169678,-5.627442836761475,26.140859603881836,1.0,8649,0.26080000400543213,28.26679588138802,32.216057,47.72367,50.52543,53.61333,55.949863,41.99894,1.0,33.59769365908521,34.0,34.0,35.0,35.0,35.0,0
Luki2025,BIO_FP_FH__L2A_20251215T045844_20251227T045912_T_G01_M01_C___T003_F306,2025-12-15,24,18,13.0999436378479,-5.627442836761475,26.28485870361328,1.0,8649,0.0,20.237218085183258,15.542904,45.764877,47.37063,51.461452,54.174587,38.1135,1.0,34.39606519009505,35.0,35.0,35.0,36.0,36.0,0
Luki2025,BIO_FP_FH__L2A_20251215T045844_20251227T045912_T_G01_M01_C___T003_F306,2025-12-15,24,19,13.100776195526123,-5.627442836761475,25.407459259033203,1.0,8649,0.0,19.658934558908545,16.784243,44.86312,49.42982,55.403748,58.039764,36.84233,1.0,33.80169522504556,34.0,35.0,35.0,36.0,36.0,0
Luki2025,BIO_FP_FH__L2A_20251215T045844_20251227T045912_T_G01_M01_C___T003_F306,2025-12-15,24,20,13.101608753204346,-5.627442836761475,23.819841384887695,1.0,8649,0.0,28.67146219938721,32.15063,41.080173,42.899136,46.752735,49.51407,38.127026,1.0,32.908927634101694,33.0,35.0,36.0,36.0,36.0,0
Luki2025,BIO_FP_FH__L2A_20251215T045844_20251227T045912_T_G01_M01_C___T003_F306,2025-12-15,24,21,13.102441310882568,-5.627442836761475,21.792442321777344,1.000000112910452,8649,0.0,19.16713466161927,18.595337,34.564636,38.8204,45.580612,48.14614,30.658129,1.0,26.29336213751299,27.0,31.0,32.0,32.0,32.0,0
Luki2025,BIO_FP_FH__L2A_20251215T045844_20251227T045912_T_G01_M01_C___T003_F306,2025-12-15,24,22,13.103273868560791,-5.627442836761475,16.340641021728516,1.000000028227613,8649,0.0,2.554936734158417,0.07900729,5.926936,14.675694,26.73754,33.55116,4.5630274,0.8115503054091953,11.141646004395364,10.0,18.0,20.0,22.0,22.0,0
Luki2025,BIO_FP_FH__L2A_20251215T045844_20251227T045912_T_G01_M01_C___T003_F306,2025-12-15,24,23,13.104106426239014,-5.627442836761475,14.508441925048828,0.999999971772387,8649,0.0,6.302509409463358,3.2124598,18.099566,24.192259,28.743813,33.463234,14.2648325,0.8966919402312455,17.82678784245086,18.0,23.0,24.0,25.0,25.0,0
Luki2025,BIO_FP_FH__L2A_20251215T045844_20251227T045912_T_G01_M01_C___T003_F306,2025-12-15,24,24,13.104938983917236,-5.627442836761475,15.178041458129883,0.930021545572465,8069,0.0,18.1853683220554,18.292372,28.696054,31.179382,37.03015,41.365273,26.181068,1.0,20.78491303746804,22.0,25.0,25.0,25.0,25.0,0
Luki2025,BIO_FP_FH__L2A_20251215T045844_20251227T045912_T_G01_M01_C___T003_F306,2025-12-15,25,15,13.097445964813232,-5.628276348114014,31.31285858154297,1.0,8649,0.6710000038146973,32.01950889373049,37.426548,49.127575,52.165237,55.894165,57.688618,43.28925,1.0,28.88524878139454,29.0,31.0,31.0,33.0,33.0,0
Luki2025,BIO_FP_FH__L2A_20251215T045844_20251227T045912_T_G01_M01_C___T003_F306,2025-12-15,25,16,13.098278522491455,-5.628276348114014,32.00185775756836,1.0,8649,0.823199987411499,32.94559342120476,37.875614,45.823357,47.060642,49.648247,50.923817,41.8297,1.0,29.90343091181626,29.309104919433594,32.0,32.50115966796875,33.0,33.0,0
Luki2025,BIO_FP_FH__L2A_20251215T045844_20251227T045912_T_G01_M01_C___T003_F306,2025-12-15,25,17,13.099111080169678,-5.628276348114014,31.013858795166016,1.0,8649,0.5529999732971191,30.553417934876865,36.997173,47.790977,50.668713,54.648476,56.867573,44.158237,1.0,32.75557412482615,33.0,34.0,34.0,35.0,35.0,0
Luki2025,BIO_FP_FH__L2A_20251215T045844_20251227T045912_T_G01_M01_C___T003_F306,2025-12-15,25,18,13.0999436378479,-5.628276348114014,31.451059341430664,0.9999999858861935,8649,0.07720000296831131,35.495149867950516,41.735485,48.436024,50.155,52.659218,54.65482,45.154213,1.0,33.07697249302383,33.0,34.0,35.0,35.0,35.0,0
Luki2025,BIO_FP_FH__L2A_20251215T045844_20251227T045912_T_G01_M01_C___T003_F306,2025-12-15,25,19,13.100776195526123,-5.628276348114014,29.625259399414062,1.000000028227613,8649,0.0,26.827472071953313,31.629284,45.22836,47.009983,51.495735,53.68352,39.426964,1.0,33.882407358112,34.0,35.0,35.0,36.0,36.0,0
Luki2025,BIO_FP_FH__L2A_20251215T045844_20251227T045912_T_G01_M01_C___T003_F306,2025-12-15,25,20,13.101608753204346,-5.628276348114014,27.283241271972656,0.9999781518275234,8649,0.0,27.18621062267805,29.56191,41.450695,42.690865,44.248955,46.272552,38.136017,1.0,32.85053873960786,33.0,35.0,35.0,35.0,35.0,0
Luki2025,BIO_FP_FH__L2A_20251215T045844_20251227T045912_T_G01_M01_C___T003_F306,2025-12-15,26,15,13.097445964813232,-5.629109859466553,30.901010513305664,1.0,8649,0.9332000017166138,22.684682658399815,19.738129,47.627457,49.603153,55.548927,57.529774,38.94817,1.0,23.96204058483634,25.0,26.09518051147461,27.0,28.0,28.0,0
Luki2025,BIO_FP_FH__L2A_20251215T045844_20251227T045912_T_G01_M01_C___T003_F306,2025-12-15,26,16,13.098278522491455,-5.629109859466553,31.833410263061523,1.0,8649,0.8669999837875366,23.859165438200947,27.476921,43.435413,44.804726,47.170353,48.84852,37.160976,1.0,25.505546576440064,26.0,28.025304794311523,29.0,29.0,29.0,0
Luki2025,BIO_FP_FH__L2A_20251215T045844_20251227T045912_T_G01_M01_C___T003_F306,2025-12-15,26,17,13.099111080169678,-5.629109859466553,30.859210968017578,1.0,8649,0.4431999921798706,25.843062601167766,30.56402,43.572315,45.050396,46.85111,48.999195,36.839558,1.0,28.34261623924627,28.0,30.0,30.0,30.0,30.0,0
Luki2025,BIO_FP_FH__L2A_20251215T045844_20251227T045912_T_G01_M01_C___T003_F306,2025-12-15,26,18,13.0999436378479,-5.629109859466553,30.937210083007812,1.000000028227613,8649,0.0,23.573063688126663,23.079184,46.93715,48.580997,50.517834,52.339848,40.960056,1.0,31.71792791465594,32.0,34.0,34.0,35.0,35.0,0
Luki2025,BIO_FP_FH__L2A_20251215T045844_20251227T045912_T_G01_M01_C___T003_F306,2025-12-15,26,19,13.100776195526123,-5.629109859466553,31.48961067199707,1.0,8649,0.0,25.93626837278876,30.21837,48.086845,51.538826,54.133713,56.48494,42.044537,1.0,33.4946378627834,33.0,35.0,35.0,35.0,35.0,0
Luki2025,BIO_FP_FH__L2A_20251215T045844_20251227T045912_T_G01_M01_C___T003_F306,2025-12-15,27,15,13.097445964813232,-5.629943370819092,28.95261001586914,0.999999971772387,8649,0.4034000039100647,26.96913375352771,30.135311,45.908432,47.73094,52.93684,60.207085,41.316128,1.0,25.853022055262596,26.0,28.0,29.0,29.0,29.0,0
Luki2025,BIO_FP_FH__L2A_20251215T045844_20251227T045912_T_G01_M01_C___T003_F306,2025-12-15,27,16,13.098278522491455,-5.629943370819092,28.968610763549805,1.000000056455226,8649,0.3102000057697296,22.44826361517907,20.344595,41.56705,44.116383,45.923237,47.035004,33.935738,1.0,26.65076378500245,27.0,29.0,29.0,30.0,30.0,0
Luki2025,BIO_FP_FH__L2A_20251215T045844_20251227T045912_T_G01_M01_C___T003_F306,2025-12-15,27,17,13.099111080169678,-5.629943370819092,28.197410583496094,1.0,8649,0.13300000131130219,15.577274558474969,10.138048,36.05694,42.209743,47.51296,49.926804,29.219042,1.0,26.483136334850933,26.0,29.0,31.0,31.0,31.0,0
Luki2025,BIO_FP_FH__L2A_20251215T045844_20251227T045912_T_G01_M01_C___T003_F306,2025-12-15,27,18,13.0999436378479,-5.629943370819092,30.640010833740234,0.999999971772387,8649,0.0,18.18281518113815,9.221138,47.59591,50.814445,55.794456,57.530388,34.516,1.0,29.738313555620987,30.0,31.0,31.0,31.49274444580078,32.0,0
Luki2025,BIO_FP_FH__L2A_20251215T045844_20251227T045912_T_G01_M01_C___T003_F306,2025-12-15,27,19,13.100776195526123,-5.629943370819092,33.425209045410156,1.0,8649,0.0,27.99677437420511,30.819004,47.707294,49.653137,55.207626,57.452793,43.084923,1.0,29.690725779282534,30.0,32.4349250793457,33.0,33.0,33.0,0
Luki2025,BIO_FP_FH__L2A_20251215T045844_20251227T045912_T_G01_M01_C___T003_F306,2025-12-15,28,15,13.097445964813232,-5.630776882171631,25.42081069946289,1.0,8649,7.20419979095459,28.577836852526303,29.708567,52.48862,55.170467,59.047894,61.965576,45.398678,1.0,23.197956103508922,24.0,28.0,28.0,28.0,29.0,0
Luki2025,BIO_FP_FH__L2A_20251215T045844_20251227T045912_T_G01_M01_C___T003_F306,2025-12-15,28,16,13.098278522491455,-5.630776882171631,26.92361068725586,0.9999999576585805,8649,0.0,16.260473810384248,7.4788327,46.634495,51.219486,56.09106,60.78765,33.37062,1.0,26.385518448602838,27.0,29.0,29.0,30.0,30.0,0
Luki2025,BIO_FP_FH__L2A_20251215T045844_20251227T045912_T_G01_M01_C___T003_F306,2025-12-15,28,17,13.099111080169678,-5.630776882171631,25.746810913085938,0.9999999294309675,8649,0.0,24.21113025304095,19.087244,52.079575,54.408207,56.377857,59.076656,44.063126,1.0,27.590714584872796,28.0,30.0,30.0,30.0,30.0,0
Luki2025,BIO_FP_FH__L2A_20251215T045844_20251227T045912_T_G01_M01_C___T003_F306,2025-12-15,28,18,13.0999436378479,-5.630776882171631,26.57301139831543,0.999999971772387,8649,0.0,22.808247532913608,20.062347,48.84566,50.414696,52.31558,56.52458,40.93751,1.0,28.358997086291094,29.0,31.0,31.0,32.0,32.0,0
Luki2025,BIO_FP_FH__L2A_20251215T045844_20251227T045912_T_G01_M01_C___T003_F306,2025-12-15,28,19,13.100776195526123,-5.630776882171631,28.33401107788086,0.9765348651668545,8461,0.0,22.962928913961346,21.856808,45.775635,49.530384,52.43685,53.96932,37.768166,1.0,25.47417628887775,26.0,27.0,28.0,29.0,29.0,0
Luki2025,BIO_FP_FH__L2A_20251215T045844_20251227T045912_T_G01_M01_C___T003_F306,2025-12-15,29,15,13.097445964813232,-5.63161039352417,18.23760986328125,1.0,8649,31.353200912475586,23.24994444805758,21.28961,47.33983,50.64378,54.113388,57.09832,44.062344,1.0,20.393185579483184,20.0,22.061338424682617,23.0,24.0,25.0,0
Luki2025,BIO_FP_FH__L2A_20251215T045844_20251227T045912_T_G01_M01_C___T003_F306,2025-12-15,29,16,13.098278522491455,-5.63161039352417,25.909610748291016,0.9999999294309675,8649,0.0,26.900969495785496,24.690287,52.617493,53.573532,55.49023,57.434784,45.533886,1.0,23.104464044790348,22.974695205688477,27.0,27.454668045043945,28.0,29.0,0
Luki2025,BIO_FP_FH__L2A_20251215T045844_20251227T045912_T_G01_M01_C___T003_F306,2025-12-15,29,17,13.099111080169678,-5.63161039352417,23.287010192871094,0.999999971772387,8649,0.0,23.320326255889587,17.823431,49.932808,52.362133,55.15013,56.9326,43.323616,1.0,21.74933501764148,22.0,26.0,26.0,28.185830612182773,29.0,0
Luki2025,BIO_FP_FH__L2A_20251215T045844_20251227T045912_T_G01_M01_C___T003_F306,2025-12-15,29,18,13.0999436378479,-5.63161039352417,21.761411666870117,1.0,8649,0.0,26.084149901722743,25.01063,49.135017,51.255646,53.703278,55.31098,43.98078,1.0,21.94242232343974,21.682003021240234,25.0,25.0,26.0,27.0,0
Luki2025,BIO_FP_FH__L2A_20251215T045844_20251227T045912_T_G01_M01_C___T003_F306,2025-12-15,30,15,13.097445964813232,-5.632443904876709,11.951010704040527,1.0,8649,53.25619888305664,20.457703293010752,14.9132,42.43231,43.988735,49.18528,51.265965,37.806778,1.0,18.717526984967336,19.0,21.0,22.0,23.0,23.0,0
Luki2025,BIO_FP_FH__L2A_20251215T045844_20251227T045912_T_G01_M01_C___T003_F306,2025-12-15,30,16,13.098278522491455,-5.632443904876709,25.095211029052734,1.0,8649,0.0,32.34533210125448,33.490864,48.46037,50.24325,53.172108,56.629566,43.37329,1.0,19.53849416634212,21.0,23.0,23.0,24.0,24.0,0
Luki2025,BIO_FP_FH__L2A_20251215T045844_20251227T045912_T_G01_M01_C___T003_F306,2025-12-15,30,17,13.099111080169678,-5.632443904876709,22.951610565185547,1.0,8649,0.0,29.286644861400163,28.99052,49.4433,52.430984,55.14523,56.538483,45.78627,1.0,10.219067297611419,10.0,14.0,15.587136268615723,17.0,17.0,0
Luki2025,BIO_FP_FH__L2A_20251215T045844_20251227T045912_T_G01_M01_C___T003_F306,2025-12-15,30,18,13.0999436378479,-5.632443904876709,21.278610229492188,0.9372560005130651,8160,0.0,25.969634782051394,26.726954,49.75212,51.318306,53.423054,56.213104,47.025776,1.0,12.41612722259241,12.0,18.0,19.0,19.0,20.0,0
Luki2025,BIO_FP_FH__L2A_20251215T045844_20251227T045912_T_G01_M01_C___T003_F306,2025-12-15,31,15,13.097445964813232,-5.633277416229248,9.428811073303223,1.0,8649,66.0365982055664,29.249677979390682,32.47594,47.99248,49.79501,52.136353,53.86357,43.867893,1.0,19.453451064435413,20.0,22.0,22.0,22.0,22.0,0
Luki2025,BIO_FP_FH__L2A_20251215T045844_20251227T045912_T_G01_M01_C___T003_F306,2025-12-15,31,16,13.098278522491455,-5.633277416229248,25.902009963989258,1.0,8649,0.32440000772476196,28.40245485388484,33.857277,45.656883,46.848793,48.690678,51.86372,40.276226,1.0,16.216798109075956,18.0,21.0,22.0,23.0,28.0,0
Luki2025,BIO_FP_FH__L2A_20251215T045844_20251227T045912_T_G01_M01_C___T003_F306,2025-12-15,31,17,13.099111080169678,-5.633277416229248,24.145410537719727,1.0,8649,0.0,23.13803483422939,28.733774,42.787567,44.9903,47.420376,49.446884,39.56779,1.0,11.061636001006043,11.0,14.0,14.0,22.0,22.0,0
