row,col,agbd_t_ha,masked_fraction,tomo_hv,backscatter_db,l1b_pixels
1,14,278.1387939453125,0.13199999928474426,0.792156862745098,-12.395890080629924,5.0
1,29,250.30758666992188,0.2264000028371811,0.6784313725490196,-11.825961824458604,5.0
1,48,134.45318603515625,0.12720000743865967,0.396078431372549,-13.019337519046658,4.0
1,49,173.03152465820312,0.1899999976158142,0.4549019607843137,-13.907806548600899,4.0
1,86,178.68252563476562,0.09040000289678574,0.41568627450980394,-13.420706881541204,4.0
1,88,247.49188232421875,0.19040000438690186,0.34509803921568627,-14.159237554093604,4.0
1,89,172.26693725585938,0.052799999713897705,0.3686274509803922,-13.89241761767767,5.0
2,11,210.62429809570312,0.20600000023841858,0.7098039215686275,-14.283852625234427,5.0
2,12,272.8296203613281,0.07840000092983246,0.6431372549019608,-15.02283383381891,4.0
2,13,275.3412170410156,0.026399999856948853,0.6470588235294118,-14.605279273489739,4.0
2,14,234.7239227294922,0.0,0.6078431372549019,-12.11618574546409,4.0
2,15,252.85421752929688,0.0007999999797903001,0.6862745098039216,-12.72957243868065,5.0
2,16,232.79379272460938,0.0,0.7647058823529411,-15.111898021598291,5.0
2,17,265.8291015625,0.05719999969005585,0.7254901960784313,-13.865584576353623,4.0
2,18,292.7637023925781,0.1979999989271164,0.7411764705882353,-13.295488124417894,5.0
2,19,238.16946411132812,0.008799999952316284,0.7137254901960784,-13.803368251671476,4.0
2,20,234.5833282470703,0.014800000004470348,0.6745098039215687,-15.513124689382117,5.0
2,21,268.5422058105469,0.0,0.7137254901960784,-12.31949553294081,4.0
2,22,292.30133056640625,0.05000000074505806,0.9058823529411765,-12.026194771429468,5.0
2,25,331.7752380371094,0.02800000086426735,0.596078431372549,-13.870290162461473,4.0
2,26,319.2799072265625,0.24719999730587006,0.6509803921568628,-12.907817206374277,5.0
2,27,248.77854919433594,0.14959999918937683,0.6588235294117647,-12.666791846672021,4.0
2,28,263.27960205078125,0.05000000074505806,0.5843137254901961,-15.789757490059324,4.0
2,29,267.1097717285156,0.0,0.6274509803921569,-13.650156044771771,5.0
2,30,214.49827575683594,0.008799999952316284,0.6666666666666666,-13.510210158030521,4.0
2,31,201.2472686767578,0.09880000352859497,0.7490196078431373,-14.468585875852579,5.0
2,32,238.61761474609375,0.00279999990016222,0.7686274509803922,-14.647895885101796,4.0
2,33,308.79473876953125,0.006399999838322401,0.5882352941176471,-13.355790070238347,5.0
2,34,267.261474609375,0.07440000027418137,0.5843137254901961,-13.745697335901315,4.0
2,35,288.70001220703125,0.17479999363422394,0.6823529411764706,-13.99581349768255,4.0
2,36,271.5226745605469,0.06159999966621399,0.7058823529411765,-13.696900128062282,4.0
2,37,306.40234375,0.04039999842643738,0.6078431372549019,-11.983640544993113,4.0
2,38,206.8531036376953,0.031199999153614044,0.49019607843137253,-12.447277216354474,5.0
2,39,258.7423095703125,0.07519999891519547,0.5215686274509804,-16.389195810001066,4.0
2,40,291.5597839355469,0.1080000028014183,0.6549019607843137,-13.699080449050122,5.0
2,41,242.3745880126953,0.08919999748468399,0.8,-12.091271558473643,4.0
2,42,282.2484436035156,0.03880000114440918,0.8431372549019608,-12.429468045385557,5.0
2,43,333.70538330078125,0.07840000092983246,0.8392156862745098,-12.36099689890043,4.0
2,44,283.0077209472656,0.047600001096725464,0.5803921568627451,-13.22781540020831,4.0
2,45,247.75257873535156,0.0012000000569969416,0.4196078431372549,-13.892440368065655,4.0
2,46,295.03582763671875,0.0,0.47058823529411764,-13.060614032529642,4.0
2,47,217.88113403320312,0.052400000393390656,0.49411764705882355,-14.93432790732246,5.0
2,48,219.7244415283203,0.023600000888109207,0.40784313725490196,-14.805320075442076,4.0
2,49,165.65823364257812,0.06800000369548798,0.39215686274509803,-14.212798592096341,5.0
2,50,213.3289031982422,0.01360000018030405,0.6274509803921569,-15.165924772866916,4.0
2,51,250.3712921142578,0.0031999999191612005,0.8392156862745098,-13.515390451500107,5.0
2,52,218.739990234375,0.1143999993801117,0.9294117647058824,-13.983494361800046,4.0
2,53,324.8951110839844,0.18440000712871552,0.8705882352941177,-15.782102629080292,4.0
2,54,254.3055419921875,0.13359999656677246,0.611764705882353,-12.861228053437994,5.0
2,55,212.24082946777344,0.0020000000949949026,0.596078431372549,-15.507841808837915,6.0
2,56,310.12811279296875,0.17399999499320984,0.8117647058823529,-13.092627292106256,4.0
2,57,303.36602783203125,0.05640000104904175,0.7215686274509804,-11.763723031067281,4.0
2,58,241.80271911621094,0.04520000144839287,0.6431372549019608,-13.896453621294317,4.0
2,59,256.29541015625,0.047600001096725464,0.6666666666666666,-12.051702643624754,4.0
2,60,250.1043701171875,0.02800000086426735,0.7137254901960784,-11.97864805768619,5.0
2,61,280.53997802734375,0.052400000393390656,0.7411764705882353,-11.527027334132349,4.0
2,62,216.31422424316406,0.00279999990016222,0.6901960784313725,-12.62065354268324,5.0
2,63,282.2325744628906,0.14239999651908875,0.6,-13.644151299331188,4.0
2,64,274.34814453125,0.10599999874830246,0.6431372549019608,-13.59217215413657,3.0
2,66,258.5170593261719,0.20960000157356262,0.7294117647058823,-11.614377345148277,4.0
2,67,250.23756408691406,0.013199999928474426,0.5568627450980392,-13.4518198240759,5.0
2,68,191.4045867919922,0.0,0.42745098039215684,-13.771661760645369,4.0
2,69,211.10098266601562,0.014399999752640724,0.43137254901960786,-13.475834636637911,5.0
2,70,265.0360412597656,0.11559999734163284,0.37254901960784315,-14.94220030721923,4.0
2,71,226.05197143554688,0.004000000189989805,0.33725490196078434,-15.381935077908722,5.0
2,73,106.45919036865234,0.19760000705718994,0.38823529411764707,-15.787531000541719,4.0
2,74,122.89149475097656,0.00800000037997961,0.5490196078431373,-14.601172291543376,4.0
2,75,209.02825927734375,0.024399999529123306,0.6313725490196078,-14.459404826267654,4.0
2,76,211.76080322265625,0.03880000114440918,0.5647058823529412,-15.407728792929714,5.0
2,77,141.13482666015625,0.006800000090152025,0.5725490196078431,-13.582905025639725,5.0
2,78,260.2109069824219,0.13079999387264252,0.6627450980392157,-15.924498086165361,5.0
2,79,227.48854064941406,0.0851999968290329,0.7764705882352941,-13.403956873062764,4.0
2,80,238.72984313964844,0.03759999945759773,0.7764705882352941,-12.380067073732583,4.0
2,81,273.418212890625,0.12960000336170197,0.7803921568627451,-13.34236976980291,5.0
2,82,290.1316223144531,0.1451999992132187,0.7137254901960784,-14.506485413511584,4.0
2,83,283.0779113769531,0.11079999804496765,0.7529411764705882,-13.645641849971867,4.0
2,84,247.36534118652344,0.0544000007212162,0.7333333333333333,-13.533294316105957,4.0
2,86,209.18063354492188,0.012400000356137753,0.41568627450980394,-14.67478737496374,4.0
2,87,244.8638458251953,0.018400000408291817,0.4470588235294118,-11.189840595259685,5.0
2,88,187.42868041992188,0.02199999988079071,0.4549019607843137,-11.600734648490011,4.0
2,89,159.49111938476562,0.007199999876320362,0.47843137254901963,-12.93986966867325,5.0
2,90,216.66184997558594,0.06400000303983688,0.5529411764705883,-14.144081057793233,5.0
2,91,293.7851257324219,0.20399999618530273,0.6941176470588235,-13.896343144169332,6.0
2,92,302.72528076171875,0.1324000060558319,0.7333333333333333,-13.867153067301972,6.0
2,93,260.85546875,0.07959999889135361,0.7647058823529411,-12.180863621417839,4.0
2,94,288.1176452636719,0.06279999762773514,0.7529411764705882,-12.787504772205303,5.0
2,95,260.3207092285156,0.14079999923706055,0.807843137254902,-15.047241368713165,4.0
2,97,290.822509765625,0.09000000357627869,0.8274509803921568,-11.53467032369327,4.0
2,98,267.7960205078125,0.04320000112056732,0.7019607843137254,-14.08226843429575,3.0
2,99,229.47239685058594,0.13519999384880066,0.6666666666666666,-15.352653700931969,4.0
2,100,222.65553283691406,0.12960000336170197,0.7058823529411765,-12.42968704898717,4.0
2,101,230.6278533935547,0.0007999999797903001,0.6901960784313725,-13.070953925890006,5.0
2,102,241.83660888671875,0.19040000438690186,0.7568627450980392,-13.812705495524646,4.0
2,103,238.7592315673828,0.13279999792575836,0.9058823529411765,-15.898855722256172,6.0
2,104,267.2148742675781,0.10840000212192535,0.8235294117647058,-12.948066834580803,4.0
2,105,257.3804626464844,0.04520000144839287,0.6745098039215687,-13.519893182790199,5.0
2,106,307.257080078125,0.16840000450611115,0.6235294117647059,-13.082650531946932,4.0
2,107,272.3687438964844,0.12880000472068787,0.6980392156862745,-14.725590631881659,5.0
2,109,241.5663299560547,0.06759999692440033,0.796078431372549,-12.319021874573782,4.0
2,110,286.37774658203125,0.1428000032901764,0.5803921568627451,-12.971450605036363,5.0
2,111,259.90869140625,0.04280000180006027,0.5843137254901961,-13.630654645030758,4.0
3,9,139.26983642578125,0.24959999322891235,0.6078431372549019,-13.812021718066287,6.0
3,10,200.26919555664062,0.004399999976158142,0.7372549019607844,-12.942213755776477,5.0
3,11,193.9733123779297,0.08839999884366989,0.6196078431372549,-12.916076780834869,5.0
3,12,208.62619018554688,0.0,0.4666666666666667,-12.901582734571315,4.0
3,13,246.71498107910156,0.0,0.4627450980392157,-12.591855093780653,5.0
3,14,193.03163146972656,0.0,0.47058823529411764,-10.714474475456512,4.0
3,15,227.50149536132812,0.0568000003695488,0.5529411764705883,-11.733783907496218,5.0
3,16,290.3013000488281,0.0,0.5764705882352941,-14.39862937720083,5.0
3,17,246.50994873046875,0.00039999998989515007,0.5647058823529412,-12.568730274335993,5.0
3,18,255.4274139404297,0.007199999876320362,0.6235294117647059,-12.69055282424577,4.0
3,19,248.71559143066406,0.029200000688433647,0.6941176470588235,-12.313587394118962,4.0
3,20,256.38763427734375,0.005200000014156103,0.7450980392156863,-12.93072215945157,5.0
3,21,253.36666870117188,0.0031999999191612005,0.7647058823529411,-13.256722244509957,5.0
3,22,233.50148010253906,0.006000000052154064,0.8941176470588236,-14.394211224159541,6.0
3,23,288.64385986328125,0.0,0.9215686274509803,-12.32244443905385,4.0
3,24,326.3163757324219,0.07079999893903732,0.7803921568627451,-11.04958807433212,5.0
3,25,266.7050476074219,0.0,0.5019607843137255,-15.303433573965163,4.0
3,26,278.91900634765625,0.0,0.48627450980392156,-12.557028594473806,5.0
3,27,267.06414794921875,0.0,0.5372549019607843,-12.054917972059847,4.0
3,28,297.8237609863281,0.11800000071525574,0.5098039215686274,-14.338393523872499,5.0
3,29,288.7615051269531,0.011599999852478504,0.5098039215686274,-13.322904594375727,4.0
3,30,253.90948486328125,0.0,0.5725490196078431,-13.502393765291922,3.0
3,31,223.1237335205078,0.0843999981880188,0.6862745098039216,-12.05466446210697,4.0
3,32,241.0834503173828,0.008799999952316284,0.7411764705882353,-13.824560355015393,5.0
3,33,229.2303924560547,0.09520000219345093,0.5568627450980392,-13.640776259439487,4.0
3,34,221.65611267089844,0.07479999959468842,0.5254901960784314,-12.969080169398614,4.0
3,35,257.25579833984375,0.0551999993622303,0.615686274509804,-13.296816410490361,5.0
3,36,201.05528259277344,0.01600000075995922,0.6745098039215687,-15.951932610387104,4.0
3,37,228.7565155029297,0.18080000579357147,0.6588235294117647,-13.252528803792487,5.0
3,38,263.62371826171875,0.06480000168085098,0.5843137254901961,-12.251946122245972,4.0
3,39,304.513916015625,0.00039999998989515007,0.6078431372549019,-11.483200896819842,4.0
3,40,237.45033264160156,0.03240000084042549,0.7254901960784313,-12.894498185612049,5.0
3,41,227.5730743408203,0.07320000231266022,0.7607843137254902,-11.593194918453884,4.0
3,42,276.7372131347656,0.005200000014156103,0.7372549019607844,-10.736139684494548,4.0
3,43,252.8824005126953,0.0,0.7686274509803922,-12.798408205637662,4.0
3,44,274.13287353515625,0.0007999999797903001,0.6549019607843137,-11.477605704754817,5.0
3,45,245.95376586914062,0.0,0.5176470588235295,-13.77284241307078,4.0
3,46,234.4105682373047,0.0,0.49019607843137253,-12.228093281430247,5.0
3,47,119.8633041381836,0.0,0.5254901960784314,-12.756806339169295,4.0
3,48,215.8036346435547,0.0,0.5372549019607843,-9.707288250390025,4.0
3,49,225.98776245117188,0.0,0.5333333333333333,-12.752279382590148,5.0
3,50,190.27951049804688,0.0,0.7215686274509804,-14.733899203341476,4.0
3,51,268.8525695800781,0.0012000000569969416,0.8862745098039215,-13.147310906253026,5.0
3,52,273.38006591796875,0.0868000015616417,0.8313725490196079,-13.381872605961902,4.0
3,53,297.90057373046875,0.02759999968111515,0.7372549019607844,-13.221457312632488,5.0
3,54,307.31976318359375,0.0,0.7215686274509804,-11.291741287183964,4.0
3,55,273.0121154785156,0.03200000151991844,0.7294117647058823,-12.578664210305451,5.0
3,56,275.758056640625,0.23880000412464142,0.8156862745098039,-13.956200562742922,5.0
3,57,290.2248229980469,0.0,0.6549019607843137,-10.129410022795621,4.0
3,58,248.4610137939453,0.0,0.6980392156862745,-12.70371168397058,5.0
3,59,261.3602600097656,0.1607999950647354,0.8588235294117647,-15.23615951311842,4.0
3,60,283.952880859375,0.1428000032901764,0.9137254901960784,-12.340870079861396,4.0
3,61,272.24951171875,0.012799999676644802,0.7803921568627451,-11.413542546907658,4.0
3,62,293.2376708984375,0.0,0.6078431372549019,-14.860448203309222,4.0
3,63,268.15948486328125,0.00839999970048666,0.5450980392156862,-12.290586102486165,4.0
3,64,223.62063598632812,0.0575999990105629,0.6,-12.69224547409478,5.0
3,66,251.44398498535156,0.07280000299215317,0.6313725490196078,-12.656732240650847,5.0
3,67,244.62574768066406,0.0,0.5803921568627451,-13.107387187654037,5.0
3,68,166.8910675048828,0.0,0.5294117647058824,-14.185473296981417,3.0
3,69,151.83877563476562,0.0,0.6431372549019608,-12.535155143339228,4.0
3,70,305.364990234375,0.006399999838322401,0.6313725490196078,-12.213361192797045,5.0
3,71,242.3002166748047,0.00039999998989515007,0.4666666666666667,-11.19695102115867,4.0
3,72,187.86004638671875,0.08959999680519104,0.3568627450980392,-13.487674424347569,4.0
3,73,170.6753387451172,0.019999999552965164,0.3843137254901961,-13.247141427822967,5.0
3,74,223.3489532470703,0.029600000008940697,0.48627450980392156,-12.4468371545054,5.0
3,75,197.81472778320312,0.15360000729560852,0.5450980392156862,-13.447329988640933,4.0
3,77,173.07723999023438,0.09560000151395798,0.4745098039215686,-15.2600671489176,4.0
3,78,184.0386199951172,0.018799999728798866,0.6588235294117647,-14.596097755540145,7.0
3,79,259.8702697753906,0.023600000888109207,0.9098039215686274,-13.09714938785566,5.0
3,80,307.2384338378906,0.11479999870061874,0.9607843137254902,-11.242996728435052,6.0
3,81,321.65289306640625,0.15760000050067902,0.9333333333333333,-11.817148961029332,4.0
3,82,302.99163818359375,0.0803999975323677,0.7568627450980392,-12.714078631723648,4.0
3,83,271.406494140625,0.07760000228881836,0.6705882352941176,-13.372496542975913,4.0
3,84,216.47341918945312,0.0007999999797903001,0.5725490196078431,-12.695564889291624,5.0
3,85,192.34593200683594,0.051600001752376556,0.4117647058823529,-13.630551399161657,5.0
3,86,141.2553253173828,0.0,0.38823529411764707,-14.098575696103445,4.0
3,87,114.44464111328125,0.0,0.43529411764705883,-13.447089178458551,4.0
3,88,194.85943603515625,0.0015999999595806003,0.5176470588235295,-12.759665039332056,5.0
3,89,207.48040771484375,0.004399999976158142,0.5607843137254902,-13.524976850376248,5.0
3,90,239.4487762451172,0.004800000227987766,0.47843137254901963,-14.361131378939358,4.0
3,91,245.04518127441406,0.0,0.5058823529411764,-12.246609330114683,5.0
3,92,248.88259887695312,0.00039999998989515007,0.6392156862745098,-12.231311405001076,4.0
3,93,216.0537109375,0.0,0.7450980392156863,-13.057432084785528,5.0
3,94,240.54922485351562,0.0020000000949949026,0.803921568627451,-11.390318602458848,5.0
3,95,267.6827392578125,0.20520000159740448,0.7490196078431373,-13.268195123158007,4.0
3,96,274.1849670410156,0.1412000060081482,0.7411764705882353,-16.85903670315468,5.0
3,97,228.28146362304688,0.10040000081062317,0.7725490196078432,-16.652592988848404,4.0
3,98,241.3507843017578,0.03959999978542328,0.788235294117647,-12.791296340728746,6.0
3,99,257.8852844238281,0.014800000004470348,0.7333333333333333,-11.057439811286587,4.0
3,100,235.20089721679688,0.007600000128149986,0.6745098039215687,-13.392234698774729,5.0
3,101,226.41195678710938,0.24240000545978546,0.7019607843137254,-14.790166131634416,4.0
3,102,267.4127197265625,0.012400000356137753,0.7764705882352941,-16.199940795483737,5.0
3,103,269.8473815917969,0.0,0.8823529411764706,-14.022590538753638,4.0
3,104,273.59088134765625,0.0015999999595806003,0.8352941176470589,-12.909144976271067,4.0
3,105,251.2045135498047,0.035599999129772186,0.7411764705882353,-14.155904757332,5.0
3,106,245.525146484375,0.0,0.6705882352941176,-13.69239489308977,4.0
3,107,291.4111022949219,0.0,0.6784313725490196,-14.606036534008913,5.0
3,108,276.2345886230469,0.14319999516010284,0.7372549019607844,-12.23872219691571,4.0
3,109,309.29278564453125,0.12720000743865967,0.6823529411764706,-12.454600721888768,4.0
3,110,219.95541381835938,0.05920000001788139,0.6078431372549019,-14.428939900907702,5.0
3,111,263.23516845703125,0.06040000170469284,0.6470588235294118,-11.28516558723536,5.0
3,112,270.54083251953125,0.12800000607967377,0.7568627450980392,-11.180519240521264,4.0
3,116,280.4522399902344,0.23479999601840973,0.7607843137254902,-12.40547093168379,6.0
3,117,315.7626647949219,0.22599999606609344,0.6666666666666666,-11.9029135014234,4.0
4,9,211.02224731445312,0.042399998754262924,0.6705882352941176,-13.694358467163992,4.0
4,10,225.1157989501953,0.053199999034404755,0.7215686274509804,-15.688828839947004,5.0
4,11,297.5238952636719,0.026399999856948853,0.5607843137254902,-13.87350417821088,4.0
4,12,275.9913024902344,0.0,0.5098039215686274,-14.97960156207614,4.0
4,13,240.86988830566406,0.0,0.5294117647058824,-11.83428758411106,4.0
4,14,205.02330017089844,0.0,0.5490196078431373,-10.258606412924415,4.0
4,15,220.90501403808594,0.004000000189989805,0.7098039215686275,-11.800244997495692,5.0
4,16,281.15911865234375,0.0,0.6705882352941176,-14.074549677720649,4.0
4,17,272.9219665527344,0.0,0.5529411764705883,-12.253655841258873,5.0
4,18,293.87677001953125,0.004000000189989805,0.5882352941176471,-12.191868087103213,4.0
4,19,249.73321533203125,0.004000000189989805,0.7137254901960784,-13.97004401605,5.0
4,20,243.65138244628906,0.0,0.8274509803921568,-16.3230155454548,4.0
4,21,268.4555358886719,0.0007999999797903001,0.803921568627451,-13.094465719016867,5.0
4,22,292.500244140625,0.02800000086426735,0.8470588235294118,-14.287247942287447,4.0
4,23,320.638916015625,0.0,0.9725490196078431,-12.736125595925234,5.0
4,24,284.98602294921875,0.035999998450279236,0.8313725490196079,-10.365640278199376,5.0
4,25,207.49176025390625,0.0,0.5058823529411764,-11.886786089575383,4.0
4,26,203.77830505371094,0.0,0.5568627450980392,-13.50116231860782,6.0
4,27,273.13946533203125,0.1324000060558319,0.6705882352941176,-11.56388562966621,4.0
4,28,267.4053955078125,0.00039999998989515007,0.6980392156862745,-11.504520875217427,4.0
4,29,274.29107666015625,0.0,0.596078431372549,-16.02390812522328,4.0
4,30,288.8930358886719,0.0,0.5294117647058824,-13.533927619246311,5.0
4,31,256.875244140625,0.0,0.5843137254901961,-10.669748624486811,4.0
4,32,226.47865295410156,0.0,0.6431372549019608,-12.273747354987064,4.0
4,33,331.7434997558594,0.019999999552965164,0.5725490196078431,-15.107602557967748,5.0
4,34,268.1929016113281,0.0,0.5450980392156862,-10.747266482603967,4.0
4,35,256.7989196777344,0.0,0.6313725490196078,-10.383659465699889,5.0
4,36,166.02035522460938,0.0,0.6901960784313725,-16.835831363274508,3.0
4,37,235.0200958251953,0.0,0.6862745098039216,-12.954661702022527,4.0
4,38,217.56765747070312,0.0,0.6392156862745098,-14.805142633051192,4.0
4,39,275.5867919921875,0.0,0.6196078431372549,-14.23871743020824,5.0
4,40,225.64093017578125,0.0,0.6392156862745098,-15.277723269248513,4.0
4,41,249.83187866210938,0.025599999353289604,0.6431372549019608,-15.452464346364527,5.0
4,42,233.69461059570312,0.0,0.6039215686274509,-15.36246372638239,5.0
4,43,216.63063049316406,0.0,0.6705882352941176,-14.558729480106988,4.0
4,44,189.88333129882812,0.0,0.6392156862745098,-13.241745183506655,4.0
4,45,235.0598907470703,0.0007999999797903001,0.49019607843137253,-12.857986673898782,5.0
4,46,202.6623077392578,0.0,0.403921568627451,-11.436474354229695,4.0
4,47,94.24481964111328,0.0,0.47843137254901963,-10.333269376639691,5.0
4,48,260.7802429199219,0.0,0.6509803921568628,-9.324695109288712,5.0
4,49,252.5130157470703,0.0,0.7725490196078432,-13.191622312534273,4.0
4,50,241.71311950683594,0.017999999225139618,0.8549019607843137,-11.30116121723719,5.0
4,51,327.6575927734375,0.0,0.8941176470588236,-10.079975984872867,4.0
4,52,307.5486145019531,0.06120000034570694,0.6196078431372549,-14.15453074368651,4.0
4,53,279.79791259765625,0.0,0.5450980392156862,-12.859527077100573,5.0
4,54,266.5747375488281,0.0,0.6784313725490196,-12.029155840262336,4.0
4,55,309.6262512207031,0.0,0.6470588235294118,-11.37188556077312,5.0
4,56,266.9249267578125,0.0,0.5882352941176471,-12.51157833165627,4.0
4,57,307.2791748046875,0.047200001776218414,0.5215686274509804,-13.847691703619931,4.0
4,58,241.23043823242188,0.00839999970048666,0.7019607843137254,-14.443586401960006,4.0
4,59,238.2969207763672,0.12080000340938568,0.8823529411764706,-12.66000066967811,5.0
4,60,275.00360107421875,0.13040000200271606,0.8901960784313725,-13.03079537711334,5.0
4,61,243.51943969726562,0.0,0.596078431372549,-12.03424571487153,4.0
4,62,241.64234924316406,0.0,0.47058823529411764,-15.782890898353825,5.0
4,63,243.109375,0.04839999973773956,0.5058823529411764,-12.439234469775723,4.0
4,64,260.7113342285156,0.041200000792741776,0.6274509803921569,-11.664774485658079,5.0
4,65,261.93701171875,0.007600000128149986,0.6313725490196078,-15.32268424141309,4.0
4,66,214.83921813964844,0.0,0.5647058823529412,-13.96304738577863,3.0
4,67,274.0303039550781,0.03280000016093254,0.5137254901960784,-12.411470072043954,4.0
4,68,220.01278686523438,0.0,0.5333333333333333,-16.19619400164984,5.0
4,69,142.2744598388672,0.0,0.5490196078431373,-13.139522675934534,5.0
4,70,124.49564361572266,0.0,0.7098039215686275,-13.08716506088313,4.0
4,71,167.19244384765625,0.0,0.7803921568627451,-11.97022296081956,5.0
4,72,215.35577392578125,0.0,0.596078431372549,-14.75418058380666,4.0
4,73,196.09288024902344,0.042399998754262924,0.4666666666666667,-17.373906146157033,5.0
4,75,214.31655883789062,0.0,0.44313725490196076,-12.440991817632995,5.0
4,76,216.70651245117188,0.019600000232458115,0.4980392156862745,-13.578254682095455,4.0
4,77,166.4187774658203,0.0,0.5333333333333333,-12.151605435156508,5.0
4,78,142.6509246826172,0.0,0.6862745098039216,-13.826869400455514,4.0
4,79,238.84678649902344,0.009600000455975533,0.8980392156862745,-14.311994624205248,4.0
4,80,367.9120788574219,0.020400000736117363,0.9490196078431372,-11.454440596120378,5.0
4,81,337.4831237792969,0.1444000005722046,0.8745098039215686,-9.16036913031774,4.0
4,82,283.0431823730469,0.006800000090152025,0.7843137254901961,-10.449754063768502,5.0
4,83,226.0778045654297,0.08879999816417694,0.611764705882353,-12.682871082710514,3.0
4,84,189.01727294921875,0.07559999823570251,0.45098039215686275,-12.875606907762773,4.0
4,85,190.92050170898438,0.16040000319480896,0.33725490196078434,-14.823374101979141,4.0
4,86,175.7241668701172,0.008799999952316284,0.3137254901960784,-13.664750571202099,5.0
4,87,138.91725158691406,0.0,0.3803921568627451,-12.042588195795698,5.0
4,88,214.91757202148438,0.0,0.5176470588235295,-13.226764338647847,4.0
4,89,175.61691284179688,0.0,0.6470588235294118,-12.019321906467601,5.0
4,90,239.56393432617188,0.0,0.5843137254901961,-16.499342491091,6.0
4,91,245.3638916015625,0.0,0.45098039215686275,-14.224896086543396,5.0
4,92,268.692626953125,0.02319999970495701,0.5568627450980392,-13.62831069554311,4.0
4,93,277.1382141113281,0.008799999952316284,0.7019607843137254,-10.96527147667601,5.0
4,94,285.19342041015625,0.00839999970048666,0.7098039215686275,-10.441010231509914,4.0
4,95,263.7225341796875,0.0,0.7176470588235294,-11.906630543467404,4.0
4,96,237.66390991210938,0.0,0.7254901960784313,-12.902576482581036,4.0
4,97,274.9120178222656,0.0,0.6980392156862745,-14.060822047575435,5.0
4,98,185.95489501953125,0.0,0.8196078431372549,-15.000065326216221,4.0
4,99,261.2734680175781,0.03240000084042549,0.8509803921568627,-14.805568609501734,4.0
4,100,269.75396728515625,0.04960000142455101,0.7490196078431373,-12.063568072480347,5.0
4,101,254.8505859375,0.014800000004470348,0.6901960784313725,-13.379318781779597,4.0
4,102,274.8675231933594,0.0,0.7725490196078432,-13.8692105935574,5.0
4,103,227.583740234375,0.0,0.807843137254902,-12.774542158741884,4.0
4,104,224.34414672851562,0.0,0.7607843137254902,-13.397666797330297,6.0
4,105,144.6224365234375,0.00039999998989515007,0.7647058823529411,-13.675213610099096,4.0
4,106,242.7915802001953,0.005200000014156103,0.8,-13.857552713363008,4.0
4,107,288.9876708984375,0.07880000025033951,0.8274509803921568,-15.446890785037464,5.0
4,108,287.66162109375,0.006000000052154064,0.7686274509803922,-13.625073553585093,4.0
4,109,290.4639587402344,0.02280000038444996,0.7607843137254902,-12.355474638677244,6.0
4,110,300.7292175292969,0.052400000393390656,0.7372549019607844,-14.14004497066527,4.0
4,111,269.3251037597656,0.0,0.7686274509803922,-11.550952143790754,5.0
4,112,267.6033630371094,0.09719999879598618,0.7411764705882353,-12.939477515888509,5.0
4,113,290.5332336425781,0.00559999980032444,0.6588235294117647,-12.849948825074563,5.0
4,114,309.2027893066406,0.01679999940097332,0.6705882352941176,-15.068104141080298,5.0
4,115,334.51593017578125,0.15880000591278076,0.7647058823529411,-12.441301112805432,4.0
4,117,285.6294250488281,0.024800000712275505,0.792156862745098,-10.69954793814192,4.0
5,9,314.7284851074219,0.0,0.792156862745098,-12.49321583485915,4.0
5,10,274.0267333984375,0.0,0.6549019607843137,-15.285940875261243,5.0
5,11,323.6031799316406,0.0,0.6392156862745098,-13.507303526114274,4.0
5,12,242.7711944580078,0.0,0.7411764705882353,-13.843077223982593,5.0
5,13,247.77508544921875,0.0,0.6549019607843137,-13.498657729951242,4.0
5,14,306.95361328125,0.0,0.5529411764705883,-14.059407097104543,5.0
5,15,257.43603515625,0.0,0.611764705882353,-12.562487896347118,4.0
5,16,218.70159912109375,0.0,0.7607843137254902,-14.030639377309553,5.0
5,17,298.48931884765625,0.0,0.7411764705882353,-12.452137232486804,4.0
5,18,284.27410888671875,0.0,0.7411764705882353,-10.127978167351763,4.0
5,19,265.6573486328125,0.0,0.8235294117647058,-13.021511444837389,5.0
5,20,244.10745239257812,0.0,0.8274509803921568,-14.40958326213486,4.0
5,21,321.9437561035156,0.0,0.7725490196078432,-12.542562837207074,5.0
5,22,252.3680419921875,0.0,0.788235294117647,-13.110110721276422,4.0
5,23,281.9709777832031,0.0,0.9647058823529412,-12.329954274619883,5.0
5,24,300.6249084472656,0.0,0.8901960784313725,-12.077593157797832,4.0
5,25,209.74049377441406,0.0,0.5647058823529412,-13.892927751024708,5.0
5,26,263.81011962890625,0.0,0.611764705882353,-14.787066971013177,4.0
5,27,262.79449462890625,0.17159999907016754,0.7647058823529411,-12.148165656138746,4.0
5,28,271.71368408203125,0.08160000294446945,0.8352941176470589,-13.507335515058482,5.0
5,29,297.00189208984375,0.0,0.6941176470588235,-13.113522055754547,4.0
5,30,287.7521667480469,0.0,0.6039215686274509,-11.278747490600463,5.0
5,31,246.43447875976562,0.0,0.592156862745098,-12.353696842405355,4.0
5,32,238.67494201660156,0.0,0.5686274509803921,-13.100198950871322,5.0
5,33,282.3217468261719,0.0,0.5647058823529412,-12.73554362855634,5.0
5,34,384.7960510253906,0.003599999938160181,0.6431372549019608,-14.119932218754133,4.0
5,35,218.66041564941406,0.0,0.6823529411764706,-13.580352491631924,4.0
5,36,276.6324768066406,0.0,0.6784313725490196,-13.045646935805607,3.0
5,37,255.10693359375,0.0,0.7333333333333333,-11.51563141113541,5.0
5,38,306.1470947265625,0.0,0.6705882352941176,-14.589040144687013,4.0
5,39,308.5879821777344,0.0,0.592156862745098,-12.955017313695436,5.0
5,40,275.1686706542969,0.0,0.615686274509804,-12.241212025428085,4.0
5,41,291.06671142578125,0.0,0.6941176470588235,-14.157272499805142,4.0
5,42,251.18736267089844,0.0,0.6,-13.690464964801286,3.0
5,43,211.61398315429688,0.0,0.6235294117647059,-12.335538924139355,5.0
5,44,208.93881225585938,0.0,0.5843137254901961,-14.228421253098576,5.0
5,45,195.8986358642578,0.0,0.44313725490196076,-15.12302928834195,4.0
5,46,171.85565185546875,0.0,0.3607843137254902,-13.7878035025932,5.0
5,47,264.3039245605469,0.0,0.4627450980392157,-12.261670220842841,4.0
5,48,247.58843994140625,0.0,0.6509803921568628,-12.96946842983595,5.0
5,49,243.4577178955078,0.0,0.8156862745098039,-15.741467899796717,5.0
5,50,337.5357360839844,0.0,0.8431372549019608,-15.327223665202288,4.0
5,51,290.812744140625,0.0,0.8117647058823529,-12.329350199359661,5.0
5,52,282.6501770019531,0.0,0.6588235294117647,-13.976630864109659,4.0
5,53,265.7752990722656,0.0,0.5764705882352941,-14.36079140459646,5.0
5,54,273.47772216796875,0.0,0.5607843137254902,-14.04267062241301,4.0
5,55,248.84153747558594,0.0,0.5215686274509804,-13.62553308973309,4.0
5,56,288.85809326171875,0.014000000432133675,0.5764705882352941,-9.99722150203783,4.0
5,57,283.6872253417969,0.0,0.6862745098039216,-12.516271815803556,5.0
5,58,286.5237121582031,0.0012000000569969416,0.7725490196078432,-13.341876551597267,4.0
5,59,252.52670288085938,0.0,0.8509803921568627,-11.845057386838285,5.0
5,60,247.86019897460938,0.0,0.7725490196078432,-11.030804222857347,4.0
5,61,264.3675537109375,0.0,0.6,-12.489143434065062,5.0
5,62,277.08441162109375,0.0,0.43137254901960786,-13.35485128702678,4.0
5,63,290.2367248535156,0.0,0.4,-12.705628813303193,4.0
5,64,271.143798828125,0.0,0.5686274509803921,-11.66681926137116,3.0
5,65,264.6604919433594,0.007600000128149986,0.7176470588235294,-14.433345086358768,4.0
5,66,236.03668212890625,0.0,0.5725490196078431,-13.493959237335389,5.0
5,67,290.7872314453125,0.01360000018030405,0.47843137254901963,-11.362847038865528,4.0
5,68,259.5610656738281,0.0,0.4196078431372549,-12.82349874951434,5.0
5,69,246.79237365722656,0.0,0.42745098039215684,-13.758982009913668,4.0
5,70,110.03229522705078,0.0,0.6784313725490196,-12.603270401819689,4.0
5,71,235.92173767089844,0.0,0.9137254901960784,-10.662480010786489,4.0
5,72,222.4766387939453,0.0,0.8313725490196079,-12.774823332603859,4.0
5,73,198.9569854736328,0.0,0.592156862745098,-14.409056658543399,5.0
5,74,269.2747497558594,0.0,0.5215686274509804,-14.24788141818505,4.0
5,75,300.7358093261719,0.0,0.4627450980392157,-12.780172582062225,5.0
5,76,231.48963928222656,0.0,0.4392156862745098,-12.896852439665121,5.0
5,77,131.82650756835938,0.0,0.5450980392156862,-12.658183625329842,4.0
5,78,143.14682006835938,0.0,0.7764705882352941,-15.635247605581199,6.0
5,79,203.1710662841797,0.0,0.8705882352941177,-13.363092661289858,5.0
5,80,284.2685241699219,0.0,0.9098039215686274,-11.390660944892437,4.0
5,81,235.0210723876953,0.0,0.8235294117647058,-11.420261673243594,5.0
5,82,280.7212219238281,0.0,0.7176470588235294,-10.91606395366198,3.0
5,83,231.83828735351562,0.0,0.5450980392156862,-10.609775630840122,3.0
5,84,158.52500915527344,0.0,0.42745098039215684,-14.227298538545938,5.0
5,85,221.42417907714844,0.0,0.42745098039215684,-13.999998998450518,4.0
5,86,217.2393035888672,0.0,0.4196078431372549,-13.473661863546113,5.0
5,87,208.60792541503906,0.0,0.5019607843137255,-12.91974248378855,4.0
5,88,203.1992645263672,0.0,0.6274509803921569,-12.905690438463573,5.0
5,89,181.65423583984375,0.0,0.7725490196078432,-13.951642705681218,4.0
5,90,261.97784423828125,0.0,0.7764705882352941,-14.964888727743013,4.0
5,91,254.19522094726562,0.0015999999595806003,0.6588235294117647,-14.679023522126322,5.0
5,92,283.5845947265625,0.029600000008940697,0.6039215686274509,-12.145649959545906,5.0
5,93,272.2847900390625,0.0,0.6313725490196078,-11.242837166559138,5.0
5,94,274.28607177734375,0.0,0.6627450980392157,-10.16927888438683,4.0
5,95,244.3960418701172,0.019200000911951065,0.7372549019607844,-13.723595208016505,5.0
5,96,301.2066345214844,0.008799999952316284,0.7176470588235294,-14.327603884362176,4.0
5,97,232.4135284423828,0.0,0.6039215686274509,-14.521370164927118,5.0
5,98,229.82888793945312,0.012000000104308128,0.6705882352941176,-13.602060800596812,4.0
5,99,226.15081787109375,0.0,0.7176470588235294,-13.13475034387597,5.0
5,100,269.3076477050781,0.005200000014156103,0.611764705882353,-10.934876143382997,4.0
5,101,215.17823791503906,0.024800000712275505,0.5764705882352941,-12.483529652238879,4.0
5,102,250.00608825683594,0.0,0.5215686274509804,-12.966747204778349,5.0
5,103,243.5574951171875,0.0012000000569969416,0.4549019607843137,-10.769320957262842,4.0
5,104,290.7724609375,0.046799998730421066,0.5215686274509804,-11.749348852435391,5.0
5,105,115.137939453125,0.0,0.6745098039215687,-13.034667694449952,4.0
5,106,234.27407836914062,0.0,0.8156862745098039,-14.079979786613166,5.0
5,107,241.22862243652344,0.015599999576807022,0.8235294117647058,-12.224145059733635,5.0
5,108,272.07623291015625,0.00279999990016222,0.7254901960784313,-13.353247736218162,4.0
5,109,288.88519287109375,0.004000000189989805,0.7843137254901961,-11.37627232968855,5.0
5,110,306.23321533203125,0.012400000356137753,0.8470588235294118,-12.044124080283371,5.0
5,111,275.0725402832031,0.006399999838322401,0.6470588235294118,-13.312417552573127,5.0
5,112,289.1114196777344,0.06360000371932983,0.6039215686274509,-11.572602085783384,4.0
5,113,214.34124755859375,0.009200000204145908,0.6901960784313725,-13.08285704473274,6.0
5,114,257.97833251953125,0.0,0.6862745098039216,-13.833222146555448,4.0
5,115,267.2254333496094,0.15440000593662262,0.7490196078431373,-11.331272195191058,5.0
5,116,233.6155548095703,0.09160000085830688,0.8627450980392157,-12.546716728066741,4.0
5,117,264.555419921875,0.2264000028371811,0.8156862745098039,-11.3135451934287,4.0
6,8,251.1352081298828,0.03400000184774399,0.5882352941176471,-10.646222795699593,5.0
6,9,257.6473693847656,0.0,0.7372549019607844,-12.008017680125821,5.0
6,10,263.5334167480469,0.0,0.7058823529411765,-13.409690125105593,4.0
6,11,289.2571105957031,0.0,0.6705882352941176,-13.696055927824348,5.0
6,12,241.4432830810547,0.0,0.7254901960784313,-14.187837099266272,5.0
6,13,243.65631103515625,0.0,0.6470588235294118,-12.127658475113886,4.0
6,14,255.89564514160156,0.0,0.5529411764705883,-13.561891105290407,5.0
6,15,249.10299682617188,0.0,0.4588235294117647,-12.83642991579805,4.0
6,16,254.18115234375,0.0,0.5568627450980392,-11.599352160813854,5.0
6,17,246.8834228515625,0.0,0.6509803921568628,-14.304346136759483,4.0
6,18,256.5414733886719,0.0,0.7294117647058823,-10.794406398456555,4.0
6,19,254.21083068847656,0.0,0.807843137254902,-12.46942365121178,4.0
6,20,240.4808807373047,0.0,0.8,-15.458275640283446,4.0
6,21,363.4980163574219,0.0,0.7333333333333333,-11.224692099486353,5.0
6,22,240.61253356933594,0.0,0.788235294117647,-10.264656918047574,5.0
6,23,266.4087219238281,0.0,0.8941176470588236,-14.172115456002603,6.0
6,24,297.73858642578125,0.0,0.8431372549019608,-13.433680271249049,4.0
6,25,275.5955810546875,0.0,0.6274509803921569,-14.191636116414443,5.0
6,26,341.770263671875,0.00039999998989515007,0.7137254901960784,-11.608689539127443,5.0
6,27,315.1290283203125,0.0,0.803921568627451,-9.891682262669317,4.0
6,28,234.33096313476562,0.0012000000569969416,0.7215686274509804,-13.875068347062346,4.0
6,29,234.54067993164062,0.0,0.6274509803921569,-15.132074123654924,4.0
6,30,296.099365234375,0.0,0.6039215686274509,-13.346957735257503,4.0
6,31,240.21246337890625,0.0,0.596078431372549,-11.184680093148422,4.0
6,32,215.9632568359375,0.0,0.6784313725490196,-14.66956480004053,5.0
6,33,255.16612243652344,0.0,0.7725490196078432,-14.295110366241168,4.0
6,34,332.8493957519531,0.0,0.8196078431372549,-14.264715482827832,6.0
6,35,305.81683349609375,0.0,0.6941176470588235,-16.850920580820194,4.0
6,36,299.4877014160156,0.0,0.5882352941176471,-10.950601871486747,5.0
6,37,282.9509582519531,0.0,0.6078431372549019,-10.91526787215377,4.0
6,38,253.6177215576172,0.0,0.6274509803921569,-11.747724616459191,4.0
6,39,296.2963562011719,0.0,0.6588235294117647,-13.783669644352756,4.0
6,40,311.5239562988281,0.0,0.6941176470588235,-11.242587845844927,4.0
6,41,325.0368957519531,0.0,0.6352941176470588,-12.086266191321362,4.0
6,42,274.7974853515625,0.0,0.6039215686274509,-10.974444093444138,4.0
6,43,240.5389862060547,0.0,0.7333333333333333,-11.68370756526734,5.0
6,44,295.14337158203125,0.0,0.6666666666666666,-12.952922091552894,4.0
6,45,235.78482055664062,0.0,0.596078431372549,-12.965125612488457,5.0
6,46,267.92950439453125,0.0,0.5843137254901961,-9.962573399454449,4.0
6,47,337.4050598144531,0.0,0.5647058823529412,-12.163831387952174,4.0
6,48,279.4115295410156,0.0,0.6980392156862745,-12.187801347297116,5.0
6,49,274.87103271484375,0.0,0.803921568627451,-13.398354955750202,4.0
6,50,355.8834228515625,0.0,0.7686274509803922,-11.9448405730331,5.0
6,51,316.22918701171875,0.0,0.6980392156862745,-11.585387008138731,4.0
6,52,201.33120727539062,0.0,0.6862745098039216,-11.63318169978455,5.0
6,53,290.78564453125,0.0,0.6784313725490196,-13.02857887799248,4.0
6,54,278.90130615234375,0.0,0.6,-12.031081474707246,5.0
6,55,287.4922180175781,0.0,0.6235294117647059,-10.775334029708416,4.0
6,56,291.7725830078125,0.01640000008046627,0.7058823529411765,-12.895686009581791,5.0
6,57,307.0262145996094,0.0,0.7568627450980392,-13.535975711525364,4.0
6,58,299.4552307128906,0.0,0.7333333333333333,-12.309819153196358,3.0
6,59,224.60935974121094,0.0,0.7686274509803922,-12.894410031618829,4.0
6,60,276.9840087890625,0.0,0.8901960784313725,-12.8101180846648,5.0
6,61,238.57196044921875,0.0020000000949949026,0.7450980392156863,-12.447081434835512,5.0
6,62,251.19691467285156,0.00559999980032444,0.4470588235294118,-14.040353785213082,4.0
6,63,266.1565246582031,0.0,0.3607843137254902,-10.465030229772923,4.0
6,64,277.3421936035156,0.015200000256299973,0.5215686274509804,-11.56680593327909,4.0
6,65,243.51927185058594,0.0,0.7215686274509804,-15.39780295543704,5.0
6,66,275.5537414550781,0.0,0.6509803921568628,-14.943415944533545,4.0
6,67,284.3914489746094,0.0,0.4980392156862745,-12.844427805945744,5.0
6,68,233.4567108154297,0.0,0.38823529411764707,-12.964546917078483,2.0
6,69,201.17495727539062,0.0,0.4,-15.55714129852754,4.0
6,70,231.67820739746094,0.0,0.5843137254901961,-13.2706946354814,6.0
6,71,209.5462188720703,0.0,0.7490196078431373,-11.653173321475801,4.0
6,72,194.447509765625,0.0,0.6784313725490196,-12.403713324867402,5.0
6,73,193.612548828125,0.0,0.5254901960784314,-14.139973223649239,4.0
6,74,175.7080841064453,0.0,0.4823529411764706,-13.738497465624297,5.0
6,75,251.22596740722656,0.0,0.4470588235294118,-14.810614933194069,4.0
6,76,183.10890197753906,0.0,0.40784313725490196,-12.607709054247822,4.0
6,77,169.4575653076172,0.0,0.5372549019607843,-14.447871902106753,5.0
6,78,172.3898162841797,0.0,0.8,-15.093593460184325,4.0
6,79,228.75924682617188,0.0,0.8627450980392157,-14.733069814894362,6.0
6,80,314.0851745605469,0.0,0.8117647058823529,-13.300906168204707,5.0
6,81,290.34716796875,0.0,0.7686274509803922,-13.196883599735623,4.0
6,82,263.366943359375,0.0,0.7098039215686275,-12.294228733657164,4.0
6,83,232.17982482910156,0.0,0.5882352941176471,-13.60637925587322,5.0
6,84,210.96749877929688,0.0,0.4470588235294118,-13.740352778601626,3.0
6,85,194.0860137939453,0.00039999998989515007,0.48627450980392156,-12.263785148505242,5.0
6,86,231.89218139648438,0.0,0.5215686274509804,-13.143978536584779,4.0
6,87,236.8332977294922,0.0,0.5450980392156862,-12.602719731233737,5.0
6,88,227.47894287109375,0.0,0.6078431372549019,-12.232243625912716,5.0
6,89,212.02943420410156,0.0,0.7372549019607844,-14.965945324611944,4.0
6,90,268.11920166015625,0.0,0.7254901960784313,-13.636651987280587,5.0
6,91,255.98486328125,0.0,0.6392156862745098,-14.843490016361718,4.0
6,92,297.8533630371094,0.0,0.5137254901960784,-14.066903695080246,5.0
6,93,234.0662078857422,0.0,0.5372549019607843,-15.94848327707983,4.0
6,94,242.63877868652344,0.0,0.6666666666666666,-12.341116598424502,4.0
6,95,174.23130798339844,0.0,0.7529411764705882,-12.158700028838785,5.0
6,96,269.5694885253906,0.0012000000569969416,0.6784313725490196,-11.603405584015913,4.0
6,97,252.05206298828125,0.0,0.5019607843137255,-14.100995728073954,5.0
6,98,218.1732940673828,0.0,0.5647058823529412,-13.552774549784374,4.0
6,99,209.58050537109375,0.004399999976158142,0.5843137254901961,-14.25806365542172,4.0
6,100,218.2599334716797,0.00279999990016222,0.5215686274509804,-13.244040282611028,4.0
6,102,233.46405029296875,0.09719999879598618,0.4745098039215686,-12.474554526352895,5.0
6,103,241.79930114746094,0.10679999738931656,0.4588235294117647,-13.302255859315505,4.0
6,104,281.8681640625,0.042399998754262924,0.5686274509803921,-11.089528417063196,4.0
6,105,252.21981811523438,0.0,0.6549019607843137,-13.945624882232355,4.0
6,106,187.37828063964844,0.029200000688433647,0.7568627450980392,-13.280935088453047,5.0
6,107,228.98219299316406,0.00039999998989515007,0.7176470588235294,-12.49004150887022,4.0
6,108,231.51080322265625,0.0,0.6823529411764706,-11.879375456528006,5.0
6,109,284.264892578125,0.040800001472234726,0.7568627450980392,-14.30655970288601,4.0
6,110,260.9613037109375,0.0,0.7333333333333333,-14.954579383264555,5.0
6,111,241.4875030517578,0.0,0.5686274509803921,-11.008108822006326,4.0
6,112,296.4185791015625,0.02319999970495701,0.5686274509803921,-13.248493382733738,5.0
6,113,248.1681671142578,0.1728000044822693,0.7529411764705882,-12.795056396406672,4.0
6,114,247.37234497070312,0.0,0.7529411764705882,-12.947077635800001,5.0
6,115,261.78271484375,0.002400000113993883,0.7686274509803922,-11.98124972889072,5.0
6,116,249.20010375976562,0.00559999980032444,0.6941176470588235,-11.437196751382437,4.0
6,117,274.43524169921875,0.00559999980032444,0.5372549019607843,-13.374801046485846,5.0
7,7,77.10403442382812,0.18240000307559967,0.5686274509803921,-14.990381669094791,4.0
7,8,188.79754638671875,0.0,0.6078431372549019,-14.834043621420427,4.0
7,9,252.51913452148438,0.0,0.7333333333333333,-14.355882199804313,5.0
7,10,301.97259521484375,0.0,0.7411764705882353,-14.417292433856442,6.0
7,11,275.9191589355469,0.0,0.6039215686274509,-12.814334711963376,5.0
7,12,226.29307556152344,0.0,0.5372549019607843,-14.482971939283672,4.0
7,13,294.9807434082031,0.0,0.596078431372549,-12.510735926248252,5.0
7,14,287.35418701171875,0.0,0.6823529411764706,-13.636828370407823,4.0
7,15,269.4460754394531,0.0,0.5647058823529412,-15.72723254318231,3.0
7,16,285.9200439453125,0.0,0.4588235294117647,-12.762600090244792,4.0
7,17,267.8988037109375,0.0,0.47843137254901963,-11.077726076801486,4.0
7,18,235.34877014160156,0.0,0.6823529411764706,-10.83583031740397,5.0
7,19,263.73651123046875,0.0,0.8627450980392157,-12.33205549233589,4.0
7,20,275.4881591796875,0.0,0.8705882352941177,-13.770532070820076,5.0
7,21,333.72821044921875,0.0,0.6901960784313725,-11.086112288253023,4.0
7,22,307.1865234375,0.00039999998989515007,0.615686274509804,-11.37700023862366,5.0
7,23,262.7662048339844,0.0,0.6745098039215687,-13.864950998085346,4.0
7,24,317.9454650878906,0.0,0.7137254901960784,-12.136383136368362,4.0
7,25,296.5135803222656,0.0,0.7411764705882353,-12.377610028436923,5.0
7,26,310.9655456542969,0.0,0.9058823529411765,-12.747677877807142,4.0
7,27,312.6827392578125,0.0,0.9254901960784314,-8.8046706425709,6.0
7,28,264.2791748046875,0.012400000356137753,0.6078431372549019,-13.336058933969262,4.0
7,29,305.794677734375,0.0,0.4823529411764706,-14.393918439166322,5.0
7,30,296.21441650390625,0.0,0.592156862745098,-12.333027479642036,4.0
7,31,222.92539978027344,0.0,0.7411764705882353,-12.141025027205998,4.0
7,32,239.22421264648438,0.0,0.8549019607843137,-13.628347431657602,5.0
7,33,265.5765686035156,0.0,0.9411764705882353,-11.7301303564312,4.0
7,34,290.0893859863281,0.0,0.8941176470588236,-13.78534662853972,4.0
7,35,269.9810791015625,0.0,0.7607843137254902,-14.87676530400357,4.0
7,36,306.4063720703125,0.0,0.611764705882353,-12.187283173852009,5.0
7,37,323.4771728515625,0.0,0.5294117647058824,-10.465101900159617,4.0
7,38,259.4420471191406,0.0,0.611764705882353,-11.479676585083748,5.0
7,39,222.47091674804688,0.0,0.6235294117647059,-14.433510973926166,4.0
7,40,257.2548522949219,0.0,0.592156862745098,-13.730747448033451,5.0
7,41,302.58294677734375,0.0,0.6313725490196078,-11.88231222020237,4.0
7,42,251.65615844726562,0.0,0.6588235294117647,-10.488847880904945,4.0
7,43,209.8840789794922,0.0,0.7764705882352941,-14.742882147297367,4.0
7,44,250.0845489501953,0.0,0.7529411764705882,-14.655194579998096,5.0
7,45,257.68841552734375,0.0,0.6823529411764706,-12.781382119363755,4.0
7,46,226.5394744873047,0.0,0.6784313725490196,-13.575421572565533,5.0
7,47,285.4996643066406,0.0,0.6235294117647059,-15.244496923883908,6.0
7,48,331.34130859375,0.0,0.7176470588235294,-11.278685175437221,4.0
7,49,312.494873046875,0.0,0.6823529411764706,-11.026610742845953,5.0
7,50,315.41839599609375,0.0,0.5843137254901961,-10.158874612970868,4.0
7,51,325.1914978027344,0.0,0.5411764705882353,-10.81239676915475,5.0
7,52,271.0111083984375,0.0,0.6509803921568628,-13.664721972526973,5.0
7,53,256.55438232421875,0.0,0.7490196078431373,-14.28717366540626,4.0
7,54,288.49017333984375,0.0,0.7058823529411765,-13.375204316702492,5.0
7,55,321.4332580566406,0.0,0.6470588235294118,-11.72319527927434,4.0
7,56,285.40899658203125,0.0,0.6588235294117647,-14.32036985806371,4.0
7,57,326.80792236328125,0.0,0.7254901960784313,-15.48141140849409,3.0
7,58,236.62953186035156,0.0,0.7058823529411765,-11.224045768557216,5.0
7,59,266.6203918457031,0.0,0.7450980392156863,-14.91015924043888,4.0
7,60,262.6014404296875,0.0,0.9176470588235294,-12.513221008424075,4.0
7,61,256.2546081542969,0.0,0.803921568627451,-11.515423987168363,5.0
7,62,321.5339050292969,0.0,0.49411764705882355,-16.21864334764518,4.0
7,63,293.6294860839844,0.0015999999595806003,0.4235294117647059,-11.939145105278389,5.0
7,64,226.70626831054688,0.0,0.5568627450980392,-12.50151292734154,4.0
7,65,251.1990509033203,0.0,0.7490196078431373,-13.650517356166445,5.0
7,66,306.46600341796875,0.0007999999797903001,0.7372549019607844,-12.706905464626029,4.0
7,67,263.4501647949219,0.0,0.5568627450980392,-13.73873258423967,3.0
7,68,189.02899169921875,0.0,0.4117647058823529,-14.278645427732688,4.0
7,69,204.02406311035156,0.0,0.3607843137254902,-14.125834695136117,5.0
7,70,196.7458038330078,0.0,0.40784313725490196,-11.473770833049418,4.0
7,71,246.6114959716797,0.0,0.5215686274509804,-14.021937900797736,4.0
7,72,230.48727416992188,0.0,0.5333333333333333,-16.065029447753837,5.0
7,73,218.49082946777344,0.0,0.5176470588235295,-12.874120663946085,4.0
7,74,219.7045135498047,0.0,0.4666666666666667,-11.514560217137168,4.0
7,75,207.48031616210938,0.0,0.4117647058823529,-12.775158497882266,4.0
7,76,170.8987274169922,0.0,0.38823529411764707,-13.223112871789723,5.0
7,77,181.49374389648438,0.0,0.5254901960784314,-12.432178681308262,5.0
7,78,126.85404205322266,0.0,0.807843137254902,-12.245120465327588,5.0
7,79,195.06890869140625,0.0,0.9450980392156862,-15.15021724851339,5.0
7,80,298.63909912109375,0.0,0.807843137254902,-12.963052915980038,4.0
7,81,312.4954833984375,0.0,0.7725490196078432,-12.196441105029468,5.0
7,82,302.5487060546875,0.0,0.7411764705882353,-12.394273045862448,4.0
7,83,226.64669799804688,0.0,0.6470588235294118,-13.908786144269754,3.0
7,84,173.25802612304688,0.0,0.6078431372549019,-13.0293550009251,4.0
7,85,198.7357940673828,0.0007999999797903001,0.5803921568627451,-12.186129465180706,5.0
7,86,250.481201171875,0.00039999998989515007,0.5490196078431373,-11.861651890929792,4.0
7,87,189.91712951660156,0.0,0.6431372549019608,-14.051942880674218,4.0
7,88,249.42237854003906,0.0,0.6627450980392157,-12.314919071986218,5.0
7,89,270.64447021484375,0.0,0.6862745098039216,-14.29381172278153,6.0
7,90,237.13626098632812,0.0,0.5803921568627451,-14.70377519311754,6.0
7,91,257.1802062988281,0.0,0.5058823529411764,-13.368903780285512,4.0
7,92,261.383056640625,0.0,0.43137254901960786,-14.561586755555764,4.0
7,93,281.62982177734375,0.0,0.45098039215686275,-13.766492226371383,4.0
7,94,231.51698303222656,0.03799999877810478,0.5725490196078431,-12.51732272946139,4.0
7,95,231.92059326171875,0.009999999776482582,0.7333333333333333,-15.179841061309766,4.0
7,96,257.768798828125,0.005200000014156103,0.7411764705882353,-14.419461378089629,5.0
7,97,234.84190368652344,0.01759999990463257,0.6274509803921569,-12.892537252791172,5.0
7,98,252.4561767578125,0.0,0.7137254901960784,-13.160650698670224,4.0
7,99,265.1746826171875,0.0,0.6627450980392157,-13.812803932135939,5.0
7,100,238.78970336914062,0.0,0.5058823529411764,-14.618721257348872,4.0
7,101,249.93316650390625,0.0,0.6313725490196078,-13.099288357491453,6.0
7,102,289.7301330566406,0.0,0.7098039215686275,-13.690321931216058,4.0
7,103,285.7392883300781,0.00039999998989515007,0.8431372549019608,-14.498865730594787,5.0
7,104,296.3562316894531,0.0007999999797903001,0.8941176470588236,-13.731131247770135,4.0
7,105,296.0216369628906,0.0015999999595806003,0.8117647058823529,-13.448728640889602,5.0
7,106,238.3964385986328,0.00800000037997961,0.8352941176470589,-12.734018498840252,4.0
7,107,209.49124145507812,0.0,0.8549019607843137,-15.24262910719325,4.0
7,108,284.6863098144531,0.0015999999595806003,0.7529411764705882,-13.009920186005555,5.0
7,109,257.3575744628906,0.0,0.6901960784313725,-11.380825848750968,4.0
7,110,263.9957275390625,0.0,0.5764705882352941,-12.965676857457119,5.0
7,111,225.70799255371094,0.0012000000569969416,0.596078431372549,-10.81415848504552,4.0
7,112,289.7920837402344,0.02160000056028366,0.6549019607843137,-13.04499378597332,6.0
7,113,299.8965759277344,0.1103999987244606,0.7450980392156863,-12.978734003476509,4.0
7,114,233.9486083984375,0.1348000019788742,0.8313725490196079,-11.983768397177027,5.0
7,116,273.58001708984375,0.1720000058412552,0.7529411764705882,-13.135151305898294,4.0
7,117,284.9718322753906,0.06560000032186508,0.596078431372549,-12.250425915226051,5.0
8,8,271.1409606933594,0.0,0.7372549019607844,-17.799256778267857,5.0
8,9,279.7818298339844,0.0,0.8156862745098039,-15.1670877586993,5.0
8,10,310.8479919433594,0.0,0.8431372549019608,-12.923439495896766,4.0
8,11,233.16712951660156,0.0,0.6705882352941176,-12.869170757670068,5.0
8,12,244.2728729248047,0.0,0.5019607843137255,-12.76636791697942,5.0
8,13,289.2773742675781,0.0,0.6196078431372549,-11.209792329526556,4.0
8,14,271.84869384765625,0.0,0.7764705882352941,-12.614770282838508,4.0
8,15,275.5309753417969,0.0,0.8196078431372549,-13.749348427935521,5.0
8,16,288.83770751953125,0.0,0.7019607843137254,-15.350899605883892,4.0
8,17,266.7848815917969,0.0,0.6980392156862745,-14.485542899644097,5.0
8,18,300.35107421875,0.0,0.8745098039215686,-13.05427067222633,4.0
8,19,366.6414794921875,0.0,0.9568627450980393,-12.27503136464607,4.0
8,20,313.447998046875,0.0,0.9647058823529412,-9.881728738000682,5.0
8,21,324.5257568359375,0.0,0.7803921568627451,-13.213653082359935,4.0
8,22,285.2312927246094,0.0,0.6235294117647059,-13.393280487145244,5.0
8,23,267.24774169921875,0.0,0.5568627450980392,-14.16300399139171,4.0
8,24,274.5537414550781,0.0,0.5803921568627451,-13.02570913482749,5.0
8,25,331.4827880859375,0.0,0.7254901960784313,-10.686164466725517,4.0
8,26,304.9554748535156,0.02239999920129776,0.9725490196078431,-12.488578318679735,5.0
8,27,259.21026611328125,0.012400000356137753,0.8705882352941177,-11.514984128653182,4.0
8,28,286.708740234375,0.0,0.5254901960784314,-10.173166289936342,4.0
8,29,294.4431457519531,0.0,0.47843137254901963,-11.77793194443149,5.0
8,30,276.2862854003906,0.0,0.6862745098039216,-10.97096519944227,4.0
8,31,218.53469848632812,0.0,0.788235294117647,-13.37193490989188,4.0
8,32,289.6115417480469,0.0,0.8,-10.79373219968847,4.0
8,33,283.26226806640625,0.0,0.7647058823529411,-12.394441222609224,5.0
8,34,286.03863525390625,0.0,0.7686274509803922,-13.075641621530448,4.0
8,35,274.8350524902344,0.0,0.7686274509803922,-10.576648230874373,5.0
8,36,309.3872375488281,0.0,0.6941176470588235,-11.029222569494406,4.0
8,37,273.7133483886719,0.0,0.596078431372549,-13.091424702393525,4.0
8,38,276.1183776855469,0.0,0.5294117647058824,-13.743133460778068,5.0
8,39,207.1839141845703,0.0,0.42745098039215684,-14.19058418857258,4.0
8,40,257.71630859375,0.0,0.4549019607843137,-15.160011337616764,4.0
8,41,284.693115234375,0.0,0.5882352941176471,-14.070318250858072,4.0
8,42,192.4118194580078,0.0,0.6078431372549019,-16.923233703831226,5.0
8,43,266.34088134765625,0.0,0.6941176470588235,-14.90503485371595,4.0
8,44,215.75234985351562,0.0,0.7294117647058823,-14.62807242736618,5.0
8,45,269.7010803222656,0.0,0.6,-13.606474172677064,5.0
8,46,247.15567016601562,0.0,0.5647058823529412,-14.785647529052541,4.0
8,47,238.42636108398438,0.0,0.6588235294117647,-16.565384558799323,5.0
8,48,223.61302185058594,0.0,0.6980392156862745,-11.856810093393031,5.0
8,49,297.6878662109375,0.003599999938160181,0.5725490196078431,-10.8684053670593,5.0
8,50,245.3087158203125,0.0272000003606081,0.47058823529411764,-12.598519595246163,4.0
8,51,339.4266662597656,0.0,0.4823529411764706,-11.849192089216539,5.0
8,52,304.72088623046875,0.0,0.5529411764705883,-13.928854240629676,4.0
8,53,296.8496398925781,0.0,0.6901960784313725,-13.840832949185472,4.0
8,54,271.5091857910156,0.0,0.6941176470588235,-10.989246162141011,5.0
8,55,288.1097106933594,0.0,0.6313725490196078,-13.375025120058865,3.0
8,56,250.14138793945312,0.0,0.6588235294117647,-16.268765732870023,5.0
8,57,320.1805114746094,0.0,0.796078431372549,-13.733281643622275,4.0
8,58,278.0863342285156,0.0,0.8352941176470589,-11.091736699566974,5.0
8,59,252.93594360351562,0.0,0.8705882352941177,-14.740114953006913,4.0
8,60,310.00067138671875,0.0,0.9176470588235294,-15.866533383580625,5.0
8,61,301.18798828125,0.0,0.8274509803921568,-15.13371443685024,4.0
8,62,312.9945068359375,0.0,0.615686274509804,-12.756649731955212,5.0
8,63,313.8087158203125,0.0012000000569969416,0.49411764705882355,-13.115320293578648,4.0
8,64,273.5665588378906,0.0,0.6,-13.518490117350531,5.0
8,65,266.728515625,0.0,0.7019607843137254,-11.400733175032297,3.0
8,66,305.73779296875,0.0,0.6980392156862745,-11.264151617657767,3.0
8,67,268.0794677734375,0.0,0.5725490196078431,-12.433788019323009,4.0
8,68,268.01971435546875,0.0,0.5254901960784314,-11.715340356741244,4.0
8,69,257.0383605957031,0.0,0.5254901960784314,-13.752000034955572,4.0
8,70,272.4775085449219,0.0,0.4980392156862745,-11.814204978318008,3.0
8,71,232.15167236328125,0.0,0.49411764705882355,-12.888605064319332,5.0
8,72,185.04135131835938,0.0,0.5215686274509804,-15.486023627472099,4.0
8,73,238.29913330078125,0.0,0.5490196078431373,-14.638405709311348,4.0
8,74,217.79428100585938,0.0,0.5686274509803921,-11.879207011680613,5.0
8,75,200.2755126953125,0.0,0.5803921568627451,-15.284392471277638,4.0
8,76,188.48670959472656,0.0,0.5725490196078431,-15.118750874710729,5.0
8,77,184.9113006591797,0.0,0.6627450980392157,-13.416543895125283,4.0
8,78,198.26547241210938,0.0,0.7372549019607844,-13.193533280755096,5.0
8,79,279.6501770019531,0.0,0.6196078431372549,-13.28682223841916,4.0
8,80,300.5226745605469,0.0,0.6392156862745098,-11.237528406464472,6.0
8,81,249.31631469726562,0.0,0.7843137254901961,-13.320424919873311,4.0
8,82,209.28994750976562,0.0,0.7568627450980392,-12.029909701597962,4.0
8,83,255.8974151611328,0.0,0.6588235294117647,-12.382187793365414,5.0
8,84,215.7570037841797,0.0,0.6431372549019608,-15.126346684008343,4.0
8,85,183.51727294921875,0.0,0.6196078431372549,-11.37863275283001,5.0
8,86,235.1875,0.0,0.5725490196078431,-10.578763469513177,4.0
8,87,201.14581298828125,0.00279999990016222,0.7411764705882353,-14.900219578488443,6.0
8,88,251.21502685546875,0.0,0.803921568627451,-13.17554496651331,4.0
8,89,265.07489013671875,0.0,0.6745098039215687,-12.910350167638933,5.0
8,90,255.18008422851562,0.0,0.5450980392156862,-14.361581168205166,5.0
8,91,266.1938171386719,0.0,0.6235294117647059,-11.86906515732871,4.0
8,92,315.2178955078125,0.0,0.6392156862745098,-13.861186409272072,4.0
8,93,303.91400146484375,0.0,0.5215686274509804,-12.588940318546765,4.0
8,94,284.1124572753906,0.0,0.5529411764705883,-13.548195801623674,5.0
8,95,210.21932983398438,0.0,0.6745098039215687,-12.718975449777027,4.0
8,96,243.55606079101562,0.03200000151991844,0.7254901960784313,-14.93474827263105,5.0
8,97,252.85987854003906,0.0,0.6784313725490196,-9.733673097860517,4.0
8,98,258.48272705078125,0.0,0.7843137254901961,-10.577549299651274,5.0
8,99,257.7214050292969,0.0,0.792156862745098,-13.36569055060175,4.0
8,100,313.87664794921875,0.0,0.6901960784313725,-13.426765318562746,4.0
8,101,308.5947265625,0.0,0.6901960784313725,-13.341453540371067,4.0
8,102,310.6885070800781,0.0,0.7333333333333333,-11.283477085040152,4.0
8,103,303.1043395996094,0.00279999990016222,0.8470588235294118,-12.116619843815444,5.0
8,104,295.21026611328125,0.00800000037997961,0.8705882352941177,-12.117264764269887,4.0
8,105,290.28326416015625,0.00039999998989515007,0.792156862745098,-13.569004492753908,5.0
8,106,250.8079376220703,0.0020000000949949026,0.8274509803921568,-15.747615795541122,4.0
8,107,243.55751037597656,0.0031999999191612005,0.8156862745098039,-14.687390244735361,5.0
8,108,282.3611145019531,0.00800000037997961,0.807843137254902,-11.728958523048366,4.0
8,109,265.1156005859375,0.015200000256299973,0.6823529411764706,-11.446129441318787,3.0
8,110,222.8527069091797,0.0,0.5137254901960784,-14.483727219817586,4.0
8,111,211.57521057128906,0.012000000104308128,0.5215686274509804,-14.588647340996934,5.0
8,112,222.11773681640625,0.03720000013709068,0.5450980392156862,-12.776792969981996,4.0
8,113,244.19114685058594,0.014000000432133675,0.6274509803921569,-13.158827342916982,4.0
8,114,242.8549041748047,0.01640000008046627,0.8392156862745098,-12.091953492814604,5.0
8,115,294.4098205566406,0.10239999741315842,0.9294117647058824,-13.852855828430801,5.0
8,116,284.95574951171875,0.024800000712275505,0.8823529411764706,-14.229671991418044,6.0
8,117,258.51922607421875,0.029999999329447746,0.8117647058823529,-12.421168348238806,5.0
9,8,310.61663818359375,0.02759999968111515,0.7764705882352941,-11.982286157916057,5.0
9,9,314.1805114746094,0.04039999842643738,0.796078431372549,-13.23342151747349,4.0
9,10,255.3736572265625,0.0,0.7176470588235294,-13.220591074543236,5.0
9,11,247.71556091308594,0.0,0.6784313725490196,-16.68053490512303,4.0
9,12,254.31434631347656,0.0,0.6196078431372549,-15.630682446242393,4.0
9,13,292.43389892578125,0.0,0.6980392156862745,-12.314314223849859,5.0
9,14,258.24676513671875,0.0,0.6745098039215687,-12.19737200398047,4.0
9,15,209.84231567382812,0.0020000000949949026,0.7019607843137254,-13.194054585774586,5.0
9,16,305.2867431640625,0.003599999938160181,0.7490196078431373,-12.867433877859,4.0
9,17,305.6859436035156,0.0,0.8352941176470589,-13.798880814026127,3.0
9,18,286.02178955078125,0.0,0.8627450980392157,-15.895312196005236,4.0
9,19,357.3274230957031,0.0,0.9019607843137255,-13.218183855934601,6.0
9,20,291.3232116699219,0.0,0.9725490196078431,-10.853168343595351,5.0
9,21,286.13885498046875,0.0,0.9411764705882353,-13.562128261856836,5.0
9,22,306.9665222167969,0.0,0.8235294117647058,-12.832660804013102,4.0
9,23,299.83636474609375,0.0,0.7372549019607844,-13.339163663850375,4.0
9,24,275.59991455078125,0.0,0.6666666666666666,-15.640738358924494,5.0
9,25,312.5322265625,0.0,0.7333333333333333,-10.425679168438668,4.0
9,26,298.3026123046875,0.0007999999797903001,0.8745098039215686,-10.394465267538997,4.0
9,27,249.60667419433594,0.0,0.7450980392156863,-15.091961781473529,4.0
9,28,278.29949951171875,0.0,0.5529411764705883,-12.225495978061742,5.0
9,29,304.7673645019531,0.0,0.6352941176470588,-13.222720655715428,4.0
9,30,266.41558837890625,0.0,0.7215686274509804,-10.819046475490543,4.0
9,31,238.08901977539062,0.0,0.7294117647058823,-14.495093355870804,5.0
9,32,250.04307556152344,0.0,0.7176470588235294,-13.746201257983667,4.0
9,33,260.309814453125,0.0,0.6980392156862745,-11.422257335984938,5.0
9,34,283.03924560546875,0.0,0.7254901960784313,-13.473382080693048,4.0
9,35,265.9731140136719,0.0,0.8274509803921568,-10.754834996917076,4.0
9,36,255.95925903320312,0.0,0.7725490196078432,-12.211419718287118,3.0
9,37,264.0474548339844,0.0,0.611764705882353,-11.425625070518608,5.0
9,38,226.97335815429688,0.0,0.5215686274509804,-14.092544492252756,4.0
9,39,212.0570526123047,0.0,0.44313725490196076,-14.298187440852235,5.0
9,40,211.52029418945312,0.0,0.47843137254901963,-14.304112395237322,5.0
9,41,282.4618225097656,0.0,0.592156862745098,-12.632994039524112,4.0
9,42,235.19210815429688,0.0,0.6235294117647059,-12.855008911828689,5.0
9,43,260.0043640136719,0.0,0.7411764705882353,-12.37914624326227,4.0
9,44,254.343017578125,0.0,0.8313725490196079,-13.46666124355365,5.0
9,45,253.82791137695312,0.0,0.6901960784313725,-14.214807980928398,4.0
9,46,244.1953582763672,0.0,0.6196078431372549,-15.203255108063098,5.0
9,47,174.1534881591797,0.0,0.6862745098039216,-17.47088790738497,4.0
9,48,312.391357421875,0.0,0.6509803921568628,-14.583589752432149,4.0
9,49,259.9283752441406,0.0,0.6509803921568628,-11.758864426660017,6.0
9,50,248.153564453125,0.0,0.615686274509804,-14.920703596927057,4.0
9,51,291.11224365234375,0.0,0.615686274509804,-14.760186967921884,5.0
9,52,313.98486328125,0.0,0.5215686274509804,-13.50349454535232,4.0
9,53,331.4467468261719,0.0,0.6666666666666666,-10.915614265117368,5.0
9,54,295.25750732421875,0.0,0.7176470588235294,-9.207205899650063,4.0
9,55,279.922119140625,0.0,0.6274509803921569,-11.234909722293827,5.0
9,56,250.99984741210938,0.0,0.6509803921568628,-11.665508465050507,4.0
9,57,325.98516845703125,0.0,0.7843137254901961,-13.320043445080312,5.0
9,58,231.4030303955078,0.0,0.7372549019607844,-13.43259652820337,4.0
9,59,288.6322326660156,0.0,0.6862745098039216,-15.36319453844126,4.0
9,60,233.23638916015625,0.0,0.7098039215686275,-14.921403742321369,5.0
9,61,276.9266662597656,0.0,0.7607843137254902,-13.786551366014523,5.0
9,62,266.7247314453125,0.0,0.6666666666666666,-11.55371644002087,4.0
9,63,242.98886108398438,0.0,0.5176470588235295,-14.337755166890357,4.0
9,64,241.08851623535156,0.0,0.615686274509804,-12.545370735424983,4.0
9,65,304.72186279296875,0.0,0.6666666666666666,-12.500009353943133,4.0
9,66,274.5006103515625,0.0,0.6313725490196078,-11.256282837080384,4.0
9,67,289.6380920410156,0.0,0.6,-12.774132980590744,5.0
9,68,295.1177062988281,0.0,0.615686274509804,-10.827171282289715,4.0
9,69,266.12872314453125,0.0,0.6901960784313725,-10.854590966270974,4.0
9,70,231.7422637939453,0.0,0.615686274509804,-15.046051807506762,4.0
9,71,185.6305389404297,0.0,0.4627450980392157,-14.787810838373709,5.0
9,72,159.56170654296875,0.0,0.4666666666666667,-13.1226992082429,4.0
9,73,200.0386199951172,0.0,0.5058823529411764,-12.196431645118642,5.0
9,74,219.83897399902344,0.0,0.5333333333333333,-14.894365139202932,4.0
9,75,242.5047607421875,0.0,0.6274509803921569,-13.127020934519651,5.0
9,76,184.6297149658203,0.0,0.7058823529411765,-12.55933629382698,4.0
9,77,201.4715118408203,0.0,0.7647058823529411,-12.242488318774065,4.0
9,78,206.58572387695312,0.0,0.7215686274509804,-14.91595212886259,6.0
9,79,282.0144958496094,0.0,0.4980392156862745,-10.660220520547426,4.0
9,80,234.10614013671875,0.0,0.5686274509803921,-11.594334018184627,5.0
9,81,142.0607147216797,0.0,0.792156862745098,-15.349033717109757,4.0
9,82,192.53167724609375,0.030799999833106995,0.7137254901960784,-14.297425377177246,5.0
9,83,202.33209228515625,0.0,0.5686274509803921,-14.173622725446615,4.0
9,84,172.37278747558594,0.0,0.5411764705882353,-12.08354861209372,4.0
9,85,204.6129608154297,0.0,0.5098039215686274,-12.405935897041951,4.0
9,86,165.8190155029297,0.0,0.43529411764705883,-12.833491668310366,5.0
9,87,234.53570556640625,0.0,0.5529411764705883,-10.459864289477643,6.0
9,88,289.0602111816406,0.0,0.7333333333333333,-12.2111400411444,4.0
9,89,260.5776672363281,0.0,0.7098039215686275,-14.036202393454742,5.0
9,90,220.8386688232422,0.0,0.6666666666666666,-15.271656927586841,4.0
9,91,253.79443359375,0.0,0.8117647058823529,-12.237437709802112,5.0
9,92,301.31549072265625,0.0,0.807843137254902,-11.132223367411134,4.0
9,93,256.0412902832031,0.0,0.5647058823529412,-15.176030587255571,4.0
9,94,228.27769470214844,0.00559999980032444,0.49411764705882355,-15.854669192373137,3.0
9,95,236.41770935058594,0.011599999852478504,0.5568627450980392,-12.398016531029587,4.0
9,96,261.8115539550781,0.0,0.6588235294117647,-14.736168450258965,5.0
9,97,259.28887939453125,0.0,0.6078431372549019,-12.255244267781702,5.0
9,98,243.28099060058594,0.0,0.615686274509804,-11.543044395915933,5.0
9,99,264.4884033203125,0.0,0.7490196078431373,-14.54158180549787,5.0
9,100,305.0691833496094,0.0,0.796078431372549,-14.18866162279593,6.0
9,101,282.4000549316406,0.0,0.7294117647058823,-14.1863215006814,4.0
9,102,283.7723388671875,0.0,0.7686274509803922,-12.13358320011392,5.0
9,103,289.95440673828125,0.0,0.8627450980392157,-13.360922893210411,4.0
9,104,258.197265625,0.02800000086426735,0.7372549019607844,-12.050279153985656,5.0
9,105,239.20672607421875,0.07079999893903732,0.6509803921568628,-13.304057318913214,4.0
9,106,298.59405517578125,0.09080000221729279,0.6588235294117647,-14.754209240671782,4.0
9,107,273.4275207519531,0.0,0.6627450980392157,-12.952475120009009,3.0
9,108,291.0950927734375,0.02319999970495701,0.8274509803921568,-12.472615960980644,4.0
9,109,285.8456115722656,0.023600000888109207,0.8392156862745098,-11.68592777540913,5.0
9,110,278.6226501464844,0.020800000056624413,0.6470588235294118,-12.100855153480776,4.0
9,111,280.3185729980469,0.14000000059604645,0.5647058823529412,-12.275001836932693,5.0
9,112,248.41200256347656,0.16200000047683716,0.5725490196078431,-11.006751884030695,4.0
9,113,277.6091613769531,0.1964000016450882,0.6509803921568628,-13.454875070762192,4.0
9,114,293.9712219238281,0.20720000565052032,0.7843137254901961,-14.394657126325217,5.0
9,115,276.5113830566406,0.12919999659061432,0.8862745098039215,-12.699099340697899,4.0
9,116,329.2399597167969,0.10440000146627426,0.788235294117647,-11.843714113191838,5.0
9,117,276.1352844238281,0.11400000005960464,0.788235294117647,-10.622072758735573,4.0
10,8,297.84613037109375,0.0,0.7254901960784313,-11.628577585885463,5.0
10,9,295.2273254394531,0.003599999938160181,0.615686274509804,-13.116874605067244,4.0
10,10,322.3455505371094,0.0,0.5647058823529412,-14.225127363462388,6.0
10,11,280.5632019042969,0.0,0.7176470588235294,-13.429297790831438,5.0
10,12,292.86370849609375,0.0007999999797903001,0.8549019607843137,-16.007880768795285,6.0
10,13,281.19342041015625,0.0,0.8156862745098039,-13.210112403349507,4.0
10,14,299.898193359375,0.0,0.5529411764705883,-11.15499586443841,5.0
10,15,267.51025390625,0.0,0.5529411764705883,-12.517668623632538,3.0
10,16,306.85675048828125,0.0,0.7372549019607844,-12.539011502757644,4.0
10,17,325.62103271484375,0.0,0.7725490196078432,-10.499812591003622,5.0
10,18,282.01849365234375,0.0,0.7490196078431373,-12.006197778949835,4.0
10,19,279.7630615234375,0.0,0.7215686274509804,-15.253299624775185,5.0
10,20,245.3184051513672,0.0,0.7686274509803922,-15.175387262978184,4.0
10,21,260.61505126953125,0.0,0.8823529411764706,-12.66023328767027,5.0
10,22,293.20867919921875,0.0,0.7764705882352941,-12.290310641949716,4.0
10,23,288.9517822265625,0.0,0.8117647058823529,-14.293310789912288,5.0
10,24,312.73663330078125,0.0,0.8117647058823529,-15.34435658928897,5.0
10,25,266.54931640625,0.0,0.7372549019607844,-14.07582759072101,4.0
10,26,284.8341369628906,0.0,0.7372549019607844,-14.023587764174458,5.0
10,27,263.102294921875,0.0,0.6705882352941176,-17.4202430327963,4.0
10,28,275.68017578125,0.0,0.6705882352941176,-13.018025426888878,4.0
10,29,295.0283203125,0.006000000052154064,0.7254901960784313,-14.131261324709097,5.0
10,30,318.10394287109375,0.0,0.6823529411764706,-10.810619410742163,5.0
10,31,256.367431640625,0.0,0.6078431372549019,-12.530914072333703,5.0
10,32,293.5701599121094,0.0,0.6235294117647059,-10.645336803892372,5.0
10,33,257.1598205566406,0.0,0.7568627450980392,-11.46140118823556,4.0
10,34,308.9104919433594,0.0,0.7607843137254902,-13.309519646767075,3.0
10,35,341.2803955078125,0.0,0.9333333333333333,-12.867101799920182,4.0
10,36,231.43890380859375,0.0,0.8745098039215686,-14.911386155975455,4.0
10,37,344.5899353027344,0.0,0.6901960784313725,-12.628753555980497,5.0
10,38,329.1920166015625,0.0,0.6392156862745098,-14.707159234160077,4.0
10,39,251.22512817382812,0.0,0.5725490196078431,-13.420212325566958,4.0
10,40,265.6001281738281,0.0,0.5725490196078431,-13.580875955279389,4.0
10,41,285.9707336425781,0.0,0.6,-11.588701021022853,4.0
10,42,251.3078155517578,0.0,0.6549019607843137,-14.210463582722436,4.0
10,43,268.57159423828125,0.0,0.7176470588235294,-14.215441853282567,4.0
10,44,249.5934600830078,0.0,0.7333333333333333,-13.548450902264197,5.0
10,45,267.7352600097656,0.0,0.6862745098039216,-14.209322764333397,4.0
10,46,211.24842834472656,0.0,0.7176470588235294,-14.36168836895446,6.0
10,47,243.51614379882812,0.0,0.6784313725490196,-14.889229725633905,4.0
10,48,276.760498046875,0.0,0.615686274509804,-13.2633972543963,5.0
10,49,307.4365539550781,0.0,0.6784313725490196,-12.510068899426582,4.0
10,50,263.44940185546875,0.0,0.7215686274509804,-14.86440135593094,5.0
10,51,276.6170654296875,0.004800000227987766,0.7529411764705882,-13.573628161088054,6.0
10,52,321.6396789550781,0.0,0.6431372549019608,-12.108667401656245,5.0
10,53,359.8885192871094,0.0012000000569969416,0.7215686274509804,-12.524413866656374,5.0
10,54,316.2083740234375,0.0,0.8431372549019608,-12.168326018988235,4.0
10,55,275.6535949707031,0.0,0.7019607843137254,-10.783304994574829,5.0
10,56,271.47216796875,0.0031999999191612005,0.6666666666666666,-14.202292746825773,4.0
10,57,283.7481689453125,0.0012000000569969416,0.7294117647058823,-11.304262184048417,3.0
10,58,292.63616943359375,0.0,0.6901960784313725,-11.896319753321976,4.0
10,59,305.9632568359375,0.0,0.6980392156862745,-17.083243581293623,5.0
10,60,253.9117889404297,0.0,0.7098039215686275,-16.2058228639868,4.0
10,61,261.63153076171875,0.0,0.7098039215686275,-12.5713190046562,4.0
10,62,298.980224609375,0.0,0.6431372549019608,-9.881310909841869,5.0
10,63,261.0234375,0.0,0.5058823529411764,-14.181466881963395,4.0
10,64,284.4139404296875,0.0,0.5725490196078431,-12.040910061593584,5.0
10,65,307.167236328125,0.0,0.615686274509804,-12.829389499433468,4.0
10,66,277.1223449707031,0.0,0.6392156862745098,-11.769366964475624,5.0
10,67,291.61474609375,0.0,0.6431372549019608,-14.911182695728407,4.0
10,68,281.98492431640625,0.0,0.6705882352941176,-13.544196907857549,4.0
10,69,274.69659423828125,0.0,0.7686274509803922,-15.132122865442188,4.0
10,70,277.0,0.0,0.6549019607843137,-13.561299186000461,5.0
10,71,243.01748657226562,0.0,0.49019607843137253,-15.969023754056996,3.0
10,72,214.35110473632812,0.0,0.47058823529411764,-13.46996072435184,4.0
10,73,249.87252807617188,0.0,0.5607843137254902,-12.80115272259729,5.0
10,74,280.3343811035156,0.0,0.5529411764705883,-13.365206761921408,5.0
10,75,246.07496643066406,0.0,0.5529411764705883,-13.652172442761131,4.0
10,76,220.8130340576172,0.0,0.6705882352941176,-13.391862429408443,4.0
10,77,229.51345825195312,0.0,0.8,-14.63488721708452,5.0
10,78,209.531982421875,0.0,0.8156862745098039,-15.471548006104527,4.0
10,79,269.6178894042969,0.0,0.7019607843137254,-12.695211297767763,4.0
10,80,266.34747314453125,0.0,0.6941176470588235,-13.626068387611179,5.0
10,81,262.0086364746094,0.0,0.6784313725490196,-15.345161226390617,4.0
10,82,288.5672912597656,0.0,0.6235294117647059,-13.737360325800898,5.0
10,83,222.7384490966797,0.0,0.4823529411764706,-11.654818009690842,4.0
10,84,191.42918395996094,0.0,0.4235294117647059,-15.708693510307166,6.0
10,85,139.2707977294922,0.0,0.39215686274509803,-15.332720342518062,4.0
10,86,205.5271453857422,0.0,0.3176470588235294,-14.392326091998182,5.0
10,87,273.7106628417969,0.0,0.3607843137254902,-11.166384137376264,4.0
10,88,282.19384765625,0.0,0.4823529411764706,-10.81362790879242,5.0
10,89,253.196044921875,0.0,0.5843137254901961,-11.6564184390028,6.0
10,90,285.2891845703125,0.0,0.6549019607843137,-15.805498598336591,4.0
10,91,309.2474670410156,0.0,0.7490196078431373,-10.611696705559769,5.0
10,92,281.6866455078125,0.0,0.6941176470588235,-10.494775988699377,3.0
10,93,268.02996826171875,0.0,0.6078431372549019,-13.510765492388106,4.0
10,94,242.79820251464844,0.0,0.5725490196078431,-13.208137501458069,4.0
10,95,225.64149475097656,0.0,0.5333333333333333,-11.928696403840375,5.0
10,96,247.56344604492188,0.0,0.5725490196078431,-11.662778646786434,4.0
10,97,263.86236572265625,0.0,0.5725490196078431,-14.436476471772899,5.0
10,98,243.87542724609375,0.0,0.5529411764705883,-12.804785881472212,5.0
10,99,263.0487365722656,0.0,0.6549019607843137,-13.702466078817539,5.0
10,100,315.2515869140625,0.0,0.6784313725490196,-16.427973696379357,5.0
10,101,283.55474853515625,0.0,0.6588235294117647,-12.718353927762232,5.0
10,102,316.3101501464844,0.0012000000569969416,0.7137254901960784,-11.803846923417682,4.0
10,103,289.22625732421875,0.0,0.8156862745098039,-13.723757833686697,4.0
10,104,198.60714721679688,0.0,0.7764705882352941,-13.394503465977035,4.0
10,105,292.791748046875,0.025599999353289604,0.6470588235294118,-12.911394407982895,4.0
10,106,338.6142272949219,0.002400000113993883,0.5882352941176471,-15.190000014547564,4.0
10,107,356.4450378417969,0.00039999998989515007,0.7215686274509804,-12.175355303054161,5.0
10,108,310.08221435546875,0.0,0.8549019607843137,-11.568597821936862,4.0
10,109,311.5895080566406,0.14399999380111694,0.8509803921568627,-13.207299013498128,5.0
10,110,229.8889617919922,0.036400001496076584,0.796078431372549,-12.280536680510352,4.0
10,114,284.2585144042969,0.12439999729394913,0.7019607843137254,-14.362780892846228,4.0
10,116,296.6331787109375,0.1436000019311905,0.7647058823529411,-12.362340331761438,4.0
11,8,224.61141967773438,0.0015999999595806003,0.47843137254901963,-15.23415860550459,4.0
11,9,279.3045959472656,0.0,0.36470588235294116,-12.934135462175433,5.0
11,10,235.05917358398438,0.0,0.4745098039215686,-9.15358776219583,5.0
11,11,299.5460205078125,0.0,0.7450980392156863,-12.44039519927593,4.0
11,12,307.0402526855469,0.00559999980032444,0.8980392156862745,-14.44724486764387,5.0
11,13,307.2677001953125,0.0,0.7725490196078432,-13.58907163722666,4.0
11,14,309.30889892578125,0.0,0.5882352941176471,-9.730425098179635,5.0
11,15,304.62005615234375,0.0,0.6627450980392157,-11.348037870378516,4.0
11,16,289.7560729980469,0.0,0.8431372549019608,-11.656953311261907,5.0
11,17,302.7823791503906,0.0,0.8117647058823529,-11.852742960225193,4.0
11,18,276.2055358886719,0.0,0.7098039215686275,-13.854749691365019,4.0
11,19,300.1112060546875,0.0,0.6901960784313725,-15.374042307742673,5.0
11,20,276.0829772949219,0.0,0.6,-16.492178467931478,4.0
11,21,310.8451232910156,0.0,0.5490196078431373,-11.865416224301697,5.0
11,22,289.79400634765625,0.0,0.5490196078431373,-10.986232550514213,4.0
11,23,302.22589111328125,0.0,0.6549019607843137,-11.915077910376667,5.0
11,24,303.2062072753906,0.0,0.7294117647058823,-13.648086697116597,4.0
11,25,305.2832946777344,0.0,0.6705882352941176,-14.112733340756552,5.0
11,26,249.63571166992188,0.004000000189989805,0.6470588235294118,-12.36129399667332,3.0
11,27,248.37876892089844,0.0,0.5725490196078431,-10.690749201569991,3.0
11,28,300.6566467285156,0.0,0.6196078431372549,-13.709920813155236,5.0
11,29,253.63380432128906,0.0,0.615686274509804,-14.010983176772307,4.0
11,30,277.49298095703125,0.0,0.5490196078431373,-12.15548238880974,5.0
11,31,291.6861267089844,0.011599999852478504,0.5372549019607843,-11.528715403527617,4.0
11,32,309.61566162109375,0.04039999842643738,0.6235294117647059,-10.188012339692822,5.0
11,33,319.10546875,0.0,0.7725490196078432,-10.655309052154426,4.0
11,34,281.083984375,0.0,0.7725490196078432,-12.201450325278639,5.0
11,35,327.9267883300781,0.0,0.8588235294117647,-11.432630505567351,4.0
11,36,284.55859375,0.0,0.8235294117647058,-13.053429068641142,5.0
11,37,323.3251647949219,0.0,0.6901960784313725,-12.159165938828165,3.0
11,38,364.6161193847656,0.0,0.6509803921568628,-13.22631021762521,4.0
11,39,226.5162811279297,0.0,0.6352941176470588,-13.886060494131783,4.0
11,40,314.0060729980469,0.0,0.5882352941176471,-12.234363752756503,4.0
11,41,262.4968566894531,0.0,0.5450980392156862,-12.63387354103524,6.0
11,42,302.6514587402344,0.0,0.5294117647058824,-13.323615341281332,4.0
11,43,217.3489990234375,0.0,0.5568627450980392,-11.293599074509267,5.0
11,44,243.79946899414062,0.0,0.5647058823529412,-10.17978002784943,4.0
11,45,219.0463104248047,0.0,0.6705882352941176,-14.158789379727805,5.0
11,46,256.4477844238281,0.0,0.8196078431372549,-13.449627863694403,4.0
11,47,275.6756286621094,0.0,0.807843137254902,-14.133870837670472,4.0
11,48,277.9810791015625,0.0,0.7176470588235294,-12.049487505382434,5.0
11,49,244.9664764404297,0.0,0.7607843137254902,-14.477786528454882,4.0
11,50,247.29811096191406,0.0,0.7450980392156863,-13.55118896929934,6.0
11,51,298.3457336425781,0.0,0.8,-10.559512402744382,4.0
11,52,266.2612609863281,0.0,0.7176470588235294,-12.459410504857004,5.0
11,53,298.47198486328125,0.0,0.6823529411764706,-10.840490360830234,5.0
11,54,293.6324768066406,0.0,0.6549019607843137,-12.019114666502823,4.0
11,55,253.11988830566406,0.0,0.6431372549019608,-9.674519333490307,4.0
11,56,246.8755340576172,0.0,0.7294117647058823,-12.917817534405579,4.0
11,57,321.6869201660156,0.0,0.7803921568627451,-11.869410511171042,5.0
11,58,265.1576843261719,0.0,0.7176470588235294,-17.144178185947755,4.0
11,59,286.88153076171875,0.0,0.6470588235294118,-14.475487588968626,5.0
11,60,253.1342315673828,0.0,0.788235294117647,-11.258089764824778,4.0
11,61,276.779296875,0.0,0.8196078431372549,-10.696635923501967,6.0
11,62,328.4253234863281,0.0,0.7254901960784313,-10.426804808227828,3.0
11,63,274.6173095703125,0.0,0.6196078431372549,-14.326924392151492,5.0
11,64,292.6944580078125,0.0,0.6039215686274509,-11.657741502148236,4.0
11,65,274.4773864746094,0.0,0.6352941176470588,-12.992845714092452,4.0
11,66,270.4541320800781,0.0,0.6549019607843137,-14.782564938546177,4.0
11,67,284.9222717285156,0.0,0.6392156862745098,-15.250496695768446,4.0
11,68,286.69842529296875,0.0,0.615686274509804,-13.290139464933851,4.0
11,69,275.37615966796875,0.0,0.6705882352941176,-14.82975360556618,4.0
11,70,233.27694702148438,0.0,0.5490196078431373,-13.371808793156532,4.0
11,71,218.56089782714844,0.0,0.4588235294117647,-13.550308138407933,4.0
11,72,236.73292541503906,0.0,0.5137254901960784,-14.084764740090012,5.0
11,73,254.3572235107422,0.0,0.6235294117647059,-12.463594324269657,4.0
11,74,226.04046630859375,0.0,0.596078431372549,-12.324074888587319,4.0
11,75,257.2948303222656,0.0,0.6,-12.468570601940993,5.0
11,76,274.57025146484375,0.0,0.6705882352941176,-13.268614936150856,4.0
11,77,202.96263122558594,0.0,0.7058823529411765,-14.634139480711179,5.0
11,78,229.96229553222656,0.0,0.7058823529411765,-13.059260955210803,4.0
11,79,239.51844787597656,0.0,0.7137254901960784,-11.664518460663452,6.0
11,80,261.7324523925781,0.00039999998989515007,0.7176470588235294,-12.523810799861732,4.0
11,81,222.29319763183594,0.0,0.6392156862745098,-11.694915091943383,5.0
11,82,170.66148376464844,0.0,0.6313725490196078,-12.808633147240476,4.0
11,83,233.87985229492188,0.0,0.5372549019607843,-12.116258966290234,4.0
11,84,204.767578125,0.0,0.45098039215686275,-16.29977666485419,4.0
11,85,164.9772491455078,0.0,0.4196078431372549,-16.886070752111394,5.0
11,86,147.1632537841797,0.0,0.3803921568627451,-15.228528313981528,5.0
11,87,264.1641845703125,0.0,0.4235294117647059,-14.800432876316854,4.0
11,88,218.3812255859375,0.0,0.5019607843137255,-13.513916386042945,5.0
11,89,279.6517028808594,0.0,0.5529411764705883,-12.37471711253594,4.0
11,90,220.97906494140625,0.0,0.5607843137254902,-14.467602701907957,6.0
11,91,267.1068115234375,0.0,0.5215686274509804,-15.154672687780934,4.0
11,92,220.8114013671875,0.0,0.5333333333333333,-11.633667555654007,4.0
11,93,276.2972717285156,0.0,0.596078431372549,-11.575461340165676,5.0
11,94,284.7518615722656,0.0,0.6392156862745098,-12.738226463258593,4.0
11,95,241.35397338867188,0.0,0.5647058823529412,-12.054221550296344,4.0
11,96,251.56541442871094,0.0,0.5803921568627451,-12.874937263992308,4.0
11,97,248.58935546875,0.0,0.6745098039215687,-11.669954525937028,6.0
11,98,259.9952087402344,0.0,0.6509803921568628,-12.572560637144797,4.0
11,99,263.2796936035156,0.0,0.592156862745098,-12.527065818726522,5.0
11,100,268.75,0.0,0.5529411764705883,-11.784682373501925,4.0
11,101,301.21966552734375,0.0,0.5372549019607843,-10.247111142970605,4.0
11,102,273.1617126464844,0.0,0.5725490196078431,-11.082990564248107,5.0
11,103,261.3858642578125,0.0,0.7137254901960784,-13.526106314481181,4.0
11,104,243.42050170898438,0.0,0.8431372549019608,-14.716371501658937,5.0
11,105,296.9815979003906,0.05920000001788139,0.7529411764705882,-13.029249402741991,4.0
11,106,274.1096496582031,0.1387999951839447,0.6509803921568628,-14.16195955907154,6.0
11,107,264.90252685546875,0.17239999771118164,0.6941176470588235,-13.818038534033459,4.0
12,8,246.2317657470703,0.0,0.4196078431372549,-12.604701950271835,4.0
12,9,280.1800537109375,0.0,0.39215686274509803,-10.59506821101625,5.0
12,10,291.38494873046875,0.0,0.49019607843137253,-11.454778383913853,4.0
12,11,291.54052734375,0.0,0.6392156862745098,-13.756633867622217,6.0
12,12,279.5375671386719,0.0,0.7333333333333333,-16.392883587906123,5.0
12,13,267.7314758300781,0.0,0.7058823529411765,-14.772334169722889,5.0
12,14,331.69390869140625,0.0,0.6627450980392157,-13.580114802119212,5.0
12,15,323.8719787597656,0.0,0.803921568627451,-14.397885042396492,4.0
12,16,310.2378234863281,0.0,0.8980392156862745,-13.118250843753668,4.0
12,17,265.1985168457031,0.0,0.8235294117647058,-14.991532030690692,4.0
12,18,248.119140625,0.0,0.7529411764705882,-14.7397774639259,5.0
12,19,300.6886291503906,0.0,0.7254901960784313,-14.418273863884593,4.0
12,20,254.92066955566406,0.0,0.5882352941176471,-11.793017111071471,6.0
12,21,281.7752990722656,0.0,0.6549019607843137,-8.925075521861057,5.0
12,22,300.6475830078125,0.0,0.7254901960784313,-13.208891850540747,4.0
12,23,294.59466552734375,0.0,0.6941176470588235,-13.327442047935136,5.0
12,24,317.88360595703125,0.0,0.7019607843137254,-12.798565176509658,4.0
12,25,298.5243225097656,0.0,0.6980392156862745,-12.60689974361945,4.0
12,26,269.5971374511719,0.009600000455975533,0.6745098039215687,-12.070378189637696,4.0
12,27,255.29421997070312,0.0,0.6078431372549019,-9.015696074322125,5.0
12,28,293.7237243652344,0.0,0.5882352941176471,-9.81971326449947,4.0
12,29,319.7833251953125,0.0,0.596078431372549,-12.868745786832745,5.0
12,30,300.4638671875,0.0,0.6078431372549019,-12.82647862029618,3.0
12,31,287.76739501953125,0.0,0.6,-13.846069439296755,5.0
12,32,327.1263732910156,0.0,0.592156862745098,-14.649086783376355,5.0
12,33,293.6947937011719,0.0,0.615686274509804,-11.930772993615681,5.0
12,34,253.0197296142578,0.0,0.611764705882353,-11.427654498558141,4.0
12,35,306.3234558105469,0.0,0.7019607843137254,-11.403600131589588,4.0
12,36,270.8908386230469,0.0,0.6784313725490196,-14.298384587499397,4.0
12,37,269.8180847167969,0.0,0.5764705882352941,-11.062552836101531,4.0
12,38,252.83058166503906,0.0,0.5254901960784314,-15.008351900830126,5.0
12,39,242.4076690673828,0.0,0.596078431372549,-13.05097664174226,4.0
12,40,273.6760559082031,0.0,0.6941176470588235,-11.264724001291498,4.0
12,41,264.1890563964844,0.0,0.6588235294117647,-14.555325810235063,5.0
12,42,257.67681884765625,0.0,0.6078431372549019,-14.672743137214965,4.0
12,43,264.3608703613281,0.0,0.6235294117647059,-13.00045426066452,5.0
12,44,262.4325256347656,0.0,0.6862745098039216,-11.238850954350937,4.0
12,45,244.29066467285156,0.0,0.8588235294117647,-12.84567213330713,5.0
12,46,301.3060607910156,0.0,0.9176470588235294,-11.758931288883856,4.0
12,47,224.91433715820312,0.0,0.8666666666666667,-10.873970900149164,4.0
12,48,241.9224395751953,0.0,0.8784313725490196,-13.730820743923868,4.0
12,49,294.7361145019531,0.0,0.9137254901960784,-13.16149835001137,5.0
12,50,290.5383605957031,0.0,0.8941176470588236,-13.586159931687853,5.0
12,51,287.32501220703125,0.0,0.8862745098039215,-13.510614687434739,4.0
12,52,289.48809814453125,0.04439999908208847,0.7333333333333333,-14.34675196248957,5.0
12,53,276.5672912597656,0.00559999980032444,0.6313725490196078,-11.329465785985459,4.0
12,54,308.6004638671875,0.0,0.5686274509803921,-12.640558028528513,5.0
12,55,273.7850036621094,0.00039999998989515007,0.6039215686274509,-11.034824628693752,4.0
12,56,284.4535827636719,0.0,0.7490196078431373,-14.044360899585847,5.0
12,57,312.3777160644531,0.0,0.807843137254902,-12.32853828584705,4.0
12,58,280.0511474609375,0.0015999999595806003,0.7019607843137254,-11.852797194963287,4.0
12,59,215.96728515625,0.004000000189989805,0.5294117647058824,-13.514320996005944,4.0
12,60,280.9198303222656,0.0,0.6745098039215687,-11.23533158909918,4.0
12,61,296.7809753417969,0.0,0.7803921568627451,-11.52986944666413,4.0
12,62,276.6834411621094,0.0,0.788235294117647,-13.160193417689596,4.0
12,63,319.2396240234375,0.0,0.8156862745098039,-14.79653562942598,6.0
12,64,276.9627685546875,0.0,0.7058823529411765,-11.059108217279785,4.0
12,65,276.115234375,0.0,0.6784313725490196,-13.85951174705741,5.0
12,66,289.7987060546875,0.0,0.7411764705882353,-12.415415852708716,4.0
12,67,252.4271240234375,0.0,0.6901960784313725,-12.94877235735018,4.0
12,68,268.2160949707031,0.0,0.6039215686274509,-13.515629979837895,4.0
12,69,215.43577575683594,0.0,0.5764705882352941,-14.057685032325885,4.0
12,70,249.4589080810547,0.0,0.4666666666666667,-15.157997291940253,5.0
12,71,226.36166381835938,0.0,0.5490196078431373,-15.123248552001378,4.0
12,72,247.9807586669922,0.0,0.6823529411764706,-11.44086190381542,5.0
12,73,255.622802734375,0.0,0.7529411764705882,-12.487189513882768,4.0
12,74,262.099609375,0.0,0.6980392156862745,-9.669865164201202,4.0
12,75,242.531982421875,0.0,0.7019607843137254,-10.438633130395338,4.0
12,76,250.90371704101562,0.0,0.6784313725490196,-12.039783183726804,4.0
12,77,217.15371704101562,0.0,0.6235294117647059,-15.398950944691896,4.0
12,78,221.75624084472656,0.0,0.6470588235294118,-15.359320190520387,5.0
12,79,200.20399475097656,0.0,0.7215686274509804,-13.686764907842342,4.0
12,80,228.99362182617188,0.0,0.7607843137254902,-13.36817089572637,4.0
12,81,222.9604949951172,0.0,0.7333333333333333,-12.604312013585632,5.0
12,82,198.30230712890625,0.0,0.7803921568627451,-16.88608256375668,4.0
12,83,252.58961486816406,0.0,0.7372549019607844,-14.647990782675661,5.0
12,84,194.73748779296875,0.0,0.592156862745098,-14.859809462688405,4.0
12,85,193.58140563964844,0.0,0.4627450980392157,-14.26146243995321,4.0
12,86,233.37193298339844,0.0,0.4392156862745098,-13.364567787102853,5.0
12,87,240.8792724609375,0.0,0.5019607843137255,-15.833021115420765,5.0
12,88,227.48863220214844,0.0,0.5764705882352941,-14.83394773464413,6.0
12,89,233.35845947265625,0.0,0.5882352941176471,-12.568128487830174,5.0
12,90,287.18243408203125,0.0,0.4980392156862745,-12.47071496279916,5.0
12,91,265.42242431640625,0.0,0.39215686274509803,-12.084506052521085,4.0
12,92,236.31646728515625,0.0,0.42745098039215684,-12.845930076995234,5.0
12,93,264.7408447265625,0.0,0.5411764705882353,-12.694077404991058,3.0
12,94,221.05685424804688,0.0,0.6039215686274509,-12.041062502164394,4.0
12,95,273.785400390625,0.0,0.6,-13.7929326520967,5.0
12,96,274.9257507324219,0.0,0.7490196078431373,-16.446823932067865,4.0
12,97,256.9297790527344,0.0,0.8666666666666667,-14.214728458812512,5.0
12,98,298.4725646972656,0.0,0.807843137254902,-14.91000780513682,6.0
12,99,283.7626953125,0.0,0.6352941176470588,-13.415630267258077,5.0
12,100,232.53070068359375,0.0,0.5098039215686274,-13.37850993739659,4.0
12,101,317.8243408203125,0.0012000000569969416,0.5450980392156862,-10.538114062363066,5.0
12,102,284.7744140625,0.14319999516010284,0.6509803921568628,-12.654664003249668,4.0
12,103,233.9769744873047,0.0,0.788235294117647,-14.310539315585142,4.0
12,104,219.4582061767578,0.07760000228881836,0.8627450980392157,-16.318083155607926,5.0
12,105,297.20989990234375,0.19840000569820404,0.7098039215686275,-12.460085011799936,4.0
12,108,311.2115783691406,0.21080000698566437,0.7098039215686275,-13.544440420275146,4.0
13,8,218.02687072753906,0.0,0.4549019607843137,-11.512677835526784,5.0
13,9,205.19129943847656,0.0,0.6235294117647059,-10.782653002158153,6.0
13,10,296.3397216796875,0.11159999668598175,0.7490196078431373,-12.11451819973072,4.0
13,11,240.67669677734375,0.0,0.7411764705882353,-14.243339510368823,5.0
13,12,239.56356811523438,0.0,0.6941176470588235,-16.11252126218611,4.0
13,13,300.368408203125,0.0,0.6980392156862745,-14.366203102322427,5.0
13,14,339.85107421875,0.0,0.6901960784313725,-14.984828913189862,4.0
13,15,343.3676452636719,0.0,0.7215686274509804,-11.688624607698355,5.0
13,16,220.35243225097656,0.0,0.8156862745098039,-13.516005717534048,5.0
13,17,260.3564453125,0.0,0.7607843137254902,-13.400016022520411,4.0
13,18,273.1120300292969,0.0,0.7843137254901961,-12.893339288133232,5.0
13,19,311.7857666015625,0.0,0.6549019607843137,-13.863205821965995,4.0
13,20,303.8619079589844,0.0,0.5254901960784314,-10.345316730709651,5.0
13,21,280.4435729980469,0.0,0.7098039215686275,-11.348333551453857,4.0
13,22,283.88470458984375,0.0,0.9019607843137255,-13.860093097984251,5.0
13,23,306.0505676269531,0.0,0.796078431372549,-12.642401020430684,4.0
13,24,281.37567138671875,0.07639999687671661,0.7137254901960784,-13.718046469490332,5.0
13,25,303.7808837890625,0.0,0.6980392156862745,-14.835868810903378,5.0
13,26,266.0609130859375,0.0,0.6823529411764706,-14.303471999895292,4.0
13,27,315.0992431640625,0.0,0.6078431372549019,-11.131552475357864,4.0
13,28,267.6394958496094,0.0,0.5803921568627451,-11.327488909203716,4.0
13,29,305.3802490234375,0.0,0.7176470588235294,-11.687733780388026,4.0
13,30,322.2730407714844,0.0,0.8666666666666667,-12.912855383771188,4.0
13,31,323.2901306152344,0.01080000028014183,0.8627450980392157,-14.63364244935561,5.0
13,32,310.9490661621094,0.0,0.6588235294117647,-14.908402777644472,4.0
13,33,304.33380126953125,0.0,0.5294117647058824,-12.347835909927642,5.0
13,34,272.5974426269531,0.00039999998989515007,0.5098039215686274,-11.553004752879364,5.0
13,35,277.0498046875,0.0,0.5843137254901961,-11.740974203776522,4.0
13,36,238.89222717285156,0.0,0.611764705882353,-12.907706547583356,6.0
13,37,264.33526611328125,0.0,0.596078431372549,-11.17415000702139,4.0
13,38,272.0913391113281,0.0,0.6666666666666666,-13.758820972448385,4.0
13,39,268.7751159667969,0.0,0.7764705882352941,-13.674747696149506,3.0
13,40,292.5027770996094,0.0,0.7372549019607844,-11.775266165519794,5.0
13,41,211.88595581054688,0.0,0.6862745098039216,-14.321882487606633,4.0
13,42,267.2071228027344,0.0,0.6862745098039216,-12.955423080474919,5.0
13,43,227.83978271484375,0.0,0.6901960784313725,-13.65148242975941,6.0
13,44,264.4017028808594,0.0,0.7098039215686275,-12.108722071665898,4.0
13,45,246.09185791015625,0.0,0.9058823529411765,-12.133191435005841,4.0
13,46,288.4574890136719,0.0,0.8784313725490196,-12.170765845678451,3.0
13,47,252.08404541015625,0.0,0.792156862745098,-9.809212925929776,6.0
13,48,247.58792114257812,0.0,0.8980392156862745,-12.059142794013384,4.0
13,49,251.23121643066406,0.0,0.8549019607843137,-12.000871011958159,5.0
13,50,274.9322509765625,0.0,0.7843137254901961,-12.874110068057655,4.0
13,51,262.7833251953125,0.0,0.7098039215686275,-14.728898793439079,5.0
13,52,277.33837890625,0.004800000227987766,0.6745098039215687,-13.244064444736976,5.0
13,53,310.9447021484375,0.0,0.6980392156862745,-12.033712221265125,5.0
13,54,275.6934509277344,0.0,0.6274509803921569,-11.58108390714036,6.0
13,55,331.9210205078125,0.0,0.5490196078431373,-9.025429749302994,3.0
13,56,280.85235595703125,0.0,0.7058823529411765,-11.184873147309556,4.0
13,57,246.327392578125,0.0,0.8235294117647058,-14.735900857075139,4.0
13,58,238.2974395751953,0.0,0.7411764705882353,-12.413777138896771,5.0
13,59,255.3766326904297,0.0,0.5843137254901961,-13.138382931100885,4.0
13,60,261.3741760253906,0.0,0.6745098039215687,-12.555680793451973,5.0
13,61,302.1781311035156,0.0,0.8431372549019608,-10.34275716693861,4.0
13,62,305.2568359375,0.0,0.9176470588235294,-15.003640525037873,3.0
13,63,290.6363220214844,0.0,0.9215686274509803,-14.791828290895698,4.0
13,64,270.5318298339844,0.0,0.7686274509803922,-13.214705462820396,4.0
13,65,277.0556335449219,0.0,0.6980392156862745,-14.306689325755912,5.0
13,66,252.5433349609375,0.0,0.8745098039215686,-12.572682284383504,4.0
13,67,323.8995056152344,0.0,0.8156862745098039,-14.441783967185353,6.0
13,68,270.28704833984375,0.0,0.5607843137254902,-15.423537615065834,4.0
13,69,239.7191925048828,0.0,0.47843137254901963,-13.224437393597025,4.0
13,70,245.2842254638672,0.0,0.49019607843137253,-13.00984784824507,4.0
13,71,239.9415740966797,0.0,0.7019607843137254,-14.775508287747135,4.0
13,72,234.7533721923828,0.0,0.8627450980392157,-13.335141511837127,4.0
13,73,265.87969970703125,0.0,0.9137254901960784,-14.443965986562091,4.0
13,74,288.32025146484375,0.0,0.803921568627451,-12.68224978826569,6.0
13,75,280.34954833984375,0.0,0.8117647058823529,-13.039179544134855,4.0
13,76,271.482421875,0.0,0.796078431372549,-11.170081789634278,5.0
13,77,151.2401885986328,0.0015999999595806003,0.6901960784313725,-12.361679501498235,4.0
13,78,212.81585693359375,0.0,0.7490196078431373,-13.308617511226576,5.0
13,79,211.00523376464844,0.0,0.792156862745098,-14.520003022970505,4.0
13,80,239.15377807617188,0.0,0.7843137254901961,-12.93737040813431,5.0
13,81,261.2074279785156,0.0,0.7686274509803922,-14.38377266984935,5.0
13,82,238.4777374267578,0.0,0.7607843137254902,-12.726583809049076,4.0
13,83,235.54306030273438,0.0,0.7176470588235294,-13.056905303936706,5.0
13,84,272.642578125,0.0,0.7019607843137254,-12.87367419399773,4.0
13,85,233.64590454101562,0.0,0.6235294117647059,-13.515334007395731,6.0
13,86,195.8146514892578,0.0,0.48627450980392156,-14.36144971640778,4.0
13,87,128.76806640625,0.0,0.4627450980392157,-15.671738714188647,5.0
13,88,253.1068572998047,0.0,0.5372549019607843,-15.921381041939433,4.0
13,89,230.29652404785156,0.0,0.615686274509804,-17.133228477184584,4.0
13,90,248.24783325195312,0.0,0.611764705882353,-12.064799574301883,5.0
13,91,311.8680725097656,0.0,0.5098039215686274,-13.355187420624388,4.0
13,92,279.8470458984375,0.0,0.5372549019607843,-12.487651759588882,5.0
13,93,233.4212188720703,0.0,0.5568627450980392,-12.683315308209517,4.0
13,94,215.00672912597656,0.0012000000569969416,0.5254901960784314,-13.97148239167867,6.0
13,95,248.61224365234375,0.0,0.6039215686274509,-15.621830420892602,4.0
13,96,226.28919982910156,0.0,0.7607843137254902,-13.42565510127856,5.0
13,97,234.91262817382812,0.0,0.8509803921568627,-14.679489776968058,4.0
13,98,251.06842041015625,0.0,0.6901960784313725,-11.488364240635816,4.0
13,99,303.6016540527344,0.0,0.6235294117647059,-14.217653153503058,5.0
13,100,240.54757690429688,0.0,0.5490196078431373,-13.5752660476407,4.0
13,101,289.1881408691406,0.0,0.5529411764705883,-11.604858484505149,5.0
13,102,277.8654479980469,0.015200000256299973,0.6509803921568628,-12.185985941203711,4.0
13,103,273.43701171875,0.052799999713897705,0.7411764705882353,-13.467817907679056,6.0
13,105,257.7117919921875,0.07880000025033951,0.5764705882352941,-11.318137685544853,5.0
13,106,299.1483154296875,0.2199999988079071,0.4745098039215686,-11.121563457485228,4.0
13,107,289.57257080078125,0.031599998474121094,0.5529411764705883,-11.591515368815147,5.0
13,108,307.363037109375,0.0828000009059906,0.7764705882352941,-12.061758958847559,5.0
13,109,272.7419128417969,0.1316000074148178,0.9333333333333333,-12.202010177538137,4.0
14,2,170.75823974609375,0.01080000028014183,0.5294117647058824,-11.717687025662793,5.0
14,3,240.51663208007812,0.0012000000569969416,0.5215686274509804,-13.078086667796567,4.0
14,4,186.1597137451172,0.1599999964237213,0.6274509803921569,-16.020471068737198,6.0
14,5,280.4171142578125,0.23800000548362732,0.6509803921568628,-13.469419521007515,4.0
14,8,266.2519836425781,0.0,0.6039215686274509,-13.844824093163107,5.0
14,9,287.52685546875,0.0,0.8156862745098039,-12.887202257212207,4.0
14,10,285.4921875,0.0,0.9176470588235294,-12.283170178390225,5.0
14,11,257.32098388671875,0.0,0.9098039215686274,-14.762532762574407,4.0
14,12,215.38597106933594,0.0,0.8431372549019608,-14.395123664921234,6.0
14,13,340.81414794921875,0.0,0.7019607843137254,-13.49808901715284,5.0
14,14,329.3591613769531,0.0,0.6,-11.460138131995905,4.0
14,15,263.1929016113281,0.0,0.6274509803921569,-12.891894769058805,4.0
14,16,264.8716735839844,0.0,0.6862745098039216,-13.969344574740534,4.0
14,17,258.1073303222656,0.0,0.6941176470588235,-12.425626352600325,4.0
14,18,274.4697265625,0.0,0.7568627450980392,-12.486747071520114,4.0
14,19,326.9306335449219,0.004399999976158142,0.6627450980392157,-12.958292499043642,5.0
14,20,274.7056579589844,0.0,0.5686274509803921,-13.3143118895101,4.0
14,21,252.52188110351562,0.0,0.803921568627451,-13.601551050798175,5.0
14,22,261.3721008300781,0.0,0.9372549019607843,-13.534779901286655,6.0
14,23,269.88287353515625,0.0,0.8352941176470589,-11.49359887092994,4.0
14,24,293.0936584472656,0.0803999975323677,0.6509803921568628,-13.258513618709495,5.0
14,25,236.828125,0.0,0.5764705882352941,-14.3038897273287,4.0
14,26,278.4749755859375,0.0,0.611764705882353,-13.511007448729092,5.0
14,27,275.0093994140625,0.0,0.5411764705882353,-13.272121054526966,4.0
14,28,305.99310302734375,0.0,0.5450980392156862,-11.922309154424473,5.0
14,29,300.8671875,0.0,0.7372549019607844,-14.539353820672858,5.0
14,30,260.9782409667969,0.0,0.8941176470588236,-13.636645152004036,4.0
14,31,272.13238525390625,0.0,0.8862745098039215,-14.21981459637899,4.0
14,32,318.6845397949219,0.0,0.788235294117647,-11.345495483836707,4.0
14,33,286.5736999511719,0.0,0.6666666666666666,-12.642134719672388,4.0
14,34,261.7371520996094,0.0,0.6784313725490196,-11.915646340022189,5.0
14,35,270.2493591308594,0.0,0.7450980392156863,-13.166886303087292,4.0
14,36,261.6357421875,0.0,0.8156862745098039,-14.0032196677146,4.0
14,37,318.949951171875,0.0,0.8,-15.565321179699232,4.0
14,38,317.067626953125,0.0,0.8745098039215686,-11.856767979819523,5.0
14,39,297.8759460449219,0.0,0.9490196078431372,-13.699718782805302,4.0
14,40,265.8949279785156,0.0,0.803921568627451,-13.185913980030461,5.0
14,41,139.58082580566406,0.0,0.6509803921568628,-15.616579619524348,4.0
14,42,317.2488708496094,0.0,0.5529411764705883,-11.653663225690433,5.0
14,43,307.5556335449219,0.0,0.5490196078431373,-12.031556081821863,4.0
14,44,246.86485290527344,0.0,0.596078431372549,-12.933092322038437,5.0
14,45,319.5805358886719,0.0,0.7098039215686275,-12.015315085742133,4.0
14,46,263.99517822265625,0.0,0.6784313725490196,-12.107321775506808,5.0
14,47,221.57254028320312,0.0,0.6745098039215687,-14.256720977573243,4.0
14,48,274.09368896484375,0.0,0.7176470588235294,-13.339147903637233,4.0
14,49,276.2279052734375,0.0,0.7176470588235294,-10.209387915941182,5.0
14,50,308.7797546386719,0.0,0.7647058823529411,-10.640107135879017,4.0
14,51,275.7135009765625,0.0,0.6666666666666666,-13.84663064172285,6.0
14,52,305.8012390136719,0.0,0.6980392156862745,-11.366272628933636,4.0
14,53,303.9069519042969,0.0,0.8274509803921568,-13.86680085897484,5.0
14,54,286.9860534667969,0.0,0.6549019607843137,-13.011465012286479,4.0
14,55,289.65447998046875,0.0,0.5058823529411764,-9.844438234005683,4.0
14,56,284.4884033203125,0.0,0.6666666666666666,-12.763587086042094,5.0
14,57,279.21990966796875,0.0,0.8117647058823529,-13.852398765838698,4.0
14,58,293.5227355957031,0.0,0.7294117647058823,-13.655565973591449,5.0
14,59,279.7634582519531,0.0,0.6980392156862745,-10.363212441788011,4.0
14,60,278.8614501953125,0.0,0.7764705882352941,-13.769720509101615,3.0
14,61,294.8716125488281,0.0,0.9176470588235294,-13.264900093371399,4.0
14,62,253.50732421875,0.0,0.9137254901960784,-13.492535740590121,5.0
14,63,268.6772155761719,0.0,0.8509803921568627,-13.29941678854329,4.0
14,64,307.28289794921875,0.0,0.7568627450980392,-11.908467402426595,5.0
14,65,322.3874816894531,0.0,0.8156862745098039,-12.287876210746873,4.0
14,66,293.27264404296875,0.0,0.9254901960784314,-12.816118065292335,4.0
14,67,262.21209716796875,0.0,0.8274509803921568,-12.209066056011338,3.0
14,68,255.57057189941406,0.0,0.6392156862745098,-13.858959709559247,4.0
14,69,231.02951049804688,0.0,0.48627450980392156,-14.701687253658523,6.0
14,70,233.93887329101562,0.0,0.4823529411764706,-16.355170979747523,4.0
14,71,221.2455596923828,0.0,0.6313725490196078,-14.580439515451953,5.0
14,72,227.82791137695312,0.0,0.8274509803921568,-13.839891682680257,4.0
14,73,224.3722381591797,0.0,0.9215686274509803,-13.653659113860305,5.0
14,74,277.22869873046875,0.0,0.8470588235294118,-12.600965220568817,4.0
14,75,254.59893798828125,0.0,0.8823529411764706,-12.549470895242862,5.0
14,76,243.64743041992188,0.0,0.9137254901960784,-11.584165182882364,5.0
14,77,248.1066131591797,0.0,0.7254901960784313,-10.55677806298869,4.0
14,78,293.1917724609375,0.0,0.6705882352941176,-12.167453372804292,4.0
14,79,178.95220947265625,0.0,0.7058823529411765,-15.495756777525497,4.0
14,80,279.90826416015625,0.0,0.7098039215686275,-14.318844679987972,4.0
14,81,264.66375732421875,0.0,0.6549019607843137,-13.383360058188476,5.0
14,82,173.62779235839844,0.0,0.6823529411764706,-12.133587480358681,5.0
14,83,250.4405975341797,0.0,0.592156862745098,-11.964635428514994,5.0
14,84,232.6946258544922,0.0,0.596078431372549,-13.79630188743292,4.0
14,85,218.0336151123047,0.0,0.6823529411764706,-11.670883341831836,4.0
14,86,210.5115203857422,0.0,0.6235294117647059,-12.236423819967971,4.0
14,87,194.61624145507812,0.0,0.47843137254901963,-13.157415600533017,5.0
14,88,204.8326416015625,0.0,0.5333333333333333,-12.312895845788582,5.0
14,89,265.92425537109375,0.0,0.6980392156862745,-14.223463819581353,6.0
14,90,280.0745849609375,0.0,0.8509803921568627,-13.148828023094566,4.0
14,91,293.0295104980469,0.0,0.7843137254901961,-11.80974018285001,5.0
14,92,310.78070068359375,0.0,0.5372549019607843,-12.387024681014395,4.0
14,93,219.7767791748047,0.0,0.47843137254901963,-13.078063866129241,3.0
14,94,229.60719299316406,0.0,0.4666666666666667,-14.36514771154907,4.0
14,95,231.9499053955078,0.0,0.596078431372549,-15.462197281650754,5.0
14,96,266.44342041015625,0.0,0.7411764705882353,-15.417792899852783,5.0
14,97,267.1750793457031,0.0,0.7607843137254902,-13.034314045434389,5.0
14,98,232.4956817626953,0.0,0.6,-10.983447754949157,6.0
14,99,258.30499267578125,0.0,0.6274509803921569,-13.46110469162576,4.0
14,100,273.1209411621094,0.0,0.6823529411764706,-12.585544182790603,5.0
14,101,285.82818603515625,0.0,0.6588235294117647,-9.798347846274263,4.0
14,102,249.0343017578125,0.0012000000569969416,0.6823529411764706,-10.313057055424842,4.0
14,103,298.7922058105469,0.006399999838322401,0.6313725490196078,-12.915463531678515,4.0
14,104,277.9036560058594,0.03880000114440918,0.48627450980392156,-14.118996777904556,4.0
14,105,252.8975067138672,0.0,0.4392156862745098,-14.225826488427568,5.0
14,106,265.1571960449219,0.06319999694824219,0.44313725490196076,-11.861157496156387,5.0
14,108,266.89227294921875,0.06520000100135803,0.5764705882352941,-10.687287377025358,4.0
14,109,229.33033752441406,0.023600000888109207,0.7176470588235294,-11.701727847367788,5.0
15,2,154.23951721191406,0.20999999344348907,0.4823529411764706,-13.076754415867583,5.0
15,3,190.0837860107422,0.0,0.5333333333333333,-12.95364269726113,5.0
15,4,162.07102966308594,0.15960000455379486,0.5294117647058824,-14.531698949443943,4.0
15,5,189.3961639404297,0.01679999940097332,0.5294117647058824,-12.988924822582213,4.0
15,6,199.11204528808594,0.01720000058412552,0.5764705882352941,-14.580401899163737,5.0
15,7,193.927978515625,0.0,0.5803921568627451,-15.885378307523775,5.0
15,8,259.9194030761719,0.0,0.6274509803921569,-13.92454708386463,5.0
15,9,344.6121826171875,0.0,0.7647058823529411,-12.375527347848456,4.0
15,10,289.9718322753906,0.0,0.792156862745098,-12.455492312934808,5.0
15,11,259.5364990234375,0.0,0.8470588235294118,-13.688629281705861,4.0
15,12,273.9598083496094,0.0,0.9568627450980393,-14.047253904193225,5.0
15,13,283.3966064453125,0.0,0.803921568627451,-12.814453714891734,5.0
15,14,295.7944030761719,0.0,0.6,-9.65813756648124,4.0
15,15,268.7680969238281,0.0,0.5803921568627451,-11.233009873506987,5.0
15,16,201.8521728515625,0.0,0.5607843137254902,-14.120192603006792,4.0
15,17,274.74810791015625,0.0,0.5803921568627451,-11.180998869171043,5.0
15,18,271.29071044921875,0.0,0.6980392156862745,-12.42469799696089,4.0
15,19,261.01727294921875,0.00800000037997961,0.6745098039215687,-11.583972482203585,5.0
15,20,286.2250061035156,0.0,0.6941176470588235,-12.291139794072063,4.0
15,21,248.82135009765625,0.0,0.8352941176470589,-14.742018017022897,5.0
15,22,265.02655029296875,0.0,0.8392156862745098,-13.59482835917608,4.0
15,23,299.22259521484375,0.0,0.8235294117647058,-13.249253199208955,4.0
15,24,282.5590515136719,0.0,0.5647058823529412,-12.57007634839499,5.0
15,25,290.64459228515625,0.0,0.4745098039215686,-13.973819510319723,4.0
15,26,277.4776611328125,0.0,0.5882352941176471,-15.724458443561192,5.0
15,27,285.6712951660156,0.0,0.5411764705882353,-12.822660140610623,4.0
15,28,205.2376251220703,0.0,0.5058823529411764,-12.023848403117016,4.0
15,29,205.37001037597656,0.0,0.6941176470588235,-13.913863339797626,3.0
15,30,296.97235107421875,0.0,0.8431372549019608,-14.873077543923959,5.0
15,31,308.6304931640625,0.0,0.8313725490196079,-13.40567425257802,5.0
15,32,248.75965881347656,0.0,0.7215686274509804,-12.908634033244892,4.0
15,33,289.62005615234375,0.0,0.6941176470588235,-13.610016931916999,5.0
15,34,285.4352111816406,0.0,0.6196078431372549,-13.814813850731483,4.0
15,35,218.4840545654297,0.0,0.5568627450980392,-13.611302405030617,5.0
15,36,261.5738525390625,0.0,0.6705882352941176,-15.595060150264663,4.0
15,37,319.25555419921875,0.0,0.6588235294117647,-15.172089281900012,5.0
15,38,343.2475891113281,0.0,0.6941176470588235,-11.123149138572826,4.0
15,39,266.5841064453125,0.0,0.788235294117647,-12.775636778713512,5.0
15,40,270.3727111816406,0.0,0.792156862745098,-15.249722467515394,4.0
15,41,269.93896484375,0.0,0.592156862745098,-13.204134039871304,4.0
15,42,309.8682861328125,0.0,0.4392156862745098,-13.712281394837248,5.0
15,43,290.65789794921875,0.0,0.4470588235294118,-11.889972380549542,4.0
15,44,319.9306945800781,0.0,0.5411764705882353,-14.027106350154586,5.0
15,45,249.6011962890625,0.0,0.6823529411764706,-12.279257671617616,4.0
15,46,230.36984252929688,0.0,0.7450980392156863,-12.337387463870668,3.0
15,47,266.7381896972656,0.0,0.6509803921568628,-11.637725926910186,4.0
15,48,187.8843231201172,0.0,0.5882352941176471,-15.17657070567865,5.0
15,49,298.7781982421875,0.0,0.7254901960784313,-12.26585805077624,6.0
15,50,239.45513916015625,0.0,0.8666666666666667,-12.12223264534185,5.0
15,51,298.0637512207031,0.0,0.7843137254901961,-13.911882213868662,5.0
15,52,262.0136413574219,0.0,0.7372549019607844,-15.195092173404802,4.0
15,53,256.17529296875,0.0,0.7568627450980392,-12.888774769633152,5.0
15,54,275.2539978027344,0.0,0.596078431372549,-12.26174134259961,4.0
15,55,274.603759765625,0.0,0.4549019607843137,-10.932645823954132,6.0
15,56,297.55010986328125,0.0,0.5843137254901961,-11.659070605424425,3.0
15,57,298.92578125,0.0,0.7725490196078432,-11.594633997870215,5.0
15,58,283.1925964355469,0.0,0.7411764705882353,-13.442064579845876,4.0
15,59,253.34117126464844,0.0,0.7803921568627451,-11.181344014102233,4.0
15,60,291.2555847167969,0.0,0.8705882352941177,-13.06259292776759,5.0
15,61,255.8507080078125,0.0,0.807843137254902,-14.960089743443257,4.0
15,62,285.0263977050781,0.0,0.6901960784313725,-14.928287830409674,4.0
15,63,284.50213623046875,0.0,0.7294117647058823,-12.244475156071516,4.0
15,64,319.3056335449219,0.0,0.788235294117647,-14.111177176758273,4.0
15,65,215.44554138183594,0.0,0.8117647058823529,-12.724018002824275,4.0
15,66,310.27734375,0.0,0.8549019607843137,-12.277328749749454,5.0
15,67,287.2831726074219,0.0,0.7529411764705882,-12.684099581398714,4.0
15,68,296.850830078125,0.0,0.5803921568627451,-12.854365650346288,5.0
15,69,218.78480529785156,0.0,0.45098039215686275,-13.271793187021974,4.0
15,70,245.5418243408203,0.0,0.4549019607843137,-11.812057251959931,4.0
15,71,169.44281005859375,0.0,0.5411764705882353,-14.24647514018444,4.0
15,72,204.7917938232422,0.0,0.6705882352941176,-15.230404018846837,5.0
15,73,243.86343383789062,0.0,0.6627450980392157,-14.333319764670422,4.0
15,74,240.8939971923828,0.0,0.6784313725490196,-12.785580521600542,4.0
15,75,258.6844482421875,0.0,0.807843137254902,-9.737832524744267,4.0
15,76,244.31243896484375,0.0,0.8274509803921568,-14.051331478728574,4.0
15,77,252.8109893798828,0.0,0.6196078431372549,-12.781783934574598,4.0
15,78,232.86732482910156,0.0,0.596078431372549,-11.53870074049086,5.0
15,79,210.10816955566406,0.0,0.6941176470588235,-13.260289760746913,4.0
15,80,201.7067108154297,0.0,0.6509803921568628,-12.924790702848108,5.0
15,81,219.82138061523438,0.0,0.5803921568627451,-13.050802058671536,4.0
15,82,221.41754150390625,0.0,0.7647058823529411,-12.755604276449787,5.0
15,83,231.7235565185547,0.0,0.7058823529411765,-15.544569925791237,4.0
15,84,265.8094787597656,0.0,0.5333333333333333,-10.864537444811425,5.0
15,85,207.41897583007812,0.0,0.6470588235294118,-11.37288275294605,4.0
15,86,242.09249877929688,0.0,0.807843137254902,-12.467355995907079,4.0
15,87,249.34022521972656,0.0,0.6274509803921569,-11.87748717577076,5.0
15,88,222.97320556640625,0.0,0.5333333333333333,-14.057923712667527,4.0
15,89,240.19552612304688,0.0,0.6980392156862745,-14.644558520893671,5.0
15,90,247.5550994873047,0.0,0.8627450980392157,-13.827662101364705,5.0
15,91,301.9075622558594,0.0,0.8313725490196079,-13.427384763343404,4.0
15,92,279.9256286621094,0.0,0.5764705882352941,-10.807049664335459,4.0
15,93,238.05259704589844,0.0,0.5215686274509804,-12.605444886751759,5.0
15,94,237.80442810058594,0.0,0.5490196078431373,-15.783938503470331,4.0
15,95,278.12933349609375,0.0,0.6549019607843137,-14.970150965131872,5.0
15,96,273.2044982910156,0.0,0.6470588235294118,-13.605774884852211,5.0
15,97,219.9950408935547,0.0,0.6352941176470588,-12.382602513330966,4.0
15,98,277.4397888183594,0.0,0.6588235294117647,-11.743335166795594,5.0
15,99,245.3553466796875,0.0,0.7333333333333333,-14.502037860452104,4.0
15,100,260.84527587890625,0.0,0.9058823529411765,-17.689429369960955,6.0
15,101,285.94696044921875,0.0,0.8666666666666667,-13.151139316310834,4.0
15,102,285.6644592285156,0.005200000014156103,0.6588235294117647,-11.011629830967994,5.0
15,103,324.7622375488281,0.0020000000949949026,0.5058823529411764,-13.651886181118494,4.0
15,104,249.4897918701172,0.0,0.36470588235294116,-13.185180166195261,5.0
15,105,242.33688354492188,0.0,0.3176470588235294,-13.78954976939356,4.0
15,106,273.4931640625,0.0012000000569969416,0.40784313725490196,-12.198830637473739,4.0
15,107,257.37286376953125,0.007600000128149986,0.43137254901960786,-13.34285915408741,5.0
15,108,312.8269958496094,0.06920000165700912,0.47058823529411764,-12.26724703082711,6.0
15,109,279.4295959472656,0.011599999852478504,0.49019607843137253,-12.007657158766502,5.0
15,110,251.24478149414062,0.20160000026226044,0.5647058823529412,-16.359026254779426,4.0
16,5,238.0620880126953,0.0,0.5411764705882353,-14.700902886546146,5.0
16,6,206.36795043945312,0.0,0.48627450980392156,-14.228215854156058,4.0
16,7,213.2857666015625,0.0,0.47843137254901963,-12.573823461039282,4.0
16,8,212.66395568847656,0.0,0.6235294117647059,-12.83853866682976,5.0
16,9,281.7619934082031,0.0,0.7176470588235294,-13.342167048178142,5.0
16,10,300.7775573730469,0.0,0.6509803921568628,-12.352414528038496,6.0
16,11,273.7030029296875,0.0,0.6941176470588235,-12.665753778803104,5.0
16,12,263.5430908203125,0.0,0.9529411764705882,-13.144559079709236,5.0
16,13,277.5885314941406,0.0,0.9215686274509803,-11.541754750088622,4.0
16,14,312.62469482421875,0.0,0.7372549019607844,-8.42363174333609,5.0
16,15,289.3862609863281,0.0,0.596078431372549,-12.357197410099454,4.0
16,16,332.5651550292969,0.0,0.5764705882352941,-12.144750833607063,5.0
16,17,320.5187072753906,0.0,0.5568627450980392,-9.357549362334055,5.0
16,18,335.7369384765625,0.0,0.6196078431372549,-11.95188815128527,4.0
16,19,356.522216796875,0.0,0.7137254901960784,-12.148167066831611,5.0
16,20,288.8698425292969,0.0,0.7529411764705882,-13.339951118915652,4.0
16,21,296.8601989746094,0.0,0.7725490196078432,-11.914797631879946,5.0
16,22,313.4266052246094,0.0,0.7647058823529411,-14.01504244753684,4.0
16,23,272.0107421875,0.0,0.7176470588235294,-15.36841013297308,5.0
16,24,302.716064453125,0.0,0.4980392156862745,-11.522224705607663,3.0
16,25,299.0392761230469,0.0,0.5058823529411764,-11.964889367756603,4.0
16,26,229.8704071044922,0.0,0.6509803921568628,-14.427900791585767,4.0
16,27,295.72564697265625,0.0,0.7137254901960784,-14.533773610175537,4.0
16,28,309.0997314453125,0.0,0.6745098039215687,-11.710786255964951,5.0
16,29,265.3001708984375,0.0,0.788235294117647,-15.44794044683002,4.0
16,30,251.7620086669922,0.0,0.8235294117647058,-13.297544049639347,5.0
16,31,304.0482482910156,0.0,0.7450980392156863,-13.193536715568936,4.0
16,32,286.1256103515625,0.0,0.6392156862745098,-12.773853618044473,5.0
16,33,280.4635314941406,0.0,0.6588235294117647,-11.101335249550878,4.0
16,34,295.8515625,0.0,0.5568627450980392,-13.102900460472057,5.0
16,35,261.7030029296875,0.0,0.4549019607843137,-14.16507059757479,4.0
16,36,291.38104248046875,0.0,0.5568627450980392,-15.741929294439336,4.0
16,37,267.3649597167969,0.0,0.5529411764705883,-14.099429015513842,5.0
16,38,308.3472900390625,0.0,0.592156862745098,-12.004004210687281,4.0
16,39,294.1087341308594,0.0,0.7843137254901961,-11.378128827269125,5.0
16,40,310.1607666015625,0.0,0.8705882352941177,-11.462451216623924,4.0
16,41,329.2434387207031,0.0,0.6274509803921569,-13.883912915170882,5.0
16,42,315.2448425292969,0.0,0.49019607843137253,-13.689510440387679,5.0
16,43,301.4053039550781,0.0,0.5098039215686274,-13.205071298090804,4.0
16,44,315.5167236328125,0.0,0.596078431372549,-12.552773208165615,4.0
16,45,272.4195251464844,0.0,0.6784313725490196,-9.937197390536683,3.0
16,46,265.2487487792969,0.0,0.6588235294117647,-11.577834555319303,5.0
16,47,223.93780517578125,0.0,0.615686274509804,-10.935664859120953,4.0
16,48,264.8808898925781,0.0,0.6705882352941176,-13.113643957379448,5.0
16,49,311.7586364746094,0.0,0.8588235294117647,-12.001171572362225,4.0
16,50,264.5905456542969,0.0,0.9647058823529412,-12.876513811015302,5.0
16,51,290.5352478027344,0.0,0.8745098039215686,-10.660744281421998,4.0
16,52,321.56121826171875,0.0,0.7215686274509804,-11.436020067723602,5.0
16,53,271.2886962890625,0.0,0.6784313725490196,-13.313660361648154,4.0
16,54,243.1898956298828,0.0015999999595806003,0.5647058823529412,-13.652692054815203,5.0
16,55,262.89990234375,0.0,0.44313725490196076,-9.899503236877713,4.0
16,56,300.7358703613281,0.0,0.5529411764705883,-10.48066751254682,4.0
16,57,277.9431457519531,0.0,0.7294117647058823,-13.52877028443608,5.0
16,58,296.1424255371094,0.0,0.6784313725490196,-13.706936543886421,4.0
16,59,232.13818359375,0.0,0.6745098039215687,-11.691571571495313,5.0
16,60,277.7412414550781,0.0,0.7098039215686275,-12.319181982090935,4.0
16,61,292.4683532714844,0.0,0.611764705882353,-14.33594706275941,4.0
16,62,266.6045837402344,0.0,0.5176470588235295,-14.029288422078558,4.0
16,63,275.7914733886719,0.0,0.5647058823529412,-11.179415725399931,4.0
16,64,284.1963195800781,0.0,0.6549019607843137,-12.157673831753597,5.0
16,65,273.7583312988281,0.0,0.6745098039215687,-14.54984906401087,4.0
16,66,244.01129150390625,0.0,0.7843137254901961,-10.292292060569633,5.0
16,67,338.25714111328125,0.0,0.7294117647058823,-11.638640657098913,4.0
16,68,322.1418762207031,0.0,0.4980392156862745,-11.745526204530805,4.0
16,69,213.7569122314453,0.0,0.3803921568627451,-12.095465936197815,3.0
16,70,232.8649139404297,0.0,0.4588235294117647,-12.98898339666341,5.0
16,71,259.6322937011719,0.0,0.5686274509803921,-12.568569759537656,5.0
16,72,287.4765319824219,0.0,0.615686274509804,-11.996190867963223,4.0
16,73,246.5266876220703,0.0,0.611764705882353,-12.78577083738692,5.0
16,74,232.43174743652344,0.0,0.611764705882353,-14.613314135942893,4.0
16,75,271.8114013671875,0.0,0.6784313725490196,-12.282749505004627,5.0
16,76,276.8083801269531,0.0,0.7058823529411765,-14.003359091656218,4.0
16,77,271.8508605957031,0.0,0.5607843137254902,-13.988771894601818,6.0
16,78,255.3040771484375,0.0,0.5333333333333333,-13.135511659431682,4.0
16,79,151.15028381347656,0.0,0.611764705882353,-12.52863699451962,4.0
16,80,134.22059631347656,0.0,0.5215686274509804,-11.989049663633143,5.0
16,81,220.27789306640625,0.0,0.49019607843137253,-12.884064218115782,5.0
16,82,196.00918579101562,0.0,0.7058823529411765,-13.322377633541327,5.0
16,83,240.4103240966797,0.0,0.7098039215686275,-13.82981451325538,4.0
16,84,221.1635284423828,0.0,0.5333333333333333,-11.271556993409435,5.0
16,85,225.7108612060547,0.0,0.6078431372549019,-12.645175567490401,4.0
16,86,261.57415771484375,0.0,0.7490196078431373,-11.083961539923678,5.0
16,87,278.9295349121094,0.0,0.6274509803921569,-14.90959027737669,4.0
16,88,197.5617218017578,0.0,0.5450980392156862,-13.17797240388182,5.0
16,89,275.95513916015625,0.0,0.6823529411764706,-12.572512543445015,4.0
16,90,283.3374328613281,0.0,0.7176470588235294,-13.75915333168911,4.0
16,91,243.54747009277344,0.0,0.6901960784313725,-13.28333199603,5.0
16,92,243.16310119628906,0.0,0.5725490196078431,-13.884542879853415,4.0
16,93,220.87164306640625,0.0,0.5372549019607843,-14.435422363274611,5.0
16,94,231.3743133544922,0.0,0.5725490196078431,-14.588876384459684,3.0
16,95,291.9674072265625,0.0,0.6196078431372549,-12.46649374813214,5.0
16,96,280.39178466796875,0.0,0.5647058823529412,-11.32854866505318,4.0
16,97,222.2532196044922,0.0,0.5372549019607843,-16.11377370276506,5.0
16,98,282.9681091308594,0.0,0.6705882352941176,-12.616924882529867,5.0
16,99,273.49530029296875,0.0,0.8156862745098039,-12.938179830970647,4.0
16,100,286.65692138671875,0.0,0.9372549019607843,-15.56077655227994,4.0
16,101,327.5153503417969,0.0,0.8862745098039215,-11.82367687853038,5.0
16,102,297.85101318359375,0.0,0.6470588235294118,-13.768040575469946,5.0
16,103,273.4953308105469,0.00800000037997961,0.4549019607843137,-14.193890020123796,4.0
16,104,241.41000366210938,0.041600000113248825,0.43137254901960786,-14.082866481973475,4.0
16,105,253.29933166503906,0.06319999694824219,0.4588235294117647,-12.91454373977987,6.0
16,106,299.8728332519531,0.0,0.5098039215686274,-14.65999128521629,5.0
16,107,266.83416748046875,0.0,0.49019607843137253,-14.537366538862397,4.0
16,108,280.4539489746094,0.0,0.5137254901960784,-14.8913708644223,4.0
16,109,263.0950927734375,0.0,0.5843137254901961,-11.926606047026961,5.0
17,6,294.4910888671875,0.03280000016093254,0.7137254901960784,-15.64508999374194,4.0
17,7,269.0782165527344,0.025599999353289604,0.615686274509804,-15.48378151998513,5.0
17,8,274.17755126953125,0.0,0.6509803921568628,-12.136845744537553,4.0
17,9,267.67559814453125,0.0,0.7019607843137254,-11.114582326172131,5.0
17,10,234.42965698242188,0.0,0.6980392156862745,-13.664670614469445,4.0
17,11,223.1664581298828,0.0,0.807843137254902,-14.251808958504418,4.0
17,12,294.46319580078125,0.0007999999797903001,0.9647058823529412,-13.071563625478927,6.0
17,13,298.9679260253906,0.0,0.9568627450980393,-12.843464629902037,5.0
17,14,309.1792297363281,0.0,0.8588235294117647,-12.080394889935086,5.0
17,15,313.10205078125,0.0,0.7294117647058823,-13.987054383455886,4.0
17,16,233.34475708007812,0.0,0.6431372549019608,-14.513683400799536,5.0
17,17,249.6099395751953,0.0,0.6,-13.403533906110678,4.0
17,18,279.57550048828125,0.0,0.6235294117647059,-11.135462314286935,4.0
17,19,257.3092041015625,0.0,0.7019607843137254,-12.298984012029106,4.0
17,20,290.51495361328125,0.0,0.7803921568627451,-13.720844425082808,3.0
17,21,237.86724853515625,0.0,0.8392156862745098,-12.96241731841975,5.0
17,22,307.480712890625,0.0,0.8588235294117647,-14.342790325702348,5.0
17,23,272.54071044921875,0.0,0.7019607843137254,-11.891103734981705,5.0
17,24,275.5504150390625,0.0,0.5019607843137255,-13.469572006604832,4.0
17,25,305.7057189941406,0.0,0.5176470588235295,-12.917885613088595,5.0
17,26,292.88720703125,0.0,0.6941176470588235,-13.046468157967384,4.0
17,27,279.9375305175781,0.0,0.807843137254902,-13.292835361951349,5.0
17,28,342.33221435546875,0.0,0.8431372549019608,-13.082549380322758,4.0
17,29,334.6558532714844,0.0,0.9019607843137255,-14.415451606568677,5.0
17,30,233.01918029785156,0.0,0.792156862745098,-13.251710824011623,4.0
17,31,281.30328369140625,0.0,0.7254901960784313,-15.237456580550042,4.0
17,32,218.36795043945312,0.0,0.7529411764705882,-11.422147364855764,5.0
17,33,292.3851013183594,0.0,0.8274509803921568,-11.101720091324685,4.0
17,34,307.4129638671875,0.0,0.6509803921568628,-12.855161442068017,5.0
17,35,309.73223876953125,0.0,0.49019607843137253,-13.343492950163832,4.0
17,36,311.4963073730469,0.0,0.5490196078431373,-15.322416767696707,4.0
17,37,255.2573699951172,0.0,0.5333333333333333,-12.538624897305679,4.0
17,38,264.6057434082031,0.0,0.5372549019607843,-10.32211953895773,4.0
17,39,292.9360656738281,0.0,0.7647058823529411,-12.332799861295529,4.0
17,40,283.9218444824219,0.0,0.8784313725490196,-11.868803803291739,4.0
17,41,304.7279968261719,0.0,0.7450980392156863,-12.708139855232048,5.0
17,42,297.9549560546875,0.0,0.6235294117647059,-14.016983353066992,4.0
17,43,271.0860290527344,0.0,0.6980392156862745,-10.755131895862284,5.0
17,44,299.4261474609375,0.0,0.7725490196078432,-11.245404882667058,4.0
17,45,272.3147888183594,0.0,0.7137254901960784,-11.262612810687923,5.0
17,46,266.9663391113281,0.0,0.6745098039215687,-14.733930717574493,4.0
17,47,261.1216735839844,0.0,0.7215686274509804,-14.037443896045021,5.0
17,48,274.685791015625,0.0,0.8196078431372549,-13.816021856197233,4.0
17,49,330.77349853515625,0.0,0.9333333333333333,-12.332598282276948,4.0
17,50,314.7872009277344,0.0,0.9764705882352941,-14.347691797899728,5.0
17,51,317.98016357421875,0.0,0.9294117647058824,-14.217569424978706,4.0
17,52,270.9196472167969,0.0,0.6745098039215687,-13.714298940821138,6.0
17,53,302.7756042480469,0.0,0.592156862745098,-12.571315082253598,4.0
17,54,275.24322509765625,0.0,0.5019607843137255,-11.45416101469841,5.0
17,55,293.000732421875,0.0,0.41568627450980394,-13.67958653870312,4.0
17,56,290.13226318359375,0.0,0.5294117647058824,-13.862718779745268,4.0
17,57,256.2575988769531,0.0,0.6274509803921569,-14.350949884064239,3.0
17,58,263.16973876953125,0.0,0.5411764705882353,-12.89295316013796,4.0
17,59,218.29360961914062,0.0,0.5333333333333333,-11.853984618039187,5.0
17,60,224.6771697998047,0.0,0.5450980392156862,-15.62299213619525,4.0
17,61,216.74574279785156,0.0,0.4980392156862745,-12.310112224384905,6.0
17,62,333.3835144042969,0.0,0.5333333333333333,-11.987114862533927,4.0
17,63,282.91033935546875,0.0,0.6039215686274509,-12.285037106344884,5.0
17,64,304.8279724121094,0.0,0.6549019607843137,-11.539205394278497,4.0
17,65,258.3177490234375,0.0,0.615686274509804,-12.827516505514199,5.0
17,66,257.5531005859375,0.0,0.6392156862745098,-13.23788605465468,3.0
17,67,254.647705078125,0.0,0.592156862745098,-11.801234859425856,4.0
17,68,222.2709503173828,0.0,0.4549019607843137,-11.862413434896668,4.0
17,69,229.7481231689453,0.0,0.403921568627451,-12.72003353204083,4.0
17,70,249.703369140625,0.0,0.5137254901960784,-15.931495908780278,5.0
17,71,185.0892333984375,0.0,0.592156862745098,-14.972694450240002,4.0
17,72,251.34158325195312,0.0,0.6,-13.77710031716292,5.0
17,73,282.68511962890625,0.0,0.5568627450980392,-16.510610074518244,4.0
17,74,218.8313446044922,0.0,0.5254901960784314,-14.579073840027215,4.0
17,75,241.09584045410156,0.0,0.6078431372549019,-11.651861339175607,4.0
17,76,238.83328247070312,0.0,0.615686274509804,-11.689459717748827,4.0
17,77,238.25999450683594,0.0,0.5098039215686274,-13.955643858967955,4.0
17,78,202.18496704101562,0.0,0.5529411764705883,-14.177266452639072,4.0
17,79,150.54225158691406,0.0,0.5568627450980392,-15.151953456930052,5.0
17,80,222.52438354492188,0.0,0.403921568627451,-13.900970238619513,4.0
17,81,184.5581512451172,0.0,0.3764705882352941,-12.68267043854948,5.0
17,82,150.65464782714844,0.0,0.4980392156862745,-14.101446572270834,6.0
17,83,212.3949737548828,0.0,0.5764705882352941,-11.499607987245021,5.0
17,84,257.1006164550781,0.0,0.5647058823529412,-13.112081021094362,4.0
17,85,297.465087890625,0.0,0.6352941176470588,-11.388083024201316,4.0
17,86,256.8411865234375,0.0,0.6392156862745098,-9.797621894410016,5.0
17,87,301.5510559082031,0.0,0.5450980392156862,-12.378061308621856,4.0
17,88,266.7574157714844,0.0,0.5647058823529412,-13.644463783574901,5.0
17,89,232.30795288085938,0.0,0.7333333333333333,-13.173019012511446,4.0
17,90,231.35147094726562,0.0,0.6588235294117647,-12.333006007675438,5.0
17,91,276.49444580078125,0.0,0.5529411764705883,-14.443913384903599,4.0
17,92,255.73110961914062,0.0,0.5176470588235295,-13.70435257946201,4.0
17,93,261.04052734375,0.0,0.5058823529411764,-11.167534395217405,3.0
17,94,216.8396453857422,0.0,0.5568627450980392,-13.183818338494518,4.0
17,95,226.57736206054688,0.0,0.5725490196078431,-9.98074851561522,5.0
17,96,227.47817993164062,0.0,0.4823529411764706,-11.370249186595583,4.0
17,97,238.1370391845703,0.0,0.4627450980392157,-14.56206986934994,6.0
17,98,244.54966735839844,0.0,0.6,-11.407261756565504,4.0
17,99,185.7584686279297,0.0,0.792156862745098,-13.068883809871378,5.0
17,100,217.42076110839844,0.0,0.9215686274509803,-12.038830636520558,4.0
17,101,278.6402893066406,0.0,0.8705882352941177,-11.118737335593279,5.0
17,102,271.7456970214844,0.0,0.5843137254901961,-12.85373463841382,4.0
17,103,257.03851318359375,0.0,0.44313725490196076,-9.823869430781507,4.0
17,104,220.65286254882812,0.0,0.5176470588235295,-15.279867660061843,5.0
17,105,244.38702392578125,0.0272000003606081,0.6392156862745098,-14.275651401630443,4.0
17,106,289.3124084472656,0.04320000112056732,0.6470588235294118,-13.541018188502633,6.0
17,107,255.5562744140625,0.025200000032782555,0.5058823529411764,-12.94752238346418,6.0
17,108,217.65591430664062,0.0,0.5607843137254902,-16.09437155808387,6.0
17,109,259.1073913574219,0.0012000000569969416,0.6196078431372549,-14.353984900462216,4.0
17,110,245.67674255371094,0.19359999895095825,0.49411764705882355,-16.427273099363088,5.0
18,5,255.6043243408203,0.23440000414848328,0.8666666666666667,-12.189090382599925,4.0
18,6,241.1412811279297,0.09799999743700027,0.788235294117647,-15.848926678098996,4.0
18,7,234.9913330078125,0.09759999811649323,0.7137254901960784,-14.826392162220277,4.0
18,8,301.55816650390625,0.04600000008940697,0.7098039215686275,-10.809394067744524,5.0
18,9,310.4900207519531,0.018799999728798866,0.6588235294117647,-9.958445912938775,5.0
18,10,272.8650817871094,0.0,0.6470588235294118,-12.693774309724013,4.0
18,11,294.086669921875,0.0,0.8196078431372549,-14.038541156611801,5.0
18,12,287.94891357421875,0.0,0.9725490196078431,-15.029662187286155,4.0
18,13,339.05084228515625,0.0,0.9647058823529412,-13.408399518922261,4.0
18,14,307.7083740234375,0.0,0.9137254901960784,-13.4395813700538,5.0
18,15,288.01263427734375,0.0,0.7764705882352941,-15.206240028682087,4.0
18,16,261.4866027832031,0.0,0.6392156862745098,-14.566938309339019,5.0
18,17,289.1335754394531,0.0,0.6980392156862745,-12.949872057639682,4.0
18,18,309.5264892578125,0.0,0.7843137254901961,-12.311974146774725,5.0
18,19,316.0335388183594,0.0,0.7764705882352941,-10.292283391297346,4.0
18,20,239.36683654785156,0.0,0.8235294117647058,-13.187099853808215,5.0
18,21,226.18104553222656,0.0,0.8745098039215686,-16.100426855248166,4.0
18,22,327.6806945800781,0.0,0.8313725490196079,-13.407875923276826,5.0
18,23,249.8470001220703,0.0,0.6941176470588235,-13.206075475236855,4.0
18,24,218.61805725097656,0.0,0.5098039215686274,-15.085289622923433,4.0
18,25,308.50347900390625,0.0,0.5372549019607843,-15.70795526216203,5.0
18,26,265.9272155761719,0.0,0.7215686274509804,-13.658787768009233,4.0
18,27,376.4334411621094,0.0,0.796078431372549,-13.384726945681752,5.0
18,28,281.1130676269531,0.0,0.8156862745098039,-12.336617484486405,4.0
18,29,280.5115051269531,0.0,0.796078431372549,-14.836346960582368,3.0
18,30,299.2084045410156,0.0,0.7254901960784313,-12.101137239239865,5.0
18,31,288.6525573730469,0.0,0.8,-12.782454923270496,4.0
18,32,283.7542724609375,0.0,0.8901960784313725,-11.352126432092202,5.0
18,33,315.6490783691406,0.0,0.984313725490196,-11.85714550562926,4.0
18,34,304.5223693847656,0.0,0.807843137254902,-11.652121038090415,4.0
18,35,312.0417785644531,0.0,0.5764705882352941,-13.33658071225887,4.0
18,36,295.10626220703125,0.0,0.5215686274509804,-13.992118496524233,6.0
18,37,268.8031005859375,0.0,0.5019607843137255,-12.409638241729184,4.0
18,38,245.65533447265625,0.0,0.5215686274509804,-9.101782103286292,5.0
18,39,261.3634033203125,0.0,0.6862745098039216,-12.646662244928368,4.0
18,40,253.10186767578125,0.0,0.7568627450980392,-12.136595026818373,5.0
18,41,325.9590759277344,0.0,0.6705882352941176,-12.406314892427284,4.0
18,42,286.19403076171875,0.0,0.6509803921568628,-13.09567976075812,4.0
18,43,313.6059265136719,0.0,0.6941176470588235,-12.858673399617242,5.0
18,44,322.01812744140625,0.0,0.6862745098039216,-13.665068727463513,4.0
18,45,337.6620788574219,0.0,0.6941176470588235,-13.26758752247774,4.0
18,46,266.3545227050781,0.0,0.7607843137254902,-13.723763504696805,4.0
18,47,259.2398376464844,0.0,0.8117647058823529,-14.949219889767619,5.0
18,48,295.74346923828125,0.0,0.792156862745098,-14.293301787839221,4.0
18,49,277.7188415527344,0.0,0.7803921568627451,-11.149140280331764,5.0
18,50,267.1996154785156,0.0,0.8627450980392157,-10.561320599049111,5.0
18,51,256.7320251464844,0.0,0.8156862745098039,-12.175494783774838,4.0
18,52,277.0216979980469,0.0,0.6470588235294118,-14.155061439165642,4.0
18,53,280.75006103515625,0.0,0.4745098039215686,-15.948164510559034,5.0
18,54,260.81280517578125,0.0,0.403921568627451,-12.416535378070623,5.0
18,55,310.392333984375,0.0,0.4117647058823529,-11.409094057175274,4.0
18,56,217.19105529785156,0.0,0.45098039215686275,-12.35976540555513,5.0
18,57,241.0572052001953,0.0,0.45098039215686275,-11.960826915380515,4.0
18,58,278.4375,0.0,0.4823529411764706,-10.95022168487803,5.0
18,59,242.25656127929688,0.0,0.6235294117647059,-13.03569204959848,4.0
18,60,267.755615234375,0.0,0.6392156862745098,-13.214855119240843,5.0
18,61,229.19952392578125,0.0,0.611764705882353,-13.830224853649682,4.0
18,62,264.8851013183594,0.0,0.6431372549019608,-13.082684802543676,4.0
18,63,260.26287841796875,0.0,0.6509803921568628,-12.609281532622738,5.0
18,64,267.3439636230469,0.0,0.7019607843137254,-13.341011052897937,3.0
18,65,263.9643859863281,0.0,0.6549019607843137,-13.055753058551238,4.0
18,66,265.7023620605469,0.0,0.4823529411764706,-12.14959307058143,4.0
18,67,228.1414031982422,0.0,0.3803921568627451,-10.729522132747313,5.0
18,68,211.7265167236328,0.0,0.41568627450980394,-12.946049194178983,4.0
18,69,230.4289093017578,0.0,0.44313725490196076,-13.928006005356883,3.0
18,70,206.46775817871094,0.0,0.49019607843137253,-14.087360578054726,5.0
18,71,219.46597290039062,0.0,0.6235294117647059,-14.70422722925794,4.0
18,72,243.4755401611328,0.0,0.5843137254901961,-13.081771901265547,5.0
18,73,294.53948974609375,0.0,0.5215686274509804,-12.705844181814516,4.0
18,74,273.5145568847656,0.0,0.49019607843137253,-12.209632608877136,5.0
18,75,238.36111450195312,0.0,0.5372549019607843,-13.938479115505979,4.0
18,76,225.2680206298828,0.0,0.49019607843137253,-9.917321163933979,5.0
18,77,243.48316955566406,0.0,0.5098039215686274,-10.934021263798478,4.0
18,78,222.1835479736328,0.0,0.6745098039215687,-15.224026037708162,5.0
18,79,265.9493408203125,0.0,0.615686274509804,-14.790164784398655,5.0
18,80,163.82664489746094,0.0,0.43137254901960786,-12.065899278348372,4.0
18,81,164.7860565185547,0.0,0.41568627450980394,-14.339955245549703,5.0
18,82,160.1812286376953,0.0,0.5372549019607843,-14.668680863792275,5.0
18,83,275.6165771484375,0.0,0.6235294117647059,-14.417431509731776,5.0
18,84,280.3393249511719,0.0,0.5725490196078431,-12.966301758103034,4.0
18,85,258.1060791015625,0.0,0.5568627450980392,-13.91827614872865,5.0
18,86,259.236572265625,0.0,0.5725490196078431,-10.884624222376097,4.0
18,87,282.9071350097656,0.0,0.5529411764705883,-12.56584446230669,4.0
18,88,256.6383972167969,0.0,0.6705882352941176,-15.704976646394941,4.0
18,89,259.7429504394531,0.0,0.8196078431372549,-13.414078011812283,5.0
18,90,247.4441375732422,0.0,0.7647058823529411,-13.930092335559927,5.0
18,91,292.3363037109375,0.0,0.5607843137254902,-12.446727037993133,4.0
18,92,298.5586242675781,0.0,0.48627450980392156,-11.446779659363562,6.0
18,93,262.0694885253906,0.0,0.47058823529411764,-10.408953643102652,4.0
18,94,197.11231994628906,0.0,0.48627450980392156,-12.456820953421959,4.0
18,95,188.1602020263672,0.0,0.5372549019607843,-12.035712151003924,4.0
18,96,228.21778869628906,0.0,0.4823529411764706,-11.07712697020671,5.0
18,97,251.3810577392578,0.0,0.49019607843137253,-13.315826677024425,4.0
18,98,279.4372253417969,0.0,0.5490196078431373,-10.319625760601792,5.0
18,99,209.65077209472656,0.0,0.6666666666666666,-12.558716517581674,5.0
18,100,230.16575622558594,0.0,0.7803921568627451,-10.733692138220604,4.0
18,101,279.7734069824219,0.0,0.7803921568627451,-11.952144796881264,5.0
18,102,273.63677978515625,0.0,0.592156862745098,-15.51598776089273,4.0
18,103,250.16282653808594,0.0,0.4196078431372549,-14.015799130521904,5.0
18,104,248.3701171875,0.0,0.5137254901960784,-14.29300587290369,5.0
18,105,242.84800720214844,0.0,0.7450980392156863,-12.482868664261604,5.0
18,106,271.3645324707031,0.0,0.8117647058823529,-12.775270503860543,4.0
18,107,282.872314453125,0.0,0.6352941176470588,-12.792821242253714,4.0
18,108,289.0650939941406,0.0,0.6823529411764706,-14.455652138478673,5.0
18,109,273.1794128417969,0.04280000180006027,0.6196078431372549,-15.352824158140258,5.0
19,7,246.5755615234375,0.16760000586509705,0.6941176470588235,-16.43495292205982,5.0
19,8,250.7596893310547,0.04360000044107437,0.6509803921568628,-13.811297872274038,4.0
19,9,297.66021728515625,0.04960000142455101,0.6,-13.291835385151337,5.0
19,10,278.28948974609375,0.13040000200271606,0.5882352941176471,-13.553007148520308,5.0
19,11,243.6202850341797,0.007600000128149986,0.7647058823529411,-13.942593798679619,6.0
19,12,252.645263671875,0.0,0.9647058823529412,-13.246664018049694,5.0
19,13,306.862060546875,0.0,0.9921568627450981,-9.5304570658915,6.0
19,14,276.60235595703125,0.0,0.9764705882352941,-10.89451633638468,4.0
19,15,288.89263916015625,0.0,0.8588235294117647,-15.654120951137124,5.0
19,16,260.3559875488281,0.0,0.6627450980392157,-15.037193239871813,4.0
19,17,304.9584655761719,0.0,0.7490196078431373,-13.00723894513564,5.0
19,18,299.9613037109375,0.0,0.9254901960784314,-10.997598782826588,5.0
19,19,334.8598327636719,0.019200000911951065,0.8862745098039215,-9.954443526745678,4.0
19,20,274.0083923339844,0.03319999948143959,0.7725490196078432,-12.340929847179058,4.0
19,21,279.554443359375,0.0,0.7647058823529411,-13.00823283070714,4.0
19,22,235.39808654785156,0.0,0.7647058823529411,-13.361133369221882,5.0
19,23,222.5214080810547,0.0,0.6862745098039216,-13.030355755118281,4.0
19,24,289.93414306640625,0.0,0.6039215686274509,-14.526936714304304,5.0
19,25,188.78076171875,0.0,0.6196078431372549,-13.975977234981997,4.0
19,26,285.33544921875,0.0,0.7137254901960784,-14.092869927278088,4.0
19,27,328.68603515625,0.0,0.788235294117647,-13.038119368264557,4.0
19,28,283.44342041015625,0.0,0.7490196078431373,-11.27470896722907,4.0
19,29,294.1117858886719,0.0,0.6392156862745098,-13.76804780703278,5.0
19,30,285.2605895996094,0.0,0.6823529411764706,-14.715401081472237,4.0
19,31,321.0359802246094,0.0,0.8941176470588236,-14.223239094652666,5.0
19,32,364.8175048828125,0.0,0.9607843137254902,-12.646812913687382,4.0
19,33,318.2117614746094,0.0,0.9686274509803922,-14.476779567764336,5.0
19,34,305.6150207519531,0.0,0.7254901960784313,-11.423564726044496,4.0
19,35,247.95553588867188,0.0,0.5568627450980392,-11.383990992497734,5.0
19,36,257.2940368652344,0.0,0.47843137254901963,-14.249494364175273,4.0
19,37,213.81704711914062,0.0,0.38823529411764707,-12.886800677064976,4.0
19,38,195.1656494140625,0.0,0.41568627450980394,-13.574991982288822,5.0
19,39,280.8949279785156,0.0,0.5843137254901961,-16.31433273262475,4.0
19,40,265.9276123046875,0.0,0.6823529411764706,-15.424343505259303,4.0
19,41,250.78924560546875,0.0,0.615686274509804,-13.81067909684244,4.0
19,42,220.249755859375,0.0,0.6039215686274509,-12.928605532048316,5.0
19,43,247.47779846191406,0.0,0.5686274509803921,-13.178209971195173,4.0
19,44,277.0946044921875,0.0,0.5450980392156862,-11.566728455838948,5.0
19,45,241.82330322265625,0.0,0.6235294117647059,-13.24948436946719,5.0
19,46,243.30194091796875,0.0,0.8,-14.743256796434732,4.0
19,47,295.0145263671875,0.0,0.8549019607843137,-16.72688006119685,5.0
19,48,294.3465881347656,0.0,0.7490196078431373,-14.445212550547865,4.0
19,49,265.3339538574219,0.0,0.6509803921568628,-11.29369519808332,6.0
19,50,314.6453857421875,0.0,0.6509803921568628,-8.95076382717594,4.0
19,51,253.83580017089844,0.0,0.7137254901960784,-12.016920018997393,5.0
19,52,292.78900146484375,0.0,0.6627450980392157,-14.393566802630325,4.0
19,53,276.09136962890625,0.0,0.48627450980392156,-13.749497392745148,5.0
19,54,243.4640350341797,0.0,0.4980392156862745,-12.2475492492587,4.0
19,55,231.07415771484375,0.0,0.4666666666666667,-15.08627838279162,4.0
19,56,272.5093078613281,0.0,0.396078431372549,-13.6516604013231,5.0
19,57,278.6579895019531,0.0,0.3686274509803922,-14.755021748911936,4.0
19,58,312.12860107421875,0.0,0.5019607843137255,-10.8373803129031,4.0
19,59,270.1861572265625,0.0,0.6745098039215687,-12.023527290892943,4.0
19,60,271.9745178222656,0.0,0.7529411764705882,-12.981621700222492,4.0
19,61,243.02850341796875,0.0,0.7176470588235294,-14.435545529731897,5.0
19,62,290.8867492675781,0.0,0.6784313725490196,-11.808129853441521,4.0
19,63,285.9220886230469,0.0,0.6941176470588235,-11.487190044354287,4.0
19,64,264.9606018066406,0.0,0.7450980392156863,-11.205292295906782,4.0
19,65,255.7965850830078,0.0,0.6745098039215687,-13.127418075861229,5.0
19,66,276.7090148925781,0.0,0.5137254901960784,-10.413893986567818,3.0
19,67,243.37939453125,0.0,0.4470588235294118,-10.761438402271626,4.0
19,68,181.718017578125,0.0,0.5137254901960784,-15.38587567511981,4.0
19,69,236.8236846923828,0.0,0.47058823529411764,-13.506622484042072,5.0
19,70,277.2488098144531,0.0,0.49019607843137253,-13.793636037059196,4.0
19,71,254.4637451171875,0.0,0.6509803921568628,-12.475200659853813,5.0
19,72,182.78672790527344,0.0,0.615686274509804,-11.779866243879386,4.0
19,73,230.91183471679688,0.0,0.5333333333333333,-14.461837800577884,4.0
19,74,259.3380126953125,0.0,0.5411764705882353,-13.68403840622637,5.0
19,75,266.22125244140625,0.0,0.5294117647058824,-13.76174037541352,4.0
19,76,198.6077117919922,0.0,0.42745098039215684,-13.094561985912849,4.0
19,77,234.3050537109375,0.0,0.4745098039215686,-12.121229581980552,4.0
19,78,201.3135223388672,0.0,0.6392156862745098,-14.197741574683478,4.0
19,79,215.144287109375,0.0,0.6235294117647059,-13.289213210151845,4.0
19,80,106.04127502441406,0.0,0.592156862745098,-12.797254919293035,6.0
19,81,201.3568115234375,0.0,0.6941176470588235,-13.680324883049861,5.0
19,82,234.03616333007812,0.0,0.7490196078431373,-13.769104631893672,4.0
19,83,247.0238800048828,0.0,0.6980392156862745,-12.977235559982827,5.0
19,84,272.54541015625,0.0,0.6588235294117647,-10.945712800222783,4.0
19,85,252.10365295410156,0.0,0.7215686274509804,-14.106033043647814,6.0
19,86,249.31822204589844,0.0,0.7098039215686275,-12.613952791701035,4.0
19,87,277.42864990234375,0.0,0.596078431372549,-13.013764765138163,5.0
19,88,237.6369171142578,0.0,0.6941176470588235,-11.10583823954537,4.0
19,89,251.97250366210938,0.0,0.803921568627451,-11.364231413814608,5.0
19,90,262.3543701171875,0.0,0.8,-10.574970534553682,4.0
19,91,248.6696014404297,0.0,0.6666666666666666,-12.074940400400427,3.0
19,92,247.33135986328125,0.0,0.4823529411764706,-11.135396394727778,4.0
19,93,215.26661682128906,0.0,0.41568627450980394,-12.394269256291942,4.0
19,94,173.23965454101562,0.0,0.3764705882352941,-14.29141044102586,6.0
19,95,226.08755493164062,0.0,0.4627450980392157,-14.65166691948954,4.0
19,96,282.0407409667969,0.0,0.5647058823529412,-11.55725683229404,5.0
19,97,274.59783935546875,0.0,0.6352941176470588,-12.42745763398462,4.0
19,98,264.15692138671875,0.0,0.5764705882352941,-10.387878145090088,5.0
19,99,285.2360534667969,0.0,0.6392156862745098,-11.859569175693764,4.0
19,100,295.8939208984375,0.0,0.7058823529411765,-13.835218963203967,4.0
19,101,263.0284423828125,0.0,0.7098039215686275,-12.061030206908864,5.0
19,102,241.292724609375,0.0,0.6235294117647059,-16.422729667922543,4.0
19,103,275.92626953125,0.0,0.5058823529411764,-14.455835927172565,6.0
19,104,262.19207763671875,0.0,0.4980392156862745,-13.567582043696353,5.0
19,105,266.06793212890625,0.0,0.6549019607843137,-12.18512515459079,5.0
19,106,239.45875549316406,0.0,0.7333333333333333,-12.232990652716222,5.0
19,107,270.9745178222656,0.0,0.7411764705882353,-16.36450029356243,5.0
19,108,264.6962585449219,0.0,0.7058823529411765,-14.123817850079183,4.0
19,109,228.16104125976562,0.20839999616146088,0.6549019607843137,-14.073128494707115,5.0
20,1,181.9527130126953,0.1720000058412552,0.6509803921568628,-14.738621251031422,5.0
20,5,319.1322326660156,0.07360000163316727,0.9686274509803922,-11.543708451706484,4.0
20,6,310.0574645996094,0.09960000216960907,0.8117647058823529,-12.333571393787334,6.0
20,7,263.1241760253906,0.15320000052452087,0.5450980392156862,-13.362502016274167,4.0
20,8,287.56195068359375,0.041600000113248825,0.4823529411764706,-13.569886654534052,5.0
20,9,292.2477111816406,0.0,0.592156862745098,-14.088038057590552,4.0
20,10,273.9236145019531,0.0,0.6901960784313725,-12.533398875452955,5.0
20,11,300.1493835449219,0.0007999999797903001,0.8509803921568627,-14.184536137075376,4.0
20,12,343.6061096191406,0.0,0.9372549019607843,-12.777280502342965,4.0
20,13,300.3341979980469,0.01080000028014183,0.9490196078431372,-12.582354267648121,6.0
20,14,287.0810546875,0.0,0.8392156862745098,-12.321182812374046,4.0
20,15,280.3072204589844,0.00039999998989515007,0.6862745098039216,-14.54006384153229,5.0
20,16,261.8553161621094,0.0,0.7372549019607844,-12.880411803749269,4.0
20,17,272.80517578125,0.07079999893903732,0.8784313725490196,-12.425203692286384,4.0
20,18,287.1197814941406,0.0,0.9686274509803922,-12.53310570388212,5.0
20,19,277.73052978515625,0.0,0.8549019607843137,-11.28531859392513,4.0
20,20,311.17529296875,0.0,0.6470588235294118,-11.511335085741303,4.0
20,21,270.07867431640625,0.0,0.6823529411764706,-11.559759214613518,4.0
20,22,317.44775390625,0.0,0.7254901960784313,-12.353064683653614,5.0
20,23,328.3715515136719,0.0,0.6705882352941176,-15.04643252090055,4.0
20,24,292.37744140625,0.0,0.6823529411764706,-14.563495460303939,6.0
20,25,266.4952087402344,0.0,0.6352941176470588,-13.239404491489978,4.0
20,26,250.5684814453125,0.0,0.6274509803921569,-13.793834799318379,5.0
20,27,287.2065124511719,0.0,0.6823529411764706,-12.917043478691019,4.0
20,28,275.1438903808594,0.0,0.6627450980392157,-12.009122695264423,5.0
20,29,279.6257629394531,0.0,0.615686274509804,-12.661418360629337,4.0
20,30,305.10821533203125,0.0,0.6627450980392157,-12.644611281718385,5.0
20,31,282.57275390625,0.0,0.8392156862745098,-14.65427154354839,5.0
20,32,288.7476501464844,0.0,0.8196078431372549,-12.267408395811293,4.0
20,33,255.47445678710938,0.0,0.7764705882352941,-14.278357049788216,4.0
20,34,285.96856689453125,0.0,0.5843137254901961,-10.109806288353587,4.0
20,35,252.96214294433594,0.012000000104308128,0.5176470588235295,-11.090954083564826,4.0
20,36,250.7228546142578,0.0,0.5725490196078431,-14.145725861670854,4.0
20,37,205.06832885742188,0.0,0.5294117647058824,-14.180237418926563,5.0
20,38,235.2045135498047,0.0,0.4823529411764706,-13.001884191282116,4.0
20,39,226.91717529296875,0.0,0.6078431372549019,-12.444894614847295,4.0
20,40,288.2721252441406,0.0,0.6470588235294118,-12.556813203176404,5.0
20,41,287.467529296875,0.0,0.6274509803921569,-11.770249224984939,4.0
20,42,287.00531005859375,0.0,0.5647058823529412,-12.695009228682263,5.0
20,43,303.394287109375,0.0,0.5411764705882353,-13.791788513462837,4.0
20,44,231.7006072998047,0.0,0.611764705882353,-13.129379878982714,5.0
20,45,248.6970977783203,0.0,0.6549019607843137,-14.749771258288234,4.0
20,46,219.49252319335938,0.0,0.7215686274509804,-14.062840823334295,5.0
20,47,236.7710418701172,0.0,0.7803921568627451,-16.438489260529487,4.0
20,48,279.9964904785156,0.0,0.6509803921568628,-17.484258867182703,4.0
20,49,284.9773864746094,0.0,0.592156862745098,-11.753496059851326,4.0
20,50,243.4582061767578,0.0,0.6274509803921569,-10.30266495093868,4.0
20,51,263.38336181640625,0.0,0.7058823529411765,-13.21442360535023,5.0
20,52,291.4119873046875,0.0,0.6941176470588235,-15.118015506646515,4.0
20,53,237.8747100830078,0.0,0.6352941176470588,-16.84597791198977,5.0
20,54,301.5202331542969,0.0,0.6352941176470588,-13.82059927187996,4.0
20,55,270.0308532714844,0.0,0.5450980392156862,-11.669021859681642,6.0
20,56,209.7423095703125,0.0,0.41568627450980394,-11.8164266203155,4.0
20,57,236.23336791992188,0.0,0.4666666666666667,-16.617305841058233,4.0
20,58,269.69293212890625,0.0,0.596078431372549,-15.868987970307696,5.0
20,59,266.31329345703125,0.0,0.6941176470588235,-12.30829574259512,4.0
20,60,259.2809143066406,0.0,0.7137254901960784,-12.972521836035021,5.0
20,61,252.64479064941406,0.0,0.7294117647058823,-13.868908367524641,4.0
20,62,276.1001281738281,0.0,0.6941176470588235,-12.18999955203561,6.0
20,63,331.4332275390625,0.0,0.6549019607843137,-13.47620212851589,4.0
20,64,233.34169006347656,0.0,0.6431372549019608,-12.659430003789982,4.0
20,65,226.9409942626953,0.0,0.5803921568627451,-12.631809407736087,4.0
20,66,253.06224060058594,0.0,0.5176470588235295,-13.778426278342732,5.0
20,67,314.3320617675781,0.0,0.5450980392156862,-12.673506780492454,5.0
20,68,212.4729766845703,0.0,0.596078431372549,-14.671255918753324,4.0
20,69,247.2573699951172,0.0,0.5411764705882353,-13.206620383762154,4.0
20,70,282.5312805175781,0.0,0.5647058823529412,-14.317684395254098,5.0
20,71,253.8923797607422,0.0,0.6313725490196078,-13.078785869019951,4.0
20,72,284.1444091796875,0.0,0.611764705882353,-13.619085540582752,4.0
20,73,265.93505859375,0.0,0.6431372549019608,-16.687162246893234,5.0
20,74,243.74832153320312,0.0,0.6509803921568628,-15.058840722889968,4.0
20,75,247.93569946289062,0.0,0.5490196078431373,-16.115650159238083,4.0
20,76,248.05882263183594,0.0,0.4470588235294118,-13.169627060296465,5.0
20,77,240.75856018066406,0.0,0.4392156862745098,-13.239998595310944,4.0
20,78,244.93350219726562,0.0,0.4196078431372549,-14.299646896488415,5.0
20,79,200.94207763671875,0.0,0.45098039215686275,-14.786481333241547,4.0
20,80,114.5547103881836,0.0,0.6,-15.392825040428535,6.0
20,81,148.95860290527344,0.0,0.7647058823529411,-16.882037841336558,5.0
20,82,244.58389282226562,0.0,0.8627450980392157,-14.41375246724819,6.0
20,83,253.55532836914062,0.0,0.7843137254901961,-11.44805625908008,4.0
20,84,260.08673095703125,0.0,0.8117647058823529,-12.591586742838603,5.0
20,85,263.60577392578125,0.0,0.9137254901960784,-17.447163418409286,4.0
20,86,271.82122802734375,0.0,0.7568627450980392,-14.425671574004799,5.0
20,87,260.2032775878906,0.0,0.6039215686274509,-14.032024826834476,5.0
20,88,269.08697509765625,0.0,0.6,-11.488953029353837,5.0
20,89,282.8257751464844,0.0,0.6862745098039216,-11.426282908890233,3.0
20,90,278.1952819824219,0.0,0.7607843137254902,-10.532683094937171,4.0
20,91,219.343994140625,0.0,0.611764705882353,-14.177142714211413,5.0
20,92,203.76626586914062,0.0,0.4627450980392157,-13.629768631569464,4.0
20,93,220.03787231445312,0.0,0.48627450980392156,-13.333440833792658,4.0
20,94,220.99388122558594,0.0,0.4588235294117647,-17.327251631924213,5.0
20,95,207.86456298828125,0.0,0.47843137254901963,-14.79435532840353,4.0
20,96,275.072509765625,0.0,0.7019607843137254,-11.610452401029292,6.0
20,97,228.46435546875,0.0,0.8705882352941177,-13.13640009110385,4.0
20,98,248.97312927246094,0.0,0.7098039215686275,-13.950206511336026,5.0
20,99,260.7341003417969,0.0,0.6666666666666666,-13.052485307238404,4.0
20,100,295.8503723144531,0.0,0.5764705882352941,-12.81337536936812,5.0
20,101,282.1581726074219,0.0,0.5450980392156862,-12.169202984938742,4.0
20,102,247.85296630859375,0.0,0.6823529411764706,-11.6178553098906,5.0
20,103,270.6325988769531,0.0,0.6313725490196078,-13.154430589278164,4.0
20,104,290.1565856933594,0.0,0.5411764705882353,-15.037052953875707,4.0
20,105,221.89585876464844,0.0,0.5450980392156862,-11.4638047085187,5.0
20,106,249.67333984375,0.0,0.6470588235294118,-14.937966427916516,4.0
20,107,240.76080322265625,0.0007999999797903001,0.7098039215686275,-14.728853020650643,6.0
20,108,294.2904357910156,0.018400000408291817,0.6235294117647059,-14.091545839422938,4.0
21,3,239.6181640625,0.16040000319480896,0.5764705882352941,-15.128082609541675,5.0
21,4,315.1286315917969,0.2223999947309494,0.803921568627451,-14.501115498826554,4.0
21,5,338.7395324707031,0.006000000052154064,0.9215686274509803,-13.225449108002895,5.0
21,6,335.3777160644531,0.05000000074505806,0.792156862745098,-10.755991932899445,4.0
21,7,278.1236572265625,0.06480000168085098,0.5450980392156862,-11.424880152973493,4.0
21,8,243.62750244140625,0.12039999663829803,0.5019607843137255,-12.580881445107213,4.0
21,9,314.11883544921875,0.0,0.6509803921568628,-11.783803761742726,5.0
21,10,267.1996765136719,0.0,0.7607843137254902,-14.689182077791305,5.0
21,11,309.1579284667969,0.0,0.8392156862745098,-14.904041900331727,4.0
21,12,310.073486328125,0.0,0.8392156862745098,-13.331029536765918,5.0
21,13,281.42205810546875,0.0,0.8313725490196079,-10.778255851691785,4.0
21,14,277.4187927246094,0.0,0.6941176470588235,-13.907570488077086,4.0
21,15,329.67462158203125,0.0,0.5647058823529412,-14.187191580815908,5.0
21,16,304.4294128417969,0.0,0.7686274509803922,-13.260601171372059,4.0
21,17,255.96287536621094,0.0,0.8509803921568627,-13.04895433277074,5.0
21,18,254.7227783203125,0.22840000689029694,0.807843137254902,-13.36023317726456,4.0
21,19,273.67181396484375,0.02239999920129776,0.6588235294117647,-14.753095589973789,6.0
21,20,259.0556945800781,0.00039999998989515007,0.5058823529411764,-12.242722029819735,4.0
21,21,251.31155395507812,0.0,0.6235294117647059,-11.622026475281263,5.0
21,22,325.7173156738281,0.0,0.6901960784313725,-12.53144495541748,4.0
21,23,247.08763122558594,0.0,0.6078431372549019,-13.178782021890516,5.0
21,24,254.19044494628906,0.0,0.6823529411764706,-12.152263538181812,4.0
21,25,266.4063415527344,0.0031999999191612005,0.6745098039215687,-12.068623132150691,4.0
21,26,237.67288208007812,0.006399999838322401,0.5647058823529412,-14.136915318637948,5.0
21,27,283.4705505371094,0.0,0.6274509803921569,-11.283529867341372,4.0
21,28,253.8170623779297,0.0,0.6313725490196078,-9.527381374572897,4.0
21,29,239.67942810058594,0.0,0.6627450980392157,-12.913340977430643,4.0
21,30,291.4083557128906,0.0,0.7294117647058823,-12.401719176785397,4.0
21,31,311.87091064453125,0.0,0.7372549019607844,-12.772449496211646,4.0
21,32,324.39556884765625,0.002400000113993883,0.6705882352941176,-11.690701227834621,4.0
21,33,319.2733459472656,0.0,0.6509803921568628,-13.488029542686789,5.0
21,34,282.9492492675781,0.0,0.5607843137254902,-11.61347984116582,4.0
21,35,262.1527099609375,0.0,0.6627450980392157,-10.687950949133647,5.0
21,36,198.45045471191406,0.0,0.8941176470588236,-13.258937495741456,4.0
21,37,294.7525939941406,0.0,0.8627450980392157,-11.928520012872125,5.0
21,38,318.2463073730469,0.0,0.6666666666666666,-11.222847438117242,4.0
21,39,274.7438659667969,0.0,0.6235294117647059,-13.977027744215855,5.0
21,40,316.85430908203125,0.0,0.7764705882352941,-13.514078659404094,4.0
21,41,296.5530700683594,0.0,0.8313725490196079,-11.659818999142953,4.0
21,42,302.6503601074219,0.0,0.6352941176470588,-12.162726488296332,3.0
21,43,278.7995300292969,0.0,0.5647058823529412,-12.656354398488217,4.0
21,44,287.5174255371094,0.0,0.6392156862745098,-12.421259737327219,5.0
21,45,252.82652282714844,0.0,0.6470588235294118,-13.501132028408575,4.0
21,46,240.6127471923828,0.0,0.6862745098039216,-14.306119102042373,5.0
21,47,303.46990966796875,0.0,0.6666666666666666,-13.721822812832654,4.0
21,48,257.76800537109375,0.0,0.6196078431372549,-15.60194384600713,5.0
21,49,273.2554016113281,0.0,0.6823529411764706,-13.341966125338605,4.0
21,50,251.88050842285156,0.0,0.7176470588235294,-12.839631069527513,5.0
21,51,261.90325927734375,0.0,0.6784313725490196,-13.116820358945787,4.0
21,52,265.12969970703125,0.0,0.7411764705882353,-15.683500827432027,4.0
21,53,245.15338134765625,0.0,0.792156862745098,-14.872660369129289,6.0
21,54,228.98545837402344,0.0,0.7529411764705882,-13.687845707894901,4.0
21,55,303.2632141113281,0.0,0.615686274509804,-11.935518709475279,5.0
21,56,266.5887145996094,0.0,0.5294117647058824,-13.559227453492792,4.0
21,57,237.88653564453125,0.0,0.592156862745098,-13.674084181901808,5.0
21,58,199.6348876953125,0.0,0.6549019607843137,-15.881533227531959,4.0
21,59,286.0516662597656,0.0,0.6705882352941176,-14.13136720537981,4.0
21,60,256.4986267089844,0.0,0.6392156862745098,-13.469594952821575,5.0
21,61,246.77853393554688,0.0,0.6078431372549019,-13.829113658623733,4.0
21,62,256.9049987792969,0.0,0.5882352941176471,-12.89059761819216,4.0
21,63,318.9846496582031,0.0,0.5019607843137255,-12.669466611903019,4.0
21,64,286.06640625,0.0,0.42745098039215684,-12.671711187287979,5.0
21,65,227.67874145507812,0.0,0.4,-12.036707169586997,4.0
21,66,164.75509643554688,0.0,0.45098039215686275,-13.744297270515517,3.0
21,67,161.48912048339844,0.0,0.49411764705882355,-11.647611499828123,4.0
21,68,235.1531219482422,0.0,0.47843137254901963,-14.266902501038455,5.0
21,69,245.8661346435547,0.0,0.4980392156862745,-12.993525457082814,5.0
21,70,187.46646118164062,0.0,0.5450980392156862,-11.079003613009615,4.0
21,71,214.07366943359375,0.0,0.5725490196078431,-12.916233286712302,5.0
21,72,245.359619140625,0.0,0.5568627450980392,-12.985122668305994,4.0
21,73,288.34454345703125,0.0,0.6039215686274509,-12.196454600899191,5.0
21,74,199.78700256347656,0.0,0.6431372549019608,-13.655231136576901,4.0
21,75,321.5366516113281,0.0,0.5607843137254902,-12.976319103494625,5.0
21,76,205.50823974609375,0.0,0.4745098039215686,-13.932806181543578,4.0
21,77,159.01536560058594,0.0,0.38823529411764707,-15.958283928877526,5.0
21,78,256.77532958984375,0.0,0.3607843137254902,-14.518590246156544,4.0
21,79,180.33924865722656,0.0,0.403921568627451,-13.641372292961421,4.0
21,80,129.72918701171875,0.0,0.5490196078431373,-14.496727339964767,5.0
21,81,175.20736694335938,0.0,0.7686274509803922,-13.745698719977533,4.0
21,82,240.58489990234375,0.0,0.8862745098039215,-12.343116943809648,5.0
21,83,252.51243591308594,0.0,0.803921568627451,-11.70518061521995,4.0
21,84,238.24403381347656,0.0,0.807843137254902,-13.235637123154767,5.0
21,85,266.66015625,0.0,0.8941176470588236,-15.626497211313296,4.0
21,86,227.8704376220703,0.0,0.6196078431372549,-15.057200474787564,5.0
21,87,261.0926208496094,0.0,0.47058823529411764,-15.978127377495975,4.0
21,88,260.98114013671875,0.0,0.4470588235294118,-12.391611475097113,4.0
21,89,292.33544921875,0.0,0.5019607843137255,-12.599714259849149,5.0
21,90,313.30645751953125,0.0,0.596078431372549,-13.467170275153151,4.0
21,91,221.75779724121094,0.0,0.5607843137254902,-14.726940939306283,3.0
21,92,220.36526489257812,0.0,0.5254901960784314,-15.260493503376651,4.0
21,93,255.48045349121094,0.0,0.6352941176470588,-11.249873228101873,5.0
21,94,252.20457458496094,0.0,0.6470588235294118,-12.549089222905662,4.0
21,95,217.65367126464844,0.0,0.6509803921568628,-12.68020711658805,5.0
21,96,227.75726318359375,0.0,0.7098039215686275,-11.003273376376097,4.0
21,97,260.6264343261719,0.0,0.8117647058823529,-11.646026230349435,4.0
21,98,280.1660461425781,0.0,0.7333333333333333,-13.954932803904281,5.0
21,99,307.4166564941406,0.0,0.6039215686274509,-12.767702602557025,6.0
21,100,278.153076171875,0.0,0.5803921568627451,-11.201782592444541,5.0
21,101,242.960693359375,0.0,0.5098039215686274,-12.937430930487713,4.0
21,102,251.36148071289062,0.0,0.6196078431372549,-10.817713763279357,5.0
21,103,322.70489501953125,0.0,0.6823529411764706,-11.60398095268479,4.0
21,104,250.50433349609375,0.0,0.7490196078431373,-13.117029882487877,5.0
21,105,299.4656066894531,0.0,0.7843137254901961,-10.209067125769229,4.0
21,106,287.9741516113281,0.0,0.7725490196078432,-13.401516513613627,4.0
21,107,263.8912353515625,0.14480000734329224,0.792156862745098,-12.435361076441735,5.0
21,108,229.65521240234375,0.030799999833106995,0.6509803921568628,-12.506371628091127,4.0
22,3,285.1279602050781,0.0575999990105629,0.5450980392156862,-12.15612310409304,6.0
22,4,261.65985107421875,0.015599999576807022,0.6549019607843137,-12.856066335187787,5.0
22,5,265.3163146972656,0.019600000232458115,0.8509803921568627,-11.10704036116932,4.0
22,6,248.7207489013672,0.004000000189989805,0.8862745098039215,-12.369203002201994,4.0
22,7,318.36920166015625,0.0,0.803921568627451,-12.664884379662833,5.0
22,8,282.1995849609375,0.0,0.7058823529411765,-13.5870132964508,5.0
22,9,287.0277404785156,0.0,0.7294117647058823,-14.968361974891744,4.0
22,10,317.4736633300781,0.021199999377131462,0.7215686274509804,-14.492445654121667,5.0
22,11,342.0823059082031,0.006399999838322401,0.796078431372549,-14.595712391090522,6.0
22,12,291.0439453125,0.0,0.807843137254902,-13.097846070446968,5.0
22,13,243.610595703125,0.006800000090152025,0.7607843137254902,-11.588481793807045,4.0
22,14,230.66607666015625,0.0,0.6823529411764706,-12.223252687976004,6.0
22,15,269.1324768066406,0.0,0.6274509803921569,-14.441821770458194,4.0
22,16,283.00958251953125,0.0,0.7254901960784313,-12.735788372480041,4.0
22,17,283.3798828125,0.0,0.6705882352941176,-11.794102667612986,4.0
22,18,262.7047119140625,0.0,0.6784313725490196,-12.558598637676226,3.0
22,19,267.38800048828125,0.0,0.6313725490196078,-14.106641831988343,5.0
22,20,286.7707824707031,0.0,0.5686274509803921,-12.484205712611766,4.0
22,21,285.35626220703125,0.0,0.6823529411764706,-12.466487391975749,6.0
22,22,272.9702453613281,0.01640000008046627,0.7019607843137254,-13.851069003505856,4.0
22,23,248.26951599121094,0.0,0.5803921568627451,-10.165593848777693,5.0
22,24,329.698974609375,0.0,0.5372549019607843,-9.575481825346975,4.0
22,25,257.5911865234375,0.0,0.4392156862745098,-12.624299981259831,6.0
22,26,166.6266326904297,0.0,0.4470588235294118,-14.95792734344459,4.0
22,27,253.1722412109375,0.0,0.5803921568627451,-12.724339511443132,4.0
22,28,301.9966125488281,0.0,0.5843137254901961,-13.145909649404055,5.0
22,29,282.63787841796875,0.0,0.8392156862745098,-13.717153598512603,4.0
22,30,277.8316650390625,0.0,0.9411764705882353,-12.304587208820392,5.0
22,31,297.1345520019531,0.0,0.8313725490196079,-12.589622386431355,4.0
22,32,305.8387451171875,0.0,0.7803921568627451,-12.368325590490361,5.0
22,33,320.465576171875,0.0,0.7647058823529411,-12.004409325942465,4.0
22,34,299.94830322265625,0.0,0.6588235294117647,-9.681758148572431,5.0
22,35,320.79461669921875,0.0,0.7137254901960784,-10.884401734040805,4.0
22,36,300.9915466308594,0.0,0.8705882352941177,-12.979082056876939,5.0
22,37,325.1622314453125,0.0,0.8588235294117647,-13.969495777687996,4.0
22,38,315.26605224609375,0.0,0.6705882352941176,-11.084970221143342,4.0
22,39,273.9613952636719,0.0,0.7686274509803922,-11.236094056444173,4.0
22,40,253.82066345214844,0.0,0.9254901960784314,-11.924892750251189,4.0
22,41,292.9091491699219,0.0,0.9607843137254902,-12.62109146047316,4.0
22,42,326.4901428222656,0.0,0.788235294117647,-12.08625032375769,4.0
22,43,261.1601257324219,0.0,0.6196078431372549,-13.985631042235156,5.0
22,44,289.9651184082031,0.0,0.6039215686274509,-14.534297915904244,4.0
22,45,256.6370544433594,0.0,0.6980392156862745,-14.47014130119003,4.0
22,46,307.00347900390625,0.0,0.792156862745098,-11.57866312920136,5.0
22,47,266.10565185546875,0.0,0.7450980392156863,-13.911814068324427,4.0
22,48,266.7492980957031,0.0,0.8549019607843137,-15.254580829773424,5.0
22,49,295.219482421875,0.0,0.9215686274509803,-12.215188654292671,4.0
22,50,273.89031982421875,0.0,0.7647058823529411,-12.985476244378646,4.0
22,51,301.81683349609375,0.0,0.615686274509804,-16.164633560328376,3.0
22,52,275.49359130859375,0.0,0.5607843137254902,-12.816442028517145,5.0
22,53,189.27027893066406,0.0,0.5725490196078431,-14.319086308816678,4.0
22,54,241.20150756835938,0.0,0.6980392156862745,-15.489842131166206,4.0
22,55,276.9193115234375,0.0,0.6431372549019608,-13.407338508644806,5.0
22,56,315.94476318359375,0.0,0.5764705882352941,-12.869454581228094,5.0
22,57,356.59283447265625,0.0,0.6666666666666666,-13.351312117161086,4.0
22,58,269.01947021484375,0.0,0.7254901960784313,-13.49762880321375,4.0
22,59,276.02325439453125,0.0,0.7137254901960784,-13.672382166882572,6.0
22,60,229.09066772460938,0.0,0.6666666666666666,-13.106223791449416,4.0
22,61,271.6478271484375,0.0,0.6392156862745098,-14.138567380179143,4.0
22,62,256.2471008300781,0.0,0.5411764705882353,-15.189891563179643,4.0
22,63,275.77685546875,0.0,0.38823529411764707,-13.287549928069035,4.0
22,64,291.1366882324219,0.0,0.3333333333333333,-13.963292682276002,4.0
22,65,249.5946807861328,0.0,0.3568627450980392,-10.90191423553609,4.0
22,66,191.00852966308594,0.0,0.4745098039215686,-13.357106030872995,5.0
22,67,165.5328369140625,0.0,0.49411764705882355,-9.751144741615093,4.0
22,68,246.86886596679688,0.0,0.4117647058823529,-14.189820880933713,5.0
22,69,269.7095947265625,0.0,0.4392156862745098,-15.491886163272993,4.0
22,70,181.29153442382812,0.0,0.5254901960784314,-11.633839093235991,4.0
22,71,244.6492462158203,0.0,0.5529411764705883,-13.362351114657294,5.0
22,72,262.7308654785156,0.0,0.5803921568627451,-14.024073252180445,4.0
22,73,243.59439086914062,0.0,0.5803921568627451,-12.081367544460859,4.0
22,74,207.16090393066406,0.0,0.6588235294117647,-14.455898581838705,4.0
22,75,247.5771026611328,0.0,0.7215686274509804,-13.254996482977345,6.0
22,76,263.5345764160156,0.0,0.6705882352941176,-12.472492622951814,4.0
22,77,218.83815002441406,0.0,0.5333333333333333,-11.616959185747358,4.0
22,78,208.16879272460938,0.0,0.5215686274509804,-12.753224526705935,4.0
22,79,137.57640075683594,0.0,0.6,-12.527652916897317,5.0
22,80,195.11337280273438,0.0,0.7333333333333333,-15.15533943036931,4.0
22,81,216.1724090576172,0.0,0.8313725490196079,-15.632632647166107,6.0
22,82,271.0932312011719,0.0,0.7725490196078432,-11.83563283862835,5.0
22,83,269.69476318359375,0.0,0.6509803921568628,-12.213477855887993,4.0
22,84,248.22604370117188,0.0,0.6705882352941176,-10.999661329869273,5.0
22,85,203.0505828857422,0.0,0.7803921568627451,-13.80974277868952,4.0
22,86,320.036865234375,0.0,0.6392156862745098,-14.315676615874967,5.0
22,87,249.6846923828125,0.0,0.4470588235294118,-14.538035553973266,5.0
22,88,291.79229736328125,0.0,0.42745098039215684,-10.394382208945558,5.0
22,89,280.8956604003906,0.0,0.4745098039215686,-11.127363806616895,3.0
22,90,255.40042114257812,0.0,0.5490196078431373,-12.96173414826034,3.0
22,91,235.85287475585938,0.0,0.5411764705882353,-12.71838751786853,5.0
22,92,234.47157287597656,0.0,0.5647058823529412,-13.325503124250268,4.0
22,93,247.6853790283203,0.0,0.6509803921568628,-12.124407475753344,5.0
22,94,260.2095031738281,0.0,0.6823529411764706,-10.808724882976765,4.0
22,95,227.29833984375,0.0,0.6549019607843137,-10.769210998478227,5.0
22,96,238.37277221679688,0.0,0.6352941176470588,-12.986005635659675,4.0
22,97,251.02914428710938,0.0,0.6705882352941176,-17.05591573873525,5.0
22,98,229.4116973876953,0.0,0.6274509803921569,-15.49219761703432,4.0
22,99,296.07977294921875,0.0,0.6392156862745098,-13.78253403378189,4.0
22,100,294.73895263671875,0.0,0.6980392156862745,-13.95863109838653,6.0
22,101,278.7493896484375,0.0,0.6,-13.552985404495544,4.0
22,102,247.87026977539062,0.0,0.6274509803921569,-10.730594249999694,4.0
22,103,294.37542724609375,0.0,0.8352941176470589,-10.160839364211235,4.0
22,105,246.68528747558594,0.0012000000569969416,0.8980392156862745,-13.281824401228143,4.0
22,106,300.3605041503906,0.00039999998989515007,0.8745098039215686,-12.947526179050254,5.0
22,107,269.1777038574219,0.0,0.8980392156862745,-13.28598900101852,4.0
22,108,270.0539855957031,0.006399999838322401,0.7372549019607844,-14.038184692585693,5.0
23,3,311.8995666503906,0.0851999968290329,0.5803921568627451,-13.066364479376674,4.0
23,4,248.753173828125,0.18719999492168427,0.611764705882353,-10.42441462194438,4.0
23,5,259.8074951171875,0.16279999911785126,0.7019607843137254,-12.276738220937734,5.0
23,6,267.2908020019531,0.03440000116825104,0.8,-14.740557095515172,4.0
23,7,307.3416442871094,0.053599998354911804,0.8745098039215686,-13.503452507002882,5.0
23,8,303.212646484375,0.019200000911951065,0.803921568627451,-13.016866773754924,4.0
23,9,270.6650390625,0.0,0.6313725490196078,-14.368967994259316,5.0
23,10,277.6806945800781,0.0,0.596078431372549,-14.61915566361112,4.0
23,11,326.7360534667969,0.0,0.7490196078431373,-13.220103437716206,5.0
23,12,266.59942626953125,0.0,0.7607843137254902,-12.748070904833275,5.0
23,13,245.10557556152344,0.0012000000569969416,0.7333333333333333,-14.10830067109854,4.0
23,14,234.07965087890625,0.0,0.7568627450980392,-12.581984995608565,5.0
23,15,282.6092529296875,0.0,0.6470588235294118,-14.554072910651579,4.0
23,16,335.3057556152344,0.0,0.6470588235294118,-10.713539401411182,6.0
23,17,327.82550048828125,0.0,0.6509803921568628,-11.305837747259675,4.0
23,18,288.4707336425781,0.0,0.7411764705882353,-12.352069320665944,4.0
23,19,294.9603271484375,0.0,0.7254901960784313,-11.194325981400251,4.0
23,20,279.2069396972656,0.0,0.6823529411764706,-9.576470259787525,5.0
23,21,231.54908752441406,0.0,0.7058823529411765,-13.749336713926928,5.0
23,22,144.64971923828125,0.0,0.6588235294117647,-17.21729196435403,4.0
23,23,243.01487731933594,0.0,0.5529411764705883,-12.493407588453413,5.0
23,24,278.69268798828125,0.0,0.49411764705882355,-9.540199308494481,4.0
23,25,198.95680236816406,0.0,0.39215686274509803,-13.290514750943183,4.0
23,26,147.2659454345703,0.0,0.4549019607843137,-15.30101895956831,4.0
23,27,266.6031799316406,0.0,0.6666666666666666,-13.844836985412696,6.0
23,28,281.7086486816406,0.0,0.7450980392156863,-15.022137165704162,4.0
23,29,300.56494140625,0.0,0.8823529411764706,-14.377974684270251,5.0
23,30,294.0865783691406,0.0,0.8862745098039215,-12.516728888981373,4.0
23,31,327.5492858886719,0.0,0.7490196078431373,-12.444689234987969,5.0
23,32,304.7452087402344,0.0,0.7019607843137254,-13.406128649691292,5.0
23,33,265.3314514160156,0.0,0.7686274509803922,-12.78839659393902,4.0
23,34,291.34063720703125,0.0,0.7098039215686275,-11.779677915426145,5.0
23,35,315.487548828125,0.0272000003606081,0.6980392156862745,-11.386554619904176,4.0
23,36,293.1047058105469,0.0,0.7333333333333333,-12.695473884404665,4.0
23,37,294.1612243652344,0.0,0.7372549019607844,-11.360819352301464,4.0
23,38,328.6900939941406,0.0,0.6862745098039216,-11.950101190387572,5.0
23,39,295.2616271972656,0.0,0.807843137254902,-13.91799623736081,5.0
23,40,268.63006591796875,0.0,0.8705882352941177,-14.492249494513093,4.0
23,41,283.9371337890625,0.0,0.8823529411764706,-12.529562626329822,5.0
23,42,296.13385009765625,0.0,0.7450980392156863,-12.73921014887447,4.0
23,43,317.5057067871094,0.0,0.6784313725490196,-12.655210063680842,5.0
23,44,330.71978759765625,0.0,0.7372549019607844,-14.525357648879599,4.0
23,45,286.8292541503906,0.0,0.7803921568627451,-15.321105976018437,5.0
23,46,300.9927673339844,0.0,0.8745098039215686,-13.959488559282953,4.0
23,47,295.8830871582031,0.0,0.9254901960784314,-14.409793669381727,4.0
23,48,283.2684020996094,0.0,0.9333333333333333,-15.523312792121233,4.0
23,49,292.11895751953125,0.0,0.8588235294117647,-12.923586703992871,4.0
23,50,339.1319580078125,0.0,0.7254901960784313,-11.807673446978571,4.0
23,51,311.0545654296875,0.0,0.6352941176470588,-13.589748735157137,4.0
23,52,272.5670166015625,0.0,0.49019607843137253,-14.415761508776919,5.0
23,53,262.6053161621094,0.0,0.4980392156862745,-14.656514349646965,4.0
23,54,285.3472595214844,0.0,0.6392156862745098,-14.865233617211702,5.0
23,55,268.5435791015625,0.0,0.6313725490196078,-13.391808491516485,5.0
23,56,272.57440185546875,0.0,0.5176470588235295,-14.453618319194767,5.0
23,57,268.6200256347656,0.0,0.5450980392156862,-11.786584174950406,4.0
23,58,284.7118835449219,0.0,0.7647058823529411,-12.576422145023374,4.0
23,59,276.6963195800781,0.0,0.7647058823529411,-9.981630255676125,3.0
23,60,298.0804138183594,0.0,0.5882352941176471,-11.297815402339227,4.0
23,61,185.3446502685547,0.0,0.5568627450980392,-14.053211337096874,6.0
23,62,212.37234497070312,0.0,0.4745098039215686,-13.579496167566097,4.0
23,63,199.44752502441406,0.0,0.3607843137254902,-14.620562414455552,6.0
23,64,193.9166717529297,0.0,0.40784313725490196,-13.70809166550111,4.0
23,65,232.90098571777344,0.0,0.5058823529411764,-10.458961731745234,4.0
23,66,146.0374755859375,0.0,0.5294117647058824,-12.90015208593819,4.0
23,67,203.00811767578125,0.0,0.5529411764705883,-14.239423269654045,4.0
23,68,231.55569458007812,0.0,0.4745098039215686,-14.223774793621065,4.0
23,69,208.61546325683594,0.0,0.4196078431372549,-11.404123942307425,4.0
23,70,210.7223663330078,0.0,0.43529411764705883,-12.438830427654018,6.0
23,71,171.7567901611328,0.0,0.5098039215686274,-14.290348775431065,4.0
23,72,181.69921875,0.0,0.615686274509804,-14.938820063611411,5.0
23,73,204.1497344970703,0.0,0.5882352941176471,-10.996788559071993,4.0
23,74,216.16441345214844,0.0,0.7333333333333333,-15.401112879988347,5.0
23,75,260.0552062988281,0.0,0.8705882352941177,-16.17725526599329,4.0
23,76,274.9796447753906,0.0,0.8784313725490196,-11.992191093168902,5.0
23,77,256.95941162109375,0.0,0.788235294117647,-11.335045310718732,5.0
23,78,247.32643127441406,0.0,0.7058823529411765,-12.470625010412126,4.0
23,79,206.54629516601562,0.0015999999595806003,0.6509803921568628,-13.165938171821734,5.0
23,80,239.80792236328125,0.0,0.807843137254902,-15.16599034113646,4.0
23,81,252.50186157226562,0.0,0.8588235294117647,-13.85215092005959,5.0
23,82,263.40411376953125,0.0,0.6,-12.20608858116602,4.0
23,83,271.84332275390625,0.0,0.5607843137254902,-10.101053876903812,5.0
23,84,187.1942138671875,0.0,0.5176470588235295,-12.968759855893694,4.0
23,85,213.036376953125,0.0,0.5529411764705883,-13.280750371155278,5.0
23,86,233.02503967285156,0.0,0.5686274509803921,-16.10204419337999,5.0
23,87,249.70370483398438,0.0,0.5372549019607843,-13.032501414481173,5.0
23,88,291.4246520996094,0.0,0.5450980392156862,-9.352644403146183,5.0
23,89,267.4546813964844,0.0,0.5882352941176471,-9.773382396980288,4.0
23,90,241.30126953125,0.0,0.6431372549019608,-12.941178402560439,5.0
23,91,235.04275512695312,0.0,0.592156862745098,-13.338883933257783,4.0
23,92,222.53753662109375,0.0,0.5490196078431373,-13.573678015942487,4.0
23,93,219.27696228027344,0.0,0.5647058823529412,-13.167048445920646,4.0
23,94,217.26280212402344,0.0,0.6078431372549019,-13.036133897568403,4.0
23,95,203.9646453857422,0.0,0.49019607843137253,-14.641437746795837,4.0
23,96,212.9237518310547,0.0,0.5568627450980392,-14.056300699043668,5.0
23,97,184.20509338378906,0.0,0.6823529411764706,-14.485247448596766,6.0
23,98,267.9247741699219,0.0,0.6745098039215687,-15.826914817666822,5.0
23,99,240.47494506835938,0.0,0.7843137254901961,-13.993414040251375,6.0
23,100,241.2346649169922,0.0,0.7725490196078432,-13.697711166684815,4.0
23,101,312.72454833984375,0.0,0.6509803921568628,-10.812733709182215,4.0
23,102,280.38726806640625,0.0,0.7019607843137254,-11.252081360428235,5.0
23,103,274.7840576171875,0.05920000001788139,0.8313725490196079,-13.634878187407036,4.0
23,104,244.97898864746094,0.15839999914169312,0.9254901960784314,-13.553116980852263,4.0
23,105,234.89402770996094,0.10520000010728836,0.7803921568627451,-14.573595814844975,4.0
23,106,268.9342346191406,0.00039999998989515007,0.8549019607843137,-15.69318434666936,6.0
23,107,316.203369140625,0.00039999998989515007,0.9568627450980393,-13.598569494686096,5.0
24,3,234.43605041503906,0.1379999965429306,0.48627450980392156,-14.913244363604605,5.0
24,5,258.7740783691406,0.01119999960064888,0.5294117647058824,-14.135538215331982,4.0
24,6,276.069580078125,0.06279999762773514,0.5764705882352941,-12.880702070324118,4.0
24,7,254.61265563964844,0.052000001072883606,0.7294117647058823,-13.75618241401677,4.0
24,8,255.03956604003906,0.00039999998989515007,0.7215686274509804,-15.120301967975278,4.0
24,9,277.6867370605469,0.05400000140070915,0.5764705882352941,-13.58902797252421,4.0
24,10,292.05377197265625,0.0,0.5098039215686274,-13.130936544471556,5.0
24,11,266.8316345214844,0.0,0.7490196078431373,-12.71548681793178,4.0
24,12,330.08233642578125,0.0,0.7843137254901961,-13.078120740672484,6.0
24,13,333.4693298339844,0.0,0.7843137254901961,-13.181555626218074,5.0
24,14,232.1507568359375,0.0,0.8,-11.694722246580056,4.0
24,15,261.69610595703125,0.0020000000949949026,0.7333333333333333,-15.60973484127155,4.0
24,16,268.8805847167969,0.0,0.7176470588235294,-13.60473529791975,4.0
24,17,320.0748291015625,0.0,0.7490196078431373,-11.748683513311608,4.0
24,18,251.66859436035156,0.0,0.7843137254901961,-12.624601672474364,5.0
24,19,271.1188049316406,0.0,0.6588235294117647,-13.041681322396625,4.0
24,20,288.42413330078125,0.0,0.7294117647058823,-11.640994671838737,5.0
24,21,299.810546875,0.0,0.7725490196078432,-13.607665832841205,4.0
24,22,296.8930358886719,0.0,0.6470588235294118,-13.85526697590424,6.0
24,23,238.57826232910156,0.0,0.5882352941176471,-14.011850964235537,4.0
24,24,253.68670654296875,0.00039999998989515007,0.6470588235294118,-11.65845615982111,5.0
24,25,308.0290222167969,0.0,0.6196078431372549,-15.148419807158103,4.0
24,26,298.3493957519531,0.03799999877810478,0.6078431372549019,-15.98332115127581,4.0
24,27,235.30194091796875,0.0,0.6588235294117647,-14.155547186466006,5.0
24,28,293.06646728515625,0.0,0.6509803921568628,-15.915606823943369,4.0
24,29,277.166259765625,0.0,0.596078431372549,-13.17387084657337,6.0
24,30,247.54098510742188,0.0,0.5725490196078431,-11.867877593758234,4.0
24,31,306.2424621582031,0.0,0.48627450980392156,-11.111996569900523,5.0
24,32,234.77047729492188,0.0,0.4745098039215686,-14.524957764486503,4.0
24,33,304.75555419921875,0.0,0.5568627450980392,-13.163988176108361,5.0
24,34,301.3979797363281,0.17399999499320984,0.6039215686274509,-12.200237590607887,5.0
24,35,304.149658203125,0.21400000154972076,0.6745098039215687,-16.787709266377647,4.0
24,36,283.5745544433594,0.0,0.7372549019607844,-16.364362720481974,5.0
24,37,251.3928680419922,0.0,0.7254901960784313,-14.11645498493858,4.0
24,38,305.7037048339844,0.0,0.7137254901960784,-13.415819722995852,5.0
24,39,276.93865966796875,0.0,0.7490196078431373,-12.96717036498455,4.0
24,40,198.19442749023438,0.0,0.7450980392156863,-13.788172906953571,5.0
24,41,320.4792175292969,0.00800000037997961,0.7686274509803922,-11.220079531400714,3.0
24,42,264.412841796875,0.0,0.7058823529411765,-14.064866117065044,4.0
24,43,308.24639892578125,0.0,0.7058823529411765,-15.178925624523792,5.0
24,44,274.07330322265625,0.0,0.6862745098039216,-14.525729760058168,5.0
24,45,276.78082275390625,0.0,0.596078431372549,-12.890027657423616,5.0
24,46,311.6395263671875,0.0,0.7450980392156863,-13.532948282104417,5.0
24,47,304.44439697265625,0.0,0.8588235294117647,-11.645125318462636,4.0
24,48,286.46844482421875,0.0,0.8235294117647058,-15.116918561059617,4.0
24,49,308.4944763183594,0.0,0.7176470588235294,-10.998832465475946,5.0
24,50,317.3392028808594,0.0,0.6980392156862745,-10.74741523527167,4.0
24,51,258.7945251464844,0.0,0.6980392156862745,-11.283858782111595,3.0
24,52,244.47230529785156,0.0,0.596078431372549,-13.05454512485671,4.0
24,53,284.7799072265625,0.0,0.592156862745098,-14.18070366226942,4.0
24,54,273.7947082519531,0.0,0.6470588235294118,-14.95116435157839,5.0
24,55,253.99794006347656,0.0,0.6588235294117647,-15.399715636899849,4.0
24,56,234.80963134765625,0.0,0.5215686274509804,-14.656241633812533,6.0
24,57,261.7545166015625,0.0,0.49019607843137253,-11.648141467242867,4.0
24,58,276.857421875,0.0,0.6235294117647059,-11.293422789765902,5.0
24,59,304.8222351074219,0.0,0.6509803921568628,-11.269012267705723,4.0
24,60,263.7898864746094,0.0,0.47058823529411764,-13.603536776719274,5.0
24,61,201.94573974609375,0.0,0.4588235294117647,-15.521701599895481,3.0
24,62,201.246337890625,0.0,0.42745098039215684,-13.419483820301824,4.0
24,63,174.30764770507812,0.0,0.39215686274509803,-13.959205985060304,4.0
24,64,145.34547424316406,0.0,0.4745098039215686,-15.838813525361065,4.0
24,65,175.98353576660156,0.0,0.5882352941176471,-15.595995199467323,6.0
24,66,205.54026794433594,0.0,0.5333333333333333,-14.001430051404686,4.0
24,67,193.1484832763672,0.0,0.4627450980392157,-13.092474089015598,5.0
24,68,211.8745574951172,0.0,0.4627450980392157,-12.082470325765879,4.0
24,69,225.31369018554688,0.0,0.3803921568627451,-13.024737635173233,5.0
24,70,191.92105102539062,0.0,0.3843137254901961,-14.33800612594047,4.0
24,71,205.1445770263672,0.0,0.4588235294117647,-12.99581357024666,4.0
24,72,277.77349853515625,0.0,0.5294117647058824,-13.496228515553044,5.0
24,73,229.83331298828125,0.0,0.5686274509803921,-13.466115232335898,4.0
24,74,215.89137268066406,0.0,0.7607843137254902,-13.205765593160466,4.0
24,75,197.4957275390625,0.0,0.9215686274509803,-14.650721539302607,4.0
24,76,230.64578247070312,0.0,0.8431372549019608,-14.092190852334408,5.0
24,77,204.6841583251953,0.0,0.9294117647058824,-11.934052450635699,4.0
24,78,232.08885192871094,0.0,0.8666666666666667,-12.456998892757937,4.0
24,79,185.26806640625,0.0,0.5607843137254902,-12.843089496451356,5.0
24,80,174.27496337890625,0.0,0.6235294117647059,-14.084611054816927,5.0
24,81,187.0399932861328,0.0,0.7215686274509804,-13.136257215895316,6.0
24,82,201.2058563232422,0.0,0.5529411764705883,-14.68871733356302,4.0
24,83,276.3628234863281,0.0,0.5607843137254902,-12.191046121876123,5.0
24,84,217.22720336914062,0.0,0.5333333333333333,-14.587222776968078,4.0
24,85,225.88906860351562,0.0,0.5490196078431373,-15.717203609506907,4.0
24,86,248.65411376953125,0.0,0.6274509803921569,-16.017124473656153,5.0
24,87,244.66737365722656,0.0,0.6901960784313725,-14.2099602403273,5.0
24,88,269.6439514160156,0.0,0.6039215686274509,-13.29076509155617,4.0
24,89,214.27830505371094,0.0,0.6352941176470588,-12.131274112701584,5.0
24,90,279.0339660644531,0.0,0.7058823529411765,-10.437019181208928,4.0
24,91,263.650146484375,0.0,0.6313725490196078,-11.89703262883802,3.0
24,92,245.10450744628906,0.03880000114440918,0.48627450980392156,-12.214417435796479,6.0
24,93,213.6633758544922,0.01360000018030405,0.4392156862745098,-11.532398856915213,4.0
24,94,192.15438842773438,0.0,0.5019607843137255,-12.801842234028955,5.0
24,95,186.36801147460938,0.0,0.5450980392156862,-14.682137776313331,4.0
24,96,236.3479461669922,0.0,0.6901960784313725,-12.747877146249294,5.0
24,97,266.02630615234375,0.0,0.8627450980392157,-12.305691209191945,4.0
24,98,263.61700439453125,0.0,0.8117647058823529,-12.212849129616396,4.0
24,99,257.6236572265625,0.0,0.8313725490196079,-10.933511050373689,5.0
24,100,257.9700927734375,0.0,0.7254901960784313,-13.88661791347393,4.0
24,101,251.0232696533203,0.0,0.6823529411764706,-12.998974856047681,6.0
24,102,217.4072265625,0.0,0.7411764705882353,-12.332695083995898,4.0
24,103,229.63087463378906,0.047200001776218414,0.8156862745098039,-11.860877837996513,5.0
24,104,232.88385009765625,0.08640000224113464,0.803921568627451,-13.346835546436449,4.0
24,105,239.81324768066406,0.04039999842643738,0.7294117647058823,-12.333253237982646,5.0
24,106,199.40396118164062,0.03680000081658363,0.8392156862745098,-14.68493394692331,4.0
24,107,253.43832397460938,0.006000000052154064,0.8588235294117647,-15.638206221352204,4.0
25,4,266.7039489746094,0.0,0.5725490196078431,-15.500862014998809,6.0
25,5,287.3013610839844,0.06159999966621399,0.5843137254901961,-15.09277100030051,4.0
25,7,295.9038391113281,0.10119999945163727,0.5372549019607843,-11.043490900679796,4.0
25,8,234.5364532470703,0.00279999990016222,0.5568627450980392,-13.650217854767533,4.0
25,9,288.7893981933594,0.0,0.5882352941176471,-13.375659091606757,5.0
25,10,287.6342468261719,0.0,0.611764705882353,-10.894235133440224,4.0
25,11,307.1501159667969,0.0,0.7019607843137254,-14.517959785289985,5.0
25,12,304.8495178222656,0.0,0.8156862745098039,-16.21827658045088,4.0
25,13,306.9530944824219,0.0,0.8,-12.352009617537343,5.0
25,14,268.68438720703125,0.0,0.7098039215686275,-12.040295922302162,4.0
25,15,265.8446960449219,0.00800000037997961,0.5607843137254902,-13.630086164033692,5.0
25,16,226.431884765625,0.0,0.611764705882353,-14.981585433775308,4.0
25,17,236.55079650878906,0.0,0.7607843137254902,-12.449575474104007,5.0
25,18,270.86712646484375,0.0,0.792156862745098,-12.754326864538559,4.0
25,19,253.22189331054688,0.0,0.7294117647058823,-17.05768584325383,4.0
25,20,297.81884765625,0.0,0.807843137254902,-15.821892163201712,6.0
25,21,348.49237060546875,0.0,0.8196078431372549,-13.42724167219545,4.0
25,22,308.2023010253906,0.007600000128149986,0.6941176470588235,-11.656010781501449,5.0
25,23,236.43118286132812,0.0,0.6941176470588235,-13.050166985238384,4.0
25,24,284.7251281738281,0.015200000256299973,0.8392156862745098,-12.043834261583918,5.0
25,25,304.0931701660156,0.0,0.7764705882352941,-13.902878635685687,4.0
25,26,257.6711730957031,0.0,0.611764705882353,-14.956951510167615,4.0
25,27,264.9336853027344,0.0,0.5882352941176471,-12.491136390944785,4.0
25,28,250.38084411621094,0.0,0.5764705882352941,-12.36814646213354,4.0
25,29,254.350341796875,0.0,0.49019607843137253,-14.187209160440176,4.0
25,30,251.41165161132812,0.0,0.48627450980392156,-14.65295470057142,5.0
25,31,254.3043670654297,0.0,0.4666666666666667,-13.630695838686478,5.0
25,32,282.7825927734375,0.0,0.47843137254901963,-13.676180581839379,5.0
25,33,286.53253173828125,0.0,0.4745098039215686,-13.32375102201841,4.0
25,34,241.828369140625,0.0,0.5843137254901961,-12.95346485233679,5.0
25,35,224.85604858398438,0.0,0.7254901960784313,-13.12532898666366,5.0
25,36,210.36997985839844,0.0,0.792156862745098,-16.47227418750402,4.0
25,37,268.2229309082031,0.0,0.7450980392156863,-12.821975227658722,5.0
25,38,248.28884887695312,0.0,0.6509803921568628,-12.761847156748525,4.0
25,39,287.7227478027344,0.0,0.592156862745098,-13.83478855410905,4.0
25,40,256.3407287597656,0.0,0.611764705882353,-14.602872971794643,5.0
25,41,307.1914367675781,0.0,0.6862745098039216,-13.034717809441059,4.0
25,42,294.07281494140625,0.0,0.7411764705882353,-13.884329349291647,5.0
25,43,250.0886993408203,0.0,0.7137254901960784,-13.43245944302119,4.0
25,44,253.77235412597656,0.0,0.5450980392156862,-11.072597701582861,5.0
25,45,308.339599609375,0.0,0.42745098039215684,-12.439802390161889,4.0
25,46,305.31268310546875,0.0,0.6078431372549019,-12.2496578868666,5.0
25,47,312.4601135253906,0.0,0.7686274509803922,-12.748616838772834,5.0
25,48,250.2493438720703,0.0,0.6941176470588235,-13.643071158267999,4.0
25,49,320.50567626953125,0.0,0.6901960784313725,-11.461328559914257,4.0
25,50,315.4624938964844,0.0,0.7686274509803922,-11.40970761962264,3.0
25,51,314.45574951171875,0.0,0.788235294117647,-12.74558178738803,5.0
25,52,262.0015563964844,0.0,0.7372549019607844,-13.889373629057618,4.0
25,53,249.573486328125,0.0,0.7254901960784313,-14.034699567056798,4.0
25,54,264.10101318359375,0.0,0.6823529411764706,-13.28574581120624,5.0
25,55,314.6820373535156,0.0,0.6588235294117647,-12.797034540424425,4.0
25,56,247.49081420898438,0.0,0.5725490196078431,-14.079188152278386,4.0
25,57,244.96807861328125,0.0,0.5098039215686274,-12.304063575819189,5.0
25,58,265.443359375,0.0,0.6078431372549019,-14.176102692666898,5.0
25,59,257.4812927246094,0.0,0.6470588235294118,-11.997740602387964,4.0
25,60,283.35821533203125,0.0,0.4588235294117647,-14.474525779383907,4.0
25,61,285.814453125,0.0,0.4392156862745098,-13.604056448684208,4.0
25,62,250.92816162109375,0.0,0.4745098039215686,-11.644990925549596,5.0
25,63,197.8689422607422,0.0,0.41568627450980394,-12.350660202652058,4.0
25,64,140.49072265625,0.0,0.34901960784313724,-13.003397504021981,3.0
25,65,122.18379974365234,0.0015999999595806003,0.3607843137254902,-14.411609065380773,5.0
25,66,130.22216796875,0.0,0.3764705882352941,-14.065325470791432,4.0
25,67,156.8561553955078,0.0,0.4235294117647059,-13.449870605906973,5.0
25,68,219.5696563720703,0.0,0.47058823529411764,-13.159781567898108,5.0
25,69,232.43955993652344,0.0,0.49411764705882355,-11.129670548325016,4.0
25,70,224.76512145996094,0.0,0.5647058823529412,-12.74077107882292,5.0
25,71,243.52427673339844,0.0,0.5294117647058824,-13.160278424249743,5.0
25,72,197.24964904785156,0.0,0.48627450980392156,-12.031355214831782,4.0
25,73,244.56214904785156,0.0,0.5098039215686274,-13.278182930814697,4.0
25,74,270.202880859375,0.0,0.6392156862745098,-11.586529766559227,5.0
25,75,189.449462890625,0.0,0.7803921568627451,-14.256927432410837,4.0
25,76,214.01907348632812,0.0,0.8627450980392157,-17.397103325062698,5.0
25,77,209.74632263183594,0.0,0.8980392156862745,-12.858613630327945,4.0
25,78,276.1295166015625,0.006399999838322401,0.7803921568627451,-12.55479394712995,6.0
25,79,309.1842041015625,0.0,0.4980392156862745,-11.535812288111595,4.0
25,80,184.35972595214844,0.0,0.5411764705882353,-12.478830086415122,5.0
25,81,168.32896423339844,0.0,0.6549019607843137,-14.053621211245664,4.0
25,82,179.98411560058594,0.0,0.5568627450980392,-14.119678864891426,5.0
25,83,206.14859008789062,0.0,0.4588235294117647,-12.112164416877025,4.0
25,84,188.06289672851562,0.0,0.4470588235294118,-12.11520937838918,4.0
25,85,193.44435119628906,0.0,0.5490196078431373,-13.290004398210623,5.0
25,86,200.56851196289062,0.0,0.6823529411764706,-14.009475516608683,4.0
25,87,230.54005432128906,0.0,0.792156862745098,-14.62087098941917,6.0
25,88,256.4849853515625,0.0,0.7098039215686275,-13.423717821912867,4.0
25,89,269.3841247558594,0.0,0.6901960784313725,-14.206005662862069,5.0
25,90,275.7982482910156,0.0,0.6901960784313725,-12.99542333362913,4.0
25,91,271.3490295410156,0.0015999999595806003,0.5294117647058824,-13.062710237396843,5.0
25,92,240.86251831054688,0.0,0.4392156862745098,-16.511193322601805,4.0
25,93,274.59417724609375,0.0,0.4117647058823529,-15.612883736706673,4.0
25,94,215.6326141357422,0.0,0.4549019607843137,-12.89718904802286,6.0
25,95,201.41726684570312,0.0,0.5843137254901961,-14.72158690284217,4.0
25,96,212.7770538330078,0.0,0.7568627450980392,-13.80535721292,5.0
25,97,258.5498352050781,0.0,0.8274509803921568,-15.480593746828209,4.0
25,98,275.4950866699219,0.0,0.8117647058823529,-11.476431428252667,5.0
25,99,277.371337890625,0.0,0.7803921568627451,-10.932878296204452,4.0
25,100,207.4012908935547,0.0,0.6509803921568628,-12.94001378045277,4.0
25,101,179.22726440429688,0.0,0.6470588235294118,-15.96008307946944,5.0
25,102,223.91590881347656,0.0,0.6588235294117647,-13.392969386325417,4.0
25,103,226.25222778320312,0.0,0.6823529411764706,-12.194162749758643,6.0
25,104,232.1967010498047,0.0,0.6196078431372549,-12.97902753339568,4.0
25,105,240.9058380126953,0.0015999999595806003,0.6588235294117647,-8.725788269098064,5.0
25,106,258.5185852050781,0.005200000014156103,0.8274509803921568,-13.064731385965235,4.0
25,107,267.2456359863281,0.13040000200271606,0.7529411764705882,-14.006308808668358,5.0
26,4,256.89617919921875,0.0007999999797903001,0.7411764705882353,-12.61004675533377,5.0
26,5,324.1426086425781,0.23399999737739563,0.8392156862745098,-13.549179221257662,4.0
26,6,216.85865783691406,0.07240000367164612,0.7019607843137254,-12.685427705631437,5.0
26,7,244.47119140625,0.09239999949932098,0.6039215686274509,-11.144612808820511,4.0
26,8,249.63829040527344,0.1420000046491623,0.6078431372549019,-13.742537781932107,6.0
26,10,328.1267395019531,0.020400000736117363,0.8196078431372549,-9.828982871664966,5.0
26,11,264.06854248046875,0.0,0.7843137254901961,-14.24024500548246,4.0
26,12,309.6304626464844,0.0,0.8117647058823529,-12.55044002309867,5.0
26,13,316.5496826171875,0.0,0.8,-14.151884953630043,5.0
26,14,308.50592041015625,0.03359999880194664,0.6039215686274509,-12.238224146049214,4.0
26,15,245.91766357421875,0.0,0.4627450980392157,-16.644980156140445,4.0
26,16,255.5012969970703,0.0,0.5372549019607843,-17.319326721788816,4.0
26,17,266.9156188964844,0.0,0.6627450980392157,-13.998451953429436,4.0
26,18,302.2841796875,0.0,0.5882352941176471,-11.242698333379549,4.0
26,19,236.126953125,0.0,0.5568627450980392,-13.287490634416644,5.0
26,20,297.6281433105469,0.0,0.7764705882352941,-12.789590497752492,4.0
26,21,268.08319091796875,0.0,0.8509803921568627,-12.841983907385973,5.0
26,22,261.5640563964844,0.0,0.7647058823529411,-13.010404993214022,4.0
26,23,346.9949645996094,0.0,0.6705882352941176,-11.97252808896196,5.0
26,24,277.1354675292969,0.0,0.7411764705882353,-12.30741673106198,6.0
26,25,311.1253662109375,0.0,0.7843137254901961,-12.879466298623916,3.0
26,26,276.2707214355469,0.0,0.6431372549019608,-13.864429104259381,5.0
26,27,281.96368408203125,0.0,0.592156862745098,-11.152714080099653,4.0
26,28,297.9485778808594,0.0,0.6313725490196078,-12.251373448036215,5.0
26,29,296.6810607910156,0.0,0.6,-12.655768472809662,4.0
26,30,262.1523742675781,0.030799999833106995,0.5843137254901961,-14.807519481443626,5.0
26,31,286.51422119140625,0.0,0.6666666666666666,-14.091892623169295,4.0
26,32,278.4075012207031,0.0,0.7607843137254902,-13.30518840442068,4.0
26,33,283.1214904785156,0.0,0.6392156862745098,-12.48706916897169,5.0
26,34,236.51182556152344,0.0,0.7647058823529411,-12.975490412868332,4.0
26,35,273.1588134765625,0.0,0.8588235294117647,-13.801085816786625,4.0
26,36,246.98361206054688,0.0,0.7647058823529411,-12.893416748846583,5.0
26,37,266.41961669921875,0.0,0.6,-14.287059955216606,5.0
26,38,287.7111511230469,0.0,0.5529411764705883,-12.441402512293362,4.0
26,39,264.423828125,0.0,0.5058823529411764,-14.066547596911132,5.0
26,40,305.8349914550781,0.0,0.5764705882352941,-12.053301176074418,4.0
26,41,281.0359802246094,0.0,0.6862745098039216,-13.459668486350374,4.0
26,42,349.6153869628906,0.0,0.7176470588235294,-10.098996791386416,5.0
26,43,327.3605651855469,0.0,0.6862745098039216,-13.581673610113821,4.0
26,44,287.65203857421875,0.0,0.6352941176470588,-10.101825040271224,4.0
26,45,252.6348419189453,0.0,0.5607843137254902,-13.111423131481088,4.0
26,46,278.1419982910156,0.0,0.5882352941176471,-12.964410000580799,4.0
26,47,306.5744323730469,0.0,0.6509803921568628,-14.468240868573057,4.0
26,48,282.06640625,0.0,0.6470588235294118,-13.861590381186975,5.0
26,49,330.9101867675781,0.0,0.6666666666666666,-12.266098310644333,5.0
26,50,283.5151672363281,0.0,0.6862745098039216,-9.917556016953116,5.0
26,51,290.82305908203125,0.0,0.6588235294117647,-11.599947107608113,4.0
26,52,283.2861633300781,0.0,0.7294117647058823,-14.406929698941248,4.0
26,53,284.0977783203125,0.0,0.7647058823529411,-11.635065264626167,4.0
26,54,257.7873229980469,0.0,0.6588235294117647,-12.943022520280376,4.0
26,55,279.21466064453125,0.0,0.6784313725490196,-13.33410474339839,5.0
26,56,262.9938049316406,0.0,0.6588235294117647,-14.456660668655113,4.0
26,57,248.556640625,0.0,0.5411764705882353,-13.326048468837472,5.0
26,58,253.26609802246094,0.0,0.6392156862745098,-12.788545356792348,4.0
26,59,250.205322265625,0.014800000004470348,0.6313725490196078,-10.345613461170068,5.0
26,60,209.56480407714844,0.00559999980032444,0.49019607843137253,-14.013588760344417,5.0
26,61,244.81576538085938,0.0,0.4980392156862745,-13.153690269935904,4.0
26,62,243.4754638671875,0.0,0.49411764705882355,-12.194113652210895,4.0
26,63,251.05184936523438,0.0,0.43137254901960786,-12.269833615254285,3.0
26,64,222.19398498535156,0.0,0.30980392156862746,-11.80260964043425,5.0
26,65,117.40635681152344,0.0,0.2627450980392157,-15.301724772092175,4.0
26,66,193.72952270507812,0.0,0.3254901960784314,-13.45885803822691,5.0
26,67,215.74554443359375,0.0,0.41568627450980394,-12.745439878865966,4.0
26,68,232.2267608642578,0.0,0.4823529411764706,-13.936643355775173,4.0
26,69,215.4520721435547,0.0,0.5647058823529412,-12.130540669940519,5.0
26,70,293.4243469238281,0.0,0.6627450980392157,-12.547059787308685,4.0
26,71,232.40371704101562,0.0,0.5058823529411764,-12.56155276006001,5.0
26,72,187.5716094970703,0.0,0.40784313725490196,-13.1095923315838,4.0
26,73,207.1464385986328,0.0,0.42745098039215684,-12.98002564484264,6.0
26,74,180.8990020751953,0.0,0.5686274509803921,-15.011173457895463,4.0
26,75,176.13125610351562,0.0,0.6823529411764706,-15.109908082865637,4.0
26,76,117.15159606933594,0.0,0.8627450980392157,-15.91553806972232,4.0
26,77,158.4496612548828,0.0,0.8784313725490196,-14.90118779392332,4.0
26,78,227.4552459716797,0.0,0.7725490196078432,-14.617045117363661,5.0
26,79,268.5616455078125,0.0,0.6470588235294118,-14.33468047692388,5.0
26,80,164.16441345214844,0.0,0.6901960784313725,-14.781196087192585,5.0
26,81,234.4939422607422,0.0,0.6901960784313725,-14.766517751380984,4.0
26,82,256.0485534667969,0.0,0.5725490196078431,-13.378115793306474,6.0
26,83,238.24794006347656,0.0,0.4196078431372549,-12.695994398900721,4.0
26,84,206.401123046875,0.0,0.48627450980392156,-13.967129505740951,5.0
26,85,227.6083984375,0.0,0.5411764705882353,-15.336733940382427,4.0
26,86,222.11801147460938,0.0,0.5607843137254902,-14.860488682895571,4.0
26,87,237.14730834960938,0.0,0.6901960784313725,-14.1193890442087,4.0
26,88,231.53929138183594,0.0,0.7372549019607844,-12.86814390501255,5.0
26,89,281.1773376464844,0.0,0.7254901960784313,-14.10400834557574,4.0
26,90,276.44244384765625,0.0,0.615686274509804,-14.21057935851044,4.0
26,91,227.82366943359375,0.0,0.5450980392156862,-12.70036773683766,4.0
26,92,209.70321655273438,0.0,0.5411764705882353,-12.787823665116289,4.0
26,93,226.8037567138672,0.0,0.5019607843137255,-14.368552693663304,5.0
26,94,241.9302215576172,0.0,0.5607843137254902,-11.984707988533962,4.0
26,95,233.99293518066406,0.0,0.6235294117647059,-14.449609577605184,6.0
26,96,297.3229064941406,0.0,0.6705882352941176,-12.589221292910842,5.0
26,97,256.18243408203125,0.0,0.7254901960784313,-14.441223294047475,3.0
26,98,260.2552185058594,0.0,0.7372549019607844,-13.370467352538418,5.0
26,99,287.8762512207031,0.0,0.6588235294117647,-12.643983740877774,4.0
26,100,231.6710205078125,0.0,0.6705882352941176,-13.394012252797927,5.0
26,101,274.0903625488281,0.0,0.7529411764705882,-13.078241052220392,4.0
26,102,267.43914794921875,0.0,0.7372549019607844,-12.266718751116132,5.0
26,103,251.40243530273438,0.0,0.6235294117647059,-13.2668753398201,4.0
26,104,268.1678771972656,0.2492000013589859,0.6078431372549019,-12.190532486582807,5.0
26,106,265.8552551269531,0.10520000010728836,0.6941176470588235,-11.761977604255087,4.0
26,107,243.36033630371094,0.17319999635219574,0.7137254901960784,-12.205057771652125,5.0
27,3,231.12840270996094,0.2280000001192093,0.4627450980392157,-11.961935597064082,5.0
27,4,274.6327819824219,0.2240000069141388,0.6470588235294118,-12.746565206153825,4.0
27,5,278.1361083984375,0.06759999692440033,0.8156862745098039,-12.878202264800596,6.0
27,6,298.1778259277344,0.006399999838322401,0.8117647058823529,-13.391624959720474,5.0
27,7,254.45681762695312,0.10199999809265137,0.7764705882352941,-13.845007765716655,4.0
27,11,284.655029296875,0.004000000189989805,0.9176470588235294,-12.345894808636208,4.0
27,12,261.9515380859375,0.02759999968111515,0.9019607843137255,-10.554470473114595,4.0
27,13,224.7290496826172,0.03440000116825104,0.796078431372549,-12.705082937468475,3.0
27,14,289.5467834472656,0.09640000015497208,0.6196078431372549,-14.771104906952129,5.0
27,15,254.4928436279297,0.0,0.5411764705882353,-16.392423740714076,5.0
27,16,283.71600341796875,0.0,0.6313725490196078,-14.617239156045564,5.0
27,17,265.6139831542969,0.0,0.6549019607843137,-15.148348482818717,5.0
27,18,235.0560760498047,0.0,0.4823529411764706,-14.167887925416522,4.0
27,19,293.4217529296875,0.0,0.5294117647058824,-12.435072486936132,5.0
27,20,299.50152587890625,0.0,0.7372549019607844,-11.31980988960297,4.0
27,21,259.2109069824219,0.0,0.8588235294117647,-13.96666319166361,6.0
27,22,292.6418151855469,0.0,0.788235294117647,-13.757465995685237,4.0
27,23,311.8534240722656,0.0,0.5215686274509804,-13.448959560250637,5.0
27,24,279.0491027832031,0.0,0.5058823529411764,-11.791002510397472,4.0
27,25,296.75238037109375,0.0,0.6509803921568628,-12.263980451158243,5.0
27,26,296.4366760253906,0.0,0.6,-15.392935989534012,5.0
27,27,261.65692138671875,0.0,0.6039215686274509,-13.083273923106786,4.0
27,28,279.0288391113281,0.0,0.6862745098039216,-10.432927833218152,5.0
27,29,263.7090759277344,0.0,0.6470588235294118,-11.865543353912177,3.0
27,30,285.04180908203125,0.0,0.615686274509804,-12.868607493981507,4.0
27,31,208.54733276367188,0.0,0.7450980392156863,-12.77537092254548,4.0
27,32,279.6191101074219,0.0,0.7215686274509804,-13.895074023023204,6.0
27,33,271.3055114746094,0.0,0.6862745098039216,-13.961932276544903,4.0
27,34,263.16900634765625,0.0,0.7843137254901961,-12.519017947241613,4.0
27,35,277.95574951171875,0.0,0.8352941176470589,-14.514856530810496,5.0
27,36,203.60313415527344,0.0,0.7176470588235294,-11.84273612924635,4.0
27,37,323.10308837890625,0.0,0.592156862745098,-14.328398314875315,6.0
27,38,314.8656311035156,0.002400000113993883,0.5882352941176471,-10.486573803360834,5.0
27,39,319.8359375,0.0,0.6784313725490196,-13.63528331214798,4.0
27,40,303.2908630371094,0.012000000104308128,0.7568627450980392,-12.328623882267715,4.0
27,41,271.9234313964844,0.0,0.7803921568627451,-11.474095023775908,6.0
27,42,362.5751953125,0.0,0.7294117647058823,-12.958732597513391,4.0
27,43,303.86431884765625,0.0,0.7176470588235294,-15.895068624296238,4.0
27,44,275.34417724609375,0.0,0.8,-14.80343278319016,5.0
27,45,278.8290710449219,0.0,0.7372549019607844,-12.8124761316664,4.0
27,46,314.386962890625,0.00279999990016222,0.611764705882353,-14.997413199693197,5.0
27,47,277.3161926269531,0.0,0.5686274509803921,-13.599454906359483,4.0
27,48,270.7856750488281,0.0,0.5490196078431373,-15.923012612076464,3.0
27,49,248.83990478515625,0.0,0.5411764705882353,-13.398704305406294,4.0
27,50,290.21038818359375,0.00039999998989515007,0.5490196078431373,-12.34224496559067,5.0
27,51,299.86553955078125,0.0,0.6941176470588235,-14.089572134234473,4.0
27,52,306.1817626953125,0.0,0.7647058823529411,-13.45509918551565,5.0
27,53,285.2539978027344,0.0,0.7333333333333333,-13.841150822564677,5.0
27,54,281.8283386230469,0.0012000000569969416,0.7019607843137254,-14.54299508364743,4.0
27,55,240.1698455810547,0.0,0.7254901960784313,-11.983786763863575,5.0
27,56,213.1150665283203,0.0,0.6588235294117647,-12.072413031241291,4.0
27,57,236.8748779296875,0.0,0.5647058823529412,-13.04515640024652,4.0
27,58,208.70071411132812,0.0,0.5254901960784314,-14.897283343330827,4.0
27,59,153.72952270507812,0.0,0.4980392156862745,-12.760092525544069,4.0
27,60,234.24697875976562,0.0,0.4745098039215686,-12.815389121463088,4.0
27,61,180.99842834472656,0.0,0.49411764705882355,-12.00915619873501,4.0
27,62,191.73753356933594,0.0,0.4823529411764706,-14.866224702409665,5.0
27,63,253.93109130859375,0.0,0.4627450980392157,-11.437025762311885,4.0
27,64,228.2843017578125,0.004800000227987766,0.38823529411764707,-13.193226497641158,5.0
27,65,129.1553192138672,0.0,0.3686274509803922,-13.537048087914943,4.0
27,66,225.492919921875,0.0,0.4666666666666667,-15.026149380244062,5.0
27,67,242.73374938964844,0.0,0.5098039215686274,-12.635612846483175,4.0
27,68,219.1700439453125,0.0,0.5098039215686274,-15.666149033172331,5.0
27,69,245.31324768066406,0.0,0.5176470588235295,-13.150254273793092,4.0
27,70,258.52520751953125,0.0,0.6274509803921569,-11.75291668417669,4.0
27,71,222.78765869140625,0.0,0.5215686274509804,-12.096354066079355,4.0
27,72,230.33766174316406,0.0,0.39215686274509803,-14.630892607736731,4.0
27,73,200.40065002441406,0.0,0.4470588235294118,-13.47122953554184,4.0
27,74,184.93441772460938,0.0,0.792156862745098,-12.71883565542347,4.0
27,75,197.62818908691406,0.0,0.8823529411764706,-12.790062358964697,6.0
27,76,100.28652954101562,0.0,0.8196078431372549,-13.547445685088777,4.0
27,77,221.6166229248047,0.0,0.792156862745098,-13.323941409839161,5.0
27,78,157.2509765625,0.012799999676644802,0.7490196078431373,-12.488984582608449,4.0
27,79,112.36604309082031,0.0,0.6627450980392157,-16.05660591599929,5.0
27,80,138.0718231201172,0.0,0.6392156862745098,-13.254184951493569,5.0
27,81,146.80856323242188,0.0,0.5882352941176471,-13.495665908020635,5.0
27,82,210.0740203857422,0.0,0.6196078431372549,-13.16153286447868,5.0
27,83,174.49588012695312,0.0,0.5411764705882353,-12.113269304860506,4.0
27,84,233.33932495117188,0.0,0.5764705882352941,-14.881835915496971,4.0
27,85,269.2629089355469,0.0,0.5137254901960784,-10.917879832676181,4.0
27,86,231.1774139404297,0.0,0.4980392156862745,-13.546828567522436,5.0
27,87,212.71690368652344,0.0,0.615686274509804,-15.294001281715246,4.0
27,88,261.2393493652344,0.0,0.6862745098039216,-13.76838233826361,5.0
27,89,271.72918701171875,0.0,0.6470588235294118,-12.827301361294719,5.0
27,90,250.05271911621094,0.0,0.5176470588235295,-10.626919385657594,4.0
27,91,199.43014526367188,0.0,0.5725490196078431,-13.006063174101268,5.0
27,92,202.1697540283203,0.0,0.6352941176470588,-12.49024200407774,4.0
27,93,227.79800415039062,0.003599999938160181,0.5882352941176471,-13.60169572971513,5.0
27,94,289.0351257324219,0.0,0.6,-13.263204318125792,4.0
27,95,245.75660705566406,0.0,0.615686274509804,-11.235683464622824,5.0
27,96,271.2055969238281,0.0,0.5725490196078431,-9.357577682591025,4.0
27,97,303.22076416015625,0.0,0.592156862745098,-10.308122381272426,5.0
27,98,280.2395324707031,0.0,0.592156862745098,-11.51027403597344,4.0
27,99,235.2481689453125,0.0,0.5803921568627451,-13.539493219767156,5.0
27,100,245.9628143310547,0.0,0.7372549019607844,-15.173126853106684,5.0
27,101,250.54055786132812,0.0,0.8470588235294118,-13.215452551352605,4.0
27,102,272.6839599609375,0.0,0.9058823529411765,-12.147985148206416,5.0
27,103,286.1726379394531,0.0,0.8941176470588236,-14.823590035881079,4.0
27,104,267.5611877441406,0.21119999885559082,0.796078431372549,-12.94136331161435,5.0
28,4,265.1958312988281,0.0868000015616417,0.5529411764705883,-11.871546784222533,4.0
28,5,216.08982849121094,0.23880000412464142,0.6313725490196078,-14.143899193258228,5.0
28,6,252.4369354248047,0.22120000422000885,0.7294117647058823,-15.337822329412038,4.0
28,7,284.8023681640625,0.08560000360012054,0.7411764705882353,-11.856195317903493,5.0
28,9,271.6900634765625,0.10279999673366547,0.8666666666666667,-13.681045116930207,5.0
28,10,297.48907470703125,0.0,0.8274509803921568,-13.677905277912632,5.0
28,11,262.5503234863281,0.004000000189989805,0.803921568627451,-11.918086425745237,4.0
28,12,231.69155883789062,0.0,0.8196078431372549,-11.575676449281682,5.0
28,13,284.33038330078125,0.057999998331069946,0.7215686274509804,-11.896733066486744,4.0
28,14,305.052001953125,0.11720000207424164,0.5803921568627451,-11.492012102494542,5.0
28,15,247.182373046875,0.0,0.5764705882352941,-14.219520224075904,3.0
28,16,269.2195739746094,0.0,0.7098039215686275,-12.024820975828941,4.0
28,17,294.9661560058594,0.0015999999595806003,0.7058823529411765,-12.242547788284261,4.0
28,18,235.2828369140625,0.0,0.6745098039215687,-14.056932572228103,5.0
28,19,244.66314697265625,0.0,0.7607843137254902,-12.59273380429071,4.0
28,20,247.81809997558594,0.0,0.7647058823529411,-9.266864021110365,5.0
28,21,182.89590454101562,0.0,0.7098039215686275,-14.016512054370168,4.0
28,22,208.86441040039062,0.0,0.611764705882353,-15.433026690923143,5.0
28,23,275.064453125,0.0,0.4823529411764706,-12.659383465002719,5.0
28,24,323.88873291015625,0.0,0.49411764705882355,-11.113628878276034,4.0
28,25,272.83984375,0.0,0.592156862745098,-11.531454213203634,4.0
28,26,286.9666748046875,0.0,0.5725490196078431,-13.115227334208077,4.0
28,27,281.19195556640625,0.0,0.6196078431372549,-16.58446924622703,5.0
28,28,320.54638671875,0.0,0.6470588235294118,-11.086597466125989,5.0
28,29,285.940673828125,0.0,0.6470588235294118,-11.912839468807931,4.0
28,30,279.2514953613281,0.0,0.6392156862745098,-13.66521106375888,5.0
28,31,267.489501953125,0.0,0.6235294117647059,-16.455575011418738,4.0
28,32,261.4325256347656,0.0,0.5882352941176471,-12.086454921187803,5.0
28,33,307.7255859375,0.009999999776482582,0.5843137254901961,-12.819542371949142,4.0
28,34,270.88177490234375,0.0012000000569969416,0.6470588235294118,-15.231295834030687,5.0
28,35,290.7126159667969,0.009200000204145908,0.7294117647058823,-13.410404413781423,4.0
28,36,215.5296630859375,0.0,0.7411764705882353,-11.81906941795379,5.0
28,37,237.7527618408203,0.0,0.6980392156862745,-13.940363908576522,5.0
28,38,271.6080322265625,0.0,0.6313725490196078,-11.776178071492991,4.0
28,39,266.8465270996094,0.0,0.7803921568627451,-12.234763506727539,6.0
28,40,284.2113037109375,0.0,0.8666666666666667,-13.801144006469396,4.0
28,41,291.0536193847656,0.0,0.7529411764705882,-13.46140959310588,5.0
28,42,267.0804443359375,0.0,0.7176470588235294,-17.967517253944617,4.0
28,43,242.66908264160156,0.0,0.7803921568627451,-14.169759906486071,5.0
28,44,253.52426147460938,0.0,0.7725490196078432,-12.645170110024416,4.0
28,45,298.0489501953125,0.014399999752640724,0.7098039215686275,-12.342962169441925,4.0
28,46,301.9059143066406,0.0,0.7019607843137254,-13.918743989566686,3.0
28,47,321.49310302734375,0.0,0.6862745098039216,-11.798363605142486,4.0
28,48,245.36134338378906,0.0,0.6039215686274509,-14.444078855031373,5.0
28,49,268.6896057128906,0.0,0.5803921568627451,-12.749137935791603,4.0
28,50,290.7994384765625,0.0,0.6078431372549019,-12.666948359587195,5.0
28,51,263.07647705078125,0.0,0.7411764705882353,-13.729586383035969,4.0
28,52,249.48370361328125,0.0,0.7254901960784313,-13.471187512570824,4.0
28,53,248.45468139648438,0.0,0.7607843137254902,-13.452914626963711,4.0
28,54,213.4234619140625,0.017999999225139618,0.788235294117647,-12.900257101765789,4.0
28,55,215.61767578125,0.0012000000569969416,0.7803921568627451,-13.256847435118758,4.0
28,56,268.6139831542969,0.0,0.7058823529411765,-15.471938366729951,4.0
28,57,251.6161346435547,0.0,0.5882352941176471,-13.09532424696571,5.0
28,58,231.59786987304688,0.02759999968111515,0.5176470588235295,-12.32499711493222,4.0
28,59,262.87554931640625,0.01119999960064888,0.47843137254901963,-11.329315829174103,5.0
28,60,257.78546142578125,0.0,0.47843137254901963,-11.86772823637974,4.0
28,61,206.29888916015625,0.0,0.4588235294117647,-12.97476137819949,6.0
28,62,232.66561889648438,0.0,0.4549019607843137,-15.151485202901156,4.0
28,63,246.9263916015625,0.0,0.44313725490196076,-14.874807180666487,4.0
28,64,215.20875549316406,0.0,0.403921568627451,-14.190370449724954,4.0
28,65,164.9266815185547,0.0,0.4196078431372549,-13.836196382486444,4.0
28,66,256.6709899902344,0.0,0.5058823529411764,-15.534232692566935,4.0
28,67,262.0400085449219,0.0,0.5490196078431373,-11.765933654607856,4.0
28,68,262.1405944824219,0.0,0.5725490196078431,-11.950069293889518,6.0
28,69,149.1529083251953,0.0,0.6470588235294118,-15.867387175838326,4.0
28,70,239.11181640625,0.0,0.6823529411764706,-12.968713644768323,5.0
28,71,284.1536560058594,0.0,0.5294117647058824,-12.202864588941045,4.0
28,72,264.3125915527344,0.0,0.41568627450980394,-15.232485570614422,5.0
28,73,215.15274047851562,0.0,0.5176470588235295,-12.46059979587545,4.0
28,74,190.02565002441406,0.0,0.7490196078431373,-14.710709599475244,5.0
28,75,223.83627319335938,0.0,0.7490196078431373,-12.536980525009158,4.0
28,76,208.47010803222656,0.0,0.6823529411764706,-12.818658930857714,4.0
28,77,210.37646484375,0.0,0.6039215686274509,-12.995902223910994,4.0
28,78,166.14193725585938,0.0,0.6235294117647059,-14.67583270789497,4.0
28,79,225.62269592285156,0.0,0.615686274509804,-14.755590241829626,5.0
28,80,203.0799560546875,0.0,0.4823529411764706,-13.7072353701313,5.0
28,81,131.11831665039062,0.0,0.39215686274509803,-17.152778547611955,5.0
28,82,131.49697875976562,0.0,0.592156862745098,-14.849370129419455,4.0
28,83,137.54287719726562,0.0,0.6823529411764706,-14.159239236252315,4.0
28,84,236.2404327392578,0.0,0.5294117647058824,-15.215061158015331,5.0
28,85,266.0422668457031,0.0,0.41568627450980394,-11.706228164239914,4.0
28,86,222.45323181152344,0.0,0.4588235294117647,-13.845933411467211,5.0
28,87,213.5108184814453,0.0,0.5607843137254902,-11.562955553119407,4.0
28,88,204.91802978515625,0.0,0.596078431372549,-12.53477715201755,4.0
28,89,254.2358856201172,0.0,0.592156862745098,-12.956259585483693,4.0
28,90,235.57766723632812,0.0,0.5254901960784314,-13.343932844081493,5.0
28,91,218.03004455566406,0.0,0.611764705882353,-12.464084117681347,5.0
28,92,243.82833862304688,0.0,0.7372549019607844,-12.711993313525138,4.0
28,93,253.80816650390625,0.0,0.8,-12.543191331108016,6.0
28,94,281.0795593261719,0.0,0.7764705882352941,-14.075419497452694,4.0
28,95,227.99868774414062,0.0,0.6823529411764706,-14.823155403749874,5.0
28,96,284.8055725097656,0.0,0.592156862745098,-11.879504411805417,4.0
28,97,260.47015380859375,0.003599999938160181,0.5529411764705883,-12.861220673196698,5.0
28,98,251.5894012451172,0.0,0.5529411764705883,-12.990554854830496,3.0
28,99,229.8886260986328,0.0,0.5764705882352941,-13.343648318940238,4.0
28,100,224.3894805908203,0.0,0.6274509803921569,-13.929311880508063,4.0
28,101,253.7401123046875,0.0,0.7098039215686275,-13.289408096948165,5.0
28,102,250.72496032714844,0.0,0.7490196078431373,-11.002997574996272,5.0
28,103,254.9442901611328,0.0,0.8901960784313725,-13.704843351741962,5.0
28,104,273.7632141113281,0.01360000018030405,0.9254901960784314,-11.761819389700097,6.0
28,106,222.165771484375,0.15839999914169312,0.6941176470588235,-14.60557357605607,6.0
29,5,281.2748718261719,0.12720000743865967,0.5176470588235295,-11.524878296060754,4.0
29,6,223.13453674316406,0.20640000700950623,0.5019607843137255,-14.235416479355719,4.0
29,8,305.5635986328125,0.06639999896287918,0.6196078431372549,-12.377778526866534,4.0
29,9,224.16346740722656,0.04800000041723251,0.7529411764705882,-13.818424361539101,5.0
29,10,258.4789123535156,0.0,0.7411764705882353,-15.107633489403886,5.0
29,11,270.09783935546875,0.0,0.7333333333333333,-12.299886758551189,5.0
29,12,202.74632263183594,0.0,0.6627450980392157,-13.277424721686566,4.0
29,13,250.81838989257812,0.0,0.7568627450980392,-13.802963192686326,4.0
29,14,244.66815185546875,0.004399999976158142,0.7019607843137254,-14.106255944480274,3.0
29,15,289.6731262207031,0.0,0.6470588235294118,-12.13649969899353,4.0
29,16,250.01544189453125,0.0,0.6980392156862745,-12.49633912927543,5.0
29,17,258.9988708496094,0.0,0.6235294117647059,-13.309007349004357,4.0
29,18,312.9034729003906,0.0,0.615686274509804,-14.700206412163265,6.0
29,19,262.1807556152344,0.0,0.7294117647058823,-13.721379601320198,4.0
29,20,263.1666564941406,0.0,0.6745098039215687,-13.897613957357882,5.0
29,21,260.5169982910156,0.0,0.6274509803921569,-14.616251917287869,4.0
29,22,261.4869079589844,0.0,0.5764705882352941,-14.715652703209031,5.0
29,23,275.6855163574219,0.0,0.5333333333333333,-13.656333866709298,5.0
29,24,245.23318481445312,0.0,0.5843137254901961,-12.919627264430618,4.0
29,25,283.0773620605469,0.0012000000569969416,0.5607843137254902,-11.289409730369982,5.0
29,26,209.0815887451172,0.0,0.6823529411764706,-15.551469577763633,4.0
29,27,239.30201721191406,0.0020000000949949026,0.7647058823529411,-16.289892239998764,5.0
29,28,279.8900146484375,0.0031999999191612005,0.6235294117647059,-12.574476355356675,4.0
29,29,255.60324096679688,0.0,0.6196078431372549,-11.072561457594453,5.0
29,30,294.9458923339844,0.0,0.7098039215686275,-12.281739759239532,3.0
29,31,263.3086853027344,0.0,0.6274509803921569,-14.88558413978718,4.0
29,32,183.4992218017578,0.0,0.5450980392156862,-13.612117359593958,4.0
29,33,223.6985321044922,0.0,0.4823529411764706,-15.859474699884617,4.0
29,34,286.643798828125,0.004000000189989805,0.5098039215686274,-12.768797935789355,5.0
29,35,267.64031982421875,0.0,0.592156862745098,-12.450835308949513,4.0
29,36,242.93028259277344,0.0,0.6588235294117647,-12.614864301895267,5.0
29,37,310.7048034667969,0.0,0.7098039215686275,-12.824680494100027,4.0
29,38,255.16085815429688,0.0,0.6705882352941176,-15.786551794796075,5.0
29,39,263.360107421875,0.0,0.6745098039215687,-14.287386176403693,4.0
29,40,271.5173034667969,0.0,0.8117647058823529,-11.694616729261709,5.0
29,41,226.5058135986328,0.0,0.8823529411764706,-14.691574730708153,5.0
29,42,310.11444091796875,0.0,0.8627450980392157,-15.207499476542782,4.0
29,43,297.3766784667969,0.0,0.8941176470588236,-13.890971706770546,6.0
29,44,268.07391357421875,0.0,0.7215686274509804,-10.991322817787637,4.0
29,45,262.72894287109375,0.0012000000569969416,0.6078431372549019,-11.296112075899263,4.0
29,46,316.3389892578125,0.0,0.6901960784313725,-11.406258375640842,4.0
29,47,251.76235961914062,0.0,0.7529411764705882,-12.227055982742845,5.0
29,48,279.5558776855469,0.0,0.7450980392156863,-11.224179186882669,4.0
29,49,289.4302062988281,0.0,0.6745098039215687,-11.468456179174904,4.0
29,50,248.82550048828125,0.0,0.6078431372549019,-10.260095868699926,3.0
29,51,281.1736755371094,0.0,0.7098039215686275,-12.42289771644968,4.0
29,52,226.29464721679688,0.0,0.7137254901960784,-12.742166734893658,5.0
29,53,268.60296630859375,0.0,0.6313725490196078,-13.79988487816468,4.0
29,54,233.10983276367188,0.0,0.7450980392156863,-15.174257006792589,6.0
29,55,282.2253112792969,0.0,0.8549019607843137,-14.911018394905824,4.0
29,56,298.1886901855469,0.0,0.8823529411764706,-14.45071865114905,5.0
29,57,258.5374450683594,0.0,0.7215686274509804,-13.45081232869399,4.0
29,58,268.5777282714844,0.031599998474121094,0.5843137254901961,-14.113858189869502,5.0
29,59,271.7806701660156,0.00279999990016222,0.5411764705882353,-10.836732706016372,4.0
29,60,261.5751037597656,0.0,0.5294117647058824,-10.350475815305487,4.0
29,61,229.22796630859375,0.0,0.4823529411764706,-11.352415749678554,3.0
29,62,230.0282440185547,0.0,0.4745098039215686,-12.402253376066565,4.0
29,63,224.8980255126953,0.0,0.42745098039215684,-12.393996555217422,4.0
29,64,226.8950653076172,0.0,0.38823529411764707,-14.98060703042847,4.0
29,65,258.0981140136719,0.0,0.42745098039215684,-14.653121270408604,5.0
29,66,230.43080139160156,0.0,0.47843137254901963,-12.647878278398402,4.0
29,67,251.06773376464844,0.0,0.5372549019607843,-12.886120643431763,5.0
29,68,242.01690673828125,0.0,0.5607843137254902,-13.475261466774093,4.0
29,69,213.1334228515625,0.0,0.6901960784313725,-15.400153650422828,4.0
29,70,236.27755737304688,0.0,0.7098039215686275,-15.500055856395246,5.0
29,71,270.2813720703125,0.0,0.4470588235294118,-13.87902242623406,4.0
29,72,262.90228271484375,0.0,0.45098039215686275,-13.943730132139756,4.0
29,73,249.7501983642578,0.0,0.5607843137254902,-15.354193957703298,4.0
29,74,182.2003936767578,0.0,0.5411764705882353,-16.608827865826218,4.0
29,75,201.6199951171875,0.0,0.47058823529411764,-13.86335412906249,4.0
29,76,220.92478942871094,0.0,0.4745098039215686,-15.921454758979197,4.0
29,77,210.66989135742188,0.0,0.4666666666666667,-14.678142004963647,5.0
29,78,151.50262451171875,0.0,0.5372549019607843,-11.958430281410577,4.0
29,79,179.87884521484375,0.0,0.5137254901960784,-14.25148053789437,5.0
29,80,181.2428741455078,0.0,0.41568627450980394,-16.165343239128546,4.0
29,81,199.2823486328125,0.0,0.4,-14.150288099819793,6.0
29,82,99.0774154663086,0.0,0.5647058823529412,-13.400526269420931,6.0
29,83,186.47093200683594,0.0,0.8196078431372549,-14.510489138771621,6.0
29,84,211.90475463867188,0.0,0.6352941176470588,-13.046106821663903,4.0
29,85,217.12066650390625,0.0,0.4235294117647059,-9.563996961564051,4.0
29,86,217.9360809326172,0.0,0.4235294117647059,-14.427090710723839,3.0
29,87,209.61146545410156,0.0,0.5019607843137255,-14.787191136681567,4.0
29,88,201.34002685546875,0.0,0.5254901960784314,-13.930038687689855,5.0
29,89,230.1360321044922,0.0,0.4823529411764706,-13.732979572504727,4.0
29,90,177.73544311523438,0.0,0.5372549019607843,-13.968319936225225,5.0
29,91,209.87791442871094,0.0,0.6784313725490196,-14.075601096290269,4.0
29,92,262.04534912109375,0.0,0.792156862745098,-12.663215493795892,5.0
29,93,254.57383728027344,0.0,0.9058823529411765,-11.94790056925939,4.0
29,94,259.8179931640625,0.0,0.8627450980392157,-12.732918042711102,6.0
29,95,248.13516235351562,0.0,0.6862745098039216,-13.771991641444961,5.0
29,96,218.00656127929688,0.0,0.6745098039215687,-12.786353717268009,4.0
29,97,347.5433654785156,0.020400000736117363,0.6549019607843137,-9.96894141499588,4.0
29,98,248.74395751953125,0.0,0.6274509803921569,-10.447329634939273,4.0
29,99,223.17005920410156,0.0,0.5254901960784314,-11.71293069254611,5.0
29,100,206.03115844726562,0.0,0.4980392156862745,-14.94148441439747,4.0
29,101,225.73245239257812,0.0,0.6078431372549019,-12.314285854753432,6.0
29,102,252.6011962890625,0.0,0.615686274509804,-11.448273070195512,4.0
29,103,254.1642608642578,0.0,0.7607843137254902,-12.076066891025505,5.0
29,104,229.3090362548828,0.0031999999191612005,0.7490196078431373,-12.760906147259004,4.0
29,105,236.46632385253906,0.009600000455975533,0.6588235294117647,-15.331098806232461,5.0
29,106,243.76808166503906,0.00800000037997961,0.8509803921568627,-15.509917821992891,4.0
30,8,258.5052185058594,0.2451999932527542,0.7215686274509804,-12.63287146618659,4.0
30,9,260.0306091308594,0.013199999928474426,0.7843137254901961,-14.662510669124982,5.0
30,10,255.52906799316406,0.0,0.796078431372549,-15.829791219920647,4.0
30,11,299.676513671875,0.0,0.7647058823529411,-12.931710024323007,6.0
30,12,292.5721130371094,0.0,0.5803921568627451,-12.695485201088326,4.0
30,13,261.3960876464844,0.0,0.6588235294117647,-13.160599006838048,5.0
30,14,284.6914978027344,0.06639999896287918,0.7294117647058823,-14.91267265217581,4.0
30,15,279.9603271484375,0.0,0.7607843137254902,-13.13958473251427,4.0
30,16,233.05210876464844,0.0,0.6666666666666666,-13.722017497699596,4.0
30,17,266.82867431640625,0.0,0.5882352941176471,-14.711860275117417,4.0
30,18,289.817626953125,0.0,0.5843137254901961,-13.988768583444228,5.0
30,19,296.92138671875,0.0,0.6941176470588235,-12.211928961637646,4.0
30,20,280.06298828125,0.0,0.6862745098039216,-16.001261791462717,4.0
30,21,283.2493591308594,0.0,0.6901960784313725,-14.986738680488372,5.0
30,22,303.03729248046875,0.015200000256299973,0.6313725490196078,-13.553899617697398,5.0
30,23,292.52789306640625,0.07639999687671661,0.6392156862745098,-10.16694150392319,4.0
30,24,314.3976745605469,0.0,0.6509803921568628,-12.62740358819829,5.0
30,25,283.032470703125,0.0,0.5686274509803921,-11.896270172075171,4.0
30,26,291.63702392578125,0.0,0.7843137254901961,-13.188144575942705,5.0
30,27,247.30104064941406,0.0,0.8980392156862745,-18.019219526397755,4.0
30,28,272.93975830078125,0.0,0.803921568627451,-14.470352597463354,5.0
30,29,339.11541748046875,0.0,0.8392156862745098,-12.065861977297537,4.0
30,30,321.40899658203125,0.0,0.8588235294117647,-11.409061482896082,4.0
30,31,295.4744873046875,0.0,0.7372549019607844,-12.210814379184576,5.0
30,32,307.7320861816406,0.0,0.6078431372549019,-10.955344278536408,4.0
30,33,235.66998291015625,0.0,0.5411764705882353,-13.196355755629758,5.0
30,34,250.67332458496094,0.0,0.4745098039215686,-10.85927845400504,4.0
30,35,299.8119812011719,0.0,0.5058823529411764,-10.247939042313018,5.0
30,36,277.35052490234375,0.0,0.6039215686274509,-11.039648344016255,5.0
30,37,335.2430419921875,0.0,0.6627450980392157,-13.181693288018776,4.0
30,38,225.39686584472656,0.0,0.6509803921568628,-15.559510794518143,5.0
30,39,170.57984924316406,0.0,0.6392156862745098,-14.620922919546375,4.0
30,40,220.326904296875,0.0,0.7215686274509804,-15.948315584209983,5.0
30,41,264.9349670410156,0.0,0.8823529411764706,-10.210022901595313,4.0
30,42,283.0690612792969,0.0,0.9686274509803922,-11.10532565885477,5.0
30,43,303.01116943359375,0.00039999998989515007,0.8509803921568627,-12.024124991709876,4.0
30,44,194.60873413085938,0.06520000100135803,0.5764705882352941,-13.787134416158555,5.0
30,45,286.9761657714844,0.031599998474121094,0.5137254901960784,-12.455042977455594,5.0
30,46,265.408203125,0.01679999940097332,0.6313725490196078,-11.924762118503924,4.0
30,47,288.98590087890625,0.0,0.7098039215686275,-11.263159306229255,4.0
30,48,269.98321533203125,0.0,0.6823529411764706,-14.41473214838741,3.0
30,49,290.7161560058594,0.0,0.5647058823529412,-9.151375241658844,5.0
30,50,250.617431640625,0.0,0.49019607843137253,-11.907698222168419,4.0
30,51,287.2037048339844,0.0,0.596078431372549,-12.149947490931721,5.0
30,52,242.14935302734375,0.0,0.5843137254901961,-14.258897639275501,4.0
30,53,292.00518798828125,0.0,0.47843137254901963,-12.448777634523594,5.0
30,54,262.686767578125,0.0,0.5529411764705883,-12.97916498358343,4.0
30,55,272.9414367675781,0.0,0.7843137254901961,-14.136180655319365,4.0
30,56,285.9073791503906,0.0,0.8235294117647058,-12.884049105484507,5.0
30,57,284.761962890625,0.0,0.7450980392156863,-13.940002300668331,4.0
30,58,307.9675598144531,0.009200000204145908,0.6549019607843137,-15.333451204351071,5.0
30,59,279.5392150878906,0.0,0.6745098039215687,-12.452945621084151,4.0
30,60,286.69842529296875,0.0,0.6941176470588235,-12.050475778880188,4.0
30,61,244.69049072265625,0.0,0.611764705882353,-10.940239668727065,3.0
30,62,298.7688903808594,0.0,0.5176470588235295,-13.33813137665423,4.0
30,63,231.99893188476562,0.0,0.47843137254901963,-13.741579592397741,5.0
30,64,255.1143035888672,0.0,0.5490196078431373,-14.446582652777009,4.0
30,65,308.4615478515625,0.0,0.5607843137254902,-11.822060578280993,5.0
30,66,293.4554138183594,0.0,0.5176470588235295,-10.106510163797694,4.0
30,67,267.6238708496094,0.0,0.5490196078431373,-12.442294061083434,5.0
30,68,230.01805114746094,0.0,0.5058823529411764,-14.12989778899346,3.0
30,69,215.60604858398438,0.0,0.5176470588235295,-13.618357037851812,5.0
30,70,154.1324920654297,0.0,0.5254901960784314,-13.465454294360583,4.0
30,71,243.7168731689453,0.0,0.4117647058823529,-17.388467031970293,4.0
30,72,205.0307159423828,0.0,0.5176470588235295,-12.42937607171867,5.0
30,73,226.8085174560547,0.0,0.6509803921568628,-13.157116421052768,4.0
30,74,217.91432189941406,0.006800000090152025,0.6313725490196078,-13.905295245260604,5.0
30,75,236.3287353515625,0.0,0.5137254901960784,-12.484676462046833,4.0
30,76,217.7457733154297,0.0,0.4470588235294118,-14.646946097469105,6.0
30,77,212.19232177734375,0.0,0.4196078431372549,-12.673091493154875,4.0
30,78,225.2040557861328,0.0,0.4549019607843137,-11.418957438384593,5.0
30,79,148.17962646484375,0.0,0.43529411764705883,-15.177864177971657,4.0
30,80,173.50439453125,0.0,0.42745098039215684,-13.832702035693975,5.0
30,81,170.17727661132812,0.0,0.4392156862745098,-11.8588892400504,4.0
30,82,183.98707580566406,0.0,0.5568627450980392,-14.177647981453088,4.0
30,83,177.73085021972656,0.0,0.7647058823529411,-14.69698659655492,5.0
30,84,260.9167175292969,0.0,0.7490196078431373,-14.611434925841928,4.0
30,85,217.0626678466797,0.0,0.5176470588235295,-9.588696572600048,6.0
30,86,220.34640502929688,0.0,0.4823529411764706,-12.585829191914748,4.0
30,87,173.80654907226562,0.0,0.4627450980392157,-12.085538005955758,4.0
30,88,226.89892578125,0.0,0.44313725490196076,-13.679994573252344,4.0
30,89,183.31500244140625,0.0,0.4392156862745098,-13.764094987279423,4.0
30,90,154.7371063232422,0.0,0.5725490196078431,-11.782272765414739,5.0
30,91,159.76939392089844,0.0,0.6784313725490196,-13.931814200970384,5.0
30,92,237.1917724609375,0.0,0.6039215686274509,-12.430477014685517,6.0
30,93,254.5518341064453,0.0,0.5764705882352941,-12.717402966772804,4.0
30,94,212.72447204589844,0.0,0.5490196078431373,-13.808094057282043,5.0
30,95,279.90185546875,0.0,0.5843137254901961,-15.672062511305832,4.0
30,96,261.0402526855469,0.0,0.7294117647058823,-14.839368283096041,5.0
30,97,262.8495178222656,0.0,0.7411764705882353,-12.570337898871347,4.0
30,98,279.0416564941406,0.00039999998989515007,0.6431372549019608,-11.962834234164639,4.0
30,99,259.156982421875,0.0,0.5019607843137255,-12.42973217486907,4.0
30,100,192.5142822265625,0.0,0.4823529411764706,-13.595651384712124,4.0
30,101,273.6435241699219,0.0,0.5647058823529412,-12.301208144152461,5.0
30,102,241.52659606933594,0.0,0.5843137254901961,-14.032981582240641,4.0
30,103,237.37265014648438,0.0,0.6588235294117647,-15.592247746112966,5.0
30,104,231.87576293945312,0.0,0.6823529411764706,-11.868055306717746,5.0
30,105,220.17800903320312,0.0,0.7843137254901961,-14.085572717797115,5.0
30,106,238.84873962402344,0.0,0.8549019607843137,-13.03812960281093,4.0
31,10,286.9410400390625,0.014000000432133675,0.7686274509803922,-12.802732390910975,5.0
31,11,264.6169738769531,0.0,0.7019607843137254,-9.14032844321403,4.0
31,12,315.8311462402344,0.06759999692440033,0.6352941176470588,-10.152055709650025,4.0
31,13,218.5324249267578,0.0,0.7411764705882353,-11.235841829382306,5.0
31,14,247.5425262451172,0.0,0.8156862745098039,-11.541214634199825,3.0
31,15,278.4223937988281,0.00039999998989515007,0.7647058823529411,-11.658085488843021,4.0
31,16,300.9681091308594,0.0,0.6784313725490196,-11.92972758681844,4.0
31,17,249.1368408203125,0.0,0.7137254901960784,-14.961739692740517,5.0
31,18,296.5570068359375,0.0,0.8156862745098039,-13.901438499154002,4.0
31,19,310.80963134765625,0.0,0.7333333333333333,-11.198359303469863,5.0
31,20,271.1609191894531,0.0,0.6862745098039216,-14.256829953944647,5.0
31,21,248.64370727539062,0.0,0.6823529411764706,-15.217432246844368,4.0
31,22,253.53622436523438,0.0,0.6,-13.548472682315747,5.0
31,23,289.3076477050781,0.01600000075995922,0.6313725490196078,-11.75413733792434,4.0
31,24,281.1472473144531,0.0,0.7019607843137254,-13.305708662583395,5.0
31,25,234.55072021484375,0.0,0.6549019607843137,-14.571652576455541,4.0
31,26,313.297607421875,0.0,0.8,-12.907878227803053,5.0
31,27,355.5354309082031,0.0,0.9372549019607843,-14.449492750893702,4.0
31,28,272.3620300292969,0.0,0.9176470588235294,-13.124207653137498,5.0
31,29,265.3808288574219,0.0,0.9333333333333333,-13.6036366861069,5.0
31,30,260.82342529296875,0.0,0.9137254901960784,-12.013677612047902,4.0
31,31,226.48663330078125,0.0,0.7803921568627451,-12.449838562475799,5.0
31,32,260.034912109375,0.0,0.6196078431372549,-12.025914063938277,3.0
31,33,275.0342102050781,0.0,0.5686274509803921,-10.993162784357313,4.0
31,34,257.5981140136719,0.0,0.6,-14.224130320422823,5.0
31,35,262.8117370605469,0.0,0.5411764705882353,-14.075130274346499,5.0
31,36,306.8743591308594,0.0,0.48627450980392156,-13.464374926780796,5.0
31,37,297.6199645996094,0.0,0.5607843137254902,-15.167112474406721,5.0
31,38,155.3172607421875,0.0,0.6588235294117647,-14.579656403712073,4.0
31,39,224.37005615234375,0.0,0.6901960784313725,-12.676352821954996,4.0
31,40,347.2143859863281,0.0,0.6941176470588235,-12.953180411210223,5.0
31,41,268.1891174316406,0.0,0.8235294117647058,-10.766228077808455,4.0
31,42,245.2795867919922,0.0,0.9372549019607843,-11.425257261361345,4.0
31,43,279.8287048339844,0.0007999999797903001,0.6745098039215687,-12.55928952315006,4.0
31,44,228.33181762695312,0.0,0.47843137254901963,-13.820904271144501,4.0
31,45,310.3873291015625,0.04039999842643738,0.5176470588235295,-12.449010485432336,4.0
31,46,270.68560791015625,0.0020000000949949026,0.6392156862745098,-10.985523473913737,5.0
31,47,286.80255126953125,0.0,0.6862745098039216,-12.027035144167739,5.0
31,48,288.96771240234375,0.0,0.6627450980392157,-14.804374877450286,4.0
31,49,259.26666259765625,0.0,0.5882352941176471,-11.834980118496148,5.0
31,50,281.24658203125,0.0,0.5411764705882353,-16.159988264791988,4.0
31,51,231.66876220703125,0.0,0.5450980392156862,-11.022485406913374,3.0
31,52,214.2705078125,0.0,0.47058823529411764,-12.107106535889493,5.0
31,53,234.20059204101562,0.0,0.4117647058823529,-14.713031626053997,4.0
31,54,232.79196166992188,0.0,0.5137254901960784,-13.367983162185404,6.0
31,55,271.5621337890625,0.0,0.7176470588235294,-11.995410569585491,5.0
31,56,297.3334655761719,0.0,0.7647058823529411,-11.167062533814418,4.0
31,57,320.7503967285156,0.0,0.7058823529411765,-12.662097852274023,4.0
31,58,276.31304931640625,0.0,0.6196078431372549,-12.580289980769479,4.0
31,59,283.04388427734375,0.0,0.6509803921568628,-11.840325719580173,4.0
31,60,283.82843017578125,0.0,0.7137254901960784,-13.946955715721108,4.0
31,61,285.3154602050781,0.0,0.6313725490196078,-12.564871457650364,4.0
31,62,273.3023986816406,0.0,0.5294117647058824,-10.35238163313807,5.0
31,63,241.00390625,0.0,0.5254901960784314,-10.727191615368055,4.0
31,64,287.0964050292969,0.0,0.6235294117647059,-12.444195329210721,5.0
31,65,274.8597717285156,0.0,0.6588235294117647,-11.52902825868818,4.0
31,66,314.006591796875,0.0,0.6196078431372549,-10.487657747676913,3.0
31,67,269.8664245605469,0.0,0.5490196078431373,-10.867548188838917,4.0
31,68,241.66262817382812,0.0,0.45098039215686275,-14.423251559049902,4.0
31,69,246.67713928222656,0.0,0.42745098039215684,-14.187686381628401,5.0
31,70,226.40115356445312,0.0,0.4235294117647059,-11.591722048001197,4.0
31,71,233.95848083496094,0.0,0.37254901960784315,-12.42486539672182,6.0
31,72,175.29217529296875,0.0,0.4392156862745098,-11.529003741870286,4.0
31,73,134.27947998046875,0.014399999752640724,0.49019607843137253,-10.545936299659353,4.0
31,74,161.29217529296875,0.0031999999191612005,0.592156862745098,-12.793548170141552,5.0
31,75,175.38156127929688,0.0,0.5647058823529412,-12.718309476890862,4.0
31,76,179.91400146484375,0.0,0.4392156862745098,-15.44833629654108,4.0
31,77,195.6241455078125,0.0,0.4,-12.25361047407285,4.0
31,78,213.6287841796875,0.0,0.4627450980392157,-11.431832702407954,4.0
31,79,236.1606903076172,0.0,0.5215686274509804,-12.5791279642443,4.0
31,80,190.09786987304688,0.015200000256299973,0.4823529411764706,-14.743234841995257,5.0
31,81,175.7584228515625,0.006000000052154064,0.5450980392156862,-13.485222057814106,4.0
31,82,199.967529296875,0.0,0.6784313725490196,-12.732124480862574,6.0
31,83,216.07470703125,0.0,0.7568627450980392,-11.044250023545851,5.0
31,84,219.8958740234375,0.0,0.6627450980392157,-13.451338769005064,5.0
31,85,271.72998046875,0.0,0.5137254901960784,-12.180660925030377,4.0
31,86,212.4999542236328,0.0,0.48627450980392156,-12.538594071416686,4.0
31,87,187.89144897460938,0.0,0.40784313725490196,-13.542672506630604,5.0
31,88,209.4362335205078,0.0,0.38823529411764707,-12.283879586886075,4.0
31,89,223.32684326171875,0.0,0.48627450980392156,-10.689739473249439,5.0
31,90,197.09254455566406,0.0,0.6549019607843137,-13.0035562857722,4.0
31,91,208.1738739013672,0.0,0.7333333333333333,-14.538942723842169,5.0
31,92,242.43678283691406,0.0,0.6784313725490196,-15.564239195853508,4.0
31,93,282.9192810058594,0.0,0.5019607843137255,-14.390331790424353,5.0
31,94,257.0457458496094,0.0,0.4470588235294118,-13.6289234093123,5.0
31,95,222.55665588378906,0.0,0.5411764705882353,-16.336387516134266,5.0
31,96,231.9119873046875,0.0,0.6470588235294118,-12.726782254342845,4.0
31,97,238.50230407714844,0.0,0.6431372549019608,-11.8836298108433,4.0
31,98,246.7489013671875,0.0,0.6588235294117647,-11.28225408371984,4.0
31,99,183.7843780517578,0.0,0.6313725490196078,-12.931272472898767,4.0
31,100,216.2900390625,0.0,0.5607843137254902,-13.58576330056434,5.0
31,101,207.03179931640625,0.0,0.5294117647058824,-15.976694466805224,4.0
31,102,268.2652587890625,0.0,0.5098039215686274,-13.069950078767715,4.0
31,103,241.52040100097656,0.0,0.7058823529411765,-11.597859003263473,5.0
31,104,240.45164489746094,0.0,0.8156862745098039,-11.592363219061072,5.0
31,105,237.01193237304688,0.0,0.8705882352941177,-12.206490902415776,6.0
31,106,317.74151611328125,0.07680000364780426,0.7803921568627451,-14.042405764654989,5.0
31,107,289.8036193847656,0.05000000074505806,0.6313725490196078,-12.8304003857774,5.0
31,109,279.0581359863281,0.1151999980211258,0.5490196078431373,-13.180670488007696,5.0
32,10,309.9444885253906,0.07039999961853027,0.6196078431372549,-13.530937039848856,5.0
32,11,278.7218322753906,0.0,0.6196078431372549,-11.696418043074132,4.0
32,12,296.7829895019531,0.0,0.7137254901960784,-11.34659470799052,4.0
32,13,250.65345764160156,0.0,0.8392156862745098,-11.675315191693791,4.0
32,14,313.5194091796875,0.08479999750852585,0.8196078431372549,-12.706162973957074,4.0
32,15,316.89935302734375,0.10159999877214432,0.6745098039215687,-13.182501419090162,5.0
32,16,248.3958740234375,0.02879999950528145,0.615686274509804,-11.840692421958693,4.0
32,17,278.3022766113281,0.003599999938160181,0.792156862745098,-15.787470609702787,4.0
32,18,273.06512451171875,0.0,0.8,-15.670395417073287,4.0
32,19,308.8362121582031,0.0,0.6745098039215687,-12.261318433538989,4.0
32,20,236.1573486328125,0.0,0.6666666666666666,-12.41704580783602,4.0
32,21,273.1682434082031,0.0,0.7176470588235294,-13.847580195590188,6.0
32,22,311.4422302246094,0.0,0.6705882352941176,-14.167247179729605,4.0
32,23,300.9393615722656,0.014800000004470348,0.6705882352941176,-14.918744297653696,5.0
32,24,340.93084716796875,0.0,0.7450980392156863,-12.468464799415695,4.0
32,25,305.03338623046875,0.0,0.6352941176470588,-14.493733959095014,5.0
32,26,284.1251525878906,0.0,0.6470588235294118,-13.231642510124868,5.0
32,27,278.41265869140625,0.0,0.8588235294117647,-16.142492483300412,5.0
32,28,283.7438659667969,0.0,0.8823529411764706,-12.872678773338098,4.0
32,29,262.52996826171875,0.0,0.8823529411764706,-12.70163518701494,5.0
32,30,276.1531982421875,0.0012000000569969416,0.8705882352941177,-11.222329091200802,4.0
32,31,314.37481689453125,0.023600000888109207,0.8352941176470589,-9.844693249696867,4.0
32,32,288.95294189453125,0.0,0.6823529411764706,-11.965302115012337,4.0
32,33,303.75885009765625,0.00039999998989515007,0.6470588235294118,-12.12568750898672,5.0
32,34,218.4125518798828,0.00039999998989515007,0.7176470588235294,-17.23746668689652,4.0
32,35,315.0389099121094,0.0,0.6352941176470588,-14.043120026503136,5.0
32,36,285.6209411621094,0.0,0.4588235294117647,-14.727281749763502,4.0
32,37,283.04766845703125,0.0,0.5254901960784314,-12.791781178293354,5.0
32,38,284.461669921875,0.0,0.7215686274509804,-14.181292456970985,5.0
32,39,279.1392822265625,0.0,0.8156862745098039,-12.073705114651167,5.0
32,40,314.4082946777344,0.0,0.8392156862745098,-12.526475296959186,4.0
32,41,309.36383056640625,0.0,0.8274509803921568,-10.707368436814475,4.0
32,42,309.6215515136719,0.00839999970048666,0.8274509803921568,-12.596563482632694,5.0
32,43,275.20245361328125,0.00279999990016222,0.7764705882352941,-14.234023498523776,4.0
32,44,276.37347412109375,0.0,0.6862745098039216,-13.601659807104339,5.0
32,45,292.2532043457031,0.03359999880194664,0.5725490196078431,-11.780285131929435,4.0
32,46,254.1466522216797,0.0,0.5686274509803921,-11.433594132307325,5.0
32,47,258.6654968261719,0.006000000052154064,0.592156862745098,-11.404710795365231,4.0
32,48,289.6296691894531,0.0,0.6901960784313725,-12.976522024303156,4.0
32,49,270.1235046386719,0.012400000356137753,0.8156862745098039,-12.840859489870224,3.0
32,50,271.2209777832031,0.0,0.8117647058823529,-13.44949987287218,4.0
32,51,288.069091796875,0.0,0.6078431372549019,-13.30866222285948,5.0
32,52,225.78445434570312,0.0,0.4196078431372549,-12.832264459364616,4.0
32,53,279.43035888671875,0.0,0.45098039215686275,-15.228821015368615,5.0
32,54,289.1825256347656,0.0,0.6,-13.51381837660438,4.0
32,55,267.27716064453125,0.0,0.6588235294117647,-13.133751616444014,5.0
32,56,252.22531127929688,0.0,0.6941176470588235,-11.182616969199806,4.0
32,57,339.1817321777344,0.0,0.7843137254901961,-11.34917611697497,5.0
32,58,302.4320373535156,0.0,0.7254901960784313,-12.938837546305557,4.0
32,59,327.201416015625,0.0,0.6745098039215687,-12.530402052844842,4.0
32,60,279.3451232910156,0.0,0.6705882352941176,-12.225898169571066,5.0
32,61,261.0631103515625,0.0,0.6039215686274509,-13.372730878421812,4.0
32,62,275.5702819824219,0.0,0.5019607843137255,-11.119581283076647,5.0
32,63,273.22235107421875,0.0,0.4588235294117647,-12.067073266653953,4.0
32,64,248.82278442382812,0.0,0.4549019607843137,-11.423570599899621,3.0
32,65,222.51144409179688,0.0,0.47058823529411764,-15.149886695081438,4.0
32,66,263.6697692871094,0.0,0.4666666666666667,-12.869946294397707,5.0
32,67,224.33717346191406,0.0,0.4392156862745098,-9.375603244666399,4.0
32,68,199.39794921875,0.0,0.4470588235294118,-11.934476759880862,4.0
32,69,191.85191345214844,0.0,0.5019607843137255,-13.127901927883062,4.0
32,70,206.7178497314453,0.0,0.4823529411764706,-14.06176242756854,4.0
32,71,216.55055236816406,0.0,0.396078431372549,-11.647259590099425,4.0
32,72,162.3693389892578,0.0,0.4392156862745098,-13.363502513998998,4.0
32,73,164.26754760742188,0.0,0.49019607843137253,-12.387983189851859,5.0
32,74,224.12400817871094,0.0,0.48627450980392156,-11.484418522990081,4.0
32,75,162.74465942382812,0.0,0.5176470588235295,-11.93036500397022,5.0
32,76,222.8736114501953,0.0,0.4666666666666667,-11.538605183484101,4.0
32,77,186.31393432617188,0.0,0.4117647058823529,-13.075464846576896,5.0
32,78,184.76046752929688,0.0,0.4627450980392157,-12.596596406240888,5.0
32,79,214.4516143798828,0.0,0.47058823529411764,-11.470376132944347,4.0
32,80,238.1262664794922,0.013199999928474426,0.43529411764705883,-13.583889401762475,5.0
32,81,165.63858032226562,0.01640000008046627,0.5843137254901961,-13.308363744374685,4.0
32,82,145.66339111328125,0.0,0.7019607843137254,-14.219895630389408,5.0
32,83,201.717041015625,0.0,0.6509803921568628,-12.931426875779746,4.0
32,84,220.51510620117188,0.0,0.5254901960784314,-12.306676812662026,5.0
32,85,218.3614959716797,0.0,0.4588235294117647,-10.979909511968778,4.0
32,86,240.24636840820312,0.0,0.4549019607843137,-13.357218578115937,5.0
32,87,165.95518493652344,0.0,0.40784313725490196,-15.616284069370948,4.0
32,88,177.48500061035156,0.0,0.40784313725490196,-14.988098978070488,4.0
32,89,196.3834228515625,0.0,0.5137254901960784,-14.071382954468564,5.0
32,90,199.75039672851562,0.0,0.596078431372549,-11.505013543404136,5.0
32,91,181.53184509277344,0.0,0.6823529411764706,-12.463672642996347,5.0
32,92,198.40333557128906,0.0,0.7843137254901961,-15.027446940151854,4.0
32,93,208.11766052246094,0.0,0.7058823529411765,-15.318274417862858,5.0
32,94,219.79498291015625,0.0,0.6784313725490196,-13.831509512969102,4.0
32,95,269.70233154296875,0.0,0.6627450980392157,-13.099184873289511,5.0
32,96,265.3785095214844,0.0,0.5568627450980392,-12.67840058970779,5.0
32,97,185.81427001953125,0.0,0.4666666666666667,-13.856526363352275,5.0
32,98,146.92994689941406,0.0,0.4980392156862745,-13.549699801545467,5.0
32,99,237.47531127929688,0.0,0.6078431372549019,-12.612477199632245,4.0
32,100,246.16293334960938,0.0,0.6078431372549019,-12.238840948894778,5.0
32,101,331.1054382324219,0.0,0.5725490196078431,-15.140602144643804,4.0
32,102,292.3436584472656,0.05959999933838844,0.5176470588235295,-12.66537037824455,5.0
32,103,302.9418029785156,0.0,0.6862745098039216,-11.167995690015275,4.0
32,104,276.3553771972656,0.0,0.8549019607843137,-11.58367159041324,5.0
32,105,256.31732177734375,0.0,0.8666666666666667,-11.63321974846205,4.0
32,106,274.8670959472656,0.07079999893903732,0.8196078431372549,-12.57603806732402,4.0
32,107,258.28753662109375,0.0,0.6470588235294118,-12.786626419001369,5.0
32,108,279.2720642089844,0.09319999814033508,0.6039215686274509,-10.855786274725695,5.0
32,109,235.928955078125,0.01119999960064888,0.49411764705882355,-11.927703685834064,4.0
33,9,330.94146728515625,0.18440000712871552,0.6352941176470588,-12.145026550493355,4.0
33,10,323.4239501953125,0.020800000056624413,0.5019607843137255,-15.60133690077679,5.0
33,11,252.32272338867188,0.0,0.6,-13.107754904861961,4.0
33,12,211.93893432617188,0.004800000227987766,0.8156862745098039,-11.197745068494116,6.0
33,13,248.98890686035156,0.04479999840259552,0.8509803921568627,-11.64454343912463,4.0
33,14,300.39117431640625,0.0,0.8,-12.643206576906918,5.0
33,15,300.1241455078125,0.0,0.6627450980392157,-12.755653591589937,3.0
33,16,229.58935546875,0.0,0.5843137254901961,-11.063607398558124,4.0
33,17,292.1811828613281,0.00039999998989515007,0.6784313725490196,-12.689995992947177,4.0
33,18,282.3985290527344,0.0,0.7058823529411765,-13.763487848292932,4.0
33,19,257.4063720703125,0.0,0.6274509803921569,-15.364922903216511,5.0
33,20,278.35198974609375,0.0,0.6039215686274509,-13.098083109477706,4.0
33,21,263.1885070800781,0.0,0.6470588235294118,-12.647070029845144,5.0
33,22,223.77120971679688,0.0,0.7529411764705882,-12.543296896396164,4.0
33,23,293.8120422363281,0.0,0.803921568627451,-14.094758143401513,5.0
33,24,267.489501953125,0.0,0.7333333333333333,-12.31980533618399,4.0
33,25,307.2272644042969,0.0,0.5529411764705883,-13.383907108739336,5.0
33,26,275.63323974609375,0.0,0.47843137254901963,-13.353624808918765,5.0
33,27,300.9095153808594,0.0,0.6901960784313725,-14.854696830277502,4.0
33,28,262.32867431640625,0.0,0.8117647058823529,-15.589890861982509,5.0
33,29,240.2335205078125,0.0,0.7294117647058823,-14.4018266705944,4.0
33,30,264.3532409667969,0.0,0.7490196078431373,-12.259671954157628,5.0
33,31,239.38011169433594,0.0,0.8274509803921568,-11.933408058818827,4.0
33,32,303.8780517578125,0.0,0.803921568627451,-14.334351192631399,5.0
33,33,327.5834045410156,0.0,0.6705882352941176,-12.667676124442298,5.0
33,34,274.05023193359375,0.0,0.5882352941176471,-15.682191570852238,5.0
33,35,329.5987243652344,0.0,0.6549019607843137,-12.959591763094824,4.0
33,36,246.9420166015625,0.0007999999797903001,0.6078431372549019,-13.449692635138994,4.0
33,37,339.8457946777344,0.014800000004470348,0.5098039215686274,-13.522589704143279,5.0
33,38,359.6820068359375,0.0,0.5450980392156862,-10.68117984874805,4.0
33,39,289.656982421875,0.0,0.7254901960784313,-11.408970030701745,5.0
33,40,314.49517822265625,0.0,0.807843137254902,-11.887201327392168,4.0
33,41,297.8927001953125,0.0,0.8627450980392157,-14.05479073040582,5.0
33,42,311.77239990234375,0.0,0.8117647058823529,-12.778878535404022,4.0
33,43,221.91709899902344,0.0,0.8,-16.042753457152777,3.0
33,44,275.6208190917969,0.0,0.7568627450980392,-13.726150395841106,4.0
33,45,292.549072265625,0.0551999993622303,0.6470588235294118,-11.821201496506005,5.0
33,46,279.23089599609375,0.0,0.6470588235294118,-12.457019106962194,5.0
33,47,237.314453125,0.0,0.5607843137254902,-12.779089958158572,3.0
33,48,290.7931823730469,0.0,0.6196078431372549,-14.1153491496151,5.0
33,49,303.171875,0.0,0.8117647058823529,-14.865886653068245,4.0
33,50,289.8369445800781,0.0007999999797903001,0.8627450980392157,-12.781131641339707,5.0
33,51,291.57281494140625,0.0,0.6784313725490196,-12.400716467518826,4.0
33,52,267.73614501953125,0.0,0.5725490196078431,-12.107372453518872,5.0
33,53,238.0015106201172,0.0,0.6235294117647059,-13.089568690976188,4.0
33,54,247.66854858398438,0.0,0.7333333333333333,-14.487152740188694,5.0
33,55,279.0104064941406,0.0,0.5686274509803921,-13.249596167588741,5.0
33,56,231.70167541503906,0.0,0.5647058823529412,-9.693550792730019,4.0
33,57,296.54901123046875,0.035999998450279236,0.7450980392156863,-13.011821295091304,5.0
33,58,293.3248596191406,0.0,0.8980392156862745,-12.036196328112041,4.0
33,59,310.2287292480469,0.018799999728798866,0.8156862745098039,-13.03575947445184,6.0
33,60,261.57763671875,0.0,0.7215686274509804,-12.310484494685355,4.0
33,61,270.2056579589844,0.0,0.6313725490196078,-13.9405775104217,3.0
33,62,283.7039794921875,0.0,0.5058823529411764,-13.807996027893815,4.0
33,63,277.7933044433594,0.0,0.42745098039215684,-14.124979449699246,4.0
33,64,184.64547729492188,0.0,0.4196078431372549,-15.64284163853346,5.0
33,65,213.24459838867188,0.0,0.4666666666666667,-13.98655445909326,4.0
33,66,243.9092559814453,0.006000000052154064,0.42745098039215684,-14.60737945835248,4.0
33,67,218.38294982910156,0.0,0.403921568627451,-13.639329653294599,3.0
33,68,192.6661834716797,0.0,0.5176470588235295,-11.633993896956067,5.0
33,69,209.10079956054688,0.0,0.7411764705882353,-12.554453622223607,4.0
33,70,211.7858428955078,0.0,0.6705882352941176,-12.052844401246182,5.0
33,71,203.9315185546875,0.0,0.4745098039215686,-11.476982882870226,4.0
33,72,209.3132781982422,0.0,0.5294117647058824,-13.88082110129323,5.0
33,73,157.92147827148438,0.0,0.6588235294117647,-12.754082533566882,5.0
33,74,230.38584899902344,0.0,0.6,-13.19114052264241,4.0
33,75,176.15733337402344,0.0,0.5176470588235295,-13.903022169413271,5.0
33,76,199.77952575683594,0.0,0.42745098039215684,-10.998479415092127,4.0
33,77,209.7292022705078,0.0,0.3843137254901961,-13.334988796594352,4.0
33,78,213.27972412109375,0.0,0.48627450980392156,-13.226371000660048,5.0
33,79,180.0990753173828,0.0,0.4666666666666667,-12.78763107218303,3.0
33,80,170.299072265625,0.0,0.41568627450980394,-13.942697478400614,5.0
33,81,185.63265991210938,0.0,0.5372549019607843,-13.132380143202,4.0
33,82,173.07484436035156,0.021199999377131462,0.596078431372549,-11.927078634504266,4.0
33,83,174.21481323242188,0.0,0.47843137254901963,-13.723067002588536,5.0
33,84,190.76144409179688,0.0,0.37254901960784315,-13.689670313800708,6.0
33,85,160.71273803710938,0.0,0.47058823529411764,-10.680277996068146,4.0
33,86,188.7451629638672,0.0,0.4745098039215686,-12.108768265303846,4.0
33,87,186.77792358398438,0.002400000113993883,0.4392156862745098,-11.595985062744369,4.0
33,88,166.58900451660156,0.0,0.4745098039215686,-12.084494267335026,5.0
33,89,229.38626098632812,0.0,0.5372549019607843,-13.099407618964033,4.0
33,90,194.62208557128906,0.0,0.5529411764705883,-11.52948267098479,4.0
33,91,217.53919982910156,0.0,0.5607843137254902,-13.329853016343291,5.0
33,92,173.4851531982422,0.0,0.6941176470588235,-14.492193919853607,5.0
33,93,259.5476379394531,0.0,0.8117647058823529,-15.188616111087018,7.0
33,94,231.0968475341797,0.0,0.9176470588235294,-14.353058874220519,4.0
33,95,227.1515350341797,0.0,0.8823529411764706,-12.687943757770835,4.0
33,96,269.70989990234375,0.0,0.6470588235294118,-9.30418925657904,4.0
33,97,240.7132110595703,0.0,0.4196078431372549,-12.537149740513039,4.0
33,98,173.66416931152344,0.0,0.3803921568627451,-11.548809727486184,4.0
33,99,222.41366577148438,0.0,0.4980392156862745,-14.109731771107727,4.0
33,100,246.27987670898438,0.0,0.5607843137254902,-15.477660272720499,5.0
33,101,259.043212890625,0.0,0.6549019607843137,-14.854666098796532,6.0
33,102,255.98313903808594,0.0,0.7137254901960784,-12.040967153783157,5.0
33,103,270.6406555175781,0.0,0.7411764705882353,-12.065872582938086,4.0
33,104,297.28558349609375,0.004000000189989805,0.7098039215686275,-11.370063383640547,5.0
33,105,241.14268493652344,0.004399999976158142,0.7725490196078432,-12.736857274632367,4.0
33,106,317.8701477050781,0.11599999666213989,0.8509803921568627,-14.371387404229596,5.0
33,107,268.3486022949219,0.01119999960064888,0.6745098039215687,-12.915537684728305,4.0
34,9,327.0940856933594,0.02239999920129776,0.5490196078431373,-10.391134432051336,4.0
34,10,313.7791748046875,0.05719999969005585,0.45098039215686275,-16.601818815619534,4.0
34,11,235.63792419433594,0.0284000001847744,0.615686274509804,-12.907852607853542,4.0
34,12,287.2659912109375,0.0,0.7568627450980392,-13.354205502871562,5.0
34,13,318.4503173828125,0.007600000128149986,0.6980392156862745,-14.911489843559115,4.0
34,14,275.46368408203125,0.00039999998989515007,0.7254901960784313,-14.165418792742752,5.0
34,15,275.3386535644531,0.0,0.6784313725490196,-14.082537810198437,4.0
34,16,306.8808898925781,0.0,0.6313725490196078,-11.87028723307462,6.0
34,17,318.6339416503906,0.00559999980032444,0.7176470588235294,-11.365280100687535,4.0
34,18,308.4092712402344,0.0,0.7490196078431373,-12.956727972766501,4.0
34,19,252.46888732910156,0.0,0.6901960784313725,-12.807156609129397,4.0
34,20,310.11492919921875,0.0,0.5764705882352941,-14.954429684717848,4.0
34,21,263.5650329589844,0.0,0.5647058823529412,-14.43890864668556,5.0
34,22,261.2821044921875,0.012000000104308128,0.6549019607843137,-13.127419228246548,4.0
34,23,214.9464569091797,0.0,0.7372549019607844,-15.322968369938648,5.0
34,24,298.31549072265625,0.0,0.7176470588235294,-12.841142008476961,5.0
34,25,279.8901672363281,0.0,0.5843137254901961,-13.515824615217063,5.0
34,26,277.6944885253906,0.01600000075995922,0.5843137254901961,-11.867554797946267,4.0
34,27,298.8492126464844,0.0,0.7137254901960784,-15.526906631404609,5.0
34,28,266.2596130371094,0.0,0.7411764705882353,-12.599819715395796,4.0
34,29,240.30859375,0.0,0.6745098039215687,-13.862215397877636,4.0
34,30,288.3644714355469,0.0,0.7215686274509804,-11.332605885692896,4.0
34,31,272.2744445800781,0.00039999998989515007,0.8274509803921568,-13.199923230691365,3.0
34,32,237.35191345214844,0.0,0.8274509803921568,-14.749886239641194,5.0
34,33,273.67926025390625,0.0,0.6196078431372549,-12.17318580338466,4.0
34,34,263.8249206542969,0.0,0.47058823529411764,-16.306207906527884,5.0
34,35,304.7682800292969,0.0,0.6078431372549019,-9.164714628490223,5.0
34,36,240.5382080078125,0.00559999980032444,0.6705882352941176,-11.7553386062834,6.0
34,37,273.9451904296875,0.020400000736117363,0.4980392156862745,-13.618105151675676,4.0
34,38,278.59197998046875,0.0,0.4666666666666667,-10.228611808155517,5.0
34,39,274.52764892578125,0.0,0.6588235294117647,-15.25784273776197,4.0
34,40,260.2057800292969,0.0,0.8274509803921568,-12.010295857200335,4.0
34,41,305.73773193359375,0.0,0.8156862745098039,-12.382482255999232,5.0
34,42,292.8503723144531,0.0,0.7294117647058823,-10.590696724435876,4.0
34,43,280.0851135253906,0.0,0.6705882352941176,-12.867432838796354,6.0
34,44,291.7641296386719,0.0,0.5686274509803921,-13.015566237690102,4.0
34,45,269.8722229003906,0.0,0.5725490196078431,-15.000661181118648,5.0
34,46,323.61004638671875,0.0,0.7294117647058823,-13.155096554868317,4.0
34,47,269.28851318359375,0.01080000028014183,0.6862745098039216,-13.503759907339465,5.0
34,48,286.9265441894531,0.040800001472234726,0.5882352941176471,-12.975985970908464,5.0
34,49,251.02435302734375,0.0,0.6392156862745098,-10.885581119274413,4.0
34,50,240.93360900878906,0.0,0.7490196078431373,-11.513989720252262,4.0
34,51,274.30352783203125,0.0007999999797903001,0.7254901960784313,-11.797237675936906,4.0
34,52,291.0091857910156,0.0,0.7686274509803922,-11.838496910027336,4.0
34,53,299.9087219238281,0.0,0.7803921568627451,-12.031040508685715,4.0
34,54,350.3348388671875,0.0,0.6823529411764706,-12.88842021822175,6.0
34,55,296.71630859375,0.0,0.5607843137254902,-14.640296207461743,5.0
34,56,249.9056854248047,0.0,0.5254901960784314,-14.500956073243497,4.0
34,57,298.9449157714844,0.0,0.6039215686274509,-11.655891321174522,4.0
34,58,234.50595092773438,0.0,0.6941176470588235,-12.837805415243933,4.0
34,59,281.6771545410156,0.018400000408291817,0.6705882352941176,-15.306089047179066,4.0
34,60,274.4838562011719,0.0031999999191612005,0.6745098039215687,-13.668090124153778,4.0
34,61,269.40521240234375,0.0,0.6352941176470588,-13.171029147299958,6.0
34,62,272.9528503417969,0.0,0.5647058823529412,-12.363644498483522,4.0
34,63,274.1243896484375,0.0,0.5176470588235295,-11.626080081364327,5.0
34,64,229.27223205566406,0.0,0.5607843137254902,-13.164557592776529,4.0
34,65,274.0423889160156,0.0,0.6705882352941176,-14.14756390318358,3.0
34,66,268.3630676269531,0.0,0.5607843137254902,-13.84543673073811,5.0
34,67,196.98663330078125,0.00039999998989515007,0.4588235294117647,-14.862589066641046,4.0
34,68,202.84957885742188,0.0,0.5686274509803921,-13.5450299297817,5.0
34,69,211.7257537841797,0.0,0.8,-15.049113102221131,4.0
34,70,235.70445251464844,0.0,0.6823529411764706,-10.80911955046216,5.0
34,71,237.8928985595703,0.0,0.4470588235294118,-12.991654140257083,4.0
34,72,245.0418243408203,0.0,0.5019607843137255,-13.52982486317969,4.0
34,73,213.07595825195312,0.0,0.5450980392156862,-13.11671465139881,4.0
34,74,176.77474975585938,0.0,0.5568627450980392,-13.61910675724439,4.0
34,75,145.91639709472656,0.0,0.5019607843137255,-12.4334524663191,4.0
34,76,209.58680725097656,0.0,0.3686274509803922,-14.744928966890427,4.0
34,77,154.19454956054688,0.0,0.36470588235294116,-13.594268702764714,5.0
34,78,219.94190979003906,0.0,0.5333333333333333,-13.329844329445258,4.0
34,79,233.34454345703125,0.0,0.5882352941176471,-12.359263822304293,6.0
34,80,163.82508850097656,0.0,0.5647058823529412,-14.018599511295406,4.0
34,81,192.9933624267578,0.0,0.5882352941176471,-12.80970035159677,5.0
34,82,229.24180603027344,0.03999999910593033,0.592156862745098,-12.235608936383162,4.0
34,83,211.94451904296875,0.0,0.4549019607843137,-12.587269671077369,5.0
34,84,200.2626190185547,0.0,0.38823529411764707,-11.077536978957056,4.0
34,85,220.70579528808594,0.0,0.4980392156862745,-11.073750249606839,4.0
34,86,197.29010009765625,0.0,0.5294117647058824,-12.517528436387344,5.0
34,87,208.6383819580078,0.0,0.4666666666666667,-12.111022292011317,4.0
34,88,170.0747528076172,0.0,0.47058823529411764,-12.12082920931159,5.0
34,89,177.55853271484375,0.0,0.5176470588235295,-12.969001903116204,4.0
34,90,196.71658325195312,0.0,0.5333333333333333,-12.965548084979773,6.0
34,91,242.66812133789062,0.0,0.49019607843137253,-12.888129496745082,4.0
34,92,267.9416809082031,0.0,0.5764705882352941,-12.259830283679277,5.0
34,93,252.62393188476562,0.0,0.7333333333333333,-12.026377886828449,4.0
34,94,260.28240966796875,0.0,0.7843137254901961,-13.417476839787916,5.0
34,95,275.32269287109375,0.0,0.8156862745098039,-13.13344410530362,4.0
34,96,233.90501403808594,0.0,0.6980392156862745,-12.032409564095898,4.0
34,97,212.73785400390625,0.0,0.4588235294117647,-15.340437156490303,5.0
34,98,186.99542236328125,0.0,0.3686274509803922,-15.088783957986319,4.0
34,99,190.0549774169922,0.0,0.4470588235294118,-13.301297538292491,6.0
34,100,274.0924987792969,0.0,0.5137254901960784,-13.885236512497256,4.0
34,101,239.2552947998047,0.0,0.5568627450980392,-13.616769942029155,6.0
34,102,271.9244384765625,0.0,0.5803921568627451,-11.675220066027217,5.0
34,103,283.0480041503906,0.0,0.592156862745098,-13.546632025928883,4.0
34,104,294.5087585449219,0.009200000204145908,0.6078431372549019,-12.788711645521794,4.0
34,105,284.5782470703125,0.06639999896287918,0.6745098039215687,-13.484471473625552,5.0
34,106,267.531982421875,0.0,0.7647058823529411,-14.101683836566007,6.0
34,107,305.459716796875,0.12399999797344208,0.6823529411764706,-11.62346394614725,5.0
35,3,271.1770935058594,0.12359999865293503,0.6901960784313725,-9.655906698146897,4.0
35,4,241.53598022460938,0.024800000712275505,0.5725490196078431,-12.610132396665879,5.0
35,6,205.1590576171875,0.04600000008940697,0.596078431372549,-12.983054392003222,4.0
35,8,249.98007202148438,0.23319999873638153,0.615686274509804,-14.685669319099098,4.0
35,10,246.94810485839844,0.23960000276565552,0.4588235294117647,-11.608699527471414,4.0
35,11,267.9388732910156,0.025200000032782555,0.6823529411764706,-12.83216796137999,5.0
35,12,282.5290222167969,0.00039999998989515007,0.8352941176470589,-11.293239956441907,4.0
35,13,318.9010314941406,0.0,0.7215686274509804,-11.281630215045055,5.0
35,14,268.7215576171875,0.0,0.6980392156862745,-14.939613150369828,4.0
35,15,320.5738830566406,0.0,0.7333333333333333,-16.39722045129784,4.0
35,16,231.84243774414062,0.01119999960064888,0.7568627450980392,-14.131992911749666,4.0
35,17,254.4139862060547,0.0,0.7647058823529411,-12.970982530898684,3.0
35,18,297.1891784667969,0.0,0.7333333333333333,-10.05350047749339,6.0
35,19,288.5613708496094,0.0,0.7176470588235294,-7.99354222682409,4.0
35,20,245.65577697753906,0.0,0.6078431372549019,-12.271487270744064,5.0
35,21,261.95318603515625,0.0,0.5647058823529412,-15.279394181055949,4.0
35,22,276.8086242675781,0.0,0.5529411764705883,-12.343992286674075,5.0
35,23,228.5297088623047,0.00279999990016222,0.6313725490196078,-13.878785176773508,5.0
35,24,342.4218444824219,0.046799998730421066,0.6980392156862745,-14.889295182737328,4.0
35,25,288.1539611816406,0.015599999576807022,0.8196078431372549,-14.72431827666724,5.0
35,26,361.55316162109375,0.0,0.8705882352941177,-13.243862605556522,4.0
35,27,320.4953918457031,0.0,0.7686274509803922,-12.971341689718344,6.0
35,28,280.15472412109375,0.0,0.6901960784313725,-12.014989421963467,4.0
35,29,294.54400634765625,0.0,0.6392156862745098,-12.744385821905036,5.0
35,30,291.6852111816406,0.0,0.7725490196078432,-12.562193977992377,4.0
35,31,271.8662109375,0.0,0.8431372549019608,-13.065748088460802,5.0
35,32,268.75177001953125,0.0,0.7215686274509804,-14.010895389175113,4.0
35,33,262.9348449707031,0.0,0.6588235294117647,-14.197455910398777,5.0
35,34,254.450439453125,0.0,0.5490196078431373,-13.954228038976764,5.0
35,35,300.1658935546875,0.0,0.6588235294117647,-12.059521444527203,4.0
35,36,279.1116638183594,0.0,0.8235294117647058,-12.17493674521542,5.0
35,37,264.1982421875,0.0,0.6862745098039216,-13.798779487383197,4.0
35,38,317.1574401855469,0.0,0.6,-12.249579072449423,5.0
35,39,297.79473876953125,0.0,0.6431372549019608,-15.714916139710109,4.0
35,40,229.02322387695312,0.0,0.6666666666666666,-15.537078429061726,5.0
35,41,262.3995361328125,0.0,0.5568627450980392,-13.603268004681537,4.0
35,42,341.1602783203125,0.0,0.5529411764705883,-13.424951615483431,4.0
35,43,287.1248474121094,0.0,0.5647058823529412,-13.299757712749148,4.0
35,44,295.7914123535156,0.0,0.49411764705882355,-12.693291391899962,4.0
35,45,279.8769836425781,0.0,0.5058823529411764,-14.071508143167431,5.0
35,46,293.12310791015625,0.0,0.6745098039215687,-13.717346277754261,5.0
35,47,343.9666442871094,0.003599999938160181,0.6823529411764706,-11.852931294301346,5.0
35,48,261.3741455078125,0.007600000128149986,0.5725490196078431,-10.896689643313067,4.0
35,49,274.0801086425781,0.0,0.5411764705882353,-11.521508416222561,4.0
35,50,260.8284912109375,0.0,0.592156862745098,-12.391385306148786,4.0
35,51,250.6695098876953,0.0,0.6470588235294118,-14.464662173303648,4.0
35,52,250.59823608398438,0.0,0.7372549019607844,-13.61771070635081,5.0
35,53,246.6404266357422,0.0,0.7372549019607844,-11.406675831214649,4.0
35,54,306.4783020019531,0.0,0.6,-12.342405325104606,5.0
35,55,306.8656921386719,0.0,0.4549019607843137,-13.008879610111224,4.0
35,56,296.7083740234375,0.0,0.5058823529411764,-13.709354962896134,5.0
35,57,283.163330078125,0.0,0.6274509803921569,-10.4071881091165,4.0
35,58,301.3227233886719,0.0,0.5490196078431373,-12.885961782071128,5.0
35,59,285.9382629394531,0.0,0.5607843137254902,-14.561857921996154,4.0
35,60,302.1931457519531,0.0,0.7019607843137254,-14.261509285446312,4.0
35,61,255.85377502441406,0.0,0.7058823529411765,-13.61351156672029,4.0
35,62,256.0522155761719,0.0,0.6549019607843137,-10.482238300370808,4.0
35,63,226.67715454101562,0.0,0.6745098039215687,-13.801233221064512,4.0
35,64,271.0806884765625,0.0,0.7568627450980392,-15.077039915759551,4.0
35,65,251.68551635742188,0.0,0.7215686274509804,-14.68070356730377,5.0
35,66,306.0363464355469,0.0,0.5843137254901961,-12.647233214149212,4.0
35,67,214.30894470214844,0.0,0.5490196078431373,-13.854347942515695,5.0
35,68,256.1600341796875,0.0,0.6823529411764706,-13.23561292377024,4.0
35,69,274.9623107910156,0.0,0.6588235294117647,-11.2779586760295,5.0
35,70,234.51544189453125,0.0,0.49411764705882355,-14.420268853134628,3.0
35,71,183.83624267578125,0.0,0.3803921568627451,-12.133628683283547,3.0
35,72,244.4586944580078,0.0,0.41568627450980394,-12.627909567686677,5.0
35,73,211.7344970703125,0.0,0.4823529411764706,-11.500453217619356,4.0
35,74,225.24549865722656,0.0,0.49411764705882355,-12.475940472549949,6.0
35,75,204.8135986328125,0.0,0.48627450980392156,-12.143449778508927,4.0
35,76,178.90701293945312,0.0,0.4392156862745098,-11.679215658009273,5.0
35,77,176.00723266601562,0.0,0.35294117647058826,-12.327555872144004,4.0
35,78,227.3526153564453,0.0,0.42745098039215684,-12.300152771695592,5.0
35,79,188.63490295410156,0.0,0.6039215686274509,-11.77833678243716,4.0
35,80,208.9020233154297,0.0,0.7725490196078432,-12.245844944348578,4.0
35,81,222.5702667236328,0.0,0.7686274509803922,-14.249100201247797,5.0
35,82,140.8318634033203,0.0,0.7490196078431373,-16.146001324358924,4.0
35,83,127.10214233398438,0.0,0.6901960784313725,-15.512064908756255,4.0
35,84,155.1586151123047,0.0,0.5843137254901961,-11.048341220158806,4.0
35,85,164.85369873046875,0.0,0.6235294117647059,-12.923009925701972,6.0
35,86,254.0138702392578,0.00279999990016222,0.6039215686274509,-11.977841395699249,4.0
35,87,249.64503479003906,0.0,0.4745098039215686,-12.028673658968005,4.0
35,88,206.97059631347656,0.0,0.41568627450980394,-12.53539419086938,4.0
35,89,172.54013061523438,0.0,0.4745098039215686,-13.229628425196074,5.0
35,90,177.03187561035156,0.0,0.6196078431372549,-12.908240276187,5.0
35,91,220.15858459472656,0.0,0.6549019607843137,-14.095610514938038,5.0
35,92,325.2446594238281,0.0,0.6274509803921569,-12.653081696081474,5.0
35,93,264.31500244140625,0.0,0.6039215686274509,-13.110594049710432,4.0
35,94,221.70274353027344,0.0,0.5882352941176471,-10.782600965921642,5.0
35,95,236.03916931152344,0.0,0.5686274509803921,-11.235846818747417,4.0
35,96,207.50643920898438,0.0,0.48627450980392156,-12.969408528666238,3.0
35,97,132.8809051513672,0.0,0.3803921568627451,-14.250520771851072,4.0
35,98,197.0140838623047,0.0,0.37254901960784315,-14.386556116905968,4.0
35,99,127.35425567626953,0.0,0.47843137254901963,-15.596695926271591,5.0
35,100,220.28807067871094,0.0,0.5803921568627451,-13.013761959378128,6.0
35,101,240.01698303222656,0.0,0.611764705882353,-10.842466895949856,5.0
35,102,271.7586975097656,0.0,0.6431372549019608,-12.1643018201645,4.0
35,103,260.2190246582031,0.0,0.7215686274509804,-14.023753150908323,5.0
35,104,272.5685119628906,0.0,0.7254901960784313,-12.322939318470192,4.0
35,105,280.406005859375,0.0,0.6352941176470588,-11.007602261898978,5.0
35,106,283.83154296875,0.0860000029206276,0.6274509803921569,-12.738792958180971,4.0
35,107,228.98927307128906,0.15440000593662262,0.6,-13.775439471531403,4.0
36,2,265.98040771484375,0.1599999964237213,0.7803921568627451,-12.159780917500616,6.0
36,3,263.0193176269531,0.1671999990940094,0.6313725490196078,-12.393210610178308,4.0
36,4,267.3816833496094,0.08479999750852585,0.5058823529411764,-13.558441117023762,5.0
36,5,293.7285461425781,0.2295999974012375,0.5019607843137255,-13.473403894845502,5.0
36,6,219.36691284179688,0.15960000455379486,0.5450980392156862,-14.249358598430206,5.0
36,9,227.5988311767578,0.051600001752376556,0.4588235294117647,-12.351772173497316,4.0
36,10,187.06341552734375,0.0,0.4392156862745098,-14.293010500372016,4.0
36,11,265.4328308105469,0.0,0.6901960784313725,-13.782995206041456,5.0
36,12,298.6690673828125,0.0,0.8980392156862745,-12.753443358173556,5.0
36,13,308.2968444824219,0.003599999938160181,0.8274509803921568,-11.780310338791317,4.0
36,14,284.1416931152344,0.0,0.796078431372549,-12.128986358445182,4.0
36,15,305.8639221191406,0.0,0.803921568627451,-11.747931101308646,5.0
36,16,211.63162231445312,0.0,0.8156862745098039,-12.944963925547675,4.0
36,17,283.9842834472656,0.0,0.7647058823529411,-13.246996623685853,5.0
36,18,292.8680419921875,0.009999999776482582,0.7294117647058823,-13.240875685207119,4.0
36,19,262.90087890625,0.0020000000949949026,0.6274509803921569,-12.408115610617287,4.0
36,20,216.52236938476562,0.003599999938160181,0.5137254901960784,-15.358239024018847,5.0
36,21,222.77911376953125,0.0,0.4980392156862745,-15.431928894817412,4.0
36,22,280.0503845214844,0.0,0.5411764705882353,-11.76087682151696,5.0
36,23,264.82757568359375,0.0,0.6,-10.803546825981353,4.0
36,24,275.5403137207031,0.0007999999797903001,0.6274509803921569,-15.010445244708432,5.0
36,25,208.2362060546875,0.006000000052154064,0.807843137254902,-13.132470509205898,4.0
36,26,322.15264892578125,0.0,0.9137254901960784,-11.596923830968514,4.0
36,27,278.3454895019531,0.03200000151991844,0.7333333333333333,-9.64516393562126,4.0
36,28,274.8761901855469,0.09160000085830688,0.5686274509803921,-9.355469465360654,5.0
36,29,307.4889831542969,0.0,0.5607843137254902,-10.841495220449048,5.0
36,30,290.5863342285156,0.0,0.6588235294117647,-12.580908099543791,4.0
36,31,261.4998474121094,0.0,0.6862745098039216,-11.809095205485377,4.0
36,32,256.062255859375,0.0,0.7098039215686275,-13.150665902465963,4.0
36,33,290.386474609375,0.0,0.6745098039215687,-12.766768825773129,5.0
36,34,235.7493438720703,0.0,0.5450980392156862,-13.177940134012553,4.0
36,35,249.93186950683594,0.0,0.6313725490196078,-14.7727258222675,5.0
36,36,295.35028076171875,0.0,0.792156862745098,-12.798112292371108,5.0
36,37,277.2875061035156,0.018400000408291817,0.8156862745098039,-15.50024896105359,5.0
36,38,298.52911376953125,0.0,0.7529411764705882,-11.441158510091356,5.0
36,39,301.8710021972656,0.0,0.6784313725490196,-13.395223708588624,4.0
36,40,279.2962341308594,0.0,0.5764705882352941,-13.514939072607906,4.0
36,41,263.42767333984375,0.0,0.4823529411764706,-15.45496602917022,4.0
36,42,281.05694580078125,0.0,0.5098039215686274,-12.213709831616246,5.0
36,43,258.6028137207031,0.0,0.5882352941176471,-12.852484572123526,4.0
36,44,276.4191589355469,0.0,0.5607843137254902,-13.726955795654114,5.0
36,45,222.36302185058594,0.004000000189989805,0.5843137254901961,-13.185911199487046,4.0
36,46,230.0779571533203,0.0012000000569969416,0.6823529411764706,-15.213489167928085,4.0
36,47,289.3002624511719,0.0,0.6274509803921569,-13.671190858757711,5.0
36,48,284.8458557128906,0.0,0.5294117647058824,-12.894359979875139,4.0
36,49,299.9240417480469,0.0,0.5254901960784314,-11.682632122676361,6.0
36,50,286.8208312988281,0.0,0.592156862745098,-10.538377279177158,4.0
36,51,280.99456787109375,0.002400000113993883,0.596078431372549,-12.744928513263613,5.0
36,52,262.14935302734375,0.0,0.6,-13.722140941950748,4.0
36,53,287.3167419433594,0.00559999980032444,0.6,-15.030364604680642,5.0
36,54,272.22467041015625,0.007600000128149986,0.5019607843137255,-13.603161098954523,4.0
36,55,192.70875549316406,0.0012000000569969416,0.41568627450980394,-15.906827154229315,4.0
36,56,219.2050018310547,0.002400000113993883,0.5725490196078431,-12.64360984234046,5.0
36,57,272.5207824707031,0.0,0.8196078431372549,-12.330213932635651,4.0
36,58,271.7161560058594,0.053599998354911804,0.7725490196078432,-13.474225951276901,4.0
36,59,305.7733459472656,0.07280000299215317,0.6980392156862745,-13.098740193789759,4.0
36,60,298.3655090332031,0.0,0.807843137254902,-12.58677884235115,4.0
36,61,238.48190307617188,0.0,0.788235294117647,-14.294028554916348,4.0
36,62,263.0254211425781,0.00039999998989515007,0.6392156862745098,-13.327971662954372,4.0
36,63,268.1870422363281,0.0,0.5607843137254902,-13.065916093569868,4.0
36,64,269.6463623046875,0.0,0.6666666666666666,-13.928927250839573,4.0
36,65,245.67608642578125,0.0,0.6705882352941176,-12.076437064108239,5.0
36,66,228.12240600585938,0.0,0.5176470588235295,-14.623889371107879,4.0
36,67,173.482177734375,0.0,0.6039215686274509,-17.100794786387016,5.0
36,68,238.62149047851562,0.0,0.7647058823529411,-14.196808382962889,4.0
36,69,295.6655578613281,0.0,0.7215686274509804,-9.934547666047195,3.0
36,70,277.3861389160156,0.0,0.5176470588235295,-10.981882118985517,4.0
36,71,210.9307403564453,0.0,0.3568627450980392,-13.610331389338636,5.0
36,72,243.97877502441406,0.0,0.3176470588235294,-11.636160354824156,4.0
36,73,210.63626098632812,0.0,0.35294117647058826,-11.664235465218862,4.0
36,74,233.0697021484375,0.031199999153614044,0.38823529411764707,-12.85389921283354,5.0
36,75,199.1755828857422,0.04439999908208847,0.4549019607843137,-13.34568134132221,4.0
36,76,183.55091857910156,0.0,0.5254901960784314,-14.41747728162307,4.0
36,77,221.08758544921875,0.0,0.48627450980392156,-13.652854049893781,4.0
36,78,197.33290100097656,0.0,0.4980392156862745,-14.269396296301881,4.0
36,79,200.91822814941406,0.0,0.592156862745098,-11.493770365665716,4.0
36,80,222.06802368164062,0.0,0.6549019607843137,-13.492503806439306,6.0
36,81,207.61363220214844,0.0,0.6901960784313725,-15.48823243136746,4.0
36,82,163.6960906982422,0.0,0.6901960784313725,-12.6789791095811,4.0
36,83,212.11004638671875,0.0,0.6823529411764706,-13.470578541150289,5.0
36,84,210.44578552246094,0.0,0.7019607843137254,-14.722439616457956,4.0
36,85,149.0105438232422,0.0,0.6705882352941176,-11.416595142240652,5.0
36,86,154.64915466308594,0.0,0.5411764705882353,-9.915305039372358,4.0
36,87,173.05050659179688,0.0,0.4392156862745098,-11.617552932073794,6.0
36,88,163.63438415527344,0.0,0.4470588235294118,-14.077720157461895,4.0
36,89,169.0084228515625,0.0,0.5215686274509804,-15.091415075748966,5.0
36,90,193.7019500732422,0.0,0.6588235294117647,-12.412339615827925,4.0
36,91,210.19293212890625,0.0,0.7843137254901961,-12.881376493280968,4.0
36,92,253.98919677734375,0.0,0.7098039215686275,-14.134195015434265,5.0
36,93,259.91290283203125,0.0,0.6235294117647059,-12.84002724715215,5.0
36,94,235.0115966796875,0.0,0.6392156862745098,-13.55741277380151,5.0
36,95,223.1128387451172,0.0,0.5764705882352941,-11.083767345685835,4.0
36,96,182.1787872314453,0.0,0.4392156862745098,-13.502930014009973,6.0
36,97,232.58985900878906,0.0,0.4,-12.46707061161634,4.0
36,98,196.1532440185547,0.0,0.39215686274509803,-13.04695176744703,5.0
36,99,198.57431030273438,0.0,0.47843137254901963,-11.08783495658367,4.0
36,100,246.5757293701172,0.004399999976158142,0.5725490196078431,-13.405563203198165,4.0
36,101,250.38406372070312,0.0,0.6901960784313725,-12.69353951351831,6.0
36,102,258.34326171875,0.0,0.9098039215686274,-13.729060128018363,4.0
36,103,297.5258483886719,0.0,0.9333333333333333,-13.090062944052956,5.0
36,104,331.2454833984375,0.0,0.788235294117647,-13.101906330895467,5.0
36,105,291.68731689453125,0.0,0.6274509803921569,-11.59960712799899,5.0
36,106,290.7982482910156,0.0,0.615686274509804,-13.325375449761456,5.0
36,107,243.54994201660156,0.17479999363422394,0.6431372549019608,-11.746572299659908,4.0
36,109,286.07757568359375,0.1615999937057495,0.6,-16.36833193258726,3.0
36,110,244.031494140625,0.20440000295639038,0.6078431372549019,-13.952678866816123,4.0
37,4,219.13307189941406,0.18000000715255737,0.396078431372549,-12.270996973581294,5.0
37,5,197.46444702148438,0.005200000014156103,0.42745098039215684,-12.703460705134562,4.0
37,6,254.06439208984375,0.02800000086426735,0.4745098039215686,-11.538085290508127,6.0
37,7,213.71861267089844,0.0,0.5098039215686274,-11.96136327553818,4.0
37,8,280.1271667480469,0.21279999613761902,0.5333333333333333,-12.349280749359277,5.0
37,9,268.8910827636719,0.18240000307559967,0.47843137254901963,-13.28542278698607,4.0
37,10,220.228759765625,0.0,0.47058823529411764,-14.111815923779938,5.0
37,11,188.95619201660156,0.0,0.7137254901960784,-13.478447735796163,4.0
37,12,254.63243103027344,0.0,0.8784313725490196,-14.173539179481622,5.0
37,13,310.3020324707031,0.0,0.803921568627451,-15.332656113749119,5.0
37,14,277.2886047363281,0.0,0.7568627450980392,-12.61760964165086,4.0
37,15,273.7400817871094,0.0,0.792156862745098,-12.427027282875727,5.0
37,16,250.4906005859375,0.0,0.7372549019607844,-13.296598693853923,3.0
37,17,225.94287109375,0.0,0.7098039215686275,-14.694840861404623,4.0
37,18,259.18133544921875,0.0,0.6509803921568628,-14.983308406284157,4.0
37,19,290.186279296875,0.0,0.5098039215686274,-13.20383126108082,5.0
37,20,219.78106689453125,0.0,0.4392156862745098,-12.763718352351024,5.0
37,21,262.1145324707031,0.0,0.4470588235294118,-17.736765237008914,5.0
37,22,244.37596130371094,0.0,0.45098039215686275,-15.548790862033693,5.0
37,23,288.7419128417969,0.0,0.4745098039215686,-8.741950353610022,4.0
37,24,246.2393035888672,0.0,0.4980392156862745,-11.605103356801054,5.0
37,25,217.20640563964844,0.0,0.6549019607843137,-15.544226390967266,4.0
37,26,324.23382568359375,0.0,0.803921568627451,-11.541045529865453,5.0
37,27,239.88278198242188,0.0,0.7137254901960784,-12.402840743028579,4.0
37,28,249.73451232910156,0.0,0.6588235294117647,-12.75546032028416,5.0
37,29,253.39556884765625,0.0,0.6627450980392157,-11.537767014641387,4.0
37,30,258.4090270996094,0.0,0.6941176470588235,-11.000554979042077,5.0
37,31,260.9535217285156,0.0,0.7137254901960784,-12.36898383853198,5.0
37,32,250.7630615234375,0.0,0.7568627450980392,-12.517835761998823,4.0
37,33,288.9676513671875,0.0,0.7019607843137254,-13.530742761762324,5.0
37,34,285.4157409667969,0.014800000004470348,0.5686274509803921,-10.935556104846098,4.0
37,35,204.91873168945312,0.0,0.6745098039215687,-15.36863949422376,5.0
37,36,257.153076171875,0.04560000076889992,0.7647058823529411,-16.34581942735255,4.0
37,37,311.74456787109375,0.03240000084042549,0.792156862745098,-11.665099365141096,5.0
37,38,292.7182312011719,0.0,0.807843137254902,-10.06637674249454,4.0
37,39,311.5809020996094,0.0,0.7215686274509804,-11.896101256061618,4.0
37,40,274.29083251953125,0.0,0.6470588235294118,-13.710439224727558,5.0
37,41,269.03900146484375,0.0,0.5882352941176471,-14.919138459633386,4.0
37,42,250.12161254882812,0.0,0.615686274509804,-12.5159115377021,5.0
37,43,295.8590087890625,0.0,0.6274509803921569,-11.144774698387716,4.0
37,44,300.7770690917969,0.0,0.5490196078431373,-10.365143457891431,4.0
37,45,230.2509307861328,0.0,0.6352941176470588,-12.798410615932392,4.0
37,46,275.78240966796875,0.0,0.6823529411764706,-14.223606009411757,5.0
37,47,281.735595703125,0.009999999776482582,0.615686274509804,-12.472480235693357,5.0
37,48,292.9510192871094,0.0,0.5019607843137255,-15.608181690910541,5.0
37,49,284.44769287109375,0.0,0.43137254901960786,-11.91117613663305,5.0
37,50,286.7753601074219,0.0,0.5843137254901961,-10.237725781695895,4.0
37,51,313.95452880859375,0.0,0.615686274509804,-13.129759074314064,5.0
37,52,264.2737121582031,0.0,0.5843137254901961,-12.269128341455326,4.0
37,53,329.03271484375,0.006000000052154064,0.6,-14.026429989327395,4.0
37,54,240.0440216064453,0.04039999842643738,0.4745098039215686,-14.540773475241211,4.0
37,55,206.8992919921875,0.0,0.44313725490196076,-11.939278501734972,5.0
37,56,256.29437255859375,0.0,0.5098039215686274,-9.569696572111356,4.0
37,57,245.15699768066406,0.0,0.7490196078431373,-14.555597379046903,4.0
37,58,190.53810119628906,0.0,0.8470588235294118,-13.781303873427182,5.0
37,59,298.20050048828125,0.0,0.8235294117647058,-11.57483150006372,4.0
37,60,320.04425048828125,0.0,0.8392156862745098,-15.153976955042483,5.0
37,61,265.60467529296875,0.0,0.7411764705882353,-15.614137949353932,4.0
37,62,306.2780456542969,0.0,0.5686274509803921,-11.967280081851104,6.0
37,63,273.63470458984375,0.0,0.4823529411764706,-11.641494034708666,4.0
37,64,289.9933776855469,0.0,0.5372549019607843,-11.495207819738532,5.0
37,65,237.05897521972656,0.0,0.6313725490196078,-9.054720369937145,4.0
37,66,202.5899200439453,0.0,0.5254901960784314,-10.589924200199833,4.0
37,67,167.31756591796875,0.0,0.6274509803921569,-15.700301758684814,5.0
37,68,201.11636352539062,0.0,0.7254901960784313,-12.596528519652736,3.0
37,69,277.7319641113281,0.0,0.6823529411764706,-11.875800986313905,4.0
37,70,284.4777526855469,0.0,0.5137254901960784,-12.3501243465176,4.0
37,71,255.00973510742188,0.0,0.36470588235294116,-13.226269952422049,5.0
37,72,160.4309539794922,0.0,0.3254901960784314,-12.744681325400746,3.0
37,73,244.82760620117188,0.0,0.3568627450980392,-13.871727331506683,4.0
37,74,230.3004608154297,0.004399999976158142,0.34509803921568627,-12.251940915628477,4.0
37,75,236.9053192138672,0.1923999935388565,0.3803921568627451,-13.32240839580997,4.0
37,76,202.06825256347656,0.0,0.43529411764705883,-11.627019628529796,5.0
37,77,200.60435485839844,0.004000000189989805,0.4980392156862745,-11.616079848060266,4.0
37,78,180.8472442626953,0.0,0.5725490196078431,-11.416581303126396,5.0
37,79,229.43838500976562,0.0,0.5254901960784314,-10.967344131016457,4.0
37,80,192.4081268310547,0.0,0.4196078431372549,-13.95521364427003,5.0
37,81,196.28733825683594,0.0,0.40784313725490196,-14.315040615836331,4.0
37,82,231.38197326660156,0.0,0.4549019607843137,-9.979010719408864,5.0
37,83,227.84190368652344,0.0,0.5254901960784314,-12.64645899821306,4.0
37,84,191.0938720703125,0.0,0.6,-13.609688882906148,4.0
37,85,188.74391174316406,0.0,0.5450980392156862,-13.320861294313609,4.0
37,86,127.51628875732422,0.0,0.4745098039215686,-13.524932966619183,4.0
37,87,150.27578735351562,0.0,0.4588235294117647,-11.33890768827314,5.0
37,88,178.9828338623047,0.0,0.44313725490196076,-13.645174678136055,4.0
37,89,159.38595581054688,0.0,0.45098039215686275,-13.405007595917382,5.0
37,90,170.52252197265625,0.0,0.5058823529411764,-13.44242152247925,4.0
37,91,235.45547485351562,0.0,0.5803921568627451,-11.514327640069045,6.0
37,92,205.31617736816406,0.0,0.5568627450980392,-11.716103652597305,4.0
37,93,225.43917846679688,0.0,0.5294117647058824,-13.666997428989657,5.0
37,94,196.8781280517578,0.0,0.5529411764705883,-12.89386777482534,4.0
37,95,228.11170959472656,0.0,0.5176470588235295,-12.709148088855972,5.0
37,96,171.18084716796875,0.0,0.5725490196078431,-12.853757911034027,4.0
37,97,179.62232971191406,0.0,0.5411764705882353,-12.67881795868294,4.0
37,98,191.9991455078125,0.0,0.5843137254901961,-12.39097761098928,6.0
37,99,226.04434204101562,0.0,0.6666666666666666,-11.721073863497768,4.0
37,100,289.7915344238281,0.0,0.6549019607843137,-11.80211835331072,5.0
37,101,296.6697692871094,0.0,0.6705882352941176,-10.221039258184156,4.0
37,102,289.65289306640625,0.0,0.8431372549019608,-12.540901171339357,5.0
37,103,284.855712890625,0.0,0.8470588235294118,-13.946391523055969,4.0
37,104,280.9874267578125,0.0,0.7215686274509804,-13.430808620659997,4.0
37,105,278.79046630859375,0.0,0.5450980392156862,-14.752163807731174,5.0
37,106,261.7245788574219,0.0,0.5411764705882353,-13.665424438499116,4.0
37,107,252.114501953125,0.12759999930858612,0.6352941176470588,-12.553751233812399,5.0
37,109,219.89540100097656,0.10999999940395355,0.6078431372549019,-15.2444975050708,5.0
38,1,195.59043884277344,0.1891999989748001,0.6823529411764706,-13.571670383273942,5.0
38,4,237.48965454101562,0.1111999973654747,0.34901960784313724,-10.989324617766329,4.0
38,7,265.9378967285156,0.15639999508857727,0.4,-11.967235758716948,4.0
38,9,289.5699462890625,0.01679999940097332,0.5450980392156862,-16.417526744404064,4.0
38,10,211.99285888671875,0.0,0.5215686274509804,-15.305659860071604,3.0
38,11,223.33016967773438,0.012400000356137753,0.6509803921568628,-14.964824885257356,5.0
38,12,276.9092102050781,0.0,0.7647058823529411,-12.407798791684083,4.0
38,13,292.5370178222656,0.0,0.7843137254901961,-12.980369421863207,5.0
38,14,266.41363525390625,0.0,0.8156862745098039,-12.349169395200974,4.0
38,15,309.6519470214844,0.0,0.8549019607843137,-11.011280864365746,4.0
38,16,261.22735595703125,0.0,0.6627450980392157,-10.16620187335414,4.0
38,17,273.83441162109375,0.0,0.6392156862745098,-12.493609198888212,5.0
38,18,263.66064453125,0.0,0.6196078431372549,-13.265673296999607,4.0
38,19,259.87408447265625,0.0,0.5803921568627451,-13.706883039587128,5.0
38,20,198.5679168701172,0.0,0.592156862745098,-13.466389177722856,4.0
38,21,270.2532958984375,0.0,0.4,-15.625498493237915,5.0
38,22,263.36767578125,0.0,0.3333333333333333,-12.311797014580868,4.0
38,23,190.9966583251953,0.0,0.43137254901960786,-12.793526363759057,5.0
38,24,220.08721923828125,0.0,0.592156862745098,-13.136438491251376,4.0
38,25,233.0042724609375,0.0,0.7333333333333333,-12.547662102605075,4.0
38,26,250.01792907714844,0.0,0.792156862745098,-11.747523708430075,5.0
38,27,242.32098388671875,0.0,0.6823529411764706,-11.102741156879567,4.0
38,28,230.38124084472656,0.0,0.6627450980392157,-12.12371482452716,4.0
38,29,215.46923828125,0.0,0.7372549019607844,-11.880063668693317,5.0
38,30,253.59152221679688,0.0,0.7686274509803922,-12.885114134750562,4.0
38,31,291.2298889160156,0.0,0.8196078431372549,-12.695073161759769,5.0
38,32,296.2126159667969,0.02280000038444996,0.8509803921568627,-11.629205828956465,5.0
38,33,306.0094299316406,0.0,0.7294117647058823,-12.145851048465829,5.0
38,34,296.0220031738281,0.0,0.7137254901960784,-13.343104209709056,4.0
38,35,286.6707458496094,0.0,0.8196078431372549,-16.096083940774214,5.0
38,36,315.4837951660156,0.008799999952316284,0.6705882352941176,-16.19503541629072,4.0
38,37,321.7860107421875,0.029600000008940697,0.7333333333333333,-12.405901790667128,5.0
38,38,299.49603271484375,0.0,0.7725490196078432,-14.903119711087767,4.0
38,39,367.4920959472656,0.0,0.8,-11.84296935768055,6.0
38,40,235.11257934570312,0.0,0.6941176470588235,-14.266766305053435,3.0
38,41,269.21826171875,0.0015999999595806003,0.6823529411764706,-14.082162065765754,4.0
38,42,304.7164611816406,0.0,0.7725490196078432,-13.693668183162494,4.0
38,43,293.5986328125,0.0,0.6352941176470588,-13.27876854071102,4.0
38,44,302.618408203125,0.0,0.43137254901960786,-10.053869314005938,5.0
38,45,316.62896728515625,0.0,0.5372549019607843,-12.710096984167185,4.0
38,46,271.73681640625,0.0,0.6274509803921569,-15.824146590023982,5.0
38,47,208.5604248046875,0.0,0.6352941176470588,-12.98433479786528,4.0
38,48,231.77882385253906,0.0,0.47843137254901963,-14.723656917456358,5.0
38,49,263.4447937011719,0.0,0.42745098039215684,-12.693190419930868,4.0
38,50,252.3748321533203,0.0,0.6,-12.493135071086716,5.0
38,51,291.3790588378906,0.0,0.6274509803921569,-13.288190248733496,5.0
38,52,293.66766357421875,0.0,0.5843137254901961,-11.930108615313415,4.0
38,53,258.68121337890625,0.0,0.592156862745098,-11.569401558776963,5.0
38,54,269.3977966308594,0.0,0.5607843137254902,-14.33221622386384,4.0
38,55,241.49261474609375,0.0,0.5647058823529412,-14.695518534379426,5.0
38,56,212.4322052001953,0.0,0.49019607843137253,-11.135658467759857,4.0
38,57,247.34811401367188,0.0,0.5647058823529412,-13.323319098503923,5.0
38,58,237.29222106933594,0.0,0.6941176470588235,-13.521237228503066,5.0
38,59,269.8279724121094,0.0,0.7294117647058823,-13.643699750177081,5.0
38,60,339.05487060546875,0.0,0.7019607843137254,-13.916110562431093,4.0
38,61,279.5708312988281,0.0,0.5490196078431373,-13.935175476401165,4.0
38,62,226.573974609375,0.0,0.5647058823529412,-16.825813502699823,4.0
38,63,333.0994873046875,0.0,0.6470588235294118,-12.85651059599996,4.0
38,64,265.70452880859375,0.0,0.611764705882353,-15.812927881205475,5.0
38,65,273.9613952636719,0.0,0.6,-13.564821236663606,4.0
38,66,252.5921630859375,0.0,0.6,-12.492835893647564,5.0
38,67,286.3184509277344,0.0,0.6666666666666666,-12.226545832576521,4.0
38,68,275.71697998046875,0.0,0.6745098039215687,-13.870452302267102,5.0
38,69,307.463134765625,0.0,0.6941176470588235,-13.937175365656092,4.0
38,70,232.1608123779297,0.0,0.6549019607843137,-13.71913406837936,5.0
38,71,219.23133850097656,0.0,0.5490196078431373,-12.372740976521797,2.0
38,72,248.73487854003906,0.0,0.4666666666666667,-13.595477342361422,4.0
38,73,195.51963806152344,0.0,0.4196078431372549,-12.605480811179998,5.0
38,74,216.82583618164062,0.0,0.396078431372549,-14.257118891516647,4.0
38,75,169.44400024414062,0.0,0.4392156862745098,-11.90112075437602,5.0
38,76,195.62701416015625,0.003599999938160181,0.44313725490196076,-10.335400194226558,4.0
38,77,246.34169006347656,0.0,0.4117647058823529,-11.884393760545127,4.0
38,78,161.69012451171875,0.0,0.47058823529411764,-10.679085117998222,4.0
38,79,171.1880340576172,0.0,0.4588235294117647,-11.345930853329993,4.0
38,80,165.35047912597656,0.0,0.3254901960784314,-12.704663365754085,5.0
38,81,204.8780059814453,0.0,0.2980392156862745,-11.945448497120278,4.0
38,82,171.91542053222656,0.0,0.4,-11.320333361865806,5.0
38,83,210.05555725097656,0.0,0.49411764705882355,-11.836777102203575,4.0
38,84,176.85699462890625,0.009600000455975533,0.49019607843137253,-13.908366037188477,5.0
38,85,152.42018127441406,0.0031999999191612005,0.5019607843137255,-14.605367645918445,4.0
38,86,204.88926696777344,0.014000000432133675,0.5176470588235295,-12.10960947210154,5.0
38,87,184.3394012451172,0.04039999842643738,0.4588235294117647,-16.22354280429271,4.0
38,88,197.8795928955078,0.0,0.37254901960784315,-15.16328001102002,4.0
38,89,181.5771484375,0.0,0.3686274509803922,-11.303938554780705,5.0
38,90,218.37405395507812,0.0,0.39215686274509803,-13.498559448081943,4.0
38,91,210.5448760986328,0.0,0.3843137254901961,-14.201735149403289,5.0
38,92,196.66725158691406,0.0,0.34901960784313724,-13.333637720202624,4.0
38,93,181.6695098876953,0.0,0.3254901960784314,-13.04568155593807,6.0
38,94,147.41673278808594,0.0,0.33725490196078434,-14.773258633387933,4.0
38,95,183.2172088623047,0.0,0.44313725490196076,-14.380817962677682,5.0
38,96,133.3616180419922,0.0,0.592156862745098,-15.163979984676514,4.0
38,97,209.08848571777344,0.0,0.5372549019607843,-10.33353881083491,5.0
38,98,208.26673889160156,0.0,0.6784313725490196,-11.888280570453421,5.0
38,99,222.49606323242188,0.0,0.8,-14.088990145327283,5.0
38,100,276.00128173828125,0.0,0.8274509803921568,-12.542476681604821,6.0
38,101,259.1723327636719,0.0,0.7686274509803922,-12.277582993103476,5.0
38,102,291.97296142578125,0.009999999776482582,0.6823529411764706,-11.458394281480954,4.0
38,103,272.3110046386719,0.0,0.6901960784313725,-13.518530284451435,4.0
38,104,305.6679992675781,0.0,0.6274509803921569,-14.618575696878812,6.0
38,105,305.23162841796875,0.0284000001847744,0.49411764705882355,-13.944266185140805,5.0
38,106,264.6184387207031,0.003599999938160181,0.49411764705882355,-13.476649028530455,5.0
38,107,231.69644165039062,0.10360000282526016,0.5529411764705883,-13.25966574162351,5.0
38,110,252.15789794921875,0.15440000593662262,0.5294117647058824,-12.440436565723129,4.0
39,1,251.33514404296875,0.2184000015258789,0.6549019607843137,-13.96552069847557,5.0
39,3,238.22032165527344,0.08320000022649765,0.43529411764705883,-13.950235557890025,5.0
39,5,234.6831817626953,0.06920000165700912,0.4392156862745098,-13.254981698299238,4.0
39,6,179.41371154785156,0.03680000081658363,0.3607843137254902,-13.573443019632967,5.0
39,7,224.3011474609375,0.09239999949932098,0.3176470588235294,-13.655700414184624,5.0
39,8,323.8470153808594,0.041600000113248825,0.34901960784313724,-12.895049784513983,3.0
39,9,271.80615234375,0.006399999838322401,0.4,-15.527389253529925,4.0
39,10,200.80209350585938,0.0,0.38823529411764707,-13.10375675913425,5.0
39,11,180.00315856933594,0.0007999999797903001,0.40784313725490196,-14.834236497095247,4.0
39,12,196.754150390625,0.0,0.4666666666666667,-14.569587863403067,5.0
39,13,191.12525939941406,0.0,0.6078431372549019,-14.769406480297725,4.0
39,14,232.6905975341797,0.0,0.8313725490196079,-15.233824348813105,6.0
39,15,299.8746337890625,0.0,0.8509803921568627,-13.423703201239203,4.0
39,16,269.7084655761719,0.0,0.5803921568627451,-12.509017791388658,5.0
39,17,252.295654296875,0.0,0.5764705882352941,-11.409251143959711,3.0
39,18,298.3305969238281,0.0,0.7254901960784313,-13.880863868336807,4.0
39,19,238.1647186279297,0.0,0.7686274509803922,-11.779756872993634,4.0
39,20,271.9521484375,0.0,0.8235294117647058,-15.090888883868463,4.0
39,21,353.4867858886719,0.0,0.5372549019607843,-15.97868564697577,6.0
39,22,240.00611877441406,0.0,0.4,-13.86349858284218,5.0
39,23,265.5186767578125,0.0,0.5803921568627451,-13.90323512055301,4.0
39,24,246.03497314453125,0.0,0.8,-12.673278115059393,4.0
39,25,187.90049743652344,0.0,0.8980392156862745,-13.084269674875559,5.0
39,26,262.1386413574219,0.0,0.8588235294117647,-12.500026838360291,4.0
39,27,193.64535522460938,0.0,0.6941176470588235,-10.961971642993884,4.0
39,28,221.02232360839844,0.0,0.592156862745098,-10.667631217803528,5.0
39,29,248.38763427734375,0.0,0.6235294117647059,-13.280328465943718,4.0
39,30,220.86114501953125,0.0,0.6705882352941176,-12.959172392208359,5.0
39,31,270.1077880859375,0.0,0.7529411764705882,-14.032416162536023,4.0
39,32,324.84002685546875,0.009600000455975533,0.8470588235294118,-15.010684010864619,5.0
39,33,359.9782409667969,0.0,0.792156862745098,-14.092985889189286,6.0
39,34,271.3506164550781,0.0,0.7686274509803922,-12.072320795369361,5.0
39,35,288.3473815917969,0.0,0.792156862745098,-12.137985450110893,4.0
39,36,318.8118591308594,0.0,0.6509803921568628,-14.866275642335957,4.0
39,37,277.25958251953125,0.0,0.6980392156862745,-15.015669487037258,4.0
39,38,278.4684143066406,0.0,0.6588235294117647,-14.345011455202059,4.0
39,39,267.666748046875,0.0,0.7176470588235294,-13.597396667688512,4.0
39,40,237.2909393310547,0.0,0.615686274509804,-14.182567709593485,4.0
39,41,332.3177490234375,0.00039999998989515007,0.7176470588235294,-14.039150814119347,6.0
39,42,312.6872253417969,0.0,0.8431372549019608,-17.236618292298992,4.0
39,43,251.12754821777344,0.01360000018030405,0.6901960784313725,-12.378220672217303,5.0
39,44,250.0431365966797,0.0,0.5568627450980392,-9.939408654406536,4.0
39,45,309.37652587890625,0.0,0.6196078431372549,-11.160798769427661,4.0
39,46,279.0429382324219,0.0,0.6627450980392157,-11.829249641614318,4.0
39,47,294.64013671875,0.07119999825954437,0.6039215686274509,-14.297617291653248,4.0
39,48,211.58274841308594,0.0,0.47058823529411764,-12.658182330231009,6.0
39,49,241.59988403320312,0.0,0.5254901960784314,-10.99561037544417,4.0
39,50,239.56471252441406,0.0,0.8117647058823529,-14.90541608116738,4.0
39,51,224.57583618164062,0.0,0.8156862745098039,-16.25355308485554,5.0
39,52,239.27671813964844,0.0,0.7019607843137254,-13.353547314703345,5.0
39,53,282.7102966308594,0.0,0.7137254901960784,-10.446509833621196,4.0
39,54,223.1593780517578,0.0,0.7137254901960784,-12.597469822238827,5.0
39,55,249.6846923828125,0.0,0.6705882352941176,-15.43931057972455,5.0
39,56,250.54978942871094,0.0,0.6,-10.825427830583633,4.0
39,57,227.6913299560547,0.0,0.5294117647058824,-11.788329995895355,5.0
39,58,261.4645080566406,0.0,0.6235294117647059,-14.719013476684475,4.0
39,59,285.1530456542969,0.0,0.7254901960784313,-14.699193148802234,6.0
39,60,275.3037414550781,0.0,0.5529411764705883,-11.387212998930053,4.0
39,61,240.00267028808594,0.0,0.4745098039215686,-12.668762422002256,5.0
39,62,218.15646362304688,0.0,0.6784313725490196,-15.097158872981627,4.0
39,63,229.45782470703125,0.0,0.7529411764705882,-10.915614697273234,4.0
39,64,252.88462829589844,0.0,0.6549019607843137,-14.556095349369627,5.0
39,65,160.53807067871094,0.0,0.596078431372549,-14.06702181300523,4.0
39,66,214.83364868164062,0.0,0.7019607843137254,-15.063711475391635,6.0
39,67,227.7678680419922,0.0,0.7490196078431373,-12.847497305183854,4.0
39,68,271.4282531738281,0.02319999970495701,0.6784313725490196,-12.524952834875613,5.0
39,69,269.7284240722656,0.04320000112056732,0.7215686274509804,-11.086708087526594,4.0
39,70,322.7787170410156,0.0,0.7725490196078432,-10.428946362426972,3.0
39,71,325.9089050292969,0.0,0.7764705882352941,-10.3267513948187,4.0
39,72,274.84820556640625,0.0,0.611764705882353,-12.249528435196503,5.0
39,73,260.816650390625,0.0,0.44313725490196076,-11.513961164640127,4.0
39,74,258.4435729980469,0.0,0.41568627450980394,-11.889441454780037,4.0
39,75,202.97105407714844,0.0,0.5098039215686274,-12.008195670499495,5.0
39,76,205.45904541015625,0.00279999990016222,0.5254901960784314,-11.775055132458892,3.0
39,77,178.4209442138672,0.0,0.4392156862745098,-14.067695398905936,4.0
39,78,170.24563598632812,0.0,0.403921568627451,-13.36686848425665,4.0
39,79,200.203125,0.0,0.3843137254901961,-14.138118192973078,5.0
39,80,172.622314453125,0.0,0.32941176470588235,-14.14804660052193,4.0
39,81,177.68035888671875,0.0,0.3333333333333333,-15.17861415589973,5.0
39,82,169.8059539794922,0.0,0.38823529411764707,-14.362053744352167,4.0
39,83,203.39942932128906,0.0020000000949949026,0.47843137254901963,-11.171963377428602,5.0
39,84,167.73666381835938,0.012000000104308128,0.49019607843137253,-11.772544589230954,5.0
39,85,156.64187622070312,0.0,0.5607843137254902,-12.832031389288359,4.0
39,86,142.74752807617188,0.003599999938160181,0.6352941176470588,-13.39294437543935,5.0
39,87,159.29150390625,0.0,0.48627450980392156,-13.867115086126166,4.0
39,88,228.87857055664062,0.0,0.39215686274509803,-11.021579320752984,6.0
39,89,168.83477783203125,0.0,0.37254901960784315,-10.98880769742146,4.0
39,90,186.36392211914062,0.0,0.38823529411764707,-13.17023971064659,4.0
39,91,207.1722869873047,0.0,0.34509803921568627,-14.452860689080836,5.0
39,92,184.52867126464844,0.0,0.25098039215686274,-14.001238228809711,4.0
39,93,118.66321563720703,0.0,0.25882352941176473,-13.712967102191806,4.0
39,94,126.05060577392578,0.0,0.35294117647058826,-15.030011736967916,4.0
39,95,156.27622985839844,0.0,0.4627450980392157,-12.994879629715587,5.0
39,96,200.45132446289062,0.0,0.5098039215686274,-13.1173884618895,4.0
39,97,204.08824157714844,0.0,0.40784313725490196,-13.887827051150087,5.0
39,98,198.7366180419922,0.0,0.5882352941176471,-16.309741278654943,5.0
39,99,245.54324340820312,0.0,0.7058823529411765,-14.151020709561044,5.0
39,100,265.1941223144531,0.0,0.8431372549019608,-8.844168274093539,4.0
39,101,243.25131225585938,0.0,0.8509803921568627,-10.249870457159322,4.0
39,102,279.5144348144531,0.0015999999595806003,0.611764705882353,-11.45823307578117,5.0
39,103,224.2039337158203,0.00039999998989515007,0.49411764705882355,-13.517169370398182,4.0
39,104,254.1732940673828,0.011599999852478504,0.5372549019607843,-13.495396017843017,5.0
39,106,209.3321075439453,0.1891999989748001,0.6313725490196078,-14.418807596375762,5.0
40,2,201.32675170898438,0.13840000331401825,0.5333333333333333,-12.77500511732988,5.0
40,3,169.96463012695312,0.13279999792575836,0.4627450980392157,-16.35760188374586,5.0
40,4,107.01644134521484,0.1615999937057495,0.43529411764705883,-15.10663479558967,4.0
40,5,207.12046813964844,0.03680000081658363,0.36470588235294116,-15.724523496171424,5.0
40,6,128.70941162109375,0.008799999952316284,0.37254901960784315,-16.7400187394946,4.0
40,7,218.8086395263672,0.07360000163316727,0.33725490196078434,-16.915165349276123,6.0
40,8,202.04739379882812,0.12559999525547028,0.3058823529411765,-11.441145793966562,4.0
40,9,193.08839416503906,0.07999999821186066,0.29411764705882354,-14.124314926296062,5.0
40,10,166.26321411132812,0.0,0.29411764705882354,-12.242739947920692,4.0
40,11,216.37286376953125,0.0,0.2784313725490196,-13.473056623447112,4.0
40,12,237.2937774658203,0.0,0.2980392156862745,-12.58149943103721,3.0
40,13,197.63401794433594,0.0,0.5176470588235295,-14.372702226669098,5.0
40,14,183.2490234375,0.0,0.7215686274509804,-14.375990327600366,4.0
40,15,262.30645751953125,0.0,0.6941176470588235,-15.031053477493323,4.0
40,16,234.96051025390625,0.0,0.6392156862745098,-15.072460359824394,6.0
40,17,281.98602294921875,0.0,0.6588235294117647,-11.744926369300313,4.0
40,18,283.0435791015625,0.0,0.7372549019607844,-10.182037850146909,5.0
40,19,241.28810119628906,0.0,0.803921568627451,-12.872881274955368,4.0
40,20,258.8862609863281,0.0,0.8274509803921568,-12.83990074417785,5.0
40,21,232.6647186279297,0.0,0.6352941176470588,-14.806760882225806,4.0
40,22,279.3519592285156,0.0,0.5843137254901961,-12.896089765360086,5.0
40,23,343.1894836425781,0.0,0.6745098039215687,-11.705507238796342,5.0
40,24,193.85574340820312,0.0,0.7725490196078432,-11.968366353830188,4.0
40,25,181.25172424316406,0.0,0.8666666666666667,-14.956831686042074,5.0
40,26,274.4772644042969,0.0,0.8823529411764706,-12.487079741675956,4.0
40,27,252.80775451660156,0.0,0.8235294117647058,-11.788971987026581,6.0
40,28,238.2142333984375,0.0,0.7058823529411765,-11.852161935056815,4.0
40,29,298.37640380859375,0.0,0.6392156862745098,-15.278719957035978,5.0
40,30,293.4845275878906,0.0,0.615686274509804,-14.051581433531414,4.0
40,31,253.7755584716797,0.0,0.6431372549019608,-14.68165230068551,4.0
40,32,262.40386962890625,0.0,0.8980392156862745,-16.731945075318365,5.0
40,33,356.15216064453125,0.0,0.9568627450980393,-12.27681506533556,4.0
40,34,282.70458984375,0.0,0.9058823529411765,-11.22281054688641,6.0
40,35,307.5343322753906,0.0,0.6901960784313725,-9.885626295707002,4.0
40,36,292.8731384277344,0.0,0.7411764705882353,-13.130433276497747,5.0
40,37,300.74334716796875,0.0,0.7333333333333333,-13.00384793086523,4.0
40,38,288.6180725097656,0.0,0.6470588235294118,-14.92382574178874,5.0
40,39,315.4682312011719,0.0,0.7215686274509804,-14.11034213097839,4.0
40,40,290.41796875,0.0,0.6235294117647059,-15.04320833865879,4.0
40,41,289.30084228515625,0.0,0.611764705882353,-12.392277442471602,4.0
40,42,254.62420654296875,0.0,0.6470588235294118,-14.381014687316267,4.0
40,43,284.6670227050781,0.0,0.7215686274509804,-12.428775670198997,5.0
40,44,245.67152404785156,0.006800000090152025,0.6274509803921569,-10.56171204202154,4.0
40,45,249.61318969726562,0.0,0.5725490196078431,-12.47194241683615,5.0
40,46,258.9608459472656,0.0272000003606081,0.6627450980392157,-9.099459266155664,4.0
40,47,268.3746643066406,0.0,0.6862745098039216,-12.445988555062822,5.0
40,48,311.9383544921875,0.0,0.5686274509803921,-11.9693357996636,4.0
40,49,270.8902893066406,0.0,0.5529411764705883,-11.691595675965235,5.0
40,50,252.9656982421875,0.0,0.7686274509803922,-16.205951176701422,5.0
40,51,256.2774963378906,0.0,0.9333333333333333,-15.67561922962752,4.0
40,52,252.5078582763672,0.0,0.8509803921568627,-13.862574152072536,5.0
40,53,291.622314453125,0.0,0.796078431372549,-10.614590193591146,4.0
40,54,256.078369140625,0.0,0.7372549019607844,-11.337223872390991,4.0
40,55,235.08018493652344,0.0,0.7450980392156863,-12.95133149388479,5.0
40,56,261.5751953125,0.0,0.7450980392156863,-11.752565786587425,4.0
40,57,241.10455322265625,0.0,0.6980392156862745,-12.485149569523022,4.0
40,58,256.87628173828125,0.0,0.6784313725490196,-14.949846260376189,5.0
40,59,324.71148681640625,0.0,0.6431372549019608,-13.792056589933111,5.0
40,60,282.90777587890625,0.0,0.4549019607843137,-11.64807533077277,4.0
40,61,246.9427032470703,0.0,0.5098039215686274,-12.922079371666253,4.0
40,62,256.83697509765625,0.0,0.6431372549019608,-10.717874203596667,4.0
40,63,207.63888549804688,0.0,0.6784313725490196,-10.035555351933855,4.0
40,64,179.30288696289062,0.0,0.615686274509804,-13.169598531499382,4.0
40,65,213.18263244628906,0.0,0.611764705882353,-14.286533927881491,5.0
40,66,329.96551513671875,0.0,0.7490196078431373,-13.017964061455354,4.0
40,67,278.17681884765625,0.00279999990016222,0.8156862745098039,-10.709061245055775,5.0
40,68,231.91612243652344,0.0,0.6980392156862745,-9.93995016694011,4.0
40,69,239.60328674316406,0.00279999990016222,0.6901960784313725,-14.98481643493755,4.0
40,70,260.76312255859375,0.0,0.6627450980392157,-15.156909985677501,5.0
40,71,278.2352294921875,0.0,0.6862745098039216,-12.13375689557653,4.0
40,72,260.4971618652344,0.0,0.6078431372549019,-10.581742151124638,4.0
40,73,291.68963623046875,0.0,0.47843137254901963,-12.90753260749797,4.0
40,74,239.9577178955078,0.0,0.4627450980392157,-13.298986746413611,5.0
40,75,263.1517028808594,0.0,0.5019607843137255,-13.879199841343679,2.0
40,76,275.4870910644531,0.0,0.5411764705882353,-13.713765852195813,4.0
40,77,232.10250854492188,0.0,0.4470588235294118,-15.558350473560614,5.0
40,78,154.61709594726562,0.188400000333786,0.35294117647058826,-14.48342170620846,4.0
40,79,158.56573486328125,0.01679999940097332,0.3176470588235294,-13.240719308584108,5.0
40,80,187.48587036132812,0.0,0.34509803921568627,-11.476577024780394,4.0
40,81,202.9453582763672,0.0,0.41568627450980394,-12.985712374171772,4.0
40,82,211.98507690429688,0.0,0.48627450980392156,-12.375490878129812,4.0
40,83,158.3128204345703,0.041999999433755875,0.5607843137254902,-9.893503233478606,4.0
40,84,132.88998413085938,0.0,0.592156862745098,-9.633498349327235,4.0
40,85,168.676513671875,0.0,0.611764705882353,-11.88246183786722,4.0
40,86,156.424560546875,0.0,0.7333333333333333,-11.851692471244693,5.0
40,87,125.83402252197266,0.0,0.6980392156862745,-12.818730879656497,4.0
40,88,213.47703552246094,0.0,0.5333333333333333,-14.66861273723307,5.0
40,89,225.8594970703125,0.0,0.39215686274509803,-11.265076159296274,4.0
40,90,216.87335205078125,0.0,0.41568627450980394,-15.265135383985946,5.0
40,91,167.9102020263672,0.0,0.3843137254901961,-13.689839340962598,4.0
40,92,157.9127197265625,0.0,0.2901960784313726,-13.687314478863367,5.0
40,93,199.0008087158203,0.0,0.3058823529411765,-11.834236511221858,4.0
40,94,126.11247253417969,0.0,0.403921568627451,-13.37152321876837,5.0
40,95,136.5056915283203,0.0,0.4392156862745098,-13.842368180523705,5.0
40,96,220.34063720703125,0.0,0.4235294117647059,-15.561995070024562,4.0
40,97,195.467041015625,0.0,0.4117647058823529,-14.892891964780919,5.0
40,98,139.9151153564453,0.0,0.6,-15.14866146339675,4.0
40,99,155.6906280517578,0.0,0.6941176470588235,-14.794586142222819,5.0
40,100,251.83941650390625,0.0,0.8352941176470589,-12.55122276281601,5.0
40,101,252.54537963867188,0.0,0.8431372549019608,-9.235406885107786,6.0
40,102,229.16810607910156,0.0,0.6823529411764706,-12.653129168871207,5.0
40,103,257.41650390625,0.0,0.5411764705882353,-13.631828751287618,5.0
40,104,256.01416015625,0.0,0.592156862745098,-14.140240220162394,4.0
40,105,307.6802673339844,0.030799999833106995,0.7294117647058823,-13.200152850491342,4.0
40,106,298.1096496582031,0.2287999987602234,0.8470588235294118,-11.557641400510747,5.0
41,3,85.01782989501953,0.0,0.3803921568627451,-15.291629660312012,4.0
41,4,65.70993041992188,0.024399999529123306,0.3137254901960784,-15.48537597402915,7.0
41,5,98.14120483398438,0.0,0.3607843137254902,-15.569528960223593,4.0
41,6,146.57188415527344,0.026799999177455902,0.47058823529411764,-15.004625227597137,5.0
41,7,162.90765380859375,0.008799999952316284,0.4980392156862745,-13.71946730599597,5.0
41,8,150.45127868652344,0.01640000008046627,0.5176470588235295,-14.114240750240711,4.0
41,9,241.1695556640625,0.0,0.5254901960784314,-15.579951846173248,5.0
41,10,270.79644775390625,0.0,0.40784313725490196,-14.044817820778787,2.0
41,11,218.56593322753906,0.06759999692440033,0.3254901960784314,-14.139610075614632,5.0
41,12,163.55992126464844,0.0,0.3686274509803922,-13.813768926974745,4.0
41,13,259.28131103515625,0.0,0.47843137254901963,-13.33974920370708,5.0
41,14,148.4159393310547,0.0,0.5254901960784314,-16.43432684859188,4.0
41,15,239.32125854492188,0.0,0.6509803921568628,-15.510227265025325,5.0
41,16,265.66522216796875,0.0,0.8156862745098039,-13.980184304521476,4.0
41,17,294.6313781738281,0.015200000256299973,0.7686274509803922,-13.586056167843985,4.0
41,18,287.953125,0.0020000000949949026,0.6431372549019608,-13.549204650442332,5.0
41,19,240.91319274902344,0.005200000014156103,0.6274509803921569,-15.19034127262293,3.0
41,20,133.63714599609375,0.0,0.5882352941176471,-12.549283473504985,4.0
41,21,206.25482177734375,0.0,0.5490196078431373,-12.911414198402163,4.0
41,22,235.5343780517578,0.0,0.5803921568627451,-14.282714892592136,5.0
41,23,234.44580078125,0.0,0.5803921568627451,-11.244168486281582,4.0
41,24,236.46307373046875,0.0,0.6274509803921569,-11.864641467611904,4.0
41,25,230.32470703125,0.0,0.7176470588235294,-14.225526108491803,5.0
41,26,232.4931640625,0.024399999529123306,0.7137254901960784,-13.618233697999367,5.0
41,27,265.8120422363281,0.031199999153614044,0.7490196078431373,-13.299843367194308,5.0
41,28,200.1067352294922,0.0,0.796078431372549,-13.982979309225476,5.0
41,29,276.77703857421875,0.0,0.8392156862745098,-14.516463746214697,5.0
41,30,322.33453369140625,0.0,0.7647058823529411,-12.457754904962467,4.0
41,31,281.5848083496094,0.0,0.6745098039215687,-12.798153901985227,5.0
41,32,231.69491577148438,0.0,0.8156862745098039,-17.905865691538928,4.0
41,33,236.5077667236328,0.0,0.9137254901960784,-12.753260537207549,5.0
41,34,311.75689697265625,0.0012000000569969416,0.8627450980392157,-10.239987887481421,4.0
41,35,232.1982421875,0.0,0.7529411764705882,-9.896073377544214,4.0
41,36,270.0145568847656,0.0,0.8509803921568627,-12.021628096558217,5.0
41,37,334.2630615234375,0.0,0.8588235294117647,-11.383647199144278,4.0
41,38,281.05145263671875,0.0,0.7725490196078432,-11.996537386361993,4.0
41,39,196.10887145996094,0.0,0.7176470588235294,-15.3103215639927,3.0
41,40,241.94032287597656,0.006800000090152025,0.5019607843137255,-15.91582135112779,5.0
41,41,245.75750732421875,0.0,0.34509803921568627,-13.112647014236343,4.0
41,42,233.48281860351562,0.0,0.38823529411764707,-14.857609266614487,5.0
41,43,219.13174438476562,0.0,0.6392156862745098,-8.994941367997075,4.0
41,44,337.6033630371094,0.03480000048875809,0.7058823529411765,-9.740536152815523,4.0
41,45,263.8460388183594,0.0,0.7098039215686275,-12.507402916286047,5.0
41,46,265.4212951660156,0.0,0.803921568627451,-12.771636935643908,4.0
41,47,298.94696044921875,0.0031999999191612005,0.803921568627451,-11.863067752610274,4.0
41,48,272.50946044921875,0.0,0.6901960784313725,-13.492235392292498,4.0
41,49,284.8442687988281,0.0,0.596078431372549,-14.712365324977688,4.0
41,50,237.09652709960938,0.0,0.6431372549019608,-12.280815114243177,4.0
41,51,243.20022583007812,0.0,0.7803921568627451,-12.47919969567462,5.0
41,52,233.7028045654297,0.0,0.8313725490196079,-15.13146403056999,5.0
41,53,257.0402526855469,0.035999998450279236,0.788235294117647,-11.766525200680016,4.0
41,54,266.1100769042969,0.1371999979019165,0.8509803921568627,-11.075346360653281,5.0
41,55,269.1253662109375,0.0,0.9058823529411765,-11.234513552408028,4.0
41,56,262.25299072265625,0.0,0.8431372549019608,-12.46177418441566,6.0
41,57,286.40997314453125,0.0,0.7529411764705882,-12.676220879802418,4.0
41,58,298.55059814453125,0.0,0.7647058823529411,-15.009493281669176,5.0
41,59,293.1799621582031,0.0,0.6549019607843137,-13.23772773976743,4.0
41,60,253.63406372070312,0.0,0.5372549019607843,-11.631520111373021,6.0
41,61,275.2339172363281,0.0,0.6196078431372549,-12.51570809683692,4.0
41,62,284.9513244628906,0.0,0.6039215686274509,-12.720803358437951,4.0
41,63,243.6911163330078,0.0,0.5372549019607843,-13.58159647484821,5.0
41,64,193.75364685058594,0.0,0.5490196078431373,-15.1523896003806,4.0
41,65,247.32376098632812,0.0020000000949949026,0.6,-11.33798591544468,4.0
41,66,252.27590942382812,0.0020000000949949026,0.6705882352941176,-13.928086647543996,5.0
41,67,254.79969787597656,0.005200000014156103,0.6705882352941176,-11.89093806786508,6.0
41,68,250.27789306640625,0.0,0.6627450980392157,-13.229029808947605,4.0
41,69,213.06015014648438,0.01360000018030405,0.6901960784313725,-15.724887195846089,5.0
41,70,219.81517028808594,0.0,0.6431372549019608,-13.524781339810039,4.0
41,71,292.1994323730469,0.0,0.6274509803921569,-11.352590623990281,4.0
41,72,298.4710693359375,0.0,0.5568627450980392,-9.061336707016714,5.0
41,73,255.4346160888672,0.0,0.5372549019607843,-12.614838452801028,4.0
41,74,259.79595947265625,0.0,0.5372549019607843,-15.55260916039619,3.0
41,75,260.6536560058594,0.0,0.5843137254901961,-11.600309362256578,4.0
41,76,220.1554718017578,0.0,0.6627450980392157,-12.02141792877443,5.0
41,77,241.677001953125,0.0,0.6431372549019608,-13.687081661769406,4.0
41,78,274.2507629394531,0.0,0.5529411764705883,-14.036972374271453,4.0
41,79,219.81761169433594,0.1436000019311905,0.4745098039215686,-13.548718192154126,3.0
41,80,173.30850219726562,0.06239999830722809,0.3764705882352941,-14.018106728850334,4.0
41,81,148.26182556152344,0.0,0.4196078431372549,-12.788640455394177,5.0
41,82,208.76589965820312,0.0,0.5843137254901961,-12.961181478974236,4.0
41,83,172.06472778320312,0.0020000000949949026,0.6941176470588235,-12.303822686689358,5.0
41,84,170.74481201171875,0.002400000113993883,0.7411764705882353,-13.449933494864872,4.0
41,85,161.43531799316406,0.0031999999191612005,0.7529411764705882,-14.175688319767554,6.0
41,86,224.13946533203125,0.0,0.7098039215686275,-10.823940100995088,4.0
41,87,188.9669189453125,0.0,0.6666666666666666,-12.740388052616359,5.0
41,88,187.84100341796875,0.0,0.5490196078431373,-11.348291103764911,4.0
41,89,183.11611938476562,0.0,0.4470588235294118,-11.878618613268554,5.0
41,90,264.8804626464844,0.0,0.4549019607843137,-12.817372240547346,5.0
41,91,179.5787353515625,0.0,0.4196078431372549,-11.270527860121938,4.0
41,92,141.6407012939453,0.0,0.4,-13.59714790058739,5.0
41,93,174.2820281982422,0.0,0.38823529411764707,-15.580728306896647,4.0
41,94,164.16390991210938,0.0,0.4117647058823529,-13.912974632366975,4.0
41,95,193.5320587158203,0.0,0.44313725490196076,-12.834434249769004,5.0
41,96,228.3544464111328,0.0,0.403921568627451,-14.973106583257813,4.0
41,97,118.32290649414062,0.0,0.41568627450980394,-12.94911587172569,5.0
41,98,156.4159698486328,0.0,0.5803921568627451,-16.743634144726705,5.0
41,99,89.69549560546875,0.0,0.6980392156862745,-12.778648361168612,5.0
41,100,168.34556579589844,0.0,0.8196078431372549,-13.065286381477339,4.0
41,101,262.3096008300781,0.0,0.7019607843137254,-14.29589977555025,5.0
41,102,273.1104736328125,0.03280000016093254,0.5647058823529412,-11.547985962302311,4.0
41,103,238.29087829589844,0.0,0.5764705882352941,-13.423622864911168,5.0
41,104,225.30535888671875,0.0,0.6588235294117647,-14.4820627417306,5.0
41,105,263.536865234375,0.0,0.7764705882352941,-13.75353645463004,5.0
42,1,175.00946044921875,0.22280000150203705,0.592156862745098,-14.813772154876439,6.0
42,2,167.00027465820312,0.03240000084042549,0.5686274509803921,-11.592208001230478,5.0
42,3,228.12168884277344,0.0,0.45098039215686275,-13.485686381652842,4.0
42,4,141.49900817871094,0.004800000227987766,0.39215686274509803,-13.418502369326518,5.0
42,5,142.52003479003906,0.20880000293254852,0.4627450980392157,-15.642745916803815,4.0
42,6,182.6749725341797,0.002400000113993883,0.5215686274509804,-13.463940063821697,5.0
42,7,127.79395294189453,0.018799999728798866,0.48627450980392156,-15.985750558294159,4.0
42,8,193.22085571289062,0.0820000022649765,0.5803921568627451,-14.072228407192014,5.0
42,9,269.2425231933594,0.0,0.6784313725490196,-14.756622350082022,5.0
42,10,331.850830078125,0.0,0.5607843137254902,-13.19354317403593,4.0
42,11,239.6248779296875,0.012000000104308128,0.47843137254901963,-14.214866829084556,5.0
42,12,176.50135803222656,0.03920000046491623,0.47843137254901963,-14.150505465701668,4.0
42,13,288.2868957519531,0.0,0.47058823529411764,-12.664427962162426,3.0
42,14,213.74160766601562,0.0,0.43529411764705883,-14.24767707997594,4.0
42,15,161.017578125,0.0,0.5803921568627451,-15.055464327776033,5.0
42,16,230.1448211669922,0.0,0.8196078431372549,-13.74307396865402,4.0
42,17,236.00035095214844,0.0,0.788235294117647,-14.924150328490844,6.0
42,18,279.25286865234375,0.0,0.7686274509803922,-13.276579270651945,4.0
42,19,280.1607971191406,0.0,0.7568627450980392,-11.619833051316956,4.0
42,20,289.9380798339844,0.0,0.5843137254901961,-11.028091797575883,5.0
42,21,237.55946350097656,0.0,0.5215686274509804,-13.279599325470222,4.0
42,22,229.4878387451172,0.0,0.5294117647058824,-11.67583420883236,5.0
42,23,226.57864379882812,0.0,0.5137254901960784,-12.777425006601455,4.0
42,24,233.8598175048828,0.0,0.592156862745098,-13.835658310644357,6.0
42,25,264.1954345703125,0.0,0.7450980392156863,-15.16714628655231,4.0
42,26,288.9805603027344,0.0,0.7058823529411765,-18.12925975279649,5.0
42,27,305.2644958496094,0.0,0.6627450980392157,-14.108183083679926,4.0
42,28,234.28919982910156,0.0,0.7607843137254902,-13.879577773149567,5.0
42,29,291.23406982421875,0.00039999998989515007,0.7215686274509804,-15.16137017828684,4.0
42,30,324.369384765625,0.0,0.7450980392156863,-15.370865387420448,4.0
42,31,328.44439697265625,0.0,0.7529411764705882,-14.139292772496908,6.0
42,32,324.8614501953125,0.0,0.7686274509803922,-12.126391257825643,5.0
42,33,278.67718505859375,0.0,0.807843137254902,-13.88901166037748,5.0
42,34,311.5364685058594,0.0,0.7725490196078432,-11.402364796997315,4.0
42,35,239.11407470703125,0.004000000189989805,0.807843137254902,-13.412110315282709,5.0
42,36,318.6736145019531,0.0,0.8313725490196079,-13.776297629220519,5.0
42,37,351.8099670410156,0.0,0.8352941176470589,-11.28778700801985,3.0
42,38,315.326416015625,0.0,0.7607843137254902,-11.185147313265078,5.0
42,39,219.31427001953125,0.0,0.5725490196078431,-13.14951332708792,4.0
42,40,262.4596252441406,0.0,0.4196078431372549,-12.779328386176768,5.0
42,41,224.53411865234375,0.0,0.3607843137254902,-11.139226202748663,4.0
42,42,182.59873962402344,0.0,0.396078431372549,-14.498625941853263,4.0
42,43,264.44024658203125,0.0,0.5411764705882353,-11.526833507360406,4.0
42,44,266.5130920410156,0.0,0.6235294117647059,-11.038798700630743,5.0
42,45,284.1534423828125,0.0,0.6745098039215687,-12.084243733343081,4.0
42,46,277.9429626464844,0.0,0.796078431372549,-11.908681462863285,4.0
42,47,279.46240234375,0.0,0.8,-11.484971136066157,5.0
42,48,289.644775390625,0.0,0.7333333333333333,-15.23033806441581,4.0
42,49,294.0700988769531,0.00279999990016222,0.6352941176470588,-13.258227233084348,5.0
42,50,253.45449829101562,0.00279999990016222,0.5490196078431373,-14.49491244057559,4.0
42,51,290.7065124511719,0.0,0.7176470588235294,-14.400458782693565,5.0
42,52,276.0697021484375,0.0,0.8862745098039215,-11.806275019408234,4.0
42,53,283.7018127441406,0.0,0.9137254901960784,-11.678854106081529,5.0
42,54,294.1360168457031,0.0007999999797903001,0.9294117647058824,-13.844737288549112,4.0
42,55,275.8814697265625,0.0,0.9137254901960784,-14.017423694160202,4.0
42,56,272.7029113769531,0.0,0.7607843137254902,-14.78778899006538,5.0
42,57,253.141357421875,0.0,0.7098039215686275,-14.169088793117307,4.0
42,58,295.5943603515625,0.0,0.8274509803921568,-14.077372023365289,5.0
42,59,298.7220458984375,0.0,0.792156862745098,-11.124776926278418,4.0
42,60,262.99847412109375,0.0,0.7176470588235294,-12.722471979380131,5.0
42,61,303.11505126953125,0.0,0.7058823529411765,-11.401733035850736,3.0
42,62,316.79864501953125,0.0,0.615686274509804,-10.09924588577912,5.0
42,63,288.0841369628906,0.0,0.5411764705882353,-11.886186098277985,4.0
42,64,164.28549194335938,0.0,0.6078431372549019,-13.91189753838476,5.0
42,65,186.62110900878906,0.0,0.6980392156862745,-13.417993985088295,5.0
42,66,195.13510131835938,0.0,0.8196078431372549,-14.606308436728527,4.0
42,67,249.5446319580078,0.0,0.7843137254901961,-14.391930934603508,5.0
42,68,220.4271697998047,0.0,0.6941176470588235,-11.717445614400344,4.0
42,69,255.14724731445312,0.0,0.7686274509803922,-13.514475807953982,5.0
42,70,221.98129272460938,0.0,0.7098039215686275,-15.500159612895851,6.0
42,71,285.4336853027344,0.0,0.6039215686274509,-12.085263514233889,5.0
42,72,257.2936706542969,0.0,0.5137254901960784,-11.928055686754139,4.0
42,73,238.93638610839844,0.02759999968111515,0.5725490196078431,-13.292878475698293,3.0
42,74,248.04379272460938,0.0020000000949949026,0.611764705882353,-15.4337467849255,5.0
42,75,236.79640197753906,0.021199999377131462,0.6862745098039216,-12.045881682689581,4.0
42,76,263.93817138671875,0.0,0.7450980392156863,-12.140921131799388,5.0
42,77,270.3968811035156,0.0,0.6862745098039216,-12.531013483774124,4.0
42,78,295.78692626953125,0.0,0.615686274509804,-13.037737072946188,3.0
42,79,248.16355895996094,0.0,0.5568627450980392,-13.106319353841595,4.0
42,80,155.71286010742188,0.006800000090152025,0.3843137254901961,-11.98752237961492,5.0
42,81,153.4100341796875,0.0,0.3843137254901961,-12.288072674774014,4.0
42,82,160.87228393554688,0.0,0.4823529411764706,-12.671632206081567,4.0
42,83,207.12110900878906,0.0,0.6078431372549019,-13.63247141332026,4.0
42,84,167.46739196777344,0.012000000104308128,0.7450980392156863,-16.449791969202323,4.0
42,85,143.12965393066406,0.02280000038444996,0.7019607843137254,-16.17648027625836,4.0
42,86,194.74928283691406,0.0,0.5882352941176471,-14.643195242564548,5.0
42,87,181.4028778076172,0.0,0.48627450980392156,-11.952905613528293,4.0
42,88,184.1527557373047,0.0,0.4549019607843137,-10.826842575633517,5.0
42,89,216.59210205078125,0.0,0.4666666666666667,-14.307373848135846,4.0
42,90,189.63978576660156,0.0,0.4235294117647059,-13.941427727415094,4.0
42,91,156.8917999267578,0.0,0.37254901960784315,-12.012299358140462,6.0
42,92,203.70150756835938,0.0,0.4235294117647059,-14.344578615599833,4.0
42,93,157.69815063476562,0.0,0.41568627450980394,-14.104272095575649,4.0
42,94,176.52023315429688,0.0,0.403921568627451,-14.276899431001521,5.0
42,95,164.2719268798828,0.0,0.47843137254901963,-15.441710652000754,4.0
42,96,207.8560791015625,0.0,0.41568627450980394,-13.465568797086966,6.0
42,97,196.87286376953125,0.0,0.396078431372549,-14.846250921966686,4.0
42,98,274.2920837402344,0.0,0.48627450980392156,-11.617970548348431,5.0
42,99,209.63894653320312,0.0,0.6666666666666666,-11.659922161678697,5.0
42,100,198.4424591064453,0.0,0.788235294117647,-14.238351780544388,4.0
42,101,242.4244842529297,0.0,0.6588235294117647,-15.341154386282305,5.0
42,102,274.0123596191406,0.04520000144839287,0.4117647058823529,-14.231809670893929,5.0
42,103,279.5321044921875,0.0,0.42745098039215684,-12.810635315354038,6.0
42,104,246.73287963867188,0.07280000299215317,0.5019607843137255,-14.595533999745086,4.0
43,3,237.2482147216797,0.15320000052452087,0.5647058823529412,-12.654941719418742,4.0
43,5,120.84637451171875,0.05480000004172325,0.49019607843137253,-13.069815928386921,5.0
43,6,191.00425720214844,0.04320000112056732,0.45098039215686275,-12.452715326818513,5.0
43,7,187.00746154785156,0.09880000352859497,0.41568627450980394,-13.66608463293468,5.0
43,8,232.88540649414062,0.0,0.43529411764705883,-17.97265623183532,4.0
43,9,230.25013732910156,0.0,0.5098039215686274,-16.125491916674672,5.0
43,10,176.7474365234375,0.0,0.4666666666666667,-14.205184301980767,5.0
43,11,264.78240966796875,0.09880000352859497,0.4470588235294118,-13.314118763740105,4.0
43,12,246.8089599609375,0.01759999990463257,0.47843137254901963,-12.110002893743452,3.0
43,13,270.4585266113281,0.0,0.47058823529411764,-12.791530037488876,5.0
43,14,124.42658996582031,0.0,0.4196078431372549,-12.940926676853852,4.0
43,15,162.9852294921875,0.0,0.5490196078431373,-14.106347429854475,5.0
43,16,166.83038330078125,0.0,0.8117647058823529,-16.64768656380441,4.0
43,17,261.7361145019531,0.0,0.8745098039215686,-14.47218496285085,4.0
43,18,286.5188903808594,0.0,0.8509803921568627,-13.033217998028752,5.0
43,19,278.7858581542969,0.0,0.9411764705882353,-11.264759999712219,5.0
43,20,311.72528076171875,0.0,0.788235294117647,-11.91672088904177,4.0
43,21,251.5059356689453,0.0,0.615686274509804,-12.88383823501118,4.0
43,22,246.3738250732422,0.0,0.5137254901960784,-11.308997984249876,4.0
43,23,256.0489807128906,0.0,0.5019607843137255,-12.438334920828444,5.0
43,24,300.20550537109375,0.0,0.6941176470588235,-11.988302219006153,5.0
43,25,268.45306396484375,0.0,0.8431372549019608,-12.367151593601841,5.0
43,26,307.48663330078125,0.0,0.7450980392156863,-14.857442732984152,5.0
43,27,279.3980407714844,0.0,0.5843137254901961,-14.01808507985152,4.0
43,28,266.80010986328125,0.0,0.5607843137254902,-14.074259674317446,5.0
43,29,249.12054443359375,0.0,0.5568627450980392,-15.646255300154891,4.0
43,30,296.7544860839844,0.0,0.6823529411764706,-12.396562024230475,5.0
43,31,287.0713806152344,0.0,0.807843137254902,-12.941272251260465,4.0
43,32,313.80670166015625,0.0,0.8509803921568627,-12.386796103651633,4.0
43,33,359.7068786621094,0.0,0.9058823529411765,-10.598914920263876,5.0
43,34,283.07220458984375,0.0,0.6980392156862745,-12.192541856162165,4.0
43,35,306.30230712890625,0.0,0.7254901960784313,-14.958443948733585,5.0
43,36,303.1690368652344,0.0,0.6980392156862745,-15.215198837784122,4.0
43,37,269.5754699707031,0.0,0.6705882352941176,-10.94354364126037,5.0
43,38,234.23841857910156,0.0,0.6862745098039216,-12.87855206628789,4.0
43,39,295.744384765625,0.0,0.5529411764705883,-10.588992620031615,3.0
43,40,231.43551635742188,0.0,0.6078431372549019,-13.117955976690785,4.0
43,41,253.87062072753906,0.0,0.7098039215686275,-12.28218798398876,4.0
43,42,332.0863342285156,0.0,0.7019607843137254,-13.707812365098524,5.0
43,43,283.18511962890625,0.0,0.6941176470588235,-12.708221980504415,4.0
43,44,221.44989013671875,0.0,0.6274509803921569,-11.251720191664118,5.0
43,45,277.30780029296875,0.0,0.6313725490196078,-14.690388856314868,4.0
43,46,257.9183654785156,0.0,0.6588235294117647,-13.215465886023923,5.0
43,47,274.62750244140625,0.0,0.6039215686274509,-13.836652585199863,4.0
43,48,333.0128173828125,0.0,0.5686274509803921,-13.470470243321113,5.0
43,49,225.6746063232422,0.0,0.5254901960784314,-14.413549062286295,4.0
43,50,239.0884246826172,0.0,0.5882352941176471,-12.012005587951716,4.0
43,51,279.8887023925781,0.0,0.8,-11.177604911954957,4.0
43,52,255.8821258544922,0.0,0.9254901960784314,-12.862628317530477,4.0
43,53,257.96380615234375,0.0,0.9372549019607843,-12.970793770825411,4.0
43,54,317.28668212890625,0.0,0.9019607843137255,-10.379953059723608,4.0
43,55,261.9617004394531,0.0,0.8274509803921568,-11.806004190934452,5.0
43,56,254.18748474121094,0.0,0.6509803921568628,-13.237959725413258,4.0
43,57,292.7550048828125,0.0,0.7019607843137254,-14.45856410257729,5.0
43,58,280.069091796875,0.0,0.8117647058823529,-13.348873414700028,5.0
43,59,290.7630920410156,0.0,0.7411764705882353,-15.304404046213902,4.0
43,60,292.9736328125,0.0,0.6862745098039216,-15.367925842663324,5.0
43,61,268.44403076171875,0.0,0.615686274509804,-12.59735013545125,4.0
43,62,246.355224609375,0.0,0.49411764705882355,-10.304113048737007,5.0
43,63,221.57498168945312,0.0,0.44313725490196076,-13.978427270302706,4.0
43,64,155.03639221191406,0.0,0.6431372549019608,-13.793504612062645,4.0
43,65,232.44140625,0.0,0.8117647058823529,-13.121637719654533,5.0
43,66,298.6240539550781,0.0,0.9254901960784314,-13.192614919366491,5.0
43,67,278.98541259765625,0.0,0.9529411764705882,-11.78459015896209,4.0
43,68,258.6767883300781,0.0,0.8784313725490196,-13.270746807300922,4.0
43,69,287.339599609375,0.0,0.8627450980392157,-14.838750310570074,5.0
43,70,345.6335754394531,0.0,0.7372549019607844,-13.918938506936016,4.0
43,71,270.1977233886719,0.0,0.5882352941176471,-11.395739511899745,5.0
43,72,268.6295471191406,0.0,0.49411764705882355,-11.600409611242808,4.0
43,73,250.62844848632812,0.0,0.5215686274509804,-13.892931142048857,6.0
43,74,271.8304748535156,0.0,0.5647058823529412,-15.329313027807103,4.0
43,75,225.59376525878906,0.0,0.6823529411764706,-14.053257351448407,4.0
43,76,214.06483459472656,0.0,0.7725490196078432,-11.276791092401714,4.0
43,77,286.17498779296875,0.0,0.596078431372549,-11.985732465607782,3.0
43,78,278.3085021972656,0.0,0.5019607843137255,-13.434492893408766,5.0
43,79,229.31246948242188,0.0,0.45098039215686275,-14.362127266349084,4.0
43,80,177.867919921875,0.0,0.3568627450980392,-13.083934958638892,3.0
43,81,162.02584838867188,0.0,0.34901960784313724,-12.994649931291598,4.0
43,82,189.612060546875,0.0,0.403921568627451,-12.157275248448558,5.0
43,83,182.91651916503906,0.0,0.49019607843137253,-13.46355530687989,4.0
43,84,129.93414306640625,0.0,0.5254901960784314,-14.685595482113001,5.0
43,85,109.2007827758789,0.0,0.4627450980392157,-15.889558459135936,4.0
43,86,168.27005004882812,0.0,0.4196078431372549,-16.457739548522703,5.0
43,87,207.20062255859375,0.0,0.3607843137254902,-13.736132956411682,5.0
43,88,207.22689819335938,0.0,0.3568627450980392,-12.147606097402338,4.0
43,89,161.9739990234375,0.0,0.4,-13.037266739614907,5.0
43,90,161.03292846679688,0.0,0.43529411764705883,-13.249020072685214,4.0
43,91,142.41314697265625,0.0,0.41568627450980394,-14.36018724044091,5.0
43,92,164.86351013183594,0.0,0.39215686274509803,-12.6201431981538,4.0
43,93,221.9186553955078,0.0,0.3686274509803922,-10.228463928207862,5.0
43,94,167.1078643798828,0.0,0.43529411764705883,-11.060118044518259,4.0
43,95,155.5126190185547,0.0,0.5686274509803921,-12.660412756870551,5.0
43,96,204.7708740234375,0.0,0.5686274509803921,-14.834285944386007,4.0
43,97,223.3880157470703,0.0,0.5137254901960784,-15.234230744485792,4.0
43,98,255.17405700683594,0.0,0.5843137254901961,-14.30092621639243,5.0
43,99,254.15469360351562,0.0,0.6078431372549019,-9.746473949344338,4.0
43,100,188.02198791503906,0.0,0.6196078431372549,-15.116594728029195,6.0
43,101,184.4163818359375,0.0,0.6352941176470588,-15.049836656385525,4.0
43,102,228.11253356933594,0.0,0.4196078431372549,-14.193825192275524,5.0
43,103,298.7410583496094,0.0,0.40784313725490196,-12.72291902050849,5.0
43,104,256.1943054199219,0.04280000180006027,0.4549019607843137,-14.021302398026371,5.0
44,6,198.9403839111328,0.09640000015497208,0.4235294117647059,-12.051478967508238,4.0
44,7,220.07493591308594,0.004000000189989805,0.4,-14.014988878179512,4.0
44,8,206.41384887695312,0.0,0.3843137254901961,-12.995415784299498,5.0
44,9,189.16001892089844,0.0,0.3803921568627451,-16.535431890245114,4.0
44,10,229.17080688476562,0.0,0.3843137254901961,-13.403246334987815,5.0
44,11,249.63433837890625,0.03200000151991844,0.4588235294117647,-11.935226128729017,4.0
44,12,240.68858337402344,0.0,0.5843137254901961,-11.944488726273942,6.0
44,13,274.1587219238281,0.0,0.5137254901960784,-11.497927767055563,4.0
44,14,217.13510131835938,0.0,0.44313725490196076,-13.992849266724939,3.0
44,15,340.8016357421875,0.0,0.5137254901960784,-13.731692214032158,4.0
44,16,144.93568420410156,0.0,0.6666666666666666,-16.699134734584685,4.0
44,17,192.90980529785156,0.0,0.6431372549019608,-14.447445295603325,5.0
44,18,186.3596649169922,0.0,0.5725490196078431,-12.855312112922189,4.0
44,19,271.9122009277344,0.0,0.7176470588235294,-10.036101749667308,5.0
44,20,292.4023132324219,0.0,0.7254901960784313,-9.633753864798237,4.0
44,21,251.71505737304688,0.0,0.6509803921568628,-9.539137831199177,6.0
44,22,189.3704833984375,0.0,0.4823529411764706,-11.741238953454147,4.0
44,23,271.57818603515625,0.0,0.4117647058823529,-11.713963522756412,5.0
44,24,274.4530029296875,0.0,0.7137254901960784,-12.23466009114851,4.0
44,25,255.6394805908203,0.0,0.8627450980392157,-13.140893153899018,5.0
44,26,257.2048645019531,0.0,0.7803921568627451,-12.867226842553505,5.0
44,27,259.4830017089844,0.0,0.7058823529411765,-12.045563085328814,5.0
44,28,302.49127197265625,0.0,0.5215686274509804,-10.638321628539195,5.0
44,29,223.82603454589844,0.0,0.5176470588235295,-12.770176141105116,4.0
44,30,280.0552673339844,0.0,0.6588235294117647,-12.178613550499485,5.0
44,31,329.3929748535156,0.0012000000569969416,0.6901960784313725,-13.201152489465995,4.0
44,32,247.93634033203125,0.004000000189989805,0.8352941176470589,-11.64084085584339,4.0
44,33,333.32818603515625,0.0,0.9176470588235294,-11.05523525039376,4.0
44,34,276.6114807128906,0.0,0.6627450980392157,-12.712028964614078,4.0
44,35,241.79635620117188,0.0,0.6705882352941176,-15.368044405276919,5.0
44,36,278.8899230957031,0.0,0.7294117647058823,-15.28896041625397,4.0
44,37,259.80560302734375,0.0,0.5725490196078431,-13.11899997314866,6.0
44,38,284.74114990234375,0.0007999999797903001,0.5764705882352941,-10.97048275609594,3.0
44,39,217.4285125732422,0.0,0.6745098039215687,-13.461553042155206,5.0
44,40,248.90464782714844,0.0,0.7843137254901961,-9.977153342645185,4.0
44,41,232.55259704589844,0.0,0.803921568627451,-14.304253890512191,5.0
44,42,302.5750427246094,0.0,0.7372549019607844,-16.824321817876935,4.0
44,43,308.2823791503906,0.0,0.6509803921568628,-16.438454579144828,5.0
44,44,295.461181640625,0.0,0.6549019607843137,-15.362309615182836,4.0
44,45,242.04832458496094,0.0,0.7647058823529411,-11.95429022656737,4.0
44,46,273.6282043457031,0.0,0.7254901960784313,-12.602459329122075,5.0
44,47,287.5828552246094,0.0,0.5725490196078431,-12.239513905117228,4.0
44,48,280.91717529296875,0.0,0.5568627450980392,-14.087991747162828,4.0
44,49,231.13113403320312,0.0,0.5372549019607843,-14.269343064717031,3.0
44,50,218.350341796875,0.0,0.6431372549019608,-13.557798940969132,5.0
44,51,305.4021911621094,0.0,0.8117647058823529,-12.47621905356555,4.0
44,52,254.76266479492188,0.0,0.7803921568627451,-14.202980223670988,4.0
44,53,296.9918518066406,0.0,0.7450980392156863,-14.49376521052583,5.0
44,54,275.4294128417969,0.0,0.7607843137254902,-14.5075628828717,4.0
44,55,296.207275390625,0.0,0.7843137254901961,-12.74426125376696,5.0
44,56,242.88739013671875,0.0012000000569969416,0.6823529411764706,-13.68785740196514,4.0
44,57,255.65277099609375,0.00559999980032444,0.7176470588235294,-12.863645063390575,5.0
44,58,235.3046112060547,0.0,0.7294117647058823,-13.522579790105137,4.0
44,59,247.6199493408203,0.0,0.5529411764705883,-14.054189291455327,6.0
44,60,241.90219116210938,0.0,0.5803921568627451,-12.718845007412643,4.0
44,61,225.66387939453125,0.0,0.5176470588235295,-13.07792260853812,3.0
44,62,206.57481384277344,0.0,0.4117647058823529,-10.027078754370605,4.0
44,63,158.40789794921875,0.0,0.43529411764705883,-13.47325372527596,4.0
44,64,226.16864013671875,0.0,0.6509803921568628,-13.059509144177335,5.0
44,65,265.6966552734375,0.0,0.807843137254902,-13.68833161086714,4.0
44,66,267.0166015625,0.0,0.792156862745098,-12.71799203015432,6.0
44,67,266.4533996582031,0.0,0.8313725490196079,-11.550440513380337,5.0
44,68,222.50294494628906,0.0,0.8313725490196079,-13.611158017945579,6.0
44,69,252.26849365234375,0.0,0.8156862745098039,-14.971948503673131,4.0
44,70,283.617919921875,0.0,0.7333333333333333,-13.124461707127272,5.0
44,71,301.1401672363281,0.0,0.6078431372549019,-11.980244675929633,4.0
44,72,264.0099792480469,0.0,0.5529411764705883,-12.67845311653212,3.0
44,73,264.6063232421875,0.0,0.4745098039215686,-15.092909117783904,4.0
44,74,231.1403350830078,0.0,0.4823529411764706,-14.13329554608418,4.0
44,75,143.9878692626953,0.0,0.6039215686274509,-15.696990115444917,6.0
44,76,247.03712463378906,0.0,0.6431372549019608,-11.617763106464885,4.0
44,77,262.96380615234375,0.0,0.4745098039215686,-15.17132606154937,5.0
44,78,246.4863739013672,0.0,0.4,-14.811142587751768,3.0
44,79,183.30490112304688,0.004000000189989805,0.3686274509803922,-10.755199549999524,3.0
44,80,169.02664184570312,0.08399999886751175,0.30196078431372547,-12.462043074845678,5.0
44,81,167.8655548095703,0.0020000000949949026,0.2823529411764706,-14.326104307912967,4.0
44,82,198.5043182373047,0.00039999998989515007,0.3254901960784314,-12.755314892995722,5.0
44,83,197.05113220214844,0.0007999999797903001,0.3803921568627451,-13.328526694413954,4.0
44,84,107.66205596923828,0.0012000000569969416,0.36470588235294116,-13.356041347515538,4.0
44,85,121.09223175048828,0.0012000000569969416,0.4235294117647059,-16.04439898275007,4.0
44,86,134.8072052001953,0.0,0.403921568627451,-17.46949659811283,5.0
44,87,223.97427368164062,0.0,0.2980392156862745,-16.418064376124256,4.0
44,88,225.88577270507812,0.0,0.28627450980392155,-14.78549158660858,5.0
44,89,177.72161865234375,0.0,0.34509803921568627,-13.501376045742797,4.0
44,90,179.64210510253906,0.026799999177455902,0.34901960784313724,-12.923938679406186,4.0
44,91,158.4989776611328,0.0,0.3607843137254902,-11.347120732348321,4.0
44,92,182.0682373046875,0.0,0.36470588235294116,-13.526287903331664,5.0
44,93,174.16151428222656,0.0,0.37254901960784315,-11.294597938406895,5.0
44,94,180.00930786132812,0.0,0.43137254901960786,-12.899016517337925,4.0
44,95,173.20697021484375,0.0,0.5411764705882353,-13.892921417771138,5.0
44,96,181.56663513183594,0.0,0.592156862745098,-13.490884620693793,4.0
44,97,152.85430908203125,0.0,0.5725490196078431,-14.297218618695036,6.0
44,98,153.50588989257812,0.0,0.6392156862745098,-13.194978530519228,5.0
44,99,202.41653442382812,0.0,0.5490196078431373,-11.306888264866862,4.0
44,100,212.01649475097656,0.0,0.5725490196078431,-12.399032490009404,4.0
44,101,210.0977020263672,0.0,0.6666666666666666,-11.434727024519022,5.0
44,102,239.64080810546875,0.0007999999797903001,0.5607843137254902,-12.690378814098086,6.0
44,103,290.62200927734375,0.10760000348091125,0.5294117647058824,-13.316273635323126,5.0
44,104,265.3193054199219,0.06279999762773514,0.5764705882352941,-14.885249654457729,6.0
45,6,180.68104553222656,0.0,0.5058823529411764,-11.996936766077543,4.0
45,7,221.89511108398438,0.0,0.5294117647058824,-12.822354392187593,6.0
45,8,252.81277465820312,0.00039999998989515007,0.4549019607843137,-13.557950165062863,4.0
45,9,188.35952758789062,0.0,0.4666666666666667,-16.143349424801833,4.0
45,10,262.3965148925781,0.0,0.4666666666666667,-11.277119990563689,5.0
45,11,305.5323181152344,0.0,0.5372549019607843,-11.561719207365615,4.0
45,12,261.94610595703125,0.0,0.6862745098039216,-13.36074488858316,4.0
45,13,275.1492614746094,0.0,0.5411764705882353,-9.478531221428954,4.0
45,14,229.50686645507812,0.0,0.4666666666666667,-11.999242481838069,6.0
45,15,267.0489807128906,0.0,0.48627450980392156,-12.15940677183307,4.0
45,16,240.71426391601562,0.0,0.5058823529411764,-13.68421535511625,5.0
45,17,194.87857055664062,0.0,0.4666666666666667,-12.864263229176803,3.0
45,18,246.8708038330078,0.0,0.4588235294117647,-13.374390644655708,5.0
45,19,283.2896728515625,0.0,0.5450980392156862,-13.678571895251562,4.0
45,20,216.48345947265625,0.0,0.5176470588235295,-14.044933818097123,5.0
45,21,219.3973388671875,0.0,0.5137254901960784,-11.85638745063427,4.0
45,22,292.0325927734375,0.0,0.4823529411764706,-11.373908345312397,5.0
45,23,243.7711944580078,0.0,0.4745098039215686,-12.413467909324005,5.0
45,24,258.236572265625,0.0,0.6941176470588235,-13.560312421301152,4.0
45,25,266.85137939453125,0.0,0.8,-14.734137866673194,6.0
45,26,278.697021484375,0.0,0.8313725490196079,-13.782499078307263,4.0
45,27,317.2215576171875,0.0,0.8352941176470589,-12.82165827816839,5.0
45,28,269.6522521972656,0.0,0.6666666666666666,-10.453000181908243,5.0
45,29,225.67872619628906,0.0,0.5607843137254902,-11.641702967451074,4.0
45,30,289.6541748046875,0.0,0.5490196078431373,-15.083655434506632,5.0
45,31,268.3700256347656,0.0,0.5843137254901961,-15.765225087455653,4.0
45,32,262.58074951171875,0.0,0.803921568627451,-15.167696046811427,6.0
45,33,355.5887145996094,0.009999999776482582,0.9137254901960784,-13.489079550797573,4.0
45,34,299.65484619140625,0.005200000014156103,0.792156862745098,-12.044175252332463,6.0
45,35,267.706298828125,0.0031999999191612005,0.8313725490196079,-13.114025418658915,4.0
45,36,302.3904724121094,0.0,0.8588235294117647,-14.04262182906316,5.0
45,37,296.90228271484375,0.0,0.6980392156862745,-12.566718522088845,4.0
45,38,270.8048400878906,0.0,0.6588235294117647,-12.953745483914961,4.0
45,39,267.6126708984375,0.0,0.6666666666666666,-13.846731614875846,5.0
45,40,318.8841857910156,0.0,0.6862745098039216,-12.290218979710112,4.0
45,41,257.2072448730469,0.0,0.6745098039215687,-13.212402759274443,5.0
45,42,360.82550048828125,0.0,0.6901960784313725,-14.301670421915844,4.0
45,43,309.02703857421875,0.0,0.6509803921568628,-14.34698284377883,4.0
45,44,292.38067626953125,0.0,0.6705882352941176,-14.915047096058974,4.0
45,45,315.0737609863281,0.0,0.7607843137254902,-13.193305139550532,5.0
45,46,307.8015441894531,0.0,0.803921568627451,-15.98555265663332,4.0
45,47,286.30963134765625,0.08839999884366989,0.7686274509803922,-11.12216603157286,4.0
45,48,260.8309020996094,0.0,0.788235294117647,-12.795632706667009,5.0
45,49,232.02720642089844,0.0,0.7176470588235294,-14.354455684504185,4.0
45,50,259.57061767578125,0.0,0.6745098039215687,-14.604989158210564,5.0
45,51,309.55291748046875,0.0,0.7058823529411765,-12.756423383368299,4.0
45,52,317.6305847167969,0.0,0.6941176470588235,-12.057076516579171,5.0
45,53,295.6362609863281,0.0,0.6274509803921569,-14.10241537964608,4.0
45,54,247.55816650390625,0.0,0.611764705882353,-15.746763349163228,5.0
45,55,260.541259765625,0.0,0.7019607843137254,-10.898107173551727,4.0
45,56,295.26416015625,0.0,0.788235294117647,-10.850731450514283,5.0
45,57,239.3133087158203,0.0,0.8117647058823529,-10.43786734498967,3.0
45,58,249.69149780273438,0.0,0.6666666666666666,-11.368595604570732,3.0
45,59,271.21331787109375,0.0,0.5803921568627451,-10.35109114133947,5.0
45,60,236.43121337890625,0.0,0.6078431372549019,-16.58132869927881,4.0
45,61,260.85302734375,0.0,0.596078431372549,-13.380076007526887,5.0
45,62,247.85032653808594,0.0,0.5450980392156862,-11.778808219119206,4.0
45,63,213.12454223632812,0.0,0.5843137254901961,-14.489832890377446,5.0
45,64,240.22547912597656,0.0,0.6901960784313725,-13.107644961766882,4.0
45,65,236.13600158691406,0.0,0.807843137254902,-15.465738960038992,5.0
45,66,239.7493896484375,0.0,0.8235294117647058,-12.104939255463854,5.0
45,67,300.59527587890625,0.0,0.8431372549019608,-10.788096990019927,4.0
45,68,279.93878173828125,0.0,0.8156862745098039,-10.919221364810639,5.0
45,69,257.2275695800781,0.015200000256299973,0.7725490196078432,-13.308168691333089,5.0
45,70,240.85609436035156,0.0015999999595806003,0.6666666666666666,-12.100020068355814,4.0
45,71,251.07826232910156,0.007600000128149986,0.5647058823529412,-13.909030029042004,4.0
45,72,211.46827697753906,0.0,0.5686274509803921,-10.838991537354154,5.0
45,73,279.75006103515625,0.025200000032782555,0.5098039215686274,-12.838269141189114,4.0
45,74,251.8394012451172,0.00800000037997961,0.4627450980392157,-15.148935463558919,4.0
45,75,229.31541442871094,0.0,0.5725490196078431,-15.341989723651546,4.0
45,76,208.96690368652344,0.0,0.6196078431372549,-12.79223698500078,4.0
45,77,339.33074951171875,0.0,0.4627450980392157,-11.554048703623321,5.0
45,78,278.68804931640625,0.0,0.36470588235294116,-10.623328320263825,4.0
45,79,180.5607452392578,0.0,0.3607843137254902,-13.69919664458121,6.0
45,80,183.13665771484375,0.0,0.3215686274509804,-15.676685422159151,4.0
45,81,232.1580047607422,0.0,0.2901960784313726,-12.00590164886199,5.0
45,82,209.80535888671875,0.0,0.3176470588235294,-13.796622998566528,4.0
45,83,193.27786254882812,0.0,0.3333333333333333,-12.316404386634517,3.0
45,84,135.8003692626953,0.020400000736117363,0.32941176470588235,-13.40577954108155,4.0
45,85,189.0960235595703,0.0007999999797903001,0.43529411764705883,-13.375386571549663,4.0
45,86,118.97059631347656,0.0,0.4392156862745098,-14.607304981322372,5.0
45,87,203.92453002929688,0.0,0.3411764705882353,-14.790521898359444,4.0
45,88,172.8821563720703,0.0,0.3411764705882353,-12.502052701071753,6.0
45,89,137.47251892089844,0.0,0.37254901960784315,-12.368558545642571,4.0
45,90,158.22125244140625,0.004399999976158142,0.3058823529411765,-13.44585484542421,5.0
45,91,193.14280700683594,0.0031999999191612005,0.25882352941176473,-13.601005270400448,4.0
45,92,178.5235137939453,0.0,0.27450980392156865,-12.781147436338038,5.0
45,93,147.7919158935547,0.0,0.30980392156862746,-13.007524793611623,4.0
45,94,170.80039978027344,0.0,0.34509803921568627,-12.029017798708235,4.0
45,95,161.81874084472656,0.0,0.4235294117647059,-14.238389305175147,5.0
45,96,184.1254119873047,0.0,0.5215686274509804,-14.019187720876964,4.0
45,97,189.4283905029297,0.0,0.48627450980392156,-15.529872453373844,5.0
45,98,176.6483612060547,0.0,0.4745098039215686,-13.503358852947379,4.0
45,99,229.62852478027344,0.0,0.43529411764705883,-13.27305056812401,5.0
45,100,192.61932373046875,0.0,0.6,-14.829013487615786,4.0
45,101,232.00950622558594,0.0,0.6784313725490196,-11.801998399191325,5.0
45,102,156.2042999267578,0.0,0.6274509803921569,-13.06421502277956,4.0
45,103,221.97006225585938,0.03840000182390213,0.6784313725490196,-13.13565494977035,4.0
45,104,226.5631561279297,0.006000000052154064,0.7372549019607844,-13.78442101292209,5.0
46,6,256.39117431640625,0.08320000022649765,0.42745098039215684,-13.175984930648239,4.0
46,7,223.95571899414062,0.0,0.4745098039215686,-13.293451208884537,5.0
46,8,235.3160858154297,0.026399999856948853,0.39215686274509803,-15.315061402835058,4.0
46,9,257.43402099609375,0.0,0.42745098039215684,-13.85960510272136,6.0
46,10,270.45538330078125,0.0,0.48627450980392156,-12.188989780374218,4.0
46,11,253.6072235107422,0.0020000000949949026,0.5803921568627451,-15.15958327862563,5.0
46,12,282.956787109375,0.01640000008046627,0.6588235294117647,-14.461190712352803,4.0
46,13,265.8441467285156,0.0,0.6313725490196078,-13.92669520844791,5.0
46,14,316.77850341796875,0.03200000151991844,0.6470588235294118,-12.43347800747004,4.0
46,15,248.10154724121094,0.0,0.6549019607843137,-11.175357216638364,4.0
46,16,257.3208923339844,0.0,0.5607843137254902,-13.116063897115387,4.0
46,17,185.7248077392578,0.0,0.5019607843137255,-15.530286586768678,4.0
46,18,201.62847900390625,0.0,0.5333333333333333,-15.731961241528271,5.0
46,19,173.80502319335938,0.0,0.5686274509803921,-14.126270632600912,4.0
46,20,219.3197479248047,0.0,0.6352941176470588,-11.716429444533816,5.0
46,21,260.3243408203125,0.0020000000949949026,0.6392156862745098,-14.707728798039374,4.0
46,22,242.64247131347656,0.0,0.7137254901960784,-12.485047212828203,4.0
46,23,291.6423645019531,0.0,0.8235294117647058,-12.67277047177237,5.0
46,24,282.607666015625,0.0,0.8235294117647058,-11.051531710602735,4.0
46,25,234.9029541015625,0.0,0.6901960784313725,-13.199950933997165,5.0
46,26,236.18301391601562,0.0,0.7607843137254902,-13.66406036428505,5.0
46,27,306.634033203125,0.0,0.6941176470588235,-14.795983123980212,5.0
46,28,244.0959930419922,0.0,0.5882352941176471,-13.921297721110601,5.0
46,29,226.97886657714844,0.0,0.6235294117647059,-14.987303374123158,5.0
46,30,262.471435546875,0.00279999990016222,0.6745098039215687,-14.767608386713572,5.0
46,31,264.3646240234375,0.0,0.7647058823529411,-15.017943347810087,4.0
46,32,232.41665649414062,0.0,0.7607843137254902,-12.430337736697796,5.0
46,33,274.70880126953125,0.0012000000569969416,0.8980392156862745,-13.416058833142914,3.0
46,34,243.0955810546875,0.004399999976158142,0.8823529411764706,-11.776054379521492,4.0
46,35,236.43435668945312,0.021199999377131462,0.807843137254902,-14.711628243891074,5.0
46,36,303.08978271484375,0.0,0.8901960784313725,-15.529639068692951,5.0
46,37,273.436767578125,0.0,0.8313725490196079,-13.34948622116056,5.0
46,38,353.5120849609375,0.0012000000569969416,0.7843137254901961,-13.048428926600643,6.0
46,39,305.0351257324219,0.0,0.6901960784313725,-11.833514840647236,4.0
46,40,265.37493896484375,0.0007999999797903001,0.596078431372549,-12.71038226001,4.0
46,41,292.4278869628906,0.0,0.5176470588235295,-10.264025611042397,4.0
46,42,262.37457275390625,0.0,0.6078431372549019,-10.414888710323954,3.0
46,43,313.96771240234375,0.0,0.7607843137254902,-13.334796766138021,5.0
46,44,248.29736328125,0.0,0.7450980392156863,-14.034191413040428,4.0
46,45,307.3145446777344,0.006399999838322401,0.6627450980392157,-14.70566364073422,5.0
46,46,262.20416259765625,0.00039999998989515007,0.7137254901960784,-13.012425368659343,4.0
46,47,279.1384582519531,0.09560000151395798,0.7137254901960784,-14.163630776298797,5.0
46,48,247.93301391601562,0.0,0.7215686274509804,-14.088520720653321,5.0
46,49,281.3891296386719,0.0,0.7294117647058823,-11.201575972303372,4.0
46,50,239.28857421875,0.0,0.7490196078431373,-12.163756784004232,5.0
46,51,296.2647705078125,0.0,0.6549019607843137,-12.243083825191812,5.0
46,52,284.2505187988281,0.0,0.5215686274509804,-13.796295829567393,5.0
46,53,285.0682067871094,0.0,0.4980392156862745,-13.869768802911262,4.0
46,54,239.37142944335938,0.0,0.4627450980392157,-16.134145485877113,4.0
46,55,268.695068359375,0.0,0.47058823529411764,-11.997438214969785,4.0
46,56,316.3755798339844,0.0,0.5803921568627451,-12.243135620451032,4.0
46,57,265.160888671875,0.0,0.7450980392156863,-10.763242418688879,4.0
46,58,280.7799377441406,0.0,0.7686274509803922,-9.82469839682638,5.0
46,59,273.88226318359375,0.0,0.6705882352941176,-12.116722966725433,4.0
46,60,307.91485595703125,0.0,0.6431372549019608,-13.20195182758891,5.0
46,61,322.9814758300781,0.0,0.6274509803921569,-13.603480481754096,4.0
46,62,261.4126281738281,0.0,0.5647058823529412,-13.716946413863312,4.0
46,63,226.1174774169922,0.0012000000569969416,0.615686274509804,-13.558628446066683,4.0
46,64,212.19883728027344,0.0,0.6901960784313725,-11.932802404016094,5.0
46,65,288.7886657714844,0.0,0.8196078431372549,-13.852846892541535,5.0
46,66,189.59823608398438,0.0,0.8549019607843137,-15.034061498122988,5.0
46,67,263.80316162109375,0.0,0.8745098039215686,-12.877863478699298,5.0
46,68,296.19903564453125,0.0,0.8274509803921568,-13.054060317891041,4.0
46,69,301.0264587402344,0.0,0.788235294117647,-12.568807863256659,4.0
46,70,249.28564453125,0.0,0.7098039215686275,-13.346402582966633,5.0
46,71,311.9752197265625,0.0,0.7294117647058823,-13.28182217582373,4.0
46,72,307.05926513671875,0.0,0.6901960784313725,-17.462053885973262,3.0
46,73,332.99920654296875,0.0,0.5529411764705883,-13.994293537106037,4.0
46,74,258.51373291015625,0.0,0.4470588235294118,-14.163507414548617,5.0
46,75,246.63465881347656,0.0,0.611764705882353,-15.514759520723715,4.0
46,76,224.63363647460938,0.0,0.6941176470588235,-14.025949711372414,5.0
46,77,227.72088623046875,0.0,0.5450980392156862,-10.807442340160263,4.0
46,78,246.74270629882812,0.0,0.44313725490196076,-11.980761185325441,5.0
46,79,137.0226593017578,0.0,0.39215686274509803,-12.339981463150822,4.0
46,80,122.32677459716797,0.0,0.3686274509803922,-14.836961698007656,4.0
46,81,188.268310546875,0.0,0.3254901960784314,-12.463935734825903,4.0
46,82,220.446044921875,0.0,0.3411764705882353,-13.64973452050138,3.0
46,83,239.87374877929688,0.0,0.3411764705882353,-13.198218302930083,5.0
46,84,152.90191650390625,0.00039999998989515007,0.3215686274509804,-13.160227037675941,4.0
46,85,94.41421508789062,0.0,0.40784313725490196,-13.055183755076873,5.0
46,86,146.90541076660156,0.08640000224113464,0.42745098039215684,-13.183443361413437,4.0
46,87,92.64321899414062,0.0,0.3686274509803922,-13.484170532813263,4.0
46,88,164.4181671142578,0.0,0.40784313725490196,-13.258771354983427,5.0
46,89,217.20445251464844,0.0,0.41568627450980394,-12.505052088189238,4.0
46,90,160.58177185058594,0.006000000052154064,0.38823529411764707,-13.323686449948024,4.0
46,91,166.3797607421875,0.0007999999797903001,0.3058823529411765,-12.973375438819053,5.0
46,92,183.15249633789062,0.0,0.19607843137254902,-10.617165774462949,4.0
46,93,154.26870727539062,0.0,0.21176470588235294,-11.388994962702242,4.0
46,94,159.8616180419922,0.07199999690055847,0.25882352941176473,-12.701085635420107,5.0
46,95,183.2016143798828,0.0,0.3686274509803922,-15.694706828041753,5.0
46,96,208.22691345214844,0.0284000001847744,0.49411764705882355,-15.81246597430232,4.0
46,97,217.3048858642578,0.0,0.4588235294117647,-14.670755825649415,5.0
46,98,205.21836853027344,0.0,0.3843137254901961,-13.004939060077245,4.0
46,99,145.04446411132812,0.0,0.4117647058823529,-14.927145666861355,6.0
46,100,151.24937438964844,0.0,0.6313725490196078,-13.668247522154847,4.0
46,101,217.5314178466797,0.0,0.6470588235294118,-12.05647131439518,4.0
46,102,191.46278381347656,0.0,0.596078431372549,-13.891844073858419,5.0
46,103,194.6478271484375,0.012799999676644802,0.7215686274509804,-15.282688032326593,6.0
46,104,260.1615295410156,0.06639999896287918,0.8117647058823529,-14.686793479147935,5.0
47,4,225.14300537109375,0.11999999731779099,0.5607843137254902,-11.730756251029069,6.0
47,5,228.18174743652344,0.012799999676644802,0.5725490196078431,-12.230073333303437,4.0
47,6,269.7437438964844,0.0,0.4823529411764706,-14.035633431163197,4.0
47,7,193.06216430664062,0.0,0.38823529411764707,-15.453935761867783,4.0
47,8,236.684326171875,0.0,0.33725490196078434,-13.040269035656626,4.0
47,9,287.4814453125,0.0031999999191612005,0.3411764705882353,-13.11544587401939,4.0
47,10,285.00537109375,0.03519999980926514,0.4,-11.342973167610673,5.0
47,11,252.91941833496094,0.0,0.5607843137254902,-13.775640729229606,5.0
47,12,284.2354736328125,0.0,0.7176470588235294,-13.347671020098073,5.0
47,13,255.18569946289062,0.0,0.7058823529411765,-9.610882905174314,4.0
47,14,241.24221801757812,0.0,0.6901960784313725,-9.985384018058571,5.0
47,15,274.2011413574219,0.0,0.6627450980392157,-10.394330579491413,4.0
47,16,265.60772705078125,0.0,0.6274509803921569,-14.97589832435368,4.0
47,17,218.10433959960938,0.0,0.611764705882353,-15.239328004298493,5.0
47,18,253.59906005859375,0.0,0.6078431372549019,-14.060026608722646,5.0
47,19,249.39805603027344,0.0,0.6196078431372549,-10.998678565667007,4.0
47,20,279.5565185546875,0.0,0.7803921568627451,-11.408964519456838,5.0
47,21,241.88626098632812,0.0,0.8392156862745098,-14.29723383160203,4.0
47,22,239.64483642578125,0.0,0.9176470588235294,-11.02785982194644,5.0
47,23,288.86431884765625,0.0,0.9607843137254902,-12.324116461533128,4.0
47,24,293.2626037597656,0.0,0.8666666666666667,-11.586089632289632,5.0
47,25,258.2796630859375,0.0,0.7607843137254902,-11.304712662925244,4.0
47,26,217.75343322753906,0.0,0.792156862745098,-15.728468680649083,5.0
47,27,276.065185546875,0.00039999998989515007,0.7333333333333333,-13.542363211851507,5.0
47,28,272.01654052734375,0.0,0.5647058823529412,-14.584667768484627,4.0
47,29,206.39524841308594,0.0015999999595806003,0.6745098039215687,-15.897554830794808,5.0
47,30,221.21897888183594,0.012799999676644802,0.8313725490196079,-15.427763697400001,4.0
47,31,287.0858459472656,0.0,0.8549019607843137,-11.14182206781792,5.0
47,32,259.181640625,0.0,0.7019607843137254,-11.621692290415176,4.0
47,33,241.69418334960938,0.0,0.7372549019607844,-10.530378952140184,5.0
47,34,250.8087615966797,0.0,0.6431372549019608,-11.943867923872373,4.0
47,35,244.9707489013672,0.10719999670982361,0.6274509803921569,-13.041071358001158,5.0
47,36,272.067626953125,0.0,0.7843137254901961,-13.348009207934233,5.0
47,37,278.9327392578125,0.0,0.7490196078431373,-16.02568258894901,4.0
47,38,270.8157653808594,0.004800000227987766,0.6627450980392157,-15.718817671383523,5.0
47,39,358.67584228515625,0.0,0.7098039215686275,-12.707271317542093,4.0
47,40,301.6142272949219,0.0015999999595806003,0.6235294117647059,-12.527680985609406,5.0
47,41,275.7169189453125,0.0,0.4666666666666667,-12.879804716744124,4.0
47,42,211.02590942382812,0.0,0.5254901960784314,-13.189984480885894,5.0
47,43,285.98370361328125,0.0,0.7568627450980392,-13.439468750207022,4.0
47,44,280.2110900878906,0.0,0.8,-14.881841492125146,5.0
47,45,298.8551330566406,0.0,0.6196078431372549,-13.46765185002977,3.0
47,46,243.10401916503906,0.00039999998989515007,0.5490196078431373,-13.881991111640005,4.0
47,47,250.55242919921875,0.0,0.5647058823529412,-15.447668404385055,4.0
47,48,254.8221435546875,0.0,0.5725490196078431,-13.280878327061705,4.0
47,49,245.22706604003906,0.0,0.6980392156862745,-13.72424486875903,5.0
47,50,266.9095764160156,0.0,0.8470588235294118,-13.69598258843499,4.0
47,51,282.38238525390625,0.0,0.792156862745098,-11.09759841683228,5.0
47,52,240.64694213867188,0.0,0.6627450980392157,-13.533590111295206,4.0
47,53,261.5035400390625,0.0,0.6078431372549019,-12.864969913592395,4.0
47,54,248.4001922607422,0.0,0.4823529411764706,-14.413760674066685,5.0
47,55,287.476806640625,0.0,0.3803921568627451,-10.028721916251634,4.0
47,56,265.9935302734375,0.0,0.4392156862745098,-10.948370038369234,5.0
47,57,266.956298828125,0.0,0.6078431372549019,-11.620258252761698,4.0
47,58,266.05670166015625,0.0,0.6588235294117647,-10.930555918260588,4.0
47,59,303.1455078125,0.0,0.596078431372549,-12.970551474869067,4.0
47,60,278.9406433105469,0.0,0.5568627450980392,-10.530950215738248,4.0
47,61,281.5894775390625,0.0,0.5294117647058824,-11.57759080556335,4.0
47,62,249.95077514648438,0.0,0.4588235294117647,-11.778394596874586,5.0
47,63,228.1606903076172,0.0,0.43137254901960786,-10.38758389278154,5.0
47,64,172.34811401367188,0.0,0.5372549019607843,-11.135770435019445,4.0
47,65,226.74241638183594,0.0,0.6588235294117647,-10.812996653415244,5.0
47,66,196.35765075683594,0.0,0.7058823529411765,-13.87283750539984,4.0
47,67,222.21131896972656,0.0,0.7529411764705882,-15.632378980367065,6.0
47,68,250.7321319580078,0.0,0.792156862745098,-14.820188370985006,4.0
47,69,235.37548828125,0.0,0.792156862745098,-13.483624757260655,6.0
47,70,227.96661376953125,0.0,0.8196078431372549,-11.953529180926513,3.0
47,71,314.4775085449219,0.0,0.7725490196078432,-12.526973401368265,4.0
47,72,269.6492919921875,0.0,0.6352941176470588,-12.064277959403235,5.0
47,73,259.42987060546875,0.0,0.47843137254901963,-12.391222532548689,4.0
47,74,247.40487670898438,0.0,0.42745098039215684,-13.711348495618376,5.0
47,75,204.73745727539062,0.0,0.6,-15.378670634057618,4.0
47,76,257.720703125,0.0,0.7137254901960784,-12.56488694034392,4.0
47,77,187.7366485595703,0.0,0.615686274509804,-13.687563325567002,4.0
47,78,266.6490173339844,0.0,0.5372549019607843,-13.696766387084676,4.0
47,79,140.14138793945312,0.0,0.4823529411764706,-15.534075492567077,4.0
47,80,117.6187973022461,0.0,0.3215686274509804,-11.973379399255142,4.0
47,81,145.42047119140625,0.0,0.24313725490196078,-14.716924554164194,5.0
47,82,137.49197387695312,0.0,0.27058823529411763,-13.511498488482935,4.0
47,83,106.26106262207031,0.0,0.3215686274509804,-12.397522232206617,5.0
47,84,270.200439453125,0.0,0.3333333333333333,-14.45116013196425,4.0
47,85,187.37646484375,0.0,0.42745098039215684,-12.374038234744955,3.0
47,86,102.89122009277344,0.003599999938160181,0.4196078431372549,-11.054617752649186,4.0
47,87,101.80562591552734,0.09880000352859497,0.3333333333333333,-10.999878473209225,5.0
47,88,165.4580841064453,0.009999999776482582,0.3568627450980392,-13.16680345532065,4.0
47,89,227.92759704589844,0.0,0.4196078431372549,-13.961943841281261,5.0
47,90,218.203369140625,0.002400000113993883,0.4980392156862745,-13.340152302834838,5.0
47,92,148.4061279296875,0.0,0.21176470588235294,-11.67437371781461,5.0
47,93,182.07080078125,0.0,0.16862745098039217,-11.17781239591547,4.0
47,94,162.93206787109375,0.11400000005960464,0.23921568627450981,-11.530020849793807,5.0
47,95,173.56610107421875,0.12559999525547028,0.34901960784313724,-12.874506368274563,4.0
47,96,176.8739471435547,0.0020000000949949026,0.5176470588235295,-12.020384790791148,5.0
47,97,199.2027587890625,0.09839999675750732,0.5058823529411764,-11.444272206579239,4.0
47,98,214.1080322265625,0.0,0.4470588235294118,-11.434957036584834,5.0
47,99,178.1359100341797,0.0,0.4980392156862745,-13.118118982792826,4.0
47,100,144.58360290527344,0.0,0.6352941176470588,-14.646345672482306,4.0
47,101,232.30087280273438,0.0,0.6549019607843137,-12.538058829364019,5.0
47,102,204.2325439453125,0.0,0.6196078431372549,-10.917037423042828,4.0
47,103,205.268798828125,0.0,0.6549019607843137,-14.54465391207089,5.0
47,104,217.6393585205078,0.20080000162124634,0.7411764705882353,-11.229565537660772,4.0
48,4,189.0671844482422,0.035599999129772186,0.5725490196078431,-12.316493139394954,5.0
48,5,186.30447387695312,0.0,0.6392156862745098,-10.729186397652036,4.0
48,6,255.29635620117188,0.0012000000569969416,0.5607843137254902,-13.088297193946817,6.0
48,7,199.29327392578125,0.0,0.44313725490196076,-11.947923860563382,4.0
48,8,175.08523559570312,0.0,0.4196078431372549,-12.029252925278016,5.0
48,9,269.50860595703125,0.04560000076889992,0.3803921568627451,-14.60714608515099,4.0
48,10,270.8226013183594,0.03799999877810478,0.4196078431372549,-12.594235037061958,5.0
48,11,274.2806091308594,0.0,0.49411764705882355,-13.004085690612747,4.0
48,12,285.4601135253906,0.0,0.6666666666666666,-11.567319242333745,4.0
48,13,249.5104522705078,0.0,0.5725490196078431,-10.424627665562586,5.0
48,14,202.90589904785156,0.0,0.4823529411764706,-12.02718586857674,4.0
48,15,220.87042236328125,0.0,0.5607843137254902,-11.488844979552674,4.0
48,16,240.87649536132812,0.0,0.6196078431372549,-14.895257543450697,4.0
48,17,251.35389709472656,0.0,0.6941176470588235,-13.57786644730189,4.0
48,18,225.8468017578125,0.0,0.7568627450980392,-12.628675713347327,5.0
48,19,264.0718994140625,0.0,0.7215686274509804,-11.612951533570769,4.0
48,20,281.07598876953125,0.0,0.7294117647058823,-12.708218490994273,6.0
48,21,303.5455322265625,0.00039999998989515007,0.7647058823529411,-12.62388275985203,4.0
48,22,249.00103759765625,0.0,0.8235294117647058,-12.17212077733322,5.0
48,23,304.8746032714844,0.0,0.9019607843137255,-12.58798411298504,4.0
48,24,312.7316589355469,0.0,0.9098039215686274,-10.557417050267468,5.0
48,25,278.8214416503906,0.0,0.9215686274509803,-12.143764515701472,4.0
48,26,287.1473083496094,0.041999999433755875,0.8901960784313725,-12.963494789209982,4.0
48,27,295.3327331542969,0.0,0.8156862745098039,-11.615912549089034,5.0
48,28,268.40850830078125,0.0,0.6470588235294118,-14.144214944754294,4.0
48,29,264.76385498046875,0.0,0.6549019607843137,-13.492551278665598,5.0
48,30,248.660888671875,0.0,0.8352941176470589,-15.558338609539371,4.0
48,31,222.03822326660156,0.0,0.9058823529411765,-12.01502565087457,5.0
48,32,310.4276428222656,0.030400000512599945,0.6862745098039216,-13.022066050058406,4.0
48,33,238.11691284179688,0.0015999999595806003,0.5529411764705883,-12.283791161257438,4.0
48,34,249.09104919433594,0.003599999938160181,0.4392156862745098,-16.241346297782425,3.0
48,35,250.75637817382812,0.0,0.4980392156862745,-13.720739444300937,5.0
48,36,314.8529968261719,0.0,0.5882352941176471,-13.967326699011739,5.0
48,37,254.5788116455078,0.0,0.5176470588235295,-14.16112161527122,5.0
48,38,225.17669677734375,0.0,0.4235294117647059,-15.819900574476957,5.0
48,39,317.6194763183594,0.01640000008046627,0.5411764705882353,-12.898561971689004,4.0
48,40,309.3993835449219,0.0,0.596078431372549,-12.128638301348378,5.0
48,41,284.4380798339844,0.0,0.5490196078431373,-13.78289997938414,4.0
48,42,247.11581420898438,0.0,0.596078431372549,-14.539561260113075,4.0
48,43,226.51388549804688,0.0,0.7725490196078432,-14.15501207352513,4.0
48,44,316.5693664550781,0.0,0.8470588235294118,-14.6543850924988,4.0
48,45,291.57037353515625,0.0,0.7294117647058823,-12.04016861581185,4.0
48,46,238.2252655029297,0.0,0.5254901960784314,-13.203266270564377,5.0
48,47,235.21310424804688,0.0,0.47843137254901963,-14.623348547355775,4.0
48,48,296.51031494140625,0.0,0.47843137254901963,-14.582471600184569,4.0
48,49,249.43392944335938,0.00039999998989515007,0.6352941176470588,-14.697095793101354,5.0
48,50,225.4796142578125,0.0,0.8392156862745098,-13.317311410220288,4.0
48,51,290.4147644042969,0.0,0.8274509803921568,-14.551661229295176,5.0
48,52,284.5170593261719,0.0,0.7607843137254902,-14.704640602506519,4.0
48,53,279.3800048828125,0.0,0.7725490196078432,-12.405622139482668,5.0
48,54,283.757080078125,0.0,0.6745098039215687,-12.166551949394746,4.0
48,55,267.22100830078125,0.0007999999797903001,0.5647058823529412,-12.056734269001144,5.0
48,56,252.7279510498047,0.0,0.5411764705882353,-10.707444905665529,4.0
48,57,304.5996398925781,0.0,0.5607843137254902,-11.477038485872582,3.0
48,58,247.0782012939453,0.0,0.5568627450980392,-12.00921258948208,4.0
48,59,265.6708984375,0.0,0.5450980392156862,-13.818178372254152,4.0
48,60,255.74774169921875,0.0,0.5529411764705883,-13.315284297661268,5.0
48,61,234.73739624023438,0.0,0.43137254901960786,-13.086624682520277,4.0
48,62,173.08746337890625,0.0,0.3137254901960784,-13.823068305080106,4.0
48,63,185.77444458007812,0.0,0.3333333333333333,-11.161353881179803,4.0
48,64,261.77923583984375,0.0,0.4196078431372549,-13.589582742161646,5.0
48,65,241.5360870361328,0.0,0.5294117647058824,-15.41066341213756,5.0
48,66,270.1175537109375,0.0,0.6196078431372549,-13.322096926294202,5.0
48,67,281.3857421875,0.0,0.6352941176470588,-12.195340314225254,5.0
48,68,305.6011962890625,0.0,0.7176470588235294,-11.663944327058896,4.0
48,69,254.4128875732422,0.00039999998989515007,0.796078431372549,-13.26333249585731,5.0
48,70,282.5414123535156,0.0,0.8666666666666667,-14.239331890189462,4.0
48,71,299.01361083984375,0.0,0.7607843137254902,-12.630262694489932,6.0
48,72,241.06991577148438,0.0,0.48627450980392156,-13.476003801915704,4.0
48,73,242.34280395507812,0.0,0.3607843137254902,-13.172818326689464,4.0
48,74,248.9248046875,0.0,0.43137254901960786,-11.221586494562006,3.0
48,75,289.50360107421875,0.0,0.5686274509803921,-11.700928129535537,4.0
48,76,221.5138397216797,0.0,0.6549019607843137,-10.712028802733183,5.0
48,77,286.3374938964844,0.0,0.6196078431372549,-12.032391139682952,4.0
48,78,216.55528259277344,0.0,0.6313725490196078,-11.941136876138271,5.0
48,79,189.41273498535156,0.0,0.6078431372549019,-14.116504751903376,4.0
48,80,116.12987518310547,0.0,0.37254901960784315,-16.028219580158513,6.0
48,81,129.71636962890625,0.0,0.22745098039215686,-12.600486328618029,4.0
48,82,101.16712951660156,0.0,0.18823529411764706,-14.21884872895915,5.0
48,83,83.16822052001953,0.0,0.22745098039215686,-11.295650319439599,3.0
48,84,192.0644073486328,0.0,0.2901960784313726,-11.267437901501047,3.0
48,85,222.30357360839844,0.04919999837875366,0.49019607843137253,-11.724181553632164,5.0
48,86,124.06997680664062,0.11559999734163284,0.49019607843137253,-10.577672524036865,4.0
48,87,158.33482360839844,0.07240000367164612,0.3137254901960784,-10.080956646932375,5.0
48,88,164.55921936035156,0.0,0.28627450980392155,-8.894804361307177,4.0
48,89,164.3421173095703,0.0,0.37254901960784315,-11.720124851156493,5.0
48,90,183.34864807128906,0.00559999980032444,0.48627450980392156,-12.27341876215646,4.0
48,91,166.3622283935547,0.046799998730421066,0.39215686274509803,-11.842779992877077,4.0
48,92,168.90884399414062,0.0,0.19607843137254902,-12.3612602888293,5.0
48,93,145.32400512695312,0.005200000014156103,0.1803921568627451,-11.583426894680183,4.0
48,94,171.5457763671875,0.1151999980211258,0.2784313725490196,-12.137353658588006,4.0
48,95,175.05198669433594,0.03880000114440918,0.3568627450980392,-10.965818174995206,4.0
48,96,161.68310546875,0.036400001496076584,0.43529411764705883,-11.629649248827256,6.0
48,97,140.81356811523438,0.22200000286102295,0.45098039215686275,-12.599164097474718,5.0
48,98,228.70668029785156,0.0,0.47843137254901963,-12.931235099563406,4.0
48,99,229.22340393066406,0.0,0.5294117647058824,-14.41329984714098,4.0
48,100,223.98081970214844,0.0,0.5686274509803921,-15.148282930096823,6.0
48,101,274.80169677734375,0.0,0.6039215686274509,-13.471201381940114,4.0
48,102,220.5946502685547,0.0,0.615686274509804,-12.826545004511697,4.0
48,103,179.10508728027344,0.0,0.6235294117647059,-11.980287693589569,5.0
48,104,182.57701110839844,0.23639999330043793,0.6901960784313725,-12.606903800712182,4.0
49,4,173.42437744140625,0.01119999960064888,0.5137254901960784,-14.756753291412636,5.0
49,5,183.49908447265625,0.0,0.43529411764705883,-12.047588844712156,4.0
49,6,183.89195251464844,0.0,0.36470588235294116,-13.96191436728044,5.0
49,7,219.2544403076172,0.0,0.4392156862745098,-13.379016606828966,4.0
49,8,172.74449157714844,0.0,0.49019607843137253,-10.266700285394405,4.0
49,9,234.019287109375,0.0020000000949949026,0.5176470588235295,-12.508401373759346,4.0
49,10,232.6084747314453,0.0,0.5882352941176471,-12.47093278328238,4.0
49,11,230.7543182373047,0.0,0.5607843137254902,-12.33721215002975,4.0
49,12,247.65855407714844,0.0,0.6470588235294118,-13.484134654171715,6.0
49,13,278.9306335449219,0.0,0.5607843137254902,-13.417011698949754,4.0
49,14,210.34556579589844,0.0,0.4980392156862745,-14.400865353781288,4.0
49,15,232.26458740234375,0.0,0.5843137254901961,-13.77007707397434,5.0
49,16,223.96072387695312,0.0,0.6039215686274509,-14.037186030837018,4.0
49,17,273.35186767578125,0.0,0.6588235294117647,-12.760062406110011,5.0
49,18,245.20164489746094,0.0,0.7372549019607844,-10.432437394603474,4.0
49,19,265.0302734375,0.0,0.6549019607843137,-11.725321245018954,5.0
49,20,191.971923828125,0.0,0.5254901960784314,-14.285081179355096,4.0
49,21,284.62646484375,0.0,0.5882352941176471,-13.040917002259075,6.0
49,22,233.1565399169922,0.0,0.596078431372549,-13.03168563604604,4.0
49,23,275.1223449707031,0.0,0.6,-13.437909986242225,5.0
49,24,316.8301696777344,0.0,0.7058823529411765,-12.041268655648508,4.0
49,25,289.75054931640625,0.0,0.8235294117647058,-11.21122530244306,4.0
49,26,228.32562255859375,0.0,0.7725490196078432,-11.970941481802042,5.0
49,27,263.1750793457031,0.0,0.7294117647058823,-12.574312969029176,4.0
49,28,265.6595153808594,0.0,0.7215686274509804,-13.44431126632747,5.0
49,29,284.27337646484375,0.0,0.6823529411764706,-12.29594126161228,5.0
49,30,297.6696472167969,0.0,0.7764705882352941,-14.643788504160355,5.0
49,31,272.5564880371094,0.0,0.7803921568627451,-13.216441113636028,5.0
49,32,332.1521911621094,0.0,0.6313725490196078,-13.223965629401782,3.0
49,33,241.09402465820312,0.0,0.5686274509803921,-13.122662298313827,5.0
49,34,276.58795166015625,0.0,0.4823529411764706,-14.669876742439744,4.0
49,35,296.3691711425781,0.0,0.49019607843137253,-13.981305704139867,5.0
49,36,195.361328125,0.0007999999797903001,0.5019607843137255,-13.911448801927639,4.0
49,37,196.4714813232422,0.0,0.4627450980392157,-15.432268996549547,6.0
49,38,276.0889587402344,0.004000000189989805,0.3607843137254902,-15.372704590949574,4.0
49,39,283.1927490234375,0.0,0.4549019607843137,-13.039226243218195,6.0
49,40,310.54998779296875,0.0,0.6352941176470588,-13.009473880577417,4.0
49,41,282.41546630859375,0.0,0.7450980392156863,-12.665403120635244,4.0
49,42,275.6800842285156,0.0,0.8156862745098039,-12.279606831386795,5.0
49,43,281.0430603027344,0.0,0.8666666666666667,-12.72214411404882,4.0
49,44,265.0150146484375,0.0,0.9019607843137255,-13.453315743891153,5.0
49,45,283.02081298828125,0.0,0.792156862745098,-13.851740958722642,4.0
49,46,255.7740020751953,0.0,0.611764705882353,-11.514172985028113,5.0
49,47,258.41937255859375,0.012400000356137753,0.5372549019607843,-13.865385088810813,4.0
49,48,318.74395751953125,0.01119999960064888,0.4392156862745098,-16.041007802729034,5.0
49,49,235.02980041503906,0.0,0.4745098039215686,-14.825337100296757,4.0
49,50,213.9106903076172,0.0,0.6313725490196078,-14.255527038739002,5.0
49,51,237.87551879882812,0.0,0.6509803921568628,-17.297065387723997,4.0
49,52,261.539794921875,0.0,0.6196078431372549,-15.017177522303607,4.0
49,53,263.97271728515625,0.0,0.6588235294117647,-13.181087009443962,5.0
49,54,260.77587890625,0.0,0.7333333333333333,-14.301722887308523,4.0
49,55,285.88311767578125,0.012000000104308128,0.8588235294117647,-12.216127132336322,3.0
49,56,259.5748291015625,0.0,0.8196078431372549,-12.664362199983909,4.0
49,57,304.7181396484375,0.0,0.6039215686274509,-13.683370497590419,5.0
49,58,250.9157257080078,0.0,0.5058823529411764,-13.423393800012606,4.0
49,59,236.08201599121094,0.0,0.5490196078431373,-13.08209093462276,4.0
49,60,200.77903747558594,0.0,0.5333333333333333,-14.41935227725126,3.0
49,61,235.84426879882812,0.0,0.49019607843137253,-13.611014639726607,4.0
49,62,231.4176025390625,0.0,0.4745098039215686,-14.461510279741516,5.0
49,63,217.5707244873047,0.0,0.4745098039215686,-11.87178004494385,4.0
49,64,172.02561950683594,0.0,0.47843137254901963,-14.894862717079647,6.0
49,65,261.8412780761719,0.0,0.5098039215686274,-15.877726015537878,4.0
49,66,284.189208984375,0.0,0.611764705882353,-13.355516832288895,5.0
49,67,248.7351531982422,0.0,0.592156862745098,-14.788933650422667,5.0
49,68,230.12640380859375,0.0,0.6,-10.661697325729794,5.0
49,69,260.61810302734375,0.003599999938160181,0.7098039215686275,-12.940385393215406,4.0
49,70,224.18414306640625,0.0,0.7686274509803922,-15.487938641236248,4.0
49,71,251.11676025390625,0.0,0.7647058823529411,-16.262032308236687,4.0
49,72,250.951171875,0.0,0.5450980392156862,-11.755405103438965,4.0
49,73,247.76046752929688,0.0,0.3803921568627451,-13.137419185265834,6.0
49,74,281.708740234375,0.0,0.49411764705882355,-11.487798572082335,4.0
49,75,286.8230285644531,0.0,0.592156862745098,-12.406372567236449,5.0
49,76,280.1987609863281,0.0,0.611764705882353,-11.27705684767172,4.0
49,77,272.5270080566406,0.0,0.596078431372549,-10.12865469435955,4.0
49,78,223.19418334960938,0.0,0.5725490196078431,-12.486327314875389,4.0
49,79,257.4037780761719,0.0,0.4823529411764706,-14.584201200178619,4.0
49,80,127.26945495605469,0.0,0.34509803921568627,-17.091825296516554,5.0
49,81,97.99586486816406,0.0,0.24705882352941178,-14.308515760619798,4.0
49,82,66.68404388427734,0.0,0.16862745098039217,-14.18123095373617,5.0
49,83,73.24091339111328,0.0,0.17647058823529413,-17.108257309855404,4.0
49,84,170.9564971923828,0.0015999999595806003,0.25098039215686274,-12.809397578021102,5.0
49,85,88.8533935546875,0.10760000348091125,0.4,-13.322037729655117,4.0
49,86,101.64752960205078,0.10440000146627426,0.4,-13.995386369519348,5.0
49,87,99.65258026123047,0.1695999950170517,0.30196078431372547,-10.848139384051441,4.0
49,88,123.7082748413086,0.10279999673366547,0.29411764705882354,-11.144348200820101,4.0
49,89,134.73912048339844,0.05000000074505806,0.3215686274509804,-12.171631498755515,5.0
49,90,153.11184692382812,0.0,0.37254901960784315,-14.642547483368642,4.0
49,91,166.1505889892578,0.0,0.3254901960784314,-14.655041256560118,6.0
49,92,154.01829528808594,0.0,0.25098039215686274,-12.578947543875572,4.0
49,93,146.06637573242188,0.0,0.2196078431372549,-14.087890203222798,5.0
49,94,154.949951171875,0.0,0.29411764705882354,-14.513071867541356,4.0
49,95,205.0752716064453,0.0,0.3411764705882353,-12.69260238450923,5.0
49,96,187.42507934570312,0.041200000792741776,0.3137254901960784,-10.03112601921642,4.0
49,97,169.43333435058594,0.01720000058412552,0.35294117647058826,-10.150579632854658,4.0
49,98,182.4257354736328,0.22920000553131104,0.4549019607843137,-11.121823610820112,5.0
49,99,204.8924102783203,0.0,0.49411764705882355,-12.456409099759998,4.0
49,100,164.2169647216797,0.019999999552965164,0.4235294117647059,-12.982714488084511,5.0
49,101,212.28265380859375,0.0,0.44313725490196076,-15.30848033898792,4.0
49,102,209.0625762939453,0.0,0.5372549019607843,-10.480368022668742,5.0
49,104,235.54995727539062,0.24799999594688416,0.5647058823529412,-14.324499195562385,5.0
50,4,213.4938507080078,0.036400001496076584,0.44313725490196076,-13.945147580115428,4.0
50,5,258.4493408203125,0.018400000408291817,0.43529411764705883,-14.886801977029073,5.0
50,6,237.9443359375,0.0,0.403921568627451,-15.08083726997915,4.0
50,7,227.28097534179688,0.00039999998989515007,0.5450980392156862,-10.789370224714963,5.0
50,8,197.96473693847656,0.0,0.4980392156862745,-14.142965275858415,5.0
50,9,299.2260437011719,0.0015999999595806003,0.4745098039215686,-11.689679959375654,4.0
50,10,226.57656860351562,0.0,0.4980392156862745,-13.139765338018112,5.0
50,11,193.40673828125,0.00559999980032444,0.5607843137254902,-12.522615849464131,4.0
50,12,182.0192413330078,0.0,0.6039215686274509,-13.67209424984554,5.0
50,13,185.45870971679688,0.0,0.615686274509804,-12.320030570820695,4.0
50,14,226.52659606933594,0.0,0.592156862745098,-14.521701519018897,6.0
50,15,188.1844940185547,0.0,0.592156862745098,-13.707701558043158,4.0
50,16,181.64913940429688,0.0,0.592156862745098,-13.568483081433643,5.0
50,17,265.6383361816406,0.0,0.5529411764705883,-13.086235167408542,4.0
50,18,303.853271484375,0.0,0.6274509803921569,-9.05367991699294,4.0
50,19,283.17437744140625,0.0,0.6,-10.76147954440275,5.0
50,20,271.2408142089844,0.0,0.5529411764705883,-13.232807197413187,4.0
50,21,216.70082092285156,0.0,0.592156862745098,-12.436842295085164,5.0
50,22,218.5085906982422,0.0,0.5372549019607843,-12.660538090806067,4.0
50,23,245.84286499023438,0.0,0.5058823529411764,-14.86652526777139,5.0
50,24,229.9479217529297,0.0,0.6196078431372549,-16.007324000151595,4.0
50,25,280.82598876953125,0.0,0.7058823529411765,-11.847730642290779,5.0
50,26,246.5537872314453,0.0,0.6431372549019608,-13.167366169833656,4.0
50,27,274.0316162109375,0.0,0.6352941176470588,-13.064183060405716,4.0
50,28,280.12713623046875,0.0,0.6901960784313725,-14.072264832703398,5.0
50,29,286.1089782714844,0.0,0.7215686274509804,-12.36322586454629,4.0
50,30,247.52664184570312,0.0,0.7294117647058823,-12.684952879196283,5.0
50,31,328.65203857421875,0.019600000232458115,0.7176470588235294,-12.905608991498593,4.0
50,32,301.0533752441406,0.0,0.6431372549019608,-14.019220451981866,6.0
50,33,265.5113220214844,0.0,0.6392156862745098,-12.739537939047105,3.0
50,34,249.42735290527344,0.0,0.6588235294117647,-11.667938582271349,5.0
50,35,277.0362548828125,0.0,0.615686274509804,-12.709541935854439,5.0
50,36,264.7660217285156,0.040800001472234726,0.615686274509804,-13.823144126255734,4.0
50,37,274.8843078613281,0.0,0.5568627450980392,-13.37172848304898,6.0
50,38,250.1895751953125,0.005200000014156103,0.47058823529411764,-12.799399799932782,4.0
50,39,253.13800048828125,0.0,0.5411764705882353,-13.619759419549155,5.0
50,40,303.1717834472656,0.0,0.7098039215686275,-10.889126233558489,4.0
50,41,319.1939392089844,0.0,0.7686274509803922,-12.059261211334407,6.0
50,42,325.20123291015625,0.0,0.7490196078431373,-13.772394445448434,4.0
50,43,234.42083740234375,0.0,0.8235294117647058,-13.276327267626026,5.0
50,44,289.4510803222656,0.0031999999191612005,0.8745098039215686,-11.607873395809385,4.0
50,45,253.9842071533203,0.0,0.8,-11.63938572141385,4.0
50,46,324.4389953613281,0.002400000113993883,0.6901960784313725,-14.236488817418827,4.0
50,47,326.8118591308594,0.007199999876320362,0.7529411764705882,-13.584201874967825,4.0
50,48,292.0009460449219,0.009200000204145908,0.6509803921568628,-14.056063844737816,6.0
50,49,279.80462646484375,0.012799999676644802,0.5215686274509804,-13.594021188522865,4.0
50,50,282.4952697753906,0.0,0.5215686274509804,-14.553612421869396,4.0
50,51,236.72154235839844,0.0,0.5254901960784314,-15.476624775847084,4.0
50,52,242.08750915527344,0.0,0.5568627450980392,-12.001606878748108,6.0
50,53,260.9111633300781,0.009600000455975533,0.5647058823529412,-14.147307948258911,4.0
50,54,235.1798095703125,0.0012000000569969416,0.7058823529411765,-13.247205552535036,4.0
50,55,287.4944152832031,0.0,0.9333333333333333,-13.262340976156162,5.0
50,56,255.8299560546875,0.0,0.8941176470588236,-11.461325668771797,4.0
50,57,327.86627197265625,0.0,0.6549019607843137,-9.879196745858165,5.0
50,58,271.9267578125,0.0,0.5019607843137255,-11.996432689087538,3.0
50,59,296.3510437011719,0.0,0.5098039215686274,-13.486441278204309,4.0
50,60,224.68966674804688,0.0,0.592156862745098,-12.662717563280781,4.0
50,61,256.3896484375,0.0,0.6274509803921569,-13.827293329862613,5.0
50,62,264.5159606933594,0.0,0.611764705882353,-12.110488504681916,4.0
50,63,258.62042236328125,0.0,0.5294117647058824,-10.707215620500145,5.0
50,64,213.0512237548828,0.0,0.45098039215686275,-13.565460469401087,4.0
50,65,245.9805145263672,0.0,0.43529411764705883,-14.163971637241406,4.0
50,66,232.78892517089844,0.0,0.592156862745098,-11.360244196585434,5.0
50,67,264.0321350097656,0.0,0.592156862745098,-13.31213113377298,4.0
50,68,225.55368041992188,0.0,0.6078431372549019,-12.499101164654231,6.0
50,69,243.11146545410156,0.0,0.6431372549019608,-11.863124511063646,4.0
50,70,227.86932373046875,0.0,0.6901960784313725,-14.503562416524161,5.0
50,71,222.60903930664062,0.0,0.6745098039215687,-14.57417903459703,4.0
50,72,193.19915771484375,0.0,0.4980392156862745,-12.394119491625656,4.0
50,73,233.87022399902344,0.0,0.42745098039215684,-15.430629065685924,5.0
50,74,234.9792022705078,0.0,0.5098039215686274,-14.491273279115461,4.0
50,75,296.693603515625,0.0,0.596078431372549,-13.303845556773947,4.0
50,76,331.3899230957031,0.0,0.5725490196078431,-13.206855473019194,3.0
50,77,251.11769104003906,0.0,0.4588235294117647,-8.266148275920937,5.0
50,78,187.1915740966797,0.0,0.35294117647058826,-13.675975519981149,4.0
50,79,208.01747131347656,0.0,0.2980392156862745,-13.69660884530849,5.0
50,80,136.30772399902344,0.0,0.2784313725490196,-14.932109486863483,4.0
50,81,110.96935272216797,0.0,0.27058823529411763,-12.930001267986205,4.0
50,82,142.9011993408203,0.0,0.22745098039215686,-13.59046711730534,4.0
50,83,95.12518310546875,0.0,0.19215686274509805,-12.670545520680957,4.0
50,84,142.5869140625,0.003599999938160181,0.21568627450980393,-12.476063566741676,4.0
50,85,72.7430419921875,0.0,0.26666666666666666,-13.450197665452672,4.0
50,86,66.7254409790039,0.0,0.2901960784313726,-13.963825537411577,5.0
50,87,75.6915512084961,0.0,0.29411764705882354,-14.919595754145188,4.0
50,88,80.9520034790039,0.0,0.35294117647058826,-13.949327829498255,5.0
50,89,123.86328125,0.03920000046491623,0.3686274509803922,-12.269520710759993,4.0
50,90,112.93389892578125,0.0,0.3568627450980392,-13.858613954705763,5.0
50,91,166.9263458251953,0.0,0.3686274509803922,-11.623658456456,4.0
50,92,137.91075134277344,0.0,0.35294117647058826,-11.127560589918273,4.0
50,93,130.87344360351562,0.14640000462532043,0.29411764705882354,-11.478218040907073,5.0
50,94,169.48777770996094,0.012000000104308128,0.28627450980392155,-11.636109894750115,4.0
50,95,199.253662109375,0.035999998450279236,0.25882352941176473,-11.231202167337035,5.0
50,96,140.62100219726562,0.17960000038146973,0.2196078431372549,-9.366425642870114,4.0
50,97,148.89552307128906,0.04839999973773956,0.26666666666666666,-12.69433736597385,5.0
50,98,167.36973571777344,0.026000000536441803,0.43529411764705883,-10.968451755077373,5.0
50,99,169.56283569335938,0.002400000113993883,0.5568627450980392,-11.38043129993508,4.0
50,100,126.61338806152344,0.024000000208616257,0.4392156862745098,-12.622017313408541,4.0
50,101,175.04086303710938,0.0,0.3764705882352941,-13.534957571992026,5.0
50,102,228.58290100097656,0.0,0.44313725490196076,-11.73538369704385,6.0
50,103,233.4455108642578,0.010400000028312206,0.49019607843137253,-10.02993736524904,4.0
51,4,159.7733612060547,0.0803999975323677,0.4117647058823529,-14.79025640799794,5.0
51,5,207.07232666015625,0.0,0.4,-14.039686564600036,6.0
51,6,249.2910919189453,0.0,0.4392156862745098,-14.95083706715116,4.0
51,7,222.05557250976562,0.0,0.5882352941176471,-11.994687774147653,5.0
51,8,226.81939697265625,0.0,0.4666666666666667,-13.18096293313779,4.0
51,9,220.34877014160156,0.01080000028014183,0.396078431372549,-13.291394287382909,5.0
51,10,158.88429260253906,0.14159999787807465,0.4,-16.097400095027325,4.0
51,11,201.29397583007812,0.0012000000569969416,0.5137254901960784,-11.511548967773768,4.0
51,12,275.9586486816406,0.0,0.6078431372549019,-12.85210562003278,5.0
51,13,235.3750457763672,0.0,0.6431372549019608,-12.257529209012858,4.0
51,14,244.43190002441406,0.0,0.5333333333333333,-13.134003191217282,5.0
51,15,245.40682983398438,0.0,0.5058823529411764,-13.251039750303681,4.0
51,16,272.8636779785156,0.0,0.5647058823529412,-12.722572673265402,5.0
51,17,225.30625915527344,0.0,0.48627450980392156,-15.682859526238103,4.0
51,18,277.1013488769531,0.0,0.5411764705882353,-14.522007199344216,7.0
51,19,280.31024169921875,0.0,0.6235294117647059,-10.586601299408025,5.0
51,20,290.7226867675781,0.0,0.6627450980392157,-10.619287834354502,5.0
51,21,245.64657592773438,0.0,0.796078431372549,-12.244873452805516,4.0
51,22,294.80316162109375,0.0,0.7529411764705882,-13.41509474370338,4.0
51,23,211.47120666503906,0.0,0.6235294117647059,-13.052275379702166,5.0
51,24,244.21868896484375,0.0,0.6588235294117647,-15.424398498898544,5.0
51,25,302.29718017578125,0.0015999999595806003,0.6784313725490196,-12.491283436807478,5.0
51,26,248.64254760742188,0.0,0.7411764705882353,-12.139367986811928,4.0
51,27,307.8039245605469,0.0,0.7803921568627451,-13.789483557690883,5.0
51,28,321.5600891113281,0.0,0.7333333333333333,-12.570974823877389,4.0
51,29,262.8502197265625,0.0,0.6509803921568628,-13.699751249250976,5.0
51,30,303.91436767578125,0.0,0.6627450980392157,-12.024545349944063,3.0
51,31,292.1405334472656,0.0,0.6470588235294118,-12.316030813627696,4.0
51,32,289.376953125,0.0,0.6196078431372549,-11.340197258707418,4.0
51,33,269.9836120605469,0.0,0.6705882352941176,-10.853687700362276,4.0
51,34,313.3846740722656,0.0,0.8313725490196079,-11.922055987932097,5.0
51,35,311.71124267578125,0.0,0.8,-14.726397443212297,4.0
51,36,267.6128234863281,0.0,0.7686274509803922,-11.477529604999336,5.0
51,37,281.3524169921875,0.0,0.6352941176470588,-12.564279162129653,4.0
51,38,305.9103698730469,0.0,0.5647058823529412,-13.950029332839609,5.0
51,39,270.04345703125,0.0,0.5882352941176471,-14.160548843663744,4.0
51,40,263.4425354003906,0.0,0.6509803921568628,-13.470713923506416,5.0
51,41,358.21856689453125,0.0851999968290329,0.6549019607843137,-15.62408858926226,4.0
51,42,198.58865356445312,0.0,0.5450980392156862,-14.683850424805778,4.0
51,43,258.1775817871094,0.0,0.5568627450980392,-14.712417859836,6.0
51,44,262.1578674316406,0.0,0.6862745098039216,-11.30970190234983,4.0
51,45,289.83038330078125,0.0,0.6745098039215687,-14.017036966427598,5.0
51,46,218.51905822753906,0.0,0.7019607843137254,-15.410465588818784,4.0
51,47,283.94049072265625,0.0,0.8470588235294118,-15.850995099832259,5.0
51,48,301.58587646484375,0.0,0.796078431372549,-12.497671996857713,4.0
51,49,307.87762451171875,0.0,0.615686274509804,-12.612931776295408,4.0
51,50,290.09124755859375,0.0,0.4745098039215686,-12.010661760591486,5.0
51,51,253.43809509277344,0.0,0.49411764705882355,-14.584852246613458,4.0
51,52,260.16259765625,0.0,0.5882352941176471,-13.487556655894512,4.0
51,53,314.57049560546875,0.0,0.5568627450980392,-15.556619427702508,5.0
51,54,239.3892364501953,0.0,0.6392156862745098,-16.943136146637666,5.0
51,55,210.9844207763672,0.0,0.6588235294117647,-16.34692235747679,4.0
51,56,274.99310302734375,0.0,0.611764705882353,-12.125793026968182,4.0
51,57,276.8168029785156,0.0,0.5803921568627451,-10.263306800877617,4.0
51,58,297.5975341796875,0.0,0.5215686274509804,-11.847190987369167,4.0
51,59,258.34259033203125,0.0,0.5764705882352941,-12.388130445813808,5.0
51,60,231.74533081054688,0.0,0.7019607843137254,-11.988984603056885,4.0
51,61,335.92889404296875,0.0,0.7333333333333333,-12.737988609558224,5.0
51,62,257.84954833984375,0.0,0.6627450980392157,-10.594337880516873,3.0
51,63,267.21533203125,0.0,0.49019607843137253,-11.421854749258449,4.0
51,64,191.77206420898438,0.0,0.4470588235294118,-12.069718350794066,4.0
51,65,234.1635284423828,0.0,0.4549019607843137,-14.37666816301088,5.0
51,66,258.1960754394531,0.0,0.6901960784313725,-14.640168790169415,5.0
51,67,268.0834045410156,0.0,0.7607843137254902,-13.632746807101025,5.0
51,68,260.3670654296875,0.0,0.6784313725490196,-13.56648114514256,4.0
51,69,289.2798156738281,0.0,0.6,-13.05809190519372,5.0
51,70,243.98422241210938,0.0,0.5294117647058824,-13.739383243253847,3.0
51,71,215.6580047607422,0.0,0.403921568627451,-14.095051040284886,4.0
51,72,155.86639404296875,0.0,0.3843137254901961,-14.058382120250897,5.0
51,73,194.21878051757812,0.0,0.42745098039215684,-15.09044218584452,4.0
51,74,249.64312744140625,0.0,0.5098039215686274,-15.88602815498949,5.0
51,75,289.82098388671875,0.0,0.7019607843137254,-12.980212695970973,5.0
51,76,273.81304931640625,0.0,0.6196078431372549,-13.042151396736358,5.0
51,77,257.9637451171875,0.0,0.3843137254901961,-13.194920691216709,4.0
51,78,184.8308868408203,0.0,0.24705882352941178,-12.210563039324672,4.0
51,79,189.55706787109375,0.0,0.27450980392156865,-11.11024569894613,5.0
51,80,164.57424926757812,0.014800000004470348,0.30196078431372547,-12.739454085471625,4.0
51,81,137.4105682373047,0.0,0.2823529411764706,-11.888337661189494,5.0
51,82,179.09523010253906,0.0,0.29411764705882354,-10.867711212958886,4.0
51,83,186.20098876953125,0.0,0.28627450980392155,-12.996273680397,5.0
51,84,197.6905975341797,0.0,0.23529411764705882,-11.183509335946765,4.0
51,85,160.3688201904297,0.0,0.21176470588235294,-11.253774779209389,4.0
51,86,135.03903198242188,0.0,0.27058823529411763,-11.559499205747299,3.0
51,87,80.69123840332031,0.0,0.3607843137254902,-11.60668991608184,5.0
51,88,97.14473724365234,0.0015999999595806003,0.42745098039215684,-11.851016310552504,5.0
51,89,164.64501953125,0.0,0.4196078431372549,-12.971277042454636,5.0
51,90,181.39505004882812,0.058800000697374344,0.40784313725490196,-10.797130037742475,4.0
51,91,192.00111389160156,0.02160000056028366,0.39215686274509803,-15.062186162852694,4.0
51,92,143.4354248046875,0.05400000140070915,0.38823529411764707,-12.26911688161957,6.0
51,93,130.0591583251953,0.12759999930858612,0.35294117647058826,-12.029339695126971,4.0
51,94,142.63412475585938,0.10360000282526016,0.3176470588235294,-12.655846404017305,4.0
51,95,148.5655059814453,0.0,0.27450980392156865,-9.041862867142044,5.0
51,96,171.24398803710938,0.025599999353289604,0.20392156862745098,-10.248748499224847,4.0
51,97,169.09779357910156,0.0,0.20784313725490197,-11.807205805258292,5.0
51,98,158.56222534179688,0.0,0.3686274509803922,-10.904213892143366,4.0
51,99,148.87356567382812,0.0,0.5843137254901961,-12.711194873046477,5.0
51,100,121.46347045898438,0.12960000336170197,0.4980392156862745,-14.082427925982,4.0
51,101,187.09384155273438,0.10999999940395355,0.4627450980392157,-13.788298212652194,5.0
51,102,203.16998291015625,0.0,0.4745098039215686,-15.273640735477032,4.0
51,103,252.33175659179688,0.0,0.49411764705882355,-13.72017416385762,4.0
51,104,237.95286560058594,0.0012000000569969416,0.5254901960784314,-9.45249602218982,5.0
52,4,124.41529846191406,0.1444000005722046,0.5333333333333333,-12.900128866512826,5.0
52,5,118.44683837890625,0.0,0.41568627450980394,-15.549727647784566,4.0
52,6,242.55271911621094,0.005200000014156103,0.4117647058823529,-13.643547366027684,4.0
52,7,271.2521667480469,0.0,0.5058823529411764,-11.869474992788218,5.0
52,8,269.2883605957031,0.006800000090152025,0.4666666666666667,-12.402183832158947,4.0
52,9,222.09469604492188,0.0031999999191612005,0.4745098039215686,-10.430973384996921,5.0
52,10,182.86495971679688,0.12520000338554382,0.4392156862745098,-13.396349601956603,4.0
52,11,230.1742706298828,0.0,0.5450980392156862,-12.879534533531427,6.0
52,12,258.5976867675781,0.0,0.6941176470588235,-11.150085863283529,4.0
52,13,177.8651580810547,0.0,0.6509803921568628,-11.853947101003985,5.0
52,14,181.5882568359375,0.0,0.5490196078431373,-11.866735270053837,4.0
52,15,199.79830932617188,0.0,0.5294117647058824,-13.796959489269518,5.0
52,16,281.2862854003906,0.0,0.6039215686274509,-13.015222991012397,5.0
52,17,247.01211547851562,0.0,0.5411764705882353,-13.048235260676053,4.0
52,18,292.0010986328125,0.0,0.47058823529411764,-14.155517484974025,5.0
52,19,269.1894836425781,0.0,0.6313725490196078,-12.855538799285068,4.0
52,20,274.16290283203125,0.0,0.8352941176470589,-10.198616727138049,5.0
52,21,270.6524963378906,0.0,0.9647058823529412,-12.778731121910742,4.0
52,22,361.1083984375,0.0,0.8941176470588236,-10.277782555790013,5.0
52,23,275.39544677734375,0.0,0.7215686274509804,-12.97639095248041,4.0
52,24,245.56149291992188,0.0,0.7098039215686275,-13.62715846671086,4.0
52,25,267.9609375,0.00559999980032444,0.7490196078431373,-15.671840427663557,6.0
52,26,345.23699951171875,0.0,0.8627450980392157,-13.78470976033914,5.0
52,27,318.2576599121094,0.0,0.9450980392156862,-12.793837371537155,4.0
52,28,332.144775390625,0.0,0.8431372549019608,-12.374502576497113,4.0
52,29,273.1848449707031,0.0,0.6745098039215687,-11.944244852459278,4.0
52,30,290.7297058105469,0.0,0.6313725490196078,-11.610785589586177,4.0
52,31,274.17681884765625,0.0,0.596078431372549,-12.987929153161751,5.0
52,32,281.1660461425781,0.0,0.5686274509803921,-14.557730026541822,3.0
52,33,274.2362060546875,0.0,0.5490196078431373,-12.6566874248753,4.0
52,34,233.6204833984375,0.0,0.6470588235294118,-14.019033206937927,5.0
52,35,245.6797637939453,0.0,0.6745098039215687,-14.681087071197494,5.0
52,36,249.34170532226562,0.0,0.6470588235294118,-14.68479231036412,5.0
52,37,246.32281494140625,0.0,0.49019607843137253,-13.411344713454561,4.0
52,38,271.0648498535156,0.0,0.4549019607843137,-11.96325271840114,6.0
52,39,211.68191528320312,0.0,0.5176470588235295,-13.817934145893606,4.0
52,40,228.07887268066406,0.0,0.5686274509803921,-15.268045404196869,5.0
52,41,315.9949035644531,0.0,0.6039215686274509,-15.78842507394571,4.0
52,42,204.76217651367188,0.0,0.5019607843137255,-17.295535063528177,4.0
52,43,318.45745849609375,0.0007999999797903001,0.47058823529411764,-14.573158790599853,4.0
52,44,279.9696960449219,0.0007999999797903001,0.5647058823529412,-12.74949455703305,4.0
52,45,248.39834594726562,0.0,0.6078431372549019,-12.810584716582822,5.0
52,46,264.41845703125,0.0,0.6,-14.57596907266785,5.0
52,47,281.89056396484375,0.0,0.7215686274509804,-13.701650878559802,4.0
52,48,248.69671630859375,0.014800000004470348,0.7843137254901961,-16.07764821009704,5.0
52,49,295.8657531738281,0.0,0.7450980392156863,-13.924474826709524,6.0
52,50,286.4659118652344,0.0,0.6,-10.894211569582195,4.0
52,51,299.0885925292969,0.0568000003695488,0.5725490196078431,-13.411681627828031,4.0
52,52,274.3069763183594,0.00800000037997961,0.6431372549019608,-16.999712929299463,4.0
52,53,302.0322570800781,0.0,0.6627450980392157,-13.376808133216588,4.0
52,54,250.65721130371094,0.12520000338554382,0.6549019607843137,-14.341269527166578,5.0
52,55,263.2118835449219,0.008799999952316284,0.5372549019607843,-13.762369865487056,4.0
52,56,293.45245361328125,0.0,0.5490196078431373,-11.570565731579341,6.0
52,57,286.4346923828125,0.0,0.6196078431372549,-13.21269375005637,4.0
52,58,259.8063659667969,0.0,0.6352941176470588,-10.325901750360371,5.0
52,59,334.3516845703125,0.0,0.6196078431372549,-8.431247166584125,4.0
52,60,292.3744201660156,0.0,0.6235294117647059,-13.394841060203714,4.0
52,61,251.30833435058594,0.0,0.6549019607843137,-11.45564341436906,3.0
52,62,219.1196746826172,0.0,0.6431372549019608,-13.040113317391937,4.0
52,63,255.2868194580078,0.0,0.6235294117647059,-14.139524912236094,5.0
52,64,257.5796813964844,0.0,0.6196078431372549,-14.065861579031287,4.0
52,65,259.5233154296875,0.0,0.5490196078431373,-12.86507891445911,6.0
52,66,335.80206298828125,0.0,0.6274509803921569,-16.30798540442994,4.0
52,67,281.5525817871094,0.0,0.7333333333333333,-15.355946123261731,5.0
52,68,214.90365600585938,0.0,0.6274509803921569,-12.505946077623463,4.0
52,69,290.9570617675781,0.0,0.5137254901960784,-14.788073207686312,4.0
52,70,245.60316467285156,0.0,0.4470588235294118,-13.296218225759402,5.0
52,71,267.4516296386719,0.0,0.37254901960784315,-12.815577995142071,4.0
52,72,245.057373046875,0.0,0.3803921568627451,-11.472810822281453,5.0
52,73,143.57183837890625,0.0,0.41568627450980394,-14.71425269678069,4.0
52,74,207.82107543945312,0.0,0.5490196078431373,-14.099534775489598,4.0
52,75,244.49624633789062,0.0,0.6588235294117647,-12.366787712551051,4.0
52,76,203.0644073486328,0.0,0.5450980392156862,-13.323839824466363,4.0
52,77,239.3255157470703,0.0,0.3764705882352941,-11.318396534198987,4.0
52,78,188.94692993164062,0.0,0.25098039215686274,-12.193629510651373,5.0
52,79,160.3495635986328,0.0,0.25098039215686274,-10.752127791214319,4.0
52,80,125.0999526977539,0.0,0.29411764705882354,-12.061878383688391,4.0
52,81,150.4099884033203,0.0012000000569969416,0.2823529411764706,-10.959246040022638,5.0
52,82,177.53909301757812,0.009600000455975533,0.27058823529411763,-12.653765197630024,4.0
52,83,142.2190399169922,0.0,0.25882352941176473,-12.827884049362847,5.0
52,84,195.30508422851562,0.06199999898672104,0.24705882352941178,-14.634804836748458,3.0
52,85,202.7250213623047,0.0,0.21568627450980393,-12.45230883001587,5.0
52,86,153.0488739013672,0.004000000189989805,0.2549019607843137,-11.792171422809712,4.0
52,88,95.3758773803711,0.00279999990016222,0.42745098039215684,-13.974621125272552,4.0
52,89,138.98074340820312,0.0020000000949949026,0.3803921568627451,-12.489271881536608,4.0
52,90,144.0723419189453,0.164000004529953,0.3764705882352941,-11.821154277967823,5.0
52,91,129.9743194580078,0.00279999990016222,0.3176470588235294,-14.045684819760837,4.0
52,92,183.30245971679688,0.0,0.28627450980392155,-13.151972308622732,5.0
52,93,117.91819763183594,0.05559999868273735,0.32941176470588235,-12.591436829341095,4.0
52,94,134.28489685058594,0.03759999945759773,0.3568627450980392,-10.983700194528755,5.0
52,95,139.42129516601562,0.0,0.35294117647058826,-14.178147887742194,4.0
52,96,129.43743896484375,0.0,0.22745098039215686,-14.807871508640932,5.0
52,97,153.10494995117188,0.0,0.18823529411764706,-12.188971685748463,4.0
52,98,142.45143127441406,0.06840000301599503,0.28627450980392155,-12.636832430165157,5.0
52,99,132.2982177734375,0.004800000227987766,0.396078431372549,-10.80445287618194,5.0
52,100,144.0107879638672,0.02759999968111515,0.396078431372549,-12.293040551785504,4.0
52,101,140.43540954589844,0.06639999896287918,0.4549019607843137,-14.594062447099212,5.0
52,102,186.54141235351562,0.09880000352859497,0.5176470588235295,-18.68523822953054,4.0
52,103,234.57911682128906,0.0,0.5294117647058824,-14.541804431742113,5.0
52,104,232.6260223388672,0.0020000000949949026,0.5450980392156862,-11.195597667773873,4.0
53,4,113.69420623779297,0.18440000712871552,0.47843137254901963,-13.160460331023568,5.0
53,5,90.45542907714844,0.08879999816417694,0.4549019607843137,-12.931176735102403,5.0
53,6,150.9261016845703,0.03880000114440918,0.4235294117647059,-11.101780096272865,5.0
53,8,245.27618408203125,0.05719999969005585,0.3764705882352941,-10.035325914013844,4.0
53,9,160.24806213378906,0.21359999477863312,0.43529411764705883,-11.49973495103534,4.0
53,10,173.4845733642578,0.1459999978542328,0.4745098039215686,-12.230305871463507,4.0
53,11,239.4915008544922,0.0,0.5568627450980392,-12.940216704001855,5.0
53,12,261.5068054199219,0.0,0.6,-12.929621540226897,5.0
53,13,231.06407165527344,0.0,0.49411764705882355,-12.936366870995125,4.0
53,14,210.1392822265625,0.0,0.5019607843137255,-13.660788371879775,5.0
53,15,251.0723419189453,0.0,0.5764705882352941,-12.623271878896912,5.0
53,16,199.6651611328125,0.0,0.6549019607843137,-12.41358155967163,5.0
53,17,239.2433319091797,0.0,0.7019607843137254,-12.527611353369487,4.0
53,18,194.57510375976562,0.0,0.6039215686274509,-13.897634903437872,5.0
53,19,267.453857421875,0.0,0.6823529411764706,-16.802278749066964,4.0
53,20,265.9953918457031,0.0,0.8941176470588236,-12.919297502203467,5.0
53,21,266.52130126953125,0.0,0.8705882352941177,-9.42024946072999,4.0
53,22,266.2989807128906,0.0,0.6901960784313725,-11.57497220702657,5.0
53,23,250.6131134033203,0.0,0.6549019607843137,-13.717936085027993,4.0
53,24,254.4430694580078,0.0,0.7843137254901961,-14.67061690705398,5.0
53,25,262.8409423828125,0.0,0.8862745098039215,-14.839964402497438,4.0
53,26,257.53973388671875,0.0,0.8941176470588236,-14.819101528276795,5.0
53,27,322.8148193359375,0.0,0.8156862745098039,-10.178554616171267,5.0
53,28,286.1613464355469,0.0,0.7215686274509804,-12.361185354519469,5.0
53,29,256.39093017578125,0.0,0.6352941176470588,-13.774406867220994,4.0
53,30,254.64825439453125,0.0,0.592156862745098,-14.198929382857541,4.0
53,31,335.2726135253906,0.0,0.5764705882352941,-13.007702224925378,5.0
53,32,219.01394653320312,0.0,0.47058823529411764,-11.755692014937882,4.0
53,33,178.55516052246094,0.0,0.48627450980392156,-15.481733290104135,5.0
53,34,236.6597900390625,0.0,0.5568627450980392,-13.45901451736767,4.0
53,35,279.9791564941406,0.0,0.5254901960784314,-14.561086287433735,5.0
53,36,286.6330261230469,0.0,0.5098039215686274,-13.312594199614473,6.0
53,37,193.50668334960938,0.0,0.4666666666666667,-12.87582951475682,5.0
53,38,279.7091064453125,0.0,0.5607843137254902,-11.102489681639858,4.0
53,39,288.72406005859375,0.009999999776482582,0.611764705882353,-10.200657014199566,4.0
53,40,258.3981628417969,0.013199999928474426,0.592156862745098,-13.794114023343093,5.0
53,41,224.73016357421875,0.0,0.6313725490196078,-13.165528426874555,4.0
53,42,280.93798828125,0.0,0.6431372549019608,-13.869130428169086,5.0
53,43,245.90243530273438,0.0,0.6509803921568628,-12.959805828934435,4.0
53,44,271.8307800292969,0.0,0.7529411764705882,-12.325963919286673,5.0
53,45,200.52830505371094,0.0,0.7764705882352941,-13.320191418210603,4.0
53,46,274.0418701171875,0.0,0.6784313725490196,-11.680393523137205,5.0
53,47,247.82131958007812,0.0,0.6823529411764706,-13.387432813679876,5.0
53,48,273.6492614746094,0.0,0.8274509803921568,-16.5543455944728,4.0
53,49,232.6563262939453,0.0,0.8784313725490196,-13.347329856531562,5.0
53,50,375.449951171875,0.0,0.803921568627451,-12.129293841624358,4.0
53,51,280.051025390625,0.01360000018030405,0.7764705882352941,-10.36520776966752,5.0
53,52,281.3755798339844,0.0,0.7176470588235294,-16.245922782238843,4.0
53,53,344.848388671875,0.0,0.6980392156862745,-17.268066206235634,3.0
53,54,286.2032165527344,0.0,0.7137254901960784,-12.959725603133174,5.0
53,55,284.8125915527344,0.0,0.6823529411764706,-11.620501023341339,4.0
53,56,294.9905090332031,0.0,0.5647058823529412,-13.497073515622715,5.0
53,57,282.2422790527344,0.0,0.5372549019607843,-12.774967769026851,5.0
53,58,288.05596923828125,0.0,0.5529411764705883,-12.310169577954523,4.0
53,59,291.3531799316406,0.0,0.5490196078431373,-10.788882655073502,3.0
53,60,344.7001647949219,0.00039999998989515007,0.48627450980392156,-9.90114173121484,5.0
53,61,257.39227294921875,0.0,0.5411764705882353,-11.163919532135907,4.0
53,62,254.7755126953125,0.0,0.6470588235294118,-12.737460802779895,5.0
53,63,253.5419464111328,0.0,0.6470588235294118,-14.958550389442927,4.0
53,64,262.51397705078125,0.0,0.6313725490196078,-11.675860069975325,4.0
53,65,180.8981475830078,0.0,0.5725490196078431,-13.340733426494896,4.0
53,66,244.28787231445312,0.0,0.49411764705882355,-12.348975003914052,5.0
53,67,245.7357940673828,0.01720000058412552,0.6352941176470588,-12.95656911048614,5.0
53,68,204.72152709960938,0.011599999852478504,0.6588235294117647,-13.324989335842819,4.0
53,69,293.8384094238281,0.0,0.5137254901960784,-12.83449437888617,6.0
53,70,264.2899475097656,0.0,0.47843137254901963,-12.63504267871858,4.0
53,71,276.22882080078125,0.0,0.5137254901960784,-11.816592946901173,4.0
53,72,311.612060546875,0.0,0.5019607843137255,-12.264334853546533,3.0
53,73,264.21234130859375,0.0,0.45098039215686275,-10.36136759045772,4.0
53,74,164.65524291992188,0.0,0.45098039215686275,-13.32032637216718,5.0
53,75,197.19491577148438,0.0,0.4745098039215686,-15.94565170052195,4.0
53,76,268.32666015625,0.05400000140070915,0.4392156862745098,-16.276073167065096,4.0
53,77,229.70236206054688,0.0,0.40784313725490196,-12.50258646463936,4.0
53,78,213.06802368164062,0.08320000022649765,0.2980392156862745,-9.022134146948806,4.0
53,79,159.2992401123047,0.11680000275373459,0.23137254901960785,-9.202692789506363,4.0
53,81,144.9685516357422,0.06759999692440033,0.25882352941176473,-10.606126021071653,4.0
53,82,163.9310760498047,0.0,0.21176470588235294,-14.509557594685257,4.0
53,83,127.95503234863281,0.15760000050067902,0.2235294117647059,-10.906826281319509,5.0
53,84,138.4019012451172,0.05400000140070915,0.26666666666666666,-12.224687112008157,4.0
53,85,221.19229125976562,0.0,0.24705882352941178,-12.608014796408744,5.0
53,86,179.52731323242188,0.029999999329447746,0.26666666666666666,-14.021493788611119,4.0
53,88,100.88549041748047,0.0,0.4745098039215686,-14.574532331738101,5.0
53,89,101.90608215332031,0.07440000027418137,0.40784313725490196,-12.570175505683647,5.0
53,90,138.0361785888672,0.13279999792575836,0.3215686274509804,-10.198194999873852,4.0
53,91,151.1914825439453,0.0,0.23529411764705882,-11.454824429626868,5.0
53,92,152.30215454101562,0.0,0.17647058823529413,-11.245415934278801,5.0
53,93,159.45025634765625,0.020400000736117363,0.20392156862745098,-12.91220744094289,4.0
53,94,161.21670532226562,0.004399999976158142,0.26666666666666666,-10.834335276710018,4.0
53,95,159.3524627685547,0.0,0.32941176470588235,-11.251228547951724,4.0
53,96,130.40179443359375,0.1143999993801117,0.23921568627450981,-11.469989626703088,4.0
53,97,134.06716918945312,0.0,0.16862745098039217,-12.595005339630422,5.0
53,98,134.62100219726562,0.0,0.17647058823529413,-11.006014095907183,4.0
53,99,136.474365234375,0.0,0.23137254901960785,-12.26537286466412,4.0
53,100,142.85128784179688,0.23240000009536743,0.29411764705882354,-10.986731526987407,5.0
53,101,144.5396728515625,0.09120000153779984,0.4117647058823529,-12.261419540274122,4.0
53,103,124.62699890136719,0.01720000058412552,0.5215686274509804,-12.625480507985628,6.0
53,104,87.58513641357422,0.0,0.4823529411764706,-11.961777549905673,4.0
54,5,174.50164794921875,0.003599999938160181,0.4980392156862745,-10.745770772595238,4.0
54,6,197.8017120361328,0.0,0.41568627450980394,-9.699751497664536,5.0
54,7,205.90536499023438,0.0,0.30980392156862746,-15.227315399028441,4.0
54,8,158.4283905029297,0.0031999999191612005,0.26666666666666666,-10.924991373157283,6.0
54,9,171.07313537597656,0.18440000712871552,0.34509803921568627,-12.604160357922067,4.0
54,10,211.21914672851562,0.0860000029206276,0.5058823529411764,-11.7404157208406,5.0
54,11,206.1580047607422,0.0,0.5686274509803921,-12.473748760653248,4.0
54,12,187.0401153564453,0.00039999998989515007,0.5019607843137255,-14.25802264529609,5.0
54,13,218.9083709716797,0.0,0.403921568627451,-12.408434258941623,5.0
54,14,251.9567108154297,0.0,0.4666666666666667,-13.864724910190828,4.0
54,15,252.77200317382812,0.0,0.6196078431372549,-13.519857948840233,5.0
54,16,236.45928955078125,0.0,0.6862745098039216,-10.87157880548973,4.0
54,17,262.5080871582031,0.0,0.7450980392156863,-11.368521407718479,5.0
54,18,191.2069854736328,0.0,0.7098039215686275,-14.065279803349869,4.0
54,19,235.4141082763672,0.0,0.6313725490196078,-11.357209360127454,6.0
54,20,231.0378875732422,0.0,0.6235294117647059,-13.59632467127567,6.0
54,21,314.3395080566406,0.0015999999595806003,0.6039215686274509,-14.428404852506658,4.0
54,22,271.4216003417969,0.0,0.4666666666666667,-15.75124168796388,4.0
54,23,241.76402282714844,0.0,0.4745098039215686,-14.73348688313054,4.0
54,24,184.69699096679688,0.0,0.6941176470588235,-14.682423590838967,6.0
54,25,268.89019775390625,0.0,0.8666666666666667,-11.830793971132788,4.0
54,26,253.6119842529297,0.0,0.8588235294117647,-12.069747618701722,5.0
54,27,270.5841369628906,0.0,0.7254901960784313,-10.901044750231923,4.0
54,28,260.2322692871094,0.0,0.6666666666666666,-12.53884392425514,4.0
54,29,253.7378692626953,0.0,0.5647058823529412,-13.870925676319555,4.0
54,30,299.7606201171875,0.0012000000569969416,0.5254901960784314,-12.85077856929749,5.0
54,31,214.54315185546875,0.0,0.5764705882352941,-11.136943277043706,4.0
54,32,195.95176696777344,0.0,0.48627450980392156,-11.488841363184685,4.0
54,33,244.23619079589844,0.0,0.5803921568627451,-12.676200596239415,5.0
54,34,240.6956787109375,0.0,0.6588235294117647,-14.410245941877715,4.0
54,35,251.68479919433594,0.0,0.5529411764705883,-14.905483860588939,5.0
54,36,306.2337646484375,0.0,0.5568627450980392,-13.172644044698629,4.0
54,37,287.1507568359375,0.0,0.6235294117647059,-12.9998726250757,5.0
54,38,304.2774353027344,0.0,0.7098039215686275,-12.087913503680834,4.0
54,39,342.6709899902344,0.0,0.6745098039215687,-12.08097022674558,5.0
54,40,261.99139404296875,0.0,0.611764705882353,-10.817110339701951,4.0
54,41,256.87530517578125,0.0,0.6235294117647059,-14.705093100149615,4.0
54,42,265.9473876953125,0.0,0.7294117647058823,-14.434632724307662,5.0
54,43,264.62420654296875,0.0012000000569969416,0.8,-13.334114180389868,5.0
54,44,258.65679931640625,0.0,0.8,-12.93395195411522,4.0
54,45,261.8504943847656,0.0,0.7843137254901961,-10.978369615205281,4.0
54,46,270.3114929199219,0.0,0.6745098039215687,-12.962697159876571,4.0
54,47,269.9534606933594,0.0,0.592156862745098,-13.936598904124374,4.0
54,48,303.88623046875,0.0,0.788235294117647,-14.24960359096022,5.0
54,49,246.38748168945312,0.0,0.8784313725490196,-11.854847820075802,5.0
54,50,288.4061279296875,0.0,0.807843137254902,-11.278875270890044,4.0
54,51,303.13336181640625,0.04639999940991402,0.6666666666666666,-10.507994124170242,5.0
54,52,255.99835205078125,0.09160000085830688,0.5529411764705883,-14.816717650766236,4.0
54,53,241.4088134765625,0.0,0.6352941176470588,-15.27994474070896,6.0
54,54,288.5946960449219,0.0,0.7529411764705882,-11.67589253287641,4.0
54,55,261.8758850097656,0.03400000184774399,0.7176470588235294,-12.853999747193793,5.0
54,56,206.54885864257812,0.0,0.5372549019607843,-14.626402228118152,4.0
54,57,259.0722351074219,0.0,0.47058823529411764,-13.19981579451489,5.0
54,58,233.34742736816406,0.0,0.5294117647058824,-12.703948634317406,5.0
54,59,256.6835632324219,0.0,0.5411764705882353,-14.815753932974285,4.0
54,60,283.11444091796875,0.0,0.4470588235294118,-11.509482764220177,5.0
54,61,266.9179992675781,0.0,0.47058823529411764,-10.36257830176675,4.0
54,62,253.64395141601562,0.0,0.5725490196078431,-13.046781591290163,3.0
54,63,275.3763732910156,0.0,0.6,-13.379093928680117,4.0
54,64,203.4909210205078,0.0,0.6274509803921569,-15.634614365569192,5.0
54,65,285.8594665527344,0.0,0.6392156862745098,-15.328477949279886,4.0
54,66,240.37913513183594,0.0,0.5333333333333333,-14.450177750369866,5.0
54,67,254.35084533691406,0.0,0.5803921568627451,-15.145484566330701,5.0
54,68,233.86026000976562,0.0,0.6784313725490196,-14.739133003625007,5.0
54,69,231.17344665527344,0.0,0.6078431372549019,-12.193915144540329,5.0
54,70,273.6912841796875,0.0,0.615686274509804,-10.709590837632499,4.0
54,71,301.3753356933594,0.0,0.6745098039215687,-12.361409603141698,4.0
54,72,332.053466796875,0.0,0.5803921568627451,-12.573298271755293,4.0
54,73,295.0231628417969,0.0,0.4196078431372549,-12.086175922267204,5.0
54,74,239.12222290039062,0.0,0.29411764705882354,-13.785991133584247,3.0
54,75,128.75926208496094,0.01720000058412552,0.3333333333333333,-12.865909802043824,4.0
54,76,152.67884826660156,0.1316000074148178,0.37254901960784315,-12.45085629149661,5.0
54,79,158.56845092773438,0.17800000309944153,0.24705882352941178,-12.241396544648957,4.0
54,80,144.39674377441406,0.21960000693798065,0.24313725490196078,-12.617968073113348,5.0
54,81,120.49333953857422,0.15240000188350677,0.25882352941176473,-12.171813803881362,4.0
54,82,168.23207092285156,0.0012000000569969416,0.2627450980392157,-12.204116635344862,5.0
54,83,162.31678771972656,0.0,0.28627450980392155,-10.224597116467702,5.0
54,84,147.16629028320312,0.004399999976158142,0.2901960784313726,-14.907096305559115,4.0
54,85,203.47119140625,0.0,0.3058823529411765,-13.034063229385795,4.0
54,86,189.62905883789062,0.00039999998989515007,0.3137254901960784,-13.200033522742437,4.0
54,87,71.97724151611328,0.0007999999797903001,0.3843137254901961,-11.440203320924303,4.0
54,88,70.91703033447266,0.0,0.43137254901960786,-17.148356156093428,4.0
54,89,92.22702026367188,0.11479999870061874,0.39215686274509803,-11.04533203976413,5.0
54,90,91.57329559326172,0.0,0.27450980392156865,-12.787192484002778,4.0
54,91,154.7678985595703,0.0,0.21176470588235294,-12.15294213204741,5.0
54,92,120.02686309814453,0.0,0.16470588235294117,-13.397634743855757,4.0
54,93,156.05760192871094,0.07479999959468842,0.17254901960784313,-12.401067339680507,5.0
54,94,156.28857421875,0.0007999999797903001,0.23921568627450981,-11.028767776267085,5.0
54,95,168.803466796875,0.0,0.2784313725490196,-11.399094368968886,4.0
54,96,163.21405029296875,0.0,0.21568627450980393,-11.930417386774636,5.0
54,97,141.465087890625,0.0,0.13725490196078433,-8.07827995487399,4.0
54,98,156.40452575683594,0.019200000911951065,0.11764705882352941,-10.897835501370412,5.0
54,99,169.93252563476562,0.011599999852478504,0.16862745098039217,-12.319593472275729,4.0
54,100,169.89828491210938,0.01679999940097332,0.2627450980392157,-12.246291325007654,6.0
54,101,148.23941040039062,0.008799999952316284,0.3843137254901961,-11.966230589782077,4.0
54,102,138.08734130859375,0.14560000598430634,0.4980392156862745,-11.420331371871624,5.0
54,103,142.33184814453125,0.04960000142455101,0.4666666666666667,-15.32273624675851,4.0
54,104,108.48799896240234,0.0,0.396078431372549,-13.416778940421318,4.0
55,4,235.79800415039062,0.012799999676644802,0.5372549019607843,-10.757276566244947,5.0
55,5,255.35910034179688,0.0,0.5019607843137255,-11.380484111509364,4.0
55,6,226.49339294433594,0.05400000140070915,0.40784313725490196,-12.734712034596189,4.0
55,7,210.0427703857422,0.0007999999797903001,0.2980392156862745,-11.806553024900692,4.0
55,8,155.33773803710938,0.041600000113248825,0.24313725490196078,-13.221399516640295,4.0
55,9,148.67747497558594,0.0,0.3254901960784314,-12.585527927761591,4.0
55,10,166.85293579101562,0.006399999838322401,0.5411764705882353,-13.796873796552758,5.0
55,11,200.8376007080078,0.0,0.6431372549019608,-14.348736264733116,5.0
55,12,281.12506103515625,0.0,0.6784313725490196,-13.760610050115897,5.0
55,13,298.92919921875,0.0,0.6313725490196078,-15.221660914465359,5.0
55,14,262.8594665527344,0.0,0.5803921568627451,-13.756550548920355,5.0
55,15,287.5078430175781,0.0,0.596078431372549,-11.964089333483276,4.0
55,16,259.7687072753906,0.0,0.6470588235294118,-13.184338210837158,4.0
55,17,209.40774536132812,0.0,0.5882352941176471,-12.62855358861583,5.0
55,18,249.2209014892578,0.0,0.47843137254901963,-15.802135379765083,4.0
55,19,204.16387939453125,0.0,0.43137254901960786,-11.090520962248632,5.0
55,20,186.84104919433594,0.0,0.4196078431372549,-15.284071352424746,4.0
55,21,212.30772399902344,0.0,0.4823529411764706,-12.894999641024697,5.0
55,22,283.3740539550781,0.0,0.43137254901960786,-10.739836268816237,4.0
55,23,265.4431457519531,0.0,0.4627450980392157,-12.34053865825926,5.0
55,24,273.1448974609375,0.0020000000949949026,0.5764705882352941,-15.128449954718196,4.0
55,25,252.8507080078125,0.00279999990016222,0.7450980392156863,-13.829695731137983,5.0
55,26,284.39501953125,0.0,0.8784313725490196,-14.427716039096236,5.0
55,27,342.1817321777344,0.0,0.8117647058823529,-14.431812608998095,4.0
55,28,286.5599060058594,0.0,0.7058823529411765,-11.313048431847907,5.0
55,29,269.0577087402344,0.0,0.6509803921568628,-14.174060193110718,3.0
55,30,291.6274108886719,0.0,0.5686274509803921,-13.09574009826587,4.0
55,31,169.68496704101562,0.0,0.5450980392156862,-14.418257727904852,4.0
55,32,324.9635925292969,0.0,0.5764705882352941,-15.042736473137277,5.0
55,33,261.3842468261719,0.0,0.6627450980392157,-13.409620434817056,5.0
55,34,272.6457214355469,0.0,0.611764705882353,-17.27091603527367,5.0
55,35,266.1264343261719,0.004000000189989805,0.5058823529411764,-12.98581639464432,6.0
55,36,274.2272644042969,0.0,0.6431372549019608,-11.777910285360914,4.0
55,37,229.82830810546875,0.0,0.7411764705882353,-11.75299641398463,4.0
55,38,264.1342468261719,0.0,0.803921568627451,-13.306332365027114,4.0
55,39,311.0061340332031,0.003599999938160181,0.6862745098039216,-12.176224370971799,4.0
55,40,267.0027770996094,0.0031999999191612005,0.611764705882353,-11.102851567049111,4.0
55,41,268.747314453125,0.0,0.5882352941176471,-14.457011135071266,5.0
55,42,206.1961669921875,0.0,0.6823529411764706,-16.554051431264593,4.0
55,43,247.44479370117188,0.0,0.7372549019607844,-17.277443540245287,5.0
55,44,303.2370300292969,0.0,0.6549019607843137,-13.920646722138624,5.0
55,45,259.64764404296875,0.0,0.7333333333333333,-12.1576391697037,4.0
55,46,252.89627075195312,0.0,0.6431372549019608,-13.467750024739297,4.0
55,47,237.17678833007812,0.0,0.5019607843137255,-14.00134221715486,5.0
55,48,192.21031188964844,0.0,0.6666666666666666,-13.660444883371753,6.0
55,49,248.13327026367188,0.0,0.7803921568627451,-14.139824735761124,4.0
55,50,305.0172424316406,0.002400000113993883,0.7450980392156863,-14.584330147328778,5.0
55,51,301.3605651855469,0.004800000227987766,0.5843137254901961,-11.364521262806962,4.0
55,52,249.49456787109375,0.014399999752640724,0.5058823529411764,-12.722904752906576,4.0
55,53,226.3787078857422,0.0,0.6313725490196078,-14.330084576660319,4.0
55,54,263.7829895019531,0.0,0.6862745098039216,-11.999362010851316,4.0
55,55,252.29637145996094,0.0,0.5803921568627451,-13.138580661376311,5.0
55,56,268.4692077636719,0.0,0.5098039215686274,-14.66067948814873,5.0
55,57,258.2246398925781,0.0,0.5490196078431373,-13.835033687297265,5.0
55,58,251.7894744873047,0.0,0.7098039215686275,-14.429258163886551,4.0
55,59,223.7060546875,0.0,0.7215686274509804,-14.624530203638086,5.0
55,60,225.63006591796875,0.0,0.5176470588235295,-13.194555031632994,4.0
55,61,261.73175048828125,0.0,0.5215686274509804,-12.620239511225165,4.0
55,62,270.2948303222656,0.0,0.6039215686274509,-13.23927866066157,5.0
55,63,292.368408203125,0.0,0.6274509803921569,-13.59924691863801,4.0
55,64,258.7940979003906,0.0,0.6431372549019608,-12.687420138204468,5.0
55,65,240.46617126464844,0.0,0.6196078431372549,-14.269708974444153,4.0
55,66,191.7340545654297,0.0,0.6078431372549019,-16.11693406214451,4.0
55,67,271.9958801269531,0.0,0.6823529411764706,-13.85831765339524,5.0
55,68,274.7095947265625,0.0,0.7411764705882353,-11.736272241739584,5.0
55,69,263.57342529296875,0.006399999838322401,0.7568627450980392,-10.563593660539887,4.0
55,70,268.739013671875,0.0,0.7450980392156863,-11.557624802895043,5.0
55,71,255.4543914794922,0.0,0.6784313725490196,-13.158404581901134,5.0
55,72,215.73312377929688,0.0,0.49019607843137253,-14.165619469462687,4.0
55,73,244.7084503173828,0.0,0.3215686274509804,-12.741590527459481,4.0
55,74,203.41207885742188,0.0,0.22745098039215686,-11.296755323555075,4.0
55,75,108.68683624267578,0.10679999738931656,0.27058823529411763,-14.252319210526089,5.0
55,77,143.2705078125,0.1451999992132187,0.3176470588235294,-13.14009230936132,5.0
55,78,167.11863708496094,0.12439999729394913,0.2901960784313726,-14.352119312939578,4.0
55,79,124.26178741455078,0.04520000144839287,0.21176470588235294,-14.37087299091659,4.0
55,80,156.72532653808594,0.047600001096725464,0.2196078431372549,-14.416893119641191,4.0
55,81,143.1141815185547,0.09399999678134918,0.2823529411764706,-12.737204851861419,4.0
55,82,198.9776153564453,0.0,0.36470588235294116,-12.299682894970971,5.0
55,83,174.44906616210938,0.0,0.34901960784313724,-10.385961344712918,4.0
55,84,165.79119873046875,0.0,0.30196078431372547,-12.607618332611292,5.0
55,85,141.13546752929688,0.0,0.3137254901960784,-13.905122188645237,4.0
55,86,183.2130584716797,0.0,0.34509803921568627,-11.848633709889043,5.0
55,87,142.35450744628906,0.009200000204145908,0.37254901960784315,-11.574066284939683,4.0
55,88,96.7845458984375,0.0,0.39215686274509803,-14.098687982321456,5.0
55,89,122.75389862060547,0.0,0.4,-11.997907436009228,4.0
55,90,85.91726684570312,0.0,0.3137254901960784,-10.634495924163222,4.0
55,91,141.47018432617188,0.00800000037997961,0.26666666666666666,-11.75301718098453,5.0
55,92,194.01622009277344,0.0,0.23921568627450981,-10.929877088731661,4.0
55,93,194.74490356445312,0.052799999713897705,0.2235294117647059,-9.147636824545117,5.0
55,94,174.05886840820312,0.10199999809265137,0.23137254901960785,-12.311619744896753,4.0
55,95,191.36456298828125,0.007199999876320362,0.24313725490196078,-14.084994435321246,5.0
55,96,140.77691650390625,0.0020000000949949026,0.21568627450980393,-13.14730775679388,4.0
55,97,167.43411254882812,0.05959999933838844,0.17647058823529413,-10.25070214488552,4.0
55,98,171.50143432617188,0.019200000911951065,0.17254901960784313,-10.665061277738124,4.0
55,99,145.15074157714844,0.012400000356137753,0.1843137254901961,-11.71477233857604,4.0
55,100,169.91937255859375,0.15839999914169312,0.23921568627450981,-13.473784771152514,5.0
55,101,174.94921875,0.0272000003606081,0.33725490196078434,-14.329612488326244,4.0
55,103,140.22398376464844,0.16760000586509705,0.4588235294117647,-13.19908934364761,5.0
55,104,143.501708984375,0.00039999998989515007,0.37254901960784315,-13.534461753878226,6.0
56,2,156.6175537109375,0.10279999673366547,0.5529411764705883,-13.981051225687535,3.0
56,4,222.1378936767578,0.046799998730421066,0.4745098039215686,-13.12994905885478,4.0
56,5,174.367431640625,0.0,0.43529411764705883,-14.945241683961825,5.0
56,8,160.6256561279297,0.15839999914169312,0.2823529411764706,-14.79769752127182,4.0
56,9,114.7424087524414,0.00559999980032444,0.3215686274509804,-13.023774739122283,5.0
56,10,121.03209686279297,0.0,0.48627450980392156,-13.329791422609826,5.0
56,11,171.5231475830078,0.0,0.6,-14.674208877009711,4.0
56,12,245.38638305664062,0.020800000056624413,0.7411764705882353,-13.88549217550938,5.0
56,13,249.85829162597656,0.0,0.7372549019607844,-13.675676874158086,4.0
56,14,262.0508728027344,0.0,0.5647058823529412,-13.94986419355247,5.0
56,15,268.8000183105469,0.0,0.5254901960784314,-12.881411824562733,5.0
56,16,218.21986389160156,0.0,0.5411764705882353,-14.862420682911907,6.0
56,17,289.3249816894531,0.0,0.41568627450980394,-12.309510577642293,4.0
56,18,207.61520385742188,0.0,0.2980392156862745,-13.057361858747129,5.0
56,19,256.2925720214844,0.0,0.3058823529411765,-13.016999420374109,5.0
56,20,232.07705688476562,0.0,0.43137254901960786,-15.174006249257667,4.0
56,21,257.8844299316406,0.0,0.5803921568627451,-11.054792469827992,5.0
56,22,258.49822998046875,0.0,0.592156862745098,-11.908016240331012,3.0
56,23,257.54998779296875,0.0,0.5529411764705883,-11.0766754819156,4.0
56,24,255.58506774902344,0.007600000128149986,0.5450980392156862,-13.019603007160086,4.0
56,25,222.98171997070312,0.007600000128149986,0.6627450980392157,-11.695599374703667,5.0
56,26,239.03392028808594,0.0,0.7686274509803922,-13.732341823226264,4.0
56,27,273.7058410644531,0.0,0.6901960784313725,-13.502315166757786,6.0
56,28,382.2557373046875,0.0,0.6784313725490196,-11.6775613713975,4.0
56,29,313.4741516113281,0.0,0.6941176470588235,-11.538192223451409,4.0
56,30,264.3214111328125,0.0,0.5803921568627451,-14.327130600038721,5.0
56,31,216.4548797607422,0.0,0.5058823529411764,-13.438954464813701,4.0
56,32,225.67178344726562,0.0,0.6431372549019608,-12.657171427285796,5.0
56,33,267.1802062988281,0.0,0.7490196078431373,-12.840180914812208,4.0
56,34,320.103515625,0.0,0.5490196078431373,-14.4994128356568,5.0
56,35,231.5059814453125,0.0,0.5294117647058824,-12.327439231042401,4.0
56,36,232.0390167236328,0.0,0.7372549019607844,-13.715888536376987,5.0
56,37,233.83274841308594,0.0,0.8588235294117647,-12.997786418456855,5.0
56,38,247.23548889160156,0.0,0.8431372549019608,-13.68253241380639,4.0
56,39,263.4730529785156,0.0,0.7490196078431373,-11.984388087179802,6.0
56,40,249.93161010742188,0.0,0.5843137254901961,-15.114500707658916,4.0
56,41,233.5998992919922,0.0,0.5529411764705883,-14.70038367411454,4.0
56,42,216.75357055664062,0.0,0.6745098039215687,-13.468644347068281,4.0
56,43,248.0496826171875,0.0,0.7333333333333333,-15.706304015658334,4.0
56,44,285.70404052734375,0.0,0.6352941176470588,-14.353470417706502,5.0
56,45,321.36724853515625,0.0,0.6235294117647059,-12.589803312241273,5.0
56,46,224.52207946777344,0.0,0.5411764705882353,-14.21026675456347,4.0
56,47,167.69723510742188,0.0,0.47058823529411764,-15.52245051764684,4.0
56,48,260.8390197753906,0.024000000208616257,0.5450980392156862,-14.380311925407694,5.0
56,49,239.8302764892578,0.002400000113993883,0.6196078431372549,-13.542526637476728,5.0
56,50,284.4020690917969,0.00800000037997961,0.592156862745098,-14.955498222654384,5.0
56,51,206.10284423828125,0.006399999838322401,0.5607843137254902,-13.782737415405206,4.0
56,52,270.8473815917969,0.0,0.5882352941176471,-11.49939013465537,4.0
56,53,296.0589294433594,0.0,0.6039215686274509,-11.680579418820475,4.0
56,54,218.3729248046875,0.0,0.5372549019607843,-11.705452754632422,5.0
56,55,215.2958221435547,0.0,0.4235294117647059,-14.361628655497098,4.0
56,56,250.7432861328125,0.0,0.4627450980392157,-14.895630879576396,5.0
56,57,206.73880004882812,0.0,0.6392156862745098,-14.875373527465413,5.0
56,58,302.8333435058594,0.0,0.8549019607843137,-12.457379067361355,4.0
56,59,247.7796173095703,0.0,0.7176470588235294,-12.616230293860312,5.0
56,60,163.37879943847656,0.0,0.47843137254901963,-12.791453526620739,4.0
56,61,265.11517333984375,0.0,0.5490196078431373,-11.285100755048088,6.0
56,62,267.18182373046875,0.0,0.596078431372549,-10.167157206357466,4.0
56,63,254.58975219726562,0.0,0.6509803921568628,-11.129801343166498,4.0
56,64,269.2810363769531,0.0,0.596078431372549,-10.414032438439275,3.0
56,65,251.35646057128906,0.0,0.6470588235294118,-11.091066375694831,4.0
56,66,249.78863525390625,0.0,0.7411764705882353,-13.181719324083378,5.0
56,67,247.7159423828125,0.0,0.8,-15.195335598293532,4.0
56,68,281.71453857421875,0.0,0.803921568627451,-12.964757622161194,6.0
56,69,208.85374450683594,0.0,0.7725490196078432,-12.644596080874946,5.0
56,70,248.82032775878906,0.0,0.7568627450980392,-14.08236942024015,4.0
56,71,309.9007873535156,0.0,0.6078431372549019,-13.11693924571113,4.0
56,72,239.3225860595703,0.0,0.403921568627451,-11.604842766112567,5.0
56,73,215.63623046875,0.0,0.2901960784313726,-13.249347223443557,4.0
56,74,168.17408752441406,0.006000000052154064,0.27058823529411763,-13.694575266475653,3.0
56,75,188.6284637451172,0.0868000015616417,0.27450980392156865,-13.44147659013311,4.0
56,76,167.6230926513672,0.15240000188350677,0.2549019607843137,-10.78366651899168,4.0
56,77,119.12366485595703,0.017999999225139618,0.26666666666666666,-13.539253444307587,5.0
56,78,165.5463104248047,0.008799999952316284,0.24705882352941178,-16.100422665635175,4.0
56,79,142.26983642578125,0.2003999948501587,0.1607843137254902,-14.955173765139598,5.0
56,80,144.40826416015625,0.17399999499320984,0.16862745098039217,-11.609023017361839,4.0
56,81,174.24624633789062,0.2011999934911728,0.2627450980392157,-12.494155170355265,5.0
56,82,189.1838836669922,0.06840000301599503,0.33725490196078434,-14.353595739122113,4.0
56,83,184.67056274414062,0.0,0.32941176470588235,-13.004608912682066,5.0
56,84,175.76995849609375,0.0,0.3215686274509804,-13.23411485701752,5.0
56,85,175.60650634765625,0.0,0.396078431372549,-13.969471767189088,4.0
56,86,174.17410278320312,0.06080000102519989,0.4549019607843137,-11.017459861277597,4.0
56,87,174.1990203857422,0.03759999945759773,0.41568627450980394,-13.554350226834364,4.0
56,88,161.55174255371094,0.0,0.3607843137254902,-13.216813440453114,4.0
56,89,111.55810546875,0.0,0.34901960784313724,-10.885272801797894,4.0
56,90,104.05716705322266,0.0,0.3411764705882353,-13.133926498087718,6.0
56,91,184.029296875,0.012000000104308128,0.2823529411764706,-11.815178293628037,4.0
56,92,184.3206329345703,0.1379999965429306,0.25098039215686274,-12.730096646262172,5.0
56,93,148.59934997558594,0.11400000005960464,0.2627450980392157,-10.559815971117208,5.0
56,94,172.27256774902344,0.07400000095367432,0.25098039215686274,-10.42901485093177,4.0
56,95,198.5502471923828,0.09080000221729279,0.25882352941176473,-11.692573661616187,5.0
56,96,150.45925903320312,0.042399998754262924,0.27450980392156865,-11.005302802606803,4.0
56,97,158.75379943847656,0.05000000074505806,0.27450980392156865,-12.560283428869997,5.0
56,98,155.6768341064453,0.0,0.3137254901960784,-12.742491543601888,4.0
56,99,161.8386688232422,0.0,0.27450980392156865,-12.708386865787597,5.0
56,101,138.9165496826172,0.14959999918937683,0.3254901960784314,-12.406639752166267,5.0
56,102,144.9589385986328,0.10119999945163727,0.3843137254901961,-14.211079971787107,5.0
56,103,159.1506805419922,0.01759999990463257,0.4117647058823529,-14.363768474991229,4.0
56,104,175.83030700683594,0.05920000001788139,0.34901960784313724,-12.65100510739644,5.0
57,2,101.25773620605469,0.051600001752376556,0.48627450980392156,-14.275111321862699,5.0
57,3,84.49164581298828,0.10119999945163727,0.48627450980392156,-12.501135146939387,4.0
57,4,186.84365844726562,0.004800000227987766,0.4,-12.559600022726592,4.0
57,5,211.01168823242188,0.05079999938607216,0.3764705882352941,-17.137638447608726,6.0
57,8,200.35552978515625,0.23559999465942383,0.5333333333333333,-14.540426125584009,4.0
57,9,189.8306884765625,0.04320000112056732,0.5058823529411764,-14.421319420063517,5.0
57,10,238.76544189453125,0.0,0.5215686274509804,-12.739494101669074,4.0
57,11,218.9180908203125,0.0,0.49411764705882355,-14.269282203385673,5.0
57,12,238.65745544433594,0.0,0.5215686274509804,-12.878978578382394,4.0
57,13,227.2463836669922,0.0,0.48627450980392156,-13.921805626097623,5.0
57,14,146.52310180664062,0.0,0.41568627450980394,-14.153032756488521,5.0
57,15,204.57009887695312,0.0,0.43529411764705883,-16.103363662111658,4.0
57,16,241.779052734375,0.0,0.4196078431372549,-16.607594489816183,5.0
57,17,198.26876831054688,0.0,0.36470588235294116,-12.404009399942659,4.0
57,18,220.6851806640625,0.0,0.3215686274509804,-11.770550177138565,5.0
57,19,268.71173095703125,0.0,0.39215686274509803,-11.454133482970562,4.0
57,20,257.8562316894531,0.0,0.592156862745098,-14.285180006507954,5.0
57,21,238.40086364746094,0.0,0.6431372549019608,-10.66014676052131,5.0
57,22,252.10037231445312,0.0,0.6627450980392157,-10.819097410614656,4.0
57,23,276.9287109375,0.0,0.6196078431372549,-11.03696675876618,5.0
57,24,212.5808563232422,0.0,0.5764705882352941,-11.135487996298679,4.0
57,25,312.7898864746094,0.07400000095367432,0.6666666666666666,-13.857232882518106,4.0
57,26,309.739990234375,0.013199999928474426,0.5568627450980392,-12.958947020917718,5.0
57,27,269.9912109375,0.0,0.4549019607843137,-11.85085816327672,4.0
57,28,262.1341857910156,0.0,0.5215686274509804,-12.896588815950158,5.0
57,29,266.0329284667969,0.01600000075995922,0.5490196078431373,-14.297350249841141,5.0
57,30,200.26797485351562,0.0,0.49411764705882355,-14.701053238259101,4.0
57,31,180.2373046875,0.0,0.5098039215686274,-14.622269701648083,4.0
57,32,272.58294677734375,0.0,0.6549019607843137,-13.021109334363084,5.0
57,33,271.06787109375,0.0,0.6705882352941176,-11.105846458638878,5.0
57,34,261.3748474121094,0.009200000204145908,0.6196078431372549,-10.458731049894727,5.0
57,35,275.41357421875,0.019600000232458115,0.7137254901960784,-10.404833855068262,4.0
57,36,255.74391174316406,0.0,0.8313725490196079,-12.6729370343411,5.0
57,37,232.36834716796875,0.0,0.8235294117647058,-14.928396978124024,4.0
57,38,277.78253173828125,0.0,0.8352941176470589,-13.569190853490294,5.0
57,39,305.0181884765625,0.0,0.7098039215686275,-11.488486730812863,4.0
57,40,257.0980529785156,0.0,0.47843137254901963,-12.503062715255291,5.0
57,41,249.91342163085938,0.0,0.49411764705882355,-12.451467194947439,5.0
57,42,257.1044006347656,0.0,0.6509803921568628,-12.667261978913515,4.0
57,43,295.735107421875,0.0,0.7647058823529411,-11.993652062181566,5.0
57,44,253.60594177246094,0.0,0.7019607843137254,-13.268038365233553,4.0
57,45,258.0101013183594,0.004000000189989805,0.5803921568627451,-11.023011956794381,5.0
57,46,207.13552856445312,0.00039999998989515007,0.5098039215686274,-13.814528441574128,4.0
57,47,189.8238067626953,0.0,0.5215686274509804,-13.200302916198975,5.0
57,48,228.33193969726562,0.0,0.6470588235294118,-15.38965479044204,5.0
57,49,291.0916442871094,0.0,0.6745098039215687,-15.10866715139882,4.0
57,50,237.93710327148438,0.0,0.5803921568627451,-12.906543761040503,6.0
57,51,242.13360595703125,0.0020000000949949026,0.6666666666666666,-13.192933863981086,4.0
57,52,280.30413818359375,0.0,0.7058823529411765,-10.471126166415118,5.0
57,53,256.2518310546875,0.0,0.6431372549019608,-10.267123549268957,3.0
57,54,239.7689208984375,0.0,0.4980392156862745,-12.11898876214666,4.0
57,55,207.45399475097656,0.0,0.34509803921568627,-15.973946793748645,4.0
57,56,194.66110229492188,0.0,0.403921568627451,-13.570986080747057,5.0
57,57,222.0126495361328,0.0,0.611764705882353,-13.89659450246846,4.0
57,58,210.20703125,0.0,0.7607843137254902,-12.102766744282608,6.0
57,59,262.1421203613281,0.0,0.6078431372549019,-12.344674712084124,4.0
57,60,215.22991943359375,0.0,0.4470588235294118,-14.901305386134876,4.0
57,61,215.00177001953125,0.0,0.4588235294117647,-12.89214145775949,5.0
57,62,205.0515899658203,0.0,0.5098039215686274,-12.537632570456307,4.0
57,63,249.2162322998047,0.0,0.5607843137254902,-12.519553848145346,6.0
57,64,275.5863342285156,0.0,0.5294117647058824,-11.073738597550873,4.0
57,65,230.47055053710938,0.0,0.7058823529411765,-11.597887088017004,5.0
57,66,246.1748809814453,0.0,0.8274509803921568,-12.008305447132503,4.0
57,67,249.90345764160156,0.0,0.7019607843137254,-13.925682329707076,4.0
57,68,258.0102233886719,0.0,0.611764705882353,-13.902315919264293,5.0
57,69,229.75820922851562,0.0,0.6039215686274509,-15.389525969134088,4.0
57,70,209.94554138183594,0.0,0.6078431372549019,-12.242775037460621,5.0
57,71,289.5078430175781,0.0,0.49019607843137253,-11.872521449663294,4.0
57,72,247.3626251220703,0.0,0.3333333333333333,-12.442531096551159,4.0
57,73,195.10057067871094,0.0,0.27058823529411763,-14.455107580421927,4.0
57,74,133.60928344726562,0.0,0.23921568627450981,-13.876475632671594,5.0
57,75,137.66746520996094,0.04479999840259552,0.2235294117647059,-15.935562776259488,4.0
57,76,154.41629028320312,0.04960000142455101,0.23137254901960785,-13.27368486479523,5.0
57,77,160.65867614746094,0.0,0.23921568627450981,-12.93663903962239,4.0
57,78,144.79428100585938,0.0,0.24705882352941178,-13.801100354845486,4.0
57,79,126.92357635498047,0.0015999999595806003,0.2235294117647059,-15.007732776560363,5.0
57,80,157.541748046875,0.11400000005960464,0.20784313725490197,-11.100190300343314,5.0
57,81,159.68699645996094,0.09120000153779984,0.2549019607843137,-12.75854024993913,4.0
57,82,161.57626342773438,0.09960000216960907,0.33725490196078434,-14.753685642036459,4.0
57,83,195.94273376464844,0.0,0.3215686274509804,-12.446179257656059,4.0
57,84,197.45193481445312,0.0,0.30980392156862746,-15.618766592529008,4.0
57,85,124.85643768310547,0.0,0.38823529411764707,-12.133197963706932,4.0
57,86,82.9281005859375,0.0,0.5137254901960784,-12.557880371467062,5.0
57,87,132.6196746826172,0.03480000048875809,0.5215686274509804,-14.303029848598968,4.0
57,88,111.18695068359375,0.0007999999797903001,0.3411764705882353,-14.277060322381708,5.0
57,89,51.14457321166992,0.0,0.24705882352941178,-12.011474610703035,4.0
57,90,92.6839828491211,0.0,0.2901960784313726,-11.340196108311734,5.0
57,91,186.838623046875,0.0,0.30980392156862746,-13.414700271202072,4.0
57,92,163.7438507080078,0.04800000041723251,0.3254901960784314,-12.551352233345519,5.0
57,93,154.07373046875,0.10719999670982361,0.35294117647058826,-13.17982680792922,4.0
57,94,210.4912109375,0.0,0.3254901960784314,-11.591544604168414,5.0
57,95,172.0869140625,0.023600000888109207,0.3058823529411765,-13.211154287365856,4.0
57,96,152.76730346679688,0.17839999496936798,0.34509803921568627,-12.275414062218765,4.0
57,99,146.3423614501953,0.006800000090152025,0.3058823529411765,-10.231474708568147,4.0
57,100,158.04132080078125,0.2152000069618225,0.28627450980392155,-11.598146199206107,5.0
57,102,159.7782745361328,0.0820000022649765,0.28627450980392155,-12.086549124232167,4.0
57,103,144.76136779785156,0.07919999957084656,0.2901960784313726,-13.82409341680047,5.0
57,104,150.12945556640625,0.0015999999595806003,0.2784313725490196,-13.811001233465067,4.0
58,2,152.3990936279297,0.040800001472234726,0.18823529411764706,-13.939853710171182,4.0
58,3,234.72938537597656,0.13920000195503235,0.23137254901960785,-10.857906800724933,4.0
58,4,196.04849243164062,0.0,0.38823529411764707,-13.024205716565358,5.0
58,6,158.78533935546875,0.20000000298023224,0.4470588235294118,-13.207734682718598,4.0
58,7,175.3152313232422,0.03999999910593033,0.5647058823529412,-12.781424274715025,5.0
58,8,198.86102294921875,0.01600000075995922,0.6941176470588235,-13.74612491209266,5.0
58,9,247.8192138671875,0.0,0.6980392156862745,-15.224510821397978,5.0
58,10,238.58143615722656,0.0,0.6,-16.861711794131367,5.0
58,11,281.888916015625,0.0,0.5058823529411764,-10.240756363550263,5.0
58,12,246.29991149902344,0.0,0.42745098039215684,-8.992823435804555,4.0
58,13,263.9055480957031,0.0015999999595806003,0.396078431372549,-11.506980153028284,3.0
58,14,262.59979248046875,0.0,0.3764705882352941,-13.080374257500187,5.0
58,15,267.16204833984375,0.0,0.42745098039215684,-13.15720740285737,4.0
58,16,285.48028564453125,0.0,0.42745098039215684,-14.795399650493264,5.0
58,17,272.6640319824219,0.0,0.41568627450980394,-12.666329850441114,5.0
58,18,255.89590454101562,0.0,0.43137254901960786,-15.296357520305158,5.0
58,19,270.918212890625,0.0,0.6078431372549019,-11.40709239446392,5.0
58,20,285.52471923828125,0.07400000095367432,0.6745098039215687,-13.695141147390045,5.0
58,21,239.95884704589844,0.0,0.5098039215686274,-13.868786992444203,4.0
58,22,205.70849609375,0.0,0.4549019607843137,-13.17932524221407,5.0
58,23,258.8122863769531,0.0,0.5372549019607843,-12.743660009739436,4.0
58,24,230.9304962158203,0.0,0.6235294117647059,-13.350785997765136,3.0
58,25,264.9423828125,0.004000000189989805,0.6745098039215687,-12.051120594098476,5.0
58,26,230.73162841796875,0.00039999998989515007,0.5019607843137255,-14.50273001942465,4.0
58,27,212.80247497558594,0.0,0.403921568627451,-13.302389162600011,5.0
58,28,217.8775634765625,0.0,0.4470588235294118,-14.565343547566702,4.0
58,29,219.04296875,0.0,0.4235294117647059,-14.082461276772946,5.0
58,30,205.54348754882812,0.0,0.403921568627451,-12.785621319690254,4.0
58,31,270.5972900390625,0.0,0.42745098039215684,-14.296118410457323,5.0
58,32,253.5335235595703,0.0,0.5215686274509804,-12.696428309251779,4.0
58,33,310.4760437011719,0.0,0.5137254901960784,-12.351062211595895,5.0
58,34,229.9257354736328,0.0,0.4980392156862745,-11.121308826814598,3.0
58,35,244.5961151123047,0.0,0.5843137254901961,-10.519848811632045,4.0
58,36,234.19500732421875,0.0,0.6078431372549019,-11.540226406774746,4.0
58,37,152.86744689941406,0.0,0.5725490196078431,-15.176625954569904,4.0
58,38,126.80884552001953,0.024000000208616257,0.5843137254901961,-13.582065487394797,6.0
58,39,265.5643005371094,0.003599999938160181,0.611764705882353,-13.177548227712698,4.0
58,40,196.28355407714844,0.0,0.5254901960784314,-13.362409733252898,5.0
58,41,168.9358367919922,0.0,0.5058823529411764,-13.986051043714403,4.0
58,42,225.69668579101562,0.0,0.5372549019607843,-12.571741522123503,6.0
58,43,271.32135009765625,0.0,0.6392156862745098,-10.420921313002117,4.0
58,44,193.75238037109375,0.0,0.6745098039215687,-11.630730890068389,4.0
58,45,228.15260314941406,0.0,0.5725490196078431,-9.833479991703417,5.0
58,46,134.0232696533203,0.0,0.5019607843137255,-13.766502473105135,4.0
58,47,185.12185668945312,0.0,0.4823529411764706,-12.631117571550854,5.0
58,48,160.13290405273438,0.0,0.6588235294117647,-15.00490816994773,4.0
58,49,202.03305053710938,0.0,0.7529411764705882,-15.798159383600051,5.0
58,50,252.61790466308594,0.0,0.8392156862745098,-15.209458798966597,4.0
58,51,295.7192687988281,0.0,0.8549019607843137,-13.470335603617322,5.0
58,52,301.7960510253906,0.0,0.7843137254901961,-12.643161690796445,5.0
58,53,301.8394775390625,0.0,0.7215686274509804,-13.111263652746477,4.0
58,54,236.35598754882812,0.0,0.5607843137254902,-13.566715222204099,5.0
58,55,233.34710693359375,0.0,0.40784313725490196,-14.545490004821367,4.0
58,56,243.4597625732422,0.0,0.4,-10.649700509743674,4.0
58,57,192.34689331054688,0.0,0.5176470588235295,-13.583756886638572,4.0
58,58,196.99188232421875,0.0,0.5803921568627451,-12.446100774983904,5.0
58,59,206.55459594726562,0.0,0.4823529411764706,-13.757046026054962,4.0
58,60,124.26728820800781,0.0,0.4745098039215686,-12.77431541024179,6.0
58,61,204.12420654296875,0.0,0.47058823529411764,-13.631868488268728,4.0
58,62,165.86886596679688,0.0,0.49019607843137253,-13.545047080709685,5.0
58,63,239.67315673828125,0.0,0.49411764705882355,-12.790877682869333,4.0
58,64,236.4178009033203,0.0,0.47843137254901963,-10.442771563324209,4.0
58,65,240.98239135742188,0.0,0.615686274509804,-11.029432069413694,5.0
58,66,247.18275451660156,0.0,0.6901960784313725,-13.592764807083155,4.0
58,67,208.4197235107422,0.0,0.5176470588235295,-13.343513537738929,5.0
58,68,251.6631622314453,0.00559999980032444,0.4823529411764706,-14.080615470453468,4.0
58,69,240.81849670410156,0.017999999225139618,0.5372549019607843,-12.943803732522612,5.0
58,71,228.12831115722656,0.02319999970495701,0.36470588235294116,-12.346202858907315,5.0
58,72,144.61737060546875,0.019999999552965164,0.3176470588235294,-11.916270929533683,5.0
58,73,111.64031219482422,0.06960000097751617,0.27450980392156865,-13.837217552298132,4.0
58,74,140.69839477539062,0.07680000364780426,0.23137254901960785,-13.390658282972858,4.0
58,77,152.94058227539062,0.0015999999595806003,0.24313725490196078,-12.25675464613075,4.0
58,78,158.10910034179688,0.01119999960064888,0.2627450980392157,-11.460307968923019,5.0
58,79,114.47840118408203,0.051600001752376556,0.2901960784313726,-14.037326956269013,4.0
58,80,178.82147216796875,0.23160000145435333,0.2784313725490196,-13.390351835777066,4.0
58,81,174.3719024658203,0.03200000151991844,0.30196078431372547,-11.004575641307566,5.0
58,82,175.48492431640625,0.15160000324249268,0.3568627450980392,-14.39465917972441,4.0
58,83,248.11859130859375,0.0,0.3215686274509804,-13.989458679867345,5.0
58,84,104.74102783203125,0.0,0.2823529411764706,-14.74854385329085,4.0
58,85,186.45521545410156,0.10999999940395355,0.28627450980392155,-12.496110166801744,6.0
58,86,153.0325469970703,0.11760000139474869,0.3764705882352941,-12.73777716812415,4.0
58,87,148.7288818359375,0.23399999737739563,0.49019607843137253,-12.63493195279783,5.0
58,88,42.43478775024414,0.0,0.36470588235294116,-14.631261467363782,3.0
58,89,58.2472038269043,0.0,0.24313725490196078,-14.495857651411976,4.0
58,90,90.61206817626953,0.0,0.2784313725490196,-12.444547363801357,5.0
58,91,133.98773193359375,0.0,0.3137254901960784,-13.65392401623385,5.0
58,92,167.97604370117188,0.006399999838322401,0.4,-12.671724411099756,5.0
58,93,171.1010284423828,0.021199999377131462,0.4823529411764706,-14.159938118576436,5.0
58,94,186.19723510742188,0.06960000097751617,0.4196078431372549,-12.127956123270812,4.0
58,95,177.34274291992188,0.03519999980926514,0.3254901960784314,-11.700360735496268,4.0
58,96,167.72979736328125,0.012000000104308128,0.3411764705882353,-13.383506561374057,5.0
58,97,162.1101837158203,0.10920000076293945,0.4117647058823529,-11.14374423677221,4.0
58,98,155.57810974121094,0.05640000104904175,0.403921568627451,-11.640915353209081,4.0
58,99,143.09024047851562,0.030400000512599945,0.3058823529411765,-11.82418149844934,5.0
58,100,180.86773681640625,0.0,0.27058823529411763,-12.828111407907741,4.0
58,101,138.45928955078125,0.18479999899864197,0.28627450980392155,-12.40685184192934,5.0
58,102,153.53103637695312,0.0284000001847744,0.25098039215686274,-11.502879515640954,4.0
58,103,173.93597412109375,0.002400000113993883,0.2235294117647059,-13.139318838303547,6.0
58,104,154.52984619140625,0.0,0.25882352941176473,-11.50305322824046,4.0
59,2,,,,-13.793547170912559,6.0
59,3,166.89100646972656,0.0031999999191612005,0.00784313725490196,-13.204840587769631,4.0
59,4,172.95596313476562,0.0,0.10980392156862745,-12.98532519619646,5.0
59,5,180.39390563964844,0.2207999974489212,0.26666666666666666,-12.475126965002062,4.0
59,7,131.43333435058594,0.06440000236034393,0.5058823529411764,-16.478357874974733,4.0
59,8,127.46711730957031,0.0,0.6,-16.31576435908569,5.0
59,9,228.7471466064453,0.0,0.6549019607843137,-18.59824115869063,4.0
59,10,265.2872619628906,0.00039999998989515007,0.6,-16.78105640452979,5.0
59,11,230.1482696533203,0.0,0.5098039215686274,-12.704394962322848,5.0
59,12,255.78492736816406,0.0,0.38823529411764707,-11.103245799689368,3.0
59,13,234.22476196289062,0.00800000037997961,0.3568627450980392,-12.317797528154344,5.0
59,14,262.1182861328125,0.0,0.40784313725490196,-12.553559021608491,4.0
59,15,251.6216583251953,0.0,0.47843137254901963,-10.388889969149325,5.0
59,16,293.57098388671875,0.0,0.4235294117647059,-11.972696216691945,4.0
59,17,250.20193481445312,0.0,0.3843137254901961,-12.174123623696696,5.0
59,18,262.764404296875,0.0,0.42745098039215684,-12.02498669491477,4.0
59,19,299.689208984375,0.00039999998989515007,0.6235294117647059,-15.24576301063167,5.0
59,20,277.96356201171875,0.0,0.5764705882352941,-13.451734575010244,5.0
59,21,267.0279846191406,0.0,0.4588235294117647,-14.02516587463866,4.0
59,22,238.09315490722656,0.0,0.43529411764705883,-11.295373466384982,5.0
59,23,251.4733428955078,0.0,0.49019607843137253,-10.668113389671138,4.0
59,24,242.71661376953125,0.0,0.4745098039215686,-13.793331828574548,5.0
59,25,263.3355712890625,0.0,0.5333333333333333,-14.383751510299616,4.0
59,26,242.68548583984375,0.0,0.5372549019607843,-13.987512443134522,4.0
59,27,201.46615600585938,0.0,0.43529411764705883,-13.289780809252782,4.0
59,28,212.5290985107422,0.0,0.42745098039215684,-12.328925965033442,5.0
59,29,263.9063720703125,0.0,0.45098039215686275,-12.680879106652634,5.0
59,30,256.7966613769531,0.0,0.4627450980392157,-15.679605969894464,4.0
59,31,267.21588134765625,0.0,0.4235294117647059,-17.463434193413573,4.0
59,32,271.69049072265625,0.0,0.4,-12.533455998835874,4.0
59,33,202.02720642089844,0.0,0.3137254901960784,-12.290783054035295,4.0
59,34,175.1141357421875,0.0,0.23529411764705882,-12.362651445258116,4.0
59,35,95.11783599853516,0.0,0.23529411764705882,-14.117871036597409,5.0
59,36,51.74305725097656,0.0,0.24313725490196078,-13.895158805707775,4.0
59,37,49.37575149536133,0.0,0.24313725490196078,-14.74667483446952,5.0
59,38,45.17814636230469,0.01360000018030405,0.34901960784313724,-13.047082616478253,4.0
59,39,93.6974105834961,0.0,0.5019607843137255,-13.914245946963304,5.0
59,40,220.31756591796875,0.0,0.47843137254901963,-14.669902231836584,6.0
59,41,198.9695587158203,0.0,0.44313725490196076,-12.417092895181288,5.0
59,42,107.7347183227539,0.0012000000569969416,0.4666666666666667,-13.806850245327754,4.0
59,43,253.66465759277344,0.0,0.6274509803921569,-12.624188204977205,5.0
59,44,243.113525390625,0.0,0.6745098039215687,-12.510395005770093,5.0
59,45,256.8370361328125,0.0,0.5764705882352941,-12.616102904233914,4.0
59,46,248.77072143554688,0.0,0.5215686274509804,-13.702482840189118,5.0
59,47,270.8940734863281,0.0,0.48627450980392156,-12.354652512656079,4.0
59,48,324.54132080078125,0.0,0.5294117647058824,-13.118191809616928,4.0
59,49,164.261962890625,0.0,0.6352941176470588,-14.934324024949339,5.0
59,50,200.875,0.0,0.7254901960784313,-13.751389868253113,4.0
59,51,265.54638671875,0.0,0.7058823529411765,-11.626429768056909,5.0
59,52,243.6945343017578,0.0,0.611764705882353,-11.783116937095905,4.0
59,53,224.1276397705078,0.0,0.7019607843137254,-14.4091523169294,5.0
59,54,224.1531982421875,0.0,0.6784313725490196,-13.657252203180878,4.0
59,55,253.0528564453125,0.0,0.5411764705882353,-13.884532217434721,5.0
59,56,248.48849487304688,0.0,0.41568627450980394,-9.847826392787466,5.0
59,57,172.60317993164062,0.0,0.34509803921568627,-13.466946351684188,4.0
59,58,166.6968536376953,0.0,0.34901960784313724,-12.490987839260173,6.0
59,59,182.61309814453125,0.0,0.34509803921568627,-15.121892488166406,4.0
59,60,195.74459838867188,0.0,0.4745098039215686,-12.830125025885854,5.0
59,61,220.15794372558594,0.0,0.5333333333333333,-10.820371740477148,4.0
59,62,229.3509521484375,0.0,0.5333333333333333,-12.110903406335387,6.0
59,63,243.09803771972656,0.00039999998989515007,0.49411764705882355,-10.51173762809756,4.0
59,64,181.44139099121094,0.0,0.4235294117647059,-12.396962797188964,4.0
59,65,250.14967346191406,0.0,0.44313725490196076,-13.079350055313547,4.0
59,66,128.97604370117188,0.0,0.4745098039215686,-13.920425517974785,4.0
59,67,184.0975799560547,0.06840000301599503,0.4117647058823529,-12.638281481644476,6.0
59,68,221.26673889160156,0.0020000000949949026,0.4117647058823529,-11.537461903222914,4.0
59,69,189.19468688964844,0.1371999979019165,0.5607843137254902,-10.059208762492029,5.0
59,71,195.35935974121094,0.08959999680519104,0.3568627450980392,-12.338978754513217,4.0
59,72,190.32054138183594,0.11400000005960464,0.3215686274509804,-11.340320729875764,4.0
59,73,162.75234985351562,0.17080000042915344,0.3176470588235294,-11.836218253497934,5.0
59,74,172.47116088867188,0.0,0.3176470588235294,-15.467081605785342,5.0
59,75,158.48619079589844,0.0272000003606081,0.3176470588235294,-13.466795883626803,4.0
59,76,143.95838928222656,0.10520000010728836,0.2823529411764706,-16.014186170955366,5.0
59,77,149.0921630859375,0.05480000004172325,0.23137254901960785,-11.36414153757526,4.0
59,78,118.68562316894531,0.0,0.23529411764705882,-11.249727544981518,5.0
59,79,185.1380157470703,0.04560000076889992,0.25882352941176473,-14.083174870453481,4.0
59,80,157.61944580078125,0.0568000003695488,0.2823529411764706,-11.630539872202032,6.0
59,81,138.24864196777344,0.0,0.30980392156862746,-13.301219851672627,4.0
59,82,167.57408142089844,0.058400001376867294,0.3058823529411765,-16.226588479317382,4.0
59,83,191.84039306640625,0.0,0.25098039215686274,-14.528211159583664,5.0
59,84,210.41310119628906,0.0,0.26666666666666666,-12.443749666270518,4.0
59,85,174.00372314453125,0.019200000911951065,0.2784313725490196,-13.958161485497982,4.0
59,86,203.80560302734375,0.024399999529123306,0.3607843137254902,-12.368815492271723,4.0
59,87,186.20437622070312,0.018799999728798866,0.4627450980392157,-13.314545480218683,4.0
59,88,144.12803649902344,0.052799999713897705,0.4,-11.885171464907122,4.0
59,89,109.92532348632812,0.026399999856948853,0.2901960784313726,-14.212517522043818,5.0
59,90,65.55516815185547,0.0,0.27450980392156865,-16.661624263142713,4.0
59,91,135.6011199951172,0.0,0.3137254901960784,-11.79708136728324,5.0
59,92,175.501220703125,0.0007999999797903001,0.4392156862745098,-9.36190981043383,4.0
59,93,181.34486389160156,0.00039999998989515007,0.5647058823529412,-10.50886061411951,4.0
59,94,178.79896545410156,0.00039999998989515007,0.5098039215686274,-12.158450596241359,5.0
59,95,196.43873596191406,0.1907999962568283,0.3058823529411765,-9.299524277265249,4.0
59,96,176.0719451904297,0.04639999940991402,0.28627450980392155,-10.82107389713546,5.0
59,97,168.0025634765625,0.10440000146627426,0.3137254901960784,-14.542906717774942,4.0
59,98,154.5129852294922,0.0,0.32941176470588235,-14.366598157711472,5.0
59,99,159.1546630859375,0.0,0.29411764705882354,-14.713186831103522,4.0
59,100,180.61505126953125,0.00839999970048666,0.2823529411764706,-13.456208978297282,5.0
59,101,153.8419647216797,0.012000000104308128,0.37254901960784315,-12.075189005833495,4.0
59,102,164.8560791015625,0.018799999728798866,0.3607843137254902,-13.682910742860892,4.0
59,103,188.80422973632812,0.0,0.2901960784313726,-14.12851380568865,4.0
59,104,145.0687713623047,0.0,0.2784313725490196,-12.544882222990443,4.0
60,2,,,,-14.133864609062357,4.0
60,4,,,,-14.051881145162401,5.0
60,5,,,,-14.481855874230655,4.0
60,6,260.087890625,0.17679999768733978,0.01568627450980392,-12.558862463471637,5.0
60,7,159.440673828125,0.023600000888109207,0.023529411764705882,-14.487509087956095,5.0
60,8,204.90386962890625,0.07440000027418137,0.058823529411764705,-13.465291843806664,6.0
60,9,273.3293151855469,0.031599998474121094,0.1607843137254902,-14.259651621148535,4.0
60,10,292.87420654296875,0.0,0.5019607843137255,-13.562934745272306,5.0
60,11,238.41587829589844,0.0,0.4666666666666667,-15.20559020543442,4.0
60,12,230.2404327392578,0.0,0.37254901960784315,-14.514014178576037,5.0
60,13,233.3489227294922,0.0,0.36470588235294116,-15.105697965573414,4.0
60,14,229.27020263671875,0.0,0.4745098039215686,-12.756250389086238,5.0
60,15,228.6733856201172,0.0,0.6078431372549019,-11.777172357508757,5.0
60,16,273.69744873046875,0.0,0.4627450980392157,-14.625456409849455,4.0
60,17,247.2015380859375,0.0,0.3843137254901961,-13.970974874183133,4.0
60,18,249.15724182128906,0.0,0.44313725490196076,-11.305750484571957,4.0
60,19,240.8074493408203,0.007600000128149986,0.5137254901960784,-12.491721035868688,5.0
60,20,228.87559509277344,0.0,0.5058823529411764,-14.14420589342342,5.0
60,21,269.1106262207031,0.0,0.6549019607843137,-14.34428064481236,5.0
60,22,234.9001007080078,0.0,0.6274509803921569,-10.127170369454108,4.0
60,23,237.71768188476562,0.0,0.592156862745098,-9.410970841834024,4.0
60,24,266.2898254394531,0.0,0.44313725490196076,-13.59847633209534,5.0
60,25,166.8414764404297,0.0,0.4117647058823529,-13.404516781368885,3.0
60,26,194.87957763671875,0.0,0.4588235294117647,-12.496830958497192,6.0
60,27,213.35044860839844,0.0007999999797903001,0.43137254901960786,-12.680104364318032,4.0
60,28,162.08584594726562,0.03400000184774399,0.3686274509803922,-12.54495491439556,5.0
60,29,286.45697021484375,0.0,0.4392156862745098,-11.879446294127128,4.0
60,30,265.4237976074219,0.0,0.5725490196078431,-11.717011462902445,5.0
60,31,214.3302764892578,0.0,0.5098039215686274,-14.374972231112881,5.0
60,32,234.6934356689453,0.0,0.43137254901960786,-13.117214453060289,4.0
60,33,273.2836608886719,0.0,0.2901960784313726,-12.663423938398639,5.0
60,34,86.67218017578125,0.0,0.1450980392156863,-16.0332006658189,3.0
60,35,45.20392990112305,0.0,0.11372549019607843,-14.962976894062553,5.0
60,36,32.787681579589844,0.0,0.13333333333333333,-12.665066897540026,3.0
60,37,28.93560791015625,0.0,0.1411764705882353,-14.680062906948192,5.0
60,38,32.297760009765625,0.0,0.21176470588235294,-13.178762722845466,4.0
60,39,56.92949295043945,0.0,0.3254901960784314,-16.464339908008615,5.0
60,40,144.3283233642578,0.0,0.3254901960784314,-14.184158270341257,5.0
60,41,158.5681610107422,0.0,0.3333333333333333,-11.961947256497336,5.0
60,42,55.94929122924805,0.0868000015616417,0.4470588235294118,-13.821741401697365,5.0
60,43,139.90826416015625,0.007199999876320362,0.6431372549019608,-12.064605836204223,4.0
60,44,275.54754638671875,0.0,0.6549019607843137,-13.25883133116415,6.0
60,45,258.40521240234375,0.0,0.6235294117647059,-13.355283285072696,5.0
60,46,263.09686279296875,0.0,0.5568627450980392,-11.87011031674523,4.0
60,47,303.5931701660156,0.0,0.48627450980392156,-10.114843916658957,4.0
60,48,283.3481140136719,0.0,0.47843137254901963,-11.631019499991917,5.0
60,49,210.96339416503906,0.0,0.5529411764705883,-13.805471562345248,4.0
60,50,165.17840576171875,0.0,0.43529411764705883,-12.915716576592109,4.0
60,51,158.3035125732422,0.0,0.3333333333333333,-12.25775205369109,6.0
60,52,143.46588134765625,0.0,0.3411764705882353,-13.096658796266665,4.0
60,53,164.97691345214844,0.0,0.43529411764705883,-11.985121131292507,4.0
60,54,142.84466552734375,0.0,0.5411764705882353,-15.412284560406025,5.0
60,55,170.0404510498047,0.0,0.5490196078431373,-13.64766834565344,4.0
60,56,230.55384826660156,0.0,0.3764705882352941,-11.3901577438451,4.0
60,57,128.13038635253906,0.0,0.2549019607843137,-12.022039269572202,4.0
60,58,101.09452056884766,0.0,0.2196078431372549,-13.563623658746057,4.0
60,59,93.86201477050781,0.0,0.24313725490196078,-15.21234350892894,5.0
60,60,127.7267837524414,0.0,0.37254901960784315,-14.589014831174847,5.0
60,61,165.59378051757812,0.0,0.403921568627451,-13.59178559303885,4.0
60,62,200.79208374023438,0.0,0.44313725490196076,-11.941944096998832,5.0
60,63,229.69949340820312,0.0,0.5176470588235295,-13.352028604591286,4.0
60,64,183.67538452148438,0.0,0.41568627450980394,-11.035593062945818,6.0
60,65,144.54360961914062,0.0,0.33725490196078434,-13.836952102135843,4.0
60,66,125.78587341308594,0.0,0.3176470588235294,-13.003117582405094,5.0
60,67,140.67315673828125,0.002400000113993883,0.37254901960784315,-14.704357534453186,4.0
60,68,198.9365692138672,0.0,0.3764705882352941,-14.269980552951807,5.0
60,69,163.32643127441406,0.02879999950528145,0.396078431372549,-11.957902287909917,5.0
60,71,167.26992797851562,0.03359999880194664,0.28627450980392155,-14.675817385479327,5.0
60,72,172.37559509277344,0.006399999838322401,0.2235294117647059,-11.887441534915643,4.0
60,73,179.24148559570312,0.2152000069618225,0.25098039215686274,-11.083313160510206,4.0
60,74,134.42396545410156,0.0,0.27058823529411763,-13.352585121696212,4.0
60,75,137.0421905517578,0.0,0.3137254901960784,-13.93826738325328,6.0
60,76,158.4003448486328,0.01720000058412552,0.2549019607843137,-13.678551180144671,4.0
60,77,115.6188735961914,0.0,0.1843137254901961,-12.986416140205128,4.0
60,78,161.31190490722656,0.00039999998989515007,0.1803921568627451,-13.204326569532645,4.0
60,79,155.3175811767578,0.018400000408291817,0.2196078431372549,-11.82769229804391,5.0
60,80,150.45664978027344,0.0,0.2784313725490196,-12.090461020514445,4.0
60,81,135.85494995117188,0.0,0.3137254901960784,-12.526861624544136,4.0
60,82,135.2417755126953,0.0,0.3215686274509804,-12.976160034910812,5.0
60,83,168.28741455078125,0.0,0.30196078431372547,-12.469671851652823,4.0
60,84,200.2561798095703,0.0,0.33725490196078434,-12.475280982711057,5.0
60,85,170.1907196044922,0.0,0.3764705882352941,-12.759344432164024,4.0
60,86,119.9962387084961,0.0,0.4392156862745098,-14.766668863475418,5.0
60,87,162.22796630859375,0.0,0.42745098039215684,-13.42953391316465,5.0
60,88,156.03964233398438,0.0,0.3843137254901961,-11.44780813475946,4.0
60,89,138.40248107910156,0.0,0.2901960784313726,-12.68012418595729,5.0
60,90,59.29817581176758,0.02239999920129776,0.2784313725490196,-17.505127665542105,4.0
60,91,186.356689453125,0.10400000214576721,0.35294117647058826,-13.382242666006443,5.0
60,92,168.5053253173828,0.006800000090152025,0.4549019607843137,-11.532436569911958,5.0
60,93,166.66513061523438,0.003599999938160181,0.5490196078431373,-10.808896793376272,5.0
60,94,165.9454345703125,0.006399999838322401,0.44313725490196076,-11.820420387144077,5.0
60,95,167.25167846679688,0.020400000736117363,0.3333333333333333,-10.462515266188726,4.0
60,96,165.30337524414062,0.05079999938607216,0.3176470588235294,-9.57092844174467,4.0
60,97,125.3147201538086,0.12880000472068787,0.2823529411764706,-12.28287102428585,5.0
60,98,143.4636993408203,0.020800000056624413,0.30196078431372547,-10.173039381863118,5.0
60,99,143.44338989257812,0.0,0.2823529411764706,-10.929114621807017,4.0
60,100,156.90769958496094,0.0575999990105629,0.27450980392156865,-11.245838810913133,4.0
60,101,157.6294403076172,0.00559999980032444,0.32941176470588235,-12.083093305937584,4.0
60,102,171.52513122558594,0.11959999799728394,0.40784313725490196,-11.670378603856406,5.0
60,103,165.02835083007812,0.0,0.4,-11.643900816289658,4.0
60,104,163.84629821777344,0.0,0.2980392156862745,-11.284594266970736,5.0
60,105,161.18759155273438,0.0,0.2784313725490196,-11.173644178468257,5.0
61,5,,,,-15.04383390455577,6.0
61,7,,,,-13.014187864653115,4.0
61,8,,,,-11.8048882856778,6.0
61,9,,,,-13.205844688429691,5.0
61,10,155.18138122558594,0.0,0.054901960784313725,-12.487265606784266,6.0
61,11,136.23898315429688,0.0,0.25882352941176473,-15.390924047477743,4.0
61,12,239.21823120117188,0.0,0.4196078431372549,-12.512323256294714,5.0
61,13,280.419921875,0.004800000227987766,0.4627450980392157,-14.160975071252924,4.0
61,14,273.51251220703125,0.0,0.6,-14.721080973529938,4.0
61,15,235.27296447753906,0.0,0.6980392156862745,-12.105233547057729,4.0
61,16,232.17523193359375,0.0,0.5254901960784314,-14.659186263455332,5.0
61,17,169.13345336914062,0.0,0.4196078431372549,-13.382849163010897,5.0
61,18,172.17483520507812,0.0,0.47843137254901963,-12.38619847561036,4.0
61,19,200.18252563476562,0.004000000189989805,0.47843137254901963,-15.11426156284563,5.0
61,20,229.36912536621094,0.0,0.5686274509803921,-16.048592323949478,4.0
61,21,197.21212768554688,0.0,0.7372549019607844,-13.232422228945822,6.0
61,22,218.19906616210938,0.0,0.8196078431372549,-13.084934281277443,5.0
61,23,240.33364868164062,0.0,0.803921568627451,-12.434021585461075,4.0
61,24,246.481689453125,0.0,0.5176470588235295,-12.841814312212971,4.0
61,25,265.7814025878906,0.0,0.3607843137254902,-13.797342969365513,5.0
61,26,216.13087463378906,0.0015999999595806003,0.37254901960784315,-11.495057534776969,4.0
61,27,156.86932373046875,0.04039999842643738,0.4549019607843137,-16.45437203634771,4.0
61,28,240.20455932617188,0.01600000075995922,0.396078431372549,-13.185224551981642,5.0
61,29,234.3655242919922,0.0,0.3686274509803922,-12.247837353803954,4.0
61,30,226.54348754882812,0.0,0.48627450980392156,-10.58517555743169,5.0
61,31,166.2527313232422,0.0,0.4549019607843137,-11.741863464754543,3.0
61,32,218.1004638671875,0.0,0.40784313725490196,-13.477468457006566,4.0
61,33,156.12472534179688,0.0,0.25882352941176473,-14.864348978590243,4.0
61,34,41.46391677856445,0.0,0.13725490196078433,-16.843025082463075,3.0
61,35,37.5645637512207,0.0,0.11764705882352941,-14.730373390630618,4.0
61,36,30.36190414428711,0.0,0.12156862745098039,-13.627352762025222,4.0
61,37,28.703020095825195,0.0,0.12156862745098039,-14.30436357032211,5.0
61,38,28.862428665161133,0.0,0.17254901960784313,-14.7575335845388,4.0
61,39,44.634544372558594,0.0,0.2235294117647059,-15.080326802215435,6.0
61,40,65.50164031982422,0.0,0.24705882352941178,-16.203797898982184,4.0
61,41,74.28064727783203,0.0,0.3176470588235294,-13.21699040110057,5.0
61,42,50.59697723388672,0.0,0.5254901960784314,-15.559786347876594,5.0
61,43,138.74868774414062,0.0,0.6431372549019608,-15.512028773663646,6.0
61,44,245.74644470214844,0.0,0.6274509803921569,-16.80124430334247,4.0
61,45,274.108154296875,0.0,0.6980392156862745,-13.175221810572744,4.0
61,46,271.8934631347656,0.0,0.592156862745098,-12.044172885076954,5.0
61,47,259.9049377441406,0.0,0.47843137254901963,-12.543927565579587,4.0
61,48,229.89138793945312,0.0,0.44313725490196076,-13.250613052129893,4.0
61,49,147.0289306640625,0.0,0.403921568627451,-14.028519065341722,3.0
61,50,126.04149627685547,0.0,0.2784313725490196,-13.77798139656116,5.0
61,51,128.52903747558594,0.0015999999595806003,0.21176470588235294,-12.602482087818698,4.0
61,52,63.236141204833984,0.0,0.21568627450980393,-13.959096916186533,5.0
61,53,73.476318359375,0.0,0.23529411764705882,-12.089711502089955,5.0
61,54,101.09613800048828,0.0,0.3176470588235294,-15.135024530151417,5.0
61,55,143.8443603515625,0.0,0.34509803921568627,-15.444374268477123,5.0
61,56,143.53619384765625,0.0,0.30980392156862746,-15.034085923680367,4.0
61,57,137.97616577148438,0.0,0.2549019607843137,-13.742582530340828,4.0
61,58,110.69405364990234,0.0,0.19215686274509805,-12.232508588054355,4.0
61,59,79.89817810058594,0.0,0.1607843137254902,-11.730656870573329,4.0
61,60,82.47310638427734,0.0,0.18823529411764706,-12.18229332536498,4.0
61,61,60.23181915283203,0.0,0.19607843137254902,-13.42388483219786,6.0
61,62,47.94535446166992,0.0,0.27058823529411763,-13.98216308127857,4.0
61,63,63.27314758300781,0.0,0.4392156862745098,-13.448955225913743,5.0
61,64,139.91128540039062,0.0,0.4627450980392157,-13.623604971347334,5.0
61,65,184.49163818359375,0.0,0.403921568627451,-15.174559469856954,4.0
61,66,139.52389526367188,0.0,0.34901960784313724,-13.751511863974141,4.0
61,67,127.23080444335938,0.006000000052154064,0.39215686274509803,-11.677172385812824,5.0
61,68,171.5620574951172,0.002400000113993883,0.3411764705882353,-12.255543065300621,4.0
61,69,185.6020050048828,0.23839999735355377,0.2549019607843137,-12.573376770388922,5.0
61,70,153.89695739746094,0.10320000350475311,0.24705882352941178,-12.05877302164303,5.0
61,71,177.31752014160156,0.17159999907016754,0.2235294117647059,-11.409397413580765,4.0
61,72,146.98068237304688,0.18320000171661377,0.21568627450980393,-14.323294927272034,4.0
61,74,117.0570297241211,0.020400000736117363,0.2196078431372549,-13.623065713091718,4.0
61,75,124.00043487548828,0.004800000227987766,0.24313725490196078,-13.865398423704775,5.0
61,76,174.23800659179688,0.041999999433755875,0.23921568627450981,-11.248744586430423,4.0
61,77,103.40166473388672,0.03240000084042549,0.20784313725490197,-14.017632487487576,5.0
61,78,120.65750885009766,0.051600001752376556,0.22745098039215686,-14.432297507341792,4.0
61,79,161.66786193847656,0.17839999496936798,0.30196078431372547,-14.11422225976622,5.0
61,80,156.0899200439453,0.009999999776482582,0.34509803921568627,-12.326176172897004,4.0
61,81,156.86915588378906,0.0012000000569969416,0.2784313725490196,-13.39888773356922,5.0
61,82,198.9775390625,0.0,0.26666666666666666,-10.684894661495361,5.0
61,83,205.3203582763672,0.0,0.2627450980392157,-12.575143833879778,4.0
61,84,150.02804565429688,0.0,0.26666666666666666,-12.107519947494207,5.0
61,85,147.18836975097656,0.0,0.34509803921568627,-13.295198111714566,4.0
61,86,175.21688842773438,0.0,0.3686274509803922,-12.354019437176987,4.0
61,87,174.75479125976562,0.024000000208616257,0.3058823529411765,-12.073944441594278,4.0
61,88,118.43448638916016,0.0,0.24313725490196078,-13.233225119826994,4.0
61,89,84.23797607421875,0.026399999856948853,0.17647058823529413,-15.04830970181867,4.0
61,90,57.904136657714844,0.05000000074505806,0.20784313725490197,-13.824058245438524,4.0
61,91,159.69320678710938,0.03280000016093254,0.3058823529411765,-12.206898059486013,5.0
61,92,75.47428131103516,0.009200000204145908,0.38823529411764707,-13.926666898845955,4.0
61,93,84.53639221191406,0.020800000056624413,0.43137254901960786,-13.512131588252782,5.0
61,94,70.8310317993164,0.0,0.37254901960784315,-12.579073098759672,4.0
61,95,174.36578369140625,0.0,0.34509803921568627,-13.54484889161878,5.0
61,96,152.9181671142578,0.01720000058412552,0.3607843137254902,-12.106281335563489,4.0
61,97,167.6063690185547,0.004000000189989805,0.3568627450980392,-13.768046091649031,5.0
61,98,185.88140869140625,0.0,0.3411764705882353,-8.801279020503122,4.0
61,99,162.80909729003906,0.0,0.27058823529411763,-11.160722154741254,5.0
61,100,178.6431427001953,0.01080000028014183,0.26666666666666666,-12.94390526049835,5.0
61,101,141.02601623535156,0.0,0.30196078431372547,-16.815389716901237,4.0
61,102,163.40164184570312,0.00039999998989515007,0.38823529411764707,-12.146121810287747,5.0
61,103,140.76405334472656,0.0,0.4549019607843137,-12.014571958054,4.0
61,104,168.597900390625,0.015599999576807022,0.34509803921568627,-13.159880793650014,4.0
61,105,150.3367156982422,0.0007999999797903001,0.29411764705882354,-12.24113123004809,5.0
62,8,,,,-13.03779915303442,4.0
62,9,,,,-14.398329984561562,7.0
62,10,,,,-12.78001518247562,4.0
62,11,,,,-13.122989173844992,5.0
62,12,207.00685119628906,0.0,0.10196078431372549,-13.351556074079822,6.0
62,13,260.0135803222656,0.0,0.40784313725490196,-13.700756934846233,4.0
62,14,197.2987823486328,0.0,0.5372549019607843,-15.425919929426211,4.0
62,15,225.51248168945312,0.0,0.5333333333333333,-12.602662838775945,5.0
62,16,258.70166015625,0.0,0.4549019607843137,-14.189313437170066,4.0
62,17,237.56748962402344,0.01679999940097332,0.38823529411764707,-15.463088338146328,4.0
62,18,241.76119995117188,0.0,0.38823529411764707,-13.40779443881678,5.0
62,19,201.60118103027344,0.1096000000834465,0.4117647058823529,-14.516585793035823,5.0
62,20,241.82533264160156,0.0,0.5098039215686274,-15.149635794927207,5.0
62,21,179.00042724609375,0.0,0.6274509803921569,-12.923574199230366,5.0
62,22,199.96792602539062,0.0,0.7568627450980392,-15.897604299117782,4.0
62,23,273.1932678222656,0.0,0.6823529411764706,-14.830222907023682,5.0
62,24,229.7733917236328,0.0,0.6,-14.980127498933602,4.0
62,25,272.356201171875,0.0,0.45098039215686275,-12.54526706333202,4.0
62,26,371.3428039550781,0.0,0.3607843137254902,-13.878186654788076,3.0
62,27,216.9609832763672,0.07639999687671661,0.43137254901960786,-16.042043372935456,6.0
62,28,256.0998840332031,0.0,0.42745098039215684,-13.829343631681752,4.0
62,29,235.9851531982422,0.0,0.40784313725490196,-14.394755989055312,5.0
62,30,221.91030883789062,0.0,0.43529411764705883,-11.825841083971298,4.0
62,31,281.0439147949219,0.0,0.34509803921568627,-11.138109884652934,4.0
62,32,182.0629425048828,0.0,0.23137254901960785,-12.275059170824738,4.0
62,33,63.8101921081543,0.00039999998989515007,0.1568627450980392,-13.300482910999314,3.0
62,34,56.87999725341797,0.0,0.10980392156862745,-14.708700956201117,6.0
62,35,55.494991302490234,0.0,0.09411764705882353,-13.90889489672035,4.0
62,36,45.48842239379883,0.0,0.08627450980392157,-14.363603620069366,4.0
62,37,35.97874069213867,0.0,0.09019607843137255,-12.786165902101088,4.0
62,38,28.33325958251953,0.0,0.11372549019607843,-14.344068158291538,4.0
62,39,27.39737892150879,0.0,0.14901960784313725,-14.148897240874163,5.0
62,40,31.733922958374023,0.0,0.2,-13.740222258208064,5.0
62,41,29.26211929321289,0.0,0.29411764705882354,-14.590512687973938,5.0
62,42,39.77961730957031,0.0,0.596078431372549,-16.614660795001257,4.0
62,43,240.18690490722656,0.0,0.7450980392156863,-14.851578098968222,6.0
62,44,251.33116149902344,0.0,0.7254901960784313,-15.138614399131393,5.0
62,45,227.47647094726562,0.0,0.7529411764705882,-14.084318948351427,5.0
62,46,230.8045196533203,0.0,0.5294117647058824,-12.403002889205956,4.0
62,47,236.79693603515625,0.0,0.3607843137254902,-13.456399779665094,3.0
62,48,171.1178741455078,0.0,0.28627450980392155,-13.753563404686135,4.0
62,49,88.7032699584961,0.01080000028014183,0.19215686274509805,-12.826971772608388,4.0
62,50,95.69949340820312,0.0,0.17254901960784313,-14.178410489353382,4.0
62,51,110.35213470458984,0.0,0.19607843137254902,-12.486911112032491,5.0
62,52,89.01683044433594,0.0,0.2,-11.581132433056489,4.0
62,53,100.65528869628906,0.0,0.2,-11.666090694732219,4.0
62,54,91.26700592041016,0.0,0.24313725490196078,-14.045699183737494,5.0
62,55,129.5056915283203,0.0,0.23529411764705882,-13.132781561855575,4.0
62,56,99.16793060302734,0.0,0.20784313725490197,-14.242345754724612,5.0
62,57,76.14812469482422,0.0,0.20392156862745098,-16.046142378518635,5.0
62,58,75.90428924560547,0.0,0.19607843137254902,-13.197320874510867,4.0
62,59,62.294464111328125,0.0,0.1568627450980392,-12.59143979861279,5.0
62,60,52.07617950439453,0.0,0.14901960784313725,-13.64237752584219,4.0
62,61,49.173736572265625,0.0,0.12549019607843137,-15.184333218029558,4.0
62,62,29.25261878967285,0.0,0.1411764705882353,-14.21151077127835,5.0
62,63,38.333251953125,0.0,0.25882352941176473,-16.21955781877023,5.0
62,64,111.76995086669922,0.0,0.44313725490196076,-14.776582885423753,5.0
62,65,183.3309326171875,0.0,0.45098039215686275,-14.218367880368861,5.0
62,66,180.45069885253906,0.0,0.4117647058823529,-11.571962396689255,5.0
62,67,107.85384368896484,0.0,0.39215686274509803,-12.40435533318692,4.0
62,68,155.4727020263672,0.0272000003606081,0.3254901960784314,-12.350747876827487,5.0
62,69,142.0114288330078,0.0,0.2549019607843137,-13.388530394327148,4.0
62,71,172.2976531982422,0.03959999978542328,0.2549019607843137,-13.658118696616835,4.0
62,72,211.82098388671875,0.09759999811649323,0.32941176470588235,-11.35584451489181,5.0
62,73,199.33570861816406,0.11840000003576279,0.3215686274509804,-12.317113849041961,4.0
62,74,119.18122100830078,0.0007999999797903001,0.25882352941176473,-13.969512074186765,4.0
62,75,94.85859680175781,0.0,0.24705882352941178,-13.8533312636772,5.0
62,76,157.8951416015625,0.0,0.24313725490196078,-10.954791231737232,4.0
62,77,153.50193786621094,0.11879999935626984,0.2784313725490196,-14.62870846014084,6.0
62,78,163.63282775878906,0.06440000236034393,0.35294117647058826,-14.2377247641872,4.0
62,79,161.41893005371094,0.0,0.4,-12.144903859834098,4.0
62,80,175.4984893798828,0.006000000052154064,0.1803921568627451,-11.28515178760737,4.0
62,81,190.87184143066406,0.0,0.07450980392156863,-12.990851774223275,4.0
62,82,165.90530395507812,0.0,0.03137254901960784,-12.35762505895578,4.0
62,83,168.36395263671875,0.0,0.0196078431372549,-13.785313368517222,5.0
62,84,170.21395874023438,0.0,0.00784313725490196,-14.043561222722627,5.0
62,85,160.1378936767578,0.0,0.00392156862745098,-13.145574982436258,4.0
62,86,146.17413330078125,0.0020000000949949026,0.06666666666666667,-12.963825721023643,5.0
62,87,188.2926788330078,0.0015999999595806003,0.03529411764705882,-14.286288528328175,4.0
62,88,143.8236083984375,0.02879999950528145,0.0196078431372549,-14.494214030665514,5.0
62,89,81.89745330810547,0.09640000015497208,0.00784313725490196,-16.348245025487454,4.0
62,90,77.0823974609375,0.0,0.00784313725490196,-14.50450739533096,5.0
62,91,129.42977905273438,0.18639999628067017,0.2,-13.618182420548505,5.0
62,92,74.06803894042969,0.003599999938160181,0.3058823529411765,-14.12975968619204,4.0
62,93,138.26075744628906,0.06199999898672104,0.3686274509803922,-11.83688786428082,4.0
62,94,58.65318298339844,0.0,0.33725490196078434,-12.82068363567138,5.0
62,95,138.32553100585938,0.0,0.29411764705882354,-13.766188915596828,5.0
62,96,89.08844757080078,0.015599999576807022,0.32941176470588235,-12.95873971559114,5.0
62,97,133.1304168701172,0.0,0.3803921568627451,-11.099472294949335,4.0
62,98,171.28262329101562,0.0,0.3568627450980392,-11.619548060107196,4.0
62,99,188.61602783203125,0.0,0.2901960784313726,-13.284006885840878,5.0
62,100,143.943115234375,0.026000000536441803,0.25882352941176473,-13.925631863103709,4.0
62,101,117.23481750488281,0.052000001072883606,0.2901960784313726,-12.11215773306878,5.0
62,102,144.37393188476562,0.031599998474121094,0.4470588235294118,-10.764168430894417,4.0
62,103,153.24281311035156,0.0,0.5176470588235295,-13.497477152648926,4.0
62,104,144.8387451171875,0.04560000076889992,0.43137254901960786,-11.081353764978328,5.0
62,105,136.47801208496094,0.00559999980032444,0.3333333333333333,-11.128055701333535,4.0
63,9,,,,-15.627928419816932,6.0
63,10,,,,-14.39926281709151,5.0
63,11,,,,-12.188286688047363,5.0
63,12,,,,-12.121733241306703,5.0
63,13,,,,-14.04224179869386,5.0
63,14,203.3523406982422,0.0,0.03137254901960784,-16.044789984240406,5.0
63,15,173.708984375,0.0,0.058823529411764705,-13.782447052406479,4.0
63,16,207.87039184570312,0.0,0.09411764705882353,-12.686197572093112,5.0
63,17,247.72718811035156,0.0,0.12156862745098039,-14.404167907934031,4.0
63,18,214.38137817382812,0.0,0.3607843137254902,-12.875318815032198,5.0
63,19,195.5213623046875,0.0015999999595806003,0.39215686274509803,-14.493940547565284,4.0
63,20,195.2744903564453,0.0,0.38823529411764707,-14.897871726607743,5.0
63,21,151.505859375,0.0,0.4470588235294118,-13.463517924027828,4.0
63,22,194.6089630126953,0.0,0.5215686274509804,-14.993627466056425,6.0
63,23,236.44891357421875,0.0,0.5803921568627451,-16.502043397181083,4.0
63,24,224.5596923828125,0.0,0.6588235294117647,-13.601410849822958,5.0
63,25,251.54611206054688,0.0,0.615686274509804,-11.360736290619064,4.0
63,26,291.9018249511719,0.0,0.5137254901960784,-13.900890376353773,4.0
63,27,228.16810607910156,0.12559999525547028,0.5137254901960784,-13.686338197788183,5.0
63,28,223.85316467285156,0.004399999976158142,0.47843137254901963,-16.003554576665135,4.0
63,29,290.50677490234375,0.0,0.4823529411764706,-15.402997752875564,5.0
63,30,266.20257568359375,0.0,0.43529411764705883,-15.238598394765823,4.0
63,31,301.84283447265625,0.0,0.3215686274509804,-12.822424798560203,3.0
63,32,196.78639221191406,0.0,0.20784313725490197,-14.219507229912523,4.0
63,33,134.4869384765625,0.0,0.14901960784313725,-12.646303350302599,5.0
63,34,64.6488265991211,0.0,0.09803921568627451,-13.052336850590123,3.0
63,35,59.31133270263672,0.0,0.0784313725490196,-12.996121787478721,3.0
63,36,39.443397521972656,0.0,0.07450980392156863,-12.922638626696711,6.0
63,37,48.242549896240234,0.0,0.07450980392156863,-12.026291560653576,4.0
63,38,37.77493667602539,0.0,0.07450980392156863,-12.216723355777459,5.0
63,39,26.917863845825195,0.0,0.10980392156862745,-13.096999371383395,4.0
63,40,24.58171844482422,0.0,0.18823529411764706,-12.107955146219524,5.0
63,41,28.869651794433594,0.0,0.2901960784313726,-16.068710314379842,6.0
63,42,91.56954956054688,0.0,0.5372549019607843,-13.387084476049884,6.0
63,43,216.12002563476562,0.0,0.6392156862745098,-13.902454990712005,5.0
63,44,227.759033203125,0.0,0.611764705882353,-10.760525828073543,5.0
63,45,216.53237915039062,0.0,0.615686274509804,-13.345135040914776,5.0
63,46,240.29306030273438,0.0,0.4470588235294118,-11.58603072817045,4.0
63,47,183.72657775878906,0.0,0.23921568627450981,-13.120215344872408,5.0
63,48,102.58348083496094,0.0,0.1607843137254902,-16.122577975941354,3.0
63,49,82.00699615478516,0.0,0.12941176470588237,-12.642773347417382,5.0
63,50,103.66590118408203,0.0,0.12941176470588237,-10.850279215060825,4.0
63,51,103.88967895507812,0.0,0.16470588235294117,-11.0769252112405,5.0
63,52,110.47975158691406,0.0,0.17254901960784313,-12.418527009154472,5.0
63,53,84.63306427001953,0.0,0.1568627450980392,-11.924079731426724,4.0
63,54,114.47357177734375,0.0,0.1803921568627451,-12.650109158791585,4.0
63,55,88.05554962158203,0.0,0.19215686274509805,-12.907777314442184,4.0
63,56,53.66785430908203,0.0,0.14901960784313725,-14.10900897997915,4.0
63,57,54.84880828857422,0.0,0.1411764705882353,-14.934006246525948,4.0
63,58,50.817230224609375,0.0,0.16470588235294117,-14.449222337060688,5.0
63,59,48.78694152832031,0.0,0.1568627450980392,-13.531661442467316,5.0
63,60,33.59606170654297,0.0,0.12549019607843137,-14.625605808929091,4.0
63,61,24.460981369018555,0.0,0.10980392156862745,-13.21656948617996,5.0
63,62,26.371360778808594,0.0,0.10980392156862745,-12.107378866546803,4.0
63,63,30.163007736206055,0.0,0.15294117647058825,-11.038542766386794,5.0
63,64,32.629268646240234,0.0,0.33725490196078434,-13.144868499217283,4.0
63,65,138.5994110107422,0.0,0.42745098039215684,-14.69098354173463,5.0
63,66,216.00466918945312,0.0,0.4470588235294118,-10.104234817846065,5.0
63,67,134.25379943847656,0.0,0.39215686274509803,-12.547718137058443,5.0
63,68,178.11404418945312,0.0020000000949949026,0.3058823529411765,-12.743114902552046,4.0
63,69,161.15895080566406,0.0,0.2549019607843137,-13.731105794682039,5.0
63,70,153.43531799316406,0.03840000182390213,0.24313725490196078,-13.053980657116265,4.0
63,71,120.8316650390625,0.01640000008046627,0.23529411764705882,-13.217044872644532,4.0
63,72,144.73414611816406,0.007600000128149986,0.2627450980392157,-11.741510084831235,5.0
63,73,129.9750518798828,0.006399999838322401,0.2823529411764706,-12.534336348402405,4.0
63,74,140.7417755126953,0.006800000090152025,0.30196078431372547,-14.970102719243137,5.0
63,75,114.54332733154297,0.02879999950528145,0.28627450980392155,-12.422194753732914,4.0
63,76,94.30793762207031,0.0,0.27058823529411763,-12.697354772117112,5.0
63,77,185.9873809814453,0.00839999970048666,0.3137254901960784,-12.316220562809255,4.0
63,78,159.8285675048828,0.0,0.37254901960784315,-13.333257124352407,4.0
63,79,148.4530487060547,0.009200000204145908,0.10588235294117647,-15.277786994221405,5.0
63,80,,,,-13.32063619801573,4.0
63,81,,,,-12.79332627225207,5.0
63,82,,,,-11.178539968756638,4.0
63,83,,,,-15.680548406932429,4.0
63,84,,,,-13.516871528685183,5.0
63,85,,,,-14.245856647127106,4.0
63,86,,,,-11.922902065958036,4.0
63,87,,,,-12.465591009263136,4.0
63,88,,,,-15.077561675603475,4.0
63,89,,,,-13.98866592493022,4.0
63,90,,,,-12.053514738231375,5.0
63,91,100.31816101074219,0.02199999988079071,0.19607843137254902,-13.811749269875865,4.0
63,92,126.17977905273438,0.018400000408291817,0.30980392156862746,-14.657807453514582,5.0
63,93,40.69363784790039,0.0,0.35294117647058826,-15.089623490496,4.0
63,94,121.37712097167969,0.0,0.32941176470588235,-12.803618180725199,5.0
63,95,93.77244567871094,0.0,0.29411764705882354,-15.602899508263043,4.0
63,96,145.6981658935547,0.040800001472234726,0.2980392156862745,-13.466265051503711,4.0
63,97,95.60481262207031,0.0,0.3568627450980392,-11.757808198260127,5.0
63,98,168.79202270507812,0.1324000060558319,0.3333333333333333,-15.352541982828107,4.0
63,99,145.30873107910156,0.0,0.27058823529411763,-14.325179077744874,5.0
63,100,72.99567413330078,0.0,0.27450980392156865,-13.784305318639412,4.0
63,101,94.9818115234375,0.02879999950528145,0.28627450980392155,-11.391316162308094,5.0
63,102,87.1241226196289,0.018799999728798866,0.40784313725490196,-13.200049762257397,4.0
63,103,60.792335510253906,0.0,0.48627450980392156,-14.089342060830086,5.0
63,104,135.89288330078125,0.15760000050067902,0.5607843137254902,-11.150511644056966,4.0
63,105,188.0186309814453,0.006399999838322401,0.45098039215686275,-8.499474126138665,5.0
63,106,181.81199645996094,0.15160000324249268,0.3568627450980392,-10.356555912503378,4.0
64,11,,,,-15.77539106009847,5.0
64,12,,,,-13.496346569703855,4.0
64,13,,,,-13.106167689604124,6.0
64,14,,,,-14.886155128849754,4.0
64,15,,,,-14.11140020042887,6.0
64,16,,,,-11.191162776330932,4.0
64,17,,,,-10.23461580960269,6.0
64,18,,,,-13.44160921319972,4.0
64,19,177.35018920898438,0.0,0.1450980392156863,-12.214859455180328,5.0
64,20,256.8209228515625,0.0,0.2627450980392157,-15.195838845490421,5.0
64,21,211.4757843017578,0.0,0.33725490196078434,-14.243915308823976,5.0
64,22,201.5993194580078,0.0,0.49019607843137253,-16.298505004141358,5.0
64,23,183.66635131835938,0.0,0.5725490196078431,-16.0517815426873,5.0
64,24,186.81927490234375,0.0,0.6823529411764706,-15.251061280717163,4.0
64,25,258.4681701660156,0.0,0.8156862745098039,-13.91822924219267,5.0
64,26,301.3085632324219,0.0,0.7058823529411765,-15.30933339822237,4.0
64,27,297.5641784667969,0.0,0.6,-13.632863184801515,4.0
64,28,272.2877197265625,0.0,0.49019607843137253,-15.4053778937664,4.0
64,29,325.9473876953125,0.00559999980032444,0.47843137254901963,-14.152855622512426,5.0
64,30,255.17044067382812,0.0,0.38823529411764707,-10.818127760263888,4.0
64,31,184.8392791748047,0.0,0.3333333333333333,-13.359497715561892,6.0
64,32,212.33973693847656,0.0,0.2823529411764706,-15.07221029550573,4.0
64,33,310.80804443359375,0.0,0.19215686274509805,-13.05833192501624,3.0
64,34,93.964111328125,0.0,0.12156862745098039,-13.720372876196052,4.0
64,35,57.64219284057617,0.0,0.08627450980392157,-14.07299038055121,5.0
64,36,59.342445373535156,0.0,0.08235294117647059,-12.323774224854919,4.0
64,37,68.0806655883789,0.0,0.09019607843137255,-13.673240231620758,4.0
64,38,56.77788162231445,0.0,0.10980392156862745,-12.446415949225965,5.0
64,39,40.746238708496094,0.0,0.14901960784313725,-13.05712914450118,4.0
64,40,34.08828353881836,0.0,0.19607843137254902,-12.799075833699655,5.0
64,41,48.030887603759766,0.0,0.3333333333333333,-12.62751929045135,4.0
64,42,170.9639434814453,0.0,0.5411764705882353,-11.613784892508532,5.0
64,43,260.11614990234375,0.0,0.5254901960784314,-13.518991929770241,6.0
64,44,249.19924926757812,0.0,0.47058823529411764,-11.04410642219246,4.0
64,45,269.0107116699219,0.0,0.4745098039215686,-10.448736729689845,4.0
64,46,206.01010131835938,0.0,0.33725490196078434,-12.33537851790758,4.0
64,47,145.14700317382812,0.0,0.17647058823529413,-12.31641995440918,4.0
64,48,66.28036499023438,0.0,0.13725490196078433,-13.693160808095008,4.0
64,49,67.29632568359375,0.0,0.12156862745098039,-13.509476317202385,3.0
64,50,71.9569320678711,0.0,0.10980392156862745,-12.018426058797528,4.0
64,51,75.80889892578125,0.0,0.14901960784313725,-12.522563860019885,5.0
64,52,76.0880355834961,0.0,0.16470588235294117,-10.802382312945767,4.0
64,53,82.76045989990234,0.0,0.13725490196078433,-12.949414377967216,5.0
64,54,80.71961212158203,0.0,0.1411764705882353,-14.231436716590803,5.0
64,55,92.02421569824219,0.0,0.14901960784313725,-12.74300538211693,4.0
64,56,49.24040985107422,0.0,0.11372549019607843,-12.856797767879446,5.0
64,57,43.69390106201172,0.0,0.09019607843137255,-11.395359586653818,4.0
64,58,30.522748947143555,0.0,0.12941176470588237,-14.200022125642969,5.0
64,59,24.91067886352539,0.0,0.13725490196078433,-15.257021338901747,4.0
64,60,41.85370635986328,0.0,0.10196078431372549,-14.572287232140123,5.0
64,61,24.71641731262207,0.0,0.10588235294117647,-16.41603998555397,5.0
64,62,9.199956893920898,0.0,0.12941176470588237,-12.106776318516081,4.0
64,63,33.4856071472168,0.0,0.16862745098039217,-13.429266884310621,5.0
64,64,48.285423278808594,0.0,0.28627450980392155,-12.066188627350394,5.0
64,65,61.33625030517578,0.0,0.3568627450980392,-14.18442471505646,5.0
64,66,165.00918579101562,0.0,0.396078431372549,-13.180175063137757,4.0
64,67,179.446533203125,0.15479999780654907,0.36470588235294116,-12.761168099487515,6.0
64,68,163.58102416992188,0.15119999647140503,0.3686274509803922,-11.655994883520385,4.0
64,69,172.64894104003906,0.0,0.2901960784313726,-13.191178094090583,5.0
64,70,152.72308349609375,0.0012000000569969416,0.25098039215686274,-12.86145326100131,4.0
64,71,117.09967803955078,0.06560000032186508,0.23921568627450981,-13.440092128539092,5.0
64,72,107.2460708618164,0.0,0.21176470588235294,-12.728874150297669,4.0
64,73,129.09971618652344,0.0,0.2235294117647059,-12.500206899261073,5.0
64,74,139.49618530273438,0.0,0.2901960784313726,-12.979151972398073,5.0
64,75,146.35816955566406,0.006399999838322401,0.3215686274509804,-12.925618711427905,4.0
64,76,122.37374877929688,0.0,0.3686274509803922,-14.275592382988297,5.0
64,77,207.6045379638672,0.07320000231266022,0.43529411764705883,-13.410655398364197,4.0
64,78,192.58958435058594,0.0,0.29411764705882354,-12.318157898398226,5.0
64,79,,,,-14.83716735218622,4.0
64,80,,,,-16.16776921232743,4.0
64,81,,,,-13.434566644025994,4.0
64,82,,,,-13.502946773956712,4.0
64,83,,,,-14.09362888289066,5.0
64,84,,,,-15.414360880024578,4.0
64,85,,,,-14.10569154796846,6.0
64,86,,,,-14.004638782018795,4.0
64,87,,,,-13.534795429755839,6.0
64,88,,,,-17.6841211129518,4.0
64,89,,,,-12.309576123514274,5.0
64,90,,,,-12.40142235931894,4.0
64,91,41.713722229003906,0.0,0.1607843137254902,-13.739765385094767,5.0
64,92,77.44023895263672,0.0,0.28627450980392155,-14.323004876728556,5.0
64,93,89.04367065429688,0.0,0.3137254901960784,-13.536308435519777,4.0
64,94,128.5333251953125,0.0,0.3803921568627451,-11.22159857653495,5.0
64,95,80.85030364990234,0.0,0.4117647058823529,-14.167419795261601,4.0
64,96,126.0423812866211,0.0031999999191612005,0.32941176470588235,-15.512239545316664,6.0
64,97,65.79939270019531,0.00839999970048666,0.3215686274509804,-13.805619926691751,4.0
64,98,122.4152603149414,0.04479999840259552,0.2784313725490196,-13.117939552360383,4.0
64,99,137.42425537109375,0.17560000717639923,0.2549019607843137,-11.551365992184635,4.0
64,100,90.11392974853516,0.04520000144839287,0.25098039215686274,-11.295773324649845,4.0
64,101,46.369956970214844,0.008799999952316284,0.23921568627450981,-11.231080081142117,4.0
64,102,85.53730773925781,0.0551999993622303,0.2823529411764706,-13.119843560952189,5.0
64,103,109.99956512451172,0.0,0.42745098039215684,-12.661322909977716,5.0
64,105,110.16192626953125,0.06239999830722809,0.5372549019607843,-12.147036670109221,4.0
64,106,123.49020385742188,0.020400000736117363,0.5529411764705883,-11.276092864955224,5.0
65,16,,,,-14.466852517081692,5.0
65,17,,,,-11.356007397470623,4.0
65,18,,,,-12.738955326297482,5.0
65,19,,,,-15.902476213088882,6.0
65,20,,,,-15.300673377028332,5.0
65,21,,,,-15.28840518898885,4.0
65,22,,,,-14.40663884821964,6.0
65,23,221.3851776123047,0.0,0.21568627450980393,-15.661463381247247,4.0
65,24,238.40357971191406,0.0,0.6196078431372549,-13.010880926787538,6.0
65,25,318.34808349609375,0.0,0.8705882352941177,-12.555479211137651,4.0
65,26,318.44580078125,0.0,0.8196078431372549,-14.6655843115924,5.0
65,27,246.61813354492188,0.0,0.5882352941176471,-14.69233615630519,4.0
65,28,241.6160430908203,0.0,0.49019607843137253,-15.638762013749341,5.0
65,29,221.850341796875,0.0,0.5058823529411764,-14.588672727323619,4.0
65,30,289.5292663574219,0.0,0.4666666666666667,-13.556031836292238,4.0
65,31,183.04287719726562,0.0,0.5019607843137255,-15.375249165718257,4.0
65,32,330.9431457519531,0.0,0.39215686274509803,-17.46468845513953,3.0
65,33,175.97689819335938,0.0,0.24313725490196078,-15.07730150172666,5.0
65,34,92.87520599365234,0.0,0.13725490196078433,-15.388429951452506,4.0
65,35,56.03343200683594,0.0,0.10196078431372549,-15.654960557922983,5.0
65,36,54.88673400878906,0.0,0.10588235294117647,-13.674939579190458,3.0
65,37,79.72364807128906,0.0,0.11764705882352941,-15.127193146811981,5.0
65,38,97.59449768066406,0.0,0.1843137254901961,-11.849949129457427,4.0
65,39,87.05210876464844,0.0,0.27450980392156865,-13.530566946707143,5.0
65,40,85.28639221191406,0.0,0.28627450980392155,-12.930125702714417,5.0
65,41,91.94377136230469,0.0,0.403921568627451,-13.492816198022318,4.0
65,42,197.33203125,0.0,0.6196078431372549,-13.242025435772709,5.0
65,43,213.29173278808594,0.0,0.47843137254901963,-16.428250468288276,4.0
65,44,223.99130249023438,0.0,0.33725490196078434,-13.199562762337717,5.0
65,45,171.6295623779297,0.0,0.2823529411764706,-11.63929938612174,4.0
65,46,129.0734405517578,0.0,0.20392156862745098,-12.952661029905803,4.0
65,47,95.60380554199219,0.0,0.14901960784313725,-10.719393606150733,3.0
65,48,80.16028594970703,0.0,0.13333333333333333,-11.86536957838032,4.0
65,49,74.21117401123047,0.0,0.12549019607843137,-11.443257326590064,5.0
65,50,62.27700424194336,0.0,0.13333333333333333,-12.732934559848674,4.0
65,51,69.1635513305664,0.0,0.2196078431372549,-12.279247475348908,5.0
65,52,84.0363540649414,0.0,0.23921568627450981,-11.266907609192947,4.0
65,53,77.84455108642578,0.0,0.1411764705882353,-10.781190471770222,5.0
65,54,59.8075065612793,0.0,0.10196078431372549,-12.9877321697221,4.0
65,55,31.197017669677734,0.0,0.10588235294117647,-11.879838281180518,4.0
65,56,36.14087677001953,0.0,0.09019607843137255,-11.257560049889598,4.0
65,57,24.445064544677734,0.0,0.07058823529411765,-13.630468352038669,4.0
65,58,29.339942932128906,0.0,0.11372549019607843,-15.300409467893727,4.0
65,59,24.338886260986328,0.0,0.12549019607843137,-14.639152639805067,4.0
65,60,38.85962677001953,0.0,0.10196078431372549,-15.530816295289029,5.0
65,61,18.31523323059082,0.0,0.1411764705882353,-15.942011103086866,4.0
65,62,7.653509616851807,0.0,0.1803921568627451,-15.57590527053798,5.0
65,63,31.443679809570312,0.0,0.23137254901960785,-13.515689053760937,4.0
65,64,44.99830627441406,0.0,0.3254901960784314,-11.578315692360928,5.0
65,65,87.36800384521484,0.0,0.35294117647058826,-10.852827108628505,5.0
65,66,79.76884460449219,0.0,0.3568627450980392,-14.79846983411317,5.0
65,67,63.75486755371094,0.0,0.32941176470588235,-13.317269399815954,5.0
65,68,126.02630615234375,0.02160000056028366,0.3176470588235294,-12.676549159540391,4.0
65,69,145.86122131347656,0.1111999973654747,0.2549019607843137,-12.879090281503668,5.0
65,70,193.33010864257812,0.004000000189989805,0.30196078431372547,-13.090717316782122,4.0
65,71,176.82958984375,0.031599998474121094,0.38823529411764707,-13.47019901557623,4.0
65,72,105.33723449707031,0.009600000455975533,0.27450980392156865,-11.908159661191036,4.0
65,73,72.32563018798828,0.0,0.2,-14.084765001587245,4.0
65,74,62.688968658447266,0.0,0.20392156862745098,-12.762463032410933,4.0
65,75,84.67205810546875,0.031599998474121094,0.2627450980392157,-13.230529914121362,5.0
65,76,166.64720153808594,0.007600000128149986,0.3568627450980392,-13.860744790808997,4.0
65,77,158.7014617919922,0.17759999632835388,0.43137254901960786,-14.976663985107928,5.0
65,78,207.58302307128906,0.0,0.36470588235294116,-14.376817592318194,4.0
65,79,101.1856460571289,0.0,0.050980392156862744,-11.57272052738013,4.0
65,80,,,,-12.400566791223607,6.0
65,81,,,,-12.036139688680727,4.0
65,82,,,,-14.228289376681209,4.0
65,83,,,,-14.578869715743387,4.0
65,84,,,,-14.517467687182323,4.0
65,85,,,,-11.954481519281213,5.0
65,86,,,,-14.205646480952828,4.0
65,87,,,,-14.467057381592781,5.0
65,88,,,,-15.132703572840798,4.0
65,89,,,,-12.261410673215885,5.0
65,90,,,,-14.689214915604547,4.0
65,91,114.22774505615234,0.0,0.16470588235294117,-14.5764222096869,4.0
65,92,152.1083221435547,0.019999999552965164,0.25882352941176473,-13.184216208148268,4.0
65,93,64.19817352294922,0.0,0.28627450980392155,-11.725996289396083,4.0
65,94,111.30194091796875,0.12559999525547028,0.3764705882352941,-11.209154754372952,5.0
65,95,103.21044921875,0.00279999990016222,0.4470588235294118,-12.382808091290112,4.0
65,96,111.86764526367188,0.014000000432133675,0.36470588235294116,-14.856351686081128,5.0
65,97,124.69627380371094,0.03200000151991844,0.3137254901960784,-15.597785428293312,4.0
65,98,71.11077117919922,0.0,0.2901960784313726,-13.563648329300243,5.0
65,99,140.31723022460938,0.0,0.28627450980392155,-13.615178840667586,4.0
65,100,92.28290557861328,0.00039999998989515007,0.3058823529411765,-15.98133983710099,5.0
65,101,104.51068878173828,0.1656000018119812,0.33725490196078434,-13.738443067328348,4.0
65,102,155.58297729492188,0.024800000712275505,0.3215686274509804,-13.107733705774695,5.0
65,103,122.75444030761719,0.03759999945759773,0.30196078431372547,-14.606493075436022,4.0
65,104,98.9306869506836,0.12319999933242798,0.33725490196078434,-11.727822451946297,4.0
65,106,120.1142807006836,0.10199999809265137,0.5254901960784314,-11.478542616947891,4.0
66,19,,,,-17.050074344460892,5.0
66,20,,,,-14.004129883279251,4.0
66,21,,,,-14.700824685455924,5.0
66,22,,,,-16.714298058739562,4.0
66,23,,,,-13.749950659411143,6.0
66,24,,,,-13.345917481464673,5.0
66,25,305.4506530761719,0.0,0.050980392156862744,-13.529739702005106,4.0
66,26,285.18939208984375,0.0,0.16470588235294117,-14.489096205415883,6.0
66,27,294.1567687988281,0.0,0.23529411764705882,-12.410705723234859,4.0
66,28,258.201416015625,0.0,0.37254901960784315,-14.673657927382083,4.0
66,29,208.41944885253906,0.0,0.4588235294117647,-17.000855868071262,4.0
66,30,201.33673095703125,0.0,0.596078431372549,-14.764694673867226,5.0
66,31,238.3712158203125,0.0,0.5607843137254902,-13.051002750017002,4.0
66,32,224.86634826660156,0.0,0.45098039215686275,-14.900069042463265,5.0
66,33,200.87783813476562,0.0,0.2980392156862745,-13.328214902094686,4.0
66,34,116.3057632446289,0.0,0.19607843137254902,-17.40522477319429,4.0
66,35,94.15912628173828,0.0,0.16470588235294117,-13.984116641215127,3.0
66,36,74.26404571533203,0.0,0.17254901960784313,-14.869098214452992,4.0
66,37,88.10012817382812,0.0,0.18823529411764706,-13.695681211429331,5.0
66,38,139.19955444335938,0.0,0.23529411764705882,-12.111405964645328,4.0
66,39,159.2627410888672,0.0,0.2980392156862745,-13.40377405229085,5.0
66,40,138.9154052734375,0.0,0.33725490196078434,-13.54218842299022,4.0
66,41,106.76887512207031,0.006399999838322401,0.44313725490196076,-14.089938923483036,6.0
66,42,196.0323486328125,0.0,0.5098039215686274,-12.885006053925272,5.0
66,43,227.92440795898438,0.0,0.4235294117647059,-10.829781867157315,4.0
66,44,330.8241271972656,0.0,0.3411764705882353,-10.5746613120382,5.0
66,45,157.1042022705078,0.00279999990016222,0.24313725490196078,-11.66096586813515,3.0
66,46,132.091552734375,0.0,0.16862745098039217,-12.212660468117617,6.0
66,47,105.45854949951172,0.0,0.1607843137254902,-13.315884609814638,4.0
66,48,99.34491729736328,0.0,0.14901960784313725,-15.471279091390135,6.0
66,49,81.62692260742188,0.0,0.1411764705882353,-15.820262886561675,4.0
66,50,78.34882354736328,0.0,0.1843137254901961,-12.780165276201817,4.0
66,51,89.70916748046875,0.0,0.3176470588235294,-13.38186261429733,4.0
66,52,70.24527740478516,0.0,0.30196078431372547,-12.615909336870981,4.0
66,53,76.4977035522461,0.0,0.1803921568627451,-11.791588944396217,4.0
66,54,108.0484390258789,0.0,0.12156862745098039,-12.14094490294846,4.0
66,55,54.55900955200195,0.0,0.09803921568627451,-13.369025959941839,6.0
66,56,49.5678596496582,0.0,0.08235294117647059,-11.836388771758346,4.0
66,57,23.084566116333008,0.0,0.0784313725490196,-16.037792969829734,5.0
66,58,23.993549346923828,0.0,0.10196078431372549,-15.159148783995779,4.0
66,59,33.34248733520508,0.0,0.11764705882352941,-13.026704848638182,5.0
66,60,38.656700134277344,0.0,0.12156862745098039,-15.481249438638226,4.0
66,61,24.8668212890625,0.0,0.16862745098039217,-15.054130489475872,4.0
66,62,39.452735900878906,0.0,0.20392156862745098,-14.292805722441766,5.0
66,63,52.36948776245117,0.0,0.2627450980392157,-13.246128550457692,4.0
66,64,69.43659973144531,0.0,0.3607843137254902,-13.57244738744387,5.0
66,65,99.15608978271484,0.0,0.4117647058823529,-14.694240232608253,4.0
66,66,103.69718170166016,0.0,0.47843137254901963,-14.28056839674361,5.0
66,67,143.0629425048828,0.07320000231266022,0.42745098039215684,-12.167532526918352,4.0
66,69,169.1465301513672,0.06080000102519989,0.23529411764705882,-14.10368034978731,4.0
66,70,128.3750762939453,0.0,0.34901960784313724,-12.84461531988014,4.0
66,71,222.7877960205078,0.07199999690055847,0.4627450980392157,-14.494880190243386,5.0
66,72,129.62289428710938,0.0,0.25882352941176473,-12.817284760295776,4.0
66,73,116.23440551757812,0.07320000231266022,0.12549019607843137,-13.991044462260769,5.0
66,74,94.06158447265625,0.03440000116825104,0.10588235294117647,-13.77912029796021,4.0
66,75,143.40313720703125,0.1136000007390976,0.16862745098039217,-12.427592388292805,6.0
66,76,180.4899139404297,0.0,0.21568627450980393,-12.766219714197485,4.0
66,77,113.33580017089844,0.0,0.33725490196078434,-14.541287688113284,5.0
66,78,139.35789489746094,0.05559999868273735,0.3686274509803922,-14.692503531130575,4.0
66,79,73.55099487304688,0.0,0.12549019607843137,-11.653569609990122,4.0
66,80,,,,-13.182438219849658,4.0
66,81,,,,-15.149849682854502,4.0
66,82,,,,-15.668706048396375,5.0
66,83,,,,-15.729773972083642,4.0
66,84,,,,-12.103512505672247,5.0
66,85,,,,-12.062822017180476,4.0
66,86,,,,-16.48882528278055,5.0
66,87,,,,-15.026322593510562,4.0
66,88,,,,-14.335017779481792,4.0
66,89,189.7561492919922,0.0560000017285347,0.058823529411764705,-11.565304678793495,5.0
66,90,162.1345977783203,0.030799999833106995,0.1568627450980392,-12.53604101601642,4.0
66,91,137.441650390625,0.0,0.23137254901960785,-12.836127345748862,5.0
66,92,147.74354553222656,0.0,0.30196078431372547,-11.148531910628572,4.0
66,93,101.8870849609375,0.0,0.2784313725490196,-14.086198046836397,5.0
66,94,58.99132537841797,0.002400000113993883,0.2784313725490196,-13.97614030447999,4.0
66,95,166.907958984375,0.0820000022649765,0.3176470588235294,-12.090572751049448,5.0
66,96,134.69981384277344,0.05999999865889549,0.36470588235294116,-11.950952658857343,4.0
66,97,86.30292510986328,0.0007999999797903001,0.3215686274509804,-12.421919525883602,5.0
66,98,95.37519836425781,0.004000000189989805,0.26666666666666666,-14.238747814056246,5.0
66,99,121.54491424560547,0.02199999988079071,0.2823529411764706,-16.50607901836611,4.0
66,100,100.38235473632812,0.0,0.32941176470588235,-16.011445560631014,5.0
66,102,109.88811492919922,0.0,0.3568627450980392,-12.32116575178835,5.0
66,103,142.19577026367188,0.041200000792741776,0.23137254901960785,-12.12672063972363,4.0
66,104,117.19425964355469,0.002400000113993883,0.2196078431372549,-14.230482611086012,4.0
67,11,,,,-30.43495735733005,4.0
67,12,,,,-29.983386131307217,5.0
67,13,,,,-29.318037958527462,4.0
67,14,,,,-29.031862148216902,5.0
67,15,,,,-28.394303029068624,4.0
67,16,,,,-27.528114913806185,5.0
67,20,,,,-19.717604540672,5.0
67,21,,,,-19.53944775291156,5.0
67,22,,,,-14.73852469608116,5.0
67,23,,,,-12.291282523546691,4.0
67,24,,,,-14.31226163705093,5.0
67,25,,,,-14.94160707940026,6.0
67,26,,,,-13.752429287697472,5.0
67,27,,,,-12.455500896755263,4.0
67,28,,,,-17.33565033979386,5.0
67,29,,,,-12.63155137137739,5.0
67,30,172.47108459472656,0.0,0.24705882352941178,-13.850730938017719,5.0
67,31,224.6012725830078,0.0,0.47058823529411764,-14.339284944054395,4.0
67,32,233.89537048339844,0.0,0.4588235294117647,-14.780297779313097,4.0
67,33,266.439208984375,0.0,0.34509803921568627,-16.591568458883,4.0
67,34,234.62184143066406,0.0,0.24705882352941178,-13.371743537303482,5.0
67,35,156.8866424560547,0.0,0.21176470588235294,-11.359731801697684,4.0
67,36,128.39413452148438,0.0,0.2549019607843137,-13.155349194618498,4.0
67,37,158.93438720703125,0.0,0.30196078431372547,-13.735074452603843,5.0
67,38,206.18698120117188,0.0,0.32941176470588235,-12.29148352833599,4.0
67,39,238.02708435058594,0.0,0.34509803921568627,-14.640941122807662,5.0
67,40,184.9650421142578,0.0,0.40784313725490196,-15.483996162275456,4.0
67,41,153.4676055908203,0.0,0.4745098039215686,-15.400176590813015,5.0
67,42,208.136474609375,0.0,0.40784313725490196,-13.297042501800298,4.0
67,43,205.06028747558594,0.0,0.2901960784313726,-13.551120890821831,5.0
67,44,175.7691650390625,0.0,0.30196078431372547,-14.44892165501384,4.0
67,45,134.80136108398438,0.0,0.25098039215686274,-11.794333809213809,5.0
67,46,103.8204574584961,0.0,0.19607843137254902,-13.731790649978041,4.0
67,47,104.65489959716797,0.0,0.20392156862745098,-12.218931738899169,3.0
67,48,99.09891510009766,0.0,0.20392156862745098,-11.358797164865598,4.0
67,49,90.40216827392578,0.0,0.18823529411764706,-15.382506296641463,4.0
67,50,71.27941131591797,0.0,0.23529411764705882,-12.70744205276584,5.0
67,51,93.65459442138672,0.0,0.3137254901960784,-11.227398417591765,4.0
67,52,76.90805053710938,0.0,0.2901960784313726,-14.659881387062875,5.0
67,53,64.17842102050781,0.0,0.2196078431372549,-14.041941903716086,4.0
67,54,125.25443267822266,0.0,0.15294117647058825,-12.968817650648234,5.0
67,55,85.01573181152344,0.0,0.10588235294117647,-14.789181754189809,4.0
67,56,62.52002716064453,0.0,0.10196078431372549,-12.999760612285709,4.0
67,57,46.95600128173828,0.0,0.10196078431372549,-15.980202163901298,5.0
67,58,44.419254302978516,0.0,0.11372549019607843,-13.863795331994098,4.0
67,59,45.48347473144531,0.0,0.14901960784313725,-14.957141520230444,4.0
67,60,64.79124450683594,0.0,0.17254901960784313,-13.979356901977802,5.0
67,61,85.17442321777344,0.0,0.19215686274509805,-12.796239244313014,5.0
67,62,89.6019058227539,0.0,0.21568627450980393,-14.743462943639692,5.0
67,63,95.88392639160156,0.0,0.2823529411764706,-14.14379006506661,5.0
67,64,130.82919311523438,0.0,0.30980392156862746,-14.839164825228943,4.0
67,65,90.81803894042969,0.0,0.3215686274509804,-16.31751074554299,4.0
67,66,136.68690490722656,0.10320000350475311,0.4117647058823529,-15.169311626668227,5.0
67,67,227.35023498535156,0.24560000002384186,0.4470588235294118,-14.58886656172993,4.0
67,68,205.2550048828125,0.13680000603199005,0.29411764705882354,-12.751415295685089,5.0
67,69,151.95457458496094,0.0,0.16862745098039217,-13.476092267632247,4.0
67,70,184.65380859375,0.04919999837875366,0.07450980392156863,-12.299179483638722,5.0
67,71,,,,-15.1772844505527,4.0
67,72,,,,-12.83708781832246,4.0
67,73,,,,-14.618995889878239,4.0
67,74,,,,-15.640443753329812,4.0
67,75,,,,-13.620213493699167,5.0
67,76,132.40322875976562,0.006800000090152025,0.043137254901960784,-12.90986879732981,4.0
67,77,186.72314453125,0.07760000228881836,0.3176470588235294,-11.448122228820942,4.0
67,78,125.35242462158203,0.0860000029206276,0.3176470588235294,-10.95005636784087,4.0
67,79,100.80779266357422,0.0,0.058823529411764705,-13.974188836706796,5.0
67,80,,,,-13.263806516433503,4.0
67,81,,,,-14.128659356157778,5.0
67,82,,,,-17.943257009378502,4.0
67,83,,,,-19.646888888543653,4.0
67,84,,,,-14.520209259025787,6.0
67,85,,,,-12.203943594485766,4.0
67,86,,,,-15.487434373676264,5.0
67,87,41.4811897277832,0.18000000715255737,0.00784313725490196,-14.730560628830592,4.0
67,88,161.16043090820312,0.015599999576807022,0.22745098039215686,-13.640493199441925,5.0
67,89,166.076171875,0.012799999676644802,0.21176470588235294,-12.760238321891029,4.0
67,90,131.7549285888672,0.0,0.16862745098039217,-11.312860740638204,5.0
67,91,112.83010864257812,0.0,0.23921568627450981,-13.897344563267747,4.0
67,92,201.80892944335938,0.0,0.30980392156862746,-11.153488649650127,4.0
67,93,158.51150512695312,0.0860000029206276,0.30196078431372547,-11.50309833441679,5.0
67,94,129.53309631347656,0.00839999970048666,0.25882352941176473,-14.618715626427143,4.0
67,95,142.36358642578125,0.0,0.26666666666666666,-11.863707117374233,5.0
67,96,167.193115234375,0.0,0.3843137254901961,-9.674458826133904,4.0
67,97,150.07131958007812,0.0012000000569969416,0.36470588235294116,-12.263057368298307,4.0
67,98,119.94876098632812,0.0,0.24705882352941178,-14.383170254646886,4.0
67,99,225.39210510253906,0.002400000113993883,0.25098039215686274,-13.672332050152054,4.0
67,100,148.88226318359375,0.07559999823570251,0.25098039215686274,-13.625717279746851,5.0
67,101,142.5460205078125,0.06279999762773514,0.2980392156862745,-15.32807544178345,4.0
67,104,86.2834701538086,0.00039999998989515007,0.19607843137254902,-13.069201080449622,6.0
68,13,,,,-30.671230402177375,4.0
68,14,,,,-30.852587642035427,5.0
68,15,,,,-30.566028012983576,4.0
68,16,,,,-29.092757885349748,4.0
68,17,,,,-28.948511995044136,5.0
68,18,,,,-29.458336903109455,4.0
68,19,,,,-28.511548022918536,5.0
68,20,,,,-29.20303527568784,4.0
68,21,,,,-27.816972418001463,5.0
68,22,,,,-23.285326967781486,4.0
68,23,,,,-21.26987235972999,6.0
68,26,,,,-16.797548976997614,4.0
68,27,,,,-16.46565424419202,6.0
68,28,,,,-13.96072511283123,4.0
68,29,,,,-12.011030719396915,5.0
68,30,,,,-13.71162204902255,4.0
68,31,206.967041015625,0.0,0.0196078431372549,-14.115377089678152,5.0
68,32,188.0254669189453,0.0,0.03529411764705882,-14.5114789199531,5.0
68,33,182.92529296875,0.0007999999797903001,0.050980392156862744,-17.114132856490663,4.0
68,34,189.9080352783203,0.0,0.21568627450980393,-15.228648526389474,5.0
68,35,176.93402099609375,0.0,0.27058823529411763,-12.290251163948865,4.0
68,36,267.0458068847656,0.0,0.3764705882352941,-13.569337989389336,6.0
68,37,234.4371337890625,0.0,0.43529411764705883,-14.052219105700416,4.0
68,38,202.80020141601562,0.0,0.4392156862745098,-15.040558550879188,5.0
68,39,319.9305725097656,0.0,0.4666666666666667,-15.150614193014437,4.0
68,40,229.1807098388672,0.0,0.5215686274509804,-14.16572545324122,5.0
68,41,196.0424041748047,0.0,0.5529411764705883,-15.01674820384605,5.0
68,42,225.30270385742188,0.0,0.35294117647058826,-16.799137613838578,4.0
68,43,219.42950439453125,0.0,0.24313725490196078,-13.381796024998657,5.0
68,44,148.81471252441406,0.0,0.2627450980392157,-15.426296373928905,4.0
68,45,173.1064453125,0.0,0.27058823529411763,-15.083923843001399,3.0
68,46,160.53138732910156,0.00039999998989515007,0.2627450980392157,-16.189700901111415,4.0
68,47,158.8175048828125,0.0012000000569969416,0.26666666666666666,-12.489289689807743,5.0
68,48,113.51270294189453,0.0,0.25098039215686274,-12.585379067066153,4.0
68,49,121.13325500488281,0.0,0.19215686274509805,-12.437464444349738,4.0
68,50,87.68167114257812,0.0,0.23921568627450981,-11.741319218095521,5.0
68,51,94.79029083251953,0.0,0.28627450980392155,-11.77444455953661,4.0
68,52,85.34355163574219,0.0,0.23529411764705882,-13.649462131890564,5.0
68,53,102.4535140991211,0.0,0.17254901960784313,-12.368667439377358,4.0
68,54,107.22232818603516,0.0,0.12156862745098039,-12.27417981214695,4.0
68,55,85.1219482421875,0.0,0.09803921568627451,-14.530210884434599,4.0
68,56,78.00623321533203,0.0,0.10980392156862745,-14.856820952032077,4.0
68,57,84.20186614990234,0.0,0.12156862745098039,-14.940635135890616,4.0
68,58,73.82308959960938,0.01679999940097332,0.16470588235294117,-12.387556480748561,4.0
68,59,89.99717712402344,0.0,0.21568627450980393,-12.090239793194076,5.0
68,60,84.76178741455078,0.0,0.22745098039215686,-11.306911423679955,4.0
68,61,101.95576477050781,0.0,0.23529411764705882,-12.144794944037171,5.0
68,62,104.25152587890625,0.0,0.2980392156862745,-14.172016100689401,4.0
68,63,116.70262145996094,0.0,0.34901960784313724,-10.972419100209132,5.0
68,64,149.9780731201172,0.0,0.28627450980392155,-12.41112331206142,5.0
68,65,92.12818145751953,0.0,0.28627450980392155,-16.097354505875618,4.0
68,66,160.65310668945312,0.14640000462532043,0.33725490196078434,-14.8114281253305,5.0
68,67,201.31544494628906,0.1728000044822693,0.32941176470588235,-14.504485672767096,5.0
68,68,252.15472412109375,0.1088000014424324,0.023529411764705882,-15.616036090168723,4.0
68,69,219.6569061279297,0.12439999729394913,0.00392156862745098,-13.607695784882313,4.0
68,70,,,,-13.126233912359858,5.0
68,71,,,,-13.349690986616316,4.0
68,74,,,,-13.785034830185669,5.0
68,76,,,,-10.462551330934355,5.0
68,77,148.1300506591797,0.0,0.011764705882352941,-13.132062553950414,5.0
68,78,158.25912475585938,0.00559999980032444,0.11372549019607843,-12.042550360477296,4.0
68,79,108.28362274169922,0.0,0.00392156862745098,-12.544086697996224,5.0
68,80,,,,-12.613417236150832,4.0
68,81,,,,-13.141886002061318,3.0
68,82,,,,-18.318516092067597,4.0
68,83,,,,-15.10230304218182,5.0
68,84,,,,-13.113273415601691,4.0
68,85,,,,-12.328418892230491,6.0
68,86,166.62155151367188,0.0,0.1450980392156863,-13.655026610111992,4.0
68,87,127.65829467773438,0.0,0.27058823529411763,-11.785644642196848,5.0
68,88,161.9103240966797,0.18799999356269836,0.27058823529411763,-14.201488894583413,5.0
68,89,166.96348571777344,0.0,0.24313725490196078,-10.378567040648134,4.0
68,90,113.68482208251953,0.010400000028312206,0.2235294117647059,-9.931870825648563,4.0
68,91,141.9256134033203,0.0,0.20392156862745098,-14.183144286855654,4.0
68,92,133.17288208007812,0.0,0.27058823529411763,-11.364606598654913,6.0
68,93,182.29632568359375,0.030799999833106995,0.33725490196078434,-9.267691195556454,4.0
68,94,160.01756286621094,0.21359999477863312,0.29411764705882354,-10.77673382183031,4.0
68,95,157.50852966308594,0.00559999980032444,0.28627450980392155,-14.23461650076479,4.0
68,96,146.5773468017578,0.0,0.3607843137254902,-11.398554146268049,4.0
68,97,184.50621032714844,0.0,0.37254901960784315,-10.365111702658655,5.0
68,98,175.88641357421875,0.0,0.30196078431372547,-12.409939602081998,4.0
68,99,156.55091857910156,0.0007999999797903001,0.2980392156862745,-12.289710314112302,5.0
68,100,172.09567260742188,0.07360000163316727,0.24313725490196078,-11.78018000989894,4.0
68,101,157.28704833984375,0.0,0.24705882352941178,-13.486849671501048,5.0
68,102,161.5334930419922,0.053599998354911804,0.2901960784313726,-11.796452264222694,4.0
68,103,170.38275146484375,0.12280000001192093,0.26666666666666666,-10.15249693708936,5.0
68,104,113.51280212402344,0.06520000100135803,0.2784313725490196,-12.42360030523712,4.0
68,105,120.38658905029297,0.12559999525547028,0.2823529411764706,-11.513123915887892,4.0
69,30,,,,-14.076179915341982,4.0
69,31,,,,-15.702470472818701,5.0
69,32,,,,-12.653939087326592,4.0
69,33,,,,-15.643091503528115,6.0
69,34,,,,-14.58746669312347,4.0
69,35,128.3187255859375,0.0,0.12156862745098039,-13.468011849137724,4.0
69,36,163.81353759765625,0.0,0.2627450980392157,-15.405117317195348,5.0
69,37,173.0815887451172,0.008799999952316284,0.47843137254901963,-15.190077253643997,4.0
69,38,178.27801513671875,0.053599998354911804,0.45098039215686275,-15.558068660555833,6.0
69,39,202.39520263671875,0.0,0.5254901960784314,-14.069488048799194,5.0
69,40,252.0683135986328,0.0,0.6352941176470588,-13.17047615057338,4.0
69,41,230.73655700683594,0.0,0.6,-11.72983792783201,5.0
69,42,207.89218139648438,0.0,0.4470588235294118,-14.675638024092878,4.0
69,43,233.31080627441406,0.0,0.43137254901960786,-14.038299088651359,4.0
69,44,232.9236602783203,0.0,0.3764705882352941,-12.476523897995293,4.0
69,45,155.6300048828125,0.0,0.3058823529411765,-13.795722907058682,5.0
69,46,208.45480346679688,0.0,0.28627450980392155,-14.693275789966085,4.0
69,47,171.67568969726562,0.013199999928474426,0.3058823529411765,-12.637688456000202,5.0
69,48,133.9594268798828,0.0015999999595806003,0.2901960784313726,-15.49500661159799,4.0
69,49,123.99214935302734,0.02160000056028366,0.24313725490196078,-12.275910205188008,5.0
69,50,147.4124298095703,0.0015999999595806003,0.28627450980392155,-12.449708345623343,5.0
69,51,164.4104461669922,0.03920000046491623,0.3137254901960784,-12.549316838384241,5.0
69,52,146.4364776611328,0.00279999990016222,0.25882352941176473,-13.820562621308689,3.0
69,53,105.13191223144531,0.0,0.20392156862745098,-13.15495554869594,3.0
69,54,135.3800811767578,0.0,0.15294117647058825,-14.515948124546632,5.0
69,55,92.57585906982422,0.0,0.10980392156862745,-14.606690374586972,4.0
69,56,69.80923461914062,0.0860000029206276,0.10980392156862745,-13.665488947536835,5.0
69,57,97.24433898925781,0.0,0.1607843137254902,-14.380464227545282,4.0
69,58,93.42869567871094,0.0,0.23529411764705882,-16.491383462030356,5.0
69,59,108.27488708496094,0.0,0.2549019607843137,-15.00167365494656,4.0
69,60,84.3517074584961,0.0,0.23529411764705882,-13.130169293930695,5.0
69,61,127.63377380371094,0.0,0.3215686274509804,-10.984882007946325,4.0
69,62,126.76531219482422,0.0,0.4588235294117647,-14.719607899191228,4.0
69,63,109.9842300415039,0.0,0.45098039215686275,-10.666219570034436,5.0
69,64,131.51710510253906,0.0,0.3568627450980392,-15.04040799595873,4.0
69,65,156.51231384277344,0.05000000074505806,0.36470588235294116,-15.300185315968811,6.0
69,66,199.1351776123047,0.09319999814033508,0.3686274509803922,-11.705585693883814,4.0
69,68,175.02333068847656,0.2215999960899353,0.023529411764705882,-12.283309617636874,4.0
69,72,,,,-15.375146695007587,5.0
69,73,,,,-17.329310594755015,4.0
69,76,,,,-14.509833823996424,5.0
69,77,,,,-13.054054147164715,4.0
69,78,,,,-11.858703962007212,4.0
69,79,147.4994659423828,0.07119999825954437,0.01568627450980392,-11.448787375260103,4.0
69,80,,,,-14.768949886891322,4.0
69,84,,,,-11.189939481010434,4.0
69,85,,,,-12.794734971977954,5.0
69,86,167.62464904785156,0.0,0.13725490196078433,-12.731918623689849,4.0
69,87,132.94285583496094,0.0,0.2627450980392157,-11.633885905206746,5.0
69,88,66.65937805175781,0.03920000046491623,0.21568627450980393,-15.091518105101835,5.0
69,89,121.9161148071289,0.20559999346733093,0.2784313725490196,-14.182610757545602,4.0
69,90,131.36895751953125,0.18440000712871552,0.3058823529411765,-14.540378913174447,5.0
69,91,132.13323974609375,0.0,0.23137254901960785,-12.699954496479434,4.0
69,92,147.67694091796875,0.0,0.26666666666666666,-14.673164041812663,5.0
69,93,166.44154357910156,0.1712000072002411,0.3333333333333333,-14.096148886005652,4.0
69,94,180.5709686279297,0.147599995136261,0.3254901960784314,-11.510832600526511,5.0
69,95,168.7784881591797,0.2280000001192093,0.30980392156862746,-12.759195791838312,4.0
69,96,135.5234832763672,0.0,0.3215686274509804,-13.910054422391966,5.0
69,97,139.0016326904297,0.0,0.3333333333333333,-12.955541094737644,4.0
69,98,191.4711151123047,0.0,0.3607843137254902,-13.256598794787122,5.0
69,99,162.26185607910156,0.1891999989748001,0.3803921568627451,-12.002122536305324,5.0
69,100,173.84637451171875,0.0,0.2784313725490196,-12.452347335944973,4.0
69,101,169.2561798095703,0.0,0.2627450980392157,-12.121113407344264,5.0
69,102,165.06105041503906,0.0,0.3686274509803922,-13.141646716301818,4.0
69,103,175.0357666015625,0.02280000038444996,0.3803921568627451,-12.123560177914104,5.0
70,32,,,,-14.493476397056202,4.0
70,33,,,,-13.228669165396628,5.0
70,34,,,,-11.577037176217374,4.0
70,35,,,,-11.838458059246655,5.0
70,36,,,,-12.245161185619569,5.0
70,37,,,,-14.081061134839034,5.0
70,38,70.804931640625,0.0,0.08627450980392157,-13.179140218498892,4.0
70,39,87.0792236328125,0.0,0.4235294117647059,-13.318114946922803,5.0
70,40,139.458251953125,0.0,0.5450980392156862,-14.869235197927013,5.0
70,41,181.4810333251953,0.0,0.5294117647058824,-11.776545270990859,4.0
70,42,138.81541442871094,0.0,0.44313725490196076,-12.563611508819433,6.0
70,43,298.5072937011719,0.035999998450279236,0.47058823529411764,-14.485177151981347,4.0
70,44,249.38865661621094,0.004000000189989805,0.4549019607843137,-11.403513052586916,4.0
70,45,234.50848388671875,0.0,0.3058823529411765,-14.640509376659088,4.0
70,46,147.84251403808594,0.0,0.28627450980392155,-13.137510672658797,4.0
70,47,114.96614837646484,0.0,0.3333333333333333,-13.061802479960354,4.0
70,48,142.08689880371094,0.0,0.3607843137254902,-14.135603774085705,4.0
70,49,144.80181884765625,0.0,0.3568627450980392,-13.263358316416225,5.0
70,50,220.38308715820312,0.0,0.36470588235294116,-11.827842222869407,4.0
70,51,260.5343322753906,0.023600000888109207,0.3411764705882353,-12.92687962416852,5.0
70,52,188.5255126953125,0.08720000088214874,0.3333333333333333,-12.261161224726266,4.0
70,53,143.37046813964844,0.004800000227987766,0.3333333333333333,-13.944431021272806,5.0
70,54,138.66104125976562,0.0,0.25098039215686274,-13.39038745464512,4.0
70,55,131.13084411621094,0.0,0.16470588235294117,-13.663688990124323,4.0
70,56,87.47450256347656,0.0,0.1411764705882353,-15.631880602119212,5.0
70,57,70.90338897705078,0.03680000081658363,0.16470588235294117,-14.105042162391968,4.0
70,58,85.05384826660156,0.0272000003606081,0.19215686274509805,-14.661282560927836,5.0
70,59,105.72148895263672,0.0,0.21568627450980393,-11.781981524346474,4.0
70,60,108.33846282958984,0.006399999838322401,0.26666666666666666,-11.073493442721034,5.0
70,61,157.0738983154297,0.0,0.3686274509803922,-13.036562480710582,4.0
70,62,167.15524291992188,0.0,0.4588235294117647,-15.936898887252333,5.0
70,63,140.4650421142578,0.00039999998989515007,0.4588235294117647,-14.907971862185754,4.0
70,65,143.98660278320312,0.09399999678134918,0.3686274509803922,-15.066715899417089,4.0
70,66,149.46388244628906,0.24959999322891235,0.35294117647058826,-13.111982937612856,4.0
70,72,,,,-15.972474202017793,4.0
70,73,,,,-14.820744040538534,5.0
70,74,,,,-14.663252822371525,5.0
70,75,,,,-13.800236762907087,4.0
70,78,,,,-11.014910333244599,6.0
70,79,,,,-11.981833344644809,4.0
70,80,,,,-14.452290205570534,5.0
70,82,,,,-12.306651841034192,4.0
70,83,,,,-14.371227854192266,5.0
70,84,,,,-12.170454240811488,4.0
70,85,124.53778076171875,0.03959999978542328,0.28627450980392155,-12.860688404249835,5.0
70,86,179.2264404296875,0.07079999893903732,0.38823529411764707,-11.145809336530501,4.0
70,87,149.2120819091797,0.20399999618530273,0.3215686274509804,-12.72340709705475,5.0
70,88,31.950443267822266,0.0,0.30980392156862746,-14.387259178528284,4.0
70,89,87.53492736816406,0.014399999752640724,0.30980392156862746,-14.754439375386518,5.0
70,90,91.66276550292969,0.0,0.24313725490196078,-14.962310515407808,4.0
70,91,59.27655029296875,0.0,0.2196078431372549,-11.586013080046701,5.0
70,92,118.99266052246094,0.0,0.25882352941176473,-12.284649653454272,4.0
70,93,194.2448272705078,0.03480000048875809,0.29411764705882354,-13.910909466816877,4.0
70,94,180.9974365234375,0.06639999896287918,0.2901960784313726,-12.8850061298327,5.0
70,95,143.24180603027344,0.06759999692440033,0.27058823529411763,-14.090286774577658,4.0
70,96,148.170166015625,0.0031999999191612005,0.2980392156862745,-13.018957613146348,4.0
70,97,165.3708038330078,0.0,0.3176470588235294,-13.325646515349817,4.0
70,98,157.42779541015625,0.0,0.3254901960784314,-12.98864527199571,5.0
70,99,154.67930603027344,0.1720000058412552,0.36470588235294116,-11.824071783928767,4.0
70,100,139.81459045410156,0.0,0.30980392156862746,-12.65309185736607,4.0
70,101,175.2464599609375,0.005200000014156103,0.29411764705882354,-12.13857631837067,4.0
70,102,145.9268798828125,0.00039999998989515007,0.40784313725490196,-16.42714540794224,5.0
70,103,168.18743896484375,0.014399999752640724,0.4196078431372549,-15.495074926147005,4.0
70,104,188.52389526367188,0.12200000137090683,0.35294117647058826,-15.436150165221854,4.0
70,106,173.00640869140625,0.05040000006556511,0.3686274509803922,-15.655122839672428,4.0
71,35,,,,-14.420978437726937,5.0
71,36,,,,-11.572864254815032,4.0
71,37,,,,-12.904917558956598,5.0
71,38,,,,-12.46316055535756,4.0
71,39,114.15907287597656,0.0,0.00784313725490196,-15.016627655633917,5.0
71,40,56.796531677246094,0.0,0.058823529411764705,-14.498093924656901,5.0
71,41,43.28826904296875,0.0,0.2235294117647059,-13.667697784232029,4.0
71,42,44.64054870605469,0.0,0.34901960784313724,-14.35448867409571,5.0
71,43,116.77941131591797,0.00800000037997961,0.3803921568627451,-13.677313634415926,4.0
71,44,105.90169525146484,0.012400000356137753,0.3058823529411765,-13.40558041009672,6.0
71,45,104.18501281738281,0.0,0.24313725490196078,-12.454614691635651,4.0
71,46,107.52372741699219,0.0,0.26666666666666666,-14.701840792963035,6.0
71,47,95.29923248291016,0.0,0.35294117647058826,-17.882018549369274,4.0
71,48,176.381103515625,0.0020000000949949026,0.40784313725490196,-15.024113969668251,4.0
71,49,130.90858459472656,0.0,0.3843137254901961,-14.162794985652177,5.0
71,50,177.55149841308594,0.0,0.43137254901960786,-13.626342203442992,5.0
71,51,170.76141357421875,0.024399999529123306,0.4627450980392157,-14.912112395704506,5.0
71,52,138.83489990234375,0.0,0.5019607843137255,-10.523561174560331,4.0
71,53,190.97201538085938,0.0,0.4980392156862745,-12.85769977828824,5.0
71,54,162.83941650390625,0.03200000151991844,0.39215686274509803,-11.292655622623561,4.0
71,55,171.1360626220703,0.05920000001788139,0.35294117647058826,-15.041329483038325,6.0
71,56,145.661865234375,0.0007999999797903001,0.2784313725490196,-12.654945337656878,4.0
71,58,98.07536315917969,0.00279999990016222,0.23921568627450981,-13.238374980169262,5.0
71,59,133.56393432617188,0.0020000000949949026,0.27450980392156865,-12.912599012298704,5.0
71,60,198.35255432128906,0.030400000512599945,0.34509803921568627,-15.161370465758777,4.0
71,61,170.81149291992188,0.03680000081658363,0.42745098039215684,-16.833357214285517,4.0
71,62,258.6972961425781,0.03440000116825104,0.38823529411764707,-14.353807249408462,5.0
71,63,154.327880859375,0.0,0.34509803921568627,-14.013677918329304,3.0
71,64,210.14529418945312,0.14800000190734863,0.3137254901960784,-11.975757979678981,5.0
71,65,130.40432739257812,0.036400001496076584,0.30980392156862746,-14.422228837344246,4.0
71,66,184.0780029296875,0.07119999825954437,0.2980392156862745,-14.960341994032703,4.0
71,68,,,,-12.623440718678879,3.0
71,69,,,,-14.240871809779676,5.0
71,70,,,,-15.641849157651615,4.0
71,72,,,,-15.094633431357064,4.0
71,73,,,,-12.898213953398832,5.0
71,74,,,,-15.723678093288207,4.0
71,80,,,,-12.634533384323305,5.0
71,81,,,,-14.095118258150908,4.0
71,83,,,,-15.289868577028411,4.0
71,84,93.12921905517578,0.007199999876320362,0.01568627450980392,-15.166156398776952,6.0
71,85,75.04207611083984,0.04520000144839287,0.30980392156862746,-15.464698635511844,5.0
71,87,144.2041778564453,0.21080000698566437,0.3254901960784314,-14.388392885777574,5.0
71,88,46.7425537109375,0.0,0.3764705882352941,-15.28607704886359,4.0
71,89,101.72321319580078,0.0,0.41568627450980394,-13.090950456354397,5.0
71,90,133.79698181152344,0.0,0.3568627450980392,-12.866944105633035,3.0
71,91,107.55354309082031,0.0,0.2823529411764706,-13.597860485878513,4.0
71,92,146.20188903808594,0.015200000256299973,0.2549019607843137,-13.948228079905638,5.0
71,93,151.3810577392578,0.020400000736117363,0.2901960784313726,-12.227938006179508,5.0
71,94,192.71731567382812,0.1103999987244606,0.3254901960784314,-11.64041205028612,4.0
71,96,189.77642822265625,0.12839999794960022,0.2980392156862745,-11.856562433386415,5.0
71,97,158.2891387939453,0.0015999999595806003,0.2901960784313726,-13.16464723010223,4.0
71,98,84.40444946289062,0.0,0.2784313725490196,-16.22455769587195,5.0
71,99,112.59270477294922,0.0,0.3411764705882353,-14.136130400461102,4.0
71,100,159.33309936523438,0.0,0.3568627450980392,-14.092472279155535,6.0
71,101,193.6240692138672,0.0,0.3686274509803922,-12.349322744503468,4.0
71,102,152.86117553710938,0.002400000113993883,0.40784313725490196,-15.130928244930551,5.0
71,103,150.76010131835938,0.0,0.37254901960784315,-13.795029903000762,4.0
71,104,145.5801239013672,0.006399999838322401,0.3137254901960784,-11.901822858634205,5.0
71,105,178.79844665527344,0.10400000214576721,0.3254901960784314,-13.7291607077798,4.0
71,106,171.97972106933594,0.20839999616146088,0.43137254901960786,-14.927837871682408,4.0
72,40,,,,-13.638051760028025,5.0
72,41,170.1738739013672,0.0,0.00392156862745098,-14.737944791734972,5.0
72,42,152.76475524902344,0.0,0.07058823529411765,-12.642553949688933,4.0
72,43,85.2489242553711,0.0,0.21568627450980393,-13.08522833094422,6.0
72,44,84.2824935913086,0.008799999952316284,0.25882352941176473,-12.38075230803913,4.0
72,45,85.59725952148438,0.029999999329447746,0.2627450980392157,-9.60367400588453,4.0
72,46,27.92816734313965,0.0,0.26666666666666666,-11.644825066419152,5.0
72,47,16.43448257446289,0.0,0.33725490196078434,-16.264152154215513,4.0
72,48,27.186965942382812,0.0,0.38823529411764707,-15.524919640228942,5.0
72,49,42.35431671142578,0.0,0.35294117647058826,-14.076175370842282,4.0
72,50,174.57644653320312,0.024800000712275505,0.4196078431372549,-13.661231391962348,5.0
72,51,159.07440185546875,0.052799999713897705,0.4235294117647059,-12.093917837928856,4.0
72,52,119.0535659790039,0.0020000000949949026,0.4745098039215686,-14.230624704967475,5.0
72,53,232.23744201660156,0.12039999663829803,0.5176470588235295,-15.759629198979466,5.0
72,54,280.6490783691406,0.15160000324249268,0.5058823529411764,-13.41731866725577,4.0
72,55,233.06626892089844,0.07880000025033951,0.5725490196078431,-11.276835032714143,4.0
72,56,223.31982421875,0.029600000008940697,0.5254901960784314,-13.05486461369459,4.0
72,57,152.90614318847656,0.05079999938607216,0.44313725490196076,-12.964352389000597,5.0
72,58,130.73809814453125,0.0,0.4588235294117647,-11.279706549752227,4.0
72,59,146.69720458984375,0.00039999998989515007,0.49019607843137253,-11.743579088160846,5.0
72,60,168.1744842529297,0.07959999889135361,0.43137254901960786,-13.743253176051645,4.0
72,61,197.7378692626953,0.17520000040531158,0.47058823529411764,-14.060653061460366,5.0
72,63,183.7067413330078,0.2272000014781952,0.396078431372549,-14.208226311781956,4.0
72,64,139.2448272705078,0.036400001496076584,0.38823529411764707,-12.625535533561798,5.0
72,66,196.09490966796875,0.16519999504089355,0.34509803921568627,-14.425018737187942,5.0
72,68,,,,-12.047876236580542,5.0
72,69,,,,-13.383540510023996,4.0
72,76,,,,-12.56959467622923,4.0
72,78,125.74816131591797,0.10040000081062317,0.00784313725490196,-11.793143381248019,4.0
72,84,,,,-13.149341539109203,5.0
72,88,52.1756477355957,0.0012000000569969416,0.3058823529411765,-15.467114432207413,5.0
72,89,44.08259201049805,0.004399999976158142,0.39215686274509803,-13.206416959046695,5.0
72,90,146.16387939453125,0.0,0.42745098039215684,-14.573393536022852,4.0
72,91,197.55014038085938,0.0,0.3686274509803922,-12.106417863021521,5.0
72,92,209.68856811523438,0.04919999837875366,0.32941176470588235,-10.359098843912724,4.0
72,93,179.7137451171875,0.020800000056624413,0.3686274509803922,-12.722246831790594,5.0
72,96,171.55487060546875,0.0020000000949949026,0.43529411764705883,-13.71514467663346,4.0
72,97,165.80996704101562,0.0,0.34901960784313724,-16.33977208829907,5.0
72,98,131.8727569580078,0.0,0.3215686274509804,-14.949005394596664,4.0
72,99,163.713623046875,0.002400000113993883,0.4,-11.788292940607455,4.0
72,100,161.57850646972656,0.05000000074505806,0.4235294117647059,-12.419559510295038,4.0
72,101,192.44619750976562,0.0,0.40784313725490196,-15.582777302761059,4.0
72,102,134.7913360595703,0.0,0.3843137254901961,-13.401462511668846,5.0
72,103,96.84587097167969,0.03280000016093254,0.39215686274509803,-13.832297992474729,4.0
72,105,105.18848419189453,0.24799999594688416,0.34901960784313724,-12.356764223311858,5.0
72,106,111.5176010131836,0.1728000044822693,0.44313725490196076,-15.627185269241098,4.0
