row,col,agbd_t_ha,masked_fraction,als_mean,meta_mean
1,14,278.1387939453125,0.13199999928474426,25.753898982874915,19.07805500946045
1,29,250.30758666992188,0.2264000028371811,23.587535664816812,22.209573046875
1,48,134.45318603515625,0.12720000743865967,13.52924834085167,14.504523112410308
1,49,173.03152465820312,0.1899999976158142,17.175866435486594,10.656402679863572
1,86,178.68252563476562,0.09040000289678574,17.06591952210318,16.12127355903387
1,88,247.49188232421875,0.19040000438690186,23.376700840043668,20.332201180648802
1,89,172.26693725585938,0.052799999713897705,17.449289323582864,15.874968797492981
2,11,210.62429809570312,0.20600000023841858,21.267427074577235,18.77155412750244
2,12,272.8296203613281,0.07840000092983246,25.436650457967207,15.45447565612793
2,13,275.3412170410156,0.026399999856948853,25.53576166471485,17.760728567504884
2,14,234.7239227294922,0.0,22.319117663574218,19.568622002601625
2,15,252.85421752929688,0.0007999999797903001,23.68291937909003,20.215196770095826
2,16,232.79379272460938,0.0,22.184946466064453,18.256315284729006
2,17,265.8291015625,0.05719999969005585,27.58050991453254,23.224520276641847
2,18,292.7637023925781,0.1979999989271164,26.90402918641672,24.73572027168274
2,19,238.16946411132812,0.008799999952316284,22.75726501846825,22.999906457519533
2,20,234.5833282470703,0.014800000004470348,22.232628112605827,19.61255356063843
2,21,268.5422058105469,0.0,25.033499595015225,22.372275423431397
2,22,292.30133056640625,0.05000000074505806,26.964914642134033,26.010925673675537
2,25,331.7752380371094,0.02800000086426735,30.02191498935752,21.473034258461
2,26,319.2799072265625,0.24719999730587006,28.993965787882285,23.456634545516966
2,27,248.77854919433594,0.14959999918937683,24.133522731917246,18.83009028739929
2,28,263.27960205078125,0.05000000074505806,24.237770627735433,19.48354332485199
2,29,267.1097717285156,0.0,24.95166981201172,22.504176858901978
2,30,214.49827575683594,0.008799999952316284,20.607369817589408,18.566051403808594
2,31,201.2472686767578,0.09880000352859497,19.357710895149076,18.72882152519226
2,32,238.61761474609375,0.00279999990016222,22.810214147591065,20.21153605308533
2,33,308.79473876953125,0.006399999838322401,27.820362487396636,22.043666677856447
2,34,267.261474609375,0.07440000027418137,24.947379718680605,22.82428387718201
2,35,288.70001220703125,0.17479999363422394,26.454098585088957,26.84613704071045
2,36,271.5226745605469,0.06159999966621399,25.077974952013562,26.493088496780395
2,37,306.40234375,0.04039999842643738,28.30341554751555,25.400163651275633
2,38,206.8531036376953,0.031199999153614044,20.150577264404298,20.426224807167053
2,39,258.7423095703125,0.07519999891519547,24.436125365400738,22.68366579208374
2,40,291.5597839355469,0.1080000028014183,27.055415310740045,24.73580242538452
2,41,242.3745880126953,0.08919999748468399,22.325822211918698,20.21956035003662
2,42,282.2484436035156,0.03880000114440918,26.250406076687856,20.541688778686524
2,43,333.70538330078125,0.07840000092983246,29.492787186780784,24.204575308990478
2,44,283.0077209472656,0.047600001096725464,25.90808345249721,21.239779399108887
2,45,247.75257873535156,0.0012000000569969416,23.648907413372413,21.04254465637207
2,46,295.03582763671875,0.0,27.143047311401368,21.004684583282472
2,47,217.88113403320312,0.052400000393390656,20.445558102316582,22.210865964508056
2,48,219.7244415283203,0.023600000888109207,20.989168267000345,20.01216380119324
2,49,165.65823364257812,0.06800000369548798,16.605864901733398,16.074176126480104
2,50,213.3289031982422,0.01360000018030405,20.56816436767578,17.774944315338136
2,51,250.3712921142578,0.0031999999191612005,23.569285684076537,17.296319244766234
2,52,218.739990234375,0.1143999993801117,20.6037414317058,19.476288859558107
2,53,324.8951110839844,0.18440000712871552,29.246611642259808,22.282738373565675
2,54,254.3055419921875,0.13359999656677246,23.70106509408938,17.069115811157225
2,55,212.24082946777344,0.0020000000949949026,20.532996939086914,17.33648496322632
2,56,310.12811279296875,0.17399999499320984,29.607736748569934,17.39386396636963
2,57,303.36602783203125,0.05640000104904175,27.956156150100007,22.166095361328125
2,58,241.80271911621094,0.04520000144839287,23.089860773436307,19.262908360671997
2,59,256.29541015625,0.047600001096725464,24.005579723889316,20.61950689086914
2,60,250.1043701171875,0.02800000086426735,23.564043965888164,20.644412337493897
2,61,280.53997802734375,0.052400000393390656,25.76729028266773,20.308542572784425
2,62,216.31422424316406,0.00279999990016222,20.792492736938723,16.423073543930055
2,63,282.2325744628906,0.14239999651908875,26.111892227741272,20.212930516052246
2,64,274.34814453125,0.10599999874830246,25.623522727284993,17.40301688079834
2,66,258.5170593261719,0.20960000157356262,24.66529385061825,17.188081254577636
2,67,250.23756408691406,0.013199999928474426,23.599391949581214,23.146665213012696
2,68,191.4045867919922,0.0,18.830611563017875,19.44370143470764
2,69,211.10098266601562,0.014399999752640724,20.593294161314063,16.40829758682251
2,70,265.0360412597656,0.11559999734163284,24.943699837153122,25.22371824569702
2,71,226.05197143554688,0.004000000189989805,21.65476047001701,21.188174137115478
2,73,106.45919036865234,0.19760000705718994,11.195731414782275,20.4813194896698
2,74,122.89149475097656,0.00800000037997961,12.869862274169922,13.788917248153686
2,75,209.02825927734375,0.024399999529123306,19.930822998682657,16.774747751998902
2,76,211.76080322265625,0.03880000114440918,20.228857800243347,16.396630038261414
2,77,141.13482666015625,0.006800000090152025,14.00393787939944,17.119234479904176
2,78,260.2109069824219,0.13079999387264252,24.25078125821469,23.600980824279784
2,79,227.48854064941406,0.0851999968290329,21.78191706794243,20.44966109046936
2,80,238.72984313964844,0.03759999945759773,22.839404045216476,18.601801244735718
2,81,273.418212890625,0.12960000336170197,26.148548124273436,19.773177904510497
2,82,290.1316223144531,0.1451999992132187,27.1090559819873,28.05447183685303
2,83,283.0779113769531,0.11079999804496765,26.227333598767544,22.4594130317688
2,84,247.36534118652344,0.0544000007212162,23.76451936992192,18.36535259799957
2,86,209.18063354492188,0.012400000356137753,20.260241135845913,14.82465167901218
2,87,244.8638458251953,0.018400000408291817,23.161937100219728,18.921508919525145
2,88,187.42868041992188,0.02199999988079071,18.433229373081257,15.022626774024964
2,89,159.49111938476562,0.007199999876320362,16.08119680838577,11.866636209106446
2,90,216.66184997558594,0.06400000303983688,20.813384449810062,16.209852839279176
2,91,293.7851257324219,0.20399999618530273,27.12330941525762,24.700626480865477
2,92,302.72528076171875,0.1324000060558319,27.46878580577125,23.211315431976317
2,93,260.85546875,0.07959999889135361,24.288696164044392,23.16023123550415
2,94,288.1176452636719,0.06279999762773514,26.64433300825354,22.868225954437257
2,95,260.3207092285156,0.14079999923706055,23.229179570859504,22.226946578216552
2,97,290.822509765625,0.09000000357627869,25.525032058460756,20.18167119445801
2,98,267.7960205078125,0.04320000112056732,25.100158913441984,17.58298222999573
2,99,229.47239685058594,0.13519999384880066,22.463384278468823,14.535275587654114
2,100,222.65553283691406,0.12960000336170197,21.391061822154683,17.62373317756653
2,101,230.6278533935547,0.0007999999797903001,21.915086580829165,18.594573819351197
2,102,241.83660888671875,0.19040000438690186,21.561676477322912,16.78569336719513
2,103,238.7592315673828,0.13279999792575836,22.590182112571167,18.858936281204222
2,104,267.2148742675781,0.10840000212192535,24.971001337870263,20.741323069763183
2,105,257.3804626464844,0.04520000144839287,23.96101624433521,18.812651552200318
2,106,307.257080078125,0.16840000450611115,27.874144744873046,23.78353210296631
2,107,272.3687438964844,0.12880000472068787,25.083037457209763,23.335963061141968
2,109,241.5663299560547,0.06759999692440033,22.872663449825687,17.85664770965576
2,110,286.37774658203125,0.1428000032901764,25.902373420263192,22.546605602264403
2,111,259.90869140625,0.04280000180006027,24.335999820006226,18.778424431991578
3,9,139.26983642578125,0.24959999322891235,14.105844164841352,9.146905534553527
3,10,200.26919555664062,0.004399999976158142,19.90253679563924,12.582887874794006
3,11,193.9733123779297,0.08839999884366989,18.619950048989992,9.647727174949646
3,12,208.62619018554688,0.0,20.207443353690472,10.95569923801422
3,13,246.71498107910156,0.0,23.30774006652832,11.36650952129364
3,14,193.03163146972656,0.0,18.876875436401367,10.86428131904602
3,15,227.50149536132812,0.0568000003695488,21.633291009503996,16.714601642608642
3,16,290.3013000488281,0.0,26.795928298950194,17.63780956001282
3,17,246.50994873046875,0.00039999998989515007,23.333983495037796,23.17086616592407
3,18,255.4274139404297,0.007199999876320362,24.078823214142325,22.6190937084198
3,19,248.71559143066406,0.029200000688433647,23.44773444638758,20.859739824676513
3,20,256.38763427734375,0.005200000014156103,24.09880609535761,16.586867457962036
3,21,253.36666870117188,0.0031999999191612005,23.866871084594727,21.00355157737732
3,22,233.50148010253906,0.006000000052154064,22.19259809907586,24.175888584136963
3,23,288.64385986328125,0.0,26.7093281389719,25.825442654418946
3,24,326.3163757324219,0.07079999893903732,29.310979415490294,27.465720122528076
3,25,266.7050476074219,0.0,24.979203366088868,24.220416848373414
3,26,278.91900634765625,0.0,25.873991403198243,24.942991990280152
3,27,267.06414794921875,0.0,24.93751229664241,22.928118027877808
3,28,297.8237609863281,0.11800000071525574,26.91438295265802,20.968439630889893
3,29,288.7615051269531,0.011599999852478504,26.765550104319072,20.442123554229735
3,30,253.90948486328125,0.0,23.875574658203124,20.075124323654176
3,31,223.1237335205078,0.0843999981880188,21.395533923579688,25.341438147735595
3,32,241.0834503173828,0.008799999952316284,22.82055016086526,25.250724168777467
3,33,229.2303924560547,0.09520000219345093,21.810069583338013,20.162960144805908
3,34,221.65611267089844,0.07479999959468842,21.21563125795681,20.283414629364014
3,35,257.25579833984375,0.0551999993622303,24.07520567626953,18.28978977622986
3,36,201.05528259277344,0.01600000075995922,19.470005464215085,17.29181540660858
3,37,228.7565155029297,0.18080000579357147,21.672758012447716,17.465418658065797
3,38,263.62371826171875,0.06480000168085098,24.646088652332804,21.68386713180542
3,39,304.513916015625,0.00039999998989515007,27.896574374123674,28.133114610290527
3,40,237.45033264160156,0.03240000084042549,22.47108807649348,22.13341272354126
3,41,227.5730743408203,0.07320000231266022,21.39061254565304,19.65976792869568
3,42,276.7372131347656,0.005200000014156103,25.63302978011202,20.1611683467865
3,43,252.8824005126953,0.0,23.857880671082896,20.379468621063232
3,44,274.13287353515625,0.0007999999797903001,25.57278667649261,22.553113968658447
3,45,245.95376586914062,0.0,23.26717666688004,21.166008669281005
3,46,234.4105682373047,0.0,22.410156385469474,18.24524593811035
3,47,119.8633041381836,0.0,12.575309719781359,22.542556353759764
3,48,215.8036346435547,0.0,20.88803985533295,19.988033898162843
3,49,225.98776245117188,0.0,21.675507284545898,19.57549800262451
3,50,190.27951049804688,0.0,18.706746545410155,21.203268592834473
3,51,268.8525695800781,0.0012000000569969416,25.097154127677822,19.270603772354125
3,52,273.38006591796875,0.0868000015616417,25.338730579551456,19.284081953430174
3,53,297.90057373046875,0.02759999968111515,27.412674290821442,20.091878718566896
3,54,307.31976318359375,0.0,28.212409957885743,20.947081089019775
3,55,273.0121154785156,0.03200000151991844,25.435210749788105,17.794853469085695
3,56,275.758056640625,0.23880000412464142,25.301851223522597,16.531867547607423
3,57,290.2248229980469,0.0,26.827913665771483,20.16742633743286
3,58,248.4610137939453,0.0,23.423674035235823,16.573022344970703
3,59,261.3602600097656,0.1607999950647354,24.252220778227525,22.939327542877198
3,60,283.952880859375,0.1428000032901764,26.37522231818033,22.360798499679564
3,61,272.24951171875,0.012799999676644802,25.436084309211967,20.32721943435669
3,62,293.2376708984375,0.0,26.965622287949707,16.54310132751465
3,63,268.15948486328125,0.00839999970048666,24.88488851274763,17.037284064483643
3,64,223.62063598632812,0.0575999990105629,21.290658036918014,16.88091781845093
3,66,251.44398498535156,0.07280000299215317,23.40042863068757,18.1518521900177
3,67,244.62574768066406,0.0,23.092348136153877,18.888700626754762
3,68,166.8910675048828,0.0,16.70381144104004,14.019477703094482
3,69,151.83877563476562,0.0,15.46193363647461,15.55069758529663
3,70,305.364990234375,0.006399999838322401,27.982957958984375,28.892693308258057
3,71,242.3002166748047,0.00039999998989515007,22.88793438113778,26.139320888137817
3,72,187.86004638671875,0.08959999680519104,18.284578312632373,22.467426665878296
3,73,170.6753387451172,0.019999999552965164,16.54210948016479,25.975997994232177
3,74,223.3489532470703,0.029600000008940697,21.43101530464564,22.219543086242677
3,75,197.81472778320312,0.15360000729560852,18.511263278474466,17.46121106300354
3,77,173.07723999023438,0.09560000151395798,17.201072915580692,16.139018368911742
3,78,184.0386199951172,0.018799999728798866,18.159562628653497,18.54425847053528
3,79,259.8702697753906,0.023600000888109207,24.237225739029814,24.356237633895873
3,80,307.2384338378906,0.11479999870061874,27.905516797319663,25.47041319389343
3,81,321.65289306640625,0.15760000050067902,29.46521122287018,26.798198123168945
3,82,302.99163818359375,0.0803999975323677,27.610058746822737,28.369086094665526
3,83,271.406494140625,0.07760000228881836,25.8458764092596,31.7874526802063
3,84,216.47341918945312,0.0007999999797903001,20.93168328867473,26.60085725479126
3,85,192.34593200683594,0.051600001752376556,18.927130436779443,14.67784121723175
3,86,141.2553253173828,0.0,14.459136694335937,11.976209457397461
3,87,114.44464111328125,0.0,12.056449172973632,10.467062561416625
3,88,194.85943603515625,0.0015999999595806003,19.06955661788977,17.91570914001465
3,89,207.48040771484375,0.004399999976158142,20.165734719539035,17.530063094329833
3,90,239.4487762451172,0.004800000227987766,22.70089270740051,18.902109513473512
3,91,245.04518127441406,0.0,23.178301000976564,18.56762804222107
3,92,248.88259887695312,0.00039999998989515007,23.32353264307389,24.20830537261963
3,93,216.0537109375,0.0,20.80362290649414,21.459088507461548
3,94,240.54922485351562,0.0020000000949949026,22.865968664487202,15.41991837348938
3,95,267.6827392578125,0.20520000159740448,24.374500181794453,16.45199582901001
3,96,274.1849670410156,0.1412000060081482,25.777278690985536,20.52901460647583
3,97,228.28146362304688,0.10040000081062317,21.977729683433086,19.853973415756226
3,98,241.3507843017578,0.03959999978542328,22.846622332287208,17.770311900329588
3,99,257.8852844238281,0.014800000004470348,24.221935387526486,18.284068003845213
3,100,235.20089721679688,0.007600000128149986,22.399031405208724,16.41098553199768
3,101,226.41195678710938,0.24240000545978546,22.133282441780665,16.220324310684205
3,102,267.4127197265625,0.012400000356137753,24.99415381421342,18.287841765594482
3,103,269.8473815917969,0.0,25.163582938058035,19.857074792480468
3,104,273.59088134765625,0.0015999999595806003,25.456931536865234,19.496040958404542
3,105,251.2045135498047,0.035599999129772186,23.695421577315454,17.18193271522522
3,106,245.525146484375,0.0,23.198040034578586,19.66248307952881
3,107,291.4111022949219,0.0,26.88811596069336,21.021377812194824
3,108,276.2345886230469,0.14319999516010284,25.585336605363764,22.495746098327636
3,109,309.29278564453125,0.12720000743865967,28.120921464113845,20.14863346939087
3,110,219.95541381835938,0.05920000001788139,20.99640111209584,16.919076990890503
3,111,263.23516845703125,0.06040000170469284,24.738088933393364,17.220035740280153
3,112,270.54083251953125,0.12800000607967377,25.610680616886246,20.721403792572023
3,116,280.4522399902344,0.23479999601840973,26.100384498352913,23.277677976989747
3,117,315.7626647949219,0.22599999606609344,29.33274378607318,26.18388585472107
4,9,211.02224731445312,0.042399998754262924,20.386211270785736,12.650700901794433
4,10,225.1157989501953,0.053199999034404755,21.634763618070917,15.179704237747192
4,11,297.5238952636719,0.026399999856948853,27.58110290147457,14.93477156867981
4,12,275.9913024902344,0.0,25.6944900121914,12.766961870574951
4,13,240.86988830566406,0.0,22.848474877929686,13.132435222434998
4,14,205.02330017089844,0.0,19.90158080444336,13.511235949897767
4,15,220.90501403808594,0.004000000189989805,21.224986762893636,17.106976677322386
4,16,281.15911865234375,0.0,26.10182159729004,19.767573167800904
4,17,272.9219665527344,0.0,25.436676245117187,19.802336912155152
4,18,293.87677001953125,0.004000000189989805,27.091627838134766,20.2697784576416
4,19,249.73321533203125,0.004000000189989805,23.528557209331638,18.83980626754761
4,20,243.65138244628906,0.0,23.114878228759764,21.536815041351318
4,21,268.4555358886719,0.0007999999797903001,25.009708430553793,22.417438270568848
4,22,292.500244140625,0.02800000086426735,26.97658805376218,18.218010779953
4,23,320.638916015625,0.0,29.208445321655272,26.420688733673096
4,24,284.98602294921875,0.035999998450279236,26.343630732839937,23.863540956497193
4,25,207.49176025390625,0.0,20.068684448242188,15.671424202728272
4,26,203.77830505371094,0.0,19.751254403686524,20.47004384059906
4,27,273.13946533203125,0.1324000060558319,25.635760192060534,25.14787001800537
4,28,267.4053955078125,0.00039999998989515007,25.018709036254883,22.21411689682007
4,29,274.29107666015625,0.0,25.54380950499975,23.04000777282715
4,30,288.8930358886719,0.0,26.658101147460936,25.214319590759278
4,31,256.875244140625,0.0,24.150229364013672,22.228095133972168
4,32,226.47865295410156,0.0,21.719371536254883,27.4044732963562
4,33,331.7434997558594,0.019999999552965164,30.27691406224893,28.20215499267578
4,34,268.1929016113281,0.0,25.11359720440989,20.403942757797243
4,35,256.7989196777344,0.0,24.1254633351175,17.91969240951538
4,36,166.02035522460938,0.0,16.640126831054687,11.681507915687561
4,37,235.0200958251953,0.0,22.393105209350587,16.959489678955077
4,38,217.56765747070312,0.0,20.991416290283205,17.28401134490967
4,39,275.5867919921875,0.0,25.604445333862305,25.912298645019533
4,40,225.64093017578125,0.0,21.601798373413086,22.374461562728882
4,41,249.83187866210938,0.025599999353289604,23.612468817138673,17.94277858848572
4,42,233.69461059570312,0.0,22.26366747741699,16.85415687828064
4,43,216.63063049316406,0.0,20.905539462280274,18.253682809829712
4,44,189.88333129882812,0.0,18.65178377380371,19.275501656341554
4,45,235.0598907470703,0.0007999999797903001,22.319849108886718,18.84036834640503
4,46,202.6623077392578,0.0,19.74656957092285,17.850702154922484
4,47,94.24481964111328,0.0,10.306049160766602,18.943909495544432
4,48,260.7802429199219,0.0,24.391207046413697,19.157029509353638
4,49,252.5130157470703,0.0,23.81141713256836,18.152297328186034
4,50,241.71311950683594,0.017999999225139618,22.892933395385743,22.948196588897705
4,51,327.6575927734375,0.0,29.694437799072265,20.098330017852785
4,52,307.5486145019531,0.06120000034570694,27.4864345024372,20.80161037826538
4,53,279.79791259765625,0.0,25.744127058803887,18.087825927734375
4,54,266.5747375488281,0.0,24.91287554016113,23.737664362335206
4,55,309.6262512207031,0.0,28.33494751922939,24.497283335876464
4,56,266.9249267578125,0.0,25.069616194694273,18.257596366500856
4,57,307.2791748046875,0.047200001776218414,28.471362669416116,20.159147286605833
4,58,241.23043823242188,0.00839999970048666,22.75318720828822,17.918477335739137
4,59,238.2969207763672,0.12080000340938568,23.247248888807086,19.854148164367675
4,60,275.00360107421875,0.13040000200271606,25.645901899467333,22.4941450012207
4,61,243.51943969726562,0.0,23.06879955444336,19.35137407684326
4,62,241.64234924316406,0.0,22.87427496032715,17.021071097564697
4,63,243.109375,0.04839999973773956,23.018851318359374,18.82392540397644
4,64,260.7113342285156,0.041200000792741776,24.566988834114962,19.575016440963743
4,65,261.93701171875,0.007600000128149986,24.59343301601771,18.622365215301514
4,66,214.83921813964844,0.0,20.738785174560547,17.31365775604248
4,67,274.0303039550781,0.03280000016093254,25.438335562256377,19.458786222076416
4,68,220.01278686523438,0.0,21.17870946960449,15.900726815795899
4,69,142.2744598388672,0.0,14.601050100708008,9.643427101898194
4,70,124.49564361572266,0.0,12.977549041748047,14.889724246025086
4,71,167.19244384765625,0.0,16.714396185302736,14.89468636379242
4,72,215.35577392578125,0.0,20.75848091430664,21.496304412460326
4,73,196.09288024902344,0.042399998754262924,19.081282496163222,22.74412664451599
4,75,214.31655883789062,0.0,20.710128735351564,22.985715782546997
4,76,216.70651245117188,0.019600000232458115,20.699456565209726,17.928323948669433
4,77,166.4187774658203,0.0,16.61062335205078,13.758613830947876
4,78,142.6509246826172,0.0,14.63391138305664,13.937552687454223
4,79,238.84678649902344,0.009600000455975533,21.474307442809707,26.31751456756592
4,80,367.9120788574219,0.020400000736117363,32.69137308996971,36.43463862075806
4,81,337.4831237792969,0.1444000005722046,29.93519834027695,31.881876574707032
4,82,283.0431823730469,0.006800000090152025,26.28509991248643,23.058395973968505
4,83,226.0778045654297,0.08879999816417694,21.569533862032507,17.808818852233887
4,84,189.01727294921875,0.07559999823570251,18.306300837074506,22.38797326068878
4,85,190.92050170898438,0.16040000319480896,17.978936181721757,19.63575739402771
4,86,175.7241668701172,0.008799999952316284,17.515928903198244,13.33305844631195
4,87,138.91725158691406,0.0,14.283666198730469,12.355488845825196
4,88,214.91757202148438,0.0,20.735757070631625,16.48315997943878
4,89,175.61691284179688,0.0,17.47273200073242,16.951417656326296
4,90,239.56393432617188,0.0,22.7660454498291,20.89061287498474
4,91,245.3638916015625,0.0,23.186857119750975,25.16528525085449
4,92,268.692626953125,0.02319999970495701,24.993106447092902,20.560149531173707
4,93,277.1382141113281,0.008799999952316284,25.792484439086913,21.790380560302733
4,94,285.19342041015625,0.00839999970048666,26.4484518157959,16.443863417243957
4,95,263.7225341796875,0.0,24.660846331647335,12.80891619091034
4,96,237.66390991210938,0.0,22.650402105919124,15.58365330581665
4,97,274.9120178222656,0.0,25.64032530707945,22.133321346473693
4,98,185.95489501953125,0.0,18.26885728628237,16.299718536758423
4,99,261.2734680175781,0.03240000084042549,24.627212981736182,17.48225456161499
4,100,269.75396728515625,0.04960000142455101,24.944099677824404,19.805649059295654
4,101,254.8505859375,0.014800000004470348,23.98568938147718,17.330424663543702
4,102,274.8675231933594,0.0,25.599621520996095,18.808531522369385
4,103,227.583740234375,0.0,21.759976132202148,18.244235224151613
4,104,224.34414672851562,0.0,21.519583337402345,18.830302124786378
4,105,144.6224365234375,0.00039999998989515007,14.728353645169005,16.235873971271516
4,106,242.7915802001953,0.005200000014156103,22.989660812663438,17.136242578887938
4,107,288.9876708984375,0.07880000025033951,26.725143620643202,19.257537079620363
4,108,287.66162109375,0.006000000052154064,26.620925297861348,22.045737631988526
4,109,290.4639587402344,0.02280000038444996,26.705190253886443,20.44770265083313
4,110,300.7292175292969,0.052400000393390656,27.5429029217371,20.57463558731079
4,111,269.3251037597656,0.0,25.139634210205077,19.105683770751952
4,112,267.6033630371094,0.09719999879598618,24.983737954007456,18.70320090675354
4,113,290.5332336425781,0.00559999980032444,26.817871630815183,25.900209673309327
4,114,309.2027893066406,0.01679999940097332,28.17503991681837,21.14948634643555
4,115,334.51593017578125,0.15880000591278076,30.40413646181028,22.7792960231781
4,117,285.6294250488281,0.024800000712275505,26.364163549734588,27.639574336624147
5,9,314.7284851074219,0.0,28.71227180480957,16.37506248664856
5,10,274.0267333984375,0.0,25.668833223869626,17.14087879486084
5,11,323.6031799316406,0.0,29.41012117919922,22.528625135421752
5,12,242.7711944580078,0.0,23.012695184326173,23.13963883895874
5,13,247.77508544921875,0.0,23.42343585510254,22.016152885055543
5,14,306.95361328125,0.0,28.114823416137696,20.43297805175781
5,15,257.43603515625,0.0,24.188618948364258,20.2943725894928
5,16,218.70159912109375,0.0,21.022945224922402,18.325893144226075
5,17,298.48931884765625,0.0,27.427378933715822,20.527584613800048
5,18,284.27410888671875,0.0,26.330180508422853,19.82799380493164
5,19,265.6573486328125,0.0,24.826786477661134,22.010957569885253
5,20,244.10745239257812,0.0,23.097256341552736,25.00776697769165
5,21,321.9437561035156,0.0,29.27822548522949,22.6575992603302
5,22,252.3680419921875,0.0,23.786008612060545,19.43211639251709
5,23,281.9709777832031,0.0,26.13598629760742,23.53796499633789
5,24,300.6249084472656,0.0,27.58694621887207,24.748460803985594
5,25,209.74049377441406,0.0,20.28385927734375,25.51416300392151
5,26,263.81011962890625,0.0,24.69150711364746,22.66647644119263
5,27,262.79449462890625,0.17159999907016754,24.720293020410292,22.62751975440979
5,28,271.71368408203125,0.08160000294446945,25.420670463775686,20.861329712295532
5,29,297.00189208984375,0.0,27.289992541503906,24.382420642089844
5,30,287.7521667480469,0.0,26.58853962097168,25.603943004608155
5,31,246.43447875976562,0.0,23.295961724853516,25.070458081817627
5,32,238.67494201660156,0.0,22.72201186218262,22.89417191390991
5,33,282.3217468261719,0.0,26.152485848999024,30.067267295074462
5,34,384.7960510253906,0.003599999938160181,34.08641034240723,37.57219242935181
5,35,218.66041564941406,0.0,21.043653106689455,29.707192961883546
5,36,276.6324768066406,0.0,25.742501113891603,19.308136627960206
5,37,255.10693359375,0.0,24.012677645874025,18.284218727874755
5,38,306.1470947265625,0.0,28.012114044189452,19.92534729423523
5,39,308.5879821777344,0.0,28.23047949523926,20.020199691390992
5,40,275.1686706542969,0.0,25.58053134765625,20.00842660369873
5,41,291.06671142578125,0.0,26.850655599975585,20.418009788894654
5,42,251.18736267089844,0.0,23.677591073608397,18.108583625793457
5,43,211.61398315429688,0.0,20.46807409362793,17.49171556739807
5,44,208.93881225585938,0.0,20.223721295166015,17.813455587005617
5,45,195.8986358642578,0.0,19.16548240661621,17.860114317703246
5,46,171.85565185546875,0.0,17.119862588500975,18.782284938430784
5,47,264.3039245605469,0.0,24.70476051635742,21.157554612350463
5,48,247.58843994140625,0.0,23.39857898864746,19.21568422012329
5,49,243.4577178955078,0.0,23.091781118774414,18.9724339176178
5,50,337.5357360839844,0.0,30.526297857666016,22.52637198829651
5,51,290.812744140625,0.0,26.818183755493163,20.62623952484131
5,52,282.6501770019531,0.0,26.208542086791994,20.537864570617675
5,53,265.7752990722656,0.0,24.859714489746093,17.84614724960327
5,54,273.47772216796875,0.0,25.453123613675693,17.9704780670166
5,55,248.84153747558594,0.0,23.50419800415039,21.131436393737793
5,56,288.85809326171875,0.014000000432133675,26.613681561279297,19.492294801330566
5,57,283.6872253417969,0.0,26.31092789088798,22.059421228408812
5,58,286.5237121582031,0.0012000000569969416,26.382437469904897,21.50904419441223
5,59,252.52670288085938,0.0,23.863912783813475,19.951066676712035
5,60,247.86019897460938,0.0,23.41406812133789,17.164378654289244
5,61,264.3675537109375,0.0,24.73724963989258,14.389866516876221
5,62,277.08441162109375,0.0,25.810228396606444,17.616233392715454
5,63,290.2367248535156,0.0,26.76005457763672,18.762727138137816
5,64,271.143798828125,0.0,25.301167999267577,18.582302435302733
5,65,264.6604919433594,0.007600000128149986,24.368323244252114,17.44228151283264
5,66,236.03668212890625,0.0,22.448724615478515,19.999506689071655
5,67,290.7872314453125,0.01360000018030405,26.79335466003418,19.950674405670167
5,68,259.5610656738281,0.0,24.343889428710938,21.83449389343262
5,69,246.79237365722656,0.0,23.343724920654296,13.524905034065247
5,70,110.03229522705078,0.0,11.706729550170898,7.874155664253235
5,71,235.92173767089844,0.0,22.468765866088866,14.213687977600097
5,72,222.4766387939453,0.0,21.272391081433607,14.642298095321655
5,73,198.9569854736328,0.0,19.43401184387207,19.38585950317383
5,74,269.2747497558594,0.0,25.194292694091796,29.213604193878172
5,75,300.7358093261719,0.0,27.595077993774414,24.910587240219115
5,76,231.48963928222656,0.0,22.13276264038086,16.93171664600372
5,77,131.82650756835938,0.0,13.633557308959961,15.18543763065338
5,78,143.14682006835938,0.0,14.631612036132813,21.902346124649046
5,79,203.1710662841797,0.0,19.773007568359375,26.88778617477417
5,80,284.2685241699219,0.0,26.31453969116211,31.65944246444702
5,81,235.0210723876953,0.0,22.38811417541504,25.09932928466797
5,82,280.7212219238281,0.0,26.036926379394533,21.768626949310303
5,83,231.83828735351562,0.0,22.08053937072754,17.566058853530883
5,84,158.52500915527344,0.0,15.950711180954011,13.132880179977416
5,85,221.42417907714844,0.0,21.241426937866212,19.040787491989136
5,86,217.2393035888672,0.0,20.95662850036621,20.826565826797484
5,87,208.60792541503906,0.0,20.222022549438478,19.51213340110779
5,88,203.1992645263672,0.0,19.791886874389647,19.008307935333253
5,89,181.65423583984375,0.0,17.96981185913086,19.630644960784913
5,90,261.97784423828125,0.0,24.51093580932617,21.2133244682312
5,91,254.19522094726562,0.0015999999595806003,23.954651940839625,21.339202070236205
5,92,283.5845947265625,0.029600000008940697,26.225486012350906,22.51271880874634
5,93,272.2847900390625,0.0,25.414759542846678,21.649094356918337
5,94,274.28607177734375,0.0,25.494832138061522,17.659030018997193
5,95,244.3960418701172,0.019200000911951065,23.01105574645996,18.113421817779543
5,96,301.2066345214844,0.008799999952316284,27.650681524658204,21.998490031814576
5,97,232.4135284423828,0.0,22.178289918361017,16.822356074142455
5,98,229.82888793945312,0.012000000104308128,21.95467606203623,17.862139332580565
5,99,226.15081787109375,0.0,21.671048556518556,18.590442753219605
5,100,269.3076477050781,0.005200000014156103,25.189512252038213,18.02934891090393
5,101,215.17823791503906,0.024800000712275505,20.877172062620954,15.88149503250122
5,102,250.00608825683594,0.0,23.59472847290039,18.94001174278259
5,103,243.5574951171875,0.0012000000569969416,23.061561157055596,18.658998526382447
5,104,290.7724609375,0.046799998730421066,26.394088187861453,18.1456810382843
5,105,115.137939453125,0.0,12.115914157104493,8.302131541156768
5,106,234.27407836914062,0.0,22.443614764760436,19.127787093734742
5,107,241.22862243652344,0.015599999576807022,22.855277418802093,18.571192127609255
5,108,272.07623291015625,0.00279999990016222,25.29847000445686,18.854902883911134
5,109,288.88519287109375,0.004000000189989805,26.626385510253908,21.09539546661377
5,110,306.23321533203125,0.012400000356137753,28.1061505587129,22.830526551055907
5,111,275.0725402832031,0.006399999838322401,25.63394188083951,19.084213053512574
5,112,289.1114196777344,0.06360000371932983,26.57292406032453,19.332732484054567
5,113,214.34124755859375,0.009200000204145908,20.6573545435142,19.755254164123535
5,114,257.97833251953125,0.0,24.23069871520996,20.38856754989624
5,115,267.2254333496094,0.15440000593662262,24.450042524134457,18.980187450027465
5,116,233.6155548095703,0.09160000085830688,22.240378271088293,19.758813622283935
5,117,264.555419921875,0.2264000028371811,23.77981823416084,23.88859409942627
6,8,251.1352081298828,0.03400000184774399,23.744052487327938,15.467204361343384
6,9,257.6473693847656,0.0,24.138203225708008,15.16631434211731
6,10,263.5334167480469,0.0,24.61979547931797,18.30970362701416
6,11,289.2571105957031,0.0,26.70866761779785,20.69081453666687
6,12,241.4432830810547,0.0,22.907425317382813,18.18491875076294
6,13,243.65631103515625,0.0,23.027791302490236,17.811307218170167
6,14,255.89564514160156,0.0,24.065450177001953,21.584036926651002
6,15,249.10299682617188,0.0,23.516962646484377,19.81288320007324
6,16,254.18115234375,0.0,23.905607763671874,20.165756439590453
6,17,246.8834228515625,0.0,23.342937619018556,21.514955222702028
6,18,256.5414733886719,0.0,24.1131314453125,18.99702565612793
6,19,254.21083068847656,0.0,23.91358861694336,19.514389992904665
6,20,240.4808807373047,0.0,22.812664068603517,18.328567083358763
6,21,363.4980163574219,0.0,32.513770462036135,21.55490186920166
6,22,240.61253356933594,0.0,22.824919244384766,18.02047187728882
6,23,266.4087219238281,0.0,24.628794906193736,27.772387017822265
6,24,297.73858642578125,0.0,27.336978210449217,26.128841968536378
6,25,275.5955810546875,0.0,25.678403228784237,23.5901387008667
6,26,341.770263671875,0.00039999998989515007,30.721993115234376,24.258935654449463
6,27,315.1290283203125,0.0,28.771164346313476,24.39428252029419
6,28,234.33096313476562,0.0012000000569969416,22.366534682420586,19.812039672279358
6,29,234.54067993164062,0.0,22.33856198425293,17.469183321762085
6,30,296.099365234375,0.0,27.228163757324218,20.13233774986267
6,31,240.21246337890625,0.0,22.81617200012207,17.65124635810852
6,32,215.9632568359375,0.0,20.8245897064209,21.299327319335937
6,33,255.16612243652344,0.0,23.976788925170897,22.63550469818115
6,34,332.8493957519531,0.0,30.115041979980468,33.00651918411255
6,35,305.81683349609375,0.0,28.07584123840332,33.48658348693848
6,36,299.4877014160156,0.0,27.54937265625,23.269716711425783
6,37,282.9509582519531,0.0,26.227109869384766,24.82606904373169
6,38,253.6177215576172,0.0,23.887199099731447,20.415451397323608
6,39,296.2963562011719,0.0,27.289016018676758,28.50553758277893
6,40,311.5239562988281,0.0,28.487877481079103,25.735104317474367
6,41,325.0368957519531,0.0,29.50563778076172,23.377387593078613
6,42,274.7974853515625,0.0,25.56879847717285,19.570986280059813
6,43,240.5389862060547,0.0,22.799025610351563,20.67896304779053
6,44,295.14337158203125,0.0,27.18413015136719,18.250652596282958
6,45,235.78482055664062,0.0,22.44605986328125,17.93431995315552
6,46,267.92950439453125,0.0,25.018470516967774,18.67184479598999
6,47,337.4050598144531,0.0,30.53168493347168,21.117364806365966
6,48,279.4115295410156,0.0,25.941325018310547,19.222492427825927
6,49,274.87103271484375,0.0,25.587286557006834,22.724829257965087
6,50,355.8834228515625,0.0,31.901875997924805,23.695313416290283
6,51,316.22918701171875,0.0,28.83844629211426,20.73714669494629
6,52,201.33120727539062,0.0,19.599763748168947,21.767383923721315
6,53,290.78564453125,0.0,26.26591925583424,19.605092239379882
6,54,278.90130615234375,0.0,25.940984072875978,18.40900597038269
6,55,287.4922180175781,0.0,26.58806155395508,20.213424124145508
6,56,291.7725830078125,0.01640000008046627,26.919116662597656,18.254647617340087
6,57,307.0262145996094,0.0,28.080806307983398,19.39790813369751
6,58,299.4552307128906,0.0,27.535861978149413,19.445068720245363
6,59,224.60935974121094,0.0,21.542431185913085,19.08803865623474
6,60,276.9840087890625,0.0,25.75642237548828,18.191492499160766
6,61,238.57196044921875,0.0020000000949949026,22.675569735717772,15.963081307983398
6,62,251.19691467285156,0.00559999980032444,23.708083752441407,14.90931459236145
6,63,266.1565246582031,0.0,24.889464935302733,19.409760495758057
6,64,277.3421936035156,0.015200000256299973,25.798114510895825,19.987335429000854
6,65,243.51927185058594,0.0,23.079397561645507,16.424459629058838
6,66,275.5537414550781,0.0,25.60745433959961,17.873832466506958
6,67,284.3914489746094,0.0,26.356418380737306,22.786803540039063
6,68,233.4567108154297,0.0,22.25120203857422,16.747645710754394
6,69,201.17495727539062,0.0,19.626383233642578,13.250261777877808
6,70,231.67820739746094,0.0,22.113961267089845,16.572510708618164
6,71,209.5462188720703,0.0,20.303868447875978,17.46161253890991
6,72,194.447509765625,0.0,19.06273840942383,17.02547279243469
6,73,193.612548828125,0.0,18.88915179878975,15.129696905517578
6,74,175.7080841064453,0.0,17.44348244498397,19.001369440841675
6,75,251.22596740722656,0.0,23.689531372070313,22.610829483795165
6,76,183.10890197753906,0.0,18.08046605529785,22.6687954372406
6,77,169.4575653076172,0.0,16.91345067138672,19.52723358039856
6,78,172.3898162841797,0.0,17.147487844848634,26.193863801574707
6,79,228.75924682617188,0.0,21.851489639282228,29.97071918411255
6,80,314.0851745605469,0.0,28.73424870300293,27.021055596923826
6,81,290.34716796875,0.0,26.81645301513672,23.949509618377686
6,82,263.366943359375,0.0,24.63138303833008,26.04053680267334
6,83,232.17982482910156,0.0,22.1161652923584,21.397144825172425
6,84,210.96749877929688,0.0,20.308043119573437,14.861040222930908
6,85,194.0860137939453,0.00039999998989515007,19.022640115356445,18.205131211471556
6,86,231.89218139648438,0.0,22.118067532348633,25.151267979812623
6,87,236.8332977294922,0.0,22.526257641601564,22.070304844284056
6,88,227.47894287109375,0.0,21.7590869140625,16.543609020614625
6,89,212.02943420410156,0.0,20.50444910583496,19.4187854183197
6,90,268.11920166015625,0.0,25.091967669261027,21.75333463821411
6,91,255.98486328125,0.0,24.02815823364258,21.002921043014528
6,92,297.8533630371094,0.0,27.350989541625978,23.751027534484862
6,93,234.0662078857422,0.0,22.270285931396483,20.031314282608033
6,94,242.63877868652344,0.0,23.018444903564454,15.753679787826538
6,95,174.23130798339844,0.0,17.359805511474608,15.920186512947083
6,96,269.5694885253906,0.0012000000569969416,25.13374432373047,21.386559471130372
6,97,252.05206298828125,0.0,23.815413790893555,20.623982925796508
6,98,218.1732940673828,0.0,21.01217374267578,18.524635860824585
6,99,209.58050537109375,0.004399999976158142,20.275588635412827,17.300025314331055
6,100,218.2599334716797,0.00279999990016222,21.032235627401075,16.012255525398256
6,102,233.46405029296875,0.09719999879598618,22.461618910389728,18.55381268501282
6,103,241.79930114746094,0.10679999738931656,22.855850622971516,19.618511140441896
6,104,281.8681640625,0.042399998754262924,26.063577374684282,18.339421513938905
6,105,252.21981811523438,0.0,23.86536918029785,12.819348386573791
6,106,187.37828063964844,0.029200000688433647,18.535829281616213,16.943704972076414
6,107,228.98219299316406,0.00039999998989515007,21.865672476196288,18.533579685211183
6,108,231.51080322265625,0.0,22.126210189335026,17.476216466522217
6,109,284.264892578125,0.040800001472234726,26.275665653773718,22.345529737854005
6,110,260.9613037109375,0.0,24.449495950317385,19.29996812286377
6,111,241.4875030517578,0.0,22.900628979492186,18.15354217567444
6,112,296.4185791015625,0.02319999970495701,27.27496354558305,24.438801088714598
6,113,248.1681671142578,0.1728000044822693,23.372844902424703,19.448777420043946
6,114,247.37234497070312,0.0,23.379428927612306,19.437430503845214
6,115,261.78271484375,0.002400000113993883,24.41013602959069,18.101570648956297
6,116,249.20010375976562,0.00559999980032444,23.53169905857624,22.44403469619751
6,117,274.43524169921875,0.00559999980032444,25.507395514988694,21.386710567092894
7,7,77.10403442382812,0.18240000307559967,8.635223340148329,15.584810109710693
7,8,188.79754638671875,0.0,18.539718759155274,17.17658599205017
7,9,252.51913452148438,0.0,23.809140286254884,15.725696627426148
7,10,301.97259521484375,0.0,27.713056442260743,17.469630545425414
7,11,275.9191589355469,0.0,25.665966818237305,18.977436821746828
7,12,226.29307556152344,0.0,21.692788967895506,18.259394142150878
7,13,294.9807434082031,0.0,27.181172079467775,19.928354719161987
7,14,287.35418701171875,0.0,26.55063209838867,22.136820337295532
7,15,269.4460754394531,0.0,25.14270588684082,22.347318714141846
7,16,285.9200439453125,0.0,26.434349313354492,22.387388911819457
7,17,267.8988037109375,0.0,25.031731408691407,16.631696666336058
7,18,235.34877014160156,0.0,22.415791305541994,16.534061687088013
7,19,263.73651123046875,0.0,24.754702099609375,24.352766499328613
7,20,275.4881591796875,0.0,25.63031180114746,21.81334836730957
7,21,333.72821044921875,0.0,30.167515640258788,25.73397706451416
7,22,307.1865234375,0.00039999998989515007,28.13419153137207,27.785380890655517
7,23,262.7662048339844,0.0,24.669296774291993,25.587315927886962
7,24,317.9454650878906,0.0,28.977776232910156,25.436293100738524
7,25,296.5135803222656,0.0,27.26061442260742,22.677866123962403
7,26,310.9655456542969,0.0,28.379827352905274,24.55360838356018
7,27,312.6827392578125,0.0,28.56048918762207,25.779630043029787
7,28,264.2791748046875,0.012400000356137753,24.79766617891545,25.138652618789674
7,29,305.794677734375,0.0,28.021430267333983,20.377667664146422
7,30,296.21441650390625,0.0,26.66955275503581,20.5538797164917
7,31,222.92539978027344,0.0,21.450352908325197,17.754541359329224
7,32,239.22421264648438,0.0,22.724730657958986,19.133184219360352
7,33,265.5765686035156,0.0,24.816382723999023,22.300846014785765
7,34,290.0893859863281,0.0,26.79753955383301,29.08610415725708
7,35,269.9810791015625,0.0,25.174416607666014,29.29778646736145
7,36,306.4063720703125,0.0,28.060796087646484,24.92954903945923
7,37,323.4771728515625,0.0,29.349225802612306,26.81082627182007
7,38,259.4420471191406,0.0,24.340954092407227,21.4962382850647
7,39,222.47091674804688,0.0,21.486535614248517,26.248345135116576
7,40,257.2548522949219,0.0,24.180413485717775,27.30524363861084
7,41,302.58294677734375,0.0,27.76915836791992,23.259499742126465
7,42,251.65615844726562,0.0,23.747300100708006,20.096303968811036
7,43,209.8840789794922,0.0,20.38590255126953,19.935333796310424
7,44,250.0845489501953,0.0,23.598962731933593,17.82487928352356
7,45,257.68841552734375,0.0,24.183694052124025,18.942501093673705
7,46,226.5394744873047,0.0,21.650585858154297,18.14982020339966
7,47,285.4996643066406,0.0,26.412529443359375,21.454882482910158
7,48,331.34130859375,0.0,29.998838006591797,28.451401517486573
7,49,312.494873046875,0.0,28.56124514465332,24.741840933990478
7,50,315.41839599609375,0.0,28.759183264160157,22.492865426635742
7,51,325.1914978027344,0.0,29.53944971008301,22.53415238800049
7,52,271.0111083984375,0.0,25.25297033996582,18.65603858833313
7,53,256.55438232421875,0.0,24.115821939086914,15.26435197982788
7,54,288.49017333984375,0.0,26.616931173706053,17.394529751968385
7,55,321.4332580566406,0.0,29.219525595092772,21.74005239715576
7,56,285.40899658203125,0.0,26.420567749023437,20.257474684906004
7,57,326.80792236328125,0.0,29.629261935424804,18.359345485687257
7,58,236.62953186035156,0.0,22.50849665222168,17.039994877624512
7,59,266.6203918457031,0.0,24.937161737060546,17.86944493331909
7,60,262.6014404296875,0.0,24.588289221191406,19.793333851623537
7,61,256.2546081542969,0.0,24.092464639282227,19.632502489089966
7,62,321.5339050292969,0.0,29.219578982543947,19.850695000076293
7,63,293.6294860839844,0.0015999999595806003,27.07127263183594,18.23039298324585
7,64,226.70626831054688,0.0,21.703124404907225,16.184331148529054
7,65,251.1990509033203,0.0,23.692458239746095,16.439584266281127
7,66,306.46600341796875,0.0007999999797903001,28.132530487060546,20.05942311630249
7,67,263.4501647949219,0.0,24.660455868530274,18.96640219154358
7,68,189.02899169921875,0.0,18.602893771362304,15.304623437118531
7,69,204.02406311035156,0.0,19.859321728515624,15.724551940536498
7,70,196.7458038330078,0.0,19.241668389892578,13.948529996490478
7,71,246.6114959716797,0.0,23.376570888975706,18.988423913192747
7,72,230.48727416992188,0.0,22.01324119873047,16.57264676322937
7,73,218.49082946777344,0.0,21.019427404785155,16.895597290039063
7,74,219.7045135498047,0.0,21.13096604309082,18.40670231781006
7,75,207.48031616210938,0.0,20.097327627563477,15.845578805160523
7,76,170.8987274169922,0.0,17.01345500793457,15.177610124588012
7,77,181.49374389648438,0.0,17.939836871337892,15.431751612854004
7,78,126.85404205322266,0.0,13.239870993041992,16.4876379611969
7,79,195.06890869140625,0.0,19.084353662109375,18.526863927078246
7,80,298.63909912109375,0.0,27.56844197998047,22.52416947097778
7,81,312.4954833984375,0.0,28.54019306640625,25.858344564819337
7,82,302.5487060546875,0.0,27.78562633666992,28.434396071624757
7,83,226.64669799804688,0.0,21.705837911987306,18.268093214416503
7,84,173.25802612304688,0.0,17.29271593017578,17.298102102279664
7,85,198.7357940673828,0.0007999999797903001,19.387250161743165,20.39651393547058
7,86,250.481201171875,0.00039999998989515007,23.567851510620116,22.72506188392639
7,87,189.91712951660156,0.0,18.644432473754883,18.322533766174317
7,88,249.42237854003906,0.0,23.60107341308594,18.48238682117462
7,89,270.64447021484375,0.0,25.25614281311035,21.967715660858154
7,90,237.13626098632812,0.0,22.535761068725584,24.011937298583984
7,91,257.1802062988281,0.0,24.137299249267578,25.340840357971192
7,92,261.383056640625,0.0,24.50423988342285,24.5207736038208
7,93,281.62982177734375,0.0,26.12299716796875,24.26037657318115
7,94,231.51698303222656,0.03799999877810478,22.09108252307686,15.25335344581604
7,95,231.92059326171875,0.009999999776482582,22.141471934153714,16.444886043930055
7,96,257.768798828125,0.005200000014156103,24.235652600097655,17.94422117538452
7,97,234.84190368652344,0.01759999990463257,22.26527607845374,17.82865562019348
7,98,252.4561767578125,0.0,23.76932401023358,17.964802169799803
7,99,265.1746826171875,0.0,24.816785913085937,16.600732123184205
7,100,238.78970336914062,0.0,22.739041314697264,18.000777395248413
7,101,249.93316650390625,0.0,23.586898016357424,20.49310798034668
7,102,289.7301330566406,0.0,26.771960333251954,18.81268480262756
7,103,285.7392883300781,0.00039999998989515007,26.448348880004882,18.80028426628113
7,104,296.3562316894531,0.0007999999797903001,27.343085488891603,17.30719700202942
7,105,296.0216369628906,0.0015999999595806003,27.2349852475948,17.215822499084474
7,106,238.3964385986328,0.00800000037997961,22.652654330444335,18.51799882926941
7,107,209.49124145507812,0.0,20.324653356933595,19.576892681884765
7,108,284.6863098144531,0.0015999999595806003,26.39018980967693,21.35877464065552
7,109,257.3575744628906,0.0,24.15917919921875,18.198717502593993
7,110,263.9957275390625,0.0,24.741703479003906,17.98824231338501
7,111,225.70799255371094,0.0012000000569969416,21.607564154052735,17.849806024169922
7,112,289.7920837402344,0.02160000056028366,26.92752882621031,20.95148864364624
7,113,299.8965759277344,0.1103999987244606,27.222621792929033,21.58956787033081
7,114,233.9486083984375,0.1348000019788742,22.33553955063099,18.42196177711487
7,116,273.58001708984375,0.1720000058412552,25.698218167855284,23.428159802246093
7,117,284.9718322753906,0.06560000032186508,25.993627870284147,21.736915178489685
8,8,271.1409606933594,0.0,25.303123025512694,17.32557427597046
8,9,279.7818298339844,0.0,25.89948645019531,14.961413311767577
8,10,310.8479919433594,0.0,28.427201626586914,18.181502423858642
8,11,233.16712951660156,0.0,22.243534106445313,17.147169343185425
8,12,244.2728729248047,0.0,23.112969024658202,15.75274379043579
8,13,289.2773742675781,0.0,26.71236096191406,17.22510601463318
8,14,271.84869384765625,0.0,25.34110135498047,20.877546566772462
8,15,275.5309753417969,0.0,25.64781597290039,22.987782516098022
8,16,288.83770751953125,0.0,26.674454638671875,24.56394164199829
8,17,266.7848815917969,0.0,24.977708462524415,20.975197590637208
8,18,300.35107421875,0.0,27.579441986083985,23.11790747756958
8,19,366.6414794921875,0.0,32.70927354431152,25.423913005065916
8,20,313.447998046875,0.0,28.6187854888916,23.989473488616945
8,21,324.5257568359375,0.0,29.453878414916993,31.299080490875244
8,22,285.2312927246094,0.0,26.431013037109373,28.16495559310913
8,23,267.24774169921875,0.0,24.984200787353515,21.786571852111816
8,24,274.5537414550781,0.0,25.570274588012694,23.302228324890137
8,25,331.4827880859375,0.0,30.006318200683594,24.924246604156494
8,26,304.9554748535156,0.02239999920129776,27.96852248088331,27.293380410766602
8,27,259.21026611328125,0.012400000356137753,24.283276461791992,24.644794324493407
8,28,286.708740234375,0.0,26.510859606933593,26.333465811157225
8,29,294.4431457519531,0.0,27.1099225982666,25.266336068725586
8,30,276.2862854003906,0.0,25.700979888916017,19.61239220199585
8,31,218.53469848632812,0.0,21.035474887084963,16.989652149200438
8,32,289.6115417480469,0.0,26.734317922973634,19.63128136177063
8,33,283.26226806640625,0.0,26.257570919799804,26.61631610107422
8,34,286.03863525390625,0.0,26.45125952758789,28.15114563522339
8,35,274.8350524902344,0.0,25.566438259887697,26.80338980255127
8,36,309.3872375488281,0.0,28.3119047454834,26.020788788604737
8,37,273.7133483886719,0.0,25.470744882202148,20.738940986061095
8,38,276.1183776855469,0.0,25.67452180786133,20.971720602798463
8,39,207.1839141845703,0.0,20.10540310974121,19.70793858604431
8,40,257.71630859375,0.0,24.222460159301757,23.477272797775267
8,41,284.693115234375,0.0,26.3377725982666,20.385939540481566
8,42,192.4118194580078,0.0,18.868529046630858,20.982275454330445
8,43,266.34088134765625,0.0,24.88923298034668,21.37767983932495
8,44,215.75234985351562,0.0,20.824560693359373,19.08157788887024
8,45,269.7010803222656,0.0,25.191944471612032,17.507591611099244
8,46,247.15567016601562,0.0,23.355764221191407,16.509144733810423
8,47,238.42636108398438,0.0,22.64580280151367,18.561187258148195
8,48,223.61302185058594,0.0,21.452310891723634,22.502107361602782
8,49,297.6878662109375,0.003599999938160181,27.415142137239492,23.48009475631714
8,50,245.3087158203125,0.0272000003606081,23.1978211947014,20.987479523849487
8,51,339.4266662597656,0.0,30.67336929626465,20.47271566696167
8,52,304.72088623046875,0.0,27.952467489624024,20.26543716506958
8,53,296.8496398925781,0.0,27.293998568725584,18.089098128509523
8,54,271.5091857910156,0.0,25.298756030273438,19.246407871627806
8,55,288.1097106933594,0.0,26.637224118041992,20.579271746826173
8,56,250.14138793945312,0.0,23.612364807128905,19.36173702888489
8,57,320.1805114746094,0.0,29.13199703979492,18.429670013809204
8,58,278.0863342285156,0.0,25.84034421081543,18.640391048431397
8,59,252.93594360351562,0.0,23.82964267578125,19.287156948852537
8,60,310.00067138671875,0.0,28.381451846313478,23.645699612808226
8,61,301.18798828125,0.0,27.65326160583496,21.20066241950989
8,62,312.9945068359375,0.0,28.603736184692384,20.994013334274293
8,63,313.8087158203125,0.0012000000569969416,28.64334035644531,19.190705834198
8,64,273.5665588378906,0.0,25.491539071655275,16.7450327999115
8,65,266.728515625,0.0,24.943969506835938,18.0504888671875
8,66,305.73779296875,0.0,28.001780932617187,19.132796712875365
8,67,268.0794677734375,0.0,25.03812185974121,21.905478313446046
8,68,268.01971435546875,0.0,25.03775576477051,21.7846440864563
8,69,257.0383605957031,0.0,24.150396701049804,21.31493926925659
8,70,272.4775085449219,0.0,25.368389181518555,17.651719580841064
8,71,232.15167236328125,0.0,22.13140131225586,17.247947078323364
8,72,185.04135131835938,0.0,18.2580070892334,15.471117566299439
8,73,238.29913330078125,0.0,22.642623068237306,16.695668292236327
8,74,217.79428100585938,0.0,20.96907085571289,20.56627322769165
8,75,200.2755126953125,0.0,19.512099810791014,19.294653967666626
8,76,188.48670959472656,0.0,18.50874892272949,19.72903197860718
8,77,184.9113006591797,0.0,18.24529736328125,17.408397344207764
8,78,198.26547241210938,0.0,19.37558702392578,17.98766346473694
8,79,279.6501770019531,0.0,25.97569778949177,24.427447402191163
8,80,300.5226745605469,0.0,27.560565216064454,30.956704788970946
8,81,249.31631469726562,0.0,23.511512924194335,26.45808464202881
8,82,209.28994750976562,0.0,20.27419570660085,26.12181145248413
8,83,255.8974151611328,0.0,24.05729321899414,22.520409811401368
8,84,215.7570037841797,0.0,20.78915802001953,18.56576735839844
8,85,183.51727294921875,0.0,18.144565505981447,20.124126944732666
8,86,235.1875,0.0,22.350835302734374,22.60483978538513
8,87,201.14581298828125,0.00279999990016222,19.611161674166727,20.348181286239623
8,88,251.21502685546875,0.0,23.75683423461914,23.75247901611328
8,89,265.07489013671875,0.0,24.804562933349608,23.876232497406004
8,90,255.18008422851562,0.0,23.985570462036133,22.249918936920167
8,91,266.1938171386719,0.0,24.878594024658202,23.46320210647583
8,92,315.2178955078125,0.0,28.753740356445313,25.61415849990845
8,93,303.91400146484375,0.0,27.87324514465332,22.931063191986084
8,94,284.1124572753906,0.0,26.318569564819335,20.84104546890259
8,95,210.21932983398438,0.0,20.357440090942383,16.172280602645873
8,96,243.55606079101562,0.03200000151991844,23.01063830871582,17.384047114944458
8,97,252.85987854003906,0.0,23.843863510131836,18.269998666763307
8,98,258.48272705078125,0.0,24.295720236206055,18.152979609298708
8,99,257.7214050292969,0.0,24.203689544677733,16.481372367095947
8,100,313.87664794921875,0.0,28.653256307983398,19.101839749908446
8,101,308.5947265625,0.0,28.261349710083007,17.97308405342102
8,102,310.6885070800781,0.0,28.348363369750977,18.036687281799317
8,103,303.1043395996094,0.00279999990016222,27.82999827270508,20.15524265899658
8,104,295.21026611328125,0.00800000037997961,27.198650369262694,19.437833860015868
8,105,290.28326416015625,0.00039999998989515007,26.841054873657228,19.554146085357665
8,106,250.8079376220703,0.0020000000949949026,23.690123764038084,19.411976712036132
8,107,243.55751037597656,0.0031999999191612005,23.124379341196445,17.21068882045746
8,108,282.3611145019531,0.00800000037997961,26.106925798832243,25.29515206756592
8,109,265.1156005859375,0.015200000256299973,24.720558062638386,18.337072997665405
8,110,222.8527069091797,0.0,21.330762420654295,19.2219262550354
8,111,211.57521057128906,0.012000000104308128,20.45550449619125,22.22623960571289
8,112,222.11773681640625,0.03720000013709068,21.396015913421518,18.223724159240724
8,113,244.19114685058594,0.014000000432133675,23.090819485216254,18.80914625091553
8,114,242.8549041748047,0.01640000008046627,23.074300143741166,18.99340183029175
8,115,294.4098205566406,0.10239999741315842,27.16323335212022,22.198236404418946
8,116,284.95574951171875,0.024800000712275505,26.31699379951723,23.396729578781127
8,117,258.51922607421875,0.029999999329447746,23.754309608667782,23.178556734466554
9,8,310.61663818359375,0.02759999968111515,28.16208439910761,18.178837258148192
9,9,314.1805114746094,0.04039999842643738,28.627917291687336,18.667304833221436
9,10,255.3736572265625,0.0,24.047466284179688,18.31975985031128
9,11,247.71556091308594,0.0,23.40667275390625,20.149274641418458
9,12,254.31434631347656,0.0,23.954993035888673,16.594052243041993
9,13,292.43389892578125,0.0,26.946803381347657,20.95475298309326
9,14,258.24676513671875,0.0,24.247816635131837,24.563214275741576
9,15,209.84231567382812,0.0020000000949949026,20.25907189283914,19.902568048286437
9,16,305.2867431640625,0.003599999938160181,27.969772342015926,25.76777271823883
9,17,305.6859436035156,0.0,28.048239807128905,21.591724780654907
9,18,286.02178955078125,0.0,26.48851420288086,24.049280183029175
9,19,357.3274230957031,0.0,32.0312275604248,29.43543168106079
9,20,291.3232116699219,0.0,26.872221978759764,24.810676526641846
9,21,286.13885498046875,0.0,26.44530029420478,24.94475145111084
9,22,306.9665222167969,0.0,28.119471921499475,26.36610249328613
9,23,299.83636474609375,0.0,27.566025469970704,21.18557975769043
9,24,275.59991455078125,0.0,25.66155787963867,19.73591576461792
9,25,312.5322265625,0.0,28.512801638793945,25.786304275512695
9,26,298.3026123046875,0.0007999999797903001,27.40406591796875,23.33247041091919
9,27,249.60667419433594,0.0,23.589029684448242,18.13288423309326
9,28,278.29949951171875,0.0,25.889787008666993,22.456119875335695
9,29,304.7673645019531,0.0,27.930341933537456,22.425116341018676
9,30,266.41558837890625,0.0,24.918131182861327,21.18881082687378
9,31,238.08901977539062,0.0,22.61752336730957,21.870310456085207
9,32,250.04307556152344,0.0,23.59238057861328,24.525445841217042
9,33,260.309814453125,0.0,24.460622247314454,25.291462503051758
9,34,283.03924560546875,0.0,26.250990368652342,28.630592051696777
9,35,265.9731140136719,0.0,24.914355096435546,26.197936603546143
9,36,255.95925903320312,0.0,24.051955297851563,23.41063066520691
9,37,264.0474548339844,0.0,24.75902353820801,26.57106712112427
9,38,226.97335815429688,0.0,21.72460581970215,21.993759615135193
9,39,212.0570526123047,0.0,20.435016134643554,9.990313428783416
9,40,211.52029418945312,0.0,20.46842222595215,19.833798357009886
9,41,282.4618225097656,0.0,26.187772052001954,20.236136335754395
9,42,235.19210815429688,0.0,22.3881747253418,17.80708109893799
9,43,260.0043640136719,0.0,24.41257732849121,18.599145235061645
9,44,254.343017578125,0.0,23.935614306640623,21.09079501991272
9,45,253.82791137695312,0.0,23.889844638061522,18.9994789894104
9,46,244.1953582763672,0.0,23.121319967651367,16.353031196975707
9,47,174.1534881591797,0.0,17.34370771484375,16.124726221466066
9,48,312.391357421875,0.0,28.56751932067871,23.932264985275268
9,49,259.9283752441406,0.0,24.402760650634765,20.029137382507326
9,50,248.153564453125,0.0,23.426470315551757,21.817746607208253
9,51,291.11224365234375,0.0,26.88712032775879,19.78519241027832
9,52,313.98486328125,0.0,28.671583001708985,20.412555420303345
9,53,331.4467468261719,0.0,30.015009854125978,24.2811806060791
9,54,295.25750732421875,0.0,27.208765615844726,22.01885205230713
9,55,279.922119140625,0.0,25.788066454402735,19.81006654510498
9,56,250.99984741210938,0.0,23.66652331542969,19.75293210411072
9,57,325.98516845703125,0.0,29.630061056518553,18.41010137710571
9,58,231.4030303955078,0.0,22.09406335449219,19.66653214187622
9,59,288.6322326660156,0.0,26.667448568725586,25.581483240509034
9,60,233.23638916015625,0.0,22.23878367614746,21.61841254425049
9,61,276.9266662597656,0.0,25.7596134185791,16.59613130378723
9,62,266.7247314453125,0.0,24.925117572021485,18.8737764377594
9,63,242.98886108398438,0.0,23.019609378051758,18.16372589416504
9,64,241.08851623535156,0.0,22.88882355041504,16.149595629119872
9,65,304.72186279296875,0.0,27.930013787841798,18.63152930908203
9,66,274.5006103515625,0.0,25.565218365478515,16.89274918861389
9,67,289.6380920410156,0.0,26.760031573486327,21.673255583953857
9,68,295.1177062988281,0.0,27.169574020385742,25.664199752044677
9,69,266.12872314453125,0.0,24.853007614875153,22.542792921066283
9,70,231.7422637939453,0.0,22.117044647216797,21.201851222229003
9,71,185.6305389404297,0.0,18.295762878417968,14.809951266479493
9,72,159.56170654296875,0.0,16.042645330810547,16.527365677261354
9,73,200.0386199951172,0.0,19.48594853515625,18.300546596908568
9,74,219.83897399902344,0.0,21.13038881530762,20.05621745223999
9,75,242.5047607421875,0.0,22.970132046508787,18.343323371505736
9,76,184.6297149658203,0.0,18.186935278320313,15.744979159164428
9,77,201.4715118408203,0.0,19.62453077392578,18.46820318660736
9,78,206.58572387695312,0.0,20.0115559967041,17.90871380004883
9,79,282.0144958496094,0.0,26.139986416625977,30.158443157958985
9,80,234.10614013671875,0.0,22.326894241333008,25.47898843269348
9,81,142.0607147216797,0.0,14.57312611127511,19.38517946662903
9,82,192.53167724609375,0.030799999833106995,18.963207884859447,21.139917945098876
9,83,202.33209228515625,0.0,19.678938064575195,18.773513580322266
9,84,172.37278747558594,0.0,17.125517306518553,13.59411456336975
9,85,204.6129608154297,0.0,19.87870813293457,16.232520993423464
9,86,165.8190155029297,0.0,16.619707061767578,14.781676122283935
9,87,234.53570556640625,0.0,22.358364807128908,21.643239973068237
9,88,289.0602111816406,0.0,26.682353955078124,25.26093124008179
9,89,260.5776672363281,0.0,24.457755139160156,19.538249257659913
9,90,220.8386688232422,0.0,21.247965756225586,20.500695178985595
9,91,253.79443359375,0.0,23.87274811401367,23.96464767150879
9,92,301.31549072265625,0.0,27.66266375427246,24.008034038543702
9,93,256.0412902832031,0.0,24.143255017089842,20.67854071807861
9,94,228.27769470214844,0.00559999980032444,21.82380655822754,18.458976205444337
9,95,236.41770935058594,0.011599999852478504,22.513913461303712,17.017496923065185
9,96,261.8115539550781,0.0,24.543748092345457,17.903799424743653
9,97,259.28887939453125,0.0,24.35664807128906,18.361295490264894
9,98,243.28099060058594,0.0,23.053014474487306,17.638115718841554
9,99,264.4884033203125,0.0,24.763225311279296,24.972881061553956
9,100,305.0691833496094,0.0,27.952682379150392,22.1084010761261
9,101,282.4000549316406,0.0,26.150864401245116,17.105744261169434
9,102,283.7723388671875,0.0,26.277728247070314,18.620386681365968
9,103,289.95440673828125,0.0,26.791188247680665,19.996111151123046
9,104,258.197265625,0.02800000086426735,24.165376491579014,17.089281495666505
9,105,239.20672607421875,0.07079999893903732,21.671888521024872,18.576324921798705
9,106,298.59405517578125,0.09080000221729279,27.29596406044294,18.87911534881592
9,107,273.4275207519531,0.0,25.507303763790674,16.890168512535094
9,108,291.0950927734375,0.02319999970495701,26.78517246629956,20.52185870552063
9,109,285.8456115722656,0.023600000888109207,26.27874677438216,22.1886868598938
9,110,278.6226501464844,0.020800000056624413,25.796128204480464,19.754706665039063
9,111,280.3185729980469,0.14000000059604645,26.20984163160448,22.13759616394043
9,112,248.41200256347656,0.16200000047683716,22.754664436391696,18.529916701507567
9,113,277.6091613769531,0.1964000016450882,25.689551064794546,19.087735276794433
9,114,293.9712219238281,0.20720000565052032,27.861891482793617,22.434065688323976
9,115,276.5113830566406,0.12919999659061432,25.68663871299493,22.25364496459961
9,116,329.2399597167969,0.10440000146627426,29.861731345523992,22.872315261459352
9,117,276.1352844238281,0.11400000005960464,25.56213155378375,21.442661143493652
10,8,297.84613037109375,0.0,27.378645474243164,19.390110482788085
10,9,295.2273254394531,0.003599999938160181,27.225668462649548,20.063350047683716
10,10,322.3455505371094,0.0,29.245319582554842,18.65101096572876
10,11,280.5632019042969,0.0,26.03813013305664,19.277051372909547
10,12,292.86370849609375,0.0007999999797903001,26.797617540269712,19.198439488601686
10,13,281.19342041015625,0.0,26.034983535766603,25.179811763000487
10,14,299.898193359375,0.0,27.608796304321288,19.811747142028807
10,15,267.51025390625,0.0,25.01517246398926,16.492373038864137
10,16,306.85675048828125,0.0,28.146766052246093,20.813780072784425
10,17,325.62103271484375,0.0,29.57083563537598,20.950954423522948
10,18,282.01849365234375,0.0,26.133917877197266,18.689423050689697
10,19,279.7630615234375,0.0,25.96783701171875,16.111624599456785
10,20,245.3184051513672,0.0,23.224065985107423,16.881804581451416
10,21,260.61505126953125,0.0,24.449059048461915,22.902324014663698
10,22,293.20867919921875,0.0,27.03041739501953,26.111787663269045
10,23,288.9517822265625,0.0,26.723164080810548,25.840064233398436
10,24,312.73663330078125,0.0,28.483952221679687,22.05265003089905
10,25,266.54931640625,0.0,24.915371447753905,25.149551525115967
10,26,284.8341369628906,0.0,26.378130590820312,23.173426036834716
10,27,263.102294921875,0.0,24.637324435424805,20.159740760040282
10,28,275.68017578125,0.0,25.629818547291965,19.01324920120239
10,29,295.0283203125,0.006000000052154064,27.050464425102508,19.057758613586426
10,30,318.10394287109375,0.0,28.982049014282225,26.549813317108153
10,31,256.367431640625,0.0,24.106209365844727,24.579374528884887
10,32,293.5701599121094,0.0,27.058758767700194,21.797370726013185
10,33,257.1598205566406,0.0,24.182291677856444,28.395134369659424
10,34,308.9104919433594,0.0,28.293954528808595,28.642885953521727
10,35,341.2803955078125,0.0,30.76258830871582,27.445841620635985
10,36,231.43890380859375,0.0,22.088851245117187,23.266024141693116
10,37,344.5899353027344,0.0,31.04292142944336,31.030569189453125
10,38,329.1920166015625,0.0,29.840804229736328,28.467365310668946
10,39,251.22512817382812,0.0,23.71134287109375,18.449922105407715
10,40,265.6001281738281,0.0,24.819128576660155,20.187484247207642
10,41,285.9707336425781,0.0,26.466378170776366,18.238979792022704
10,42,251.3078155517578,0.0,23.71789098815918,15.976434045410157
10,43,268.57159423828125,0.0,25.087887588500976,17.92822793560028
10,44,249.5934600830078,0.0,23.56586072692871,18.651193849754332
10,45,267.7352600097656,0.0,25.014012936401368,22.052655546951293
10,46,211.24842834472656,0.0,20.45366178894043,14.9268934715271
10,47,243.51614379882812,0.0,23.085163919067384,15.009652962112426
10,48,276.760498046875,0.0,25.734660186767577,19.076368450546266
10,49,307.4365539550781,0.0,28.140365689086913,20.31847571182251
10,50,263.44940185546875,0.0,24.675273333740236,17.79594320411682
10,51,276.6170654296875,0.004800000227987766,25.729921078491213,19.677081763839723
10,52,321.6396789550781,0.0,29.249760629272462,20.551174068450926
10,53,359.8885192871094,0.0012000000569969416,32.27486009521484,24.111869161987304
10,54,316.2083740234375,0.0,28.793034518432616,21.11306344642639
10,55,275.6535949707031,0.0,25.646045989990235,18.443601579666137
10,56,271.47216796875,0.0031999999191612005,25.39125235167747,18.006835221099852
10,57,283.7481689453125,0.0012000000569969416,26.199853379704308,18.934948836517336
10,58,292.63616943359375,0.0,26.970607666015624,17.925226123428345
10,59,305.9632568359375,0.0,28.034918737792967,22.963435681152344
10,60,253.9117889404297,0.0,23.88949606323242,19.86627442970276
10,61,261.63153076171875,0.0,24.50945442504883,16.232661017227173
10,62,298.980224609375,0.0,27.510084017944337,19.313733386230467
10,63,261.0234375,0.0,24.49690251159668,19.50337572479248
10,64,284.4139404296875,0.0,26.31501478881836,20.590094429779054
10,65,307.167236328125,0.0,28.10991937866211,18.521653131866454
10,66,277.1223449707031,0.0,25.813475308227538,18.05874507675171
10,67,291.61474609375,0.0,26.940541806030275,22.844820904922486
10,68,281.98492431640625,0.0,26.15994598388672,23.357020503234864
10,69,274.69659423828125,0.0,25.543537896728516,26.721359310913087
10,70,277.0,0.0,25.75047085571289,22.120365718460082
10,71,243.01748657226562,0.0,22.98889422302246,18.795486709976196
10,72,214.35110473632812,0.0,20.670574221801758,17.981916164398193
10,73,249.87252807617188,0.0,23.572980166625978,20.542424992370606
10,74,280.3343811035156,0.0,26.060766146850586,18.95994109687805
10,75,246.07496643066406,0.0,23.279494555664062,18.063012491607665
10,76,220.8130340576172,0.0,21.21819247741699,16.852288367462158
10,77,229.51345825195312,0.0,21.92597385559082,17.913071618652342
10,78,209.531982421875,0.0,20.28720097961426,18.27079462032318
10,79,269.6178894042969,0.0,25.146879083251953,25.193632725524903
10,80,266.34747314453125,0.0,24.886184225463868,24.731641659545897
10,81,262.0086364746094,0.0,24.549971975708008,28.24820204849243
10,82,288.5672912597656,0.0,26.66550813598633,19.210682531356813
10,83,222.7384490966797,0.0,21.368007421875,18.258694379425048
10,84,191.42918395996094,0.0,18.767274752807616,15.471434637451171
10,85,139.2707977294922,0.0,14.345070874023438,14.216825172424317
10,86,205.5271453857422,0.0,19.935179571533205,16.075969343185424
10,87,273.7106628417969,0.0,25.481960229492188,21.422977099609376
10,88,282.19384765625,0.0,26.17849182434082,22.693396212768555
10,89,253.196044921875,0.0,23.881722509765623,21.468391716003417
10,90,285.2891845703125,0.0,26.437036822509764,18.174648557662962
10,91,309.2474670410156,0.0,28.269254708862306,23.58919997367859
10,92,281.6866455078125,0.0,26.119109188842774,21.429548013305663
10,93,268.02996826171875,0.0,25.040010678100586,17.906878847122194
10,94,242.79820251464844,0.0,23.008155377197266,16.679943235778808
10,95,225.64149475097656,0.0,21.60568317260742,17.16281255683899
10,96,247.56344604492188,0.0,23.418667111206055,17.1322918926239
10,97,263.86236572265625,0.0,24.694473834228514,16.901812001419067
10,98,243.87542724609375,0.0,23.0961404296875,16.260078659057616
10,99,263.0487365722656,0.0,24.656095385742187,14.495332000732422
10,100,315.2515869140625,0.0,28.75647722167969,17.459267426681517
10,101,283.55474853515625,0.0,26.2388596282959,16.629340377807615
10,102,316.3101501464844,0.0012000000569969416,28.82253605041504,19.917083136749266
10,103,289.22625732421875,0.0,26.7811873046875,29.199207357788087
10,104,198.60714721679688,0.0,19.349468142700196,21.13877409324646
10,105,292.791748046875,0.025599999353289604,26.780693133015276,19.495667588806153
10,106,338.6142272949219,0.002400000113993883,30.500681391010037,20.38553956298828
10,107,356.4450378417969,0.00039999998989515007,31.97560337219238,23.98479913635254
10,108,310.08221435546875,0.0,28.338695181274414,20.82996929664612
10,109,311.5895080566406,0.14399999380111694,27.586448756709796,26.335948987579346
10,110,229.8889617919922,0.036400001496076584,21.915596411152645,19.389565660095215
10,114,284.2585144042969,0.12439999729394913,26.444790587050647,21.120966404724122
10,116,296.6331787109375,0.1436000019311905,28.12730527852317,22.08520086517334
11,8,224.61141967773438,0.0015999999595806003,21.503323583984375,13.865272430419921
11,9,279.3045959472656,0.0,25.935181604003905,20.32735941734314
11,10,235.05917358398438,0.0,22.40938388671875,17.90294306907654
11,11,299.5460205078125,0.0,27.48700592956543,20.293346574783325
11,12,307.0402526855469,0.00559999980032444,27.979196691959068,22.577145166015626
11,13,307.2677001953125,0.0,28.267775506800568,19.935063820266723
11,14,309.30889892578125,0.0,28.246908573622115,18.869996767425537
11,15,304.62005615234375,0.0,27.924244619750976,21.880416382598877
11,16,289.7560729980469,0.0,26.826106983898256,19.36932562866211
11,17,302.7823791503906,0.0,27.760415896606446,18.855119057846068
11,18,276.2055358886719,0.0,25.68532339477539,18.74954779853821
11,19,300.1112060546875,0.0,27.580478228759766,20.64927180290222
11,20,276.0829772949219,0.0,25.67546558532715,15.530680509376525
11,21,310.8451232910156,0.0,28.45947560119629,25.648005738067628
11,22,289.79400634765625,0.0,26.901701593494607,24.650714645767213
11,23,302.22589111328125,0.0,27.774273693847658,24.069905937194825
11,24,303.2062072753906,0.0,27.806425134277344,22.437171061706543
11,25,305.2832946777344,0.0,27.994313510131835,21.274580588531496
11,26,249.63571166992188,0.004000000189989805,23.5591249763727,19.914614486694337
11,27,248.37876892089844,0.0,23.563785272216798,20.07673063430786
11,28,300.6566467285156,0.0,27.62579652709961,19.99627558441162
11,29,253.63380432128906,0.0,23.84091226196289,17.315703788757325
11,30,277.49298095703125,0.0,25.780607638549803,24.453446767425536
11,31,291.6861267089844,0.011599999852478504,26.94001086425781,21.855708786773683
11,32,309.61566162109375,0.04039999842643738,28.483231748881433,28.260328784942626
11,33,319.10546875,0.0,29.04237766418457,30.680640604400633
11,34,281.083984375,0.0,26.06192161254883,26.068581089782715
11,35,327.9267883300781,0.0,29.72192492980957,28.405722980117798
11,36,284.55859375,0.0,26.351940307617188,23.570763900375365
11,37,323.3251647949219,0.0,29.416305511474608,27.44762779083252
11,38,364.6161193847656,0.0,32.56077211303711,28.809903899765015
11,39,226.5162811279297,0.0,21.694761614990234,21.963259411621095
11,40,314.0060729980469,0.0,28.649342938232422,23.401240667724608
11,41,262.4968566894531,0.0,24.620587878417968,18.094685708618165
11,42,302.6514587402344,0.0,27.748533435058594,17.918195662689207
11,43,217.3489990234375,0.0,20.980593286132812,15.230706685829162
11,44,243.79946899414062,0.0,23.10705844116211,16.5999979845047
11,45,219.0463104248047,0.0,21.084330337524413,15.49633254146576
11,46,256.4477844238281,0.0,24.097787579345702,15.909040164184571
11,47,275.6756286621094,0.0,25.658523138427736,15.780541709136964
11,48,277.9810791015625,0.0,25.833935256958007,18.58563163833618
11,49,244.9664764404297,0.0,23.185613333129883,20.443599028396605
11,50,247.29811096191406,0.0,23.40966625061035,18.357367720794677
11,51,298.3457336425781,0.0,27.432316067504882,21.31378291282654
11,52,266.2612609863281,0.0,24.87911446533203,22.707859976959227
11,53,298.47198486328125,0.0,27.41738480834961,20.825779676818847
11,54,293.6324768066406,0.0,27.054731552124025,20.644572995758057
11,55,253.11988830566406,0.0,23.80730182495117,18.603230764770508
11,56,246.8755340576172,0.0,23.35699965209961,21.70709734840393
11,57,321.6869201660156,0.0,29.233010358482098,22.672496014404295
11,58,265.1576843261719,0.0,24.785950779436103,14.89884600982666
11,59,286.88153076171875,0.0,26.55685495605469,19.04195774345398
11,60,253.1342315673828,0.0,23.837626455688476,19.272618967437744
11,61,276.779296875,0.0,25.710004235839843,17.688512911224365
11,62,328.4253234863281,0.0,29.837984967041017,20.712298999786377
11,63,274.6173095703125,0.0,25.610408615112306,22.062998949813842
11,64,292.6944580078125,0.0,27.042379568481444,22.525683419799805
11,65,274.4773864746094,0.0,25.54601938781738,19.315447887802122
11,66,270.4541320800781,0.0,25.23080599975586,18.998973524475097
11,67,284.9222717285156,0.0,26.375327352905273,24.434076587677
11,68,286.69842529296875,0.0,26.585796270751953,22.987049781799318
11,69,275.37615966796875,0.0,25.616030096435548,27.074136087036134
11,70,233.27694702148438,0.0,22.265458389282227,19.519011854553224
11,71,218.56089782714844,0.0,21.059688619995118,19.699926446151732
11,72,236.73292541503906,0.0,22.521123046875,20.082439027023316
11,73,254.3572235107422,0.0,23.9431016998291,16.664772808837892
11,74,226.04046630859375,0.0,21.650843087768553,19.66123447608948
11,75,257.2948303222656,0.0,24.202592655104034,19.53515019187927
11,76,274.57025146484375,0.0,25.51663193054199,24.005582545471192
11,77,202.96263122558594,0.0,19.749054722604388,15.034656069183349
11,78,229.96229553222656,0.0,21.93613345336914,18.55750620098114
11,79,239.51844787597656,0.0,22.726930728149416,21.739483517456055
11,80,261.7324523925781,0.00039999998989515007,24.50539747314453,21.36375587272644
11,81,222.29319763183594,0.0,21.340617358398436,18.856052461624145
11,82,170.66148376464844,0.0,17.026944586181642,18.446660781860352
11,83,233.87985229492188,0.0,22.30169467468262,22.043728630447387
11,84,204.767578125,0.0,19.888981146240233,15.439845577239991
11,85,164.9772491455078,0.0,16.548746115112305,16.283794842910766
11,86,147.1632537841797,0.0,15.067562149047852,20.957054767608643
11,87,264.1641845703125,0.0,24.717437203979493,21.203054217529296
11,88,218.3812255859375,0.0,21.02048702087402,20.72388962173462
11,89,279.6517028808594,0.0,25.970203457641603,25.898191051483153
11,90,220.97906494140625,0.0,21.22110200805664,22.952697411727904
11,91,267.1068115234375,0.0,24.95188733215332,20.842304133987426
11,92,220.8114013671875,0.0,21.223799237060547,19.142839807128905
11,93,276.2972717285156,0.0,25.699548455810547,19.81305440864563
11,94,284.7518615722656,0.0,26.396270419311524,17.463722248077392
11,95,241.35397338867188,0.0,22.88137107849121,18.71226753730774
11,96,251.56541442871094,0.0,23.71882543029785,19.46141861076355
11,97,248.58935546875,0.0,23.489136489868166,16.825745471191407
11,98,259.9952087402344,0.0,24.389231271362306,15.421495998382568
11,99,263.2796936035156,0.0,24.649336346435547,13.916570262908936
11,100,268.75,0.0,25.07344468078613,15.062497185134887
11,101,301.21966552734375,0.0,27.651380670166017,19.20252183265686
11,102,273.1617126464844,0.0,25.494787121778522,17.2927666557312
11,103,261.3858642578125,0.0,24.497676389763154,16.624050764846803
11,104,243.42050170898438,0.0,23.014460711669923,17.71859228477478
11,105,296.9815979003906,0.05920000001788139,26.8854944526905,20.57318069229126
11,106,274.1096496582031,0.1387999951839447,24.80294268727605,20.289094867324827
11,107,264.90252685546875,0.17239999771118164,24.701628744409664,21.717925861358644
12,8,246.2317657470703,0.0,23.247618587559746,15.96237513999939
12,9,280.1800537109375,0.0,26.050093553866777,15.607760132980347
12,10,291.38494873046875,0.0,26.87243351014722,23.076732077789305
12,11,291.54052734375,0.0,26.92239052734375,21.68071410484314
12,12,279.5375671386719,0.0,25.970955670476197,15.040662879180909
12,13,267.7314758300781,0.0,24.981320245361328,19.716689726257325
12,14,331.69390869140625,0.0,30.03177707519531,21.017114323806762
12,15,323.8719787597656,0.0,29.42904876098633,27.73825774154663
12,16,310.2378234863281,0.0,28.3858248046875,21.478052559280396
12,17,265.1985168457031,0.0,24.774127670288085,19.89389965133667
12,18,248.119140625,0.0,23.45549024658203,19.839952601242064
12,19,300.6886291503906,0.0,27.6196727722168,24.595903047180176
12,20,254.92066955566406,0.0,23.995733203125,23.437250522613525
12,21,281.7752990722656,0.0,26.11810792541504,25.103309329605104
12,22,300.6475830078125,0.0,27.607884033203124,19.390592343139648
12,23,294.59466552734375,0.0,27.126503240966798,22.20328705482483
12,24,317.88360595703125,0.0,28.928628701782227,21.675604890441896
12,25,298.5243225097656,0.0,27.4462884765625,24.208314966583252
12,26,269.5971374511719,0.009600000455975533,25.18063727416992,21.779757070159913
12,27,255.29421997070312,0.0,24.03006732788086,20.26074434967041
12,28,293.7237243652344,0.0,27.06886095275879,25.481329447174073
12,29,319.7833251953125,0.0,29.102651159667968,24.395842627716064
12,30,300.4638671875,0.0,27.628998666381836,22.14297848701477
12,31,287.76739501953125,0.0,26.596279928588867,21.001415212631226
12,32,327.1263732910156,0.0,29.698041008395546,22.16637967414856
12,33,293.6947937011719,0.0,27.08014683532715,27.191481396484374
12,34,253.0197296142578,0.0,23.81493717956543,28.10075314178467
12,35,306.3234558105469,0.0,28.073041119384765,25.85298314819336
12,36,270.8908386230469,0.0,25.305270867919923,25.862346070480346
12,37,269.8180847167969,0.0,25.16897766418457,25.752830544281007
12,38,252.83058166503906,0.0,23.816117660522462,25.33740049057007
12,39,242.4076690673828,0.0,23.005377645874024,24.74846812210083
12,40,273.6760559082031,0.0,25.502675393676757,24.092862325286866
12,41,264.1890563964844,0.0,24.782530999260317,20.117728855133056
12,42,257.67681884765625,0.0,24.208674249267577,19.06712354888916
12,43,264.3608703613281,0.0,24.73172095336914,21.432395121383667
12,44,262.4325256347656,0.0,24.56221502685547,21.860083602905274
12,45,244.29066467285156,0.0,23.12245191040039,14.76084019947052
12,46,301.3060607910156,0.0,27.676258584594727,17.05414282684326
12,47,224.91433715820312,0.0,21.561498638916017,14.958396870040893
12,48,241.9224395751953,0.0,22.94458196411133,17.687426611709594
12,49,294.7361145019531,0.0,27.169353866577147,25.85357618560791
12,50,290.5383605957031,0.0,26.80133889770508,20.701579015731813
12,51,287.32501220703125,0.0,26.571116217041016,20.194441564559938
12,52,289.48809814453125,0.04439999908208847,26.613422830786163,22.74975520324707
12,53,276.5672912597656,0.00559999980032444,25.757509814453126,23.381340621185302
12,54,308.6004638671875,0.0,30.76112370981717,21.368186192321776
12,55,273.7850036621094,0.00039999998989515007,25.739239212117866,20.802164462661743
12,56,284.4535827636719,0.0,26.40057455444336,22.56672354621887
12,57,312.3777160644531,0.0,28.573361184692384,20.629499269866944
12,58,280.0511474609375,0.0015999999595806003,26.117404067725467,20.874155183792116
12,59,215.96728515625,0.004000000189989805,20.720118809867397,20.84669957962036
12,60,280.9198303222656,0.0,26.039525564575197,24.67299736251831
12,61,296.7809753417969,0.0,27.303891986083983,18.518330994796752
12,62,276.6834411621094,0.0,25.74488873901367,19.643878440856934
12,63,319.2396240234375,0.0,29.05138164367676,24.90875701751709
12,64,276.9627685546875,0.0,25.75415444946289,21.738982437896727
12,65,276.115234375,0.0,25.686550256347655,23.56627635040283
12,66,289.7987060546875,0.0,26.742209442138673,21.471886364746094
12,67,252.4271240234375,0.0,23.801989068603515,23.152947089385986
12,68,268.2160949707031,0.0,25.056778100585937,22.71647710914612
12,69,215.43577575683594,0.0,20.76277183227539,23.75252423400879
12,70,249.4589080810547,0.0,23.558369424438478,22.823034444427492
12,71,226.36166381835938,0.0,21.63224412841797,18.958508393859862
12,72,247.9807586669922,0.0,23.380107293701172,23.4102285610199
12,73,255.622802734375,0.0,24.039955514526365,23.94302693786621
12,74,262.099609375,0.0,24.532123611450196,21.352126735687257
12,75,242.531982421875,0.0,23.01442878417969,21.495221515274046
12,76,250.90371704101562,0.0,23.66230294494629,18.670902876281737
12,77,217.15371704101562,0.0,20.944965475463867,13.549256172561645
12,78,221.75624084472656,0.0,21.276242544555664,16.85751641559601
12,79,200.20399475097656,0.0,19.530371099853514,16.90344770088196
12,80,228.99362182617188,0.0,21.875442544555664,27.364536278915406
12,81,222.9604949951172,0.0,21.408462939453123,21.79937070121765
12,82,198.30230712890625,0.0,19.32783533630371,23.25207376174927
12,83,252.58961486816406,0.0,23.801347430419924,23.61806866912842
12,84,194.73748779296875,0.0,19.071082843017578,14.130526004981995
12,85,193.58140563964844,0.0,18.93057269592285,19.7597858417511
12,86,233.37193298339844,0.0,22.226239352416993,21.67644224090576
12,87,240.8792724609375,0.0,22.82964824523926,18.064594867706298
12,88,227.48863220214844,0.0,21.73126209411621,16.039415088272094
12,89,233.35845947265625,0.0,22.232350448608397,19.369136320877075
12,90,287.18243408203125,0.0,26.5420708984375,22.278506162261962
12,91,265.42242431640625,0.0,24.79864280090332,18.34351361427307
12,92,236.31646728515625,0.0,22.480272061157226,12.51429592590332
12,93,264.7408447265625,0.0,24.77371640625,18.233366574096678
12,94,221.05685424804688,0.0,21.232813467407226,15.933697115325927
12,95,273.785400390625,0.0,25.533285232543946,18.27472522583008
12,96,274.9257507324219,0.0,25.59900775756836,18.107540021133424
12,97,256.9297790527344,0.0,24.156065631103516,16.9542107963562
12,98,298.4725646972656,0.0,27.422231225585936,20.140434173202515
12,99,283.7626953125,0.0,26.269533267211916,17.00266362876892
12,100,232.53070068359375,0.0,22.195438735961915,18.015086995315553
12,101,317.8243408203125,0.0012000000569969416,28.78510718444571,21.799769021987917
12,102,284.7744140625,0.14319999516010284,25.39397405906462,22.78455025138855
12,103,233.9769744873047,0.0,22.281839451923908,18.737709938430786
12,104,219.4582061767578,0.07760000228881836,20.906521993970113,20.534085218429567
12,105,297.20989990234375,0.19840000569820404,26.318671590372215,25.042074673080446
12,108,311.2115783691406,0.21080000698566437,28.040256299662545,22.520586135864257
13,8,218.02687072753906,0.0,20.970082821655275,15.24251221923828
13,9,205.19129943847656,0.0,19.908272686767578,13.627432653808594
13,10,296.3397216796875,0.11159999668598175,27.290848731611472,18.75858781528473
13,11,240.67669677734375,0.0,22.84407671508789,15.392924904251098
13,12,239.56356811523438,0.0,22.753825433349608,14.98805658378601
13,13,300.368408203125,0.0,27.639502270507812,18.536339266586303
13,14,339.85107421875,0.0,30.630567907714845,23.611695577239992
13,15,343.3676452636719,0.0,30.946993167114258,25.28938232040405
13,16,220.35243225097656,0.0,21.19586872558594,24.29218134613037
13,17,260.3564453125,0.0,24.441112405395508,20.179091120910645
13,18,273.1120300292969,0.0,25.415536605834962,18.900694467926026
13,19,311.7857666015625,0.0,28.510098220825196,23.99267155609131
13,20,303.8619079589844,0.0,27.848207275390624,21.840828398132324
13,21,280.4435729980469,0.0,26.02030958557129,19.759881589889527
13,22,283.88470458984375,0.0,26.215445965576173,21.776786627960206
13,23,306.0505676269531,0.0,28.011819219970704,22.47756672859192
13,24,281.37567138671875,0.07639999687671661,26.66565792995913,22.226459845352174
13,25,303.7808837890625,0.0,27.82533851792395,26.46707378578186
13,26,266.0609130859375,0.0,24.86616290283203,27.670598376464845
13,27,315.0992431640625,0.0,28.718775061035156,27.706225637817383
13,28,267.6394958496094,0.0,25.025809243774415,25.175801905059814
13,29,305.3802490234375,0.0,27.986712280273437,24.846829640960692
13,30,322.2730407714844,0.0,29.303449505615234,21.317581104660036
13,31,323.2901306152344,0.01080000028014183,29.247480926263936,23.653820747375487
13,32,310.9490661621094,0.0,28.430549957275392,21.502090703201294
13,33,304.33380126953125,0.0,27.903555938720704,20.78326198501587
13,34,272.5974426269531,0.00039999998989515007,25.390310089111328,20.459654177856446
13,35,277.0498046875,0.0,25.708021841430664,18.377130810928346
13,36,238.89222717285156,0.0,22.68749976501465,18.562797786712647
13,37,264.33526611328125,0.0,24.753328359985353,19.793156559371948
13,38,272.0913391113281,0.0,25.349866302490234,21.038658263778686
13,39,268.7751159667969,0.0,25.133909002685545,21.350779122161864
13,40,292.5027770996094,0.0,26.957413482666016,24.084286936950683
13,41,211.88595581054688,0.0,20.479613589477538,16.648489303970337
13,42,267.2071228027344,0.0,24.93136689453125,17.08976772994995
13,43,227.83978271484375,0.0,21.787723162841797,18.179740357208253
13,44,264.4017028808594,0.0,24.760679412841796,19.43522303352356
13,45,246.09185791015625,0.0,23.290589724731447,20.820383043289183
13,46,288.4574890136719,0.0,26.63274849243164,20.46538445701599
13,47,252.08404541015625,0.0,23.7587932800293,18.475162369537355
13,48,247.58792114257812,0.0,23.464534506225586,17.89327594718933
13,49,251.23121643066406,0.0,23.71385146789551,19.124263070869446
13,50,274.9322509765625,0.0,25.575595184326172,21.746199779510498
13,51,262.7833251953125,0.0,24.63636643066406,22.94998486557007
13,52,277.33837890625,0.004800000227987766,25.75593012778842,21.640560542297365
13,53,310.9447021484375,0.0,28.46191323852539,20.78089981956482
13,54,275.6934509277344,0.0,25.61108611755371,20.36608401451111
13,55,331.9210205078125,0.0,30.103542501831054,22.85848514289856
13,56,280.85235595703125,0.0,26.04848135070801,18.236865582275392
13,57,246.327392578125,0.0,23.30658485107422,17.16906912651062
13,58,238.2974395751953,0.0,22.619209646606446,17.4575512714386
13,59,255.3766326904297,0.0,24.021114422607422,19.437390329360962
13,60,261.3741760253906,0.0,24.487546740722657,21.537217442321776
13,61,302.1781311035156,0.0,27.687227777099608,19.813665043640135
13,62,305.2568359375,0.0,27.983905477905274,19.926197913742065
13,63,290.6363220214844,0.0,26.848509509277342,23.873406734466553
13,64,270.5318298339844,0.0,25.230991253662108,20.77215810775757
13,65,277.0556335449219,0.0,25.743770559692383,20.153379331970214
13,66,252.5433349609375,0.0,23.789771215820313,23.071749964904786
13,67,323.8995056152344,0.0,29.41851989440918,26.56208240661621
13,68,270.28704833984375,0.0,25.224001132202147,18.879539221954346
13,69,239.7191925048828,0.0,22.807474975585937,18.43644493598938
13,70,245.2842254638672,0.0,23.23742918395996,20.834504927444456
13,71,239.9415740966797,0.0,22.777726712036134,20.63287703590393
13,72,234.7533721923828,0.0,22.357093112182618,21.016860970687866
13,73,265.87969970703125,0.0,24.91668948364258,24.892042044448853
13,74,288.32025146484375,0.0,26.634228051757812,25.118707482910157
13,75,280.34954833984375,0.0,26.01144532775879,22.90185399017334
13,76,271.482421875,0.0,25.311964169311523,20.41665885734558
13,77,151.2401885986328,0.0015999999595806003,15.272887860107422,15.022132939529419
13,78,212.81585693359375,0.0,20.54864575805664,17.293095524597167
13,79,211.00523376464844,0.0,20.430321716308594,20.77484941005707
13,80,239.15377807617188,0.0,22.704055239868165,20.90317137565613
13,81,261.2074279785156,0.0,24.450294064331054,23.361930507659913
13,82,238.4777374267578,0.0,22.665182034301758,19.36469195175171
13,83,235.54306030273438,0.0,22.40647280883789,21.019803625869752
13,84,272.642578125,0.0,25.386777258300782,19.72700862045288
13,85,233.64590454101562,0.0,22.262832376098633,18.14255619468689
13,86,195.8146514892578,0.0,19.150954638671877,17.718335453033447
13,87,128.76806640625,0.0,13.403141958618164,16.80281866455078
13,88,253.1068572998047,0.0,23.843669497680665,20.196788837432862
13,89,230.29652404785156,0.0,21.964864654541017,18.74819016342163
13,90,248.24783325195312,0.0,23.454728121948243,17.8246425239563
13,91,311.8680725097656,0.0,28.443983306884764,21.268112201690673
13,92,279.8470458984375,0.0,25.973394201660156,21.289503691482544
13,93,233.4212188720703,0.0,22.25704648742676,19.038794205856323
13,94,215.00672912597656,0.0012000000569969416,20.744435095214843,15.238655769348144
13,95,248.61224365234375,0.0,23.499270193481447,18.016958487319947
13,96,226.28919982910156,0.0,21.65637929992676,16.119173162460328
13,97,234.91262817382812,0.0,22.389912060546877,16.651075091934203
13,98,251.06842041015625,0.0,23.686717916870116,16.208575887680055
13,99,303.6016540527344,0.0,27.82519324645996,21.31418868484497
13,100,240.54757690429688,0.0,22.838483068847655,19.295115575027467
13,101,289.1881408691406,0.0,26.707753466796873,19.06616722564697
13,102,277.8654479980469,0.015200000256299973,25.807550634382622,17.49999854660034
13,103,273.43701171875,0.052799999713897705,25.17661762358318,18.582711713027955
13,105,257.7117919921875,0.07880000025033951,24.066410854173743,19.681530284881593
13,106,299.1483154296875,0.2199999988079071,27.54438095568337,20.227587277984618
13,107,289.57257080078125,0.031599998474121094,26.726079026874412,21.283713709259032
13,108,307.363037109375,0.0828000009059906,27.942673059428937,20.746781775665283
13,109,272.7419128417969,0.1316000074148178,25.71229305393093,16.941680488586425
14,2,170.75823974609375,0.01080000028014183,17.107549685996986,14.368587189865112
14,3,240.51663208007812,0.0012000000569969416,22.876302691517918,15.560974605178833
14,4,186.1597137451172,0.1599999964237213,18.686495098707898,15.956991710662841
14,5,280.4171142578125,0.23800000548362732,26.062694858102237,18.739188826179504
14,8,266.2519836425781,0.0,24.911305285188973,19.51884529762268
14,9,287.52685546875,0.0,26.59747560119629,14.439491904258729
14,10,285.4921875,0.0,26.42252228088379,16.939707432746886
14,11,257.32098388671875,0.0,24.18853101196289,15.466164216995239
14,12,215.38597106933594,0.0,20.752515032958986,13.48268056087494
14,13,340.81414794921875,0.0,30.779318173217774,21.725562438201905
14,14,329.3591613769531,0.0,29.865350381469728,23.584139472198487
14,15,263.1929016113281,0.0,24.627614447021486,24.870714933395387
14,16,264.8716735839844,0.0,24.76569224243164,25.05626088294983
14,17,258.1073303222656,0.0,24.245904772949217,19.554723778915406
14,18,274.4697265625,0.0,25.543616775512696,19.21983149681091
14,19,326.9306335449219,0.004399999976158142,29.50844081982755,22.248655819702147
14,20,274.7056579589844,0.0,25.571966970825194,22.322256468582154
14,21,252.52188110351562,0.0,23.7956265625,17.336796259498595
14,22,261.3721008300781,0.0,24.511065335083007,18.312175237274168
14,23,269.88287353515625,0.0,25.16919981689453,24.593670133972168
14,24,293.0936584472656,0.0803999975323677,27.026385026144492,22.52466170272827
14,25,236.828125,0.0,22.51237853088379,19.524789950942992
14,26,278.4749755859375,0.0,25.854062445068358,23.986826448822022
14,27,275.0093994140625,0.0,25.582742852783202,26.55520708770752
14,28,305.99310302734375,0.0,28.034613723754884,25.713785130310058
14,29,300.8671875,0.0,27.62797080078125,23.74205715751648
14,30,260.9782409667969,0.0,24.460031823730468,21.717861987686156
14,31,272.13238525390625,0.0,25.35549176635742,24.477766634750367
14,32,318.6845397949219,0.0,29.049169207763672,28.344526376724243
14,33,286.5736999511719,0.0,26.469524859619142,23.269991413116454
14,34,261.7371520996094,0.0,24.529240844726562,17.878854567337036
14,35,270.2493591308594,0.0,25.204158612060546,18.170742003250123
14,36,261.6357421875,0.0,24.549479455566406,21.780738943862914
14,37,318.949951171875,0.0,29.05763741760254,28.403506516265868
14,38,317.067626953125,0.0,28.896667135620117,22.316182774353027
14,39,297.8759460449219,0.0,27.43605869445801,22.53431185836792
14,40,265.8949279785156,0.0,24.87519661681125,19.165811441040038
14,41,139.58082580566406,0.0,14.346833447265626,13.71173045911789
14,42,317.2488708496094,0.0,28.89386878051758,20.570322327423096
14,43,307.5556335449219,0.0,28.14335001525879,21.21759370574951
14,44,246.86485290527344,0.0,23.334441189575195,22.807382108306886
14,45,319.5805358886719,0.0,29.098680276489258,22.63531513671875
14,46,263.99517822265625,0.0,24.715463888549806,17.568059532165528
14,47,221.57254028320312,0.0,21.274127996826174,15.632503549957276
14,48,274.09368896484375,0.0,25.548610568237304,20.808261012649535
14,49,276.2279052734375,0.0,25.700602923583986,18.663649120903017
14,50,308.7797546386719,0.0,28.22544111633301,26.081627000808716
14,51,275.7135009765625,0.0,25.67046091003418,17.872171928024294
14,52,305.8012390136719,0.0,28.01663210449219,21.091229236984255
14,53,303.9069519042969,0.0,27.83950191345215,18.706109859085082
14,54,286.9860534667969,0.0,26.502602087402344,22.2753590713501
14,55,289.65447998046875,0.0,26.735231646728515,20.947411110687256
14,56,284.4884033203125,0.0,26.324386877441405,17.19902529373169
14,57,279.21990966796875,0.0,25.944448791503905,19.905805744552612
14,58,293.5227355957031,0.0,27.154113479614256,18.36170875091553
14,59,279.7634582519531,0.0,25.97228903503418,21.140720598983766
14,60,278.8614501953125,0.0,25.918431724889405,21.065922955322264
14,61,294.8716125488281,0.0,27.154939450073243,19.950994911575318
14,62,253.50732421875,0.0,23.86622802734375,16.757670757293702
14,63,268.6772155761719,0.0,25.06371086730957,19.06257427902222
14,64,307.28289794921875,0.0,28.118721130371092,20.253976291656492
14,65,322.3874816894531,0.0,29.310026971435548,20.72013441696167
14,66,293.27264404296875,0.0,27.04930206445547,20.124133316040037
14,67,262.21209716796875,0.0,24.473121392822264,22.232899047851564
14,68,255.57057189941406,0.0,24.034003924560547,25.004941940689086
14,69,231.02951049804688,0.0,22.057604437255858,25.092084318923952
14,70,233.93887329101562,0.0,22.301086679077148,16.957169593429565
14,71,221.2455596923828,0.0,21.244743923950196,18.583990195846557
14,72,227.82791137695312,0.0,21.790993276977538,24.259898127365112
14,73,224.3722381591797,0.0,21.513301571655273,20.906485708236694
14,74,277.22869873046875,0.0,25.763533224487304,20.594032205581666
14,75,254.59893798828125,0.0,23.961211901855467,20.35808070487976
14,76,243.64743041992188,0.0,23.080563702392578,19.51507727394104
14,77,248.1066131591797,0.0,23.429487213134767,21.345425877571106
14,78,293.1917724609375,0.0,27.02384505289126,25.625912033843996
14,79,178.95220947265625,0.0,17.709518298339844,15.620538084888459
14,80,279.90826416015625,0.0,26.020701831054687,20.064233071899412
14,81,264.66375732421875,0.0,24.78538948059082,22.015584735870362
14,82,173.62779235839844,0.0,17.271321780395507,19.67148883972168
14,83,250.4405975341797,0.0,23.626814517211916,18.783329304885864
14,84,232.6946258544922,0.0,22.17528696899414,17.843301863861083
14,85,218.0336151123047,0.0,20.974484475708007,16.81232399291992
14,86,210.5115203857422,0.0,20.35760132141113,17.56072658882141
14,87,194.61624145507812,0.0,19.040930264282228,16.65287446460724
14,88,204.8326416015625,0.0,19.895990951538085,19.592697289657593
14,89,265.92425537109375,0.0,24.888647915649415,20.567880443191527
14,90,280.0745849609375,0.0,25.99994945373535,18.475576930236816
14,91,293.0295104980469,0.0,27.02600661315918,20.12969718093872
14,92,310.78070068359375,0.0,28.447859143066406,20.061280923843384
14,93,219.7767791748047,0.0,21.127885620117187,17.027070108032227
14,94,229.60719299316406,0.0,21.963123489379882,15.859341426086425
14,95,231.9499053955078,0.0,22.048976058959962,16.50663337478638
14,96,266.44342041015625,0.0,24.945826705932618,17.70173364906311
14,97,267.1750793457031,0.0,24.973302349853515,18.05437311668396
14,98,232.4956817626953,0.0,22.18528634033203,18.410852334594725
14,99,258.30499267578125,0.0,24.271559841918947,17.562221784973143
14,100,273.1209411621094,0.0,25.447612002563478,17.60979508190155
14,101,285.82818603515625,0.0,26.45115341491699,22.518090316390992
14,102,249.0343017578125,0.0012000000569969416,23.552764837602503,17.763215872573852
14,103,298.7922058105469,0.006399999838322401,27.474695684814453,20.240732328414918
14,104,277.9036560058594,0.03880000114440918,25.818703408605124,16.66139257850647
14,105,252.8975067138672,0.0,23.841830209350587,18.96253062362671
14,106,265.1571960449219,0.06319999694824219,24.859481325201273,21.03416962890625
14,108,266.89227294921875,0.06520000100135803,24.98037658085097,17.917044094467162
14,109,229.33033752441406,0.023600000888109207,22.32642929513475,19.091394802856446
15,2,154.23951721191406,0.20999999344348907,15.650131852977772,12.237483568191529
15,3,190.0837860107422,0.0,18.5191576339703,12.372496447372436
15,4,162.07102966308594,0.15960000455379486,16.09461080371276,12.54089269695282
15,5,189.3961639404297,0.01679999940097332,18.47202418325707,18.19033527107239
15,6,199.11204528808594,0.01720000058412552,19.375597821044924,16.25196958808899
15,7,193.927978515625,0.0,19.016321687407515,15.801051356887818
15,8,259.9194030761719,0.0,24.474924438476563,17.470613446044922
15,9,344.6121826171875,0.0,31.02854349975586,17.927846509552
15,10,289.9718322753906,0.0,26.7835858795166,16.18044462432861
15,11,259.5364990234375,0.0,24.396483169555665,17.44898970832825
15,12,273.9598083496094,0.0,25.491976699829102,15.278382027816772
15,13,283.3966064453125,0.0,26.263974114990233,19.021892140960695
15,14,295.7944030761719,0.0,27.28183825073242,21.070803855895996
15,15,268.7680969238281,0.0,25.080385278320314,20.041231955718995
15,16,201.8521728515625,0.0,19.650598861694338,15.064321761322022
15,17,274.74810791015625,0.0,25.58409422302246,17.293867803573608
15,18,271.29071044921875,0.0,25.29438391113281,22.02148239555359
15,19,261.01727294921875,0.00800000037997961,24.45165458558098,21.89402082710266
15,20,286.2250061035156,0.0,26.492347253417968,18.925391313171385
15,21,248.82135009765625,0.0,23.484311462402342,18.962306504440306
15,22,265.02655029296875,0.0,24.796285983276366,19.270642656707764
15,23,299.22259521484375,0.0,27.503544494628905,24.060165863800048
15,24,282.5590515136719,0.0,26.173696212768554,23.086808590698244
15,25,290.64459228515625,0.0,26.827345529174806,19.17864362449646
15,26,277.4776611328125,0.0,25.748994345092772,19.64108993797302
15,27,285.6712951660156,0.0,26.47003765258789,22.51118533744812
15,28,205.2376251220703,0.0,19.94334023132324,18.703459883117677
15,29,205.37001037597656,0.0,19.92751155395508,26.33980900878906
15,30,296.97235107421875,0.0,27.36784523010254,26.430271055603026
15,31,308.6304931640625,0.0,28.259779879760742,25.75786573753357
15,32,248.75965881347656,0.0,23.491830029296874,22.362045506668093
15,33,289.62005615234375,0.0,26.75277692260742,24.369296864318848
15,34,285.4352111816406,0.0,26.415060556030273,19.654977380371093
15,35,218.4840545654297,0.0,21.021937161254883,19.808722413635255
15,36,261.5738525390625,0.0,24.513218240356444,21.091185278701783
15,37,319.25555419921875,0.0,29.06684076538086,21.593246354675294
15,38,343.2475891113281,0.0,30.921826962280274,22.42642362976074
15,39,266.5841064453125,0.0,24.931319201660155,21.529472497177125
15,40,270.3727111816406,0.0,25.235240466308593,26.143925929260252
15,41,269.93896484375,0.0,25.226782861328125,17.42621377372742
15,42,309.8682861328125,0.0,28.34953693847656,22.00003523635864
15,43,290.65789794921875,0.0,26.847240795898436,23.227658152008058
15,44,319.9306945800781,0.0,29.16943187561035,24.309050178527833
15,45,249.6011962890625,0.0,23.57647036743164,23.58837936782837
15,46,230.36984252929688,0.0,22.002149633789063,19.57578695335388
15,47,266.7381896972656,0.0,24.90361283569336,18.642868008041383
15,48,187.8843231201172,0.0,18.49331746826172,16.494523239898683
15,49,298.7781982421875,0.0,27.475249322509764,22.494139667892455
15,50,239.45513916015625,0.0,22.74135502319336,18.133998388671873
15,51,298.0637512207031,0.0,27.412116864013672,18.45593036003113
15,52,262.0136413574219,0.0,24.51255174255371,13.095964769363404
15,53,256.17529296875,0.0,24.076650091552736,18.718443919372557
15,54,275.2539978027344,0.0,25.611748107910156,22.21799167327881
15,55,274.603759765625,0.0,25.57313441467285,19.842665559387207
15,56,297.55010986328125,0.0,27.367334753417968,19.006709323883058
15,57,298.92578125,0.0,27.428433132934572,21.654497512054444
15,58,283.1925964355469,0.0,26.27112377319336,18.143407754135133
15,59,253.34117126464844,0.0,23.847342172241213,20.6712434677124
15,60,291.2555847167969,0.0,26.89348307495117,21.168332300186158
15,61,255.8507080078125,0.0,24.061680972290038,18.290560720443725
15,62,285.0263977050781,0.0,26.407511334228516,19.74417096748352
15,63,284.50213623046875,0.0,26.329475857543944,18.382516857528685
15,64,319.3056335449219,0.0,29.085144027709962,20.63255740356445
15,65,215.44554138183594,0.0,20.77337838745117,22.263951361465455
15,66,310.27734375,0.0,28.37228971862793,24.76388227081299
15,67,287.2831726074219,0.0,26.58155239562988,22.722393062591554
15,68,296.850830078125,0.0,27.330078115844728,21.662797882080078
15,69,218.78480529785156,0.0,21.042024761962892,16.58954612941742
15,70,245.5418243408203,0.0,23.238248828125,20.54760432777405
15,71,169.44281005859375,0.0,16.924048672485352,14.62729239845276
15,72,204.7917938232422,0.0,19.916747143554687,24.47944278564453
15,73,243.86343383789062,0.0,23.101177200317384,24.83070344314575
15,74,240.8939971923828,0.0,22.854620272827148,21.831623597335817
15,75,258.6844482421875,0.0,24.273194671630858,21.461750829696655
15,76,244.31243896484375,0.0,23.12024428100586,17.682366220855712
15,77,252.8109893798828,0.0,23.827187588500976,19.757035258865358
15,78,232.86732482910156,0.0,22.207346517944337,19.271004112243652
15,79,210.10816955566406,0.0,20.34058639526367,13.712590704250335
15,80,201.7067108154297,0.0,19.63253399658203,15.604070346069335
15,81,219.82138061523438,0.0,21.13002792663574,18.12791190624237
15,82,221.41754150390625,0.0,21.26909048461914,20.737229874038697
15,83,231.7235565185547,0.0,22.113867700195314,18.98600330162048
15,84,265.8094787597656,0.0,24.843542575073243,18.514725832366942
15,85,207.41897583007812,0.0,20.117630041503908,21.231203683662415
15,86,242.09249877929688,0.0,22.926369961547852,21.72282548789978
15,87,249.34022521972656,0.0,23.544035540771485,18.38806421470642
15,88,222.97320556640625,0.0,21.403927435302734,16.351474518394472
15,89,240.19552612304688,0.0,22.81222567138672,18.414718104553224
15,90,247.5550994873047,0.0,23.363919622802733,16.528047134780884
15,91,301.9075622558594,0.0,27.71199084777832,20.38027656059265
15,92,279.9256286621094,0.0,26.0117675201416,19.027635163497926
15,93,238.05259704589844,0.0,22.62995576171875,16.94135294799805
15,94,237.80442810058594,0.0,22.585358850097656,16.015623317337035
15,95,278.12933349609375,0.0,25.865306149291992,17.415310050201416
15,96,273.2044982910156,0.0,25.45576863708496,18.79802883377075
15,97,219.9950408935547,0.0,21.15832702331543,19.83779320449829
15,98,277.4397888183594,0.0,25.771027795410156,16.51976893081665
15,99,245.3553466796875,0.0,23.188424780273436,16.377989056396483
15,100,260.84527587890625,0.0,24.467339459228516,17.56121414756775
15,101,285.94696044921875,0.0,26.442875506591797,19.49694316635132
15,102,285.6644592285156,0.005200000014156103,26.400719024792533,20.381321661376955
15,103,324.7622375488281,0.0020000000949949026,29.473602844238282,23.49938126296997
15,104,249.4897918701172,0.0,23.56912171936035,17.603171965408325
15,105,242.33688354492188,0.0,22.94842020263672,17.651233766174318
15,106,273.4931640625,0.0012000000569969416,25.482111404418944,20.383965131759645
15,107,257.37286376953125,0.007600000128149986,24.148554252391833,17.40438903541565
15,108,312.8269958496094,0.06920000165700912,28.499098846925843,19.08218362197876
15,109,279.4295959472656,0.011599999852478504,26.024926002209003,18.580455810546876
15,110,251.24478149414062,0.20160000026226044,23.48282082092586,17.093718030929566
16,5,238.0620880126953,0.0,22.61152355041504,19.366757788848876
16,6,206.36795043945312,0.0,20.034386462402345,17.749883028793334
16,7,213.2857666015625,0.0,20.55063846130371,14.578645030212403
16,8,212.66395568847656,0.0,20.525530169677733,13.640263925170899
16,9,281.7619934082031,0.0,26.12506759033203,18.159677867126465
16,10,300.7775573730469,0.0,27.628984231567383,18.482992611312866
16,11,273.7030029296875,0.0,25.47805078125,17.82079529724121
16,12,263.5430908203125,0.0,24.67265835876465,17.031361612701417
16,13,277.5885314941406,0.0,25.7879313659668,19.415767891693115
16,14,312.62469482421875,0.0,28.54469610900879,22.002988702774047
16,15,289.3862609863281,0.0,26.73375549316406,23.228908262634278
16,16,332.5651550292969,0.0,30.118197109985353,21.767409813308717
16,17,320.5187072753906,0.0,29.14117248840332,23.97245764350891
16,18,335.7369384765625,0.0,30.33589288635254,24.934821128845215
16,19,356.522216796875,0.0,31.96724137573242,29.50356800003052
16,20,288.8698425292969,0.0,26.697273123168944,20.19024605331421
16,21,296.8601989746094,0.0,27.328573474121093,21.08642188949585
16,22,313.4266052246094,0.0,28.599454653930664,20.78129786453247
16,23,272.0107421875,0.0,25.362282095336916,20.486434839630128
16,24,302.716064453125,0.0,27.748809436035156,24.72765621109009
16,25,299.0392761230469,0.0,27.473841537475586,24.03653498840332
16,26,229.8704071044922,0.0,21.97843416748047,24.11628281555176
16,27,295.72564697265625,0.0,27.23224620666504,21.076094284820556
16,28,309.0997314453125,0.0,28.275717568969725,21.118250496292113
16,29,265.3001708984375,0.0,24.793092849731444,17.747523405456544
16,30,251.7620086669922,0.0,23.735076364135743,22.778293510818482
16,31,304.0482482910156,0.0,27.901391036987306,20.297959075927736
16,32,286.1256103515625,0.0,26.446742276000975,23.50053636932373
16,33,280.4635314941406,0.0,26.03306306762695,20.08694855880737
16,34,295.8515625,0.0,27.236754901123046,20.8112487159729
16,35,261.7030029296875,0.0,24.510764700317385,21.516798587799073
16,36,291.38104248046875,0.0,26.900453659057618,21.45254518661499
16,37,267.3649597167969,0.0,24.996311685180665,17.99372975654602
16,38,308.3472900390625,0.0,28.213039334106444,24.490242890930176
16,39,294.1087341308594,0.0,27.104133346557617,22.10370171737671
16,40,310.1607666015625,0.0,28.363255355834962,28.421844827270508
16,41,329.2434387207031,0.0,29.877497677612304,17.665390995407105
16,42,315.2448425292969,0.0,28.753460055541993,20.951190381240846
16,43,301.4053039550781,0.0,27.674932513427734,27.194713175964356
16,44,315.5167236328125,0.0,28.75781664428711,22.080171939086913
16,45,272.4195251464844,0.0,25.39347078857422,20.20080813293457
16,46,265.2487487792969,0.0,24.8151242767334,18.655391681671144
16,47,223.93780517578125,0.0,21.500495022583006,17.28120760154724
16,48,264.8808898925781,0.0,24.800063626098634,19.907648346710204
16,49,311.7586364746094,0.0,28.491037490844725,21.591420462036133
16,50,264.5905456542969,0.0,24.7560671295166,18.613424154281617
16,51,290.5352478027344,0.0,26.841216009521485,21.060355443954467
16,52,321.56121826171875,0.0,29.232642456054688,21.10559419307709
16,53,271.2886962890625,0.0,25.299767660522463,17.099058291053773
16,54,243.1898956298828,0.0015999999595806003,23.034957315063476,18.867381162261964
16,55,262.89990234375,0.0,24.62756181640625,23.500768352508544
16,56,300.7358703613281,0.0,27.564337401701014,22.260805714035033
16,57,277.9431457519531,0.0,25.78700337419606,24.542636448669434
16,58,296.1424255371094,0.0,27.316009631347658,19.77829997024536
16,59,232.13818359375,0.0,22.162490997314453,16.606427155685424
16,60,277.7412414550781,0.0,25.80448642883301,17.08640566291809
16,61,292.4683532714844,0.0,27.0049025390625,19.167341424179078
16,62,266.6045837402344,0.0,24.91633656616211,17.93800845146179
16,63,275.7914733886719,0.0,25.643744720458983,18.039711601638793
16,64,284.1963195800781,0.0,26.318466796875,18.26969236869812
16,65,273.7583312988281,0.0,25.474042370605467,20.432417136001586
16,66,244.01129150390625,0.0,23.092310971069335,20.41672901382446
16,67,338.25714111328125,0.0,30.531579364013673,24.26020110626221
16,68,322.1418762207031,0.0,29.283454989624023,24.675321701431276
16,69,213.7569122314453,0.0,20.624918618774416,16.857819957351683
16,70,232.8649139404297,0.0,22.180234860229493,23.77907370452881
16,71,259.6322937011719,0.0,24.35479225463867,20.447689459228517
16,72,287.4765319824219,0.0,26.576725686645506,30.114420875549317
16,73,246.5266876220703,0.0,23.331797454833985,25.289329722976685
16,74,232.43174743652344,0.0,22.212801480102538,18.516404446029664
16,75,271.8114013671875,0.0,25.335400759887694,26.11665385360718
16,76,276.8083801269531,0.0,25.72694182739258,20.60466844711304
16,77,271.8508605957031,0.0,25.39663861694336,20.256607865142822
16,78,255.3040771484375,0.0,24.00677969970703,20.79114243812561
16,79,151.15028381347656,0.0,15.326186846923829,11.453123512983321
16,80,134.22059631347656,0.0,13.888750228881836,13.964757222175598
16,81,220.27789306640625,0.0,21.16643998413086,14.173491445446015
16,82,196.00918579101562,0.0,19.15478468017578,13.080384192848205
16,83,240.4103240966797,0.0,22.835522354125978,16.27713462753296
16,84,221.1635284423828,0.0,21.245434365844726,14.084369794654846
16,85,225.7108612060547,0.0,21.627479913330077,19.326290880203246
16,86,261.57415771484375,0.0,24.541542831420898,21.811201709747316
16,87,278.9295349121094,0.0,25.874295056152345,21.623679950714113
16,88,197.5617218017578,0.0,19.29263662414551,19.577285723876955
16,89,275.95513916015625,0.0,25.661364950561524,18.854598191070558
16,90,283.3374328613281,0.0,26.294706744384765,17.95014268875122
16,91,243.54747009277344,0.0,23.048283532714844,19.36638874359131
16,92,243.16310119628906,0.0,23.03332001953125,19.78620315208435
16,93,220.87164306640625,0.0,21.211877716064453,18.153566463851927
16,94,231.3743133544922,0.0,22.085211294555663,18.913557244491578
16,95,291.9674072265625,0.0,26.962760625501204,18.453250966262818
16,96,280.39178466796875,0.0,26.06125098876953,20.81494139518738
16,97,222.2532196044922,0.0,21.34395403137207,17.287099071502684
16,98,282.9681091308594,0.0,26.23156478881836,18.90165018119812
16,99,273.49530029296875,0.0,25.462479962158202,16.713188773727417
16,100,286.65692138671875,0.0,26.516313998413086,17.71836854057312
16,101,327.5153503417969,0.0,29.7431572265625,22.44360109100342
16,102,297.85101318359375,0.0,27.368534504086757,19.638573036193847
16,103,273.4953308105469,0.00800000037997961,25.421135730919094,22.105136792755125
16,104,241.41000366210938,0.041600000113248825,23.25183458622835,16.69295309829712
16,105,253.29933166503906,0.06319999694824219,23.92037906922016,19.385089246749878
16,106,299.8728332519531,0.0,27.525936889648438,21.08467480545044
16,107,266.83416748046875,0.0,24.931493829345705,18.437612231445314
16,108,280.4539489746094,0.0,26.083008114624022,20.619886945724488
16,109,263.0950927734375,0.0,24.67085583190918,17.154426963424683
17,6,294.4910888671875,0.03280000016093254,27.182053612518942,20.807652571105958
17,7,269.0782165527344,0.025599999353289604,25.122582819819204,17.440398237228393
17,8,274.17755126953125,0.0,25.503232571411132,18.98953711128235
17,9,267.67559814453125,0.0,25.008061145019532,16.465867778015138
17,10,234.42965698242188,0.0,22.3064862121582,13.202831782913208
17,11,223.1664581298828,0.0,21.431088537597656,11.89589074306488
17,12,294.46319580078125,0.0007999999797903001,27.203638915523605,18.833844091796873
17,13,298.9679260253906,0.0,27.479957009887695,22.745862606430055
17,14,309.1792297363281,0.0,28.287027728271486,27.441165394592286
17,15,313.10205078125,0.0,28.565077520751952,26.917950915527342
17,16,233.34475708007812,0.0,22.225998162841798,23.125212422561646
17,17,249.6099395751953,0.0,23.56786312561035,19.157341877746582
17,18,279.57550048828125,0.0,25.934843142700196,26.509655756378173
17,19,257.3092041015625,0.0,24.194241569918983,25.994742736816406
17,20,290.51495361328125,0.0,26.824361544799803,23.655061333847044
17,21,237.86724853515625,0.0,22.582901287841796,19.829145526504515
17,22,307.480712890625,0.0,28.12769013366699,23.534773741149902
17,23,272.54071044921875,0.0,25.390244689941404,24.144294703674316
17,24,275.5504150390625,0.0,25.64650205078125,20.27167004699707
17,25,305.7057189941406,0.0,28.00167374572754,25.38671862792969
17,26,292.88720703125,0.0,26.9969298828125,24.78677902984619
17,27,279.9375305175781,0.0,25.929954766845704,21.6983820602417
17,28,342.33221435546875,0.0,30.854401739501952,24.260184742355346
17,29,334.6558532714844,0.0,30.2238446105957,26.74306979904175
17,30,233.01918029785156,0.0,22.220375183105467,26.015342460632326
17,31,281.30328369140625,0.0,26.108029180908204,19.190369341278075
17,32,218.36795043945312,0.0,20.994737579345703,20.376847048568724
17,33,292.3851013183594,0.0,26.949528713989256,21.82176512298584
17,34,307.4129638671875,0.0,28.138371487426756,20.08831228981018
17,35,309.73223876953125,0.0,28.331430938720704,18.676581486511232
17,36,311.4963073730469,0.0,28.442382595825194,20.27746784286499
17,37,255.2573699951172,0.0,24.00389324645996,19.56401703224182
17,38,264.6057434082031,0.0,24.76586249694824,18.668439153289796
17,39,292.9360656738281,0.0,27.01267315673828,23.59018885116577
17,40,283.9218444824219,0.0,26.30237585144043,27.76031584701538
17,41,304.7279968261719,0.0,27.945908944702147,19.756652059936524
17,42,297.9549560546875,0.0,27.42210983276367,21.648849200439454
17,43,271.0860290527344,0.0,25.29751166381836,19.128804597473145
17,44,299.4261474609375,0.0,27.520223507690428,20.825432290267944
17,45,272.3147888183594,0.0,25.389363217163087,17.167345042800903
17,46,266.9663391113281,0.0,24.94041432800293,16.841798085403443
17,47,261.1216735839844,0.0,24.49570662841797,17.2307663520813
17,48,274.685791015625,0.0,25.56728179626465,17.365360065078736
17,49,330.77349853515625,0.0,29.971104608154295,23.504059355926515
17,50,314.7872009277344,0.0,28.724322290039062,23.180252167510986
17,51,317.98016357421875,0.0,28.953961666870118,23.646638555908204
17,52,270.9196472167969,0.0,25.305878048706056,19.99424782371521
17,53,302.7756042480469,0.0,27.77706082458496,18.8660627407074
17,54,275.24322509765625,0.0,25.613875317382814,19.380817128372193
17,55,293.000732421875,0.0,27.021754296875,18.905001774215698
17,56,290.13226318359375,0.0,26.764630770874025,20.893331610870362
17,57,256.2575988769531,0.0,24.090410009765623,18.45238161354065
17,58,263.16973876953125,0.0,24.6586300201416,17.738768628311156
17,59,218.29360961914062,0.0,21.057268768310546,18.627337849807738
17,60,224.6771697998047,0.0,21.544790380859375,15.770940058517455
17,61,216.74574279785156,0.0,20.86539017944336,15.812730059432983
17,62,333.3835144042969,0.0,30.17238698425293,18.858139291763305
17,63,282.91033935546875,0.0,26.23434196777344,19.178544407272337
17,64,304.8279724121094,0.0,27.961542083740234,22.35338057823181
17,65,258.3177490234375,0.0,24.2716591796875,17.53481678009033
17,66,257.5531005859375,0.0,24.210616522216796,21.22949744911194
17,67,254.647705078125,0.0,23.95360757751465,23.13904638595581
17,68,222.2709503173828,0.0,21.33482859802246,22.07323358039856
17,69,229.7481231689453,0.0,21.928431683349608,22.80709044189453
17,70,249.703369140625,0.0,23.59148286743164,28.483404107666015
17,71,185.0892333984375,0.0,18.27462389831543,19.19074628715515
17,72,251.34158325195312,0.0,23.690423645019532,22.47674828796387
17,73,282.68511962890625,0.0,26.188469650268555,19.2054120677948
17,74,218.8313446044922,0.0,21.05098352355957,15.694839436531067
17,75,241.09584045410156,0.0,22.839975595092774,25.566685304260254
17,76,238.83328247070312,0.0,22.690216339111327,23.190680096054077
17,77,238.25999450683594,0.0,22.653749600219726,22.72193914718628
17,78,202.18496704101562,0.0,19.66862970275879,21.1937467918396
17,79,150.54225158691406,0.0,15.285547546386718,20.413698529434203
17,80,222.52438354492188,0.0,21.362486724853515,16.01840376472473
17,81,184.5581512451172,0.0,18.232975186157226,13.018744129467011
17,82,150.65464782714844,0.0,15.298970938110351,4.517373248958588
17,83,212.3949737548828,0.0,20.53106457824707,11.004686480140686
17,84,257.1006164550781,0.0,24.16327509765625,18.37763326187134
17,85,297.465087890625,0.0,27.401199642944334,23.798447233581545
17,86,256.8411865234375,0.0,24.12769917602539,20.210769581985474
17,87,301.5510559082031,0.0,27.699040625,24.69872144393921
17,88,266.7574157714844,0.0,24.9268939453125,20.97743388290405
17,89,232.30795288085938,0.0,22.16086421508789,20.702087015533447
17,90,231.35147094726562,0.0,22.07894321899414,21.876474485778807
17,91,276.49444580078125,0.0,25.714489959716797,21.29408610153198
17,92,255.73110961914062,0.0,24.049387841796875,22.38170989074707
17,93,261.04052734375,0.0,24.467884027099608,18.029081938552856
17,94,216.8396453857422,0.0,20.906940005493166,17.411036613464354
17,95,226.57736206054688,0.0,21.685058435058593,17.13282636451721
17,96,227.47817993164062,0.0,21.780832525634764,17.450041452407838
17,97,238.1370391845703,0.0,22.629149978637695,18.068532014846802
17,98,244.54966735839844,0.0,23.137897091674805,19.31390809288025
17,99,185.7584686279297,0.0,18.304998571777343,12.382520510864257
17,100,217.42076110839844,0.0,20.95816455078125,19.37724933872223
17,101,278.6402893066406,0.0,25.881317953491212,23.179219870758057
17,102,271.7456970214844,0.0,25.35988898010254,25.70367255859375
17,103,257.03851318359375,0.0,24.161083392333985,22.091578380584718
17,104,220.65286254882812,0.0,21.194325775146485,19.876826414871214
17,105,244.38702392578125,0.0272000003606081,23.051782005384613,21.37531121902466
17,106,289.3124084472656,0.04320000112056732,26.674011985091948,23.959417010116578
17,107,255.5562744140625,0.025200000032782555,24.40535613601098,19.519621271514893
17,108,217.65591430664062,0.0,20.907650544993594,19.637372160339357
17,109,259.1073913574219,0.0012000000569969416,24.40485178527218,19.30306424560547
17,110,245.67674255371094,0.19359999895095825,23.507301770390786,18.582453998565676
18,5,255.6043243408203,0.23440000414848328,24.118504748234717,19.59298660736084
18,6,241.1412811279297,0.09799999743700027,22.8437569053633,21.249395085906983
18,7,234.9913330078125,0.09759999811649323,22.34964912157532,20.296216035079954
18,8,301.55816650390625,0.04600000008940697,27.67094757911794,22.209533439636232
18,9,310.4900207519531,0.018799999728798866,28.450983949312466,19.495669497299193
18,10,272.8650817871094,0.0,25.423038122558594,16.330908806419373
18,11,294.086669921875,0.0,27.079925991821288,21.699863793945312
18,12,287.94891357421875,0.0,26.60996180114746,18.022788915252686
18,13,339.05084228515625,0.0,30.630990911865233,19.900589500808717
18,14,307.7083740234375,0.0,28.15247837524414,22.536329669189453
18,15,288.01263427734375,0.0,26.618839489746094,23.323764318847655
18,16,261.4866027832031,0.0,24.521775814819335,19.87726116333008
18,17,289.1335754394531,0.0,26.686403216552733,22.026539141082765
18,18,309.5264892578125,0.0,28.29100361328125,22.551229888153077
18,19,316.0335388183594,0.0,28.793316302490233,26.088984699249266
18,20,239.36683654785156,0.0,22.759607843017577,19.218766333770752
18,21,226.18104553222656,0.0,21.6426468170166,23.93713575592041
18,22,327.6806945800781,0.0,29.732629486083983,29.40904042892456
18,23,249.8470001220703,0.0,23.575445352172853,21.267062384414672
18,24,218.61805725097656,0.0,21.012189108276367,21.583900756835938
18,25,308.50347900390625,0.0,28.21770667114258,24.67048323917389
18,26,265.9272155761719,0.0,24.881396893310548,17.29529751625061
18,27,376.4334411621094,0.0,33.459404861450196,29.60962759246826
18,28,281.1130676269531,0.0,26.087933059692382,23.46420237045288
18,29,280.5115051269531,0.0,26.048503424072265,25.73552370147705
18,30,299.2084045410156,0.0,27.491631353759765,24.422520947265625
18,31,288.6525573730469,0.0,26.67201421508789,23.069830268096922
18,32,283.7542724609375,0.0,26.276975177001955,21.130447065734863
18,33,315.6490783691406,0.0,28.79234569091797,24.41580383834839
18,34,304.5223693847656,0.0,27.918426351928712,23.78527808227539
18,35,312.0417785644531,0.0,28.501794903564452,20.43185188331604
18,36,295.10626220703125,0.0,27.170397845458986,19.033156671905516
18,37,268.8031005859375,0.0,25.086897595214843,19.87427319984436
18,38,245.65533447265625,0.0,23.255354382324217,21.707705216598512
18,39,261.3634033203125,0.0,24.520091687011718,24.6183565322876
18,40,253.10186767578125,0.0,23.876765246582032,25.57568216972351
18,41,325.9590759277344,0.0,29.601963348388672,25.271697283554076
18,42,286.19403076171875,0.0,26.505200357055664,20.253191452789306
18,43,313.6059265136719,0.0,28.648476943969726,19.65275890083313
18,44,322.01812744140625,0.0,29.235426370239256,20.64116358947754
18,45,337.6620788574219,0.0,30.498548672485352,20.66346326599121
18,46,266.3545227050781,0.0,24.89606253967285,17.518588414764405
18,47,259.2398376464844,0.0,24.343662728881835,17.128065368652344
18,48,295.74346923828125,0.0,27.23801714477539,16.59346085948944
18,49,277.7188415527344,0.0,25.811680111694336,19.042760845184326
18,50,267.1996154785156,0.0,24.952366165161134,19.745976556396485
18,51,256.7320251464844,0.0,24.16439638977051,18.46341472091675
18,52,277.0216979980469,0.0,25.761055148315428,19.150901233291627
18,53,280.75006103515625,0.0,26.01021212463379,16.794747027015685
18,54,260.81280517578125,0.0,24.465648110961915,19.30054174308777
18,55,310.392333984375,0.0,28.412404064941406,18.979820503997804
18,56,217.19105529785156,0.0,20.92095280456543,16.155098984909056
18,57,241.0572052001953,0.0,22.852308023071288,17.034878914260865
18,58,278.4375,0.0,25.863663790893554,18.254873503875732
18,59,242.25656127929688,0.0,22.969786645507813,19.9119108795166
18,60,267.755615234375,0.0,25.0298110748291,16.267517970657348
18,61,229.19952392578125,0.0,21.900179760742187,13.717432116317749
18,62,264.8851013183594,0.0,24.77597139892578,16.04372862548828
18,63,260.26287841796875,0.0,24.414372830200197,19.81179163131714
18,64,267.3439636230469,0.0,24.98509989013672,19.374007384109497
18,65,263.9643859863281,0.0,24.723974627685546,17.41097367286682
18,66,265.7023620605469,0.0,24.83041611633301,20.725683221817018
18,67,228.1414031982422,0.0,21.80482855834961,20.8992919216156
18,68,211.7265167236328,0.0,20.472973464965822,19.406977737426757
18,69,230.4289093017578,0.0,21.985283041381837,18.674399243545533
18,70,206.46775817871094,0.0,20.05475237426758,18.38811198749542
18,71,219.46597290039062,0.0,21.116268878173827,20.533876687812807
18,72,243.4755401611328,0.0,23.041601376342772,23.249238077545165
18,73,294.53948974609375,0.0,27.148534967041016,26.229299088287352
18,74,273.5145568847656,0.0,25.461727758789063,23.992474295043944
18,75,238.36111450195312,0.0,22.655141067504882,22.661243786621093
18,76,225.2680206298828,0.0,21.5821431640625,19.105081105041503
18,77,243.48316955566406,0.0,23.061345007324217,20.72606514930725
18,78,222.1835479736328,0.0,21.3215423828125,18.520889041137696
18,79,265.9493408203125,0.0,24.852332928466797,24.24650266304016
18,80,163.82664489746094,0.0,16.450692919921874,14.770079722023011
18,81,164.7860565185547,0.0,16.53028980407715,8.142565670108795
18,82,160.1812286376953,0.0,16.13323632507324,9.34270145969391
18,83,275.6165771484375,0.0,25.641216946411134,18.06340655784607
18,84,280.3393249511719,0.0,26.00484981994629,19.260501859664917
18,85,258.1060791015625,0.0,24.25577476501465,20.601259455108643
18,86,259.236572265625,0.0,24.32976760559082,17.615166476821898
18,87,282.9071350097656,0.0,26.225445242309572,19.95683097190857
18,88,256.6383972167969,0.0,24.08201806640625,20.231429123687743
18,89,259.7429504394531,0.0,24.37070987854004,20.490502403259278
18,90,247.4441375732422,0.0,23.382371536254883,20.528628228759764
18,91,292.3363037109375,0.0,26.979915213012696,22.422080595016478
18,92,298.5586242675781,0.0,27.406341592407227,25.11281402130127
18,93,262.0694885253906,0.0,24.54498572387695,17.596052551651002
18,94,197.11231994628906,0.0,19.285894076538085,17.039185452651978
18,95,188.1602020263672,0.0,18.50089709472656,18.135451942443847
18,96,228.21778869628906,0.0,21.866485168457032,18.256358530807496
18,97,251.3810577392578,0.0,23.72307286376953,19.369023457336425
18,98,279.4372253417969,0.0,25.93740174255371,17.460281253814696
18,99,209.65077209472656,0.0,20.320242889404298,15.306240340232849
18,100,230.16575622558594,0.0,21.976186489868166,19.557777698135375
18,101,279.7734069824219,0.0,25.961954049682618,20.23267059326172
18,102,273.63677978515625,0.0,25.463342709350584,24.102361602783205
18,103,250.16282653808594,0.0,23.62109338989258,18.896092406845092
18,104,248.3701171875,0.0,23.47999181213379,19.119586524963378
18,105,242.84800720214844,0.0,23.0288059915706,18.571080169296266
18,106,271.3645324707031,0.0,25.3757649810791,20.556654068756103
18,107,282.872314453125,0.0,26.194195999145506,17.55858587112427
18,108,289.0650939941406,0.0,26.693383013916016,20.9437795589447
18,109,273.1794128417969,0.04280000180006027,25.3389819516144,19.77226236152649
19,7,246.5755615234375,0.16760000586509705,22.64444956020395,18.224866649246216
19,8,250.7596893310547,0.04360000044107437,23.566395375266005,19.758632487869264
19,9,297.66021728515625,0.04960000142455101,27.375347562430708,18.278004920578002
19,10,278.28948974609375,0.13040000200271606,25.455959636444586,17.76447721633911
19,11,243.6202850341797,0.007600000128149986,23.103263131713867,17.129065252304077
19,12,252.645263671875,0.0,23.81044275817871,17.32830890159607
19,13,306.862060546875,0.0,28.039315551757813,20.842022477149964
19,14,276.60235595703125,0.0,25.695925213623045,21.76381677055359
19,15,288.89263916015625,0.0,26.822060729980468,21.954019707489014
19,16,260.3559875488281,0.0,24.399057171630858,18.55709228248596
19,17,304.9584655761719,0.0,27.934690237426757,28.189798532104493
19,18,299.9613037109375,0.0,27.555883081054688,24.821614152145386
19,19,334.8598327636719,0.019200000911951065,30.33974904956005,27.55896236190796
19,20,274.0083923339844,0.03319999948143959,25.561233315399853,23.52032463417053
19,21,279.554443359375,0.0,25.979983908081056,15.6211784324646
19,22,235.39808654785156,0.0,22.40648468322754,16.424453519821167
19,23,222.5214080810547,0.0,21.360954669189454,22.265149506378172
19,24,289.93414306640625,0.0,26.753193981933595,15.692969573020935
19,25,188.78076171875,0.0,18.560930868530274,13.725048928451539
19,26,285.33544921875,0.0,26.40223414916992,22.14544097480774
19,27,328.68603515625,0.0,29.74799725036621,28.053169610214233
19,28,283.44342041015625,0.0,26.251352719116213,21.210386920547485
19,29,294.1117858886719,0.0,27.09525389404297,23.587322966766358
19,30,285.2605895996094,0.0,26.39079087524414,24.116392016601562
19,31,321.0359802246094,0.0,29.186538510131836,30.480676277160644
19,32,364.8175048828125,0.0,32.54205694274902,25.009873369598388
19,33,318.2117614746094,0.0,29.01258240661621,24.09692855529785
19,34,305.6150207519531,0.0,27.999287939453126,23.6179145072937
19,35,247.95553588867188,0.0,23.455228204345705,23.504192387390137
19,36,257.2940368652344,0.0,24.192903955078126,18.723321296310424
19,37,213.81704711914062,0.0,20.637486038208007,23.540010347747803
19,38,195.1656494140625,0.0,19.12789016113281,16.37367292366028
19,39,280.8949279785156,0.0,26.053638528442384,18.648793545913698
19,40,265.9276123046875,0.0,24.880047854614258,19.85510121498108
19,41,250.78924560546875,0.0,23.66281317138672,24.45003299713135
19,42,220.249755859375,0.0,21.18879714050293,18.712210690307618
19,43,247.47779846191406,0.0,23.37955238342285,17.10667392997742
19,44,277.0946044921875,0.0,25.744813882446287,18.28522124824524
19,45,241.82330322265625,0.0,22.944700482177733,17.82143115196228
19,46,243.30194091796875,0.0,23.02086208496094,18.5023375869751
19,47,295.0145263671875,0.0,27.183240310668946,18.852689965820314
19,48,294.3465881347656,0.0,27.122276608276366,17.671038583374024
19,49,265.3339538574219,0.0,24.819767849731445,17.37297466201782
19,50,314.6453857421875,0.0,28.71909334716797,19.523850088500975
19,51,253.83580017089844,0.0,23.898922827148436,17.62246820259094
19,52,292.78900146484375,0.0,27.015402676391602,18.980748093986513
19,53,276.09136962890625,0.0,25.636719473266602,13.32043478603363
19,54,243.4640350341797,0.0,23.064561642456056,14.526470153427123
19,55,231.07415771484375,0.0,22.075670748901366,16.779169853210448
19,56,272.5093078613281,0.0,25.4030455078125,18.049501786041258
19,57,278.6579895019531,0.0,25.845104135131837,21.416335571670533
19,58,312.12860107421875,0.0,28.5153546875,19.482615518569947
19,59,270.1861572265625,0.0,25.207596044921875,18.792703161621095
19,60,271.9745178222656,0.0,25.344768676757813,16.06370038032532
19,61,243.02850341796875,0.0,23.025699490356445,18.073506435394286
19,62,290.8867492675781,0.0,26.851655654907226,17.915721506881713
19,63,285.9220886230469,0.0,26.479124954223632,19.79486540641785
19,64,264.9606018066406,0.0,24.80706929321289,22.505040605163575
19,65,255.7965850830078,0.0,24.061336947631837,17.669447871398926
19,66,276.7090148925781,0.0,25.72788158569336,21.672347863006593
19,67,243.37939453125,0.0,23.068604052734376,19.532481497192382
19,68,181.718017578125,0.0,17.96622693786621,19.43064277572632
19,69,236.8236846923828,0.0,22.530616577148436,21.444538624954223
19,70,277.2488098144531,0.0,25.769798696899414,21.144299615287782
19,71,254.4637451171875,0.0,23.945274258422852,21.913456552124025
19,72,182.78672790527344,0.0,18.055764041137696,26.588768054199218
19,73,230.91183471679688,0.0,22.058470526123045,21.347802127838136
19,74,259.3380126953125,0.0,24.34979803161621,22.088509638214113
19,75,266.22125244140625,0.0,24.932748748779296,21.433254451751708
19,76,198.6077117919922,0.0,19.40141729736328,20.022288047409056
19,77,234.3050537109375,0.0,22.31421141357422,21.411494848632813
19,78,201.3135223388672,0.0,19.618654302978516,17.392833548736572
19,79,215.144287109375,0.0,20.738750790405273,23.617076692962648
19,80,106.04127502441406,0.0,11.340215631103515,13.36307503528595
19,81,201.3568115234375,0.0,19.601530102539062,12.699373444366454
19,82,234.03616333007812,0.0,22.308562088012696,15.703480771255494
19,83,247.0238800048828,0.0,23.361082763671874,17.65431438522339
19,84,272.54541015625,0.0,25.409206231689453,19.063913614654542
19,85,252.10365295410156,0.0,23.77165359802246,19.714650785827637
19,86,249.31822204589844,0.0,23.538073876953124,18.30175884246826
19,87,277.42864990234375,0.0,25.81010263671875,18.79749628868103
19,88,237.6369171142578,0.0,22.586983981323243,18.33597183380127
19,89,251.97250366210938,0.0,23.765436334228514,24.45605365753174
19,90,262.3543701171875,0.0,24.60222566833496,24.286332469558715
19,91,248.6696014404297,0.0,23.448309677124023,21.5466492893219
19,92,247.33135986328125,0.0,23.395549984741212,19.170081147766112
19,93,215.26661682128906,0.0,20.745726095581055,16.847432945632935
19,94,173.23965454101562,0.0,17.283643832397463,14.31323824081421
19,95,226.08755493164062,0.0,21.654589923095703,16.25995722618103
19,96,282.0407409667969,0.0,26.139511846923828,18.51811100769043
19,97,274.59783935546875,0.0,25.554228994750975,18.235575610351564
19,98,264.15692138671875,0.0,24.678859002685545,17.58299722709656
19,99,285.2360534667969,0.0,26.350862237548828,20.635935803985596
19,100,295.8939208984375,0.0,27.2360255279541,20.473846507263183
19,101,263.0284423828125,0.0,24.64693208341132,19.065103424835204
19,102,241.292724609375,0.0,22.896252359008788,17.059264981079103
19,103,275.92626953125,0.0,25.634612780761717,17.4567084980011
19,104,262.19207763671875,0.0,24.571170709228515,20.26970262260437
19,105,266.06793212890625,0.0,24.865503353881834,19.355609719848633
19,106,239.45875549316406,0.0,22.729146322631834,19.033874993896486
19,107,270.9745178222656,0.0,25.287793511962892,21.640946958160402
19,108,264.6962585449219,0.0,24.77976471557617,24.6178809135437
19,109,228.16104125976562,0.20839999616146088,21.69741164815026,18.778767043685914
20,1,181.9527130126953,0.1720000058412552,17.788919377959935,14.432227109527588
20,5,319.1322326660156,0.07360000163316727,28.849587693231268,17.759427549362183
20,6,310.0574645996094,0.09960000216960907,28.22555028544783,17.419214579772948
20,7,263.1241760253906,0.15320000052452087,24.176760251119255,15.398304600524902
20,8,287.56195068359375,0.041600000113248825,26.519859287005854,18.44039270858765
20,9,292.2477111816406,0.0,27.047176007616248,19.967618173980714
20,10,273.9236145019531,0.0,25.490404135131836,19.700769357299805
20,11,300.1493835449219,0.0007999999797903001,27.635317608768247,20.398100007629395
20,12,343.6061096191406,0.0,30.941751458740235,18.59284049167633
20,13,300.3341979980469,0.01080000028014183,27.44844966580869,18.02770672302246
20,14,287.0810546875,0.0,26.57472475891113,18.997103482818602
20,15,280.3072204589844,0.00039999998989515007,26.02731374206543,20.936384122848512
20,16,261.8553161621094,0.0,24.584669592285156,15.894898725509643
20,17,272.80517578125,0.07079999893903732,25.689391700657396,25.233140533065797
20,18,287.1197814941406,0.0,26.591661884480356,23.517688262176513
20,19,277.73052978515625,0.0,25.870297103881835,20.07157526512146
20,20,311.17529296875,0.0,28.440704373168945,19.59013517551422
20,21,270.07867431640625,0.0,25.218714559936522,19.69616758518219
20,22,317.44775390625,0.0,28.93194741821289,23.11032939605713
20,23,328.3715515136719,0.0,29.771314376831054,24.411836280822754
20,24,292.37744140625,0.0,26.967407318115235,17.999769486618042
20,25,266.4952087402344,0.0,24.926078469848633,19.386520888137817
20,26,250.5684814453125,0.0,23.613834097290038,21.23258143463135
20,27,287.2065124511719,0.0,26.54288146057129,22.602994747161866
20,28,275.1438903808594,0.0,25.554229998779295,24.08130512237549
20,29,279.6257629394531,0.0,25.98724944458008,22.845141875457763
20,30,305.10821533203125,0.0,27.914271798706054,24.798069145965577
20,31,282.57275390625,0.0,26.24049609375,23.706383043670655
20,32,288.7476501464844,0.0,26.767541928100584,23.05661403274536
20,33,255.47445678710938,0.0,24.050112377929686,22.627211582183836
20,34,285.96856689453125,0.0,26.48136781921387,24.331985959243774
20,35,252.96214294433594,0.012000000104308128,23.869877096557616,21.105662603378295
20,36,250.7228546142578,0.0,23.660864266967774,19.12363744773865
20,37,205.06832885742188,0.0,19.913367636108397,17.51037829017639
20,38,235.2045135498047,0.0,22.380440386962892,20.492169899749754
20,39,226.91717529296875,0.0,21.732254977416993,21.23430237159729
20,40,288.2721252441406,0.0,26.650270248413086,20.63371907234192
20,41,287.467529296875,0.0,26.593701501464842,23.42932984390259
20,42,287.00531005859375,0.0,26.53608720397949,17.768319348907472
20,43,303.394287109375,0.0,27.817067916870116,15.319943413162232
20,44,231.7006072998047,0.0,22.08695259399414,21.706713121795655
20,45,248.6970977783203,0.0,23.47235871887207,20.4011761756897
20,46,219.49252319335938,0.0,21.110892584228516,15.287924202728272
20,47,236.7710418701172,0.0,22.502327114868166,16.058495657730102
20,48,279.9964904785156,0.0,25.995730548095704,18.173724439620973
20,49,284.9773864746094,0.0,26.37429331665039,18.090671713638304
20,50,243.4582061767578,0.0,22.98882311706543,16.91036644554138
20,51,263.38336181640625,0.0,24.66026039123535,15.316958554458617
20,52,291.4119873046875,0.0,26.915935107421873,15.547599848175048
20,53,237.8747100830078,0.0,22.58249033203125,12.644858140182496
20,54,301.5202331542969,0.0,27.65833052669663,17.178081565284728
20,55,270.0308532714844,0.0,25.185593142700196,17.23133207168579
20,56,209.7423095703125,0.0,20.290801425170898,15.405991576766969
20,57,236.23336791992188,0.0,22.469478689575194,20.452146676635742
20,58,269.69293212890625,0.0,25.178539419555666,17.788463235473632
20,59,266.31329345703125,0.0,24.897161224365234,18.685506426239012
20,60,259.2809143066406,0.0,24.33941892089844,17.528482052612304
20,61,252.64479064941406,0.0,23.82377600402832,20.322563772583006
20,62,276.1001281738281,0.0,25.672984072875977,21.202575341796877
20,63,331.4332275390625,0.0,29.987187881469726,20.73098526535034
20,64,233.34169006347656,0.0,22.236373007202147,18.92691357421875
20,65,226.9409942626953,0.0,21.747874655151367,18.10178851890564
20,66,253.06224060058594,0.0,23.846677185058592,21.632344011688232
20,67,314.3320617675781,0.0,28.7065505279541,25.682311936569214
20,68,212.4729766845703,0.0,20.53805618286133,21.793595039367677
20,69,247.2573699951172,0.0,23.36385700683594,21.072694561386108
20,70,282.5312805175781,0.0,26.20561180725098,22.049107376098632
20,71,253.8923797607422,0.0,23.875193106079102,22.012057966232298
20,72,284.1444091796875,0.0,26.303085736083986,22.274679225158692
20,73,265.93505859375,0.0,24.82949460144043,21.414990999603273
20,74,243.74832153320312,0.0,23.081211749267577,21.666272272109985
20,75,247.93569946289062,0.0,23.4126020324707,24.303915004348756
20,76,248.05882263183594,0.0,23.435903198242187,21.408430416107176
20,77,240.75856018066406,0.0,22.85422450866699,24.75737785720825
20,78,244.93350219726562,0.0,23.177279928588867,16.630286199951172
20,79,200.94207763671875,0.0,19.571990615844726,17.43743432979584
20,80,114.5547103881836,0.0,12.115904196166992,13.410734064769745
20,81,148.95860290527344,0.0,15.17607435913086,13.98498752937317
20,82,244.58389282226562,0.0,23.138016973876955,15.823495295524598
20,83,253.55532836914062,0.0,23.86814958190918,18.060016399765015
20,84,260.08673095703125,0.0,24.419395001220703,14.545893474197388
20,85,263.60577392578125,0.0,24.690127182006837,16.085794147491455
20,86,271.82122802734375,0.0,25.320231817626954,18.15048000869751
20,87,260.2032775878906,0.0,24.399884341430663,16.936054486846924
20,88,269.08697509765625,0.0,25.113122122192383,18.81235408744812
20,89,282.8257751464844,0.0,26.212240814208986,22.621976308441162
20,90,278.1952819824219,0.0,25.848952624511718,20.52025793914795
20,91,219.343994140625,0.0,21.111145794677736,21.115453897476197
20,92,203.76626586914062,0.0,19.79027315979004,16.120949993896485
20,93,220.03787231445312,0.0,21.142207125854494,17.212752324676515
20,94,220.99388122558594,0.0,21.243670837402345,16.057869387435915
20,95,207.86456298828125,0.0,20.115611151123048,15.627950661468505
20,96,275.072509765625,0.0,25.62592286376953,18.333677265548705
20,97,228.46435546875,0.0,21.85224584655762,15.100063394927979
20,98,248.97312927246094,0.0,23.50181459655762,18.120298596572876
20,99,260.7341003417969,0.0,24.427335232543946,19.08797025604248
20,100,295.8503723144531,0.0,27.231679946899416,20.70404181022644
20,101,282.1581726074219,0.0,26.147644580078126,18.40600221824646
20,102,247.85296630859375,0.0,23.440948593139648,17.020717107391356
20,103,270.6325988769531,0.0,25.236469863891603,17.31798694343567
20,104,290.1565856933594,0.0,26.809640991210937,20.585054970550537
20,105,221.89585876464844,0.0,21.281812265014647,20.390115671539306
20,106,249.67333984375,0.0,23.577060635375975,20.96693540725708
20,107,240.76080322265625,0.0007999999797903001,22.852593463134767,21.98632825088501
20,108,294.2904357910156,0.018400000408291817,27.24861566983979,22.413261837005614
21,3,239.6181640625,0.16040000319480896,24.674391105282883,18.546777716827393
21,4,315.1286315917969,0.2223999947309494,28.69561104788541,21.32155503540039
21,5,338.7395324707031,0.006000000052154064,30.502926710639738,22.524585419845582
21,6,335.3777160644531,0.05000000074505806,30.271628284454344,21.553443951416014
21,7,278.1236572265625,0.06480000168085098,25.856274008558334,15.599070790672302
21,8,243.62750244140625,0.12039999663829803,23.06176677519275,19.792770860290528
21,9,314.11883544921875,0.0,28.662410354308836,19.628455152130126
21,10,267.1996765136719,0.0,24.95575972595215,21.43412780685425
21,11,309.1579284667969,0.0,28.344105800248418,19.920005825805664
21,12,310.073486328125,0.0,28.323739694213867,17.268358303833008
21,13,281.42205810546875,0.0,26.11399450073242,16.573427292251587
21,14,277.4187927246094,0.0,25.816235180664062,17.27789423942566
21,15,329.67462158203125,0.0,29.865423541259766,25.791184945297243
21,16,304.4294128417969,0.0,27.934637448120117,25.223418227005006
21,17,255.96287536621094,0.0,24.09742139879837,21.27392657585144
21,18,254.7227783203125,0.22840000689029694,24.818096756728995,24.436307430648803
21,19,273.67181396484375,0.02239999920129776,25.595459535334946,16.79867075519562
21,20,259.0556945800781,0.00039999998989515007,24.292732838353064,18.4490138217926
21,21,251.31155395507812,0.0,23.695082174682618,22.612511003494262
21,22,325.7173156738281,0.0,29.616185681152345,26.79463773727417
21,23,247.08763122558594,0.0,23.338163763427733,20.709516244506837
21,24,254.19044494628906,0.0,23.925654083251953,22.227359064102174
21,25,266.4063415527344,0.0031999999191612005,24.87463162637526,26.130502548217773
21,26,237.67288208007812,0.006399999838322401,22.627951529471513,18.550245833206176
21,27,283.4705505371094,0.0,26.27006318664551,19.36462168045044
21,28,253.8170623779297,0.0,23.928661614990233,17.07923786468506
21,29,239.67942810058594,0.0,22.795204318237303,18.233992989349364
21,30,291.4083557128906,0.0,26.901926931762695,18.40615457572937
21,31,311.87091064453125,0.0,28.491457162475587,18.702186555099487
21,32,324.39556884765625,0.002400000113993883,29.426469459258815,20.404149081039428
21,33,319.2733459472656,0.0,29.06477056274414,21.454676776885986
21,34,282.9492492675781,0.0,26.230280493164063,18.907332540893556
21,35,262.1527099609375,0.0,24.554756121826173,15.380313654708862
21,36,198.45045471191406,0.0,19.373846029663085,19.675045600509645
21,37,294.7525939941406,0.0,27.143828311157225,22.555233814239504
21,38,318.2463073730469,0.0,28.99667987976074,23.68005025177002
21,39,274.7438659667969,0.0,25.584782669067383,20.330412778091432
21,40,316.85430908203125,0.0,28.876254595947266,22.944564389038085
21,41,296.5530700683594,0.0,27.29567999572754,21.073123082733154
21,42,302.6503601074219,0.0,27.75929766845703,18.592859587097166
21,43,278.7995300292969,0.0,25.93956357727051,18.142055450057985
21,44,287.5174255371094,0.0,26.60388398742676,18.57003314323425
21,45,252.82652282714844,0.0,23.80818046875,21.728986279296876
21,46,240.6127471923828,0.0,22.817763122558596,22.235989301300048
21,47,303.46990966796875,0.0,27.85440454711914,22.61698824005127
21,48,257.76800537109375,0.0,24.226269543457033,18.061297387695312
21,49,273.2554016113281,0.0,25.458231848144532,18.348236297225952
21,50,251.88050842285156,0.0,23.75485750427246,16.701091402053834
21,51,261.90325927734375,0.0,24.566810766601563,16.51678802566528
21,52,265.12969970703125,0.0,24.847385969368478,16.94397215614319
21,53,245.15338134765625,0.0,23.234565536499023,12.724245557403565
21,54,228.98545837402344,0.0,21.903600561523437,14.993087053871156
21,55,303.2632141113281,0.0,27.829118225097655,20.911086907958985
21,56,266.5887145996094,0.0,24.905329711914064,17.37691077232361
21,57,237.88653564453125,0.0,22.615284432983398,18.206535536956785
21,58,199.6348876953125,0.0,19.477002154541015,16.483824444198607
21,59,286.0516662597656,0.0,26.46632551574707,22.01762289161682
21,60,256.4986267089844,0.0,24.102235806274415,17.55551718597412
21,61,246.77853393554688,0.0,23.357560537719728,19.476658474731444
21,62,256.9049987792969,0.0,24.168126361083985,22.4953907623291
21,63,318.9846496582031,0.0,29.048064456176757,23.501534156799316
21,64,286.06640625,0.0,26.444673303222658,22.07368309020996
21,65,227.67874145507812,0.0,21.758734341430664,20.076851333999635
21,66,164.75509643554688,0.0,16.507904806518553,14.767405910491943
21,67,161.48912048339844,0.0,16.250699270629884,15.576644652175903
21,68,235.1531219482422,0.0,22.39639461669922,25.518731921577455
21,69,245.8661346435547,0.0,23.270474938964842,22.666337388610838
21,70,187.46646118164062,0.0,18.4378616607666,19.725121964263916
21,71,214.07366943359375,0.0,20.640365768432616,22.53143440322876
21,72,245.359619140625,0.0,23.21705206604004,23.31733384399414
21,73,288.34454345703125,0.0,26.64919710998535,24.50977569580078
21,74,199.78700256347656,0.0,19.506936569213867,19.58517350616455
21,75,321.5366516113281,0.0,29.26998016052246,25.709275653076173
21,76,205.50823974609375,0.0,19.95736186828613,17.174700952911376
21,77,159.01536560058594,0.0,16.04246849975586,25.600934557724
21,78,256.77532958984375,0.0,24.106329217529296,18.58291882171631
21,79,180.33924865722656,0.0,17.858986288452147,12.285007053565979
21,80,129.72918701171875,0.0,13.47070609741211,14.019477259254456
21,81,175.20736694335938,0.0,17.442932385253908,13.246783427619935
21,82,240.58489990234375,0.0,22.855513858032225,16.822711538124086
21,83,252.51243591308594,0.0,23.779278747558592,20.144251207351683
21,84,238.24403381347656,0.0,22.651340786743162,15.393325688552856
21,85,266.66015625,0.0,24.922079919433592,17.016012238311767
21,86,227.8704376220703,0.0,21.806772790527344,16.32725890426636
21,87,261.0926208496094,0.0,24.497478991699218,20.946539792633057
21,88,260.98114013671875,0.0,24.47683210144043,17.055225122833253
21,89,292.33544921875,0.0,26.967348205566406,21.29342028312683
21,90,313.30645751953125,0.0,28.586870373535156,22.149854666519165
21,91,221.75779724121094,0.0,21.286580807495117,17.227782473373413
21,92,220.36526489257812,0.0,21.1917974029541,16.577394929122924
21,93,255.48045349121094,0.0,24.023780346679686,17.350929391860962
21,94,252.20457458496094,0.0,23.761695965576173,14.966851277542114
21,95,217.65367126464844,0.0,20.944689266967774,16.31756131668091
21,96,227.75726318359375,0.0,21.810545404052736,18.810081608963014
21,97,260.6264343261719,0.0,24.441239910888672,19.435088544082642
21,98,280.1660461425781,0.0,25.986349081420897,18.84225396347046
21,99,307.4166564941406,0.0,28.146106729125975,16.880528467178344
21,100,278.153076171875,0.0,25.83911915283203,18.27000997428894
21,101,242.960693359375,0.0,23.036622256469727,17.633010682296753
21,102,251.36148071289062,0.0,23.69737894897461,19.34357639770508
21,103,322.70489501953125,0.0,29.323270611572266,22.708529389190673
21,104,250.50433349609375,0.0,23.591352893066407,20.683790675354004
21,105,299.4656066894531,0.0,27.529888610839844,21.605150180053712
21,106,287.9741516113281,0.0,26.630639141845702,23.86613275756836
21,107,263.8912353515625,0.14480000734329224,24.31104079466847,19.766068778419495
21,108,229.65521240234375,0.030799999833106995,21.599173170582095,17.343671843528746
22,3,285.1279602050781,0.0575999990105629,26.389700220128994,18.117586755752562
22,4,261.65985107421875,0.015599999576807022,24.501182664348782,19.196301970291138
22,5,265.3163146972656,0.019600000232458115,24.842608114221527,17.1848514465332
22,6,248.7207489013672,0.004000000189989805,23.445227319473982,20.158138592529298
22,7,318.36920166015625,0.0,29.00736050191382,19.464716848373413
22,8,282.1995849609375,0.0,26.23305650824281,18.16307253494263
22,9,287.0277404785156,0.0,26.592419271526452,21.354344970321655
22,10,317.4736633300781,0.021199999377131462,29.079746643864578,22.732752838134765
22,11,342.0823059082031,0.006399999838322401,30.693983894101834,22.367182154083252
22,12,291.0439453125,0.0,26.86692975769043,18.059262842559814
22,13,243.610595703125,0.006800000090152025,23.050126470947266,20.17869362602234
22,14,230.66607666015625,0.0,22.033974069213865,21.918346310806275
22,15,269.1324768066406,0.0,25.113466271972655,19.84892945251465
22,16,283.00958251953125,0.0,26.27165902709961,20.89589234313965
22,17,283.3798828125,0.0,26.266691149902343,23.22893714790344
22,18,262.7047119140625,0.0,24.60215895690918,20.573590869903565
22,19,267.38800048828125,0.0,24.963256674194337,20.162541385269165
22,20,286.7707824707031,0.0,26.527730584716796,21.48484417152405
22,21,285.35626220703125,0.0,26.433727661132814,22.693062239456175
22,22,272.9702453613281,0.01640000008046627,25.421557299735245,21.378353286743163
22,23,248.26951599121094,0.0,23.422547555541993,18.23673342590332
22,24,329.698974609375,0.0,29.848048544311524,20.771303324890138
22,25,257.5911865234375,0.0,24.184329397583006,20.565677342987062
22,26,166.6266326904297,0.0,16.640578048706054,11.784635339927673
22,27,253.1722412109375,0.0,23.807985748291017,22.910087324142456
22,28,301.9966125488281,0.0,27.72549262084961,21.573587353897096
22,29,282.63787841796875,0.0,26.167412350463866,21.408087717437745
22,30,277.8316650390625,0.0,25.84607117614746,23.209608757781982
22,31,297.1345520019531,0.0,27.326613159179686,20.82717481498718
22,32,305.8387451171875,0.0,28.023791879272462,24.708709860229494
22,33,320.465576171875,0.0,29.21108014831543,26.73160910873413
22,34,299.94830322265625,0.0,27.536760467529298,22.842999482727052
22,35,320.79461669921875,0.0,29.179614276123047,21.587217038345337
22,36,300.9915466308594,0.0,27.640534924316405,20.75019463119507
22,37,325.1622314453125,0.0,29.51906915283203,26.067107123565673
22,38,315.26605224609375,0.0,28.750856219482422,26.267161352539063
22,39,273.9613952636719,0.0,25.497883416748046,24.69160932121277
22,40,253.82066345214844,0.0,23.88411547546387,23.535477423095703
22,41,292.9091491699219,0.0,27.003053430175783,22.378701396942137
22,42,326.4901428222656,0.0,29.650997888183593,21.92333147239685
22,43,261.1601257324219,0.0,24.539564181518553,17.49074923286438
22,44,289.9651184082031,0.0,26.75442505493164,16.853069876098633
22,45,256.6370544433594,0.0,24.097961441040038,21.52815775909424
22,46,307.00347900390625,0.0,28.123414627075196,20.138344509506226
22,47,266.10565185546875,0.0,24.889175588989257,19.566250724792482
22,48,266.7492980957031,0.0,24.937493936157228,20.968930855560302
22,49,295.219482421875,0.0,27.146414645385743,19.28035107460022
22,50,273.89031982421875,0.0,25.5056748046875,18.92290298919678
22,51,301.81683349609375,0.0,27.692856042480468,18.985671319961547
22,52,275.49359130859375,0.0,25.594229934692382,20.286601854324342
22,53,189.27027893066406,0.0,18.588708795166017,15.280616529083252
22,54,241.20150756835938,0.0,22.859497900390625,18.590067752075196
22,55,276.9193115234375,0.0,25.747107733154298,21.153661032867433
22,56,315.94476318359375,0.0,28.79466488647461,23.690443147277833
22,57,356.59283447265625,0.0,31.96603345336914,24.476493601226807
22,58,269.01947021484375,0.0,25.145442810058594,18.351299884033203
22,59,276.02325439453125,0.0,25.70032956237793,17.890227989196777
22,60,229.09066772460938,0.0,21.90003532409668,17.704530434036254
22,61,271.6478271484375,0.0,25.352217538452148,24.691921908569334
22,62,256.2471008300781,0.0,24.066285928344726,22.050693004989625
22,63,275.77685546875,0.0,25.632001989746094,22.966638188171387
22,64,291.1366882324219,0.0,26.886354431152345,23.66343271446228
22,65,249.5946807861328,0.0,23.561113568115235,23.65561433143616
22,66,191.00852966308594,0.0,18.74124605407715,17.84798857421875
22,67,165.5328369140625,0.0,16.590201977539063,13.638031330871582
22,68,246.86886596679688,0.0,23.316150216674803,21.056796122550963
22,69,269.7095947265625,0.0,25.17224885559082,19.858952511787415
22,70,181.29153442382812,0.0,17.941483114624024,12.602629897499085
22,71,244.6492462158203,0.0,23.166519519042968,19.057936263275145
22,72,262.7308654785156,0.0,24.61718175048828,24.36550688819885
22,73,243.59439086914062,0.0,23.071964779663087,25.558075020980834
22,74,207.16090393066406,0.0,20.08546946105957,15.984324214553833
22,75,247.5771026611328,0.0,23.382240893554687,20.679096462249756
22,76,263.5345764160156,0.0,24.65559335632324,18.68722555541992
22,77,218.83815002441406,0.0,21.06053795776367,12.956042444610596
22,78,208.16879272460938,0.0,20.177852655029298,14.732387568855286
22,79,137.57640075683594,0.0,14.148693087768555,13.460348300361634
22,80,195.11337280273438,0.0,19.092764157104494,17.513702117061616
22,81,216.1724090576172,0.0,20.844021701049805,16.849229531860352
22,82,271.0932312011719,0.0,25.287839700317384,20.598348627471925
22,83,269.69476318359375,0.0,25.1831822265625,23.04740112762451
22,84,248.22604370117188,0.0,23.44543617553711,17.60347758369446
22,85,203.0505828857422,0.0,19.768155877685547,14.498890378952026
22,86,320.036865234375,0.0,29.136459213256835,25.474051148986817
22,87,249.6846923828125,0.0,23.559927734375,21.412225676345827
22,88,291.79229736328125,0.0,26.91531179199219,24.133031866455077
22,89,280.8956604003906,0.0,26.057458291625977,23.91838027267456
22,90,255.40042114257812,0.0,24.02272378234863,16.560341039085387
22,91,235.85287475585938,0.0,22.457035256958008,16.587712705993653
22,92,234.47157287597656,0.0,22.349741354370117,17.573785445022583
22,93,247.6853790283203,0.0,23.392768258666994,17.92445764083862
22,94,260.2095031738281,0.0,24.42299389343262,16.258460261154173
22,95,227.29833984375,0.0,21.7281419921875,16.455074629211424
22,96,238.37277221679688,0.0,22.660906564331054,21.14026757926941
22,97,251.02914428710938,0.0,23.67773038635254,22.95458667411804
22,98,229.4116973876953,0.0,21.93290198059082,17.499545220947265
22,99,296.07977294921875,0.0,27.24014362487793,19.94412333908081
22,100,294.73895263671875,0.0,27.1462943359375,18.847752367019652
22,101,278.7493896484375,0.0,25.881515454101564,18.12861224746704
22,102,247.87026977539062,0.0,23.45191280517578,21.6807266872406
22,103,294.37542724609375,0.0,27.136371994018553,24.226521222305298
22,105,246.68528747558594,0.0012000000569969416,23.30019662475586,21.931411502075196
22,106,300.3605041503906,0.00039999998989515007,27.60704945678711,20.533101597595216
22,107,269.1777038574219,0.0,25.144860754394532,18.059349418640135
22,108,270.0539855957031,0.006399999838322401,25.201395096218338,17.90113702888489
23,3,311.8995666503906,0.0851999968290329,28.749110813340245,18.703714895248414
23,4,248.753173828125,0.18719999492168427,24.4827174456471,17.639892572784422
23,5,259.8074951171875,0.16279999911785126,24.06668991726212,21.41856285610199
23,6,267.2908020019531,0.03440000116825104,25.09937263899232,22.180934023284912
23,7,307.3416442871094,0.053599998354911804,28.26266335928312,21.234316040802003
23,8,303.212646484375,0.019200000911951065,27.16493453810326,18.406743363571167
23,9,270.6650390625,0.0,25.24865115966797,21.27196155128479
23,10,277.6806945800781,0.0,25.85234768676758,20.92052683029175
23,11,326.7360534667969,0.0,29.671257098388672,23.567910610580444
23,12,266.59942626953125,0.0,25.011214305192997,20.76776869316101
23,13,245.10557556152344,0.0012000000569969416,23.19772834747241,19.5569640460968
23,14,234.07965087890625,0.0,22.308145388793946,18.569617645835876
23,15,282.6092529296875,0.0,26.207152798461912,24.793948308944703
23,16,335.3057556152344,0.0,30.322261627197264,28.507405738830567
23,17,327.82550048828125,0.0,29.72536235961914,25.643216584014894
23,18,288.4707336425781,0.0,26.62917710266113,21.26411934776306
23,19,294.9603271484375,0.0,27.197902102661132,23.293019904708864
23,20,279.2069396972656,0.0,25.916461560058593,22.854972662353514
23,21,231.54908752441406,0.0,22.118286117553712,18.691188494110108
23,22,144.64971923828125,0.0,14.784659707641602,15.530832125663757
23,23,243.01487731933594,0.0,23.02168375854492,19.28152544593811
23,24,278.69268798828125,0.0,25.84888090515137,21.831226921463013
23,25,198.95680236816406,0.0,19.331886331176758,14.326882436943054
23,26,147.2659454345703,0.0,15.027065493774414,13.858893525886536
23,27,266.6031799316406,0.0,24.941414358520507,24.03598446884155
23,28,281.7086486816406,0.0,26.11509336242676,23.726385467529298
23,29,300.56494140625,0.0,27.581134320068358,24.189141871643066
23,30,294.0865783691406,0.0,27.12912306213379,26.291878829956055
23,31,327.5492858886719,0.0,29.737492260742187,28.46018193359375
23,32,304.7452087402344,0.0,27.97997807922363,25.46306672782898
23,33,265.3314514160156,0.0,24.790194622802733,24.09231837348938
23,34,291.34063720703125,0.0,26.86853639526367,27.228275077056885
23,35,315.487548828125,0.0272000003606081,28.68805772998507,24.28773122177124
23,36,293.1047058105469,0.0,27.005837045511566,20.182483475112914
23,37,294.1612243652344,0.0,27.059345223999024,22.221781518173216
23,38,328.6900939941406,0.0,29.794030032348633,28.78198974380493
23,39,295.2616271972656,0.0,27.215248233032227,28.52556946334839
23,40,268.63006591796875,0.0,25.062787829589844,23.94321691131592
23,41,283.9371337890625,0.0,26.293163061523437,22.43023724308014
23,42,296.13385009765625,0.0,27.265415048217772,18.701521797943116
23,43,317.5057067871094,0.0,28.932144357299805,21.22324056854248
23,44,330.71978759765625,0.0,29.946354281616212,20.587581321334838
23,45,286.8292541503906,0.0,26.485151028442385,19.154724948120116
23,46,300.9927673339844,0.0,27.59900330505371,19.9047516456604
23,47,295.8830871582031,0.0,27.240879119873046,22.66805108795166
23,48,283.2684020996094,0.0,26.2688551361084,22.125621730804443
23,49,292.11895751953125,0.0,26.945242559814453,20.327823348999022
23,50,339.1319580078125,0.0,30.602986868286134,29.580711491394045
23,51,311.0545654296875,0.0,28.454526443481445,25.076870755004883
23,52,272.5670166015625,0.0,25.40192971496582,19.104548046875
23,53,262.6053161621094,0.0,24.587883374023438,16.606955337905884
23,54,285.3472595214844,0.0,26.41359853210449,19.981084993362426
23,55,268.5435791015625,0.0,25.083434313964844,20.57069506149292
23,56,272.57440185546875,0.0,25.387297271728517,21.119292294311524
23,57,268.6200256347656,0.0,25.079975012207033,21.775278547286987
23,58,284.7118835449219,0.0,26.367430270385743,18.250119563293456
23,59,276.6963195800781,0.0,25.739083004760744,18.80042514076233
23,60,298.0804138183594,0.0,27.457555282592775,19.85084047050476
23,61,185.3446502685547,0.0,18.264037438964845,15.827162508392334
23,62,212.37234497070312,0.0,20.547216540527344,17.141170742988585
23,63,199.44752502441406,0.0,19.478159909057617,17.57394013710022
23,64,193.9166717529297,0.0,19.004702462768556,17.48776720199585
23,65,232.90098571777344,0.0,22.178037643432617,20.96699796562195
23,66,146.0374755859375,0.0,14.95542908935547,20.64433010292053
23,67,203.00811767578125,0.0,19.762140393066407,18.573582540512085
23,68,231.55569458007812,0.0,22.089511416625978,15.750588135528565
23,69,208.61546325683594,0.0,20.216325189208984,17.64989747543335
23,70,210.7223663330078,0.0,20.391182052612304,15.43826243095398
23,71,171.7567901611328,0.0,17.117153628540038,11.948842192268371
23,72,181.69921875,0.0,17.974614147949218,17.689348536109925
23,73,204.1497344970703,0.0,19.843523956298828,18.030647857284546
23,74,216.16441345214844,0.0,20.82054185180664,17.389811072158814
23,75,260.0552062988281,0.0,24.408333047485353,20.82651217918396
23,76,274.9796447753906,0.0,25.614171829223633,18.36388484916687
23,77,256.95941162109375,0.0,24.150708923339845,19.776765856170655
23,78,247.32643127441406,0.0,23.355870364379882,25.722236640548704
23,79,206.54629516601562,0.0015999999595806003,20.00650729675293,15.840376836585998
23,80,239.80792236328125,0.0,22.734926525878905,17.503779961395264
23,81,252.50186157226562,0.0,23.829280181884766,21.45142568435669
23,82,263.40411376953125,0.0,24.689047442626954,20.915114788436888
23,83,271.84332275390625,0.0,25.332463534545898,19.825583827972412
23,84,187.1942138671875,0.0,18.4036143737793,11.827361668777465
23,85,213.036376953125,0.0,20.610744470214843,14.39758846874237
23,86,233.02503967285156,0.0,22.210752569580077,20.644202072525026
23,87,249.70370483398438,0.0,23.584907479858398,18.08229667930603
23,88,291.4246520996094,0.0,26.895087783813477,21.6874914188385
23,89,267.4546813964844,0.0,24.884017372513583,20.40802533531189
23,90,241.30126953125,0.0,22.86492819519043,15.584693080329895
23,91,235.04275512695312,0.0,22.38379532775879,16.14847728843689
23,92,222.53753662109375,0.0,21.35570948791504,18.521009692382812
23,93,219.27696228027344,0.0,21.107590368652343,16.91763797721863
23,94,217.26280212402344,0.0,20.932837438964842,17.327635029983522
23,95,203.9646453857422,0.0,19.84122762145996,16.183875133895874
23,96,212.9237518310547,0.0,20.549601126098633,15.633984106063842
23,97,184.20509338378906,0.0,18.187728564453124,17.604484266281126
23,98,267.9247741699219,0.0,25.02481889038086,16.611025506591798
23,99,240.47494506835938,0.0,22.805059069824217,16.507618704032897
23,100,241.2346649169922,0.0,22.863329418945312,15.576401519966126
23,101,312.72454833984375,0.0,28.5122990814209,19.469036401367187
23,102,280.38726806640625,0.0,26.012548513793945,19.82008631248474
23,103,274.7840576171875,0.05920000001788139,25.429861378523213,18.828842476654053
23,104,244.97898864746094,0.15839999914169312,23.210038881139198,17.817554991912843
23,105,234.89402770996094,0.10520000010728836,22.158823941883288,17.827711297607422
23,106,268.9342346191406,0.00039999998989515007,25.187075066681647,18.661153625488282
23,107,316.203369140625,0.00039999998989515007,28.82009300842285,21.09316135482788
24,3,234.43605041503906,0.1379999965429306,22.835439984170513,17.062265157699585
24,5,258.7740783691406,0.01119999960064888,24.403435762865026,23.829338887023926
24,6,276.069580078125,0.06279999762773514,25.634575281566946,22.477223197174073
24,7,254.61265563964844,0.052000001072883606,23.825658377165226,15.694113332366943
24,8,255.03956604003906,0.00039999998989515007,24.00367682800293,19.225578652954102
24,9,277.6867370605469,0.05400000140070915,25.7088929107666,19.172136985015868
24,10,292.05377197265625,0.0,26.949250439453124,21.36455394744873
24,11,266.8316345214844,0.0,24.945190588378907,20.80308111114502
24,12,330.08233642578125,0.0,29.910657958984373,19.2423450881958
24,13,333.4693298339844,0.0,30.158480841064453,19.560612942504882
24,14,232.1507568359375,0.0,22.141805940768286,17.28792085571289
24,15,261.69610595703125,0.0020000000949949026,24.512225445028875,19.201769052886963
24,16,268.8805847167969,0.0,25.096150003051758,22.82271323490143
24,17,320.0748291015625,0.0,29.14518657836914,23.998083854675293
24,18,251.66859436035156,0.0,23.723060864257814,21.747809565734862
24,19,271.1188049316406,0.0,25.298818170166015,24.759933590316773
24,20,288.42413330078125,0.0,26.688169854736326,22.518635264205933
24,21,299.810546875,0.0,27.532495852661132,18.98745193977356
24,22,296.8930358886719,0.0,27.242574884033203,20.497815806388854
24,23,238.57826232910156,0.0,22.67192127075195,21.179455478286744
24,24,253.68670654296875,0.00039999998989515007,23.937681156888402,21.16786530342102
24,25,308.0290222167969,0.0,27.813375924138114,23.139104121017457
24,26,298.3493957519531,0.03799999877810478,27.395155000418974,18.813975719070434
24,27,235.30194091796875,0.0,22.399475588989258,21.008894915008543
24,28,293.06646728515625,0.0,27.043611013793946,19.535382541656496
24,29,277.166259765625,0.0,25.759049468994142,23.565520188713073
24,30,247.54098510742188,0.0,23.411289782714842,25.436604312515257
24,31,306.2424621582031,0.0,28.057115255737305,24.445311759185792
24,32,234.77047729492188,0.0,22.364126544189453,27.502893059539794
24,33,304.75555419921875,0.0,27.949561221313477,24.632680020141603
24,34,301.3979797363281,0.17399999499320984,27.744674174618044,26.814555344390868
24,35,304.149658203125,0.21400000154972076,27.553706673904337,22.771377015304566
24,36,283.5745544433594,0.0,26.205224056664978,22.166387244796752
24,37,251.3928680419922,0.0,23.7135039642334,19.494449270629882
24,38,305.7037048339844,0.0,27.981736145019532,24.02596200866699
24,39,276.93865966796875,0.0,25.78843868408203,19.632168447875976
24,40,198.19442749023438,0.0,19.3248032623291,18.82018762550354
24,41,320.4792175292969,0.00800000037997961,29.164652188110352,20.256410660171507
24,42,264.412841796875,0.0,24.73896234741211,17.274272828674317
24,43,308.24639892578125,0.0,28.234487911987305,19.308115149879455
24,44,274.07330322265625,0.0,25.53527021484375,24.284116436004638
24,45,276.78082275390625,0.0,25.734198614501953,18.183206690597533
24,46,311.6395263671875,0.0,28.46288269958496,20.589796508026122
24,47,304.44439697265625,0.0,27.919386520385743,27.935831323242187
24,48,286.46844482421875,0.0,26.522172842407226,25.741857161712648
24,49,308.4944763183594,0.0,28.238970333862305,24.207184958648682
24,50,317.3392028808594,0.0,28.920509356689454,28.911341230010986
24,51,258.7945251464844,0.0,24.2776359375,19.68641577911377
24,52,244.47230529785156,0.0,23.09017899169922,15.8032526638031
24,53,284.7799072265625,0.0,26.36663685913086,20.37365798149109
24,54,273.7947082519531,0.0,25.47830948181152,20.594447368621825
24,55,253.99794006347656,0.0,23.912128396606445,17.963932466506957
24,56,234.80963134765625,0.0,22.38994846496582,13.97585064163208
24,57,261.7545166015625,0.0,24.539100448608398,17.32949750480652
24,58,276.857421875,0.0,25.740475204467774,18.570171070861818
24,59,304.8222351074219,0.0,27.96495798034668,23.447603173065186
24,60,263.7898864746094,0.0,24.69610196838379,21.831225231170656
24,61,201.94573974609375,0.0,19.63979071044922,13.260677048873902
24,62,201.246337890625,0.0,19.579053048706054,13.091630735206603
24,63,174.30764770507812,0.0,17.33150295715332,12.004194076347352
24,64,145.34547424316406,0.0,14.837167895507813,8.107634866905212
24,65,175.98353576660156,0.0,17.465824450683595,13.538514487457276
24,66,205.54026794433594,0.0,19.941203799438476,19.855363976669313
24,67,193.1484832763672,0.0,18.888310983276366,17.019231134796144
24,68,211.8745574951172,0.0,20.49534684753418,14.593564722061156
24,69,225.31369018554688,0.0,21.58238875427246,15.312283946609497
24,70,191.92105102539062,0.0,18.835868698120116,17.2861159948349
24,71,205.1445770263672,0.0,19.941099462890627,11.612850751304627
24,72,277.77349853515625,0.0,25.801775967407227,16.466157252693176
24,73,229.83331298828125,0.0,21.97002828063965,16.634654221343993
24,74,215.89137268066406,0.0,20.82712417602539,17.259505543899536
24,75,197.4957275390625,0.0,19.28884255065918,16.203019899368286
24,76,230.64578247070312,0.0,22.02423184814453,15.95865417060852
24,77,204.6841583251953,0.0,19.899738659667968,19.144761198425293
24,78,232.08885192871094,0.0,22.160563342285155,24.953515856933592
24,79,185.26806640625,0.0,18.30513740579689,13.983023249912263
24,80,174.27496337890625,0.0,17.33659435119629,15.406216142845153
24,81,187.0399932861328,0.0,18.38029904785156,18.307799071121217
24,82,201.2058563232422,0.0,19.59317492675781,18.14529012298584
24,83,276.3628234863281,0.0,25.684715658569335,20.678034772872923
24,84,217.22720336914062,0.0,20.93809217529297,12.153143885612488
24,85,225.88906860351562,0.0,21.62507173461914,16.169981345939636
24,86,248.65411376953125,0.0,23.468024282836915,18.34812659034729
24,87,244.66737365722656,0.0,23.12362582397461,20.401404077148438
24,88,269.6439514160156,0.0,25.161447830200196,24.127063777923585
24,89,214.27830505371094,0.0,20.64293413696289,21.392418167114258
24,90,279.0339660644531,0.0,25.917623742675783,22.967466864013673
24,91,263.650146484375,0.0,24.678483477783203,19.85949873123169
24,92,245.10450744628906,0.03880000114440918,23.254535060388307,19.788858796310425
24,93,213.6633758544922,0.01360000018030405,20.585467041490315,17.602176833343506
24,94,192.15438842773438,0.0,18.849583053588866,16.310062350082397
24,95,186.36801147460938,0.0,18.34995463562012,13.720560132217408
24,96,236.3479461669922,0.0,22.472317178344728,17.653361344146727
24,97,266.02630615234375,0.0,24.88820834655762,18.700648400115966
24,98,263.61700439453125,0.0,24.662162893676758,17.090221368789674
24,99,257.6236572265625,0.0,24.179418585205077,19.44150728645325
24,100,257.9700927734375,0.0,24.24676071166992,17.77428030471802
24,101,251.0232696533203,0.0,23.680755377197265,19.38244642715454
24,102,217.4072265625,0.0,20.951681494140626,19.093079334259034
24,103,229.63087463378906,0.047200001776218414,22.142170841607104,17.102165690612793
24,104,232.88385009765625,0.08640000224113464,21.79622508252085,19.01221399345398
24,105,239.81324768066406,0.04039999842643738,22.95627672341546,16.62188405685425
24,106,199.40396118164062,0.03680000081658363,18.795781775229624,14.948962578201295
24,107,253.43832397460938,0.006000000052154064,23.843551060229167,18.055418951797485
25,4,266.7039489746094,0.0,24.996247877454543,20.750091272735595
25,5,287.3013610839844,0.06159999966621399,26.574906520729684,22.811554399871827
25,7,295.9038391113281,0.10119999945163727,27.206021868939732,18.823082685089112
25,8,234.5364532470703,0.00279999990016222,22.40324252989234,15.497587638473512
25,9,288.7893981933594,0.0,26.639049536132813,15.902535676956177
25,10,287.6342468261719,0.0,26.437363479937872,23.37900428543091
25,11,307.1501159667969,0.0,28.13604614868164,26.041712021255492
25,12,304.8495178222656,0.0,27.948434060668944,17.58787978363037
25,13,306.9530944824219,0.0,28.13249763793945,18.663235609817505
25,14,268.68438720703125,0.0,25.158850112488608,18.573828301620484
25,15,265.8446960449219,0.00800000037997961,24.845148538208008,24.02877903060913
25,16,226.431884765625,0.0,21.63953701171875,15.586053064727784
25,17,236.55079650878906,0.0,22.53944294128418,19.637024250030517
25,18,270.86712646484375,0.0,25.24885396118164,20.97941591873169
25,19,253.22189331054688,0.0,23.839399612426757,17.821445331573486
25,20,297.81884765625,0.0,27.415805603027344,20.1513074174881
25,21,348.49237060546875,0.0,31.301134313964845,24.601286388015748
25,22,308.2023010253906,0.007600000128149986,28.198989016723633,25.545158335113527
25,23,236.43118286132812,0.0,22.48797020615939,25.463520066452027
25,24,284.7251281738281,0.015200000256299973,26.39725387155713,21.68162564525604
25,25,304.0931701660156,0.0,27.878982421875,21.507132424545286
25,26,257.6711730957031,0.0,24.240329318237304,19.619060984039308
25,27,264.9336853027344,0.0,24.775032739257814,20.935667949295045
25,28,250.38084411621094,0.0,23.6205073638916,19.79149937210083
25,29,254.350341796875,0.0,23.92474320373535,21.54453944377899
25,30,251.41165161132812,0.0,23.670182064819336,19.06538030204773
25,31,254.3043670654297,0.0,23.838438555908205,18.622934659957885
25,32,282.7825927734375,0.0,26.27277585144043,23.173532600021364
25,33,286.53253173828125,0.0,26.507490258789062,26.87733720855713
25,34,241.828369140625,0.0,22.943679840087892,18.19699867210388
25,35,224.85604858398438,0.0,21.560065704345703,14.958635474014283
25,36,210.36997985839844,0.0,20.392282373046875,22.98948782157898
25,37,268.2229309082031,0.0,25.05602678527832,18.2765825302124
25,38,248.28884887695312,0.0,23.423007391113675,20.363090237045288
25,39,287.7227478027344,0.0,26.577606954956053,24.374051133728027
25,40,256.3407287597656,0.0,24.124066134643556,21.72048923664093
25,41,307.1914367675781,0.0,28.104912533569337,21.2556912689209
25,42,294.07281494140625,0.0,27.09358765563965,20.549817273712158
25,43,250.0886993408203,0.0,23.622117999267576,15.332809673690797
25,44,253.77235412597656,0.0,23.919964096069336,19.631335641098023
25,45,308.339599609375,0.0,28.280993338012696,25.301137766265867
25,46,305.31268310546875,0.0,27.94336531982422,22.207700202178955
25,47,312.4601135253906,0.0,28.54446514892578,22.59776256637573
25,48,250.2493438720703,0.0,23.623041268920897,23.358537371063232
25,49,320.50567626953125,0.0,29.122995791625975,23.067033236694336
25,50,315.4624938964844,0.0,28.859829351806642,23.075232653045653
25,51,314.45574951171875,0.0,28.700579891967774,18.24829988555908
25,52,262.0015563964844,0.0,24.540523342895508,16.86502905921936
25,53,249.573486328125,0.0,23.51326737976074,19.224096057128907
25,54,264.10101318359375,0.0,24.71051421508789,22.19362407989502
25,55,314.6820373535156,0.0,28.70154494628906,21.66118278427124
25,56,247.49081420898438,0.0,23.430054595947265,14.043668961906434
25,57,244.96807861328125,0.0,23.18796559753418,15.652465489959717
25,58,265.443359375,0.0,24.819342065429687,16.18281363334656
25,59,257.4812927246094,0.0,24.16800002746582,17.49599170036316
25,60,283.35821533203125,0.0,26.243215844726564,18.087782011032104
25,61,285.814453125,0.0,26.48844278564453,18.338574848937988
25,62,250.92816162109375,0.0,23.63739588623047,16.93069171638489
25,63,197.8689422607422,0.0,19.32400169067383,14.62558172454834
25,64,140.49072265625,0.0,14.433063311767578,9.200445393276215
25,65,122.18379974365234,0.0015999999595806003,12.806626759484429,8.797419636249542
25,66,130.22216796875,0.0,13.481844061279297,10.547570879745484
25,67,156.8561553955078,0.0,15.807306436157226,11.266993469238281
25,68,219.5696563720703,0.0,21.105200677490235,14.004828942489624
25,69,232.43955993652344,0.0,22.161815783691406,13.284563869476319
25,70,224.76512145996094,0.0,21.548128778076173,13.478433693504334
25,71,243.52427673339844,0.0,23.079147982788086,14.463319387054444
25,72,197.24964904785156,0.0,19.277207608032228,14.43059484024048
25,73,244.56214904785156,0.0,23.16142077026367,19.588007716941835
25,74,270.202880859375,0.0,25.19252341003418,18.9344402053833
25,75,189.449462890625,0.0,18.61316531677246,16.103803986549377
25,76,214.01907348632812,0.0,20.649567550659178,18.985358370971678
25,77,209.74632263183594,0.0,20.312008166503905,16.943588650512694
25,78,276.1295166015625,0.006399999838322401,25.743617904663086,19.543288218688964
25,79,309.1842041015625,0.0,28.229651022338867,17.29077667350769
25,80,184.35972595214844,0.0,18.17364563598633,11.439950468826295
25,81,168.32896423339844,0.0,16.841898425292968,11.900980046272277
25,82,179.98411560058594,0.0,17.832476107788086,15.198943928146363
25,83,206.14859008789062,0.0,20.00870354309082,17.39928716697693
25,84,188.06289672851562,0.0,18.47697628173828,13.58051811542511
25,85,193.44435119628906,0.0,18.955086526489257,13.505457457733154
25,86,200.56851196289062,0.0,19.553274502563475,14.814965646743774
25,87,230.54005432128906,0.0,21.999230682373046,18.27339906768799
25,88,256.4849853515625,0.0,24.153988400268556,20.333285626983642
25,89,269.3841247558594,0.0,25.118762155151366,22.212774513626098
25,90,275.7982482910156,0.0,25.648558557128908,21.706218949127198
25,91,271.3490295410156,0.0015999999595806003,25.301987626170384,18.682837146759034
25,92,240.86251831054688,0.0,22.85149888498832,17.27200870399475
25,93,274.59417724609375,0.0,25.561441607964344,17.334667617034913
25,94,215.6326141357422,0.0,20.822526657104493,14.622495821762085
25,95,201.41726684570312,0.0,19.61802053527832,14.73630390510559
25,96,212.7770538330078,0.0,20.584371658325196,16.664818980407716
25,97,258.5498352050781,0.0,24.322062109375,17.99380168609619
25,98,275.4950866699219,0.0,25.633446154785155,20.048885677337648
25,99,277.371337890625,0.0,25.796033850097658,20.590194380187988
25,100,207.4012908935547,0.0,20.106614547729492,14.821725321006776
25,101,179.22726440429688,0.0,17.746789138793947,16.482176327705382
25,102,223.91590881347656,0.0,21.463266717529297,16.98136256713867
25,103,226.25222778320312,0.0,21.650809646606444,14.872257340240479
25,104,232.1967010498047,0.0,22.144592687187902,17.94122013282776
25,105,240.9058380126953,0.0015999999595806003,23.079353954103784,18.52760694885254
25,106,258.5185852050781,0.005200000014156103,24.266935769812648,14.300201502990722
25,107,267.2456359863281,0.13040000200271606,25.48558987558045,14.497076945495605
26,4,256.89617919921875,0.0007999999797903001,24.130922909545898,17.85444152984619
26,5,324.1426086425781,0.23399999737739563,28.656062081044396,19.569941429901125
26,6,216.85865783691406,0.07240000367164612,20.92009369607727,18.8581580619812
26,7,244.47119140625,0.09239999949932098,23.086066186717286,19.923667755508422
26,8,249.63829040527344,0.1420000046491623,23.56068717009569,21.589529133605957
26,10,328.1267395019531,0.020400000736117363,29.738399931550756,20.823663019943236
26,11,264.06854248046875,0.0,24.712206909179688,18.80332486114502
26,12,309.6304626464844,0.0,28.317362213134764,18.00757156906128
26,13,316.5496826171875,0.0,28.861490188598633,19.828009340286254
26,14,308.50592041015625,0.03359999880194664,28.356982971191407,19.68621857070923
26,15,245.91766357421875,0.0,23.288596572875978,27.564356665802002
26,16,255.5012969970703,0.0,24.06566059875488,19.15113208465576
26,17,266.9156188964844,0.0,24.943904669189454,23.61167897644043
26,18,302.2841796875,0.0,27.730344659423828,22.916497067260742
26,19,236.126953125,0.0,22.48834259033203,20.95853416862488
26,20,297.6281433105469,0.0,27.444999961179484,20.533653810119628
26,21,268.08319091796875,0.0,25.048675399780272,22.799314147949218
26,22,261.5640563964844,0.0,24.53637734375,24.905932975769044
26,23,346.9949645996094,0.0,31.30089764099121,22.66078648262024
26,24,277.1354675292969,0.0,25.745556832885743,25.301260694503785
26,25,311.1253662109375,0.0,28.397724411010742,27.3114726272583
26,26,276.2707214355469,0.0,25.716112661743164,19.46126389350891
26,27,281.96368408203125,0.0,26.156624252319336,21.519144298553467
26,28,297.9485778808594,0.0,27.401406616210938,18.067666388320923
26,29,296.6810607910156,0.0,27.300646755981447,19.40728757019043
26,30,262.1523742675781,0.030799999833106995,24.562610189819335,22.02406437072754
26,31,286.51422119140625,0.0,26.496903329467774,20.056484447097777
26,32,278.4075012207031,0.0,25.87540914001465,22.969210758972167
26,33,283.1214904785156,0.0,26.245321337890626,24.583393641281127
26,34,236.51182556152344,0.0,22.499970181274414,20.059558296585084
26,35,273.1588134765625,0.0,25.41299249267578,22.877659035873414
26,36,246.98361206054688,0.0,23.3343211517334,22.8103542427063
26,37,266.41961669921875,0.0,24.890791427612303,25.779759170150758
26,38,287.7111511230469,0.0,26.556751724243163,24.914210515594483
26,39,264.423828125,0.0,24.71975050048828,25.50320725517273
26,40,305.8349914550781,0.0,28.006385134887694,22.179431424331664
26,41,281.0359802246094,0.0,26.079623541259764,20.35711976699829
26,42,349.6153869628906,0.0,31.40935056762695,23.390186292266847
26,43,327.3605651855469,0.0,29.692951150512695,18.479989064788818
26,44,287.65203857421875,0.0,26.565573504181945,19.620802862548828
26,45,252.6348419189453,0.0,23.7778044921875,20.016767950820924
26,46,278.1419982910156,0.0,25.791407464599608,20.27919254798889
26,47,306.5744323730469,0.0,28.086105950927735,23.637861567687988
26,48,282.06640625,0.0,26.152547253417968,27.167480951690674
26,49,330.9101867675781,0.0,29.972031997680663,24.715145378112794
26,50,283.5151672363281,0.0,26.26288005065918,18.95355489730835
26,51,290.82305908203125,0.0,26.828874920654297,21.34164376449585
26,52,283.2861633300781,0.0,26.260868347167968,22.248461307144165
26,53,284.0977783203125,0.0,26.31453395385742,19.893003207778932
26,54,257.7873229980469,0.0,24.243665026855467,19.565708668899536
26,55,279.21466064453125,0.0,25.92805171508789,20.904910263824462
26,56,262.9938049316406,0.0,24.59463856201172,17.639098891067505
26,57,248.556640625,0.0,23.468199743652345,17.090989276885985
26,58,253.26609802246094,0.0,23.79347829589844,17.447038483810424
26,59,250.205322265625,0.014800000004470348,23.635849356079103,16.684208256149294
26,60,209.56480407714844,0.00559999980032444,20.265224954223633,15.167655183792114
26,61,244.81576538085938,0.0,23.18408108520508,19.194363248443604
26,62,243.4754638671875,0.0,23.062667642211913,17.041168239212038
26,63,251.05184936523438,0.0,23.682026058959963,16.710139477539062
26,64,222.19398498535156,0.0,21.358139575195313,13.435303131580353
26,65,117.40635681152344,0.0,12.366673709106445,8.214391684246063
26,66,193.72952270507812,0.0,18.984843606567384,12.30492354812622
26,67,215.74554443359375,0.0,20.805816717529297,14.998854091262817
26,68,232.2267608642578,0.0,22.16430669555664,15.233307163619996
26,69,215.4520721435547,0.0,20.779546231079102,18.0222669342041
26,70,293.4243469238281,0.0,26.98608406982422,18.202109426879883
26,71,232.40371704101562,0.0,22.160667083740233,12.872838158988953
26,72,187.5716094970703,0.0,18.450842581176758,11.551571435928345
26,73,207.1464385986328,0.0,20.08709976501465,11.827504201126098
26,74,180.8990020751953,0.0,17.898951623535158,12.302464266204835
26,75,176.13125610351562,0.0,17.493739779663088,11.389628707504272
26,76,117.15159606933594,0.0,12.341776239013672,10.864337267494202
26,77,158.4496612548828,0.0,15.977091677856444,15.916710571670531
26,78,227.4552459716797,0.0,21.74028229370117,18.39029386520386
26,79,268.5616455078125,0.0,25.056804574584962,21.19034225502014
26,80,164.16441345214844,0.0,16.477948010253908,16.092000796318054
26,81,234.4939422607422,0.0,22.316457397460937,17.091799447250366
26,82,256.0485534667969,0.0,24.080580923461913,20.379446557235717
26,83,238.24794006347656,0.0,22.610708908081055,15.18948690071106
26,84,206.401123046875,0.0,20.011493591308593,16.809563097572326
26,85,227.6083984375,0.0,21.777859063720705,17.11563397216797
26,86,222.11801147460938,0.0,21.312078088378907,14.140858985900879
26,87,237.14730834960938,0.0,22.56002234802246,28.36243945579529
26,88,231.53929138183594,0.0,22.045226934814455,20.985068617248537
26,89,281.1773376464844,0.0,26.088183984375,24.438528414154053
26,90,276.44244384765625,0.0,25.694724169921876,21.223589812469484
26,91,227.82366943359375,0.0,21.793874603271483,16.935873281860353
26,92,209.70321655273438,0.0,20.316064093017577,16.238610921478273
26,93,226.8037567138672,0.0,21.742021545410157,18.268782565689087
26,94,241.9302215576172,0.0,22.939971829223634,15.62291941947937
26,95,233.99293518066406,0.0,22.296479550170897,16.74026957168579
26,96,297.3229064941406,0.0,27.356959759521484,19.012836896896363
26,97,256.18243408203125,0.0,24.089465475463868,18.868742671585082
26,98,260.2552185058594,0.0,24.448252236938476,20.09248881225586
26,99,287.8762512207031,0.0,26.61408436279297,20.155520634460448
26,100,231.6710205078125,0.0,22.09809260253906,17.530172983551026
26,101,274.0903625488281,0.0,25.516555380249024,19.509145023345948
26,102,267.43914794921875,0.0,24.9788400390625,19.158908294677733
26,103,251.40243530273438,0.0,23.64907278137207,19.912402627182008
26,104,268.1678771972656,0.2492000013589859,25.160347029622397,20.959830126190184
26,106,265.8552551269531,0.10520000010728836,24.60673935025436,18.92608357810974
26,107,243.36033630371094,0.17319999635219574,22.913182675741552,18.050386559677126
27,3,231.12840270996094,0.2280000001192093,21.94630307829782,16.331346526908874
27,4,274.6327819824219,0.2240000069141388,25.371795057185604,14.80096236934662
27,5,278.1361083984375,0.06759999692440033,25.610552010885097,19.863987406539916
27,6,298.1778259277344,0.006399999838322401,27.077910736927656,19.398236280441285
27,7,254.45681762695312,0.10199999809265137,23.43627161113339,11.713887083816529
27,11,284.655029296875,0.004000000189989805,26.32668667587879,22.021290422058104
27,12,261.9515380859375,0.02759999968111515,24.553441833250478,22.6433849155426
27,13,224.7290496826172,0.03440000116825104,21.548849502563478,19.58237296066284
27,14,289.5467834472656,0.09640000015497208,26.69660775992526,24.06036678199768
27,15,254.4928436279297,0.0,23.941199060058594,22.604710137176514
27,16,283.71600341796875,0.0,26.3074287820597,21.567391941833495
27,17,265.6139831542969,0.0,24.811565225219727,22.801194701385498
27,18,235.0560760498047,0.0,22.391988000488283,24.798208614349367
27,19,293.4217529296875,0.0,27.06352299194336,25.21603620300293
27,20,299.50152587890625,0.0,27.52567725830078,22.89775468673706
27,21,259.2109069824219,0.0,24.3304920501709,18.36882342414856
27,22,292.6418151855469,0.0,26.974163623046874,16.704728945732118
27,23,311.8534240722656,0.0,28.439708670043945,21.666648444366455
27,24,279.0491027832031,0.0,25.918478213500975,22.446069748687744
27,25,296.75238037109375,0.0,27.28649041748047,26.23266770362854
27,26,296.4366760253906,0.0,27.237897473144532,22.629768187332154
27,27,261.65692138671875,0.0,24.531455099487303,20.79215483932495
27,28,279.0288391113281,0.0,25.976591717529296,20.004963485336305
27,29,263.7090759277344,0.0,24.69509628601074,19.61023084526062
27,30,285.04180908203125,0.0,26.35934905090332,25.911354301071167
27,31,208.54733276367188,0.0,20.20780301513672,17.408603089904783
27,32,279.6191101074219,0.0,25.97483904418945,24.624313303375246
27,33,271.3055114746094,0.0,25.282800219726564,26.38719973754883
27,34,263.16900634765625,0.0,24.659364611816407,28.326913621520998
27,35,277.95574951171875,0.0,25.857816491699218,26.34649440460205
27,36,203.60313415527344,0.0,19.769732290649415,29.863091716003417
27,37,323.10308837890625,0.0,29.367685244750977,31.633799015808105
27,38,314.8656311035156,0.002400000113993883,28.690586472633047,29.860350898742677
27,39,319.8359375,0.0,29.106686450195312,27.26746732788086
27,40,303.2908630371094,0.012000000104308128,27.607777137773507,25.51033689880371
27,41,271.9234313964844,0.0,25.34151697998047,26.53740182342529
27,42,362.5751953125,0.0,32.402934811401366,24.92729704093933
27,43,303.86431884765625,0.0,27.827821892741017,20.636384524154664
27,44,275.34417724609375,0.0,25.666513613891603,20.458918139266967
27,45,278.8290710449219,0.0,25.865320043945314,23.215555420303346
27,46,314.386962890625,0.00279999990016222,28.657699315002468,21.325947979736327
27,47,277.3161926269531,0.0,25.762851208496095,19.92289248123169
27,48,270.7856750488281,0.0,25.23961382751465,19.53688995437622
27,49,248.83990478515625,0.0,23.531456182861326,21.97429116897583
27,50,290.21038818359375,0.00039999998989515007,26.77608753051758,19.51342601585388
27,51,299.86553955078125,0.0,27.556457412719727,22.415323685455323
27,52,306.1817626953125,0.0,28.060732543945313,22.34630534667969
27,53,285.2539978027344,0.0,26.39179200439453,20.899594580078126
27,54,281.8283386230469,0.0012000000569969416,26.173189205932616,18.9099700050354
27,55,240.1698455810547,0.0,22.803143518066406,19.75088941078186
27,56,213.1150665283203,0.0,20.472222509765626,16.819461112594606
27,57,236.8748779296875,0.0,22.547553900146486,19.066412925720215
27,58,208.70071411132812,0.0,20.20085248718262,17.241461520767213
27,59,153.72952270507812,0.0,15.586646676635743,13.840319121170044
27,60,234.24697875976562,0.0,22.264951161420363,15.012197457504273
27,61,180.99842834472656,0.0,17.873864752197267,15.572912340927124
27,62,191.73753356933594,0.0,18.798173922729493,15.735888901901244
27,63,253.93109130859375,0.0,23.904832525634767,19.397197565841676
27,64,228.2843017578125,0.004800000227987766,21.8501419344256,16.881031677627565
27,65,129.1553192138672,0.0,13.432873184204102,8.625460168361665
27,66,225.492919921875,0.0,21.58453901977539,13.10768474445343
27,67,242.73374938964844,0.0,22.97188415222168,17.09597630958557
27,68,219.1700439453125,0.0,21.073464236450196,16.043135262298584
27,69,245.31324768066406,0.0,23.199489810180665,17.992750161743164
27,70,258.52520751953125,0.0,24.271255627441406,18.193717036437988
27,71,222.78765869140625,0.0,21.382271527099608,15.26185789718628
27,72,230.33766174316406,0.0,22.008877896118165,14.35493166885376
27,73,200.40065002441406,0.0,19.49873412475586,15.088517748641967
27,74,184.93441772460938,0.0,18.24343338317871,14.067123251724244
27,75,197.62818908691406,0.0,19.289446829223632,11.347020878982544
27,76,100.28652954101562,0.0,10.80518332824707,7.822297016143799
27,77,221.6166229248047,0.0,21.29095263977051,14.42669619255066
27,78,157.2509765625,0.012799999676644802,15.811140431426436,11.110992610263825
27,79,112.36604309082031,0.0,11.931233502197266,12.196971136713028
27,80,138.0718231201172,0.0,14.207688272094726,13.800990776634217
27,81,146.80856323242188,0.0,14.968694903564453,13.868827820014953
27,82,210.0740203857422,0.0,20.338452239990236,21.314815003967286
27,83,174.49588012695312,0.0,17.37594763183594,17.702114487457276
27,84,233.33932495117188,0.0,22.216377954101564,18.1953707447052
27,85,269.2629089355469,0.0,25.135332568359374,20.705203698730468
27,86,231.1774139404297,0.0,22.05403828125,17.418165187072756
27,87,212.71690368652344,0.0,20.54476527404785,18.25038681907654
27,88,261.2393493652344,0.0,24.512743087768555,24.055199258422853
27,89,271.72918701171875,0.0,25.350024310302736,23.727401837158205
27,90,250.05271911621094,0.0,23.581370895385742,18.082555938339233
27,91,199.43014526367188,0.0,19.444304052734374,16.998413273239137
27,92,202.1697540283203,0.0,19.651424716186522,16.159728763580322
27,93,227.79800415039062,0.003599999938160181,21.786149014282227,18.177245700454712
27,94,289.0351257324219,0.0,26.69504496459961,17.491738309860228
27,95,245.75660705566406,0.0,23.293985476684572,17.886246141815185
27,96,271.2055969238281,0.0,25.2776604095459,18.712734976196288
27,97,303.22076416015625,0.0,27.805505392456055,19.663490103149414
27,98,280.2395324707031,0.0,25.98495,21.587000928497314
27,99,235.2481689453125,0.0,22.38567302246094,21.18013101158142
27,100,245.9628143310547,0.0,23.265520965576172,17.06542021713257
27,101,250.54055786132812,0.0,23.629397439575197,18.840508199310303
27,102,272.6839599609375,0.0,25.380446899414064,19.123140992355346
27,103,286.1726379394531,0.0,26.458387295532226,17.5994898065567
27,104,267.5611877441406,0.21119999885559082,24.591742643762807,24.041464224243164
28,4,265.1958312988281,0.0868000015616417,25.016880155587227,18.360614385986327
28,5,216.08982849121094,0.23880000412464142,20.975312470162915,18.019626516723633
28,6,252.4369354248047,0.22120000422000885,23.4710224702166,18.998883254241942
28,7,284.8023681640625,0.08560000360012054,26.541344107362733,18.756747094345094
28,9,271.6900634765625,0.10279999673366547,25.465865713925464,18.75706088256836
28,10,297.48907470703125,0.0,27.380820139860496,17.93707692260742
28,11,262.5503234863281,0.004000000189989805,24.57857320858882,16.38623883666992
28,12,231.69155883789062,0.0,22.13611555480957,17.682476128578188
28,13,284.33038330078125,0.057999998331069946,26.503758477669,21.32101759338379
28,14,305.052001953125,0.11720000207424164,27.281161586584993,22.6129076751709
28,15,247.182373046875,0.0,23.36900348510742,21.62481171913147
28,16,269.2195739746094,0.0,25.119822338867188,19.12105620918274
28,17,294.9661560058594,0.0015999999595806003,27.062937122859225,18.423146077919007
28,18,235.2828369140625,0.0,22.456703045654297,19.86973147087097
28,19,244.66314697265625,0.0,23.160777279663087,22.376028450012207
28,20,247.81809997558594,0.0,23.36806427307129,23.872203634262085
28,21,182.89590454101562,0.0,18.075024349975585,20.814637034225463
28,22,208.86441040039062,0.0,20.22103328857422,18.641056499290467
28,23,275.064453125,0.0,25.603465603637694,20.50862716255188
28,24,323.88873291015625,0.0,29.446925985717773,21.225673362731932
28,25,272.83984375,0.0,25.44739535522461,18.33706924095154
28,26,286.9666748046875,0.0,26.512970870971678,21.620852005767823
28,27,281.19195556640625,0.0,26.059613516235352,23.059011839294435
28,28,320.54638671875,0.0,29.174918188476564,26.25258425140381
28,29,285.940673828125,0.0,26.450761987304688,22.11248476676941
28,30,279.2514953613281,0.0,25.993536911010743,19.397071625518798
28,31,267.489501953125,0.0,24.998524835205078,15.43318562335968
28,32,261.4325256347656,0.0,24.49738664855957,17.391205230522157
28,33,307.7255859375,0.009999999776482582,28.151060516941367,24.464228535079958
28,34,270.88177490234375,0.0012000000569969416,25.22655203552246,26.123762506103514
28,35,290.7126159667969,0.009200000204145908,26.790173388671874,23.729186345291136
28,36,215.5296630859375,0.0,20.75509285583496,21.9137774684906
28,37,237.7527618408203,0.0,22.61244072570801,25.920866026306154
28,38,271.6080322265625,0.0,25.363332495117188,26.32147737121582
28,39,266.8465270996094,0.0,24.958567630004882,22.584353095245362
28,40,284.2113037109375,0.0,26.332267479567427,22.08651926689148
28,41,291.0536193847656,0.0,26.83029885559082,21.650900341415404
28,42,267.0804443359375,0.0,24.955561407470704,21.361538208389284
28,43,242.66908264160156,0.0,22.98633201599121,19.777107902526854
28,44,253.52426147460938,0.0,23.8997376953125,18.8852426902771
28,45,298.0489501953125,0.014399999752640724,27.39057737121582,21.87204250411987
28,46,301.9059143066406,0.0,27.734775828395243,21.966979010772704
28,47,321.49310302734375,0.0,29.237324157714845,24.815548613739015
28,48,245.36134338378906,0.0,23.22447714538574,21.15867147140503
28,49,268.6896057128906,0.0,25.120467141723633,21.904270211791992
28,50,290.7994384765625,0.0,26.86537882080078,23.09553177833557
28,51,263.07647705078125,0.0,24.67774905090332,21.281090757751464
28,52,249.48370361328125,0.0,23.549965036010743,18.04260696659088
28,53,248.45468139648438,0.0,23.490509545898437,19.488285288238526
28,54,213.4234619140625,0.017999999225139618,20.632420205688476,19.38776054534912
28,55,215.61767578125,0.0012000000569969416,20.731039895629884,20.71784986228943
28,56,268.6139831542969,0.0,25.068299044799804,19.206640716934203
28,57,251.6161346435547,0.0,23.766485684204103,18.118382958984373
28,58,231.59786987304688,0.02759999968111515,22.12271431274414,18.41149985084534
28,59,262.87554931640625,0.01119999960064888,24.639077160644533,17.992224056816102
28,60,257.78546142578125,0.0,24.1757070892334,17.689647161865235
28,61,206.29888916015625,0.0,20.062202609252928,15.391662766456603
28,62,232.66561889648438,0.0,22.18954414367676,15.310672387123107
28,63,246.9263916015625,0.0,23.3518694732666,16.44301497592926
28,64,215.20875549316406,0.0,20.747004495239256,16.704561806488037
28,65,164.9266815185547,0.0,16.53294179382324,15.230216400146485
28,66,256.6709899902344,0.0,24.118599771118163,19.713521712112428
28,67,262.0400085449219,0.0,24.54231369934082,21.153140316009523
28,68,262.1405944824219,0.0,24.53949136657715,18.761156274414063
28,69,149.1529083251953,0.0,15.208198037719727,15.870104392433166
28,70,239.11181640625,0.0,22.714059356689454,16.274370225143432
28,71,284.1536560058594,0.0,26.294084118652343,16.462243111801147
28,72,264.3125915527344,0.0,24.7486939453125,19.02081307144165
28,73,215.15274047851562,0.0,20.765327920532226,16.966319047164916
28,74,190.02565002441406,0.0,18.67246763000488,15.461409897232055
28,75,223.83627319335938,0.0,21.469821975708008,15.766987936019898
28,76,208.47010803222656,0.0,20.200272399902342,14.641074097824097
28,77,210.37646484375,0.0,20.34992088317871,15.674484308433533
28,78,166.14193725585938,0.0,16.66126350708008,13.638140752887725
28,79,225.62269592285156,0.0,21.622822430419923,16.377313774490357
28,80,203.0799560546875,0.0,19.74215344238281,15.9782149477005
28,81,131.11831665039062,0.0,13.589611071777345,10.966070016288757
28,82,131.49697875976562,0.0,13.640378692626953,9.255846572685241
28,83,137.54287719726562,0.0,14.133052349853516,16.232320083332063
28,84,236.2404327392578,0.0,22.454816015625,17.6431251209259
28,85,266.0422668457031,0.0,24.857523446655275,22.41640426483154
28,86,222.45323181152344,0.0,21.35812028503418,18.19585344810486
28,87,213.5108184814453,0.0,20.622051043701173,19.37256051750183
28,88,204.91802978515625,0.0,19.885361737060546,18.7409031917572
28,89,254.2358856201172,0.0,23.929951739501952,20.087178036499022
28,90,235.57766723632812,0.0,22.440344775390624,17.31996170501709
28,91,218.03004455566406,0.0,20.959546423339845,16.644292764282227
28,92,243.82833862304688,0.0,23.05726615905762,19.280105464935303
28,93,253.80816650390625,0.0,23.874536596679686,21.233100057220458
28,94,281.0795593261719,0.0,26.098000495861736,18.91371141319275
28,95,227.99868774414062,0.0,21.777901416015624,17.44249655647278
28,96,284.8055725097656,0.0,26.387142971801758,20.137121993255615
28,97,260.47015380859375,0.003599999938160181,24.43549242553711,18.04437822036743
28,98,251.5894012451172,0.0,23.76178511352539,15.9396187625885
28,99,229.8886260986328,0.0,21.944060968017578,16.69700001754761
28,100,224.3894805908203,0.0,21.515696893310547,12.584213705062867
28,101,253.7401123046875,0.0,23.899104373168946,16.45157643585205
28,102,250.72496032714844,0.0,23.640621585083007,18.675992170333863
28,103,254.9442901611328,0.0,23.903324165482065,20.282616843032837
28,104,273.7632141113281,0.01360000018030405,25.464829213284123,22.87730351791382
28,106,222.165771484375,0.15839999914169312,21.371796162197604,20.597075386047365
29,5,281.2748718261719,0.12720000743865967,26.02332675499424,19.597924171447755
29,6,223.13453674316406,0.20640000700950623,20.890755051346655,18.813761388778687
29,8,305.5635986328125,0.06639999896287918,27.472884704616757,21.385734218978882
29,9,224.16346740722656,0.04800000041723251,21.147302413387283,19.168851180267335
29,10,258.4789123535156,0.0,24.246544765298044,17.907180030441285
29,11,270.09783935546875,0.0,25.20022110595703,16.52948881416321
29,12,202.74632263183594,0.0,19.730174942016603,18.984279377174378
29,13,250.81838989257812,0.0,23.650234710693358,20.679911424255373
29,14,244.66815185546875,0.004399999976158142,23.136066720581056,19.166960384368895
29,15,289.6731262207031,0.0,26.75728764038086,27.671681065368652
29,16,250.01544189453125,0.0,23.39868118102292,18.72533913383484
29,17,258.9988708496094,0.0,24.334465032958985,20.386424554824828
29,18,312.9034729003906,0.0,28.5566000579834,27.017232527542113
29,19,262.1807556152344,0.0,24.573995196533204,22.20532081451416
29,20,263.1666564941406,0.0,24.652456744384764,23.862960010528564
29,21,260.5169982910156,0.0,24.443278805541993,24.051752787017822
29,22,261.4869079589844,0.0,24.50245105895996,22.185883246994017
29,23,275.6855163574219,0.0,25.70396061401367,21.89169558944702
29,24,245.23318481445312,0.0,23.29500566101074,17.914103922271728
29,25,283.0773620605469,0.0012000000569969416,26.330457319991353,22.592620905303956
29,26,209.0815887451172,0.0,20.23207017211914,19.208679905700684
29,27,239.30201721191406,0.0020000000949949026,22.8011117268384,17.05041265449524
29,28,279.8900146484375,0.0031999999191612005,25.99098537853896,22.128589558410646
29,29,255.60324096679688,0.0,24.072002124023438,24.33379867210388
29,30,294.9458923339844,0.0,27.11918491821289,25.98759326324463
29,31,263.3086853027344,0.0,24.656993185424806,22.25266636390686
29,32,183.4992218017578,0.0,18.112851327514647,15.133739155578613
29,33,223.6985321044922,0.0,21.41780392456055,19.88561714553833
29,34,286.643798828125,0.004000000189989805,26.50437516784668,24.91536197433472
29,35,267.64031982421875,0.0,24.969407092285156,20.57080041885376
29,36,242.93028259277344,0.0,23.009768984985353,21.47868588066101
29,37,310.7048034667969,0.0,28.406556170654298,22.14660849304199
29,38,255.16085815429688,0.0,24.007479888916016,20.19013943901062
29,39,263.360107421875,0.0,24.657829122924806,21.203985772705078
29,40,271.5173034667969,0.0,25.26611946225887,19.94851465911865
29,41,226.5058135986328,0.0,21.678895538330078,19.779060315704346
29,42,310.11444091796875,0.0,28.355778817749023,21.96692060928345
29,43,297.3766784667969,0.0,27.38698157043457,21.57002286720276
29,44,268.07391357421875,0.0,25.043576699829103,18.97478306121826
29,45,262.72894287109375,0.0012000000569969416,24.59403617553711,22.00963689651489
29,46,316.3389892578125,0.0,28.863004913330077,24.221150315856935
29,47,251.76235961914062,0.0,23.722121615600585,22.15971123466492
29,48,279.5558776855469,0.0,25.96692861328125,22.264829446411134
29,49,289.4302062988281,0.0,26.735017858886717,24.56129533843994
29,50,248.82550048828125,0.0,23.47609278869629,20.106426050567627
29,51,281.1736755371094,0.0,26.064475534057618,22.19158621444702
29,52,226.29464721679688,0.0,21.65736307067871,17.996224040222167
29,53,268.60296630859375,0.0,25.09766659851074,19.33188218078613
29,54,233.10983276367188,0.0,22.229956494140627,18.23424387397766
29,55,282.2253112792969,0.0,26.14871540222168,18.906282276153565
29,56,298.1886901855469,0.0,27.415279650878905,24.69722303390503
29,57,258.5374450683594,0.0,24.300266625976562,19.000142864227296
29,58,268.5777282714844,0.031599998474121094,25.10205243861747,21.43366356124878
29,59,271.7806701660156,0.00279999990016222,25.380305960083007,21.12028313674927
29,60,261.5751037597656,0.0,24.516783389282228,16.861309827423096
29,61,229.22796630859375,0.0,21.89360426635742,13.922572501182556
29,62,230.0282440185547,0.0,21.959269052124025,10.75996320476532
29,63,224.8980255126953,0.0,21.55477790222168,14.313657550048829
29,64,226.8950653076172,0.0,21.707746435546873,14.755441013717652
29,65,258.0981140136719,0.0,24.219497003173828,15.149124752998352
29,66,230.43080139160156,0.0,21.990535833740235,15.066222381973267
29,67,251.06773376464844,0.0,23.67106499938965,20.24329455795288
29,68,242.01690673828125,0.0,22.95891600825657,26.469831057357787
29,69,213.1334228515625,0.0,20.62554656982422,17.698488231277466
29,70,236.27755737304688,0.0,22.443133767700196,16.847431103897094
29,71,270.2813720703125,0.0,25.19716348876953,14.613019100570678
29,72,262.90228271484375,0.0,24.66963543395996,18.31545584831238
29,73,249.7501983642578,0.0,23.585528134155272,19.5371077999115
29,74,182.2003936767578,0.0,18.012500225830077,15.99601400642395
29,75,201.6199951171875,0.0,19.62819362487793,18.86371948661804
29,76,220.92478942871094,0.0,21.23811485900879,19.16491633529663
29,77,210.66989135742188,0.0,20.402846603393556,20.238881156921387
29,78,151.50262451171875,0.0,15.39373659362793,14.202344600486756
29,79,179.87884521484375,0.0,17.801157348632813,15.153254222106934
29,80,181.2428741455078,0.0,17.94341918029785,14.766543117141724
29,81,199.2823486328125,0.0,19.450256420898437,11.879272417259216
29,82,99.0774154663086,0.0,10.693073739624024,9.889266689014434
29,83,186.47093200683594,0.0,18.32763358154297,15.840436457061768
29,84,211.90475463867188,0.0,20.492846914672853,17.146687620162965
29,85,217.12066650390625,0.0,20.878272280883788,17.365872776031495
29,86,217.9360809326172,0.0,20.97031488342285,14.92145827293396
29,87,209.61146545410156,0.0,20.346561486816405,19.989704404640197
29,88,201.34002685546875,0.0,19.62075158081055,17.843085465621947
29,89,230.1360321044922,0.0,21.96453892211914,17.109503700637816
29,90,177.73544311523438,0.0,17.664822888183593,16.068771655273437
29,91,209.87791442871094,0.0,20.28831711730957,16.67729748954773
29,92,262.04534912109375,0.0,24.561793145751952,17.420535624694825
29,93,254.57383728027344,0.0,23.966548666381836,20.08141846065521
29,94,259.8179931640625,0.0,24.385757742309572,15.738070211029052
29,95,248.13516235351562,0.0,23.450353622436523,15.099922816848755
29,96,218.00656127929688,0.0,20.974184008789063,16.463528624343873
29,97,347.5433654785156,0.020400000736117363,31.24841891784668,21.652649744796754
29,98,248.74395751953125,0.0,23.479325674438478,15.19274722480774
29,99,223.17005920410156,0.0,21.411135278320312,19.435905944824217
29,100,206.03115844726562,0.0,19.97936279296875,13.113637398338318
29,101,225.73245239257812,0.0,21.649233709716796,16.055579543495178
29,102,252.6011962890625,0.0,23.784080349731447,19.00400680503845
29,103,254.1642608642578,0.0,23.935653689575194,18.15069280014038
29,104,229.3090362548828,0.0031999999191612005,21.900746267700196,17.20235421714783
29,105,236.46632385253906,0.009600000455975533,22.395866752215625,16.505400284576417
29,106,243.76808166503906,0.00800000037997961,23.12921528636501,19.573347646713255
30,8,258.5052185058594,0.2451999932527542,23.725873872247664,20.36882807998657
30,9,260.0306091308594,0.013199999928474426,24.59068077659994,19.325644966125488
30,10,255.52906799316406,0.0,24.040928448486326,17.749621656799317
30,11,299.676513671875,0.0,27.511752978515624,18.068622109985352
30,12,292.5721130371094,0.0,26.976260882568358,17.038211395263673
30,13,261.3960876464844,0.0,24.50457943725586,18.607430784988402
30,14,284.6914978027344,0.06639999896287918,26.42263927023659,20.008282754516603
30,15,279.9603271484375,0.0,25.993612643432616,24.340761726760864
30,16,233.05210876464844,0.0,22.20054834289551,19.763021509933473
30,17,266.82867431640625,0.0,24.904441909790037,22.503153100204468
30,18,289.817626953125,0.0,26.784225985717775,22.73545319366455
30,19,296.92138671875,0.0,27.33707456665039,18.068849069976807
30,20,280.06298828125,0.0,25.92783153076172,19.980048667907713
30,21,283.2493591308594,0.0,26.218571160888672,21.48844140701294
30,22,303.03729248046875,0.015200000256299973,27.866854176937956,26.304631843948364
30,23,292.52789306640625,0.07639999687671661,26.854364210759403,24.87161690597534
30,24,314.3976745605469,0.0,28.67643087801793,23.95333042831421
30,25,283.032470703125,0.0,26.294308715820314,24.355811208343507
30,26,291.63702392578125,0.0,26.90308769226074,19.56287527809143
30,27,247.30104064941406,0.0,23.401786123657228,19.72080566749573
30,28,272.93975830078125,0.0,25.420175408935545,23.539026873779296
30,29,339.11541748046875,0.0,30.637875283482565,24.07785706062317
30,30,321.40899658203125,0.0,29.227990289743826,24.38478341598511
30,31,295.4744873046875,0.0,27.209215710449218,21.052782328796386
30,32,307.7320861816406,0.0,28.148829873657228,23.621106158447265
30,33,235.66998291015625,0.0,22.452395825195314,24.114958569335936
30,34,250.67332458496094,0.0,23.615322314453124,21.263817585754396
30,35,299.8119812011719,0.0,27.522165815864675,22.172062422943114
30,36,277.35052490234375,0.0,25.777702572631835,19.074365544509888
30,37,335.2430419921875,0.0,30.258128179931642,20.04289636192322
30,38,225.39686584472656,0.0,21.576482192993165,15.319539427566529
30,39,170.57984924316406,0.0,17.011099923706055,22.00070262527466
30,40,220.326904296875,0.0,21.173002407836915,16.067829634094238
30,41,264.9349670410156,0.0,24.799303091430666,19.94706615447998
30,42,283.0690612792969,0.0,26.246573638916015,20.720634267425538
30,43,303.01116943359375,0.00039999998989515007,27.849560955810546,19.633857020187378
30,44,194.60873413085938,0.06520000100135803,19.043974799671393,20.000154835128786
30,45,286.9761657714844,0.031599998474121094,26.456439652359954,26.2257381980896
30,46,265.408203125,0.01679999940097332,24.771746656971594,16.102447338390352
30,47,288.98590087890625,0.0,26.684430209350587,20.181661447906492
30,48,269.98321533203125,0.0,25.208038369750977,20.36511156311035
30,49,290.7161560058594,0.0,26.828838888549804,25.970174980926515
30,50,250.617431640625,0.0,23.64546262512207,20.151672156906127
30,51,287.2037048339844,0.0,26.529756030273436,19.319761866760253
30,52,242.14935302734375,0.0,22.947983306884765,18.146571267318727
30,53,292.00518798828125,0.0,26.914256185913086,18.730426572799683
30,54,262.686767578125,0.0,24.63072226867676,17.91153061904907
30,55,272.9414367675781,0.0,25.427740246582033,17.033778520202638
30,56,285.9073791503906,0.0,26.461971936035155,19.297379467391966
30,57,284.761962890625,0.0,26.357104898071288,19.519059894561767
30,58,307.9675598144531,0.009200000204145908,28.170567868041992,18.49194742202759
30,59,279.5392150878906,0.0,25.975070303344726,17.23539376296997
30,60,286.69842529296875,0.0,26.521282147216798,18.48859503364563
30,61,244.69049072265625,0.0,23.160158880615235,15.042409011745454
30,62,298.7688903808594,0.0,27.466432830810547,17.873668503952025
30,63,231.99893188476562,0.0,22.132349560546874,18.614974557113648
30,64,255.1143035888672,0.0,23.994245245361327,17.475512855529786
30,65,308.4615478515625,0.0,28.228996841430664,18.08849368286133
30,66,293.4554138183594,0.0,27.05748744506836,18.848510612869262
30,67,267.6238708496094,0.0,25.003959588623047,21.508734446716307
30,68,230.01805114746094,0.0,21.9634441986084,20.999608320236206
30,69,215.60604858398438,0.0,20.78039739074707,14.962330867385864
30,70,154.1324920654297,0.0,15.61148620300293,14.955114781188964
30,71,243.7168731689453,0.0,23.07362636413574,15.21621958656311
30,72,205.0307159423828,0.0,19.900688955688477,16.195769438934327
30,73,226.8085174560547,0.0,21.70089588623047,17.225920639038087
30,74,217.91432189941406,0.006800000090152025,20.982224880981445,17.931189794540405
30,75,236.3287353515625,0.0,22.480439245605467,18.512740479278566
30,76,217.7457733154297,0.0,20.959204235839845,15.656972409820556
30,77,212.19232177734375,0.0,20.511317880249024,16.401305612564087
30,78,225.2040557861328,0.0,21.583680892944336,17.057297453212737
30,79,148.17962646484375,0.0,15.048956491088868,14.663776963996888
30,80,173.50439453125,0.0,17.248240393066407,15.008742921066284
30,81,170.17727661132812,0.0,16.97653449996856,12.595380149364471
30,82,183.98707580566406,0.0,18.15468626720708,15.749172039604186
30,83,177.73085021972656,0.0,17.68268910217285,16.78663995552063
30,84,260.9167175292969,0.0,24.48093649902344,18.74242847747803
30,85,217.0626678466797,0.0,20.902545455932618,18.073133049392702
30,86,220.34640502929688,0.0,21.178576065063478,17.106676198387145
30,87,173.80654907226562,0.0,17.341852731323243,12.47301388015747
30,88,226.89892578125,0.0,21.70604270019531,16.481728455924987
30,89,183.31500244140625,0.0,18.0935106048584,14.414466800308228
30,90,154.7371063232422,0.0,15.65663703918457,13.088457734680176
30,91,159.76939392089844,0.0,16.14210759277344,10.13250775871277
30,92,237.1917724609375,0.0,22.58577732543945,17.175222863960265
30,93,254.5518341064453,0.0,23.939547689819335,15.776498661613465
30,94,212.72447204589844,0.0,20.54270584411621,15.57860001182556
30,95,279.90185546875,0.0,25.971718481704205,14.256553668022155
30,96,261.0402526855469,0.0,24.46375687866211,16.49114055404663
30,97,262.8495178222656,0.0,24.617390740966798,16.02619307498932
30,98,279.0416564941406,0.00039999998989515007,25.891875033569335,17.96263408527374
30,99,259.156982421875,0.0,24.338854067993164,15.594207305526734
30,100,192.5142822265625,0.0,18.853918170166015,12.156985059928894
30,101,273.6435241699219,0.0,25.477401950073244,19.22285627784729
30,102,241.52659606933594,0.0,22.912679776000978,13.984209760284424
30,103,237.37265014648438,0.0,22.617183654785155,16.321886630249022
30,104,231.87576293945312,0.0,22.114838345336914,17.500046333694456
30,105,220.17800903320312,0.0,21.170071752929687,17.35357042579651
30,106,238.84873962402344,0.0,22.64697956542969,20.359112114715575
31,10,286.9410400390625,0.014000000432133675,26.51870023358627,18.600849286651613
31,11,264.6169738769531,0.0,24.78302696838379,18.568768296051026
31,12,315.8311462402344,0.06759999692440033,28.865897311181136,22.04960732650757
31,13,218.5324249267578,0.0,21.04329773864746,25.021889388275145
31,14,247.5425262451172,0.0,23.387823831176757,21.411640689468385
31,15,278.4223937988281,0.00039999998989515007,25.89004720582966,23.896161891174316
31,16,300.9681091308594,0.0,27.622057261014756,21.589381035995483
31,17,249.1368408203125,0.0,23.497605560302734,20.86703964385986
31,18,296.5570068359375,0.0,27.272413467407226,26.21952198562622
31,19,310.80963134765625,0.0,28.375711551887957,24.262046097564696
31,20,271.1609191894531,0.0,25.31032956237793,22.675290436172485
31,21,248.64370727539062,0.0,23.456951586914062,21.08698699836731
31,22,253.53622436523438,0.0,23.8595561920166,22.529764041519165
31,23,289.3076477050781,0.01600000075995922,26.707931708371085,20.777874757385256
31,24,281.1472473144531,0.0,26.06335442504883,19.531928367233277
31,25,234.55072021484375,0.0,22.344474942016603,20.540161111450196
31,26,313.297607421875,0.0,28.598815316772463,23.80818972930908
31,27,355.5354309082031,0.0,31.908140158081054,24.134914100265505
31,28,272.3620300292969,0.0,25.40791943054199,30.466222621154785
31,29,265.3808288574219,0.0,24.819061181640624,24.141996488189697
31,30,260.82342529296875,0.0,24.49170216674805,21.80226403503418
31,31,226.48663330078125,0.0,21.66669289855957,21.254745068740846
31,32,260.034912109375,0.0,24.444374594116212,23.686672880554198
31,33,275.0342102050781,0.0,25.569345767211914,25.2433868183136
31,34,257.5981140136719,0.0,24.169411791992186,26.94617151489258
31,35,262.8117370605469,0.0,24.61766890258789,24.943406065368652
31,36,306.8743591308594,0.0,28.07416018676758,21.88064867897034
31,37,297.6199645996094,0.0,27.3714359954834,18.896369662857055
31,38,155.3172607421875,0.0,15.710045083618164,18.88480046463013
31,39,224.37005615234375,0.0,21.517580618286132,21.57183517074585
31,40,347.2143859863281,0.0,31.2253493560791,22.03765426979065
31,41,268.1891174316406,0.0,25.078289830550286,22.238170348358153
31,42,245.2795867919922,0.0,23.20239826965332,19.350656454086305
31,43,279.8287048339844,0.0007999999797903001,26.00679672560381,19.7552076713562
31,44,228.33181762695312,0.0,21.813334881591796,17.706643545150758
31,45,310.3873291015625,0.04039999842643738,28.28293607152077,23.09741866798401
31,46,270.68560791015625,0.0020000000949949026,25.232289405132505,14.164201849746703
31,47,286.80255126953125,0.0,26.477100331066225,15.973093513774872
31,48,288.96771240234375,0.0,26.728845602416992,19.466350592041017
31,49,259.26666259765625,0.0,24.43847590942383,19.881570706939698
31,50,281.24658203125,0.0,25.992155303831424,21.9228467048645
31,51,231.66876220703125,0.0,22.097052908325196,20.031638607025148
31,52,214.2705078125,0.0,20.66583272705078,17.796830501937865
31,53,234.20059204101562,0.0,22.310035137939455,18.48597126579285
31,54,232.79196166992188,0.0,22.193515966796873,17.71055148048401
31,55,271.5621337890625,0.0,25.301119158935546,18.566481699752806
31,56,297.3334655761719,0.0,27.371346017456055,21.059536907958986
31,57,320.7503967285156,0.0,29.182666827392577,19.363729719924926
31,58,276.31304931640625,0.0,25.708137228393554,17.84389462661743
31,59,283.04388427734375,0.0,26.253452087402344,20.190262502288817
31,60,283.82843017578125,0.0,26.29692766418457,18.7055146774292
31,61,285.3154602050781,0.0,26.394944873046875,18.612580130004883
31,62,273.3023986816406,0.0,25.472149935913087,18.049604024505616
31,63,241.00390625,0.0,22.846435986328125,18.16476508026123
31,64,287.0964050292969,0.0,26.574866915893555,20.59325513458252
31,65,274.8597717285156,0.0,25.58289836425781,20.702057051849366
31,66,314.006591796875,0.0,28.647516860961915,23.905654146957396
31,67,269.8664245605469,0.0,25.16855414428711,24.285819469070436
31,68,241.66262817382812,0.0,22.91168262939453,20.55912217063904
31,69,246.67713928222656,0.0,23.3291947265625,18.97555530052185
31,70,226.40115356445312,0.0,21.667228155517577,17.178148161315917
31,71,233.95848083496094,0.0,22.294329498291017,18.145807752609254
31,72,175.29217529296875,0.0,17.548515809643128,13.587307590484619
31,73,134.27947998046875,0.014399999752640724,13.89254701538086,14.256772193145752
31,74,161.29217529296875,0.0031999999191612005,16.195218872070313,15.048673617172241
31,75,175.38156127929688,0.0,17.429443771362305,16.326345904922487
31,76,179.91400146484375,0.0,17.78229450683594,15.583528340530396
31,77,195.6241455078125,0.0,19.128029257202147,22.01687928390503
31,78,213.6287841796875,0.0,20.64159443359375,18.424197863578797
31,79,236.1606903076172,0.0,22.47881969909668,18.343809076690675
31,80,190.09786987304688,0.015200000256299973,18.666019256591795,15.369269576072693
31,81,175.7584228515625,0.006000000052154064,17.426334909057616,14.979722266578674
31,82,199.967529296875,0.0,19.479814547729493,17.453624058914183
31,83,216.07470703125,0.0,20.786855517578125,18.09588902015686
31,84,219.8958740234375,0.0,21.18173849182129,16.452902682685853
31,85,271.72998046875,0.0,25.326684326171875,19.606352319717406
31,86,212.4999542236328,0.0,20.5146199798584,18.189748986053466
31,87,187.89144897460938,0.0,18.50535982055664,15.617303524780274
31,88,209.4362335205078,0.0,20.28346819152832,13.003682816505432
31,89,223.32684326171875,0.0,21.421865765380858,15.176075755119324
31,90,197.09254455566406,0.0,19.261425674438478,14.315331101226807
31,91,208.1738739013672,0.0,20.196657803344728,14.562700890731811
31,92,242.43678283691406,0.0,22.985424160766602,18.18377805404663
31,93,282.9192810058594,0.0,26.24209249267578,18.778923892593383
31,94,257.0457458496094,0.0,24.1566698638916,17.098907757949828
31,95,222.55665588378906,0.0,21.3917465637207,13.653866548347473
31,96,231.9119873046875,0.0,22.115462286376953,15.439606295204163
31,97,238.50230407714844,0.0,22.70676018964586,15.686672521018982
31,98,246.7489013671875,0.0,23.373052212524414,16.6078558095932
31,99,183.7843780517578,0.0,18.15539179382324,11.030444034385681
31,100,216.2900390625,0.0,20.884451223754883,12.269911844825744
31,101,207.03179931640625,0.0,20.074199899291994,15.258681214523316
31,102,268.2652587890625,0.0,25.073276495361327,17.871057788467407
31,103,241.52040100097656,0.0,22.91357505493164,16.71975500984192
31,104,240.45164489746094,0.0,22.74741639404297,16.506476767349245
31,105,237.01193237304688,0.0,22.538391342163084,17.0930517288208
31,106,317.74151611328125,0.07680000364780426,28.78656778593093,23.587611578369142
31,107,289.8036193847656,0.05000000074505806,28.38033185632294,21.156059231185914
31,109,279.0581359863281,0.1151999980211258,26.199447733125545,16.533371691322326
32,10,309.9444885253906,0.07039999961853027,28.325793383346955,22.207752063751222
32,11,278.7218322753906,0.0,25.849622732543946,22.89139211578369
32,12,296.7829895019531,0.0,27.233601361083984,26.896576792907716
32,13,250.65345764160156,0.0,23.66853079223633,19.187068468093873
32,14,313.5194091796875,0.08479999750852585,27.994883126965547,25.398483762359618
32,15,316.89935302734375,0.10159999877214432,28.68995266526699,25.188123239898683
32,16,248.3958740234375,0.02879999950528145,23.3773605224455,21.192437877655028
32,17,278.3022766113281,0.003599999938160181,25.9468035736084,21.608041941833495
32,18,273.06512451171875,0.0,25.46750456542969,24.620048986053465
32,19,308.8362121582031,0.0,28.28725762634277,25.815069521331786
32,20,236.1573486328125,0.0,22.452040936279296,20.82997067184448
32,21,273.1682434082031,0.0,25.449550692749025,23.301164170837403
32,22,311.4422302246094,0.0,28.49855940551758,25.981727216339113
32,23,300.9393615722656,0.014800000004470348,27.680097930908204,21.188597140502928
32,24,340.93084716796875,0.0,30.738852090454102,26.778333993530275
32,25,305.03338623046875,0.0,27.961827212524415,24.12565925216675
32,26,284.1251525878906,0.0,26.34935758970335,20.949117448043822
32,27,278.41265869140625,0.0,25.859339306640624,26.19916177749634
32,28,283.7438659667969,0.0,26.29900630187988,22.37893348312378
32,29,262.52996826171875,0.0,24.558834158325194,22.24829535293579
32,30,276.1531982421875,0.0012000000569969416,25.660028786069457,25.266595710754395
32,31,314.37481689453125,0.023600000888109207,28.648211216984585,26.587442665863037
32,32,288.95294189453125,0.0,26.695350622558593,29.902613136291503
32,33,303.75885009765625,0.00039999998989515007,27.89175528655346,23.82176598968506
32,34,218.4125518798828,0.00039999998989515007,21.076069426632312,19.021685012817382
32,35,315.0389099121094,0.0,28.826366720581056,24.026179150390625
32,36,285.6209411621094,0.0,26.440062664794922,23.846735131072997
32,37,283.04766845703125,0.0,26.21919136352539,19.08866323776245
32,38,284.461669921875,0.0,26.338884106445313,21.181040714263915
32,39,279.1392822265625,0.0,25.912463943481445,24.011376029586792
32,40,314.4082946777344,0.0,28.677719122314453,26.44751409225464
32,41,309.36383056640625,0.0,28.27642153090148,28.094990612030028
32,42,309.6215515136719,0.00839999970048666,28.331141525618964,22.87211915817261
32,43,275.20245361328125,0.00279999990016222,25.502161484789355,20.643508587646483
32,44,276.37347412109375,0.0,25.66666340942383,20.824262153625487
32,45,292.2532043457031,0.03359999880194664,27.019878448682267,21.143781449127196
32,46,254.1466522216797,0.0,23.971032388305662,17.26283123283386
32,47,258.6654968261719,0.006000000052154064,24.269105146177488,16.92351794242859
32,48,289.6296691894531,0.0,26.758922973632814,18.320169522476196
32,49,270.1235046386719,0.012400000356137753,25.204345942406373,20.489471963500975
32,50,271.2209777832031,0.0,25.23863369445801,20.701930723571778
32,51,288.069091796875,0.0,26.66601849975586,18.569503135681153
32,52,225.78445434570312,0.0,21.635096115112304,19.63120620880127
32,53,279.43035888671875,0.0,25.92554326171875,19.868647047805787
32,54,289.1825256347656,0.0,26.67602190246582,19.51720519142151
32,55,267.27716064453125,0.0,25.041735913085937,18.992093619537354
32,56,252.22531127929688,0.0,23.765657418823242,25.41923441925049
32,57,339.1817321777344,0.0,30.57532766418457,22.091530488586425
32,58,302.4320373535156,0.0,27.759206970214844,18.300351058197023
32,59,327.201416015625,0.0,29.612046206094384,21.441008460998535
32,60,279.3451232910156,0.0,25.915623483276367,20.07475283279419
32,61,261.0631103515625,0.0,24.461628884887695,18.922838330841063
32,62,275.5702819824219,0.0,25.620166036987303,18.779444411849976
32,63,273.22235107421875,0.0,25.439928704833985,18.84736771774292
32,64,248.82278442382812,0.0,23.51943865661621,18.933214367294312
32,65,222.51144409179688,0.0,21.349019470214845,15.977482371711732
32,66,263.6697692871094,0.0,24.6524600982666,16.36922286491394
32,67,224.33717346191406,0.0,21.50250578613281,17.421373753738404
32,68,199.39794921875,0.0,19.441985952758788,16.884580702209472
32,69,191.85191345214844,0.0,18.82562619934082,18.590172133255006
32,70,206.7178497314453,0.0,20.069780419921877,21.732399585723876
32,71,216.55055236816406,0.0,20.859324740600584,19.108871340942382
32,72,162.3693389892578,0.0,16.315535430908202,12.299580651378632
32,73,164.26754760742188,0.0,16.44952155456543,14.895098471450806
32,74,224.12400817871094,0.0,21.489705770874025,17.326136349105834
32,75,162.74465942382812,0.0,16.365818814086914,18.384234725952147
32,76,222.8736114501953,0.0,21.384472494506834,17.928787506103514
32,77,186.31393432617188,0.0,18.34475462036133,22.100245096206667
32,78,184.76046752929688,0.0,18.222381042480468,19.967468621444702
32,79,214.4516143798828,0.0,20.70698638000488,21.08516054458618
32,80,238.1262664794922,0.013199999928474426,22.5267635345459,19.768080596542358
32,81,165.63858032226562,0.01640000008046627,16.692970144607063,15.648046827220917
32,82,145.66339111328125,0.0,14.899303704833985,16.13692366838455
32,83,201.717041015625,0.0,19.617970874023438,18.64664344558716
32,84,220.51510620117188,0.0,21.237196771240235,17.39144377746582
32,85,218.3614959716797,0.0,21.003516763305665,15.213462851715088
32,86,240.24636840820312,0.0,22.809942498779296,16.138676050186156
32,87,165.95518493652344,0.0,16.642686599731444,14.941800451660157
32,88,177.48500061035156,0.0,17.611462585449217,13.525117371749879
32,89,196.3834228515625,0.0,19.205069079589844,16.454696412277222
32,90,199.75039672851562,0.0,19.47953528137207,14.469892566680908
32,91,181.53184509277344,0.0,17.935933123779296,14.203793914031982
32,92,198.40333557128906,0.0,19.359951303100587,15.245995501327515
32,93,208.11766052246094,0.0,20.143984317016603,16.981699639129637
32,94,219.79498291015625,0.0,21.1348365234375,16.987631244277953
32,95,269.70233154296875,0.0,25.225561169433593,16.028855582046507
32,96,265.3785095214844,0.0,24.795389044189452,15.998018770599366
32,97,185.81427001953125,0.0,18.335288055419923,16.79310602340698
32,98,146.92994689941406,0.0,14.94866560974121,12.20101402015686
32,99,237.47531127929688,0.0,22.590020681762695,14.333084214401245
32,100,246.16293334960938,0.0,23.264369931030274,16.16254306488037
32,101,331.1054382324219,0.0,29.96534951477051,19.30770722732544
32,102,292.3436584472656,0.05959999933838844,26.834425683439967,18.459920280075075
32,103,302.9418029785156,0.0,27.688219946328296,19.092132990264894
32,104,276.3553771972656,0.0,25.68992661743164,17.67249645347595
32,105,256.31732177734375,0.0,24.160472654638028,17.572582290649414
32,106,274.8670959472656,0.07079999893903732,25.42532125202795,22.133569233703614
32,107,258.28753662109375,0.0,24.220271969604493,20.449059400177003
32,108,279.2720642089844,0.09319999814033508,25.835012184505093,19.404472452545168
32,109,235.928955078125,0.01119999960064888,22.543903088492485,20.584867597198485
33,9,330.94146728515625,0.18440000712871552,29.787268729545765,21.916224926757813
33,10,323.4239501953125,0.020800000056624413,29.407044174194336,19.482235341262818
33,11,252.32272338867188,0.0,23.69560395331811,20.534189556121827
33,12,211.93893432617188,0.004800000227987766,20.51496805419922,19.737247288131712
33,13,248.98890686035156,0.04479999840259552,23.587566189575195,17.55411597633362
33,14,300.39117431640625,0.0,27.597323699951172,21.787322439575195
33,15,300.1241455078125,0.0,27.54867194519043,23.594485417175292
33,16,229.58935546875,0.0,21.922219186401367,22.69634705352783
33,17,292.1811828613281,0.00039999998989515007,26.97947085571289,19.696857864379883
33,18,282.3985290527344,0.0,26.23493392072054,25.197732107162476
33,19,257.4063720703125,0.0,24.170496432495117,24.21720009689331
33,20,278.35198974609375,0.0,25.903014868164064,23.2887675075531
33,21,263.1885070800781,0.0,24.658329818725587,27.460270468521117
33,22,223.77120971679688,0.0,21.428591506958007,25.788918699645997
33,23,293.8120422363281,0.0,27.055306787109377,24.422282211685182
33,24,267.489501953125,0.0,24.977778033447265,24.486884774780272
33,25,307.2272644042969,0.0,28.097860739135744,32.388458432769774
33,26,275.63323974609375,0.0,25.705002944185804,25.739084700775148
33,27,300.9095153808594,0.0,27.628430386352537,27.41604298095703
33,28,262.32867431640625,0.0,24.58646005859375,21.009821062850953
33,29,240.2335205078125,0.0,22.789140359497072,21.00811384124756
33,30,264.3532409667969,0.0,24.764526971435547,17.95219334087372
33,31,239.38011169433594,0.0,22.734043325805665,17.373507361793518
33,32,303.8780517578125,0.0,27.876173016357424,27.248165227508544
33,33,327.5834045410156,0.0,29.679563638305662,26.779405963897705
33,34,274.05023193359375,0.0,25.523031350708006,22.004544326782227
33,35,329.5987243652344,0.0,29.86083624267578,23.940802686691285
33,36,246.9420166015625,0.0007999999797903001,23.41684590870933,25.530645656204225
33,37,339.8457946777344,0.014800000004470348,30.67858095397949,30.759818376922606
33,38,359.6820068359375,0.0,32.14336526794433,29.416984526062013
33,39,289.656982421875,0.0,26.77626150817871,21.73792179145813
33,40,314.49517822265625,0.0,28.69250424194336,21.873931856536867
33,41,297.8927001953125,0.0,27.420294543457032,22.75691291427612
33,42,311.77239990234375,0.0,28.462200276228657,21.212740533447267
33,43,221.91709899902344,0.0,21.37296036573557,19.16531860694885
33,44,275.6208190917969,0.0,25.611028463745118,19.57804300956726
33,45,292.549072265625,0.0551999993622303,27.15401145603346,16.636551123428344
33,46,279.23089599609375,0.0,25.920444116210938,19.79024817237854
33,47,237.314453125,0.0,22.522773858642577,16.858349543762206
33,48,290.7931823730469,0.0,26.83053784484863,20.672043535995485
33,49,303.171875,0.0,27.779518032836915,19.584844845581056
33,50,289.8369445800781,0.0007999999797903001,26.752692414251875,24.870336277008057
33,51,291.57281494140625,0.0,26.890662091064453,21.303882640838623
33,52,267.73614501953125,0.0,24.99068934020996,18.95689679031372
33,53,238.0015106201172,0.0,22.618730637633686,16.44273946475983
33,54,247.66854858398438,0.0,23.46212578125,21.501593464660644
33,55,279.0104064941406,0.0,25.906004650878906,20.872579257202148
33,56,231.70167541503906,0.0,22.06845273132324,17.98051240196228
33,57,296.54901123046875,0.035999998450279236,27.246816244506835,17.22857294464111
33,58,293.3248596191406,0.0,27.02270866537533,18.422499627685546
33,59,310.2287292480469,0.018799999728798866,28.072029402610838,23.899744435882567
33,60,261.57763671875,0.0,24.558481506347658,19.655068737030028
33,61,270.2056579589844,0.0,25.214862374877928,18.71755658721924
33,62,283.7039794921875,0.0,26.24748369140625,19.749731343078615
33,63,277.7933044433594,0.0,25.771756607055664,18.784955062103272
33,64,184.64547729492188,0.0,18.202775048828126,14.011991647434234
33,65,213.24459838867188,0.0,20.573467837524415,10.262555628490448
33,66,243.9092559814453,0.006000000052154064,23.078480819702147,12.555141107940674
33,67,218.38294982910156,0.0,21.02323835144043,14.548420687484741
33,68,192.6661834716797,0.0,18.882172009277344,15.749980751419068
33,69,209.10079956054688,0.0,20.256280838012696,17.952186585617067
33,70,211.7858428955078,0.0,20.47080823059082,15.06210582408905
33,71,203.9315185546875,0.0,19.796727349853516,15.505445866394043
33,72,209.3132781982422,0.0,20.25513935852051,14.406559277915955
33,73,157.92147827148438,0.0,15.9318412109375,18.470228869247435
33,74,230.38584899902344,0.0,21.993549670410157,18.294882056427003
33,75,176.15733337402344,0.0,17.486457214355468,17.664592765808106
33,76,199.77952575683594,0.0,19.479771536254884,15.857840954208374
33,77,209.7292022705078,0.0,20.300697256469725,14.048059630012512
33,78,213.27972412109375,0.0,20.596577713012696,17.500419005584718
33,79,180.0990753173828,0.0,17.846369818115235,17.259284745788573
33,80,170.299072265625,0.0,17.02769230041504,17.97201336297989
33,81,185.63265991210938,0.0,18.301631857299803,19.079289178466798
33,82,173.07484436035156,0.021199999377131462,17.231741665171928,14.63404467792511
33,83,174.21481323242188,0.0,17.2832395111084,11.45726415643692
33,84,190.76144409179688,0.0,18.749606567382813,14.666818273639679
33,85,160.71273803710938,0.0,16.172191384887697,15.454467253112792
33,86,188.7451629638672,0.0,18.560465014648436,15.125714234542846
33,87,186.77792358398438,0.002400000113993883,18.35298282470703,16.781028548622132
33,88,166.58900451660156,0.0,16.67498930053711,16.154632690048217
33,89,229.38626098632812,0.0,21.924483624267577,17.02879449157715
33,90,194.62208557128906,0.0,19.050275784301757,18.302786413574218
33,91,217.53919982910156,0.0,20.931180532836915,16.092024462509155
33,92,173.4851531982422,0.0,17.250340658569336,13.37530420074463
33,93,259.5476379394531,0.0,24.266629641723632,18.85558222999573
33,94,231.0968475341797,0.0,22.032806588745117,15.465884562110901
33,95,227.1515350341797,0.0,21.74052631225586,15.243703071784973
33,96,269.70989990234375,0.0,25.194967657470702,15.24814171257019
33,97,240.7132110595703,0.0,22.836051290893554,12.723274343681336
33,98,173.66416931152344,0.0,17.30468909301758,10.328096701431274
33,99,222.41366577148438,0.0,21.33862018737793,14.337441823577882
33,100,246.27987670898438,0.0,23.279936285400392,15.54385664100647
33,101,259.043212890625,0.0,24.331660122680663,17.622246303939818
33,102,255.98313903808594,0.0,24.051434118652345,18.892765187072754
33,103,270.6406555175781,0.0,25.263687216186522,20.117089929199217
33,104,297.28558349609375,0.004000000189989805,27.32260119298656,22.139408633804322
33,105,241.14268493652344,0.004399999976158142,22.85052287272918,21.414620289230346
33,106,317.8701477050781,0.11599999666213989,28.35364201516765,23.267730490112303
33,107,268.3486022949219,0.01119999960064888,25.01108756219187,19.783557762908934
34,9,327.0940856933594,0.02239999920129776,29.875751449637217,19.093095062637328
34,10,313.7791748046875,0.05719999969005585,28.757791623736487,20.164980764770508
34,11,235.63792419433594,0.0284000001847744,22.486955044301247,17.488534021377564
34,12,287.2659912109375,0.0,26.573340435791014,19.366507472991945
34,13,318.4503173828125,0.007600000128149986,28.973328237915037,19.051095668792726
34,14,275.46368408203125,0.00039999998989515007,25.623503945922852,18.98336444129944
34,15,275.3386535644531,0.0,25.555770956420897,21.475259470939637
34,16,306.8808898925781,0.0,28.11609813232422,25.815653553390504
34,17,318.6339416503906,0.00559999980032444,29.024294745124813,26.470154426574705
34,18,308.4092712402344,0.0,28.23059853210449,16.97772917137146
34,19,252.46888732910156,0.0,23.79048518371582,19.184401897811888
34,20,310.11492919921875,0.0,28.354334283447265,27.34037735786438
34,21,263.5650329589844,0.0,24.674322729492186,25.40421669578552
34,22,261.2821044921875,0.012000000104308128,24.5024585357666,25.574157719421386
34,23,214.9464569091797,0.0,20.711471255493166,22.55521628303528
34,24,298.31549072265625,0.0,27.42215657348633,28.19614574508667
34,25,279.8901672363281,0.0,25.999978387451172,24.821129930877685
34,26,277.6944885253906,0.01600000075995922,25.74369825026933,19.269544912719727
34,27,298.8492126464844,0.0,27.470762606811522,26.08696991043091
34,28,266.2596130371094,0.0,24.8434043548584,21.778623530960083
34,29,240.30859375,0.0,22.80193205871582,20.39040463027954
34,30,288.3644714355469,0.0,26.625552770996094,23.62172413330078
34,31,272.2744445800781,0.00039999998989515007,25.019000996059493,21.72879018974304
34,32,237.35191345214844,0.0,22.59053452453613,25.15952623825073
34,33,273.67926025390625,0.0,25.412687097167968,22.537040787506104
34,34,263.8249206542969,0.0,24.725256509399415,24.44278245162964
34,35,304.7682800292969,0.0,27.944755532836915,21.426205364608766
34,36,240.5382080078125,0.00559999980032444,22.712497144611874,20.14989143409729
34,37,273.9451904296875,0.020400000736117363,25.465707403564455,20.447167364883423
34,38,278.59197998046875,0.0,25.906093002319334,21.108171697998046
34,39,274.52764892578125,0.0,25.530331008911133,16.297228513336183
34,40,260.2057800292969,0.0,24.36946101989746,17.298976642608643
34,41,305.73773193359375,0.0,28.017303515625,20.430722059631346
34,42,292.8503723144531,0.0,27.00094028015137,22.946310200500488
34,43,280.0851135253906,0.0,25.982013900756836,20.553070682525636
34,44,291.7641296386719,0.0,26.91462622680664,18.23293646736145
34,45,269.8722229003906,0.0,25.190816717529298,19.576274787902832
34,46,323.61004638671875,0.0,29.39097678833008,23.39366241188049
34,47,269.28851318359375,0.01080000028014183,25.128267435514246,20.474244874191285
34,48,286.9265441894531,0.040800001472234726,26.47476961705592,20.488066627693176
34,49,251.02435302734375,0.0,23.656917364501954,14.962119201087951
34,50,240.93360900878906,0.0,22.864659686279296,18.424362998771667
34,51,274.30352783203125,0.0007999999797903001,25.565928491210936,16.380322754287718
34,52,291.0091857910156,0.0,26.841970864868163,17.783332402801513
34,53,299.9087219238281,0.0,27.560240966796876,18.756535903930665
34,54,350.3348388671875,0.0,31.446586010742188,21.523427869796752
34,55,296.71630859375,0.0,27.338190045166016,18.916166984939576
34,56,249.9056854248047,0.0,23.5817626953125,15.87737677001953
34,57,298.9449157714844,0.0,27.494347186279295,18.491523415374758
34,58,234.50595092773438,0.0,22.363861633300782,17.719593033218384
34,59,281.6771545410156,0.018400000408291817,26.075461894034937,21.841790908813476
34,60,274.4838562011719,0.0031999999191612005,25.541116304286824,19.008839232444764
34,61,269.40521240234375,0.0,25.15759522705078,16.897823398971557
34,62,272.9528503417969,0.0,25.4266296295166,20.523514272880554
34,63,274.1243896484375,0.0,25.518874462890626,23.55201842880249
34,64,229.27223205566406,0.0,21.934072244262694,16.831067377853394
34,65,274.0423889160156,0.0,25.49205022277832,18.51208906173706
34,66,268.3630676269531,0.0,25.043675091552736,17.94115870780945
34,67,196.98663330078125,0.00039999998989515007,19.249290267944335,14.702028191375732
34,68,202.84957885742188,0.0,19.727528765869142,20.661098708724975
34,69,211.7257537841797,0.0,20.511486309814455,18.753503692245484
34,70,235.70445251464844,0.0,22.423010037231446,16.53552202453613
34,71,237.8928985595703,0.0,22.620769900512695,18.522257541656494
34,72,245.0418243408203,0.0,23.18434062194824,17.562604390335082
34,73,213.07595825195312,0.0,20.578556423950197,16.804001248931886
34,74,176.77474975585938,0.0,17.560411361694335,18.273736129379273
34,75,145.91639709472656,0.0,14.910421047973633,18.176600884246827
34,76,209.58680725097656,0.0,20.299754934692384,17.25833235092163
34,77,154.19454956054688,0.0,15.612538656616211,15.577340956497192
34,78,219.94190979003906,0.0,21.16687767944336,17.165608541679383
34,79,233.34454345703125,0.0,22.24032801513672,18.30815254611969
34,80,163.82508850097656,0.0,16.43125710144043,11.785056699848175
34,81,192.9933624267578,0.0,18.91765407104492,16.088127932548524
34,82,229.24180603027344,0.03999999910593033,21.917204988731065,16.262785676383974
34,83,211.94451904296875,0.0,20.48953504638672,16.42044499912262
34,84,200.2626190185547,0.0,19.549693548583985,14.024236318540574
34,85,220.70579528808594,0.0,21.25714323730469,18.727462381744385
34,86,197.29010009765625,0.0,19.27787028808594,19.44420285644531
34,87,208.6383819580078,0.0,20.24211257324219,15.632004440307616
34,88,170.0747528076172,0.0,16.98783261413574,13.712823983573914
34,89,177.55853271484375,0.0,17.60823702392578,15.856925915145874
34,90,196.71658325195312,0.0,19.192923904418944,14.30609787311554
34,91,242.66812133789062,0.0,22.98136551513672,18.809891915130617
34,92,267.9416809082031,0.0,25.002682299804686,19.703945331192017
34,93,252.62393188476562,0.0,23.7943132019043,19.79237378845215
34,94,260.28240966796875,0.0,24.405985736083984,17.095873009872438
34,95,275.32269287109375,0.0,25.62741452331543,16.75792240791321
34,96,233.90501403808594,0.0,22.265262347412108,15.046894806671142
34,97,212.73785400390625,0.0,20.54567178039551,13.442248179626464
34,98,186.99542236328125,0.0,18.40265012817383,13.465920693778992
34,99,190.0549774169922,0.0,18.644853631591797,16.115413647460937
34,100,274.0924987792969,0.0,25.516748091484196,19.390321028900146
34,101,239.2552947998047,0.0,22.707111740112303,16.498500160217286
34,102,271.9244384765625,0.0,25.36905971069336,18.86062611732483
34,103,283.0480041503906,0.0,26.24847140197754,22.028900360870363
34,104,294.5087585449219,0.009200000204145908,27.024977626754723,20.500131054878235
34,105,284.5782470703125,0.06639999896287918,26.324659045243205,20.00932875175476
34,106,267.531982421875,0.0,25.039663603904252,21.47043875617981
34,107,305.459716796875,0.12399999797344208,27.045512737818388,23.772358557891845
35,3,271.1770935058594,0.12359999865293503,25.155803509880514,21.13951498413086
35,4,241.53598022460938,0.024800000712275505,22.900626936266498,20.07166838684082
35,6,205.1590576171875,0.04600000008940697,19.598268860118125,17.474708363723757
35,8,249.98007202148438,0.23319999873638153,24.05281435663199,18.052254034805298
35,10,246.94810485839844,0.23960000276565552,22.695148907181373,17.516481257629394
35,11,267.9388732910156,0.025200000032782555,25.055480090611244,19.001573712921143
35,12,282.5290222167969,0.00039999998989515007,26.181437356567383,21.571230852890015
35,13,318.9010314941406,0.0,29.02486334838867,20.66013935775757
35,14,268.7215576171875,0.0,25.18361405029297,18.445369511032105
35,15,320.5738830566406,0.0,29.20666560668945,19.138661804389955
35,16,231.84243774414062,0.01119999960064888,22.18493513183594,18.3558540725708
35,17,254.4139862060547,0.0,23.92214303894043,22.342371519851685
35,18,297.1891784667969,0.0,27.29440038146973,20.20597688179016
35,19,288.5613708496094,0.0,26.629363119506834,19.7014820728302
35,20,245.65577697753906,0.0,23.252412228393556,19.744372635269166
35,21,261.95318603515625,0.0,24.52724770202637,17.29066349430084
35,22,276.8086242675781,0.0,25.727268118286133,20.040304307174683
35,23,228.5297088623047,0.00279999990016222,21.873048291015625,18.42780769767761
35,24,342.4218444824219,0.046799998730421066,30.819044332615928,24.566049938964845
35,25,288.1539611816406,0.015599999576807022,26.607006519960134,26.78054876937866
35,26,361.55316162109375,0.0,32.29275087890625,23.54747974624634
35,27,320.4953918457031,0.0,29.15104141845703,21.845154604339598
35,28,280.15472412109375,0.0,25.929706607055664,25.69778441619873
35,29,294.54400634765625,0.0,27.109281741333007,26.184887073135375
35,30,291.6852111816406,0.0,26.911786502075195,24.60334813308716
35,31,271.8662109375,0.0,25.32774100341797,22.583141724014283
35,32,268.75177001953125,0.0,25.07945715942383,22.93225372467041
35,33,262.9348449707031,0.0,24.57955841369629,21.92724820022583
35,34,254.450439453125,0.0,23.950515921020507,24.76050473060608
35,35,300.1658935546875,0.0,27.58523887939453,20.807099462890626
35,36,279.1116638183594,0.0,25.946653790283204,19.589105867004395
35,37,264.1982421875,0.0,24.711894964599608,18.435747663497924
35,38,317.1574401855469,0.0,28.92159262390137,23.804884996795654
35,39,297.79473876953125,0.0,27.4139748046875,20.140192056655884
35,40,229.02322387695312,0.0,21.834278729248048,17.562947492980957
35,41,262.3995361328125,0.0,24.56380842590332,19.272368028259276
35,42,341.1602783203125,0.0,30.768442712402344,25.10072103729248
35,43,287.1248474121094,0.0,26.51471587524414,20.800043075561522
35,44,295.7914123535156,0.0,27.268031762695312,17.83206243171692
35,45,279.8769836425781,0.0,25.94724201965332,19.479240688705445
35,46,293.12310791015625,0.0,26.95581244506836,20.67540302696228
35,47,343.9666442871094,0.003599999938160181,31.016205908416154,19.216841439437868
35,48,261.3741455078125,0.007600000128149986,24.47487723083496,17.806568967056275
35,49,274.0801086425781,0.0,25.51097188720703,15.086019820404053
35,50,260.8284912109375,0.0,24.45201658935547,15.5608459690094
35,51,250.6695098876953,0.0,23.619951376342772,15.82809948310852
35,52,250.59823608398438,0.0,23.64377569885254,15.324581586837768
35,53,246.6404266357422,0.0,23.292081552124024,14.519650997543335
35,54,306.4783020019531,0.0,28.083623532104493,16.610388451385496
35,55,306.8656921386719,0.0,28.140263000488282,16.09402884941101
35,56,296.7083740234375,0.0,27.33679473876953,17.351463666534425
35,57,283.163330078125,0.0,26.329319900512694,17.48228444213867
35,58,301.3227233886719,0.0,27.575003610662595,17.166338660049437
35,59,285.9382629394531,0.0,26.445280209350585,18.475544774627686
35,60,302.1931457519531,0.0,27.72941954650879,19.64626021442413
35,61,255.85377502441406,0.0,24.0742596282959,14.637979901123046
35,62,256.0522155761719,0.0,24.09423764038086,15.002229978179932
35,63,226.67715454101562,0.0,21.686716857910156,20.662089482498168
35,64,271.0806884765625,0.0,25.250147372436523,19.669423991775513
35,65,251.68551635742188,0.0,23.72826883239746,18.93336015815735
35,66,306.0363464355469,0.0,27.978283135986327,21.592185471725465
35,67,214.30894470214844,0.0,20.690924609375,19.386425242233276
35,68,256.1600341796875,0.0,24.10065078430176,22.275720921325682
35,69,274.9623107910156,0.0,25.57335595703125,19.2482217250824
35,70,234.51544189453125,0.0,22.35607795410156,15.940197736740112
35,71,183.83624267578125,0.0,18.120852816772462,11.415029706764221
35,72,244.4586944580078,0.0,23.14502330932617,18.229302961349486
35,73,211.7344970703125,0.0,20.457528051757812,17.505543227767944
35,74,225.24549865722656,0.0,21.58138302307129,17.46633229598999
35,75,204.8135986328125,0.0,19.87082414855957,17.73401153831482
35,76,178.90701293945312,0.0,17.728846560668945,14.84367034263611
35,77,176.00723266601562,0.0,17.505705197143556,13.551924989700318
35,78,227.3526153564453,0.0,21.749471286010742,17.984000005722045
35,79,188.63490295410156,0.0,18.546620404052735,14.016677267169952
35,80,208.9020233154297,0.0,20.20461996459961,15.583355446624756
35,81,222.5702667236328,0.0,21.393735861206054,18.084116286468507
35,82,140.8318634033203,0.0,14.50599987487793,12.399865142802895
35,83,127.10214233398438,0.0,13.268876165771484,11.736769759225846
35,84,155.1586151123047,0.0,15.697267581176758,12.798450655317307
35,85,164.85369873046875,0.0,16.518138333129883,16.247409581565858
35,86,254.0138702392578,0.00279999990016222,23.92868816900522,19.765018385124208
35,87,249.64503479003906,0.0,23.60655373535156,16.832379292297365
35,88,206.97059631347656,0.0,20.04546922302246,16.33810775871277
35,89,172.54013061523438,0.0,17.169630950927733,14.496279865264892
35,90,177.03187561035156,0.0,17.56694903564453,12.04451169834137
35,91,220.15858459472656,0.0,21.170686102294923,16.676913989257812
35,92,325.2446594238281,0.0,29.54529833679199,22.29481897277832
35,93,264.31500244140625,0.0,24.7775255859375,18.90942419090271
35,94,221.70274353027344,0.0,21.290233233642578,17.129301654434204
35,95,236.03916931152344,0.0,22.47775504760742,16.98520955467224
35,96,207.50643920898438,0.0,20.15765390319824,15.508685291671753
35,97,132.8809051513672,0.0,13.739470504760742,12.403168919944763
35,98,197.0140838623047,0.0,19.218804876708983,12.77805671043396
35,99,127.35425567626953,0.0,13.28201275024414,10.70523816947937
35,100,220.28807067871094,0.0,21.153843493652342,16.584102629470824
35,101,240.01698303222656,0.0,22.781009912109376,17.1650934879303
35,102,271.7586975097656,0.0,25.325777337646485,16.511516592025757
35,103,260.2190246582031,0.0,24.412169927978514,15.952375579071045
35,104,272.5685119628906,0.0,25.38832219543457,18.6523316072464
35,105,280.406005859375,0.0,25.975081604003908,17.22083038444519
35,106,283.83154296875,0.0860000029206276,25.987706609622318,14.167163764953614
35,107,228.98927307128906,0.15440000593662262,21.900334830043196,16.946921044921876
36,2,265.98040771484375,0.1599999964237213,24.798761037918307,23.069395152282716
36,3,263.0193176269531,0.1671999990940094,24.371438076814474,20.739947220230103
36,4,267.3816833496094,0.08479999750852585,24.773470728317797,19.478768657302858
36,5,293.7285461425781,0.2295999974012375,26.58667970397663,18.758507750320433
36,6,219.36691284179688,0.15960000455379486,20.23884259171518,19.159046276473997
36,9,227.5988311767578,0.051600001752376556,21.769751480591523,21.146142510223388
36,10,187.06341552734375,0.0,18.513929135617037,20.03367480354309
36,11,265.4328308105469,0.0,24.829812878417968,24.28219049682617
36,12,298.6690673828125,0.0,27.468796215820312,20.722062131500245
36,13,308.2968444824219,0.003599999938160181,28.207762463378906,21.13625537414551
36,14,284.1416931152344,0.0,26.287091051020017,21.94185412864685
36,15,305.8639221191406,0.0,27.99264018859863,25.646592807006837
36,16,211.63162231445312,0.0,20.468915709594384,23.644781034088133
36,17,283.9842834472656,0.0,26.389632323507612,24.77678586883545
36,18,292.8680419921875,0.009999999776482582,27.183164803711332,22.53387261505127
36,19,262.90087890625,0.0020000000949949026,24.620562767963396,19.99752195739746
36,20,216.52236938476562,0.003599999938160181,20.86539501953125,15.472260498046875
36,21,222.77911376953125,0.0,21.37357693481445,16.997999010658265
36,22,280.0503845214844,0.0,25.96338475036621,18.70304884700775
36,23,264.82757568359375,0.0,24.775805194091795,17.9587195728302
36,24,275.5403137207031,0.0007999999797903001,25.609974702771733,15.776717390251159
36,25,208.2362060546875,0.006000000052154064,20.181375793505996,20.19440575904846
36,26,322.15264892578125,0.0,29.30102568359375,30.30466741333008
36,27,278.3454895019531,0.03200000151991844,25.81593280470515,22.36406120147705
36,28,274.8761901855469,0.09160000085830688,25.685895504128176,23.173379360961913
36,29,307.4889831542969,0.0,28.179472030639648,26.82379927520752
36,30,290.5863342285156,0.0,26.80929859008789,24.754252502441407
36,31,261.4998474121094,0.0,24.467374407958985,21.073469061660766
36,32,256.062255859375,0.0,24.041986517333985,20.833177127456665
36,33,290.386474609375,0.0,26.824282104492188,18.875711872863768
36,34,235.7493438720703,0.0,22.48919609680176,16.357839722824096
36,35,249.93186950683594,0.0,23.5484503249542,18.781587756347655
36,36,295.35028076171875,0.0,27.23468854061357,23.53907602996826
36,37,277.2875061035156,0.018400000408291817,25.734785585987325,25.15509075088501
36,38,298.52911376953125,0.0,27.47165164794922,23.411933661651613
36,39,301.8710021972656,0.0,27.804927332115792,24.51896611251831
36,40,279.2962341308594,0.0,26.045530883789063,21.730625441741942
36,41,263.42767333984375,0.0,24.751089266967774,18.170336876296997
36,42,281.05694580078125,0.0,25.934150377909344,20.91444936065674
36,43,258.6028137207031,0.0,24.314589767456056,16.507862046432496
36,44,276.4191589355469,0.0,25.74212702331543,15.662374826812744
36,45,222.36302185058594,0.004000000189989805,21.364300346603486,17.17804263153076
36,46,230.0779571533203,0.0012000000569969416,21.927582388305662,19.884416941452027
36,47,289.3002624511719,0.0,26.70955762023926,20.190951971817018
36,48,284.8458557128906,0.0,26.407303408813476,20.81925839576721
36,49,299.9240417480469,0.0,27.56258768310547,22.664119094467164
36,50,286.8208312988281,0.0,26.5676541595459,18.12486976928711
36,51,280.99456787109375,0.002400000113993883,26.04257734375,15.744532149505615
36,52,262.14935302734375,0.0,24.568949884033202,17.79314950180054
36,53,287.3167419433594,0.00559999980032444,26.511198318708093,15.786406287384033
36,54,272.22467041015625,0.007600000128149986,25.40778369265989,15.216214811897277
36,55,192.70875549316406,0.0012000000569969416,18.88264930419922,16.09312983417511
36,56,219.2050018310547,0.002400000113993883,21.098911242675783,18.665759008407594
36,57,272.5207824707031,0.0,25.453294619750977,18.18094599494934
36,58,271.7161560058594,0.053599998354911804,25.296266774815543,17.721784940719605
36,59,305.7733459472656,0.07280000299215317,27.81141682071615,19.53958038291931
36,60,298.3655090332031,0.0,27.470088943481446,18.871412116241455
36,61,238.48190307617188,0.0,22.75626142578125,16.02902068824768
36,62,263.0254211425781,0.00039999998989515007,24.66211668675761,19.082234484100344
36,63,268.1870422363281,0.0,25.071613369750978,22.00374868507385
36,64,269.6463623046875,0.0,25.132153591918946,19.87521960372925
36,65,245.67608642578125,0.0,23.247760418701173,16.990877042388917
36,66,228.12240600585938,0.0,21.796314614868162,15.286340167999267
36,67,173.482177734375,0.0,17.29474990539551,17.40241822357178
36,68,238.62149047851562,0.0,22.671374926757814,21.287871125030517
36,69,295.6655578613281,0.0,27.212165921020507,19.91445552825928
36,70,277.3861389160156,0.0,25.79884974975586,20.671210290908814
36,71,210.9307403564453,0.0,20.37088133544922,21.53896824760437
36,72,243.97877502441406,0.0,23.128703921508787,20.712529917907716
36,73,210.63626098632812,0.0,20.367581365966796,18.790393528747558
36,74,233.0697021484375,0.031199999153614044,22.5503249915405,18.283155138397216
36,75,199.1755828857422,0.04439999908208847,19.416464602152505,17.387257317733766
36,76,183.55091857910156,0.0,18.066110998535155,16.87554264678955
36,77,221.08758544921875,0.0,21.292833647922983,19.055099321365358
36,78,197.33290100097656,0.0,19.27174378051758,16.90432735786438
36,79,200.91822814941406,0.0,19.577596502685548,12.612767316436768
36,80,222.06802368164062,0.0,21.324567333984376,18.08825991191864
36,81,207.61363220214844,0.0,20.138622677612304,20.433695527648926
36,82,163.6960906982422,0.0,16.41087479248047,18.455715669250488
36,83,212.11004638671875,0.0,20.546276987752606,17.559527149200438
36,84,210.44578552246094,0.0,20.33170550922569,16.1221750585556
36,85,149.0105438232422,0.0,15.212827911376953,13.47211868801117
36,86,154.64915466308594,0.0,15.686778247070313,13.768283625602722
36,87,173.05050659179688,0.0,17.19622359008789,17.184498237800597
36,88,163.63438415527344,0.0,16.424921160888672,15.866084104537963
36,89,169.0084228515625,0.0,16.884091943359376,12.86684310283661
36,90,193.7019500732422,0.0,18.975845153808592,14.093922589683533
36,91,210.19293212890625,0.0,20.323122286987303,15.363425601196289
36,92,253.98919677734375,0.0,23.924275750732424,20.257612047576906
36,93,259.91290283203125,0.0,24.36994552307129,17.00284620437622
36,94,235.0115966796875,0.0,22.38096558532715,16.606431563186646
36,95,223.1128387451172,0.0,21.416839401245117,15.705000774383546
36,96,182.1787872314453,0.0,17.818232981052656,14.228295319747925
36,97,232.58985900878906,0.0,22.167507369995118,15.441654285430909
36,98,196.1532440185547,0.0,19.26473319091797,15.765920323181152
36,99,198.57431030273438,0.0,19.38308051147461,15.44336506729126
36,100,246.5757293701172,0.004399999976158142,23.293062701416016,16.35187426338196
36,101,250.38406372070312,0.0,23.600278756713866,17.091700009536744
36,102,258.34326171875,0.0,24.257900228881837,17.152655488586426
36,103,297.5258483886719,0.0,27.361898764038084,19.46277864341736
36,104,331.2454833984375,0.0,30.05303347840601,21.759891352081297
36,105,291.68731689453125,0.0,26.9067449798584,23.42343665008545
36,106,290.7982482910156,0.0,26.80581897583008,19.294232719802856
36,107,243.54994201660156,0.17479999363422394,22.969721835218202,19.5200735080719
36,109,286.07757568359375,0.1615999937057495,26.544065223418254,19.307704054641725
36,110,244.031494140625,0.20440000295639038,23.07922963583032,17.122323776626587
37,4,219.13307189941406,0.18000000715255737,20.141622233309832,19.346896280288696
37,5,197.46444702148438,0.005200000014156103,19.29409443248402,17.884504399490357
37,6,254.06439208984375,0.02800000086426735,23.91110800442493,20.03314097671509
37,7,213.71861267089844,0.0,20.577403215021867,22.449836506652833
37,8,280.1271667480469,0.21279999613761902,24.771081442690292,19.538162968063354
37,9,268.8910827636719,0.18240000307559967,24.954019057562206,19.671351709365844
37,10,220.228759765625,0.0,21.23205037536621,20.23413744163513
37,11,188.95619201660156,0.0,18.602714617919922,20.397847626876832
37,12,254.63243103027344,0.0,23.947636862182616,19.64286999130249
37,13,310.3020324707031,0.0,28.43206255493164,22.127272076034547
37,14,277.2886047363281,0.0,25.755385995483397,21.888652977371216
37,15,273.7400817871094,0.0,25.45482120361328,22.011528328704834
37,16,250.4906005859375,0.0,23.685928689575196,21.627377027893065
37,17,225.94287109375,0.0,21.544377630615234,22.160023435211183
37,18,259.18133544921875,0.0,24.32044485473633,22.955003734207153
37,19,290.186279296875,0.0,26.823886709594728,26.0996717086792
37,20,219.78106689453125,0.0,21.164766778564452,23.232820055389404
37,21,262.1145324707031,0.0,24.575201098632814,22.903525327682495
37,22,244.37596130371094,0.0,23.15663435668945,22.895942644119263
37,23,288.7419128417969,0.0,26.645040509033205,19.88723639984131
37,24,246.2393035888672,0.0,23.271221401977538,12.293729908943176
37,25,217.20640563964844,0.0,20.925567864990235,14.569359561157226
37,26,324.23382568359375,0.0,29.450024188232423,28.93061199531555
37,27,239.88278198242188,0.0,22.77867576599121,20.00046673812866
37,28,249.73451232910156,0.0,23.570799319458008,21.976048856925964
37,29,253.39556884765625,0.0,23.86928737487793,26.441920563316344
37,30,258.4090270996094,0.0,24.287844482421875,24.92820137138367
37,31,260.9535217285156,0.0,24.48739024963379,21.479703220367433
37,32,250.7630615234375,0.0,23.612623861694335,18.19768377609253
37,33,288.9676513671875,0.0,26.727982269323892,20.2580763961792
37,34,285.4157409667969,0.014800000004470348,26.41466696472168,25.953011309814453
37,35,204.91873168945312,0.0,19.910047839355467,22.355419467926026
37,36,257.153076171875,0.04560000076889992,24.301405700435485,26.42986080207825
37,37,311.74456787109375,0.03240000084042549,28.466684600830078,24.7755193611145
37,38,292.7182312011719,0.0,27.08295433654785,22.30295321884155
37,39,311.5809020996094,0.0,28.492330953979494,23.01056615524292
37,40,274.29083251953125,0.0,25.558024182128907,21.555470877075194
37,41,269.03900146484375,0.0,25.120006243896484,17.59422829284668
37,42,250.12161254882812,0.0,23.618053140258787,12.804057979011535
37,43,295.8590087890625,0.0,27.241147494506837,18.986425384140016
37,44,300.7770690917969,0.0,27.634462170410156,23.797240016174317
37,45,230.2509307861328,0.0,22.030340902709963,21.809644507217406
37,46,275.78240966796875,0.0,25.671171029663086,21.861857587051393
37,47,281.735595703125,0.009999999776482582,26.10621837463379,20.488982180023193
37,48,292.9510192871094,0.0,26.984378631591795,23.329753331756592
37,49,284.44769287109375,0.0,26.34132328186035,24.05557479171753
37,50,286.7753601074219,0.0,26.502979064941407,27.77307919692993
37,51,313.95452880859375,0.0,28.680363928222658,21.667662296295166
37,52,264.2737121582031,0.0,24.753454446411133,17.549348010635377
37,53,329.03271484375,0.006000000052154064,29.846503279521365,20.24385662994385
37,54,240.0440216064453,0.04039999842643738,22.74439529905055,11.87825408334732
37,55,206.8992919921875,0.0,20.057260961914064,9.783273168563843
37,56,256.29437255859375,0.0,24.028840826416015,15.476217809295655
37,57,245.15699768066406,0.0,23.195538989620008,16.372562410736084
37,58,190.53810119628906,0.0,18.712373526000977,15.585741037750244
37,59,298.20050048828125,0.0,27.375164593505858,21.905846745681764
37,60,320.04425048828125,0.0,29.12881873779297,19.485022451400756
37,61,265.60467529296875,0.0,24.84205043334961,17.051081712722777
37,62,306.2780456542969,0.0,28.045209249877928,20.898054848861694
37,63,273.63470458984375,0.0,25.45962866821289,20.239119403839112
37,64,289.9933776855469,0.0,26.75147813720703,18.134954076385498
37,65,237.05897521972656,0.0,22.522471328735353,16.956811637496948
37,66,202.5899200439453,0.0,19.722813473510744,16.06258163795471
37,67,167.31756591796875,0.0,16.752686810302734,17.571124509048463
37,68,201.11636352539062,0.0,19.603616290283203,23.092939573287964
37,69,277.7319641113281,0.0,25.808421646118163,20.461958162307738
37,70,284.4777526855469,0.0,26.354563833618165,19.506150867462157
37,71,255.00973510742188,0.0,23.987642428588867,17.13261759109497
37,72,160.4309539794922,0.0,16.15647843017578,11.5967962808609
37,73,244.82760620117188,0.0,23.194526794433592,18.977148601531983
37,74,230.3004608154297,0.004399999976158142,22.05863552015014,20.773263275146483
37,75,236.9053192138672,0.1923999935388565,22.0005006295267,19.714437907791137
37,76,202.06825256347656,0.0,19.71327773611535,17.653875144577025
37,77,200.60435485839844,0.004000000189989805,19.59692177843692,16.59046002731323
37,78,180.8472442626953,0.0,17.883412451171875,14.389013597869873
37,79,229.43838500976562,0.0,21.916349462890626,17.82434005622864
37,80,192.4081268310547,0.0,18.878721981811523,14.514943951797486
37,81,196.28733825683594,0.0,19.202645803833008,14.300233009719848
37,82,231.38197326660156,0.0,22.085183911132813,19.520510037612915
37,83,227.84190368652344,0.0,21.789304165649416,19.29134464378357
37,84,191.0938720703125,0.0,18.74137065084196,17.304840120697023
37,85,188.74391174316406,0.0,18.574053378295897,16.047149419784546
37,86,127.51628875732422,0.0,13.252794403076171,12.780405107021332
37,87,150.27578735351562,0.0,15.274694869995118,13.335031529426574
37,88,178.9828338623047,0.0,17.722675323486328,14.794599458312987
37,89,159.38595581054688,0.0,16.06052823791504,13.024147145080567
37,90,170.52252197265625,0.0,17.007151962280272,16.12602760543823
37,91,235.45547485351562,0.0,22.406359088134767,19.42006441040039
37,92,205.31617736816406,0.0,19.933412213134766,22.190516176605225
37,93,225.43917846679688,0.0,21.607567404174805,15.823046393585205
37,94,196.8781280517578,0.0,19.23954722290039,15.679010778617858
37,95,228.11170959472656,0.0,21.79724027404785,15.617044632339477
37,96,171.18084716796875,0.0,17.04220854906904,13.347988897895814
37,97,179.62232971191406,0.0,17.776577786254883,15.595687966346741
37,98,191.9991455078125,0.0,18.844067129516603,17.96458527984619
37,99,226.04434204101562,0.0,21.64547478027344,17.491820786285402
37,100,289.7915344238281,0.0,26.774018383789063,17.985976071929933
37,101,296.6697692871094,0.0,27.28322785644531,19.546740434646605
37,102,289.65289306640625,0.0,26.742800173950194,19.282931589126587
37,103,284.855712890625,0.0,26.390849717572575,18.43560235595703
37,104,280.9874267578125,0.0,26.06209293823242,18.234055208206176
37,105,278.79046630859375,0.0,25.876124618530273,18.18919908657074
37,106,261.7245788574219,0.0,24.538938955688476,17.848285875701905
37,107,252.114501953125,0.12759999930858612,23.621289588045805,17.73215058746338
37,109,219.89540100097656,0.10999999940395355,20.813074530378838,21.61757627105713
38,1,195.59043884277344,0.1891999989748001,19.06431274544983,17.57729277114868
38,4,237.48965454101562,0.1111999973654747,22.420305970729977,19.171914763641357
38,7,265.9378967285156,0.15639999508857727,23.89672526272146,21.56488049545288
38,9,289.5699462890625,0.01679999940097332,26.779182022411916,18.640465336227418
38,10,211.99285888671875,0.0,20.503359631347656,18.40054902229309
38,11,223.33016967773438,0.012400000356137753,21.342831538748364,18.658984717941284
38,12,276.9092102050781,0.0,25.749428982543947,20.68539711303711
38,13,292.5370178222656,0.0,27.049548285457195,19.780807755661012
38,14,266.41363525390625,0.0,24.90006544189453,20.06317812385559
38,15,309.6519470214844,0.0,28.28383310546875,21.433382592773437
38,16,261.22735595703125,0.0,24.51580813598633,20.653287438964842
38,17,273.83441162109375,0.0,25.50234601135254,21.467310535430908
38,18,263.66064453125,0.0,24.681210797119142,15.484763034057616
38,19,259.87408447265625,0.0,24.379733697509767,16.56745962677002
38,20,198.5679168701172,0.0,19.31472864074707,15.997701256942749
38,21,270.2532958984375,0.0,25.18061003112793,23.384430707931518
38,22,263.36767578125,0.0,24.682785998535156,18.048341959762574
38,23,190.9966583251953,0.0,18.733296469116212,18.897088653182983
38,24,220.08721923828125,0.0,21.17140001220703,18.125048263168335
38,25,233.0042724609375,0.0,22.228924719238282,21.762080331420897
38,26,250.01792907714844,0.0,23.573039614868165,22.527313665008545
38,27,242.32098388671875,0.0,22.980335879516602,19.072158400344847
38,28,230.38124084472656,0.0,22.025974276733397,17.91954526062012
38,29,215.46923828125,0.0,20.756979666137696,16.19848285484314
38,30,253.59152221679688,0.0,23.877470379638673,18.3135693151474
38,31,291.2298889160156,0.0,26.824789614868163,22.787096278381348
38,32,296.2126159667969,0.02280000038444996,27.176358690327557,22.744441577911378
38,33,306.0094299316406,0.0,28.03219970703125,24.71783614578247
38,34,296.0220031738281,0.0,27.255783676147463,25.131408152770994
38,35,286.6707458496094,0.0,26.540130682373047,27.505746839904784
38,36,315.4837951660156,0.008799999952316284,28.767563958740233,28.24820053329468
38,37,321.7860107421875,0.029600000008940697,29.249439147949218,23.06204365196228
38,38,299.49603271484375,0.0,27.560549908447264,25.95205886077881
38,39,367.4920959472656,0.0,32.795768408203124,24.98116142692566
38,40,235.11257934570312,0.0,22.37414382324219,19.284562480163576
38,41,269.21826171875,0.0015999999595806003,25.207242938349943,19.449289936447144
38,42,304.7164611816406,0.0,27.95038659362793,20.089314206314086
38,43,293.5986328125,0.0,27.046681689453123,23.22020962944031
38,44,302.618408203125,0.0,27.811805847167967,26.646096144104003
38,45,316.62896728515625,0.0,28.883679278723463,20.863353486824035
38,46,271.73681640625,0.0,25.283957583618164,19.189558497047425
38,47,208.5604248046875,0.0,20.165082121968652,20.184749905395506
38,48,231.77882385253906,0.0,22.11381399230957,21.055845697784424
38,49,263.4447937011719,0.0,24.67604326171875,20.107273751068114
38,50,252.3748321533203,0.0,23.76484084777832,19.20862281112671
38,51,291.3790588378906,0.0,26.883028604125975,24.564882277297972
38,52,293.66766357421875,0.0,27.05745928955078,25.86569278717041
38,53,258.68121337890625,0.0,24.309396505737304,17.455125516891478
38,54,269.3977966308594,0.0,25.164750790405275,15.614524714660645
38,55,241.49261474609375,0.0,22.841666284179688,16.320255164718628
38,56,212.4322052001953,0.0,20.54132434387207,12.629222763633727
38,57,247.34811401367188,0.0,23.36328753967285,16.85839695777893
38,58,237.29222106933594,0.0,22.55675883178711,15.495729870986938
38,59,269.8279724121094,0.0,25.172431332397462,22.683617376708984
38,60,339.05487060546875,0.0,30.599259719848632,22.881389617538453
38,61,279.5708312988281,0.0,25.9548115814209,17.231997868347168
38,62,226.573974609375,0.0,21.74602801208496,19.267363317108153
38,63,333.0994873046875,0.0,30.196147387695312,24.54251237487793
38,64,265.70452880859375,0.0,24.838655892944335,16.904336045074462
38,65,273.9613952636719,0.0,25.49410794067383,20.086496559524537
38,66,252.5921630859375,0.0,23.80665928955078,17.382891905593873
38,67,286.3184509277344,0.0,26.45286524963379,20.588984994506834
38,68,275.71697998046875,0.0,25.63721138305664,22.56468045425415
38,69,307.463134765625,0.0,28.171154293823243,23.575116372680665
38,70,232.1608123779297,0.0,22.148192758178713,20.461667337036133
38,71,219.23133850097656,0.0,21.07668112792969,13.659520753479004
38,72,248.73487854003906,0.0,23.501249658203125,16.13053449344635
38,73,195.51963806152344,0.0,19.102851666259767,16.474972555160523
38,74,216.82583618164062,0.0,20.88223754272461,19.823429049301147
38,75,169.44400024414062,0.0,16.904664755249023,18.75893095550537
38,76,195.62701416015625,0.003599999938160181,19.195782578211006,18.81078150138855
38,77,246.34169006347656,0.0,23.293608367919923,17.703455532073974
38,78,161.69012451171875,0.0,16.256728652954102,14.515266157531737
38,79,171.1880340576172,0.0,17.075951318359376,14.671483443069459
38,80,165.35047912597656,0.0,16.58556792602539,12.450902490997315
38,81,204.8780059814453,0.0,19.895816009521486,17.7051590839386
38,82,171.91542053222656,0.0,17.134427645874023,23.168738401031494
38,83,210.05555725097656,0.0,20.297851123046875,17.24633908004761
38,84,176.85699462890625,0.009600000455975533,17.48682591906447,15.076795297622681
38,85,152.42018127441406,0.0031999999191612005,15.395069451407412,12.015458216190337
38,86,204.88926696777344,0.014000000432133675,19.779945158138993,19.13217106218338
38,87,184.3394012451172,0.04039999842643738,18.06812400817871,16.697532404708863
38,88,197.8795928955078,0.0,19.36104472351074,17.571302087020875
38,89,181.5771484375,0.0,17.96292650756836,13.831276626205444
38,90,218.37405395507812,0.0,20.999337649536134,18.877174019622803
38,91,210.5448760986328,0.0,20.382180682373047,17.435994459152223
38,92,196.66725158691406,0.0,19.211499673461915,16.058860763549806
38,93,181.6695098876953,0.0,17.96861325073242,14.812411241531372
38,94,147.41673278808594,0.0,15.010944686889648,13.663472596740723
38,95,183.2172088623047,0.0,18.09462419433594,11.819435614204407
38,96,133.3616180419922,0.0,13.794684704589844,14.209172018241881
38,97,209.08848571777344,0.0,20.208924420166017,17.017372789001463
38,98,208.26673889160156,0.0,20.183619757080077,16.03360636062622
38,99,222.49606323242188,0.0,21.370228964233398,15.821187285995483
38,100,276.00128173828125,0.0,25.721530624389647,17.19593883895874
38,101,259.1723327636719,0.0,24.332548580932617,18.303574936294556
38,102,291.97296142578125,0.009999999776482582,26.84484112548828,20.890046890258787
38,103,272.3110046386719,0.0,25.43700157775879,24.855092082977293
38,104,305.6679992675781,0.0,28.038255041503906,23.757202922058106
38,105,305.23162841796875,0.0284000001847744,27.961782386058168,20.40513326034546
38,106,264.6184387207031,0.003599999938160181,24.757152810668945,20.74919051399231
38,107,231.69644165039062,0.10360000282526016,21.869671536475114,21.867606605529787
38,110,252.15789794921875,0.15440000593662262,24.28707925918695,16.919401984786987
39,1,251.33514404296875,0.2184000015258789,23.580722666004476,21.635583898162842
39,3,238.22032165527344,0.08320000022649765,22.545160503000826,18.926353162384032
39,5,234.6831817626953,0.06920000165700912,22.34446137782153,19.30672601890564
39,6,179.41371154785156,0.03680000081658363,17.438483410285055,17.37005166988373
39,7,224.3011474609375,0.09239999949932098,20.843089346741575,16.469637672042847
39,8,323.8470153808594,0.041600000113248825,29.552496408161364,23.36002800254822
39,9,271.80615234375,0.006399999838322401,25.508476133971033,20.557514045715333
39,10,200.80209350585938,0.0,19.525824853515626,16.963313397979736
39,11,180.00315856933594,0.0007999999797903001,17.820631609577426,18.363655434036254
39,12,196.754150390625,0.0,19.265773789984745,19.181828645706176
39,13,191.12525939941406,0.0,18.809749444580078,18.82057378959656
39,14,232.6905975341797,0.0,22.207438778686523,22.374326293945312
39,15,299.8746337890625,0.0,27.558763955688477,28.483409254455566
39,16,269.7084655761719,0.0,25.212442959594725,19.841539993286133
39,17,252.295654296875,0.0,23.791384893798828,17.909369883346557
39,18,298.3305969238281,0.0,27.452932864379882,18.76237939720154
39,19,238.1647186279297,0.0,22.645767376708985,19.980627280044555
39,20,271.9521484375,0.0,25.390814251708985,26.254321617889403
39,21,353.4867858886719,0.0,31.711410375976563,25.046684918785097
39,22,240.00611877441406,0.0,22.75470596923828,15.020722344589233
39,23,265.5186767578125,0.0,24.805872680664063,18.44956607646942
39,24,246.03497314453125,0.0,23.254914974975588,13.454078639793396
39,25,187.90049743652344,0.0,18.51431050109863,17.582643640899658
39,26,262.1386413574219,0.0,24.53814700317383,22.165712113952637
39,27,193.64535522460938,0.0,18.99074676513672,18.540199239730836
39,28,221.02232360839844,0.0,21.20398504638672,17.749824869537353
39,29,248.38763427734375,0.0,23.455984259033205,22.960291398620605
39,30,220.86114501953125,0.0,21.214018496704103,15.84403719921112
39,31,270.1077880859375,0.0,25.17402766113281,18.146885263061524
39,32,324.84002685546875,0.009600000455975533,29.49307959289551,26.320823019790648
39,33,359.9782409667969,0.0,32.19674372863769,28.905985348510743
39,34,271.3506164550781,0.0,25.31776513671875,26.18779555130005
39,35,288.3473815917969,0.0,26.605804718017577,23.52699093360901
39,36,318.8118591308594,0.0,29.03997470703125,26.00908084335327
39,37,277.25958251953125,0.0,25.758507803344727,24.80589949684143
39,38,278.4684143066406,0.0,25.846482400512695,21.616529415130614
39,39,267.666748046875,0.0,25.010810217285155,23.412532704925535
39,40,237.2909393310547,0.0,22.554294589233397,18.923513623046876
39,41,332.3177490234375,0.00039999998989515007,30.01877285948559,21.791462817192077
39,42,312.6872253417969,0.0,28.427352548671973,20.31835299873352
39,43,251.12754821777344,0.01360000018030405,23.730075910133767,22.20812472114563
39,44,250.0431365966797,0.0,23.584538186645506,22.55554423713684
39,45,309.37652587890625,0.0,28.358342123413085,28.20406501083374
39,46,279.0429382324219,0.0,25.910905554199218,18.642278362655638
39,47,294.64013671875,0.07119999825954437,27.17684067903428,17.059913472366333
39,48,211.58274841308594,0.0,20.451078677368162,18.140262714004518
39,49,241.59988403320312,0.0,22.944694400024414,17.176868422317504
39,50,239.56471252441406,0.0,22.772205801391603,16.234028930282594
39,51,224.57583618164062,0.0,21.559049429321288,17.72112867965698
39,52,239.27671813964844,0.0,22.719176303100586,21.588371268844604
39,53,282.7102966308594,0.0,26.239473822021484,18.443822761535646
39,54,223.1593780517578,0.0,21.39844660949707,17.45231612739563
39,55,249.6846923828125,0.0,23.55186535644531,19.879775172042848
39,56,250.54978942871094,0.0,23.652659335327147,21.022473165130616
39,57,227.6913299560547,0.0,21.794109783935546,16.527460465240477
39,58,261.4645080566406,0.0,24.52632047729492,18.470470154190064
39,59,285.1530456542969,0.0,26.387132247924804,22.864207063674925
39,60,275.3037414550781,0.0,25.625254388427734,22.46297281227112
39,61,240.00267028808594,0.0,22.778412387084963,15.764718844604491
39,62,218.15646362304688,0.0,20.992053894042968,16.367017532348633
39,63,229.45782470703125,0.0,21.925271786499025,26.390026843643188
39,64,252.88462829589844,0.0,23.80966028137207,17.2235938369751
39,65,160.53807067871094,0.0,16.161752377319335,17.68800294418335
39,66,214.83364868164062,0.0,20.730794769287108,19.55720797958374
39,67,227.7678680419922,0.0,21.79300464782715,18.36060712966919
39,68,271.4282531738281,0.02319999970495701,25.086145200395027,22.189765218353273
39,69,269.7284240722656,0.04320000112056732,24.914768613389427,25.125762550354004
39,70,322.7787170410156,0.0,29.339778228759766,27.050861180877686
39,71,325.9089050292969,0.0,29.580025216674805,21.156406855392458
39,72,274.84820556640625,0.0,25.530226705932616,16.67676367225647
39,73,260.816650390625,0.0,24.466060836791993,21.651321758651733
39,74,258.4435729980469,0.0,24.258717703247072,16.442004429626465
39,75,202.97105407714844,0.0,19.792997732543945,14.277312487792969
39,76,205.45904541015625,0.00279999990016222,19.980677707919906,20.626646281433107
39,77,178.4209442138672,0.0,17.628858935546877,15.798231993484498
39,78,170.24563598632812,0.0,16.980470840454103,15.727027214050294
39,79,200.203125,0.0,19.514744677734374,15.643849072647095
39,80,172.622314453125,0.0,17.199529794311523,13.566786618614197
39,81,177.68035888671875,0.0,17.625268585205077,14.446278667831422
39,82,169.8059539794922,0.0,16.95864158630371,14.594382828903198
39,83,203.39942932128906,0.0020000000949949026,19.76058539397436,17.530474366378783
39,84,167.73666381835938,0.012000000104308128,16.792561213435917,13.991485183143615
39,85,156.64187622070312,0.0,15.845946545410156,14.736863758087159
39,86,142.74752807617188,0.003599999938160181,14.592979901123046,15.392708514404298
39,87,159.29150390625,0.0,16.036243075561522,14.319193961906434
39,88,228.87857055664062,0.0,21.88011079711914,14.782155067825318
39,89,168.83477783203125,0.0,16.853179525756836,15.65022550125122
39,90,186.36392211914062,0.0,18.362503549194336,17.21113201713562
39,91,207.1722869873047,0.0,20.084404708862305,16.52242348098755
39,92,184.52867126464844,0.0,18.20266328125,14.641975839233398
39,93,118.66321563720703,0.0,12.489123123168945,8.965003882026672
39,94,126.05060577392578,0.0,13.131302561242435,12.893906328773499
39,95,156.27622985839844,0.0,15.803227978515626,13.728005718040466
39,96,200.45132446289062,0.0,19.524543395996094,12.756426920127868
39,97,204.08824157714844,0.0,19.831108474731444,14.433979447174073
39,98,198.7366180419922,0.0,19.37321202697754,12.984595356369018
39,99,245.54324340820312,0.0,23.261790939331053,13.943244125366212
39,100,265.1941223144531,0.0,24.799665658569335,15.83422407913208
39,101,243.25131225585938,0.0,23.06077473449707,17.43292945022583
39,102,279.5144348144531,0.0015999999595806003,25.958010430908203,19.994049474716185
39,103,224.2039337158203,0.00039999998989515007,21.448604474661092,20.43560602264404
39,104,254.1732940673828,0.011599999852478504,23.93618740234375,19.554080893707276
39,106,209.3321075439453,0.1891999989748001,20.125882209477403,21.878385173797607
40,2,201.32675170898438,0.13840000331401825,19.333993110420252,17.09201640472412
40,3,169.96463012695312,0.13279999792575836,16.964935175370705,21.035053465270995
40,4,107.01644134521484,0.1615999937057495,11.221934574485845,20.106654601669312
40,5,207.12046813964844,0.03680000081658363,20.04523658831815,17.482185668182375
40,6,128.70941162109375,0.008799999952316284,13.360867019043953,11.666179659175873
40,7,218.8086395263672,0.07360000163316727,21.188979028240364,14.841022411823273
40,8,202.04739379882812,0.12559999525547028,19.585156991314616,16.814057693481445
40,9,193.08839416503906,0.07999999821186066,18.800637975161695,18.179504623031615
40,10,166.26321411132812,0.0,16.670627194213868,17.736503354644775
40,11,216.37286376953125,0.0,20.83570608520508,18.51281757583618
40,12,237.2937774658203,0.0,22.584425466353533,17.051712602615357
40,13,197.63401794433594,0.0,19.303776107788085,18.651043968963624
40,14,183.2490234375,0.0,18.101063836669923,17.155639723587036
40,15,262.30645751953125,0.0,24.59597028198242,18.097340283584593
40,16,234.96051025390625,0.0,22.381302117919923,18.030205952835082
40,17,281.98602294921875,0.0,26.131886108398437,18.47527718048096
40,18,283.0435791015625,0.0,26.201387216186525,22.290128929901122
40,19,241.28810119628906,0.0,22.882346325683592,21.047365913009642
40,20,258.8862609863281,0.0,24.31430632019043,23.754468630218504
40,21,232.6647186279297,0.0,22.198841510009764,15.311992642593383
40,22,279.3519592285156,0.0,25.90720151977539,24.09924204711914
40,23,343.1894836425781,0.0,30.94079899597168,24.778591383743287
40,24,193.85574340820312,0.0,18.952160385131837,16.19783492298126
40,25,181.25172424316406,0.0,17.97854769897461,17.29252860431671
40,26,274.4772644042969,0.0,25.520642950439452,20.65169478492737
40,27,252.80775451660156,0.0,23.813786785888674,21.177711825180054
40,28,238.2142333984375,0.0,22.597977758789064,21.803059567260743
40,29,298.37640380859375,0.0,27.383140594482423,22.682184730911256
40,30,293.4845275878906,0.0,27.07022537841797,21.738659994888305
40,31,253.7755584716797,0.0,23.87551354370117,18.366531590270995
40,32,262.40386962890625,0.0,24.588603652954102,24.951464433670044
40,33,356.15216064453125,0.0,31.911888220214845,29.330499193572997
40,34,282.70458984375,0.0,26.160408953857424,24.087632569122313
40,35,307.5343322753906,0.0,28.146222772216795,26.809302242279053
40,36,292.8731384277344,0.0,26.969537163546764,24.70784044265747
40,37,300.74334716796875,0.0,27.63742477349665,22.774077127075195
40,38,288.6180725097656,0.0,26.65044958190918,20.910369733428954
40,39,315.4682312011719,0.0,28.74528125,22.98938004837036
40,40,290.41796875,0.0,26.80296318359375,25.245529026794433
40,41,289.30084228515625,0.0,26.725852709960936,23.592932127380372
40,42,254.62420654296875,0.0,23.936404763793945,18.552263418197633
40,43,284.6670227050781,0.0,26.293543759155273,22.156468406677245
40,44,245.67152404785156,0.006800000090152025,23.234263299560546,21.463269637298584
40,45,249.61318969726562,0.0,23.532149224853516,18.4678680934906
40,46,258.9608459472656,0.0272000003606081,24.213446920776367,18.702355643844605
40,47,268.3746643066406,0.0,25.063104147338866,20.566217099761964
40,48,311.9383544921875,0.0,28.5291297454834,20.956835903930664
40,49,270.8902893066406,0.0,25.258331460571288,19.75663906021118
40,50,252.9656982421875,0.0,23.804911120605468,16.11822202720642
40,51,256.2774963378906,0.0,24.101791207885743,15.844799588012695
40,52,252.5078582763672,0.0,23.814243557739257,18.701646809768675
40,53,291.622314453125,0.0,26.898252868652342,19.08854805984497
40,54,256.078369140625,0.0,24.085119763183595,18.363876152420044
40,55,235.08018493652344,0.0,22.3943572265625,19.594119956588745
40,56,261.5751953125,0.0,24.532966986083984,20.494230877685546
40,57,241.10455322265625,0.0,22.861650732421875,18.730999245643616
40,58,256.87628173828125,0.0,24.128171255493164,18.972221004867553
40,59,324.71148681640625,0.0,29.461344900512696,22.589765642929077
40,60,282.90777587890625,0.0,26.162989068603515,19.444325709915162
40,61,246.9427032470703,0.0,23.343930920410155,16.866240704345703
40,62,256.83697509765625,0.0,24.122997897338866,16.450072803878783
40,63,207.63888549804688,0.0,20.12882887878418,14.48411046142578
40,64,179.30288696289062,0.0,17.729119131469727,14.272026947402955
40,65,213.18263244628906,0.0,20.57492027572748,16.75966068916321
40,66,329.96551513671875,0.0,29.837071379758687,21.22451722679138
40,67,278.17681884765625,0.00279999990016222,25.477959758771135,17.330292836380004
40,68,231.91612243652344,0.0,21.99502019669415,20.494981591415407
40,69,239.60328674316406,0.00279999990016222,22.590020831425985,19.36301759033203
40,70,260.76312255859375,0.0,24.425139669799805,20.33718932762146
40,71,278.2352294921875,0.0,25.833466940307616,18.369728137016295
40,72,260.4971618652344,0.0,24.42585796813965,17.085756842803956
40,73,291.68963623046875,0.0,26.926411209106444,20.69491132774353
40,74,239.9577178955078,0.0,22.764078201293945,18.158729564285277
40,75,263.1517028808594,0.0,24.613759915161133,16.962879402160645
40,76,275.4870910644531,0.0,25.625118557739256,18.100856423568725
40,77,232.10250854492188,0.0,22.13275983581543,15.286660314178468
40,78,154.61709594726562,0.188400000333786,15.389875872073743,15.31836393623352
40,79,158.56573486328125,0.01679999940097332,15.947278571387267,14.635305752372743
40,80,187.48587036132812,0.0,18.445978985595705,12.51972198753357
40,81,202.9453582763672,0.0,19.750763375854493,15.613129810905457
40,82,211.98507690429688,0.0,20.484432000732422,15.843214362716674
40,83,158.3128204345703,0.041999999433755875,15.988517160988248,14.882778209495545
40,84,132.88998413085938,0.0,13.617450934096006,13.39028648777008
40,85,168.676513671875,0.0,16.98918727416992,13.877202865839005
40,86,156.424560546875,0.0,15.774245187377929,14.725199663352967
40,87,125.83402252197266,0.0,13.108887554931641,12.508717709350586
40,88,213.47703552246094,0.0,20.61837098388672,15.299896905517578
40,89,225.8594970703125,0.0,21.616940322875976,15.171761076354981
40,90,216.87335205078125,0.0,20.89594393005371,13.475021746826172
40,91,167.9102020263672,0.0,16.823047399902343,14.226713362503052
40,92,157.9127197265625,0.0,15.95005387878418,13.512774168395996
40,93,199.0008087158203,0.0,19.421851901245116,14.507112342071533
40,94,126.11247253417969,0.0,13.13599981689453,12.005360641670228
40,95,136.5056915283203,0.0,14.077001873779297,10.068859853363037
40,96,220.34063720703125,0.0,21.18280233154297,13.360075840187072
40,97,195.467041015625,0.0,19.11988959350586,9.33745264005661
40,98,139.9151153564453,0.0,14.396748025512695,6.405608804751933
40,99,155.6906280517578,0.0,15.75231955871582,4.427885954326205
40,100,251.83941650390625,0.0,23.730690161132813,13.363535272932053
40,101,252.54537963867188,0.0,23.765795584106446,16.6446316822052
40,102,229.16810607910156,0.0,21.8732018157959,18.069786697387695
40,103,257.41650390625,0.0,24.13946226501465,17.074513927078247
40,104,256.01416015625,0.0,24.078486682128908,17.38038197669983
40,105,307.6802673339844,0.030799999833106995,28.406913197455715,20.47587208709717
40,106,298.1096496582031,0.2287999987602234,27.485519128803386,23.52859721221924
41,3,85.01782989501953,0.0,9.37721200332243,15.21826758518219
41,4,65.70993041992188,0.024399999529123306,7.540562081777584,20.28883829536438
41,5,98.14120483398438,0.0,10.650969784545898,14.67481791343689
41,6,146.57188415527344,0.026799999177455902,14.85977950842842,5.568218037700653
41,7,162.90765380859375,0.008799999952316284,16.299465909654533,8.034149046865105
41,8,150.45127868652344,0.01640000008046627,15.389053272898451,8.925089951562882
41,9,241.1695556640625,0.0,22.89428621520996,17.341816702270506
41,10,270.79644775390625,0.0,25.259988439941406,19.30503159980774
41,11,218.56593322753906,0.06759999692440033,20.869067376374193,18.056572999572754
41,12,163.55992126464844,0.0,16.473316564941406,19.350936875534057
41,13,259.28131103515625,0.0,24.388498348999022,22.04382629547119
41,14,148.4159393310547,0.0,15.103485787963868,18.644912897491455
41,15,239.32125854492188,0.0,22.749024893188476,18.704369669723512
41,16,265.66522216796875,0.0,24.844130755615236,23.494417443466187
41,17,294.6313781738281,0.015200000256299973,27.101799514405705,23.675572916412353
41,18,287.953125,0.0020000000949949026,26.536065099679643,19.727413175201416
41,19,240.91319274902344,0.005200000014156103,22.832625076293944,16.224779009628296
41,20,133.63714599609375,0.0,13.818020193481445,13.717266203308105
41,21,206.25482177734375,0.0,20.014647067260743,12.303407728767395
41,22,235.5343780517578,0.0,22.39508379775109,19.89650569038391
41,23,234.44580078125,0.0,22.34930032348633,19.98925427131653
41,24,236.46307373046875,0.0,22.462791610852157,19.457626703453062
41,25,230.32470703125,0.0,22.015568995687442,18.642483016586304
41,26,232.4931640625,0.024399999529123306,21.706216201848743,17.51612963027954
41,27,265.8120422363281,0.031199999153614044,24.576011968590002,21.084571487426757
41,28,200.1067352294922,0.0,19.526317584228515,22.9989291267395
41,29,276.77703857421875,0.0,25.741513137817382,25.92123415336609
41,30,322.33453369140625,0.0,29.28921364440918,20.710520515441896
41,31,281.5848083496094,0.0,26.051922604370116,19.271392192459107
41,32,231.69491577148438,0.0,22.098756637573242,22.18817156829834
41,33,236.5077667236328,0.0,22.511180795288087,23.211739531707764
41,34,311.75689697265625,0.0012000000569969416,28.426221628607735,23.24054014968872
41,35,232.1982421875,0.0,22.146308376866372,23.134179650497437
41,36,270.0145568847656,0.0,25.199098794555663,22.615835591888427
41,37,334.2630615234375,0.0,30.24373564758301,27.6305889465332
41,38,281.05145263671875,0.0,26.082148291015624,25.244904748535156
41,39,196.10887145996094,0.0,19.17515169067383,15.801483514785767
41,40,241.94032287597656,0.006800000090152025,22.93497275390625,24.100453954315185
41,41,245.75750732421875,0.0,23.277837097167968,20.754071775054932
41,42,233.48281860351562,0.0,22.201700387573243,12.247414911651612
41,43,219.13174438476562,0.0,21.077756072998046,17.09079555530548
41,44,337.6033630371094,0.03480000048875809,30.4878658203125,25.139479317474365
41,45,263.8460388183594,0.0,24.74425487663327,20.81014141731262
41,46,265.4212951660156,0.0,24.812939096069336,17.55242015647888
41,47,298.94696044921875,0.0031999999191612005,27.497653701782227,20.29338020057678
41,48,272.50946044921875,0.0,25.382551528930666,19.910002337646485
41,49,284.8442687988281,0.0,26.360783071899416,19.55615191078186
41,50,237.09652709960938,0.0,22.501188009643556,20.195215900802612
41,51,243.20022583007812,0.0,23.03473087158203,16.83866417236328
41,52,233.7028045654297,0.0,22.226976461791992,16.607499222946167
41,53,257.0402526855469,0.035999998450279236,24.13690260246805,16.14525546951294
41,54,266.1100769042969,0.1371999979019165,25.35325915561932,16.185351720428468
41,55,269.1253662109375,0.0,25.1461082611084,17.990770498466492
41,56,262.25299072265625,0.0,24.599336016845704,21.335869538879393
41,57,286.40997314453125,0.0,26.506975103759764,21.19056870727539
41,58,298.55059814453125,0.0,27.45177821044922,21.046294147491455
41,59,293.1799621582031,0.0,27.04531221923828,22.810770782089232
41,60,253.63406372070312,0.0,23.897321560668946,16.92619295310974
41,61,275.2339172363281,0.0,25.617074871826173,16.515926873397827
41,62,284.9513244628906,0.0,26.36996336364746,17.145994455337526
41,63,243.6911163330078,0.0,23.080933990478517,14.750328792572022
41,64,193.75364685058594,0.0,18.980459173583984,12.986250685882569
41,65,247.32376098632812,0.0020000000949949026,23.38113881225586,19.90751519355774
41,66,252.27590942382812,0.0020000000949949026,23.71296837362472,20.343328046035765
41,67,254.79969787597656,0.005200000014156103,23.757405633156925,19.597086393737793
41,68,250.27789306640625,0.0,23.636831094360353,23.08207335510254
41,69,213.06015014648438,0.01360000018030405,20.024304099773758,18.128753553009034
41,70,219.81517028808594,0.0,21.140358154296877,17.030653409194947
41,71,292.1994323730469,0.0,26.960513610839843,19.05263390045166
41,72,298.4710693359375,0.0,27.51468167114258,18.305672756767272
41,73,255.4346160888672,0.0,24.0287405670166,19.170524811935426
41,74,259.79595947265625,0.0,24.370862963867186,20.391253900527953
41,75,260.6536560058594,0.0,24.413987658691408,19.168639069747925
41,76,220.1554718017578,0.0,21.174240441894533,13.089881729125976
41,77,241.677001953125,0.0,22.925866622924804,19.4123356754303
41,78,274.2507629394531,0.0,25.540526638793946,23.88521597480774
41,79,219.81761169433594,0.1436000019311905,20.9223787756576,15.390929684638976
41,80,173.30850219726562,0.06239999830722809,17.235856811890383,14.77082578239441
41,81,148.26182556152344,0.0,15.102212182617187,11.94709755077362
41,82,208.76589965820312,0.0,20.224556427001954,17.160164390945436
41,83,172.06472778320312,0.0020000000949949026,17.14868030090332,13.314675926876069
41,84,170.74481201171875,0.002400000113993883,17.022125357100848,14.045604061126708
41,85,161.43531799316406,0.0031999999191612005,16.18538614368867,12.298604126739502
41,86,224.13946533203125,0.0,21.494236126708984,15.950397735214233
41,87,188.9669189453125,0.0,18.57552878112793,16.61350153236389
41,88,187.84100341796875,0.0,18.45796922302246,17.435749863433838
41,89,183.11611938476562,0.0,18.024043698120117,16.653309989738464
41,90,264.8804626464844,0.0,24.772851449584962,19.110034188842775
41,91,179.5787353515625,0.0,17.795731619262696,17.171161515426636
41,92,141.6407012939453,0.0,14.519211782836914,14.154267023468018
41,93,174.2820281982422,0.0,17.382734341430663,11.716617123603822
41,94,164.16390991210938,0.0,16.49236271362305,12.222747286987305
41,95,193.5320587158203,0.0,18.953667669677735,12.759496043395997
41,96,228.3544464111328,0.0,21.833992813110353,15.90740580291748
41,97,118.32290649414062,0.0,12.44628924255371,6.8508871574401855
41,98,156.4159698486328,0.0,15.797807080078124,8.175024613878131
41,99,89.69549560546875,0.0,9.810511590576171,3.77104966833815
41,100,168.34556579589844,0.0,16.827129025268555,6.055126448182762
41,101,262.3096008300781,0.0,24.595784031996587,15.593642974853516
41,102,273.1104736328125,0.03280000016093254,25.43016876282107,17.83564446372986
41,103,238.29087829589844,0.0,22.649054782104493,17.828259600830076
41,104,225.30535888671875,0.0,21.552752734375,18.8452235786438
41,105,263.536865234375,0.0,24.74819144530174,18.852585932159425
42,1,175.00946044921875,0.22280000150203705,16.25494599394746,6.974699366617203
42,2,167.00027465820312,0.03240000084042549,15.92713211342506,10.621870980453492
42,3,228.12168884277344,0.0,21.717344659423826,20.175210697555542
42,4,141.49900817871094,0.004800000227987766,14.519147367082953,14.601970703792572
42,5,142.52003479003906,0.20880000293254852,13.42637733328496,7.081802221488952
42,6,182.6749725341797,0.002400000113993883,18.018135043213576,13.0987079372406
42,7,127.79395294189453,0.018799999728798866,13.287771041532398,3.8228703862890603
42,8,193.22085571289062,0.0820000022649765,19.564340886960085,8.667574411218427
42,9,269.2425231933594,0.0,25.241018479770613,14.861318544578552
42,10,331.850830078125,0.0,30.08643137207031,22.824879579925536
42,11,239.6248779296875,0.012000000104308128,22.648349124633096,21.470504737091066
42,12,176.50135803222656,0.03920000046491623,17.567225982666017,20.243733695983888
42,13,288.2868957519531,0.0,26.64980150756836,18.292364533996583
42,14,213.74160766601562,0.0,20.67227615966797,15.464222849655151
42,15,161.017578125,0.0,16.186682748413087,15.781101616668701
42,16,230.1448211669922,0.0,22.020623455810547,18.87230803489685
42,17,236.00035095214844,0.0,22.47755944519043,21.824627225494385
42,18,279.25286865234375,0.0,25.93091432495117,19.818018634796143
42,19,280.1607971191406,0.0,25.981407305908203,20.15582460708618
42,20,289.9380798339844,0.0,26.762256518554686,17.71703295135498
42,21,237.55946350097656,0.0,22.559371533203127,19.232984671401976
42,22,229.4878387451172,0.0,21.920575427246092,14.657196535110474
42,23,226.57864379882812,0.0,21.707825646972655,18.891957325744627
42,24,233.8598175048828,0.0,22.323053106689454,20.110003448486328
42,25,264.1954345703125,0.0,24.744152310180663,21.8599440826416
42,26,288.9805603027344,0.0,26.697450131225587,21.90050149421692
42,27,305.2644958496094,0.0,27.957958076070028,22.57833709259033
42,28,234.28919982910156,0.0,22.309971200561524,24.244032179260255
42,29,291.23406982421875,0.00039999998989515007,26.89906327819824,21.508089484024048
42,30,324.369384765625,0.0,29.48869306640625,26.42978144378662
42,31,328.44439697265625,0.0,29.741865972900392,26.043992629241945
42,32,324.8614501953125,0.0,29.54974692993164,23.670887856292726
42,33,278.67718505859375,0.0,25.875505227661133,23.98728666381836
42,34,311.5364685058594,0.0,28.466883822631836,23.901009134674073
42,35,239.11407470703125,0.004000000189989805,22.72278670349121,23.285178271865846
42,36,318.6736145019531,0.0,29.033846475219725,24.01584444732666
42,37,351.8099670410156,0.0,31.53947553405762,27.306485499572755
42,38,315.326416015625,0.0,28.77646281738281,23.887787700653075
42,39,219.31427001953125,0.0,21.08354356689453,17.576063271331787
42,40,262.4596252441406,0.0,24.564040762329103,18.589797636795044
42,41,224.53411865234375,0.0,21.481405661010744,13.600343975639344
42,42,182.59873962402344,0.0,18.055091033935547,13.683114999008179
42,43,264.44024658203125,0.0,24.797028978394486,15.896953506565094
42,44,266.5130920410156,0.0,24.909255252075194,17.88060726852417
42,45,284.1534423828125,0.0,26.335773416137695,20.39787354927063
42,46,277.9429626464844,0.0,25.802904437255858,17.60455209274292
42,47,279.46240234375,0.0,25.94943544921875,17.988156886672975
42,48,289.644775390625,0.0,26.693234765625,18.835273276519775
42,49,294.0700988769531,0.00279999990016222,27.113796334838867,19.151201872253417
42,50,253.45449829101562,0.00279999990016222,23.894094504592033,20.453136041259764
42,51,290.7065124511719,0.0,26.814314236450194,20.60178595275879
42,52,276.0697021484375,0.0,25.699056895440044,21.018858206939697
42,53,283.7018127441406,0.0,26.318738360595702,18.216948278427125
42,54,294.1360168457031,0.0007999999797903001,27.093615155029298,16.04971400489807
42,55,275.8814697265625,0.0,25.646847766113282,23.330520933151245
42,56,272.7029113769531,0.0,25.414218557739257,20.112043897247315
42,57,253.141357421875,0.0,23.838409561157228,18.30422826538086
42,58,295.5943603515625,0.0,27.197880267333986,20.637176111221315
42,59,298.7220458984375,0.0,27.4703456237793,24.295677308654785
42,60,262.99847412109375,0.0,24.622142767333983,18.368075122070312
42,61,303.11505126953125,0.0,27.80784907836914,20.77035098953247
42,62,316.79864501953125,0.0,28.87838669128418,18.15933434638977
42,63,288.0841369628906,0.0,26.64656858215332,20.146127667617797
42,64,164.28549194335938,0.0,16.496329330444336,12.6877073928833
42,65,186.62110900878906,0.0,18.377337872314452,15.842869122314454
42,66,195.13510131835938,0.0,19.112950192260744,15.951600095367432
42,67,249.5446319580078,0.0,23.51460613708496,18.06907186317444
42,68,220.4271697998047,0.0,21.182213180541993,15.255355968093872
42,69,255.14724731445312,0.0,23.977351879882814,14.947856699752808
42,70,221.98129272460938,0.0,21.306662783813476,14.166036533355713
42,71,285.4336853027344,0.0,26.404932318115236,17.451337303161623
42,72,257.2936706542969,0.0,24.17339674682617,18.322197536087035
42,73,238.93638610839844,0.02759999968111515,22.71790906982422,16.722520224571227
42,74,248.04379272460938,0.0020000000949949026,23.393290088726925,17.73362978858948
42,75,236.79640197753906,0.021199999377131462,22.374894835309284,19.423084495162964
42,76,263.93817138671875,0.0,24.70381887207031,19.751229027938844
42,77,270.3968811035156,0.0,25.226764865112305,20.21665528945923
42,78,295.78692626953125,0.0,27.243178817749023,23.840642192840576
42,79,248.16355895996094,0.0,23.453037533569336,15.856876330947877
42,80,155.71286010742188,0.006800000090152025,15.720046714964516,14.974489859199524
42,81,153.4100341796875,0.0,15.554508282470703,13.344057321357727
42,82,160.87228393554688,0.0,16.18635107421875,17.06713973083496
42,83,207.12110900878906,0.0,20.04131397705078,18.346856216812135
42,84,167.46739196777344,0.012000000104308128,16.801331186409087,15.380166982364655
42,85,143.12965393066406,0.02280000038444996,14.512962619252152,13.873455324983597
42,86,194.74928283691406,0.0,19.051940960693358,15.1847878241539
42,87,181.4028778076172,0.0,17.934946789550782,19.132259593200683
42,88,184.1527557373047,0.0,18.143480612182618,17.536442619705202
42,89,216.59210205078125,0.0,20.855691061401366,16.601266614723205
42,90,189.63978576660156,0.0,18.63946603393555,11.767467484474182
42,91,156.8917999267578,0.0,15.842431512451173,10.674688276481628
42,92,203.70150756835938,0.0,19.791842697143554,16.560694094085694
42,93,157.69815063476562,0.0,15.905316882324218,12.290922570991516
42,94,176.52023315429688,0.0,17.552004333496093,9.772570769309997
42,95,164.2719268798828,0.0,16.49580281677246,11.772080802059174
42,96,207.8560791015625,0.0,20.149279138183594,15.506839510917663
42,97,196.87286376953125,0.0,19.291644763183594,10.448695507621766
42,98,274.2920837402344,0.0,25.533022259521484,15.10828636522293
42,99,209.63894653320312,0.0,20.308146276855467,8.766531136131286
42,100,198.4424591064453,0.0,19.37560546875,11.663031730461121
42,101,242.4244842529297,0.0,22.992012145996092,16.486421422576903
42,102,274.0123596191406,0.04520000144839287,25.50545527996161,18.212295477294923
42,103,279.5321044921875,0.0,26.010152072143555,19.95031994781494
42,104,246.73287963867188,0.07280000299215317,23.049925837586127,20.34731605834961
43,3,237.2482147216797,0.15320000052452087,22.355040213233107,17.22934737215042
43,5,120.84637451171875,0.05480000004172325,12.53531836202322,10.734255613443302
43,6,191.00425720214844,0.04320000112056732,18.74607936682356,10.599256433266401
43,7,187.00746154785156,0.09880000352859497,18.164718248029796,3.6221539963960647
43,8,232.88540649414062,0.0,22.175752700805663,4.518652900743485
43,9,230.25013732910156,0.0,21.98477419128418,7.976488716030121
43,10,176.7474365234375,0.0,17.586309756469728,16.626432375335693
43,11,264.78240966796875,0.09880000352859497,24.767497375488283,18.515905516815184
43,12,246.8089599609375,0.01759999990463257,23.32033054116633,18.894575160598755
43,13,270.4585266113281,0.0,25.205959335327147,18.497214559173585
43,14,124.42658996582031,0.0,13.007970895385743,19.36681342315674
43,15,162.9852294921875,0.0,16.37683069458008,12.532874760437013
43,16,166.83038330078125,0.0,16.692395989990235,14.479313479614257
43,17,261.7361145019531,0.0,24.469985943603515,24.052887714385985
43,18,286.5188903808594,0.0,26.512677114868165,22.751845126342772
43,19,278.7858581542969,0.0,25.878807135009765,26.416350287628173
43,20,311.72528076171875,0.0,28.49615505065918,23.758302492523192
43,21,251.5059356689453,0.0,23.716204483032225,20.36198804664612
43,22,246.3738250732422,0.0,23.282174017333983,22.09709489517212
43,23,256.0489807128906,0.0,24.080816311645506,20.26713945007324
43,24,300.20550537109375,0.0,27.600554357910156,26.165685617065428
43,25,268.45306396484375,0.0,25.06749084777832,23.699682962799073
43,26,307.48663330078125,0.0,28.16289302368164,25.977759524536133
43,27,279.3980407714844,0.0,25.950850137329102,23.452572150421144
43,28,266.80010986328125,0.0,24.898184268188476,22.744677827453614
43,29,249.12054443359375,0.0,23.52897096557617,24.64283280143738
43,30,296.7544860839844,0.0,27.262903646850585,25.52495601158142
43,31,287.0713806152344,0.0,26.573863272094727,23.82367555389404
43,32,313.80670166015625,0.0,28.61825009460449,24.158433015441894
43,33,359.7068786621094,0.0,32.20101305541992,30.590669564819336
43,34,283.07220458984375,0.0,26.218172326660156,21.387312483215332
43,35,306.30230712890625,0.0,28.05720114135742,28.94923077201843
43,36,303.1690368652344,0.0,27.8523371673584,24.3945300945282
43,37,269.5754699707031,0.0,25.131219570922852,22.27172077178955
43,38,234.23841857910156,0.0,22.394909768676758,20.34752433013916
43,39,295.744384765625,0.0,27.204033807373047,22.647831564331053
43,40,231.43551635742188,0.0,22.105736129760743,19.34425941467285
43,41,253.87062072753906,0.0,23.929794567871095,18.080626110076903
43,42,332.0863342285156,0.0,30.06905277709961,17.113429781723024
43,43,283.18511962890625,0.0,26.257233682250977,18.588226708602907
43,44,221.44989013671875,0.0,21.274723095703123,16.16336524581909
43,45,277.30780029296875,0.0,25.77674780883789,18.317756581497193
43,46,257.9183654785156,0.0,24.242196911621093,17.298725299835205
43,47,274.62750244140625,0.0,25.558082760620117,17.172203683280944
43,48,333.0128173828125,0.0,30.195206042480468,21.069580101013184
43,49,225.6746063232422,0.0,21.61099396362305,19.323833734130858
43,50,239.0884246826172,0.0,22.74073581237793,20.49086000213623
43,51,279.8887023925781,0.0,26.00930165710449,18.42876498336792
43,52,255.8821258544922,0.0,24.081282061767578,17.820921878814698
43,53,257.96380615234375,0.0,24.27206305847168,18.278392123794557
43,54,317.28668212890625,0.0,28.93600519104004,21.544071784973145
43,55,261.9617004394531,0.0,24.568008264160156,20.364387815856933
43,56,254.18748474121094,0.0,23.904210052490235,23.25727299118042
43,57,292.7550048828125,0.0,26.986447177124024,17.96224375267029
43,58,280.069091796875,0.0,25.979419229125977,18.108458282852173
43,59,290.7630920410156,0.0,26.830183367919922,16.520126820755006
43,60,292.9736328125,0.0,27.02842303466797,17.112353730392456
43,61,268.44403076171875,0.0,25.075911236572267,17.942136296463012
43,62,246.355224609375,0.0,23.30502511291504,19.250355923080445
43,63,221.57498168945312,0.0,21.262409973144532,18.012740909194946
43,64,155.03639221191406,0.0,15.687355618286134,11.73225618686676
43,65,232.44140625,0.0,22.144073117065428,14.233256478500365
43,66,298.6240539550781,0.0,27.45749133605957,16.95716873588562
43,67,278.98541259765625,0.0,25.898608685302733,18.350086353683473
43,68,258.6767883300781,0.0,24.27874116821289,21.21308006439209
43,69,287.339599609375,0.0,26.569664068603515,20.388222204971314
43,70,345.6335754394531,0.0,31.129160873413085,22.663779571533205
43,71,270.1977233886719,0.0,25.209531134033202,24.248593967437746
43,72,268.6295471191406,0.0,25.05312639465332,19.242510735321044
43,73,250.62844848632812,0.0,23.656154315185546,13.564402470207215
43,74,271.8304748535156,0.0,25.36785451660156,15.726228571510315
43,75,225.59376525878906,0.0,21.597232751464844,17.418161161041258
43,76,214.06483459472656,0.0,20.677451025390624,19.716216666030885
43,77,286.17498779296875,0.0,26.470739431762695,25.680113186645507
43,78,278.3085021972656,0.0,25.84412014160156,19.104694691467284
43,79,229.31246948242188,0.0,21.94102107849121,17.280582931518556
43,80,177.867919921875,0.0,17.680564730535288,14.15926342086792
43,81,162.02584838867188,0.0,16.250658779907226,12.367173934364319
43,82,189.612060546875,0.0,18.653277194213867,15.526368550491332
43,83,182.91651916503906,0.0,18.074587634277343,16.94790853729248
43,84,129.93414306640625,0.0,13.486619146728515,11.811924239403755
43,85,109.2007827758789,0.0,11.627274533081055,10.389920775797766
43,86,168.27005004882812,0.0,16.82754709472656,15.893836891293526
43,87,207.20062255859375,0.0,20.092909634399415,18.337549953079222
43,88,207.22689819335938,0.0,20.097766107177733,17.665009923553466
43,89,161.9739990234375,0.0,16.317658740234375,15.356321504974366
43,90,161.03292846679688,0.0,16.203080490112306,12.512329634475709
43,91,142.41314697265625,0.0,14.59966028137207,11.131785795974732
43,92,164.86351013183594,0.0,16.532212814331054,13.271531548690795
43,93,221.9186553955078,0.0,21.316501629638672,14.851464958572388
43,94,167.1078643798828,0.0,16.722513137817383,11.220398166656494
43,95,155.5126190185547,0.0,15.716049609375,10.682438391304016
43,96,204.7708740234375,0.0,19.883110983276367,14.231113285636901
43,97,223.3880157470703,0.0,21.432974353027344,12.084010490712151
43,98,255.17405700683594,0.0,24.006960723876954,12.985249133628606
43,99,254.15469360351562,0.0,23.904228063964844,13.35940275325775
43,100,188.02198791503906,0.0,18.489903839111328,13.891107552528382
43,101,184.4163818359375,0.0,18.161856533813477,16.744378162765504
43,102,228.11253356933594,0.0,21.819993615722655,17.921138941574096
43,103,298.7410583496094,0.0,27.445398187255858,21.00246758880615
43,104,256.1943054199219,0.04280000180006027,23.957515249026482,20.720577109146117
44,6,198.9403839111328,0.09640000015497208,19.25704797296728,5.344630013225507
44,7,220.07493591308594,0.004000000189989805,21.158281828061178,4.987288975913357
44,8,206.41384887695312,0.0,20.091281225585938,10.10415355014801
44,9,189.16001892089844,0.0,18.57428338623047,7.0844231117248535
44,10,229.17080688476562,0.0,21.903835916137695,6.3358130740165715
44,11,249.63433837890625,0.03200000151991844,23.592958624267578,13.383566282463073
44,12,240.68858337402344,0.0,22.840622305297853,19.2389999420166
44,13,274.1587219238281,0.0,25.50722991333008,16.91858495941162
44,14,217.13510131835938,0.0,20.933401293945312,15.443497337532044
44,15,340.8016357421875,0.0,30.729366995239257,18.38440938358307
44,16,144.93568420410156,0.0,14.84245495300293,10.063488320732116
44,17,192.90980529785156,0.0,18.92482537231445,16.09093237285614
44,18,186.3596649169922,0.0,18.354917810058595,14.672055520439148
44,19,271.9122009277344,0.0,25.348735540771486,18.650009544754028
44,20,292.4023132324219,0.0,26.94033872680664,24.6422780002594
44,21,251.71505737304688,0.0,23.761275436401366,19.644127522659304
44,22,189.3704833984375,0.0,18.628093099975587,16.40123392868042
44,23,271.57818603515625,0.0,25.323448989298438,18.556760339355467
44,24,274.4530029296875,0.0,25.56213670160447,21.32024097290039
44,25,255.6394805908203,0.0,24.060164935302733,24.275871506118776
44,26,257.2048645019531,0.0,24.17316079711914,23.928408917999267
44,27,259.4830017089844,0.0,24.3035712310791,22.555741618347167
44,28,302.49127197265625,0.0,27.797348950195314,20.93536558265686
44,29,223.82603454589844,0.0,21.515625534057616,18.93118051376343
44,30,280.0552673339844,0.0,25.960311697387695,25.47615993385315
44,31,329.3929748535156,0.0012000000569969416,30.034647043211795,24.465355588150025
44,32,247.93634033203125,0.004000000189989805,23.446594634972865,25.924084204864503
44,33,333.32818603515625,0.0,30.137864974975585,29.909662238311768
44,34,276.6114807128906,0.0,25.74411710205078,21.762138383865356
44,35,241.79635620117188,0.0,22.931019485473634,20.729076594161988
44,36,278.8899230957031,0.0,25.878269552612306,24.2780039226532
44,37,259.80560302734375,0.0,24.35034474487305,19.719768474197387
44,38,284.74114990234375,0.0007999999797903001,26.348325015164683,21.850774634552003
44,39,217.4285125732422,0.0,21.0177143157959,19.93555523147583
44,40,248.90464782714844,0.0,23.45291322631836,23.030237867736815
44,41,232.55259704589844,0.0,22.141552432250975,23.16217430343628
44,42,302.5750427246094,0.0,27.788316307327584,18.894141180038453
44,43,308.2823791503906,0.0,28.193707928466797,21.68830701789856
44,44,295.461181640625,0.0,27.25070751647949,18.49271280899048
44,45,242.04832458496094,0.0,22.95951126098633,15.593102861785889
44,46,273.6282043457031,0.0,25.472096166992188,17.7502048286438
44,47,287.5828552246094,0.0,26.57583984375,18.527938101196288
44,48,280.91717529296875,0.0,26.03381929321289,19.106814442825318
44,49,231.13113403320312,0.0,22.08269443359375,17.567227655792237
44,50,218.350341796875,0.0,21.017983877563477,16.10447492790222
44,51,305.4021911621094,0.0,27.978691119384766,20.233239443588257
44,52,254.76266479492188,0.0,23.987778536987303,17.990518879318238
44,53,296.9918518066406,0.0,27.346297317504884,17.59247963066101
44,54,275.4294128417969,0.0,25.591893981933595,15.27582389202118
44,55,296.207275390625,0.0,27.232286337280275,17.237951463508605
44,56,242.88739013671875,0.0012000000569969416,23.062918795776365,18.017712617492677
44,57,255.65277099609375,0.00559999980032444,24.012127209472656,16.59742438659668
44,58,235.3046112060547,0.0,22.406164959716797,15.469108206939698
44,59,247.6199493408203,0.0,23.396481106567382,14.043120595169068
44,60,241.90219116210938,0.0,22.92966812133789,20.36048941345215
44,61,225.66387939453125,0.0,21.630600189208984,17.261361864852905
44,62,206.57481384277344,0.0,20.044287838745117,11.993493176078797
44,63,158.40789794921875,0.0,15.980615045166015,8.94485571193695
44,64,226.16864013671875,0.0,21.646927069091795,14.740498971557617
44,65,265.6966552734375,0.0,24.853428839111327,16.274637535858155
44,66,267.0166015625,0.0,24.94972114868164,17.01265475845337
44,67,266.4533996582031,0.0,24.898449923706053,18.41450432853699
44,68,222.50294494628906,0.0,21.36912266845703,18.288748683166503
44,69,252.26849365234375,0.0,23.818468316650392,24.079894902801513
44,70,283.617919921875,0.0,26.264479794311523,18.89885944519043
44,71,301.1401672363281,0.0,27.672058666992186,21.576611500930785
44,72,264.0099792480469,0.0,24.708968270874024,19.60807223739624
44,73,264.6063232421875,0.0,24.758606985473634,16.23431441574097
44,74,231.1403350830078,0.0,22.05287945251465,12.82772935333252
44,75,143.9878692626953,0.0,14.742089379882813,10.613179228019714
44,76,247.03712463378906,0.0,23.311810040283202,15.839831904983521
44,77,262.96380615234375,0.0,24.671820111083985,26.765339067077637
44,78,246.4863739013672,0.0,23.294200674438475,17.730463945770264
44,79,183.30490112304688,0.004000000189989805,18.077158209228514,13.063612026691438
44,80,169.02664184570312,0.08399999886751175,16.875726635391647,16.493974062347412
44,81,167.8655548095703,0.0020000000949949026,16.683681202667522,15.676250546264649
44,82,198.5043182373047,0.00039999998989515007,19.420949472045898,14.632978050804137
44,83,197.05113220214844,0.0007999999797903001,19.264563458347435,17.684786932373047
44,84,107.66205596923828,0.0012000000569969416,11.365842318900464,10.606963785594703
44,85,121.09223175048828,0.0012000000569969416,12.720082760620118,11.08391203494072
44,86,134.8072052001953,0.0,13.878016806030274,14.125161388206482
44,87,223.97427368164062,0.0,21.467506661987304,18.69315262374878
44,88,225.88577270507812,0.0,21.631943118286134,16.752573440933226
44,89,177.72161865234375,0.0,17.630655435180664,15.777076801681519
44,90,179.64210510253906,0.026799999177455902,17.736325751133673,14.702920917510987
44,91,158.4989776611328,0.0,15.978374102783203,13.858510039710998
44,92,182.0682373046875,0.0,17.97145348510742,13.839142109680175
44,93,174.16151428222656,0.0,17.352797760009764,13.390251292037965
44,94,180.00930786132812,0.0,17.83927102355957,12.50194619140625
44,95,173.20697021484375,0.0,17.230323825073242,12.32336720199585
44,96,181.56663513183594,0.0,17.96546167602539,13.831593202590943
44,97,152.85430908203125,0.0,15.475603598022461,12.767744230341911
44,98,153.50588989257812,0.0,15.548136520385743,10.010937287881971
44,99,202.41653442382812,0.0,19.68054808654785,8.10405404510498
44,100,212.01649475097656,0.0,20.50862202758789,13.737944111013412
44,101,210.0977020263672,0.0,20.313134936523436,16.827065993499755
44,102,239.64080810546875,0.0007999999797903001,22.71746177368164,21.058431553268434
44,103,290.62200927734375,0.10760000348091125,26.41195094776234,23.712048318862916
44,104,265.3193054199219,0.06279999762773514,24.438556085744693,27.338246701049805
45,6,180.68104553222656,0.0,17.81504645690918,7.829392707331013
45,7,221.89511108398438,0.0,21.351032528686524,4.393722723441851
45,8,252.81277465820312,0.00039999998989515007,23.686329181377705,18.36964408683777
45,9,188.35952758789062,0.0,18.497882955932617,7.1890980251312255
45,10,262.3965148925781,0.0,24.619702584838866,14.537129122829437
45,11,305.5323181152344,0.0,27.998226034545898,21.750684073638915
45,12,261.94610595703125,0.0,24.575488543701173,17.162449549865723
45,13,275.1492614746094,0.0,25.59754328613281,16.402336598968507
45,14,229.50686645507812,0.0,21.92663128051758,21.60453207054138
45,15,267.0489807128906,0.0,24.957410705566407,20.535256465148926
45,16,240.71426391601562,0.0,22.864640966796873,16.925606883239745
45,17,194.87857055664062,0.0,19.06574119567871,14.730792454528808
45,18,246.8708038330078,0.0,23.27926423034668,18.47183324241638
45,19,283.2896728515625,0.0,26.257927618408203,18.391370151901246
45,20,216.48345947265625,0.0,20.86604875793457,16.537847217941284
45,21,219.3973388671875,0.0,21.101461376953125,17.669277601242065
45,22,292.0325927734375,0.0,26.923694140625,18.964182863235475
45,23,243.7711944580078,0.0,23.128435739135742,18.360905615615845
45,24,258.236572265625,0.0,24.25895925292969,22.385425872039797
45,25,266.85137939453125,0.0,24.91981268005371,23.872351729202272
45,26,278.697021484375,0.0,25.867602450561524,25.140779817581176
45,27,317.2215576171875,0.0,28.953470043945313,26.97584195022583
45,28,269.6522521972656,0.0,25.202541989135742,23.706404183578492
45,29,225.67872619628906,0.0,21.686493173217773,23.18971526260376
45,30,289.6541748046875,0.0,26.741108270263673,24.022240063476563
45,31,268.3700256347656,0.0,25.065282360839845,20.455081086349487
45,32,262.58074951171875,0.0,24.60148507080078,23.181628238296508
45,33,355.5887145996094,0.009999999776482582,31.837581256103515,24.383043434143065
45,34,299.65484619140625,0.005200000014156103,27.516852331542967,24.002577952194216
45,35,267.706298828125,0.0031999999191612005,24.962102197265626,18.20087657852173
45,36,302.3904724121094,0.0,27.71542958679199,20.87512529525757
45,37,296.90228271484375,0.0,27.302879727330385,18.689687174606323
45,38,270.8048400878906,0.0,25.245217443847658,21.16116293144226
45,39,267.6126708984375,0.0,25.054050280761718,21.401356997299196
45,40,318.8841857910156,0.0,29.035825802612305,28.05272586669922
45,41,257.2072448730469,0.0,24.176234350585936,21.12103514404297
45,42,360.82550048828125,0.0,32.22265637512207,22.286230936431885
45,43,309.02703857421875,0.0,28.145466464233397,23.035203094482423
45,44,292.38067626953125,0.0,26.998132501220702,20.901417082214355
45,45,315.0737609863281,0.0,28.724700311279296,22.928186416244507
45,46,307.8015441894531,0.0,28.16754548034668,23.509961617660522
45,47,286.30963134765625,0.08839999884366989,26.432823957929116,17.228048973083496
45,48,260.8309020996094,0.0,24.451868502807617,17.87250866546631
45,49,232.02720642089844,0.0,22.145245178222655,15.624936602783203
45,50,259.57061767578125,0.0,24.355461276245116,17.463824638748168
45,51,309.55291748046875,0.0,28.285658575439452,20.9137649684906
45,52,317.6305847167969,0.0,28.8662792447598,22.26358865737915
45,53,295.6362609863281,0.0,27.220546908569336,20.634527630996704
45,54,247.55816650390625,0.0,23.385129400634767,12.369680047035217
45,55,260.541259765625,0.0,24.457230352783203,16.186647707366944
45,56,295.26416015625,0.0,27.20633384399414,15.892665258789062
45,57,239.3133087158203,0.0,22.6937880859375,15.248288453292847
45,58,249.69149780273438,0.0,23.562199072265624,17.398111240386964
45,59,271.21331787109375,0.0,25.30339482727051,17.01852346343994
45,60,236.43121337890625,0.0,22.49130421142578,17.86006350402832
45,61,260.85302734375,0.0,24.436885235595703,19.063165579223632
45,62,247.85032653808594,0.0,23.404173965454103,17.017791231918334
45,63,213.12454223632812,0.0,20.58653556213379,16.560448528289793
45,64,240.22547912597656,0.0,22.83796619567871,17.42432929573059
45,65,236.13600158691406,0.0,22.466657553100585,15.045771781921387
45,66,239.7493896484375,0.0,22.757863970947266,16.060630985069274
45,67,300.59527587890625,0.0,27.609347219848633,18.973099960327147
45,68,279.93878173828125,0.0,25.97309139099121,18.000818714904785
45,69,257.2275695800781,0.015200000256299973,24.180272763061524,13.629628882408142
45,70,240.85609436035156,0.0015999999595806003,22.85579881286621,13.848325601196288
45,71,251.07826232910156,0.007600000128149986,23.685650793457032,16.221719737243653
45,72,211.46827697753906,0.0,20.437311282348634,16.177355205917358
45,73,279.75006103515625,0.025200000032782555,25.948105380249025,18.08844474029541
45,74,251.8394012451172,0.00800000037997961,23.758174114990233,17.352780879211426
45,75,229.31541442871094,0.0,21.89945675354004,16.145489627456666
45,76,208.96690368652344,0.0,20.215242504882813,16.660573136901856
45,77,339.33074951171875,0.0,30.66461142883301,26.580904959869386
45,78,278.68804931640625,0.0,25.87392055053711,20.721871986961364
45,79,180.5607452392578,0.0,17.85979367980957,17.52184617385864
45,80,183.13665771484375,0.0,18.109872134399414,17.518235677719115
45,81,232.1580047607422,0.0,22.133548806762697,16.511986867523195
45,82,209.80535888671875,0.0,20.32292687988281,12.533118379116058
45,83,193.27786254882812,0.0,18.938936734008788,15.466551134872436
45,84,135.8003692626953,0.020400000736117363,13.999175494384765,12.050823209476471
45,85,189.0960235595703,0.0007999999797903001,18.535191290283205,14.044565951538086
45,86,118.97059631347656,0.0,12.532053936767579,12.807820686626433
45,87,203.92453002929688,0.0,19.803878933715822,16.374504458618166
45,88,172.8821563720703,0.0,17.221778698730468,14.465117110061646
45,89,137.47251892089844,0.0,14.167413525390625,14.94427957725525
45,90,158.22125244140625,0.004399999976158142,15.997991442871093,15.055082252883912
45,91,193.14280700683594,0.0031999999191612005,18.966604125976563,16.881686996078493
45,92,178.5235137939453,0.0,17.681025534057618,14.110666897964478
45,93,147.7919158935547,0.0,15.032731115722656,10.993193579292297
45,94,170.80039978027344,0.0,17.01644766845703,11.83242498588562
45,95,161.81874084472656,0.0,16.28126506958008,11.473140413284302
45,96,184.1254119873047,0.0,18.202716833496094,13.141803475952148
45,97,189.4283905029297,0.0,18.614407739257814,15.685797575950623
45,98,176.6483612060547,0.0,17.56343532409668,7.80726690826416
45,99,229.62852478027344,0.0,21.94447377319336,11.61123198890686
45,100,192.61932373046875,0.0,18.88354985046387,6.786298326873779
45,101,232.00950622558594,0.0,22.125383850097656,15.575243580627442
45,102,156.2042999267578,0.0,15.764919781494141,13.961245845031739
45,103,221.97006225585938,0.03840000182390213,21.317072414986253,17.678252982711793
45,104,226.5631561279297,0.006000000052154064,21.71513309799965,19.473678786849977
46,6,256.39117431640625,0.08320000022649765,23.13574892949874,17.01015560722351
46,7,223.95571899414062,0.0,21.440896801757813,16.82407397890091
46,8,235.3160858154297,0.026399999856948853,22.280763626861877,17.472401987457275
46,9,257.43402099609375,0.0,24.18561266784668,13.282144830799103
46,10,270.45538330078125,0.0,25.24747240600586,20.339047751617432
46,11,253.6072235107422,0.0020000000949949026,23.850611395263673,19.60219069366455
46,12,282.956787109375,0.01640000008046627,26.177205119167212,16.280379623031617
46,13,265.8441467285156,0.0,24.875964993286132,19.82191966972351
46,14,316.77850341796875,0.03200000151991844,28.588824331338383,23.802084861373903
46,15,248.10154724121094,0.0,23.398802102661133,21.775870315551757
46,16,257.3208923339844,0.0,24.174062646484376,18.121619353866578
46,17,185.7248077392578,0.0,18.29317809448242,13.223570204925537
46,18,201.62847900390625,0.0,19.625503894042968,12.957004077720642
46,19,173.80502319335938,0.0,17.305953506469727,16.174554849243165
46,20,219.3197479248047,0.0,21.103728643798828,15.78371241798401
46,21,260.3243408203125,0.0020000000949949026,24.414716854858398,20.107470455551148
46,22,242.64247131347656,0.0,23.01689385986328,22.257528618621826
46,23,291.6423645019531,0.0,26.888123587036134,17.914509434890746
46,24,282.607666015625,0.0,26.197106820678712,17.424038417816163
46,25,234.9029541015625,0.0,22.395396643066405,19.572090492248535
46,26,236.18301391601562,0.0,22.464209857177735,23.810830487823488
46,27,306.634033203125,0.0,28.11950845336914,28.86346708984375
46,28,244.0959930419922,0.0,23.05657072143555,21.960030741500855
46,29,226.97886657714844,0.0,21.719991073608398,21.35742081298828
46,30,262.471435546875,0.00279999990016222,24.57827944946289,18.81203628959656
46,31,264.3646240234375,0.0,24.757122250366212,20.92273692932129
46,32,232.41665649414062,0.0,22.163229885864258,23.22551800994873
46,33,274.70880126953125,0.0012000000569969416,25.592217364501952,26.721949058532715
46,34,243.0955810546875,0.004399999976158142,23.111853353881838,22.27805121154785
46,35,236.43435668945312,0.021199999377131462,22.439893054199217,20.569335231399535
46,36,303.08978271484375,0.0,27.80978391418457,19.75486736984253
46,37,273.436767578125,0.0,25.42782467862002,20.710867811203002
46,38,353.5120849609375,0.0012000000569969416,31.65959052734375,24.860845095825194
46,39,305.0351257324219,0.0,27.94522528381348,22.17640051574707
46,40,265.37493896484375,0.0007999999797903001,24.855692938232423,22.030049687194825
46,41,292.4278869628906,0.0,26.97534988439971,19.76314753303528
46,42,262.37457275390625,0.0,24.548186209106444,20.411380863380433
46,43,313.96771240234375,0.0,28.658255722045897,27.534095323181152
46,44,248.29736328125,0.0,23.48818542175293,22.66184089012146
46,45,307.3145446777344,0.006399999838322401,28.13654478149414,19.494469679641725
46,46,262.20416259765625,0.00039999998989515007,24.596057421875,24.482625545883177
46,47,279.1384582519531,0.09560000151395798,25.415719683885246,22.91522540588379
46,48,247.93301391601562,0.0,23.36434297054862,18.221307109451296
46,49,281.3891296386719,0.0,26.10036454772949,18.521528698730467
46,50,239.28857421875,0.0,22.7350048828125,17.704476541900636
46,51,296.2647705078125,0.0,27.24015464172363,18.72481971321106
46,52,284.2505187988281,0.0,26.31372430114746,23.561512466812133
46,53,285.0682067871094,0.0,26.388472732543946,18.394221821784974
46,54,239.37142944335938,0.0,22.740161596679688,12.210250639343261
46,55,268.695068359375,0.0,25.08485779724121,16.19099518508911
46,56,316.3755798339844,0.0,28.85968629760742,18.945266258621217
46,57,265.160888671875,0.0,24.78904606628418,17.545364677810667
46,58,280.7799377441406,0.0,26.03351736755371,17.282147542572023
46,59,273.88226318359375,0.0,25.492852401733398,17.952786588287353
46,60,307.91485595703125,0.0,28.194090631103517,21.338528496932984
46,61,322.9814758300781,0.0,29.370917889404296,20.305856078720094
46,62,261.4126281738281,0.0,24.501721768188478,15.960382336044312
46,63,226.1174774169922,0.0012000000569969416,21.696540869140627,15.103177729797363
46,64,212.19883728027344,0.0,20.53284241993713,14.489142514038086
46,65,288.7886657714844,0.0,26.69170905456543,18.021483353805543
46,66,189.59823608398438,0.0,18.648690625,15.769886815071105
46,67,263.80316162109375,0.0,24.686032131958008,18.751013027191163
46,68,296.19903564453125,0.0,27.273211837768553,18.12162641983032
46,69,301.0264587402344,0.0,27.62411552734375,21.168257955932617
46,70,249.28564453125,0.0,23.497174270629884,15.528317028045654
46,71,311.9752197265625,0.0,28.436727761741025,17.42571090888977
46,72,307.05926513671875,0.0,28.167470846557617,20.234801524353028
46,73,332.99920654296875,0.0,30.134929635620118,24.257092224121095
46,74,258.51373291015625,0.0,24.255929293823243,20.293057598876953
46,75,246.63465881347656,0.0,23.316852774047852,18.205313843154908
46,76,224.63363647460938,0.0,21.559089599609376,16.105541499710082
46,77,227.72088623046875,0.0,21.79101867980957,22.716354003143312
46,78,246.74270629882812,0.0,23.32237282714844,26.372279515075682
46,79,137.0226593017578,0.0,14.11034446105957,16.75645359954834
46,80,122.32677459716797,0.0,12.806375198364258,17.43155877933502
46,81,188.268310546875,0.0,18.509206713867187,19.48990170516968
46,82,220.446044921875,0.0,21.19342001953125,19.650046738433836
46,83,239.87374877929688,0.0,22.775380801391602,14.73684308052063
46,84,152.90191650390625,0.00039999998989515007,15.53711312866211,10.594603068685531
46,85,94.41421508789062,0.0,10.28579606628418,9.111004862342774
46,86,146.90541076660156,0.08640000224113464,13.347676333688185,13.815762931908667
46,87,92.64321899414062,0.0,10.121399063110351,10.739806758275256
46,88,164.4181671142578,0.0,16.486615509033204,13.821738643485308
46,89,217.20445251464844,0.0,20.917702182006835,17.586475042724608
46,90,160.58177185058594,0.006000000052154064,16.19108256095407,15.707811994552612
46,91,166.3797607421875,0.0007999999797903001,16.64326491394043,16.54107199859619
46,92,183.15249633789062,0.0,18.09502556152344,14.527863381958008
46,93,154.26870727539062,0.0,15.627177111816406,10.659634364891053
46,94,159.8616180419922,0.07199999690055847,16.773820705890888,9.946346586799622
46,95,183.2016143798828,0.0,18.10226015625,12.616582998657227
46,96,208.22691345214844,0.0284000001847744,20.26581379114735,15.317970752334595
46,97,217.3048858642578,0.0,20.91649486694336,16.256223054885865
46,98,205.21836853027344,0.0,19.907965435791017,12.169532218551636
46,99,145.04446411132812,0.0,14.828684942626953,7.276969065103307
46,100,151.24937438964844,0.0,15.34612859802246,6.162693944946676
46,101,217.5314178466797,0.0,20.971973895263673,15.346238735198975
46,102,191.46278381347656,0.0,18.78388649902344,14.85586728515625
46,103,194.6478271484375,0.012799999676644802,18.994761970339894,15.831728373718262
46,104,260.1615295410156,0.06639999896287918,24.05999644557734,22.387929283523558
47,4,225.14300537109375,0.11999999731779099,21.667401981181307,13.70629059638977
47,5,228.18174743652344,0.012799999676644802,21.834949894712512,12.91107676448822
47,6,269.7437438964844,0.0,25.15648332824707,17.764332771492004
47,7,193.06216430664062,0.0,18.952632142958358,17.342361805725098
47,8,236.684326171875,0.0,22.458954919433594,15.033575511550904
47,9,287.4814453125,0.0031999999191612005,26.568447673258756,16.701810624694826
47,10,285.00537109375,0.03519999980926514,26.494136935786198,18.954753619003295
47,11,252.91941833496094,0.0,23.752552940731956,19.044904696273804
47,12,284.2354736328125,0.0,26.269150729370118,17.35529430923462
47,13,255.18569946289062,0.0,24.013048175048826,18.727430397415162
47,14,241.24221801757812,0.0,22.86714543457031,23.929283586502073
47,15,274.2011413574219,0.0,25.49177183532715,19.419539933013915
47,16,265.60772705078125,0.0,24.864039263916016,19.367165672302246
47,17,218.10433959960938,0.0,21.01939562072754,17.84937606163025
47,18,253.59906005859375,0.0,23.875649545288088,17.579322498703004
47,19,249.39805603027344,0.0,23.536316912841798,17.45608366317749
47,20,279.5565185546875,0.0,25.98626957397461,20.88995578804016
47,21,241.88626098632812,0.0,22.941658847045897,17.767377515411376
47,22,239.64483642578125,0.0,22.766735650634764,17.38754521331787
47,23,288.86431884765625,0.0,26.711062786865234,21.317398205947875
47,24,293.2626037597656,0.0,27.0469815032959,18.4019002658844
47,25,258.2796630859375,0.0,24.289139462280275,18.011604770278932
47,26,217.75343322753906,0.0,20.970218869018556,19.569629889678954
47,27,276.065185546875,0.00039999998989515007,25.694599057006837,25.390536191177368
47,28,272.01654052734375,0.0,25.348200030517578,23.417690048599244
47,29,206.39524841308594,0.0015999999595806003,20.024955990600585,26.036345163726807
47,30,221.21897888183594,0.012799999676644802,21.255862185507294,22.79501923599243
47,31,287.0858459472656,0.0,26.557265850830078,18.321522465515137
47,32,259.181640625,0.0,24.351561743164062,19.73441957321167
47,33,241.69418334960938,0.0,22.933125366210938,22.128520514297485
47,34,250.8087615966797,0.0,23.670840056578,21.220983293151857
47,35,244.9707489013672,0.10719999670982361,23.146251164829398,19.123707084655763
47,36,272.067626953125,0.0,25.338493032836915,19.398282431793213
47,37,278.9327392578125,0.0,25.981476257495185,22.064317430114745
47,38,270.8157653808594,0.004800000227987766,25.34377580787552,25.234661003494264
47,39,358.67584228515625,0.0,32.086114779663085,25.367462837982178
47,40,301.6142272949219,0.0015999999595806003,27.654371209716796,21.77406002960205
47,41,275.7169189453125,0.0,25.696771353149416,21.006339363098146
47,42,211.02590942382812,0.0,20.440406958007813,16.833166889572144
47,43,285.98370361328125,0.0,26.509283834838868,18.585941117858887
47,44,280.2110900878906,0.0,26.009777429199218,22.006269494247437
47,45,298.8551330566406,0.0,27.52970615539551,20.328974195480345
47,46,243.10401916503906,0.00039999998989515007,22.978667936574524,21.621088352966307
47,47,250.55242919921875,0.0,23.64780983581543,21.877284645080568
47,48,254.8221435546875,0.0,23.975389697265626,21.15929613723755
47,49,245.22706604003906,0.0,23.24300934448242,20.49945111465454
47,50,266.9095764160156,0.0,24.90605500793457,17.680840073013307
47,51,282.38238525390625,0.0,26.17280323486328,16.41395070915222
47,52,240.64694213867188,0.0,22.86958816833496,15.646859056091309
47,53,261.5035400390625,0.0,24.48307950439453,14.534962601852417
47,54,248.4001922607422,0.0,23.480318310546874,14.18394838218689
47,55,287.476806640625,0.0,26.567419366455077,17.676673341751098
47,56,265.9935302734375,0.0,24.879683358764648,17.154174105453492
47,57,266.956298828125,0.0,24.943994110107422,17.793682975387572
47,58,266.05670166015625,0.0,24.857432815551757,18.079927516937257
47,59,303.1455078125,0.0,27.798973529052734,18.60468983230591
47,60,278.9406433105469,0.0,25.89140517578125,19.580512528610228
47,61,281.5894775390625,0.0,26.136603109741213,21.10592914466858
47,62,249.95077514648438,0.0,23.583174710083007,17.426159628677368
47,63,228.1606903076172,0.0,21.833077365112306,16.695005656051634
47,64,172.34811401367188,0.0,17.16815853881836,15.244237031173705
47,65,226.74241638183594,0.0,21.68329973754883,15.52897928829193
47,66,196.35765075683594,0.0,19.19265888671875,12.013276516914368
47,67,222.21131896972656,0.0,21.308183596801758,18.675605006027222
47,68,250.7321319580078,0.0,23.662501745605468,16.773783521461485
47,69,235.37548828125,0.0,22.39987470703125,17.633856400680543
47,70,227.96661376953125,0.0,21.811958850097657,15.069189726257324
47,71,314.4775085449219,0.0,28.670170935058593,17.997271114349367
47,72,269.6492919921875,0.0,25.169465753173828,18.728846142578124
47,73,259.42987060546875,0.0,24.36807776184082,18.163242699813843
47,74,247.40487670898438,0.0,23.418315463256835,19.153348195648192
47,75,204.73745727539062,0.0,19.89255639038086,14.544770537567139
47,76,257.720703125,0.0,24.2101915435791,17.546263677597047
47,77,187.7366485595703,0.0,18.4637438079834,19.059259114074706
47,78,266.6490173339844,0.0,24.893823455810548,23.717227015686035
47,79,140.14138793945312,0.0,14.353295489501953,17.58171576385498
47,80,117.6187973022461,0.0,12.365443618774414,17.289253493881226
47,81,145.42047119140625,0.0,14.862019827270508,17.6367280292511
47,82,137.49197387695312,0.0,14.1459240234375,18.125154780960084
47,83,106.26106262207031,0.0,11.351856311035156,14.993028205919266
47,84,270.200439453125,0.0,25.199294250488283,18.489734292602538
47,85,187.37646484375,0.0,18.468094366455077,13.16014621018991
47,86,102.89122009277344,0.003599999938160181,10.777369671295228,12.522526439476014
47,87,101.80562591552734,0.09880000352859497,10.3074405822489,13.214646543562784
47,88,165.4580841064453,0.009999999776482582,16.612032113096262,17.78350198751092
47,89,227.92759704589844,0.0,21.798850152587892,19.439345277786256
47,90,218.203369140625,0.002400000113993883,20.991562268066406,18.186347006607054
47,92,148.4061279296875,0.0,15.109462606811524,15.115498501968384
47,93,182.07080078125,0.0,18.04529999694824,12.856861701774598
47,94,162.93206787109375,0.11400000005960464,16.851480807121344,12.183073896026611
47,95,173.56610107421875,0.12559999525547028,17.151396226839147,13.757196437454224
47,96,176.8739471435547,0.0020000000949949026,17.52134461935748,14.21896702003479
47,97,199.2027587890625,0.09839999675750732,19.870729790851442,16.036971352767946
47,98,214.1080322265625,0.0,20.68074674987793,16.53238285369873
47,99,178.1359100341797,0.0,17.655291464233397,10.944849542240798
47,100,144.58360290527344,0.0,14.778989730834962,9.865129252625723
47,101,232.30087280273438,0.0,22.153435375976564,16.00001674499512
47,102,204.2325439453125,0.0,19.852088668823242,16.569754261016847
47,103,205.268798828125,0.0,19.93564796447754,17.10133047790527
47,104,217.6393585205078,0.20080000162124634,20.594021590333966,18.506940213775636
48,4,189.0671844482422,0.035599999129772186,18.57205950392562,15.558110592651367
48,5,186.30447387695312,0.0,18.428781940197123,12.527063265800477
48,6,255.29635620117188,0.0012000000569969416,23.931528170776367,18.415449500656127
48,7,199.29327392578125,0.0,19.422125393676758,6.632704874420166
48,8,175.08523559570312,0.0,17.391964331054687,6.610968507480622
48,9,269.50860595703125,0.04560000076889992,25.170921115028044,17.17922338027954
48,10,270.8226013183594,0.03799999877810478,25.17102045185117,17.549829669189453
48,11,274.2806091308594,0.0,25.604412081909178,14.670934156417847
48,12,285.4601135253906,0.0,26.395323010253907,16.186044116210937
48,13,249.5104522705078,0.0,23.56403673095703,15.789096634674072
48,14,202.90589904785156,0.0,19.744004211425782,27.45482064628601
48,15,220.87042236328125,0.0,21.22714457397461,23.209632469177247
48,16,240.87649536132812,0.0,22.83953662414551,18.884015072631836
48,17,251.35389709472656,0.0,23.67527787475586,21.828193057250978
48,18,225.8468017578125,0.0,21.626734762573243,17.070259243774416
48,19,264.0718994140625,0.0,24.69806534423828,19.06850485534668
48,20,281.07598876953125,0.0,26.07523262939453,20.74681559906006
48,21,303.5455322265625,0.00039999998989515007,27.79430185546875,17.16423928184509
48,22,249.00103759765625,0.0,23.50539487915039,17.968537168121337
48,23,304.8746032714844,0.0,27.944580322265626,23.102094359970092
48,24,312.7316589355469,0.0,28.577605508422852,22.30598807296753
48,25,278.8214416503906,0.0,25.934190798950194,21.9877955657959
48,26,287.1473083496094,0.041999999433755875,26.51347418293554,22.47581376953125
48,27,295.3327331542969,0.0,27.225623195760434,24.73285025177002
48,28,268.40850830078125,0.0,25.03033739929199,26.83027823791504
48,29,264.76385498046875,0.0,24.756548608398436,18.405463939857484
48,30,248.660888671875,0.0,23.457327249145507,25.22493551902771
48,31,222.03822326660156,0.0,21.316350988769532,19.633203386688233
48,32,310.4276428222656,0.030400000512599945,28.343888931274414,20.30745605545044
48,33,238.11691284179688,0.0015999999595806003,22.612214065551758,18.57699487991333
48,34,249.09104919433594,0.003599999938160181,23.562039714110526,17.470079956817628
48,35,250.75637817382812,0.0,23.677110037231444,16.9997473236084
48,36,314.8529968261719,0.0,28.686721768188477,22.000224535369874
48,37,254.5788116455078,0.0,24.001173568725587,18.251340523147583
48,38,225.17669677734375,0.0,21.60563585205078,17.304828025817873
48,39,317.6194763183594,0.01640000008046627,28.834415910875812,24.24538684692383
48,40,309.3993835449219,0.0,28.353246466695506,21.119725756073
48,41,284.4380798339844,0.0,26.329836123657227,21.772320879364013
48,42,247.11581420898438,0.0,23.335648150634764,20.29570747489929
48,43,226.51388549804688,0.0,21.693217379760743,17.704573278427123
48,44,316.5693664550781,0.0,28.839666955566408,18.556548979568483
48,45,291.57037353515625,0.0,26.921700396728514,18.786071626663208
48,46,238.2252655029297,0.0,22.63772142944336,23.40266351928711
48,47,235.21310424804688,0.0,22.370649420166014,24.181389712524414
48,48,296.51031494140625,0.0,27.295261880493165,25.329785275268556
48,49,249.43392944335938,0.00039999998989515007,23.608116677856444,19.549874953842163
48,50,225.4796142578125,0.0,21.61993773803711,19.732848793792726
48,51,290.4147644042969,0.0,26.80652160949707,20.45845617980957
48,52,284.5170593261719,0.0,26.31050940551758,20.79170143928528
48,53,279.3800048828125,0.0,25.942824920654296,19.586162253952025
48,54,283.757080078125,0.0,26.289091983032225,18.22347563896179
48,55,267.22100830078125,0.0007999999797903001,24.98578064575195,18.561859131240844
48,56,252.7279510498047,0.0,23.856665426635743,15.851310813903808
48,57,304.5996398925781,0.0,27.927935583496094,19.37407498626709
48,58,247.0782012939453,0.0,23.324688729858398,16.38453925933838
48,59,265.6708984375,0.0,24.858700845336916,18.032001592254638
48,60,255.74774169921875,0.0,23.989540222167967,17.589696818733216
48,61,234.73739624023438,0.0,22.37257007751465,17.89499930152893
48,62,173.08746337890625,0.0,17.24346205444336,18.21059926185608
48,63,185.77444458007812,0.0,18.348546139526366,17.04687944107056
48,64,261.77923583984375,0.0,24.50735465698242,20.73757988433838
48,65,241.5360870361328,0.0,22.933853231811522,19.90256057624817
48,66,270.1175537109375,0.0,25.191054748535155,18.465492946624757
48,67,281.3857421875,0.0,26.125196353149413,19.153377091217042
48,68,305.6011962890625,0.0,28.03509364318848,24.852721955108642
48,69,254.4128875732422,0.00039999998989515007,24.291662919757087,20.995261907958984
48,70,282.5414123535156,0.0,26.162373123168944,19.774242247772218
48,71,299.01361083984375,0.0,27.490023876953124,19.36378238182068
48,72,241.06991577148438,0.0,22.871180041503905,18.51448800048828
48,73,242.34280395507812,0.0,22.96870545654297,16.970836476516723
48,74,248.9248046875,0.0,23.497228643798827,19.89143948097229
48,75,289.50360107421875,0.0,26.739066021728515,20.529753676986694
48,76,221.5138397216797,0.0,21.276997320556642,21.345170349502563
48,77,286.3374938964844,0.0,26.477461444091798,25.17985778160095
48,78,216.55528259277344,0.0,20.88154922180176,21.629215095710755
48,79,189.41273498535156,0.0,18.634412069702147,17.499812284469606
48,80,116.12987518310547,0.0,12.256619049072265,17.34998402481079
48,81,129.71636962890625,0.0,13.473455194091796,14.854575350761413
48,82,101.16712951660156,0.0,10.887303604125977,17.96813931732178
48,83,83.16822052001953,0.0,9.210067150878906,10.922151154327393
48,84,192.0644073486328,0.0,18.82772957763672,13.74544471759796
48,85,222.30357360839844,0.04919999837875366,21.480261067926737,18.02884843711853
48,86,124.06997680664062,0.11559999734163284,12.856689241472962,11.689703421019018
48,87,158.33482360839844,0.07240000367164612,16.117727876266066,14.420266325759888
48,88,164.55921936035156,0.0,16.543192428588867,14.840718845176697
48,89,164.3421173095703,0.0,16.48592557373047,17.88875309753418
48,90,183.34864807128906,0.00559999980032444,18.047864416503906,16.90878268890381
48,91,166.3622283935547,0.046799998730421066,16.638232163979975,14.95376512966156
48,92,168.90884399414062,0.0,16.85490173339844,14.292607000350952
48,93,145.32400512695312,0.005200000014156103,14.755770114172808,11.340989965438842
48,94,171.5457763671875,0.1151999980211258,16.732022904920605,12.660583958244324
48,95,175.05198669433594,0.03880000114440918,17.108533181759835,13.524177020263672
48,96,161.68310546875,0.036400001496076584,16.09457550311232,13.561047235107422
48,97,140.81356811523438,0.22200000286102295,14.596668693346855,14.064970069122314
48,98,228.70668029785156,0.0,21.87197565612793,15.91549740371704
48,99,229.22340393066406,0.0,21.95875365600586,14.89935711669922
48,100,223.98081970214844,0.0,21.4929129486084,15.712869932937622
48,101,274.80169677734375,0.0,25.573996267700196,21.792542175674438
48,102,220.5946502685547,0.0,21.162439920043944,16.690070862960816
48,103,179.10508728027344,0.0,17.79876860871737,18.24702871055603
48,104,182.57701110839844,0.23639999330043793,17.534093179868137,16.142900801467896
49,4,173.42437744140625,0.01119999960064888,17.245028730349247,15.42013819961548
49,5,183.49908447265625,0.0,18.12111208131544,14.050830465698242
49,6,183.89195251464844,0.0,18.18264170227051,14.345232499694824
49,7,219.2544403076172,0.0,21.231324740600584,12.758795969581604
49,8,172.74449157714844,0.0,17.217508697509764,10.474303888320923
49,9,234.019287109375,0.0020000000949949026,22.251613415527345,16.138240837669372
49,10,232.6084747314453,0.0,22.017012750326586,18.31362734184265
49,11,230.7543182373047,0.0,22.043760399827978,14.954198319625855
49,12,247.65855407714844,0.0,23.422169400024416,13.99303198223114
49,13,278.9306335449219,0.0,25.8863814453125,15.892223899650574
49,14,210.34556579589844,0.0,20.35386741333008,16.208767841529845
49,15,232.26458740234375,0.0,22.143647232055663,23.545050679397583
49,16,223.96072387695312,0.0,21.509744775390626,19.4582756690979
49,17,273.35186767578125,0.0,25.456795635986328,19.098681052017213
49,18,245.20164489746094,0.0,23.242048727416993,20.748230375289918
49,19,265.0302734375,0.0,24.81341085510254,22.884708982849123
49,20,191.971923828125,0.0,18.842311502075194,18.72239758872986
49,21,284.62646484375,0.0,26.37586410217285,14.40742400932312
49,22,233.1565399169922,0.0,22.23668814086914,20.077721410369872
49,23,275.1223449707031,0.0,25.615243685913086,22.281373127746583
49,24,316.8301696777344,0.0,28.856572702026366,23.862695694732665
49,25,289.75054931640625,0.0,26.691336419677736,21.84984613723755
49,26,228.32562255859375,0.0,21.850666201782225,19.968119164657594
49,27,263.1750793457031,0.0,24.61958617184758,21.68892029571533
49,28,265.6595153808594,0.0,24.823876727294923,23.608069873809814
49,29,284.27337646484375,0.0,26.319983294677733,21.68346638145447
49,30,297.6696472167969,0.0,27.384524389648437,22.543419143676758
49,31,272.5564880371094,0.0,25.42567823791504,21.18822679672241
49,32,332.1521911621094,0.0,30.05890509643555,20.440283504867555
49,33,241.09402465820312,0.0,22.875343783569335,17.844940198516845
49,34,276.58795166015625,0.0,25.685420803833008,21.698241575241088
49,35,296.3691711425781,0.0,27.27349280395508,19.764835667800902
49,36,195.361328125,0.0007999999797903001,19.16431701660156,17.469533280181885
49,37,196.4714813232422,0.0,19.20964772644043,21.57410028209686
49,38,276.0889587402344,0.004000000189989805,25.677992260742187,22.803713720321657
49,39,283.1927490234375,0.0,26.23821388549805,28.540300366973877
49,40,310.54998779296875,0.0,28.35814426608724,24.133569739532472
49,41,282.41546630859375,0.0,26.200707098388673,18.42950441093445
49,42,275.6800842285156,0.0,25.65612848815918,21.707630624389648
49,43,281.0430603027344,0.0,26.07056260070801,25.57205490951538
49,44,265.0150146484375,0.0,24.66860940551758,21.297681762313843
49,45,283.02081298828125,0.0,26.372925880156366,17.357217766952516
49,46,255.7740020751953,0.0,24.113710343146046,18.199613916397094
49,47,258.41937255859375,0.012400000356137753,23.85193559390642,20.80092724571228
49,48,318.74395751953125,0.01119999960064888,28.86678797249842,19.670044729614258
49,49,235.02980041503906,0.0,22.378580892944335,21.21640945625305
49,50,213.9106903076172,0.0,20.70882077331543,17.378391024017333
49,51,237.87551879882812,0.0,22.613202328491212,19.49850557060242
49,52,261.539794921875,0.0,24.525959661865233,18.374453825378417
49,53,263.97271728515625,0.0,24.730104708862303,20.58439069633484
49,54,260.77587890625,0.0,24.41709274597168,18.537725076675414
49,55,285.88311767578125,0.012000000104308128,26.552866708374022,18.94991429824829
49,56,259.5748291015625,0.0,24.353527267456055,15.608121203231812
49,57,304.7181396484375,0.0,27.981250051879883,16.666432597351076
49,58,250.9157257080078,0.0,23.67677671508789,15.539569636154175
49,59,236.08201599121094,0.0,22.47569786987305,15.536557032394409
49,60,200.77903747558594,0.0,19.533094625854492,14.697545100402833
49,61,235.84426879882812,0.0,22.450067404174806,17.309884128570555
49,62,231.4176025390625,0.0,22.08236264038086,18.743817828369142
49,63,217.5707244873047,0.0,20.966620376586913,17.41230062828064
49,64,172.02561950683594,0.0,17.105100631713867,15.710686745262146
49,65,261.8412780761719,0.0,24.56961471862793,18.56514842224121
49,66,284.189208984375,0.0,26.305235928344725,20.184048875045775
49,67,248.7351531982422,0.0,23.47609109802246,22.905140013885497
49,68,230.12640380859375,0.0,21.96215027770996,22.62171945877075
49,69,260.61810302734375,0.003599999938160181,24.57840406574594,17.46332941761017
49,70,224.18414306640625,0.0,21.49212781677246,17.250834049987795
49,71,251.11676025390625,0.0,23.636025109863283,15.217222054862976
49,72,250.951171875,0.0,23.60623696899414,16.836034576034546
49,73,247.76046752929688,0.0,23.43009855041504,16.10425284614563
49,74,281.708740234375,0.0,26.118118524169923,17.786596768569947
49,75,286.8230285644531,0.0,26.525920608520508,21.92682667541504
49,76,280.1987609863281,0.0,25.993456954956056,20.722772064971924
49,77,272.5270080566406,0.0,25.395410488891603,22.736801614379882
49,78,223.19418334960938,0.0,21.410889492797853,18.701145236587525
49,79,257.4037780761719,0.0,24.174548513793944,17.425029453086854
49,80,127.26945495605469,0.0,13.246449362182616,15.7994914144516
49,81,97.99586486816406,0.0,10.597552792358398,16.148766003990172
49,82,66.68404388427734,0.0,7.606040188598633,16.592954917144777
49,83,73.24091339111328,0.0,8.278815283203125,11.78894266757965
49,84,170.9564971923828,0.0015999999595806003,17.090431155045508,14.446531128883361
49,85,88.8533935546875,0.10760000348091125,9.180596623008109,11.704248735809326
49,86,101.64752960205078,0.10440000146627426,10.205206708536302,9.549083960297704
49,87,99.65258026123047,0.1695999950170517,9.81182107112134,11.235345219348371
49,88,123.7082748413086,0.10279999673366547,12.970707555869957,13.60150920329094
49,89,134.73912048339844,0.05000000074505806,13.504988350193095,14.270222230529786
49,90,153.11184692382812,0.0,15.495399768066406,16.52734841079712
49,91,166.1505889892578,0.0,16.649016693115236,14.948520267295837
49,92,154.01829528808594,0.0,15.590757623291015,12.878600335502625
49,93,146.06637573242188,0.0,15.03386618347168,11.36393088798523
49,94,154.949951171875,0.0,15.656406314086913,13.595927736473083
49,95,205.0752716064453,0.0,19.921156378866083,14.914591749191285
49,96,187.42507934570312,0.041200000792741776,18.517753481433534,15.304351736831665
49,97,169.43333435058594,0.01720000058412552,16.33185646321963,14.108681655120849
49,98,182.4257354736328,0.22920000553131104,17.92426375681902,14.606081525802612
49,99,204.8924102783203,0.0,19.87179701152277,14.674814332962036
49,100,164.2169647216797,0.019999999552965164,16.631141867012595,13.801161347579956
49,101,212.28265380859375,0.0,20.515207373046874,14.776011640548706
49,102,209.0625762939453,0.0,20.277510122680663,14.689342888832092
49,104,235.54995727539062,0.24799999594688416,21.780306915029946,18.48587608127594
50,4,213.4938507080078,0.036400001496076584,20.575280794022536,8.532813570594788
50,5,258.4493408203125,0.018400000408291817,24.223151635221065,14.245923472595214
50,6,237.9443359375,0.0,22.639741369628908,14.38047870388031
50,7,227.28097534179688,0.00039999998989515007,21.82485699157715,13.79084013748169
50,8,197.96473693847656,0.0,19.33471685180664,15.805726493835449
50,9,299.2260437011719,0.0015999999595806003,27.500836694335938,18.91406108856201
50,10,226.57656860351562,0.0,21.803163010270108,17.780618171310426
50,11,193.40673828125,0.00559999980032444,19.008432427387536,17.414680028152464
50,12,182.0192413330078,0.0,17.972923727416994,15.614309321212769
50,13,185.45870971679688,0.0,18.2542887298584,14.447093648719788
50,14,226.52659606933594,0.0,21.68596464538574,17.232092195510866
50,15,188.1844940185547,0.0,18.549705581665037,17.60008742790222
50,16,181.64913940429688,0.0,17.960915274047853,20.830471061325074
50,17,265.6383361816406,0.0,24.837048361206055,18.922842056274416
50,18,303.853271484375,0.0,27.861836227416994,20.092843362808228
50,19,283.17437744140625,0.0,26.229571295166014,21.405050021362303
50,20,271.2408142089844,0.0,25.314432159423827,16.265837139129637
50,21,216.70082092285156,0.0,20.886277349853515,15.058667552947998
50,22,218.5085906982422,0.0,21.03185922546387,17.402549219512938
50,23,245.84286499023438,0.0,23.316914724731447,19.75687605552673
50,24,229.9479217529297,0.0,21.992637390136718,21.825628018951416
50,25,280.82598876953125,0.0,26.03578479309082,22.542760390853882
50,26,246.5537872314453,0.0,23.363747390747072,16.31151638832092
50,27,274.0316162109375,0.0,25.510682644653322,23.24653821182251
50,28,280.12713623046875,0.0,26.000779400634766,19.232705474853514
50,29,286.1089782714844,0.0,26.67053533647311,23.65526238861084
50,30,247.52664184570312,0.0,23.36250480041504,23.819173659515382
50,31,328.65203857421875,0.019600000232458115,29.8738997467041,28.642720823669432
50,32,301.0533752441406,0.0,27.66588419494629,30.264451942825318
50,33,265.5113220214844,0.0,24.840473919677734,23.55662789001465
50,34,249.42735290527344,0.0,23.567756408691405,23.36380833015442
50,35,277.0362548828125,0.0,25.775903629273976,21.610825190734865
50,36,264.7660217285156,0.040800001472234726,24.79559824523926,17.97541492500305
50,37,274.8843078613281,0.0,25.56835616455078,16.64381695137024
50,38,250.1895751953125,0.005200000014156103,23.55680948486328,22.5329563041687
50,39,253.13800048828125,0.0,23.783618435668945,20.92214083633423
50,40,303.1717834472656,0.0,27.83156443786621,24.351525437164305
50,41,319.1939392089844,0.0,29.051268035888672,26.30775505065918
50,42,325.20123291015625,0.0,29.490318212270928,26.06360526046753
50,43,234.42083740234375,0.0,22.342383041381837,20.795159104537962
50,44,289.4510803222656,0.0031999999191612005,26.65817485370169,23.400115739822386
50,45,253.9842071533203,0.0,23.958685089111327,17.14058424758911
50,46,324.4389953613281,0.002400000113993883,29.572296412947708,28.32571814041138
50,47,326.8118591308594,0.007199999876320362,29.983494323449673,21.92671340713501
50,48,292.0009460449219,0.009200000204145908,26.909344370170476,21.485486876296996
50,49,279.80462646484375,0.012799999676644802,26.022750181220307,17.217210619354248
50,50,282.4952697753906,0.0,26.216205728149415,16.57648109664917
50,51,236.72154235839844,0.0,22.56003094177246,15.515521228027344
50,52,242.08750915527344,0.0,22.973651010131835,18.150351579284667
50,53,260.9111633300781,0.009600000455975533,24.420429985913223,17.04731697368622
50,54,235.1798095703125,0.0012000000569969416,22.39513324497698,18.048353858566283
50,55,287.4944152832031,0.0,26.526816021728514,19.339281454849242
50,56,255.8299560546875,0.0,24.023767028808592,17.56111251602173
50,57,327.86627197265625,0.0,29.745451525878906,17.43044915237427
50,58,271.9267578125,0.0,25.34221142272949,17.998711810302733
50,59,296.3510437011719,0.0,27.28667816467285,20.437303006744386
50,60,224.68966674804688,0.0,21.537229638671874,16.369390759277344
50,61,256.3896484375,0.0,24.073620901489257,18.370257971572876
50,62,264.5159606933594,0.0,24.752461233520506,16.796615419387816
50,63,258.62042236328125,0.0,24.256238400268554,18.81600553855896
50,64,213.0512237548828,0.0,20.54664111022949,17.822209410476685
50,65,245.9805145263672,0.0,23.269129290771485,19.00063903160095
50,66,232.78892517089844,0.0,22.173595483398437,15.73549060268402
50,67,264.0321350097656,0.0,24.71854045715332,21.491166468429565
50,68,225.55368041992188,0.0,21.60010256347656,16.704369312667847
50,69,243.11146545410156,0.0,23.023626028442383,17.85830702152252
50,70,227.86932373046875,0.0,21.801609552001953,16.575569598007203
50,71,222.60903930664062,0.0,21.416399578857423,15.757128645706176
50,72,193.19915771484375,0.0,18.973568038940428,15.221387651824951
50,73,233.87022399902344,0.0,22.296677697753907,16.252183964157105
50,74,234.9792022705078,0.0,22.371215493774415,16.012997233963013
50,75,296.693603515625,0.0,27.297821179199218,18.67917593154907
50,76,331.3899230957031,0.0,30.055269680786132,23.026875302124022
50,77,251.11769104003906,0.0,23.6971775390625,17.93630264778137
50,78,187.1915740966797,0.0,18.43054797668457,14.11411181755066
50,79,208.01747131347656,0.0,20.155298147583007,17.17891369667053
50,80,136.30772399902344,0.0,14.052066915893555,15.346751417160034
50,81,110.96935272216797,0.0,11.794232290649415,16.469662387466432
50,82,142.9011993408203,0.0,14.643330258178711,18.321344756698608
50,83,95.12518310546875,0.0,10.34204006652832,14.72514201593399
50,84,142.5869140625,0.003599999938160181,14.577402851675318,13.525631437683105
50,85,72.7430419921875,0.0,8.21044464111328,7.640379393482208
50,86,66.7254409790039,0.0,7.625687014770508,7.152259625349939
50,87,75.6915512084961,0.0,8.444852352905274,9.282816069698335
50,88,80.9520034790039,0.0,9.079344692993164,9.041706337713078
50,89,123.86328125,0.03920000046491623,12.845252575683594,13.081660689353942
50,90,112.93389892578125,0.0,11.961965896606445,13.871316640090942
50,91,166.9263458251953,0.0,16.707509216308594,13.791713898468018
50,92,137.91075134277344,0.0,14.189572171020508,13.894235914993287
50,93,130.87344360351562,0.14640000462532043,13.572157597453177,10.352271860599517
50,94,169.48777770996094,0.012000000104308128,16.907572702026368,12.9681389544487
50,95,199.253662109375,0.035999998450279236,19.43312252305367,15.624448971557618
50,96,140.62100219726562,0.17960000038146973,14.40997136751018,12.51275734539032
50,97,148.89552307128906,0.04839999973773956,15.017559486426018,14.16349500694275
50,98,167.36973571777344,0.026000000536441803,16.72251998679306,14.337023009109497
50,99,169.56283569335938,0.002400000113993883,16.97061624389899,14.695074117279052
50,100,126.61338806152344,0.024000000208616257,13.340681953413123,13.168203310394286
50,101,175.04086303710938,0.0,18.11138951233744,14.950712846755982
50,102,228.58290100097656,0.0,21.849086450195312,13.676923503112793
50,103,233.4455108642578,0.010400000028312206,21.50240363891548,16.170137757873537
51,4,159.7733612060547,0.0803999975323677,16.055253392667964,7.0721244117736815
51,5,207.07232666015625,0.0,20.051092674676852,11.504213725376129
51,6,249.2910919189453,0.0,23.5178193359375,16.92151574783325
51,7,222.05557250976562,0.0,21.325271798706055,14.314061406707763
51,8,226.81939697265625,0.0,21.733605923461916,17.29465453643799
51,9,220.34877014160156,0.01080000028014183,21.234008646514916,14.61646100540161
51,10,158.88429260253906,0.14159999787807465,16.035503089989774,15.062478189086914
51,11,201.29397583007812,0.0012000000569969416,19.575683923339845,16.088632176208495
51,12,275.9586486816406,0.0,25.66218744506836,19.912393689727782
51,13,235.3750457763672,0.0,22.41596096496582,17.88715814704895
51,14,244.43190002441406,0.0,23.140774099731445,21.722646229171755
51,15,245.40682983398438,0.0,23.227655880737306,23.365315291595458
51,16,272.8636779785156,0.0,25.449731646728516,25.820777529907225
51,17,225.30625915527344,0.0,21.5994068359375,18.403786864852904
51,18,277.1013488769531,0.0,25.762126431274414,19.42056605911255
51,19,280.31024169921875,0.0,26.014938549804686,21.852018886566164
51,20,290.7226867675781,0.0,26.870883096313477,19.436987717819214
51,21,245.64657592773438,0.0,23.249553842163085,17.54292159729004
51,22,294.80316162109375,0.0,27.162035891723633,16.013319021224977
51,23,211.47120666503906,0.0,20.450782135009767,15.950673820877075
51,24,244.21868896484375,0.0,23.1356919921875,16.77232474822998
51,25,302.29718017578125,0.0015999999595806003,27.72751778564453,21.056103253173827
51,26,248.64254760742188,0.0,23.49617773742676,17.05784552192688
51,27,307.8039245605469,0.0,28.15305260925293,23.302318811416626
51,28,321.5600891113281,0.0,29.236048611450194,22.791991134643556
51,29,262.8502197265625,0.0,24.596629983520508,22.41737633666992
51,30,303.91436767578125,0.0,27.9059450592041,25.521401726531984
51,31,292.1405334472656,0.0,26.93840884399414,24.217572120666503
51,32,289.376953125,0.0,26.72914852294922,27.01233047103882
51,33,269.9836120605469,0.0,25.222482501220703,22.202886516952514
51,34,313.3846740722656,0.0,28.637660302734375,23.449076151657106
51,35,311.71124267578125,0.0,28.496295263671875,25.530174096679687
51,36,267.6128234863281,0.0,24.996927352905274,20.20904773979187
51,37,281.3524169921875,0.0,26.108729721069334,21.827484927368165
51,38,305.9103698730469,0.0,28.040551779174805,21.027300525283813
51,39,270.04345703125,0.0,25.194634896850587,21.912291590499876
51,40,263.4425354003906,0.0,24.657329534912108,20.322392503356934
51,41,358.21856689453125,0.0851999968290329,32.01062949936691,24.925639218139647
51,42,198.58865356445312,0.0,19.368354580688475,22.013141032409667
51,43,258.1775817871094,0.0,24.217585256958007,21.736511016845704
51,44,262.1578674316406,0.0,24.57437137145996,20.56122911949158
51,45,289.83038330078125,0.0,26.774566317749024,19.89907694530487
51,46,218.51905822753906,0.0,20.999641110229494,17.427199667358398
51,47,283.94049072265625,0.0,26.272496676635743,19.43900580291748
51,48,301.58587646484375,0.0,27.64168583984375,19.62781283531189
51,49,307.87762451171875,0.0,28.19787088623047,20.265203538894653
51,50,290.09124755859375,0.0,26.73828394165039,16.51254433746338
51,51,253.43809509277344,0.0,23.854769790649414,17.93041082496643
51,52,260.16259765625,0.0,24.412257983398437,22.4979423992157
51,53,314.57049560546875,0.0,28.722477041625975,21.305095826721193
51,54,239.3892364501953,0.0,22.721302459716796,19.483464368057252
51,55,210.9844207763672,0.0,20.391262060546875,19.188207360839844
51,56,274.99310302734375,0.0,25.599958322143554,20.072516902542116
51,57,276.8168029785156,0.0,25.740256958007812,21.04780237045288
51,58,297.5975341796875,0.0,27.389015213012694,19.379137114715576
51,59,258.34259033203125,0.0,24.248445330810547,18.31824744949341
51,60,231.74533081054688,0.0,22.099767819213866,16.80678122138977
51,61,335.92889404296875,0.0,30.351444375610352,23.92347290802002
51,62,257.84954833984375,0.0,24.225380697631834,18.163691231536866
51,63,267.21533203125,0.0,24.948001812744142,18.655156798934936
51,64,191.77206420898438,0.0,18.793569488525392,15.801313916778565
51,65,234.1635284423828,0.0,22.296938949584963,19.13806655921936
51,66,258.1960754394531,0.0,24.231421704101564,16.342274310684203
51,67,268.0834045410156,0.0,25.052435192871094,21.097926315689087
51,68,260.3670654296875,0.0,24.41010248413086,21.01513239402771
51,69,289.2798156738281,0.0,26.72725196533203,16.771275399017334
51,70,243.98422241210938,0.0,23.111841787719726,17.053562632751465
51,71,215.6580047607422,0.0,20.791169918823243,13.77575649242401
51,72,155.86639404296875,0.0,15.753689877319337,12.717791626930238
51,73,194.21878051757812,0.0,19.009166943359375,14.994373036575317
51,74,249.64312744140625,0.0,23.555417474365235,20.23233709793091
51,75,289.82098388671875,0.0,26.767955392456056,26.40927974433899
51,76,273.81304931640625,0.0,25.495145825195312,23.8986862323761
51,77,257.9637451171875,0.0,24.229607174682616,19.023041190719603
51,78,184.8308868408203,0.0,18.239763150024412,17.63252571182251
51,79,189.55706787109375,0.0,18.622830847167968,16.737816361236572
51,80,164.57424926757812,0.014800000004470348,16.43831690979004,13.566033053207397
51,81,137.4105682373047,0.0,14.128386569213868,15.369543009567261
51,82,179.09523010253906,0.0,17.742037707519533,16.007803857040404
51,83,186.20098876953125,0.0,18.38701608581543,16.522593161392212
51,84,197.6905975341797,0.0,19.33947038574219,15.922025088882446
51,85,160.3688201904297,0.0,16.060728607241604,14.184301893424987
51,86,135.03903198242188,0.0,13.896197094726562,15.0189264629364
51,87,80.69123840332031,0.0,8.998483959960938,12.071004359006881
51,88,97.14473724365234,0.0015999999595806003,10.270252370795488,11.458653980591148
51,89,164.64501953125,0.0,16.487395877075194,17.26494192237854
51,90,181.39505004882812,0.058800000697374344,17.68879016226409,16.012090816497803
51,91,192.00111389160156,0.02160000056028366,18.8136593928627,15.007769702148437
51,92,143.4354248046875,0.05400000140070915,14.638060285657309,12.58390085029602
51,93,130.0591583251953,0.12759999930858612,13.328281844848982,10.614634829330445
51,94,142.63412475585938,0.10360000282526016,14.569389253394764,13.583415102767944
51,95,148.5655059814453,0.0,15.103481066894531,16.111420572280885
51,96,171.24398803710938,0.025599999353289604,17.067405962539933,14.52434443283081
51,97,169.09779357910156,0.0,16.84822703552246,14.699729818725586
51,98,158.56222534179688,0.0,16.033223794555663,13.857659523391723
51,99,148.87356567382812,0.0,15.150794247436524,13.093255657577515
51,100,121.46347045898438,0.12960000336170197,12.780675307496168,12.030066623306274
51,101,187.09384155273438,0.10999999940395355,18.289287393585568,14.584735348892211
51,102,203.16998291015625,0.0,19.805480142211913,15.39935951461792
51,103,252.33175659179688,0.0,23.764430740356445,15.745376138305664
51,104,237.95286560058594,0.0012000000569969416,22.59835771037143,12.992695474243163
52,4,124.41529846191406,0.1444000005722046,13.045698981800053,7.195014282226563
52,5,118.44683837890625,0.0,12.461065963745117,9.201409663581849
52,6,242.55271911621094,0.005200000014156103,23.076361195861445,18.12778450126648
52,7,271.2521667480469,0.0,25.333634963989258,19.49604207801819
52,8,269.2883605957031,0.006800000090152025,25.137083728027342,17.432717626953124
52,9,222.09469604492188,0.0031999999191612005,21.434790569670252,17.34173444595337
52,10,182.86495971679688,0.12520000338554382,17.745043962634917,12.08486583518982
52,11,230.1742706298828,0.0,21.98932658081055,16.595077856826784
52,12,258.5976867675781,0.0,24.264135864257813,18.59932393798828
52,13,177.8651580810547,0.0,17.64300834350586,11.753286240625382
52,14,181.5882568359375,0.0,17.94115407104492,15.134518691444397
52,15,199.79830932617188,0.0,19.472345376586915,15.87144903755188
52,16,281.2862854003906,0.0,26.130890127563475,19.92908748283386
52,17,247.01211547851562,0.0,23.3641760345459,21.216212518692018
52,18,292.0010986328125,0.0,26.945815182495117,26.624781468963622
52,19,269.1894836425781,0.0,25.094849032592773,26.05515482635498
52,20,274.16290283203125,0.0,25.543715310668944,25.495449571990967
52,21,270.6524963378906,0.0,25.22325534362793,21.5735579372406
52,22,361.1083984375,0.0,32.303377673339845,27.594646315002443
52,23,275.39544677734375,0.0,25.604732382202148,15.496716064834594
52,24,245.56149291992188,0.0,23.215416229248046,19.38916820449829
52,25,267.9609375,0.00559999980032444,25.035658627319336,22.515225832366944
52,26,345.23699951171875,0.0,31.06141788330078,24.610237122726442
52,27,318.2576599121094,0.0,29.013876943969727,25.438809677505493
52,28,332.144775390625,0.0,30.073352239990236,24.51311912841797
52,29,273.1848449707031,0.0,25.392681414787482,24.77139218826294
52,30,290.7297058105469,0.0,26.86171047363281,23.189093438720704
52,31,274.17681884765625,0.0,25.55928017272949,20.508949716567994
52,32,281.1660461425781,0.0,26.09165105895996,23.784820087432863
52,33,274.2362060546875,0.0,25.535448248291015,20.96222357444763
52,34,233.6204833984375,0.0,22.294785717773436,20.852411615753173
52,35,245.6797637939453,0.0,23.338477130126954,18.84814456367493
52,36,249.34170532226562,0.0,23.507010275268556,18.760951834869385
52,37,246.32281494140625,0.0,23.275657281345154,23.708582915115358
52,38,271.0648498535156,0.0,25.305233001708984,18.205242852020262
52,39,211.68191528320312,0.0,20.45212028503418,17.874410308265688
52,40,228.07887268066406,0.0,21.831669079589844,19.403372464370726
52,41,315.9949035644531,0.0,28.84683454284668,24.60275181541443
52,42,204.76217651367188,0.0,19.898194970703123,17.46399077987671
52,43,318.45745849609375,0.0007999999797903001,28.95271509652186,19.23835285873413
52,44,279.9696960449219,0.0007999999797903001,26.004542617797853,19.02681578178406
52,45,248.39834594726562,0.0,23.438251559448243,19.60998547515869
52,46,264.41845703125,0.0,24.773096682739258,19.04129600906372
52,47,281.89056396484375,0.0,26.142881988525392,19.351855003738404
52,48,248.69671630859375,0.014800000004470348,23.483512700419222,17.879435974502563
52,49,295.8657531738281,0.0,27.236056073841702,19.897579447555543
52,50,286.4659118652344,0.0,26.50936522216797,17.947576828765868
52,51,299.0885925292969,0.0568000003695488,27.354881645543152,19.53800732460022
52,52,274.3069763183594,0.00800000037997961,25.451168029785155,24.14122045059204
52,53,302.0322570800781,0.0,27.659308831787108,21.655043727874755
52,54,250.65721130371094,0.12520000338554382,23.820736535720666,18.240096218872072
52,55,263.2118835449219,0.008799999952316284,24.626735528564453,19.97538389930725
52,56,293.45245361328125,0.0,27.047477810668944,23.47072180709839
52,57,286.4346923828125,0.0,26.474187377929688,21.813748653030395
52,58,259.8063659667969,0.0,24.377272702026367,16.507796408081056
52,59,334.3516845703125,0.0,30.23207300415039,20.716590074920653
52,60,292.3744201660156,0.0,26.973688488769533,17.952555528640747
52,61,251.30833435058594,0.0,23.661899072265626,18.763795702552795
52,62,219.1196746826172,0.0,21.094377062988283,18.229598119354247
52,63,255.2868194580078,0.0,24.011757608032227,19.528122883224487
52,64,257.5796813964844,0.0,24.202902767944337,20.422777435302734
52,65,259.5233154296875,0.0,24.360797052001953,24.635492557525634
52,66,335.80206298828125,0.0,30.339107522583006,21.2312943775177
52,67,281.5525817871094,0.0,26.09541806640625,22.03278515625
52,68,214.90365600585938,0.0,20.76908650817871,17.14738380279541
52,69,290.9570617675781,0.0,26.853455923461915,17.414461003875733
52,70,245.60316467285156,0.0,23.189290057373046,17.871174228286744
52,71,267.4516296386719,0.0,24.987542465209962,15.646816456985473
52,72,245.057373046875,0.0,23.18420001831055,16.35007748451233
52,73,143.57183837890625,0.0,14.67824390258789,7.189386427593231
52,74,207.82107543945312,0.0,20.14779697265625,15.482932169723512
52,75,244.49624633789062,0.0,23.144710427856445,18.43871650505066
52,76,203.0644073486328,0.0,19.743217599487306,20.57876838722229
52,77,239.3255157470703,0.0,22.72672708129883,18.328299698257446
52,78,188.94692993164062,0.0,18.565774850463868,16.736975201416016
52,79,160.3495635986328,0.0,16.15615791583462,14.430318600463867
52,80,125.0999526977539,0.0,13.030965750819929,13.226047748947144
52,81,150.4099884033203,0.0012000000569969416,15.29435920715332,15.024898997497559
52,82,177.53909301757812,0.009600000455975533,17.70032161796738,16.84736345100403
52,83,142.2190399169922,0.0,14.600703173828125,15.3727800863266
52,84,195.30508422851562,0.06199999898672104,19.052405298909832,17.412263718414305
52,85,202.7250213623047,0.0,19.73189403076172,16.475306923675536
52,86,153.0488739013672,0.004000000189989805,15.498594989013672,16.613510679244996
52,88,95.3758773803711,0.00279999990016222,10.301741487998177,12.080600122213363
52,89,138.98074340820312,0.0020000000949949026,14.236504438931574,15.563000053489208
52,90,144.0723419189453,0.164000004529953,14.571005123328431,15.485017617797851
52,91,129.9743194580078,0.00279999990016222,13.517541316241408,15.092967963027954
52,92,183.30245971679688,0.0,18.055014373779297,15.274485682678222
52,93,117.91819763183594,0.05559999868273735,12.315647976564996,12.860083159065246
52,94,134.28489685058594,0.03759999945759773,13.747238535120868,12.279033033943175
52,95,139.42129516601562,0.0,14.387538383273231,14.873526197433472
52,96,129.43743896484375,0.0,13.648694582385644,15.354672560882568
52,97,153.10494995117188,0.0,15.588968811035157,15.086469659805298
52,98,142.45143127441406,0.06840000301599503,14.606882327216793,13.43395853881836
52,99,132.2982177734375,0.004800000227987766,13.706751042590106,13.084224662399292
52,100,144.0107879638672,0.02759999968111515,14.94148166645326,14.025483897399903
52,101,140.43540954589844,0.06639999896287918,14.675860667630078,14.240070197296143
52,102,186.54141235351562,0.09880000352859497,18.32363698702209,13.639819799423218
52,103,234.57911682128906,0.0,22.33719476928711,13.342501880550385
52,104,232.6260223388672,0.0020000000949949026,22.167027239990233,15.69485122756958
53,4,113.69420623779297,0.18440000712871552,12.046359651050128,7.99529640083313
53,5,90.45542907714844,0.08879999816417694,9.870962825423131,7.583430960655212
53,6,150.9261016845703,0.03880000114440918,15.500969923428244,15.129169700622558
53,8,245.27618408203125,0.05719999969005585,23.475448370393064,16.56023362350464
53,9,160.24806213378906,0.21359999477863312,16.32528320009596,14.093042905044555
53,10,173.4845733642578,0.1459999978542328,17.38441882187061,14.464989813995361
53,11,239.4915008544922,0.0,22.742564715576172,15.286377909088134
53,12,261.5068054199219,0.0,24.507613186645507,18.17965556602478
53,13,231.06407165527344,0.0,22.09925364074707,12.589122316741943
53,14,210.1392822265625,0.0,20.332263000488283,16.140264781188964
53,15,251.0723419189453,0.0,23.709035314941406,18.900178469467164
53,16,199.6651611328125,0.0,19.475679669189454,11.830552404975892
53,17,239.2433319091797,0.0,22.664973818969727,14.316353135681153
53,18,194.57510375976562,0.0,19.02672771911621,18.082308026504517
53,19,267.453857421875,0.0,24.985763192749022,17.607445110321045
53,20,265.9953918457031,0.0,24.887315441894533,23.093174097442628
53,21,266.52130126953125,0.0,24.918760116577147,26.913208068084717
53,22,266.2989807128906,0.0,24.900930838012695,24.543251612472535
53,23,250.6131134033203,0.0,23.617088876342773,15.800198114776611
53,24,254.4430694580078,0.0,23.958118716430665,18.56043414955139
53,25,262.8409423828125,0.0,24.602472915649415,16.566003867340086
53,26,257.53973388671875,0.0,24.16134419555664,18.64452710533142
53,27,322.8148193359375,0.0,29.329033575439453,26.802727793884277
53,28,286.1613464355469,0.0,26.51680661621094,19.47208570175171
53,29,256.39093017578125,0.0,24.171644931030272,21.730649838256834
53,30,254.64825439453125,0.0,23.915781259155274,23.10552995071411
53,31,335.2726135253906,0.0,30.31966211339794,22.50242085494995
53,32,219.01394653320312,0.0,21.07989393005371,15.69106586856842
53,33,178.55516052246094,0.0,17.687771548461914,14.870210670471192
53,34,236.6597900390625,0.0,22.483379290771484,18.234221054840088
53,35,279.9791564941406,0.0,26.007954684448244,19.43836996536255
53,36,286.6330261230469,0.0,26.550646867993077,21.019391488265992
53,37,193.50668334960938,0.0,18.992743453979493,24.304524485015868
53,38,279.7091064453125,0.0,25.939421350097657,21.258394093704222
53,39,288.72406005859375,0.009999999776482582,26.72738680419922,22.618545835113526
53,40,258.3981628417969,0.013199999928474426,24.210991042333468,20.004290676116945
53,41,224.73016357421875,0.0,21.501248111623607,19.707046866607666
53,42,280.93798828125,0.0,26.0568438873291,19.365324225616455
53,43,245.90243530273438,0.0,23.2670859375,22.402454141616822
53,44,271.8307800292969,0.0,25.312245892333983,19.162246841430665
53,45,200.52830505371094,0.0,19.511033975219725,16.790457205581664
53,46,274.0418701171875,0.0,25.531255032348632,18.181731555938722
53,47,247.82131958007812,0.0,23.410155923461915,17.96044974632263
53,48,273.6492614746094,0.0,25.475237969970703,16.46567470436096
53,49,232.6563262939453,0.0,22.17787886657715,20.658098390960692
53,50,375.449951171875,0.0,33.4101110748291,27.470403631973266
53,51,280.051025390625,0.01360000018030405,25.994975489455385,19.657690476608277
53,52,281.3755798339844,0.0,26.108668563842773,20.66400568008423
53,53,344.848388671875,0.0,31.078431799316405,21.65980713005066
53,54,286.2032165527344,0.0,26.425002337646486,16.9651685962677
53,55,284.8125915527344,0.0,26.392464904785157,21.042552602005006
53,56,294.9905090332031,0.0,27.201531307983398,20.5252719871521
53,57,282.2422790527344,0.0,26.155972415161134,20.350723279190063
53,58,288.05596923828125,0.0,26.608755499267577,20.97591902885437
53,59,291.3531799316406,0.0,26.897011489868163,22.3081866191864
53,60,344.7001647949219,0.00039999998989515007,30.992036282348632,22.034746072387694
53,61,257.39227294921875,0.0,24.193422482299805,16.721136281204224
53,62,254.7755126953125,0.0,23.979626782226564,16.514570446777345
53,63,253.5419464111328,0.0,23.839010177612305,19.131776019668578
53,64,262.51397705078125,0.0,24.60041247253418,24.06869218521118
53,65,180.8981475830078,0.0,17.890281854248048,19.851835559463503
53,66,244.28787231445312,0.0,23.12368299255371,24.400355429840086
53,67,245.7357940673828,0.01720000058412552,23.09383005335711,21.49794714241028
53,68,204.72152709960938,0.011599999852478504,19.726934553877115,17.975584663009645
53,69,293.8384094238281,0.0,27.124609158325196,18.25185991630554
53,70,264.2899475097656,0.0,24.760121627807617,17.226516017150878
53,71,276.22882080078125,0.0,25.69259627685547,21.322780017089844
53,72,311.612060546875,0.0,28.46164967956543,24.002593194389345
53,73,264.21234130859375,0.0,24.737559884643556,12.972677428627014
53,74,164.65524291992188,0.0,16.510963037109374,14.951637574768066
53,75,197.19491577148438,0.0,19.278330654907226,16.008357723236085
53,76,268.32666015625,0.05400000140070915,24.644187779037104,24.376686908340453
53,77,229.70236206054688,0.0,21.935553189086914,21.740761251068115
53,78,213.06802368164062,0.08320000022649765,20.440132913306286,15.733997923469543
53,79,159.2992401123047,0.11680000275373459,15.763492016443807,13.824824113464356
53,81,144.9685516357422,0.06759999692440033,14.752772923322011,13.685173194503784
53,82,163.9310760498047,0.0,16.402860958862306,13.769629517173767
53,83,127.95503234863281,0.15760000050067902,13.342570473612184,10.878827677345276
53,84,138.4019012451172,0.05400000140070915,14.724748073566133,15.408326152610778
53,85,221.19229125976562,0.0,21.24335535583496,16.171434688568116
53,86,179.52731323242188,0.029999999329447746,17.71673521703603,18.043541759872436
53,88,100.88549041748047,0.0,10.907564639282226,12.09215916800499
53,89,101.90608215332031,0.07440000027418137,10.388717396502381,12.531562934890017
53,90,138.0361785888672,0.13279999792575836,13.736707790748223,16.57147351951599
53,91,151.1914825439453,0.0,15.342203384399413,15.906972741699219
53,92,152.30215454101562,0.0,15.420226111637657,16.563833413887025
53,93,159.45025634765625,0.020400000736117363,16.16903277670983,14.844664696121216
53,94,161.21670532226562,0.004399999976158142,16.129959032091044,14.031336156082153
53,95,159.3524627685547,0.0,16.13885090224564,15.197786053466796
53,96,130.40179443359375,0.1143999993801117,13.9850951300727,14.13215439529419
53,97,134.06716918945312,0.0,13.864954340913647,14.291405292510987
53,98,134.62100219726562,0.0,13.89074358215332,14.113382635879516
53,99,136.474365234375,0.0,14.084521530910633,13.652018809890746
53,100,142.85128784179688,0.23240000009536743,14.050616199474044,13.775346021270751
53,101,144.5396728515625,0.09120000153779984,14.700367679503508,13.599955905151367
53,103,124.62699890136719,0.01720000058412552,13.037499262736393,10.927987035560609
53,104,87.58513641357422,0.0,9.630747006225587,11.006113976049424
54,5,174.50164794921875,0.003599999938160181,18.265330187788695,12.437437220573425
54,6,197.8017120361328,0.0,19.300686019897462,15.882761689949035
54,7,205.90536499023438,0.0,19.9422090423584,15.425036703109742
54,8,158.4283905029297,0.0031999999191612005,16.073319853616187,13.61133609046936
54,9,171.07313537597656,0.18440000712871552,17.39493453454737,12.947346681022644
54,10,211.21914672851562,0.0860000029206276,20.67132301629889,14.16653828201294
54,11,206.1580047607422,0.0,20.016511840820314,15.25265129890442
54,12,187.0401153564453,0.00039999998989515007,18.451266891742893,14.287018253326416
54,13,218.9083709716797,0.0,21.05632892150879,15.324493344116211
54,14,251.9567108154297,0.0,23.719662313842772,16.45730071182251
54,15,252.77200317382812,0.0,23.82708797302246,16.596021831512452
54,16,236.45928955078125,0.0,22.498466809082032,13.654408253097534
54,17,262.5080871582031,0.0,24.590196856689452,14.11150076751709
54,18,191.2069854736328,0.0,18.77765534057617,14.456526572990418
54,19,235.4141082763672,0.0,22.416993380737306,19.729779007720946
54,20,231.0378875732422,0.0,21.946004950012824,21.37739603881836
54,21,314.3395080566406,0.0015999999595806003,28.66468610698256,24.819507243728637
54,22,271.4216003417969,0.0,25.294897439575195,21.66668011894226
54,23,241.76402282714844,0.0,22.944066845703126,20.37849584007263
54,24,184.69699096679688,0.0,18.202464294433593,17.42013697013855
54,25,268.89019775390625,0.0,25.131923602294922,19.2156295463562
54,26,253.6119842529297,0.0,23.861206079101564,20.076423898506164
54,27,270.5841369628906,0.0,25.228924420166017,24.558050496673584
54,28,260.2322692871094,0.0,24.44746276550293,20.24142954673767
54,29,253.7378692626953,0.0,23.97109414066916,22.83392157974243
54,30,299.7606201171875,0.0012000000569969416,27.495734494018556,20.660904830169677
54,31,214.54315185546875,0.0,20.691966363525392,18.86357626876831
54,32,195.95176696777344,0.0,19.199916625976563,14.305953419685364
54,33,244.23619079589844,0.0,23.13771821899414,15.632444344329834
54,34,240.6956787109375,0.0,22.81560635070801,18.99562005882263
54,35,251.68479919433594,0.0,23.72333701171875,17.46143610649109
54,36,306.2337646484375,0.0,27.95272336488229,20.883528872680664
54,37,287.1507568359375,0.0,26.502307653808593,26.928857778930663
54,38,304.2774353027344,0.0,27.89988362121582,23.596131734466553
54,39,342.6709899902344,0.0,30.87506118487204,27.39091328125
54,40,261.99139404296875,0.0,24.568404769897462,22.021506132507323
54,41,256.87530517578125,0.0,24.095799182944017,21.166657582473754
54,42,265.9473876953125,0.0,24.881289221191405,18.885632241821288
54,43,264.62420654296875,0.0012000000569969416,24.75939345703125,19.952564951705934
54,44,258.65679931640625,0.0,24.258553805541993,20.55789090805054
54,45,261.8504943847656,0.0,24.51946450805664,16.926985819244386
54,46,270.3114929199219,0.0,25.209173577880858,21.181608277893066
54,47,269.9534606933594,0.0,25.222717993164064,18.45442223815918
54,48,303.88623046875,0.0,27.87692875061035,19.033084619522096
54,49,246.38748168945312,0.0,23.297866311645507,18.003124360656738
54,50,288.4061279296875,0.0,26.473995983407722,20.257589880371093
54,51,303.13336181640625,0.04639999940991402,27.789502594471934,19.077753842926025
54,52,255.99835205078125,0.09160000085830688,24.1317373754715,16.655839632797242
54,53,241.4088134765625,0.0,22.89740503540039,15.668971660995483
54,54,288.5946960449219,0.0,26.668265646362304,16.95304449310303
54,55,261.8758850097656,0.03400000184774399,24.425506942749024,18.540525343704225
54,56,206.54885864257812,0.0,20.072998607814814,16.77892543678284
54,57,259.0722351074219,0.0,24.308048278808595,17.36105397529602
54,58,233.34742736816406,0.0,22.24759027404785,17.51560540122986
54,59,256.6835632324219,0.0,24.13478506164551,19.911625694656372
54,60,283.11444091796875,0.0,26.21823031616211,21.654922303771972
54,61,266.9179992675781,0.0,24.950241116333007,19.90779834022522
54,62,253.64395141601562,0.0,23.890070941162108,20.696565726089478
54,63,275.3763732910156,0.0,25.620436036939903,22.217242464065553
54,64,203.4909210205078,0.0,19.797390451049804,19.484158192062377
54,65,285.8594665527344,0.0,26.46169142456055,21.569235163497925
54,66,240.37913513183594,0.0,22.803133813476563,17.95532497520447
54,67,254.35084533691406,0.0,23.92879295349121,17.23684654121399
54,68,233.86026000976562,0.0,22.26893723754883,16.705292461395263
54,69,231.17344665527344,0.0,22.070218142700195,16.58202113227844
54,70,273.6912841796875,0.0,25.493937075805665,18.18007654914856
54,71,301.3753356933594,0.0,27.657277822875976,19.281965325927736
54,72,332.053466796875,0.0,30.06744729614258,25.714112605285646
54,73,295.0231628417969,0.0,27.179385052490236,21.89693281288147
54,74,239.12222290039062,0.0,22.73449574584961,17.163090858459473
54,75,128.75926208496094,0.01720000058412552,13.363299287319569,13.129955413627625
54,76,152.67884826660156,0.1316000074148178,14.980671367301108,12.28769080171585
54,79,158.56845092773438,0.17800000309944153,15.91621284520283,13.774530253601075
54,80,144.39674377441406,0.21960000693798065,14.593070079082976,11.533510105133058
54,81,120.49333953857422,0.15240000188350677,12.641977090874889,12.447700007629395
54,82,168.23207092285156,0.0012000000569969416,16.78384548034668,14.210929940223695
54,83,162.31678771972656,0.0,16.293600759887696,13.405482452583312
54,84,147.16629028320312,0.004399999976158142,15.039278763991137,13.212372541999818
54,85,203.47119140625,0.0,19.79638944091797,16.7254826839447
54,86,189.62905883789062,0.00039999998989515007,18.598252853968667,17.209490838241578
54,87,71.97724151611328,0.0007999999797903001,8.031318462000485,12.578822732977942
54,88,70.91703033447266,0.0,8.028791906738281,13.448945135211945
54,89,92.22702026367188,0.11479999870061874,9.64564352910071,14.300959134139866
54,90,91.57329559326172,0.0,10.031491397094726,13.4179971303761
54,91,154.7678985595703,0.0,15.594716912841797,15.460171700523794
54,92,120.02686309814453,0.0,12.596728659057618,15.999782662200928
54,93,156.05760192871094,0.07479999959468842,15.733010231673148,15.04906865081787
54,94,156.28857421875,0.0007999999797903001,15.88605288222277,15.769643329238892
54,95,168.803466796875,0.0,16.850991748046876,15.923257402038574
54,96,163.21405029296875,0.0,16.365093356323243,15.280762950897216
54,97,141.465087890625,0.0,14.540857118756584,15.361700246429443
54,98,156.40452575683594,0.019200000911951065,15.83458270263672,15.851386754608153
54,99,169.93252563476562,0.011599999852478504,16.93231434114173,16.063399952697754
54,100,169.89828491210938,0.01679999940097332,17.15884750455893,14.806113745498656
54,101,148.23941040039062,0.008799999952316284,15.11563039622114,13.65542458229065
54,102,138.08734130859375,0.14560000598430634,14.082716974655055,12.392378075408935
54,103,142.33184814453125,0.04960000142455101,14.50881875031417,13.487816235542297
54,104,108.48799896240234,0.0,11.554687573242187,10.623957603931427
55,4,235.79800415039062,0.012799999676644802,21.994319939592074,15.856650085258483
55,5,255.35910034179688,0.0,24.07251795349121,17.157141387557985
55,6,226.49339294433594,0.05400000140070915,21.82842728765128,16.853375887298583
55,7,210.0427703857422,0.0007999999797903001,20.329445544433593,13.5218082321167
55,8,155.33773803710938,0.041600000113248825,15.702443960656478,12.417688454246521
55,9,148.67747497558594,0.0,15.065332815551757,9.152491143035888
55,10,166.85293579101562,0.006399999838322401,16.691815899658202,11.168570208740235
55,11,200.8376007080078,0.0,19.588213415527346,13.199726023101807
55,12,281.12506103515625,0.0,26.06335457763672,16.722240631103517
55,13,298.92919921875,0.0,27.494443045043944,17.167630228042604
55,14,262.8594665527344,0.0,24.59139421081543,19.962331084823607
55,15,287.5078430175781,0.0,26.596413613891603,19.865294946861265
55,16,259.7687072753906,0.0,24.361978240966796,15.039920985031127
55,17,209.40774536132812,0.0,20.304940411376954,15.72239956626892
55,18,249.2209014892578,0.0,23.55996237487793,19.089041193962096
55,19,204.16387939453125,0.0,19.858895626831053,14.533492122650147
55,20,186.84104919433594,0.0,18.391224557495118,15.186639086341858
55,21,212.30772399902344,0.0,20.5025270111084,10.798283580970764
55,22,283.3740539550781,0.0,26.277041021728515,14.498610976028443
55,23,265.4431457519531,0.0,24.77885462036133,17.259515937423707
55,24,273.1448974609375,0.0020000000949949026,25.417500439453125,20.053201458358764
55,25,252.8507080078125,0.00279999990016222,23.815908325195313,25.733945519638063
55,26,284.39501953125,0.0,26.345886938476564,24.240966246414185
55,27,342.1817321777344,0.0,30.835884515380858,27.641814195251463
55,28,286.5599060058594,0.0,26.51741901245117,23.836377243423463
55,29,269.0577087402344,0.0,25.112195150756836,22.01322024345398
55,30,291.6274108886719,0.0,26.89653885498047,23.62789347114563
55,31,169.68496704101562,0.0,16.924277255249024,17.80366023902893
55,32,324.9635925292969,0.0,29.515986810302735,24.725370740890504
55,33,261.3842468261719,0.0,24.50399729614258,21.522220036315918
55,34,272.6457214355469,0.0,25.393355895996095,23.776235511398315
55,35,266.1264343261719,0.004000000189989805,24.884810620117186,19.998097596740724
55,36,274.2272644042969,0.0,25.499127108764647,22.889076319885255
55,37,229.82830810546875,0.0,21.97070534057617,23.52999347457886
55,38,264.1342468261719,0.0,24.72287743835449,22.340965055847168
55,39,311.0061340332031,0.003599999938160181,28.449514907836914,25.641591507720946
55,40,267.0027770996094,0.0031999999191612005,24.927170346069335,22.4554511592865
55,41,268.747314453125,0.0,25.111875149536132,19.299359858703614
55,42,206.1961669921875,0.0,20.023465411376954,14.340934487915039
55,43,247.44479370117188,0.0,23.383660705566406,19.856994941329955
55,44,303.2370300292969,0.0,27.82590347595215,25.410663683700562
55,45,259.64764404296875,0.0,24.34696642150879,19.64777992477417
55,46,252.89627075195312,0.0,23.83302545776367,18.76944490852356
55,47,237.17678833007812,0.0,22.491860684204102,17.987511996078492
55,48,192.21031188964844,0.0,18.856271771240234,17.292040737342834
55,49,248.13327026367188,0.0,23.41609538269043,21.78007890472412
55,50,305.0172424316406,0.002400000113993883,27.961591206917337,19.70425651245117
55,51,301.3605651855469,0.004800000227987766,27.660058667928926,19.134963960266113
55,52,249.49456787109375,0.014399999752640724,23.546762885452033,16.073822787094116
55,53,226.3787078857422,0.0,21.6471244140625,15.67011870727539
55,54,263.7829895019531,0.0,24.708471737670898,15.502198861694335
55,55,252.29637145996094,0.0,23.763872335815428,17.265430654144286
55,56,268.4692077636719,0.0,25.05522798461914,17.407567516708372
55,57,258.2246398925781,0.0,24.276463201904296,15.50525902824402
55,58,251.7894744873047,0.0,23.71434608154297,17.425427015686036
55,59,223.7060546875,0.0,21.46909057006836,16.40123243370056
55,60,225.63006591796875,0.0,21.568049044799803,16.539374869918824
55,61,261.73175048828125,0.0,24.54028235168457,17.693486744308473
55,62,270.2948303222656,0.0,25.214902590942383,20.426316371536256
55,63,292.368408203125,0.0,26.971287582397462,19.213066054153444
55,64,258.7940979003906,0.0,24.30561871032715,16.85571171760559
55,65,240.46617126464844,0.0,22.81346863708496,15.994389609909058
55,66,191.7340545654297,0.0,18.81524447631836,12.197526292705536
55,67,271.9958801269531,0.0,25.35145140991211,17.710203978729247
55,68,274.7095947265625,0.0,25.54003891906738,22.118084703063964
55,69,263.57342529296875,0.006399999838322401,24.64466343369595,19.52524722480774
55,70,268.739013671875,0.0,25.139331716918946,22.289574130249022
55,71,255.4543914794922,0.0,24.013840463256837,21.78993586654663
55,72,215.73312377929688,0.0,20.803320556640625,18.481169594955443
55,73,244.7084503173828,0.0,23.17117850341797,18.435119185638428
55,74,203.41207885742188,0.0,19.76676954650879,13.988777156829833
55,75,108.68683624267578,0.10679999738931656,11.985440164480368,12.159523711204528
55,77,143.2705078125,0.1451999992132187,14.285454271902998,15.414971925354005
55,78,167.11863708496094,0.12439999729394913,16.653524741317636,14.665568627929687
55,79,124.26178741455078,0.04520000144839287,13.141573919580201,13.542695090198517
55,80,156.72532653808594,0.047600001096725464,15.768835913588791,13.893366103363038
55,81,143.1141815185547,0.09399999678134918,14.612304711914062,13.755873288345336
55,82,198.9776153564453,0.0,19.40180986328125,13.956219539260864
55,83,174.44906616210938,0.0,17.38076532940174,13.543408103942872
55,84,165.79119873046875,0.0,16.591025,11.752628877830505
55,85,141.13546752929688,0.0,14.482109280395507,10.646613495445251
55,86,183.2130584716797,0.0,18.084236801147462,13.864268120384216
55,87,142.35450744628906,0.009200000204145908,14.521414697170258,16.239064642333986
55,88,96.7845458984375,0.0,10.47994164428711,11.041886305618286
55,89,122.75389862060547,0.0,12.93114496154785,13.460583783149719
55,90,85.91726684570312,0.0,9.49847286682129,9.831855029239412
55,91,141.47018432617188,0.00800000037997961,14.504440325927735,12.768012593706697
55,92,194.01622009277344,0.0,18.97600210571289,15.386563222885131
55,93,194.74490356445312,0.052799999713897705,19.234423996670213,15.731021323013305
55,94,174.05886840820312,0.10199999809265137,17.457630388230445,16.304112740325927
55,95,191.36456298828125,0.007199999876320362,18.762328615944515,16.527208450698854
55,96,140.77691650390625,0.0020000000949949026,14.607623819645347,15.234214810180664
55,97,167.43411254882812,0.05959999933838844,16.581170476367532,15.534275410842895
55,98,171.50143432617188,0.019200000911951065,17.09146937891889,15.848448735427857
55,99,145.15074157714844,0.012400000356137753,14.842644934256063,15.136029166793824
55,100,169.91937255859375,0.15839999914169312,16.603693655033325,14.631657019424438
55,101,174.94921875,0.0272000003606081,17.357206307576245,13.754428454971313
55,103,140.22398376464844,0.16760000586509705,14.460903840086775,13.723862570762634
55,104,143.501708984375,0.00039999998989515007,14.681219811865299,15.015991843795776
56,2,156.6175537109375,0.10279999673366547,15.827852804428012,11.444798482322692
56,4,222.1378936767578,0.046799998730421066,21.29587310864789,11.798943217086793
56,5,174.367431640625,0.0,17.286759092794387,13.254796032333374
56,8,160.6256561279297,0.15839999914169312,15.31536815703663,13.532379991149902
56,9,114.7424087524414,0.00559999980032444,12.02500439900333,8.379217631149292
56,10,121.03209686279297,0.0,12.698224963378907,7.189139627295733
56,11,171.5231475830078,0.0,17.09370494558033,12.462253224945067
56,12,245.38638305664062,0.020800000056624413,23.15704789428711,16.4576224609375
56,13,249.85829162597656,0.0,23.574071432495117,19.94481333885193
56,14,262.0508728027344,0.0,24.558190142822266,20.492837842941285
56,15,268.8000183105469,0.0,25.1180755279541,17.69755897426605
56,16,218.21986389160156,0.0,21.070037887573243,16.10108925437927
56,17,289.3249816894531,0.0,26.73347234802246,18.556771474456788
56,18,207.61520385742188,0.0,20.132656954956055,10.80108690509796
56,19,256.2925720214844,0.0,24.11299698791504,19.5130682926178
56,20,232.07705688476562,0.0,22.13471332397461,6.438843251991272
56,21,257.8844299316406,0.0,24.23683515625,9.802263624572754
56,22,258.49822998046875,0.0,24.291221496582033,15.639155263710022
56,23,257.54998779296875,0.0,24.2191680267334,19.764154876708986
56,24,255.58506774902344,0.007600000128149986,24.0446791015625,22.500432832717895
56,25,222.98171997070312,0.007600000128149986,21.377434817504884,23.103583456039427
56,26,239.03392028808594,0.0,22.63673026123047,18.670907522773742
56,27,273.7058410644531,0.0,25.507028692626953,26.97511730079651
56,28,382.2557373046875,0.0,33.9144920501709,31.727258361434938
56,29,313.4741516113281,0.0,28.60605082397461,23.17250478439331
56,30,264.3214111328125,0.0,24.727253155517577,20.60287989807129
56,31,216.4548797607422,0.0,20.85750372619629,17.284683288955687
56,32,225.67178344726562,0.0,21.596694805908204,23.675994143676757
56,33,267.1802062988281,0.0,24.951893927001954,27.61734033050537
56,34,320.103515625,0.0,29.212888864135742,29.94835432357788
56,35,231.5059814453125,0.0,22.087194494628907,23.246396083831787
56,36,232.0390167236328,0.0,22.142766647338867,20.664226555633544
56,37,233.83274841308594,0.0,22.279543865966797,18.455714329147337
56,38,247.23548889160156,0.0,23.367635501098633,18.545925686645507
56,39,263.4730529785156,0.0,24.717668075561523,19.62622894554138
56,40,249.93161010742188,0.0,23.556166302490233,18.29623967666626
56,41,233.5998992919922,0.0,22.253476733398436,15.084676000785828
56,42,216.75357055664062,0.0,20.870710162353515,15.758741464805603
56,43,248.0496826171875,0.0,23.436474060058593,18.348744131088257
56,44,285.70404052734375,0.0,26.447143481445313,21.601010208129882
56,45,321.36724853515625,0.0,29.218915301513672,19.99501656951904
56,46,224.52207946777344,0.0,21.462542709350586,16.984648584365846
56,47,167.69723510742188,0.0,16.767451834106446,12.045571905326844
56,48,260.8390197753906,0.024000000208616257,24.41772283372794,18.081065899276734
56,49,239.8302764892578,0.002400000113993883,22.739628897094725,18.572753136444092
56,50,284.4020690917969,0.00800000037997961,26.322805485729226,18.921472681427
56,51,206.10284423828125,0.006399999838322401,19.967351853703878,15.684003299331666
56,52,270.8473815917969,0.0,25.265783447265626,18.457206729507448
56,53,296.0589294433594,0.0,27.22776180419922,16.282447130966187
56,54,218.3729248046875,0.0,21.0387705078125,15.638828763961792
56,55,215.2958221435547,0.0,20.77539613647461,15.905326823997498
56,56,250.7432861328125,0.0,23.650667938232424,15.008473008728027
56,57,206.73880004882812,0.0,20.05842121887207,17.218529679107665
56,58,302.8333435058594,0.0,27.80390412902832,19.69192740020752
56,59,247.7796173095703,0.0,23.41923185119629,16.408405431747436
56,60,163.37879943847656,0.0,16.404923767089844,15.050870291519166
56,61,265.11517333984375,0.0,24.80863811645508,18.30191037750244
56,62,267.18182373046875,0.0,24.943427883911134,17.209803866195678
56,63,254.58975219726562,0.0,23.9507251953125,18.12021501197815
56,64,269.2810363769531,0.0,25.154510250854493,16.661944217300416
56,65,251.35646057128906,0.0,23.683819577026366,15.164227925872803
56,66,249.78863525390625,0.0,23.589518658447265,15.420366782569886
56,67,247.7159423828125,0.0,23.417401040649413,17.667008257293702
56,68,281.71453857421875,0.0,26.12720496826172,17.94087629890442
56,69,208.85374450683594,0.0,20.179073620605468,16.03475686378479
56,70,248.82032775878906,0.0,23.51359778137207,21.944793751907348
56,71,309.9007873535156,0.0,28.321055395507813,29.354912606811524
56,72,239.3225860595703,0.0,22.72606329650879,19.34863138923645
56,73,215.63623046875,0.0,20.837738916015624,15.987479318809509
56,74,168.17408752441406,0.006000000052154064,16.821080420011413,12.281420084381104
56,75,188.6284637451172,0.0868000015616417,18.477536430495615,13.465583345413208
56,76,167.6230926513672,0.15240000188350677,16.6612328676273,14.187070129776002
56,77,119.12366485595703,0.017999999225139618,12.527629040527344,13.899445138549805
56,78,165.5463104248047,0.008799999952316284,16.59058302762752,13.454351921844482
56,79,142.26983642578125,0.2003999948501587,15.281956955347306,14.406805356407165
56,80,144.40826416015625,0.17399999499320984,14.667865545040303,13.90037696647644
56,81,174.24624633789062,0.2011999934911728,17.935779004650872,14.23683850402832
56,82,189.1838836669922,0.06840000301599503,18.27893359768775,14.945445900344849
56,83,184.67056274414062,0.0,18.173248422241212,15.368085243606567
56,84,175.76995849609375,0.0,17.4525466796875,14.096980245971679
56,85,175.60650634765625,0.0,17.469239385986327,13.364921362686157
56,86,174.17410278320312,0.06080000102519989,17.295127166748046,13.865586374473573
56,87,174.1990203857422,0.03759999945759773,16.98685164709903,16.712393353843687
56,88,161.55174255371094,0.0,16.24896846008301,16.669818136596678
56,89,111.55810546875,0.0,11.86658289489746,12.789712952423097
56,90,104.05716705322266,0.0,11.103179064941406,11.932035946846009
56,91,184.029296875,0.012000000104308128,18.0371475473511,15.816650241470336
56,92,184.3206329345703,0.1379999965429306,18.23967380393339,15.774772008514404
56,93,148.59934997558594,0.11400000005960464,15.227366167009585,14.847267565155029
56,94,172.27256774902344,0.07400000095367432,16.96514630649523,15.718631885147095
56,95,198.5502471923828,0.09080000221729279,19.27528350130821,16.16799127693176
56,96,150.45925903320312,0.042399998754262924,15.264202895948412,15.093079614257812
56,97,158.75379943847656,0.05000000074505806,16.128011064541294,15.168552390670776
56,98,155.6768341064453,0.0,15.87740367802166,15.467374774551391
56,99,161.8386688232422,0.0,16.63049360295068,15.100368364334106
56,101,138.9165496826172,0.14959999918937683,13.760926978824617,13.210565336799622
56,102,144.9589385986328,0.10119999945163727,14.632043477697781,14.502743595123292
56,103,159.1506805419922,0.01759999990463257,15.900695838134467,14.091752941322326
56,104,175.83030700683594,0.05920000001788139,17.385068014556285,14.752133967971801
57,2,101.25773620605469,0.051600001752376556,10.919366534879469,11.580285200881958
57,3,84.49164581298828,0.10119999945163727,9.355609929450205,10.763799361419677
57,4,186.84365844726562,0.004800000227987766,18.388080435180665,12.231335443496704
57,5,211.01168823242188,0.05079999938607216,20.399948165665812,13.648172212600707
57,8,200.35552978515625,0.23559999465942383,18.69309827216766,16.182140827178955
57,9,189.8306884765625,0.04320000112056732,18.52205015258789,11.852931206512451
57,10,238.76544189453125,0.0,22.68541230773926,7.127225248948112
57,11,218.9180908203125,0.0,21.047787673950197,7.077930383777619
57,12,238.65745544433594,0.0,22.689594598388673,10.73133505115509
57,13,227.2463836669922,0.0,21.722780673217773,12.278602380371094
57,14,146.52310180664062,0.0,14.95199243774414,12.38071960029602
57,15,204.57009887695312,0.0,19.9163642578125,12.79902562789917
57,16,241.779052734375,0.0,22.93833094761342,13.862333922958374
57,17,198.26876831054688,0.0,19.342735745239256,16.325177072525026
57,18,220.6851806640625,0.0,21.214272006225585,9.443774001312256
57,19,268.71173095703125,0.0,25.07717198791504,10.264519694328309
57,20,257.8562316894531,0.0,24.21932623901367,6.152703402614594
57,21,238.40086364746094,0.0,22.648756591796875,10.610123040676116
57,22,252.10037231445312,0.0,23.738306616210938,20.96556614494324
57,23,276.9287109375,0.0,25.73073462524414,22.69466796989441
57,24,212.5808563232422,0.0,20.708878540931234,16.615837052536012
57,25,312.7898864746094,0.07400000095367432,27.440512177840525,26.704432834625244
57,26,309.739990234375,0.013199999928474426,27.344058899420098,26.807239784622194
57,27,269.9912109375,0.0,25.15553639831543,26.846813037109374
57,28,262.1341857910156,0.0,24.573439721679687,21.771267475128173
57,29,266.0329284667969,0.01600000075995922,25.1092640110075,24.029784381103514
57,30,200.26797485351562,0.0,19.528253439331056,22.900614400482176
57,31,180.2373046875,0.0,17.82451187438965,22.875701235961913
57,32,272.58294677734375,0.0,25.40991941833496,26.043060124969482
57,33,271.06787109375,0.0,25.242665376697556,23.935018926239014
57,34,261.3748474121094,0.009200000204145908,24.475106324488802,30.577827569580077
57,35,275.41357421875,0.019600000232458115,25.546356192005604,24.100026726531983
57,36,255.74391174316406,0.0,24.029394650268554,20.890283002853394
57,37,232.36834716796875,0.0,22.16996565551758,19.929747326660156
57,38,277.78253173828125,0.0,25.772353680419922,19.776814870071412
57,39,305.0181884765625,0.0,27.986352880859375,19.694454093933107
57,40,257.0980529785156,0.0,24.158382110595703,21.880306440353394
57,41,249.91342163085938,0.0,23.581179577636718,22.092622858047484
57,42,257.1044006347656,0.0,24.162388674926756,20.09060591621399
57,43,295.735107421875,0.0,27.23633455810547,20.26081105041504
57,44,253.60594177246094,0.0,23.90772108154297,19.80949588775635
57,45,258.0101013183594,0.004000000189989805,24.27947408821927,18.182694520950317
57,46,207.13552856445312,0.00039999998989515007,20.013367539797073,16.440838913536073
57,47,189.8238067626953,0.0,18.635800259399414,13.22712321548462
57,48,228.33193969726562,0.0,21.81473173828125,17.266649696350097
57,49,291.0916442871094,0.0,26.894306225585936,20.30248714828491
57,50,237.93710327148438,0.0,22.606730563354493,18.820997521209716
57,51,242.13360595703125,0.0020000000949949026,22.94190626220703,17.36942735900879
57,52,280.30413818359375,0.0,26.057818411254882,18.621613816452026
57,53,256.2518310546875,0.0,24.080883447265624,17.982938694763185
57,54,239.7689208984375,0.0,22.76655242919922,17.081558666610718
57,55,207.45399475097656,0.0,20.122865200805663,16.671171460723876
57,56,194.66110229492188,0.0,19.04299799194336,12.317213177490235
57,57,222.0126495361328,0.0,20.911041259765625,18.70377523727417
57,58,210.20703125,0.0,20.324638363647463,15.877075101470947
57,59,262.1421203613281,0.0,24.580433724975585,17.259876035690308
57,60,215.22991943359375,0.0,20.768756219482423,16.056641142272948
57,61,215.00177001953125,0.0,20.728181732177735,15.875674179077148
57,62,205.0515899658203,0.0,19.918003030395507,15.382761817359924
57,63,249.2162322998047,0.0,23.509154873657227,15.611461891555786
57,64,275.5863342285156,0.0,25.599961987304688,17.90262470664978
57,65,230.47055053710938,0.0,22.014163079833985,17.429399683761595
57,66,246.1748809814453,0.0,23.23789518432617,16.863485400772095
57,67,249.90345764160156,0.0,23.60000642089844,20.249715466690063
57,68,258.0102233886719,0.0,24.28407071533203,18.636912759399415
57,69,229.75820922851562,0.0,21.932061862182618,17.55460754623413
57,70,209.94554138183594,0.0,20.351029501342772,21.19290812034607
57,71,289.5078430175781,0.0,26.725044577026367,24.330558962249757
57,72,247.3626251220703,0.0,23.37136902770996,24.94972346687317
57,73,195.10057067871094,0.0,19.064057250976564,17.759898135185242
57,74,133.60928344726562,0.0,13.810106591796876,12.590435581207275
57,75,137.66746520996094,0.04479999840259552,14.076396888910338,12.011201207733155
57,76,154.41629028320312,0.04960000142455101,15.633453523832323,15.281564784622192
57,77,160.65867614746094,0.0,16.15850791015625,12.945172198867798
57,78,144.79428100585938,0.0,14.793798709106445,14.167871687698364
57,79,126.92357635498047,0.0015999999595806003,13.206210430908204,14.166638227844238
57,80,157.541748046875,0.11400000005960464,15.934344880124355,13.187866818618774
57,81,159.68699645996094,0.09120000153779984,15.850499136702643,13.814856048202515
57,82,161.57626342773438,0.09960000216960907,16.25899951098191,13.116888398742676
57,83,195.94273376464844,0.0,19.159324880981444,14.949320149612427
57,84,197.45193481445312,0.0,19.324939266967775,14.88623368988037
57,85,124.85643768310547,0.0,13.085609051513671,12.766203744125367
57,86,82.9281005859375,0.0,9.18697928161621,10.396896303367615
57,87,132.6196746826172,0.03480000048875809,13.596278411179732,16.244687044334412
57,88,111.18695068359375,0.0007999999797903001,11.809194305419922,14.573557016181946
57,89,51.14457321166992,0.0,6.076420303344727,11.56577784333229
57,90,92.6839828491211,0.0,10.100089266967773,14.61290306892395
57,91,186.838623046875,0.0,18.388327291870116,15.366898962402344
57,92,163.7438507080078,0.04800000041723251,16.420212999746198,14.847604001617432
57,93,154.07373046875,0.10719999670982361,15.809806338424083,15.522155569839478
57,94,210.4912109375,0.0,20.36809562471868,16.586237046432494
57,95,172.0869140625,0.023600000888109207,17.088328571227734,15.202475202941894
57,96,152.76730346679688,0.17839999496936798,15.535032425727044,14.768042406082154
57,99,146.3423614501953,0.006800000090152025,14.920743754602247,13.012932077026367
57,100,158.04132080078125,0.2152000069618225,16.280358315488293,13.21730272102356
57,102,159.7782745361328,0.0820000022649765,16.56617114666811,14.242227502059936
57,103,144.76136779785156,0.07919999957084656,14.385888215409658,13.932037989807128
57,104,150.12945556640625,0.0015999999595806003,15.264139633178711,14.320576878356933
58,2,152.3990936279297,0.040800001472234726,15.459683695865532,12.272243141937256
58,3,234.72938537597656,0.13920000195503235,22.18052021138068,14.822291748046876
58,4,196.04849243164062,0.0,19.167682304551594,16.1880307472229
58,6,158.78533935546875,0.20000000298023224,16.042526325465047,14.730098731994628
58,7,175.3152313232422,0.03999999910593033,17.367255371927424,16.488871317481994
58,8,198.86102294921875,0.01600000075995922,19.312976552249445,19.77992074508667
58,9,247.8192138671875,0.0,23.407515975750652,18.93889973678589
58,10,238.58143615722656,0.0,22.643667025756837,16.04344358215332
58,11,281.888916015625,0.0,26.161479385375976,16.35873991317749
58,12,246.29991149902344,0.0,23.282752783203126,14.769557678222656
58,13,263.9055480957031,0.0015999999595806003,24.700398220825196,16.032063175964357
58,14,262.59979248046875,0.0,24.599654174804687,13.855345957946778
58,15,267.16204833984375,0.0,24.966303591918944,15.199905331039428
58,16,285.48028564453125,0.0,26.424149392700194,18.052469089126586
58,17,272.6640319824219,0.0,25.388532690429688,17.489475513076783
58,18,255.89590454101562,0.0,24.053085848999025,14.232023680877685
58,19,270.918212890625,0.0,25.248043618774414,17.45533428134918
58,20,285.52471923828125,0.07400000095367432,25.954672947588747,13.356789032840728
58,21,239.95884704589844,0.0,22.782955310058593,8.393414770698547
58,22,205.70849609375,0.0,19.966080307006838,15.30239234046936
58,23,258.8122863769531,0.0,24.318539904785155,19.987451013183595
58,24,230.9304962158203,0.0,22.0351374420166,17.406353530883788
58,25,264.9423828125,0.004000000189989805,24.74545135620509,23.5141171333313
58,26,230.73162841796875,0.00039999998989515007,22.22849839763494,21.0078814743042
58,27,212.80247497558594,0.0,20.53019649963379,15.29960748310089
58,28,217.8775634765625,0.0,20.971552001953125,18.454235395240783
58,29,219.04296875,0.0,21.023880804416297,16.104245616531372
58,30,205.54348754882812,0.0,19.943932461547853,18.706586318969727
58,31,270.5972900390625,0.0,25.18715009765625,21.210320025253296
58,32,253.5335235595703,0.0,23.836494592285156,23.863455976867677
58,33,310.4760437011719,0.0,28.358642449073624,24.84571250228882
58,34,229.9257354736328,0.0,21.964559072875975,21.457786362075804
58,35,244.5961151123047,0.0,23.15363487854004,23.969267993545532
58,36,234.19500732421875,0.0,22.350712658691407,20.615222442626955
58,37,152.86744689941406,0.0,15.531307247924804,14.816130013275146
58,38,126.80884552001953,0.024000000208616257,13.886029304776873,12.25255257987976
58,39,265.5643005371094,0.003599999938160181,25.761203074636953,16.817691260910035
58,40,196.28355407714844,0.0,19.155179382324217,16.467471419906616
58,41,168.9358367919922,0.0,16.877976531982423,16.11516919708252
58,42,225.69668579101562,0.0,21.635872830200196,18.603366862106324
58,43,271.32135009765625,0.0,25.298867581176758,20.880033493041992
58,44,193.75238037109375,0.0,18.944827780151368,18.88677890625
58,45,228.15260314941406,0.0,21.810550115966798,15.195347661590576
58,46,134.0232696533203,0.0,13.843381323242188,8.543699588012695
58,47,185.12185668945312,0.0,18.25098540344238,14.684358026504517
58,48,160.13290405273438,0.0,16.13598416748047,17.313840079116822
58,49,202.03305053710938,0.0,19.666044549560546,16.453216917800905
58,50,252.61790466308594,0.0,23.93199425354004,18.379185298919676
58,51,295.7192687988281,0.0,27.25119147949219,20.539570419311524
58,52,301.7960510253906,0.0,27.680866122436523,19.178173178482055
58,53,301.8394775390625,0.0,27.72480616086767,21.646902201461792
58,54,236.35598754882812,0.0,22.494793984985353,15.172559189224243
58,55,233.34710693359375,0.0,22.259531011962892,16.93731593437195
58,56,243.4597625732422,0.0,23.053072576904295,17.377451721954344
58,57,192.34689331054688,0.0,18.861865078735352,16.549735070419313
58,58,196.99188232421875,0.0,19.248129843139647,16.67257560005188
58,59,206.55459594726562,0.0,20.0617022857666,13.73548961582184
58,60,124.26728820800781,0.0,12.96823230895996,12.98558395843506
58,61,204.12420654296875,0.0,19.831682916259766,15.514891144180298
58,62,165.86886596679688,0.0,16.62914802246094,15.174883499908447
58,63,239.67315673828125,0.0,22.727024774169923,15.778711516952514
58,64,236.4178009033203,0.0,22.491749279785157,16.066413080215455
58,65,240.98239135742188,0.0,22.871271435546873,16.129320555114745
58,66,247.18275451660156,0.0,23.352441778564454,14.93467589302063
58,67,208.4197235107422,0.0,20.213223901367186,15.606285551452636
58,68,251.6631622314453,0.00559999980032444,23.73071203613281,20.60077533073425
58,69,240.81849670410156,0.017999999225139618,22.82977505493164,20.896473875808717
58,71,228.12831115722656,0.02319999970495701,21.852003682206618,17.922229039764403
58,72,144.61737060546875,0.019999999552965164,14.587125182299392,19.25257846107483
58,73,111.64031219482422,0.06960000097751617,11.599261753725775,14.92331078414917
58,74,140.69839477539062,0.07680000364780426,14.412638300472928,13.992103011703492
58,77,152.94058227539062,0.0015999999595806003,15.475796951293946,16.28077628669739
58,78,158.10910034179688,0.01119999960064888,15.975108377884846,15.703231521987915
58,79,114.47840118408203,0.051600001752376556,11.939044155149436,13.201983131027221
58,80,178.82147216796875,0.23160000145435333,17.56556773667925,14.222623635864258
58,81,174.3719024658203,0.03200000151991844,17.38331404043752,14.400342878723144
58,82,175.48492431640625,0.15160000324249268,17.121196889531205,16.209845276451112
58,83,248.11859130859375,0.0,23.442068640136718,16.91849585533142
58,84,104.74102783203125,0.0,11.192472708129882,10.520249693107605
58,85,186.45521545410156,0.10999999940395355,18.348750177257788,15.09820202255249
58,86,153.0325469970703,0.11760000139474869,15.203494505849227,16.447257185173033
58,87,148.7288818359375,0.23399999737739563,14.829818200627598,14.878166668701171
58,88,42.43478775024414,0.0,5.173478857421875,6.280073871288658
58,89,58.2472038269043,0.0,6.798503625488281,9.181779741449654
58,90,90.61206817626953,0.0,9.915143655395507,13.030611758381129
58,91,133.98773193359375,0.0,13.84010180053711,15.268933374404908
58,92,167.97604370117188,0.006399999838322401,16.721358154071467,16.448484996795653
58,93,171.1010284423828,0.021199999377131462,16.879588767950484,15.457676610946656
58,94,186.19723510742188,0.06960000097751617,18.454297462630922,16.07118104095459
58,95,177.34274291992188,0.03519999980926514,17.575419312022905,15.807240068817139
58,96,167.72979736328125,0.012000000104308128,16.787865176391602,13.631603066253662
58,97,162.1101837158203,0.10920000076293945,15.85434461717287,14.52790936126709
58,98,155.57810974121094,0.05640000104904175,15.669840154024666,13.635342908096314
58,99,143.09024047851562,0.030400000512599945,14.524825306028038,11.785936866188049
58,100,180.86773681640625,0.0,17.899844064331056,12.911976355743409
58,101,138.45928955078125,0.18479999899864197,14.548359371235131,12.970066137695312
58,102,153.53103637695312,0.0284000001847744,16.44685888002576,14.214844068527222
58,103,173.93597412109375,0.002400000113993883,17.402733017603556,14.016479763793946
58,104,154.52984619140625,0.0,15.640711517333985,13.599144608306885
59,2,144.62083435058594,0.058400001376867294,14.77236096779978,12.01287938747406
59,3,166.89100646972656,0.0031999999191612005,16.711209819175266,8.721599468370062
59,4,172.95596313476562,0.0,17.205958612060545,14.458778819847106
59,5,180.39390563964844,0.2207999974489212,17.204754833996123,15.765241215133667
59,7,131.43333435058594,0.06440000236034393,12.826665891518418,9.458437134791911
59,8,127.46711730957031,0.0,13.256453106689452,12.097396446418761
59,9,228.7471466064453,0.0,21.83752123413086,15.726730112838744
59,10,265.2872619628906,0.00039999998989515007,24.786485885620117,17.190364038848877
59,11,230.1482696533203,0.0,22.01984924926758,18.23468656158447
59,12,255.78492736816406,0.0,24.053330764770507,17.52663323059082
59,13,234.22476196289062,0.00800000037997961,22.305412939453124,16.545870728302003
59,14,262.1182861328125,0.0,24.53839504394531,18.292375381469725
59,15,251.6216583251953,0.0,23.72705571899414,17.900901542663576
59,16,293.57098388671875,0.0,27.065794256591797,20.090802056503296
59,17,250.20193481445312,0.0,23.61463276062012,17.247510655212402
59,18,262.764404296875,0.0,24.613445748901366,15.210011591720582
59,19,299.689208984375,0.00039999998989515007,27.572515500677287,29.180768478393556
59,20,277.96356201171875,0.0,25.829241989135742,19.467362924575806
59,21,267.0279846191406,0.0,24.96518558959961,17.32442807006836
59,22,238.09315490722656,0.0,22.633094830322264,17.097723151397705
59,23,251.4733428955078,0.0,23.713237329101563,19.733391929244995
59,24,242.71661376953125,0.0,23.000741098022463,16.47859287071228
59,25,263.3355712890625,0.0,24.647344256591797,18.97254590148926
59,26,242.68548583984375,0.0,22.996737701416016,16.079208332061768
59,27,201.46615600585938,0.0,19.59232270812988,17.425374332427978
59,28,212.5290985107422,0.0,20.493645709228517,19.22924219207764
59,29,263.9063720703125,0.0,24.820436935424805,17.84516863517761
59,30,256.7966613769531,0.0,24.109795095825195,15.759238892936706
59,31,267.21588134765625,0.0,24.970075485229493,16.16381545333862
59,32,271.69049072265625,0.0,25.3362713684082,18.02582815055847
59,33,202.02720642089844,0.0,19.635775228881837,14.28865387878418
59,34,175.1141357421875,0.0,17.43719240722656,14.396537728118897
59,35,95.11783599853516,0.0,10.365415814208985,8.213645878696441
59,36,51.74305725097656,0.0,6.143747540283203,5.311671264648438
59,37,49.37575149536133,0.0,5.9346931945800785,4.98897469034195
59,38,45.17814636230469,0.01360000018030405,5.487663003011777,4.3077559931755065
59,39,93.6974105834961,0.0,10.220186624145509,10.449638183021545
59,40,220.31756591796875,0.0,21.167511251831055,16.5019505777359
59,41,198.9695587158203,0.0,19.389658737182618,14.537587211227416
59,42,107.7347183227539,0.0012000000569969416,11.501621200561523,9.342619996070862
59,43,253.66465759277344,0.0,23.879996600341798,17.223068750572203
59,44,243.113525390625,0.0,23.071527954101562,19.844333993911743
59,45,256.8370361328125,0.0,24.13409580993652,13.655810953903199
59,46,248.77072143554688,0.0,23.50229892578125,15.299276991653443
59,47,270.8940734863281,0.0,25.272259701538086,15.150231419563294
59,48,324.54132080078125,0.0,29.462289129638673,19.564630348205565
59,49,164.261962890625,0.0,16.424446466064452,14.325926469230652
59,50,200.875,0.0,19.557222900390624,16.317683786582947
59,51,265.54638671875,0.0,24.8222285736084,18.799470164108275
59,52,243.6945343017578,0.0,23.07546693725586,18.167408011245726
59,53,224.1276397705078,0.0,21.396601189917394,19.120407865524292
59,54,224.1531982421875,0.0,21.49385855102539,16.24990855178833
59,55,253.0528564453125,0.0,23.83941062927246,16.680770904922486
59,56,248.48849487304688,0.0,23.467331903076172,15.238006451034545
59,57,172.60317993164062,0.0,17.16967085571289,13.43353892288208
59,58,166.6968536376953,0.0,16.670432006835938,13.088563129806518
59,59,182.61309814453125,0.0,18.02465601196289,14.610678260803223
59,60,195.74459838867188,0.0,19.14129049987793,14.435554524993897
59,61,220.15794372558594,0.0,21.160030084228517,16.062873706817626
59,62,229.3509521484375,0.0,21.915190155029297,16.377145164108278
59,63,243.09803771972656,0.00039999998989515007,23.016573684692382,16.481690854263306
59,64,181.44139099121094,0.0,17.907159826660155,18.836981229019166
59,65,250.14967346191406,0.0,23.585000732421875,17.368700604248048
59,66,128.97604370117188,0.0,13.355231689453126,13.781223349380493
59,67,184.0975799560547,0.06840000301599503,18.256497417326464,13.24449584197998
59,68,221.26673889160156,0.0020000000949949026,21.269365216488342,17.834953305625916
59,69,189.19468688964844,0.1371999979019165,18.546029820109933,15.133843420410157
59,71,195.35935974121094,0.08959999680519104,19.090870302883946,14.605417611694335
59,72,190.32054138183594,0.11400000005960464,18.25746102631092,15.177484815979003
59,73,162.75234985351562,0.17080000042915344,16.047072708823464,17.22077446937561
59,74,172.47116088867188,0.0,17.22235943170395,18.154365171432495
59,75,158.48619079589844,0.0272000003606081,15.798881295494047,16.364567030334474
59,76,143.95838928222656,0.10520000010728836,14.59563202949867,14.880164004707336
59,77,149.0921630859375,0.05480000004172325,15.13681905822754,14.776796327972413
59,78,118.68562316894531,0.0,12.512027285766601,15.424688269615173
59,79,185.1380157470703,0.04560000076889992,18.26537574523617,15.307616344070434
59,80,157.61944580078125,0.0568000003695488,16.010822317254142,13.964675295639038
59,81,138.24864196777344,0.0,14.260395938110351,13.279277682304382
59,82,167.57408142089844,0.058400001376867294,16.731752813720703,12.538142321014405
59,83,191.84039306640625,0.0,18.82422185974121,13.19999267654419
59,84,210.41310119628906,0.0,20.363600796508788,17.047362375068666
59,85,174.00372314453125,0.019200000911951065,17.130694892099953,12.502198551177978
59,86,203.80560302734375,0.024399999529123306,19.902052523533367,14.8985351436615
59,87,186.20437622070312,0.018799999728798866,18.344063006591796,18.553275441741942
59,88,144.12803649902344,0.052799999713897705,14.54903665855653,15.554317798042298
59,89,109.92532348632812,0.026399999856948853,11.391080326133675,13.083939556038379
59,90,65.55516815185547,0.0,7.521724642944336,6.23601537249866
59,91,135.6011199951172,0.0,13.975431210327148,14.5180800416708
59,92,175.501220703125,0.0007999999797903001,17.43128466491699,16.449328005218504
59,93,181.34486389160156,0.00039999998989515007,17.94825040588379,15.951405909729004
59,94,178.79896545410156,0.00039999998989515007,17.715090924625795,15.365185958480835
59,95,196.43873596191406,0.1907999962568283,19.60796544054199,14.538828114318848
59,96,176.0719451904297,0.04639999940991402,17.410119754719986,13.373065477371215
59,97,168.0025634765625,0.10440000146627426,16.19765341974074,13.897433312988282
59,98,154.5129852294922,0.0,15.63001644897461,13.909757404708863
59,99,159.1546630859375,0.0,15.959668957519531,12.685043354415894
59,100,180.61505126953125,0.00839999970048666,17.90181476541096,12.739626961517335
59,101,153.8419647216797,0.012000000104308128,15.637932197240152,13.07570484867096
59,102,164.8560791015625,0.018799999728798866,16.16629276501254,13.003505281829835
59,103,188.80422973632812,0.0,18.612686233520506,14.00600032043457
59,104,145.0687713623047,0.0,14.814170724487305,12.31957848072052
60,2,118.23746490478516,0.11800000071525574,12.41544524385275,9.358524306297301
60,4,150.88137817382812,0.0,15.33496653137207,11.684003052902222
60,5,122.30821228027344,0.012400000356137753,12.512006060833874,11.915544672012329
60,6,260.087890625,0.17679999768733978,24.804593411484205,18.37358697052002
60,7,159.440673828125,0.023600000888109207,15.615465321415295,13.772696739006042
60,8,204.90386962890625,0.07440000027418137,19.790719811022548,14.680807697105408
60,9,273.3293151855469,0.031599998474121094,25.19235100979998,21.624171782302856
60,10,292.87420654296875,0.0,27.016847610473633,24.75916395111084
60,11,238.41587829589844,0.0,22.611886541748046,21.442054538345335
60,12,230.2404327392578,0.0,22.00580252685547,18.4638248878479
60,13,233.3489227294922,0.0,22.245691287231445,17.788481398391724
60,14,229.27020263671875,0.0,21.909617770385744,22.71373720397949
60,15,228.6733856201172,0.0,21.855700552368162,22.20436089172363
60,16,273.69744873046875,0.0,25.506492581176758,27.25896960372925
60,17,247.2015380859375,0.0,23.381788690185548,18.468935081863403
60,18,249.15724182128906,0.0,23.521169284057617,18.323222830963136
60,19,240.8074493408203,0.007600000128149986,22.735049761080365,16.00152711277008
60,20,228.87559509277344,0.0,21.888601217651367,13.343903200340272
60,21,269.1106262207031,0.0,25.124435897827148,18.007652990722658
60,22,234.9001007080078,0.0,22.37114390563965,18.89523800354004
60,23,237.71768188476562,0.0,22.59800098876953,19.555257217788697
60,24,266.2898254394531,0.0,24.893401205444334,16.729869731521607
60,25,166.8414764404297,0.0,16.717156030273436,15.272269444656372
60,26,194.87957763671875,0.0,19.062316162109376,17.76413593788147
60,27,213.35044860839844,0.0007999999797903001,20.583851181030273,17.50247741355896
60,28,162.08584594726562,0.03400000184774399,16.316503979809056,18.390055430603027
60,29,286.45697021484375,0.0,26.473560174560546,26.08853822097778
60,30,265.4237976074219,0.0,24.87656747741699,19.577219800567626
60,31,214.3302764892578,0.0,20.670866806030272,18.70227807044983
60,32,234.6934356689453,0.0,22.329609927368164,18.248676833343506
60,33,273.2836608886719,0.0,25.447295568847657,18.32822638988495
60,34,86.67218017578125,0.0,9.572560787963868,7.567748186206818
60,35,45.20392990112305,0.0,5.475189306640625,3.089954028892517
60,36,32.787681579589844,0.0,4.155764364624024,2.7387355397224424
60,37,28.93560791015625,0.0,3.7398262268066405,3.0704200805664064
60,38,32.297760009765625,0.0,4.11091003112793,2.9664909065246583
60,39,56.92949295043945,0.0,6.679356851196289,5.8044090753555295
60,40,144.3283233642578,0.0,14.751002117919922,13.538773551559448
60,41,158.5681610107422,0.0,15.996560446166992,12.957747005653381
60,42,55.94929122924805,0.0868000015616417,6.450890788490072,5.626214338684082
60,43,139.90826416015625,0.007199999876320362,14.354920678957544,13.24119838180542
60,44,275.54754638671875,0.0,25.63873728637695,18.3483649269104
60,45,258.40521240234375,0.0,24.248279718017578,16.75650259552002
60,46,263.09686279296875,0.0,24.677762435913085,17.284758250427245
60,47,303.5931701660156,0.0,27.827413470458986,17.994852113723756
60,48,283.3481140136719,0.0,26.256051544189454,18.469035498809813
60,49,210.96339416503906,0.0,20.416964056396484,15.764964952850342
60,50,165.17840576171875,0.0,16.557720724487304,12.516911504554749
60,51,158.3035125732422,0.0,15.957949548339844,11.574100227928161
60,52,143.46588134765625,0.0,14.675008480834961,11.717930824756623
60,53,164.97691345214844,0.0,16.557836083984373,15.44130862007141
60,54,142.84466552734375,0.0,14.682524536132812,18.056920190048217
60,55,170.0404510498047,0.0,16.978628479003905,17.065750734710694
60,56,230.55384826660156,0.0,22.01796348876953,15.744162301254272
60,57,128.13038635253906,0.0,13.359599545288086,12.439456538009644
60,58,101.09452056884766,0.0,10.89085076599121,9.876564138031005
60,59,93.86201477050781,0.0,10.211295349121094,8.57276039199829
60,60,127.7267837524414,0.0,13.301891549682617,9.595716954612731
60,61,165.59378051757812,0.0,16.590279122924805,12.119351765441895
60,62,200.79208374023438,0.0,19.544477755737304,14.838063489532471
60,63,229.69949340820312,0.0,21.958695846557617,21.481582124900818
60,64,183.67538452148438,0.0,18.148184829711916,14.693354972076415
60,65,144.54360961914062,0.0,14.766931719970703,12.013704763793946
60,66,125.78587341308594,0.0,13.127824870509535,10.832032565498352
60,67,140.67315673828125,0.002400000113993883,14.357194179000516,11.542709566688538
60,68,198.9365692138672,0.0,19.324124916040347,15.229922345542908
60,69,163.32643127441406,0.02879999950528145,16.37548004064391,13.922462501144409
60,71,167.26992797851562,0.03359999880194664,16.734481732018725,15.57051764831543
60,72,172.37559509277344,0.006399999838322401,17.162459121863176,16.641805141448973
60,73,179.24148559570312,0.2152000069618225,17.901723906449895,17.953119889450072
60,74,134.42396545410156,0.0,13.891271852979473,18.466533140563964
60,75,137.0421905517578,0.0,14.15451005859375,15.913251893997192
60,76,158.4003448486328,0.01720000058412552,15.944650529712263,17.05593198738098
60,77,115.6188735961914,0.0,12.22755521850586,16.50741178970337
60,78,161.31190490722656,0.00039999998989515007,16.155776602977237,16.93568815803528
60,79,155.3175811767578,0.018400000408291817,15.693538910499457,14.70016131210327
60,80,150.45664978027344,0.0,15.25673076171875,13.70603563079834
60,81,135.85494995117188,0.0,14.04745731201172,12.487512340927124
60,82,135.2417755126953,0.0,13.960307467651367,10.844364714813233
60,83,168.28741455078125,0.0,16.846357708740236,10.793393076610565
60,84,200.2561798095703,0.0,19.521008752441407,13.73121994562149
60,85,170.1907196044922,0.0,16.980810598754882,14.129196245002747
60,86,119.9962387084961,0.0,12.581095086669922,12.114741632652283
60,87,162.22796630859375,0.0,16.29673582458496,16.74053940219879
60,88,156.03964233398438,0.0,15.8078642578125,16.78211360092163
60,89,138.40248107910156,0.0,14.202156747436524,13.994321950149535
60,90,59.29817581176758,0.02239999920129776,6.677030094691685,7.088767144438252
60,91,186.356689453125,0.10400000214576721,18.12995979840536,16.7434639872089
60,92,168.5053253173828,0.006800000090152025,16.862530478143157,16.496739051055908
60,93,166.66513061523438,0.003599999938160181,16.74022400172737,16.963939390945434
60,94,165.9454345703125,0.006399999838322401,16.612681732177734,16.019624129486083
60,95,167.25167846679688,0.020400000736117363,16.693574591605895,13.902800789260864
60,96,165.30337524414062,0.05079999938607216,16.634617035205547,13.920323440170288
60,97,125.3147201538086,0.12880000472068787,13.122734571715187,13.604300045013428
60,98,143.4636993408203,0.020800000056624413,14.685813986206055,12.735212173843383
60,99,143.44338989257812,0.0,14.753183759175814,12.068424418067933
60,100,156.90769958496094,0.0575999990105629,15.771452363069393,12.543684532165527
60,101,157.6294403076172,0.00559999980032444,15.899759408569336,12.83531970062256
60,102,171.52513122558594,0.11959999799728394,17.050509601705688,13.226801403808594
60,103,165.02835083007812,0.0,16.524713330078125,12.635915239715576
60,104,163.84629821777344,0.0,16.440064978027344,13.49427504272461
60,105,161.18759155273438,0.0,16.218559408569337,13.796833820343018
61,5,209.67604064941406,0.20520000159740448,20.28610542424072,10.345657493782044
61,7,181.5260467529297,0.08240000158548355,17.866896083159336,9.618251063801349
61,8,206.47731018066406,0.0,20.02848351918734,18.24274708919525
61,9,246.57254028320312,0.14319999516010284,23.025501206925565,21.55487381744385
61,10,155.18138122558594,0.0,15.678690713500977,16.49217325744629
61,11,136.23898315429688,0.0,14.005595950317383,18.496505297088625
61,12,239.21823120117188,0.0,22.71969202270508,18.476000967407227
61,13,280.419921875,0.004800000227987766,26.07447176201399,26.79831629600525
61,14,273.51251220703125,0.0,25.49415144475759,24.909864324951172
61,15,235.27296447753906,0.0,22.381200521850587,21.540025494384764
61,16,232.17523193359375,0.0,22.14592389831543,19.825389707946776
61,17,169.13345336914062,0.0,16.896255676269533,13.0717072473526
61,18,172.17483520507812,0.0,17.18102930908203,17.52116944885254
61,19,200.18252563476562,0.004000000189989805,19.578374002075197,17.22227532043457
61,20,229.36912536621094,0.0,21.884190130615234,16.77367379684448
61,21,197.21212768554688,0.0,19.24656940612793,15.024439167022704
61,22,218.19906616210938,0.0,21.01730852355957,15.555697622299194
61,23,240.33364868164062,0.0,22.81322145690918,20.68777366256714
61,24,246.481689453125,0.0,23.287464099121095,21.180728760528563
61,25,265.7814025878906,0.0,24.863217181396486,17.385520751953123
61,26,216.13087463378906,0.0015999999595806003,20.810175388581445,18.42835789489746
61,27,156.86932373046875,0.04039999842643738,15.820932800470176,17.49152003097534
61,28,240.20455932617188,0.01600000075995922,22.97115981666985,20.05085202636719
61,29,234.3655242919922,0.0,22.33163732299805,19.156932525253296
61,30,226.54348754882812,0.0,21.687966662597656,23.235665167236327
61,31,166.2527313232422,0.0,16.654873513793945,17.433906205368043
61,32,218.1004638671875,0.0,21.009079470825196,22.057801921463014
61,33,156.12472534179688,0.0,15.79740361328125,10.814393791770936
61,34,41.46391677856445,0.0,5.083696136474609,4.872993594932556
61,35,37.5645637512207,0.0,4.663274322509766,3.8438576023101807
61,36,30.36190414428711,0.0,3.898531982421875,3.5063599705696107
61,37,28.703020095825195,0.0,3.7130192596435547,4.260949563407898
61,38,28.862428665161133,0.0,3.732394055175781,4.197023053264618
61,39,44.634544372558594,0.0,5.411333416748047,4.9656782357215885
61,40,65.50164031982422,0.0,7.504794644165039,8.70432813167572
61,41,74.28064727783203,0.0,8.367550469970704,6.9730443155288695
61,42,50.59697723388672,0.0,6.015380276489258,5.015452396678924
61,43,138.74868774414062,0.0,14.276215093994141,12.723578057861328
61,44,245.74644470214844,0.0,23.259054244995117,18.494149600982666
61,45,274.108154296875,0.0,25.526111328125,19.41530709037781
61,46,271.8934631347656,0.0,25.324675451660156,20.197188230514527
61,47,259.9049377441406,0.0,24.40067162475586,18.31852543525696
61,48,229.89138793945312,0.0,22.010850967407226,18.149954539489745
61,49,147.0289306640625,0.0,15.003465646362304,12.044458371925353
61,50,126.04149627685547,0.0,13.157088787841797,9.523294505882264
61,51,128.52903747558594,0.0015999999595806003,13.36089337463379,9.544369888877869
61,52,63.236141204833984,0.0,7.286575842285156,5.215485035037994
61,53,73.476318359375,0.0,8.307538195800781,7.585627697372437
61,54,101.09613800048828,0.0,10.91619367980957,12.003504622459412
61,55,143.8443603515625,0.0,14.711194805908203,15.29179369392395
61,56,143.53619384765625,0.0,14.676480935668945,16.154554624938964
61,57,137.97616577148438,0.0,14.141786392211914,12.849750131988525
61,58,110.69405364990234,0.0,11.764765579223633,10.312728417778015
61,59,79.89817810058594,0.0,8.90831707458496,6.482976988410949
61,60,82.47310638427734,0.0,9.14638814086914,6.024904583358764
61,61,60.23181915283203,0.0,6.9991667938232425,5.028191716766357
61,62,47.94535446166992,0.0,5.743679934692383,4.064053144168854
61,63,63.27314758300781,0.0,7.303640719604492,5.937445054531097
61,64,139.91128540039062,0.0,14.372955090332031,9.620984261131287
61,65,184.49163818359375,0.0,18.213465936279295,11.195092720985413
61,66,139.52389526367188,0.0,14.348907602033776,11.559900413513184
61,67,127.23080444335938,0.006000000052154064,13.275714102172852,11.361675717926026
61,68,171.5620574951172,0.002400000113993883,17.138985142470553,14.790457775306702
61,69,185.6020050048828,0.23839999735355377,17.519330568010474,13.23129960784912
61,70,153.89695739746094,0.10320000350475311,14.939898201790918,14.435427282714844
61,71,177.31752014160156,0.17159999907016754,18.585740089416504,15.425104321289062
61,72,146.98068237304688,0.18320000171661377,14.384607170093611,14.748264631652832
61,74,117.0570297241211,0.020400000736117363,12.190798866121392,15.240250953483581
61,75,124.00043487548828,0.004800000227987766,12.988554075682421,14.97470641593933
61,76,174.23800659179688,0.041999999433755875,17.391400307766922,15.811509282684327
61,77,103.40166473388672,0.03240000084042549,10.942782639088056,15.180903423118592
61,78,120.65750885009766,0.051600001752376556,11.914689862237072,15.543773223114014
61,79,161.66786193847656,0.17839999496936798,16.08090915671894,15.477520542144775
61,80,156.0899200439453,0.009999999776482582,15.758559521220597,15.173489694976807
61,81,156.86915588378906,0.0012000000569969416,15.720064640466772,16.045173678207398
61,82,198.9775390625,0.0,19.316470191592263,15.776873748779296
61,83,205.3203582763672,0.0,19.881912322998048,15.545724164199829
61,84,150.02804565429688,0.0,15.256252319335937,13.833716268730164
61,85,147.18836975097656,0.0,15.023949304199219,12.904544499206542
61,86,175.21688842773438,0.0,17.37373853149414,14.07732867832184
61,87,174.75479125976562,0.024000000208616257,16.9053126321712,14.949113472366333
61,88,118.43448638916016,0.0,12.46652008972168,11.738693388366698
61,89,84.23797607421875,0.026399999856948853,9.343577398270392,6.253915859141201
61,90,57.904136657714844,0.05000000074505806,6.5194020081206725,7.189795173000172
61,91,159.69320678710938,0.03280000016093254,15.839475149740931,16.730245810317992
61,92,75.47428131103516,0.009200000204145908,8.279955192206813,9.241846790994703
61,93,84.53639221191406,0.020800000056624413,9.232621584709753,8.602765809969604
61,94,70.8310317993164,0.0,8.040689233398437,7.800608394080214
61,95,174.36578369140625,0.0,17.345138052368164,15.055789920520782
61,96,152.9181671142578,0.01720000058412552,15.49765476076206,13.79443279257072
61,97,167.6063690185547,0.004000000189989805,16.749489471435545,13.894212052154542
61,98,185.88140869140625,0.0,18.312597329711913,13.88370163269043
61,99,162.80909729003906,0.0,16.374462426757812,13.558070587539673
61,100,178.6431427001953,0.01080000028014183,17.7008691731217,13.718134075164794
61,101,141.02601623535156,0.0,14.495485592651367,11.931280692100525
61,102,163.40164184570312,0.00039999998989515007,16.407208988900653,12.285032707595825
61,103,140.76405334472656,0.0,14.444728863525391,11.441738830184937
61,104,168.597900390625,0.015599999576807022,16.86895889456045,14.400851151657104
61,105,150.3367156982422,0.0007999999797903001,15.284620367431641,13.737123808670043
62,8,164.15985107421875,0.0568000003695488,16.439066821382244,10.770617023166642
62,9,228.85281372070312,0.006000000052154064,21.856374496619544,19.17600221309662
62,10,135.73568725585938,0.00039999998989515007,13.982175970458984,17.106911490249633
62,11,56.10911178588867,0.0,6.584458679199218,16.102583528518675
62,12,207.00685119628906,0.0,20.061666412353517,18.41925938568115
62,13,260.0135803222656,0.0,24.381161267089844,15.878840572929382
62,14,197.2987823486328,0.0,19.294849560546876,15.837454193878173
62,15,225.51248168945312,0.0,21.598671759033202,19.60962392616272
62,16,258.70166015625,0.0,24.29196264953613,20.295711180496216
62,17,237.56748962402344,0.01679999940097332,22.60833405933174,16.69862133293152
62,18,241.76119995117188,0.0,22.88773833312988,16.557322294807435
62,19,201.60118103027344,0.1096000000834465,19.890987189189797,15.627841919136047
62,20,241.82533264160156,0.0,22.92588881225586,21.14153593902588
62,21,179.00042724609375,0.0,17.737415338134767,12.278226401138305
62,22,199.96792602539062,0.0,19.5073578125,14.32496420059204
62,23,273.1932678222656,0.0,25.40796843261719,18.618009256362914
62,24,229.7733917236328,0.0,21.957583877563476,19.284353284454344
62,25,272.356201171875,0.0,25.383075384521483,19.569588497924805
62,26,371.3428039550781,0.0,33.25029953385015,26.835938578033446
62,27,216.9609832763672,0.07639999687671661,21.28099454074436,24.234513415908815
62,28,256.0998840332031,0.0,24.12342931791046,26.287683463668824
62,29,235.9851531982422,0.0,22.42800216064453,19.89286182861328
62,30,221.91030883789062,0.0,21.292495626831055,19.194033364105223
62,31,281.0439147949219,0.0,26.08634832763672,22.964213661575318
62,32,182.0629425048828,0.0,18.028996923828124,14.878092266273498
62,33,63.8101921081543,0.00039999998989515007,7.3496531402587895,5.745450993537903
62,34,56.87999725341797,0.0,6.649761306762695,4.47309418706894
62,35,55.494991302490234,0.0,6.509092892456055,7.216647285652161
62,36,45.48842239379883,0.0,5.502027758789063,6.87150361251831
62,37,35.97874069213867,0.0,4.511650476074219,7.826763576316833
62,38,28.33325958251953,0.0,3.6751699005126954,6.67959418258667
62,39,27.39737892150879,0.0,3.567858679199219,5.585434791278839
62,40,31.733922958374023,0.0,4.048014868164063,6.308300236129761
62,41,29.26211929321289,0.0,3.7742852935791014,5.755740142726898
62,42,39.77961730957031,0.0,4.903920965576172,6.37672345199585
62,43,240.18690490722656,0.0,22.80269464111328,15.408923477363587
62,44,251.33116149902344,0.0,23.700704788208007,18.33430369911194
62,45,227.47647094726562,0.0,21.74169304199219,20.297675436401367
62,46,230.8045196533203,0.0,22.028412548828125,18.951185516357423
62,47,236.79693603515625,0.0,22.54749128417969,17.144677378463744
62,48,171.1178741455078,0.0,17.072275744628907,13.547751496696472
62,49,88.7032699584961,0.01080000028014183,9.745876416015625,7.837076852989197
62,50,95.69949340820312,0.0,10.391305529785157,8.073706879615784
62,51,110.35213470458984,0.0,11.714533493041992,9.039242429542542
62,52,89.01683044433594,0.0,9.756692517089844,8.345193997573853
62,53,100.65528869628906,0.0,10.832070156860352,9.86995916633606
62,54,91.26700592041016,0.0,9.953885653686523,11.707027836036682
62,55,129.5056915283203,0.0,13.47349955444336,12.284933251190186
62,56,99.16793060302734,0.0,10.721755987548828,10.428456562805176
62,57,76.14812469482422,0.0,8.555555548095704,10.311131807899475
62,58,75.90428924560547,0.0,8.532783349609375,9.804565323066711
62,59,62.294464111328125,0.0,7.196911218261719,7.416452039623261
62,60,52.07617950439453,0.0,6.177547360229492,5.795005141925812
62,61,49.173736572265625,0.0,5.874925741577148,5.421135002803802
62,62,29.25261878967285,0.0,3.755682418823242,4.6520507797718045
62,63,38.333251953125,0.0,4.760630068969727,3.4486857288837434
62,64,111.76995086669922,0.0,11.857478744506835,9.639648207569122
62,65,183.3309326171875,0.0,18.117562634277345,12.984891651153564
62,66,180.45069885253906,0.0,17.851829318237304,12.491663749694824
62,67,107.85384368896484,0.0,11.498670751953124,13.410611559677124
62,68,155.4727020263672,0.0272000003606081,15.666980493164063,16.3331292388916
62,69,142.0114288330078,0.0,14.595887048339844,12.53840572128296
62,71,172.2976531982422,0.03959999978542328,17.070544117192828,14.764234878540039
62,72,211.82098388671875,0.09759999811649323,20.948306695147433,15.640442753601075
62,73,199.33570861816406,0.11840000003576279,19.428260622313054,16.972215042495726
62,74,119.18122100830078,0.0007999999797903001,12.428880040965721,17.40175389213562
62,75,94.85859680175781,0.0,10.312433358764649,11.131740458869935
62,76,157.8951416015625,0.0,15.868095195619295,16.61753497772217
62,77,153.50193786621094,0.11879999935626984,14.840179518755745,17.69097906780243
62,78,163.63282775878906,0.06440000236034393,16.301275309211658,17.597498571014405
62,79,161.41893005371094,0.0,16.217902676022653,15.972462869262696
62,80,175.4984893798828,0.006000000052154064,17.455384596918325,16.079310932540892
62,81,190.87184143066406,0.0,18.764275463867186,15.956629346466064
62,82,165.90530395507812,0.0,16.63282490234375,14.062263809585572
62,83,168.36395263671875,0.0,16.892246376715562,14.506903803634643
62,84,170.21395874023438,0.0,17.001465533447266,13.156533559417724
62,85,160.1378936767578,0.0,16.109896243286133,12.377176271820069
62,86,146.17413330078125,0.0020000000949949026,14.791657401218476,12.502563451194764
62,87,188.2926788330078,0.0015999999595806003,18.48854680550404,14.496462905883789
62,88,143.8236083984375,0.02879999950528145,14.44249930048448,10.889544933912157
62,89,81.89745330810547,0.09640000015497208,9.103539455459412,7.956922492454329
62,90,77.0823974609375,0.0,8.69981748046875,6.733182685264572
62,91,129.42977905273438,0.18639999628067017,13.443155795531654,13.346162956428527
62,92,74.06803894042969,0.003599999938160181,8.278901960660143,9.201602008182741
62,93,138.26075744628906,0.06199999898672104,14.034420703246408,14.158263175296783
62,94,58.65318298339844,0.0,6.865729409790039,10.112027079081349
62,95,138.32553100585938,0.0,14.373102119908653,11.009868235548959
62,96,89.08844757080078,0.015599999576807022,9.734996546094663,9.506263186795824
62,97,133.1304168701172,0.0,13.774361138916015,14.347219431257248
62,98,171.28262329101562,0.0,17.088069592285155,14.858779202651977
62,99,188.61602783203125,0.0,18.541477059936522,15.263532765960694
62,100,143.943115234375,0.026000000536441803,14.713123718261718,12.105762922859192
62,101,117.23481750488281,0.052000001072883606,12.236232575916109,11.512213289833069
62,102,144.37393188476562,0.031599998474121094,14.992701977125975,12.984209786987305
62,103,153.24281311035156,0.0,15.531443133544922,13.596795843461155
62,104,144.8387451171875,0.04560000076889992,14.674892955129852,11.00561409797594
62,105,136.47801208496094,0.00559999980032444,14.038802098341304,12.04683271598816
63,9,94.8096923828125,0.041200000792741776,10.268255193182762,5.102456528922915
63,10,137.21202087402344,0.0,14.113676657104492,12.82525288925171
63,11,152.90292358398438,0.0,15.479840646362305,13.84415730190277
63,12,204.50735473632812,0.0,19.87009016113281,14.374768634796142
63,13,166.9373016357422,0.0,16.73036177368164,14.886535347747802
63,14,203.3523406982422,0.0,19.77932305603027,14.737680308151246
63,15,173.708984375,0.0,17.284110070800782,15.328937000846862
63,16,207.87039184570312,0.0,20.15890281677246,18.465880492973326
63,17,247.72718811035156,0.0,23.41512393798828,20.529188980484008
63,18,214.38137817382812,0.0,20.64230555204096,18.129505569267273
63,19,195.5213623046875,0.0015999999595806003,19.115797780457157,16.510171647262574
63,20,195.2744903564453,0.0,19.113638919067384,15.154824382019044
63,21,151.505859375,0.0,15.392327478027344,10.005474703979493
63,22,194.6089630126953,0.0,19.041173233032225,12.307360988426208
63,23,236.44891357421875,0.0,22.50114938354492,23.43318401222229
63,24,224.5596923828125,0.0,21.52320057067871,18.135437168884277
63,25,251.54611206054688,0.0,23.728379666137695,17.82915315284729
63,26,291.9018249511719,0.0,26.95194754333496,24.226523740386963
63,27,228.16810607910156,0.12559999525547028,22.9620571879127,16.14953769054413
63,28,223.85316467285156,0.004399999976158142,21.45145094102528,18.736115162086488
63,29,290.50677490234375,0.0,26.840573748779295,23.054839825057982
63,30,266.20257568359375,0.0,24.889707042893253,17.62316338920593
63,31,301.84283447265625,0.0,27.719275897216797,16.953782344055174
63,32,196.78639221191406,0.0,19.220643688964845,10.607180199337005
63,33,134.4869384765625,0.0,13.868904760742188,7.114471780776977
63,34,64.6488265991211,0.0,7.439085534667969,4.777103621387481
63,35,59.31133270263672,0.0,6.896618569946289,8.3851660779953
63,36,39.443397521972656,0.0,4.870311022949219,5.7699750772476195
63,37,48.242549896240234,0.0,5.784667691040039,7.504773906326294
63,38,37.77493667602539,0.0,4.6897920196533205,5.07460776348114
63,39,26.917863845825195,0.0,3.5189642608642577,4.466018119955063
63,40,24.58171844482422,0.0,3.2567471588134764,5.572620948886871
63,41,28.869651794433594,0.0,3.740881851196289,3.7032017788887024
63,42,91.56954956054688,0.0,10.008496472167968,10.385037623977661
63,43,216.12002563476562,0.0,20.84391139526367,19.033021200180055
63,44,227.759033203125,0.0,21.794759216308595,20.073628983306886
63,45,216.53237915039062,0.0,20.857365042114257,15.861052967834473
63,46,240.29306030273438,0.0,22.79371458129883,15.748302247619629
63,47,183.72657775878906,0.0,17.933395573855794,15.79888157119751
63,48,102.58348083496094,0.0,11.053361666870117,9.475402128219605
63,49,82.00699615478516,0.0,9.10217979736328,7.578468364334107
63,50,103.66590118408203,0.0,11.114714361572265,8.549703158569336
63,51,103.88967895507812,0.0,11.137354217529296,8.917997302246095
63,52,110.47975158691406,0.0,11.759092944335938,9.913972628974914
63,53,84.63306427001953,0.0,9.330559191894531,9.281000530815124
63,54,114.47357177734375,0.0,12.088503689575194,10.961257061767578
63,55,88.05554962158203,0.0,9.651100534057617,9.066259957313537
63,56,53.66785430908203,0.0,6.3190623443603515,6.36113441991806
63,57,54.84880828857422,0.0,6.46243410949707,7.808726461219788
63,58,50.817230224609375,0.0,6.052258282470703,7.447971740531921
63,59,48.78694152832031,0.0,5.858836083984375,4.372190213823319
63,60,33.59606170654297,0.0,4.24943083190918,1.1883499386239798
63,61,24.460981369018555,0.0,3.2427957336425783,1.2802758815929065
63,62,26.371360778808594,0.0,3.461589724731445,1.6555473499767481
63,63,30.163007736206055,0.0,3.884837548828125,1.156942120963335
63,64,32.629268646240234,0.0,4.135622131347656,2.056260621547699
63,65,138.5994110107422,0.0,14.246888034057617,11.291871642780304
63,66,216.00466918945312,0.0,20.816791284179686,13.35003441848755
63,67,134.25379943847656,0.0,13.926378436279297,10.593436923027038
63,68,178.11404418945312,0.0020000000949949026,17.69753591003418,15.655117602920532
63,69,161.15895080566406,0.0,16.31757596130371,15.873306565856934
63,70,153.43531799316406,0.03840000182390213,15.30755014825883,15.000261754608154
63,71,120.8316650390625,0.01640000008046627,12.607340540952348,13.100739533996583
63,72,144.73414611816406,0.007600000128149986,14.819612760927152,12.838919000816345
63,73,129.9750518798828,0.006399999838322401,13.432692159314993,14.180413556861877
63,74,140.7417755126953,0.006800000090152025,14.39397777943338,14.368052935791015
63,75,114.54332733154297,0.02879999950528145,12.077898758745606,11.16772142906189
63,76,94.30793762207031,0.0,10.279868789672852,13.88000912361145
63,77,185.9873809814453,0.00839999970048666,18.331277456609776,14.812515679740907
63,78,159.8285675048828,0.0,16.047250519470484,14.237444617843629
63,79,148.4530487060547,0.009200000204145908,15.095994409179687,14.67131312646866
63,80,109.99406433105469,0.0,11.72438896484375,11.689778379249573
63,81,116.423828125,0.0,12.258840325927734,10.696058776473999
63,82,145.10775756835938,0.0,14.846556713867187,12.479220199044049
63,83,58.80881881713867,0.10599999874830246,6.903714043875402,6.243122226770967
63,84,103.37334442138672,0.026799999177455902,11.076615461732839,9.057980184621737
63,85,172.3628692626953,0.00039999998989515007,17.15452258300781,13.21629193763733
63,86,182.3385772705078,0.03759999945759773,18.041271520288365,13.778251670074463
63,87,190.70050048828125,0.03759999945759773,18.57742592259457,14.045865029907226
63,88,70.78550720214844,0.014399999752640724,7.783760935734172,8.76115052537918
63,89,52.13023376464844,0.07999999821186066,6.1743591109566065,6.687375737932604
63,90,117.97624969482422,0.051600001752376556,12.30981355992759,10.059720183303952
63,91,100.31816101074219,0.02199999988079071,10.716467024053184,11.367873899327964
63,92,126.17977905273438,0.018400000408291817,13.158245895385742,14.48426856302023
63,93,40.69363784790039,0.0,4.994812368774414,5.038811703446787
63,94,121.37712097167969,0.0,12.79140086364746,13.879423340236023
63,95,93.77244567871094,0.0,10.2410982421875,11.02259857076481
63,96,145.6981658935547,0.040800001472234726,14.839653699446362,15.716933520126343
63,97,95.60481262207031,0.0,10.36346753540039,12.428436125830585
63,98,168.79202270507812,0.1324000060558319,16.79200141411824,15.906314879989624
63,99,145.30873107910156,0.0,14.86223603515625,14.191338557815552
63,100,72.99567413330078,0.0,8.0985474609375,7.162604994548578
63,101,94.9818115234375,0.02879999950528145,9.432698704646183,9.329425093973708
63,102,87.1241226196289,0.018799999728798866,9.601499029670565,9.494283394778707
63,103,60.792335510253906,0.0,6.944476879882813,8.86152844237294
63,104,135.89288330078125,0.15760000050067902,13.771574038013734,9.54762828770983
63,105,188.0186309814453,0.006399999838322401,18.49711868102292,14.603741486740113
63,106,181.81199645996094,0.15160000324249268,17.940946446611097,14.953642557525635
64,11,134.1905517578125,0.13760000467300415,13.866527320281472,12.292283367701062
64,12,240.2154998779297,0.005200000014156103,22.755843113069798,14.91341453453838
64,13,164.79934692382812,0.0,16.49165510864258,14.531444480857997
64,14,148.3671417236328,0.0,15.100739672851562,15.246216505432129
64,15,123.4997787475586,0.0,12.914809005737304,10.389127483618259
64,16,86.32781219482422,0.0,9.503664242553711,8.015727851107716
64,17,154.5821990966797,0.0,15.6514041015625,13.044489504241943
64,18,243.94833374023438,0.006000000052154064,23.1380455657959,16.005418449020386
64,19,177.35018920898438,0.0,17.593270184326173,19.819626787948607
64,20,256.8209228515625,0.0,24.151875073242188,17.83309542312622
64,21,211.4757843017578,0.0,20.4484177734375,14.971162685203552
64,22,201.5993194580078,0.0,19.610902883911134,13.678836951637267
64,23,183.66635131835938,0.0,18.10887872314453,17.780476914405824
64,24,186.81927490234375,0.0,18.402212728881835,11.962085797309875
64,25,258.4681701660156,0.0,24.280760580444337,13.491091679382324
64,26,301.3085632324219,0.0,27.66919045715332,13.864591741943359
64,27,297.5641784667969,0.0,27.386836279296876,15.812526437759399
64,28,272.2877197265625,0.0,25.410320672607423,19.834371971702577
64,29,325.9473876953125,0.00559999980032444,29.53576530151367,28.31653884124756
64,30,255.17044067382812,0.0,24.01470129394531,15.248681974029541
64,31,184.8392791748047,0.0,18.21174289855957,12.62987935218811
64,32,212.33973693847656,0.0,20.518615048217775,16.976795694351196
64,33,310.80804443359375,0.0,28.39861818847656,16.346243280410768
64,34,93.964111328125,0.0,10.232106390217089,7.43742543888092
64,35,57.64219284057617,0.0,6.745577722167969,5.962779206562042
64,36,59.342445373535156,0.0,6.888890417480469,6.049284881210327
64,37,68.0806655883789,0.0,7.757469113159179,11.348602126121522
64,38,56.77788162231445,0.0,6.6514424865722654,9.051623399353028
64,39,40.746238708496094,0.0,5.008541253662109,6.898827294921875
64,40,34.08828353881836,0.0,4.292044146728515,6.417814388370514
64,41,48.030887603759766,0.0,5.757690719604492,6.461345962905884
64,42,170.9639434814453,0.0,17.065131967163087,14.768848575782776
64,43,260.11614990234375,0.0,24.399246017456054,21.87280676498413
64,44,249.19924926757812,0.0,23.517417416381836,17.817143280029295
64,45,269.0107116699219,0.0,25.094041470336915,15.925102307510375
64,46,206.01010131835938,0.0,19.995777490234374,13.472815758514404
64,47,145.14700317382812,0.0,14.813342834472657,10.845432182312011
64,48,66.28036499023438,0.0,7.5894062744140625,8.092150057029723
64,49,67.29632568359375,0.0,7.671627947998047,8.32521197566986
64,50,71.9569320678711,0.0,8.149199057006836,7.8181495264053344
64,51,75.80889892578125,0.0,8.487384338378906,9.355328066253662
64,52,76.0880355834961,0.0,8.535372836303711,9.430760010528564
64,53,82.76045989990234,0.0,9.185400552368163,8.511952347755432
64,54,80.71961212158203,0.0,9.005451959228516,7.6192052337646485
64,55,92.02421569824219,0.0,10.052915933227538,8.849524340057373
64,56,49.24040985107422,0.0,5.903402536010742,5.2585664493560795
64,57,43.69390106201172,0.0,5.320477688598633,5.090073316574097
64,58,30.522748947143555,0.0,3.920519903564453,3.4879691572403537
64,59,24.91067886352539,0.0,3.2948563385009764,1.0456352150986903
64,60,41.85370635986328,0.0,5.125460131835937,0.6013886565801222
64,61,24.71641731262207,0.0,3.271222482299805,0.2500201290667988
64,62,9.199956893920898,0.0,1.4072495880126954,0.15338946486068308
64,63,33.4856071472168,0.0,4.238527059936524,0.7113177825170104
64,64,48.285423278808594,0.0,5.782117172241211,2.284785013860464
64,65,61.33625030517578,0.0,7.102748791503906,7.475013441848755
64,66,165.00918579101562,0.0,16.56646721496582,12.938831665802002
64,67,179.446533203125,0.15479999780654907,17.31569718084345,14.15513549232483
64,68,163.58102416992188,0.15119999647140503,16.04178881310658,14.324021477890014
64,69,172.64894104003906,0.0,17.308519879150392,14.828225044250487
64,70,152.72308349609375,0.0012000000569969416,15.481010552978516,14.49214275894165
64,71,117.09967803955078,0.06560000032186508,12.6933562723366,11.979543348312378
64,72,107.2460708618164,0.0,11.532282379150391,10.663942442893982
64,73,129.09971618652344,0.0,13.415244470214844,13.063921177482605
64,74,139.49618530273438,0.0,14.277307354736328,13.266590866851807
64,75,146.35816955566406,0.006399999838322401,14.931414318847656,12.47873260822296
64,76,122.37374877929688,0.0,12.792013418579101,10.24683818912506
64,77,207.6045379638672,0.07320000231266022,19.991994464783637,14.631490139198304
64,78,192.58958435058594,0.0,18.87085007019043,17.112776360321046
64,79,132.641357421875,0.006800000090152025,13.740463406431909,15.371825149345398
64,80,94.17385864257812,0.0,10.239548971557618,10.157459924030304
64,81,158.11549377441406,0.03319999948143959,15.965976249880907,12.90195889415741
64,82,40.897438049316406,0.10440000146627426,5.033423736831236,3.6628353417141946
64,83,102.90656280517578,0.0,11.066202835083008,10.230829896892793
64,84,45.39289855957031,0.02280000038444996,5.45635336439872,4.786215770276636
64,85,103.83989715576172,0.01679999940097332,11.026425523024338,10.946692087745667
64,86,119.14421844482422,0.05480000004172325,12.131071913765998,10.175867377185822
64,87,107.6578598022461,0.0,11.467294206986061,9.67968665524423
64,88,26.097084045410156,0.1096000000834465,3.4760077648728362,4.0251727850414545
64,89,120.2907485961914,0.02879999950528145,12.585348280100689,9.906995527269691
64,90,109.04573059082031,0.0,11.614589547729492,12.314799676322936
64,91,41.713722229003906,0.0,5.108944097900391,6.390465980861895
64,92,77.44023895263672,0.0,8.650762951660155,9.062238445837423
64,93,89.04367065429688,0.0,9.840980737304687,11.316216697200016
64,94,128.5333251953125,0.0,13.355348666381836,14.394903095793724
64,95,80.85030364990234,0.0,8.96068150024414,8.73333466901714
64,96,126.0423812866211,0.0031999999191612005,13.175606333292448,13.302621557848155
64,97,65.79939270019531,0.00839999970048666,7.5283989731271985,8.037631968625874
64,98,122.4152603149414,0.04479999840259552,12.627521892553954,13.263806157767773
64,99,137.42425537109375,0.17560000717639923,13.698201202314925,14.274134948349
64,100,90.11392974853516,0.04520000144839287,9.773792085635966,9.708311568036303
64,101,46.369956970214844,0.008799999952316284,5.5347274427862185,5.092024293515645
64,102,85.53730773925781,0.0551999993622303,9.363988744089742,8.043877632970363
64,103,109.99956512451172,0.0,11.693385205078124,11.953167163424567
64,105,110.16192626953125,0.06239999830722809,11.248029921912726,13.452724237573147
64,106,123.49020385742188,0.020400000736117363,12.549411785039736,16.336662046432494
65,16,69.58336639404297,0.08720000088214874,7.9059706043507525,4.606426727415965
65,17,110.18737030029297,0.0,11.731518054199219,9.878411519095302
65,18,191.72064208984375,0.0,18.82121659851074,14.663105038833619
65,19,196.32347106933594,0.0,19.181592529296875,17.514049431610108
65,20,209.7427978515625,0.0,20.314434603881836,15.026752285766602
65,21,178.21360778808594,0.0,17.65563544921875,14.369314295959473
65,22,239.31837463378906,0.0,22.688546405029296,14.130143741607666
65,23,221.3851776123047,0.0,21.250225003051757,13.979315383529663
65,24,238.40357971191406,0.0,22.613653045654296,10.25305147895813
65,25,318.34808349609375,0.0,28.9997518157959,19.79431436367035
65,26,318.44580078125,0.0,29.003543377685546,23.48252762031555
65,27,246.61813354492188,0.0,23.322083984375,16.857087113380434
65,28,241.6160430908203,0.0,22.926292681884764,13.393227146148682
65,29,221.850341796875,0.0,21.32057077331543,17.232902405166627
65,30,289.5292663574219,0.0,26.7344650390625,20.46470366668701
65,31,183.04287719726562,0.0,18.048010369873047,16.001181957626343
65,32,330.9431457519531,0.0,29.963536932373046,19.97659296913147
65,33,175.97689819335938,0.0,17.49819044494629,10.221903712463378
65,34,92.87520599365234,0.0,10.087120245282973,6.213461863708496
65,35,56.03343200683594,0.0,6.574751431274414,5.7439838397979734
65,36,54.88673400878906,0.0,6.4557777099609375,5.965070437240601
65,37,79.72364807128906,0.0,8.897984750366211,9.070627959251404
65,38,97.59449768066406,0.0,10.561212353515625,10.998962008285522
65,39,87.05210876464844,0.0,9.579617142200089,9.446708356666566
65,40,85.28639221191406,0.0,9.36704472918772,7.865415007209778
65,41,91.94377136230469,0.0,10.047597244262695,8.532485840797424
65,42,197.33203125,0.0,19.277579843139648,14.609964223861695
65,43,213.29173278808594,0.0,20.602705932617187,16.573365773010252
65,44,223.99130249023438,0.0,21.487313088989257,16.553240148162843
65,45,171.6295623779297,0.0,17.07371149597168,15.407496530532837
65,46,129.0734405517578,0.0,13.402676626586913,12.009994102096558
65,47,95.60380554199219,0.0,10.369749908447266,9.949100073242187
65,48,80.16028594970703,0.0,8.940424914550782,8.688351787376403
65,49,74.21117401123047,0.0,8.379841299438477,7.394539705467224
65,50,62.27700424194336,0.0,7.177774569702148,8.146605544471742
65,51,69.1635513305664,0.0,7.839027902221679,8.373017012405395
65,52,84.0363540649414,0.0,9.324428128051759,9.722280547714233
65,53,77.84455108642578,0.0,8.70813279724121,7.823038723564148
65,54,59.8075065612793,0.0,6.966528414916993,6.722539937019348
65,55,31.197017669677734,0.0,3.9912923278808594,3.6116580781936647
65,56,36.14087677001953,0.0,4.531243603515625,2.533046791124344
65,57,24.445064544677734,0.0,3.237596682739258,1.8430647765159607
65,58,29.339942932128906,0.0,3.7759657958984376,0.917991313551087
65,59,24.338886260986328,0.0,3.2297761779785157,0.9568821690949503
65,60,38.85962677001953,0.0,4.803813455200196,0.666159158650972
65,61,18.31523323059082,0.0,2.5293045806884766,0.19499381859922432
65,62,7.653509616851807,0.0,1.2022552947998046,0.21821645763302222
65,63,31.443679809570312,0.0,4.019716021728516,1.513642279628478
65,64,44.99830627441406,0.0,5.4543319580078125,5.55821358590126
65,65,87.36800384521484,0.0,9.617064260864257,10.212659078598023
65,66,79.76884460449219,0.0,8.889441119384765,10.781731386375426
65,67,63.75486755371094,0.0,7.364686444091797,9.137294684028625
65,68,126.02630615234375,0.02160000056028366,13.01973239367049,14.323900621414184
65,69,145.86122131347656,0.1111999973654747,14.75325561114314,15.48001429748535
65,70,193.33010864257812,0.004000000189989805,18.466733697918738,17.09915097694397
65,71,176.82958984375,0.031599998474121094,17.51540726109555,15.058469178009034
65,72,105.33723449707031,0.009600000455975533,11.008841120422915,10.200114663887025
65,73,72.32563018798828,0.0,8.204478759765625,8.319199584007263
65,74,62.688968658447266,0.0,7.233836483764648,9.163914095115661
65,75,84.67205810546875,0.031599998474121094,9.308598911883632,10.401566453170776
65,76,166.64720153808594,0.007600000128149986,16.71530463256836,15.076001824951172
65,77,158.7014617919922,0.17759999632835388,14.400305699116684,17.219387786102295
65,78,207.58302307128906,0.0,20.153795516967772,18.46630249938965
65,79,101.1856460571289,0.0,10.851361834716798,13.309196701049805
65,80,126.99958801269531,0.05959999933838844,12.787425577391557,15.11697374973297
65,81,165.4379425048828,0.0812000036239624,16.46457072926104,14.331453770637513
65,82,51.796287536621094,0.18199999630451202,6.104263988392277,3.9637105153945624
65,83,72.323974609375,0.0,8.171665216064453,10.894270623511076
65,84,71.78820037841797,0.0,8.085159237670899,9.388083116097748
65,85,79.97341918945312,0.0015999999595806003,8.945071914465165,7.574420411119982
65,86,78.89693450927734,0.024000000208616257,8.700059538513507,5.428926817418635
65,87,58.443565368652344,0.07280000299215317,6.827362155996591,3.361821698188782
65,88,97.13665008544922,0.004399999976158142,10.5232490234375,10.707145694178342
65,89,167.9620819091797,0.0007999999797903001,16.79730863342285,17.278611088180543
65,90,147.42501831054688,0.0,15.000882863998413,15.905773010063172
65,91,114.22774505615234,0.0,12.074736145019532,14.242089008140564
65,92,152.1083221435547,0.019999999552965164,15.29937267066823,18.235264818191528
65,93,64.19817352294922,0.0,7.383299310302735,11.719301220400911
65,94,111.30194091796875,0.12559999525547028,11.299835770742224,14.2520757062912
65,95,103.21044921875,0.00279999990016222,11.01066254496191,9.62459873910509
65,96,111.86764526367188,0.014000000432133675,11.821519198608398,11.181215721990169
65,97,124.69627380371094,0.03200000151991844,13.065954269409179,12.380155437260866
65,98,71.11077117919922,0.0,8.086864575195312,8.436735287811235
65,99,140.31723022460938,0.0,14.336993036022179,14.654102259063722
65,100,92.28290557861328,0.00039999998989515007,10.04663207397461,10.873849744982273
65,101,104.51068878173828,0.1656000018119812,9.502863876747362,8.019389168243903
65,102,155.58297729492188,0.024800000712275505,15.778258244678227,15.797495649337769
65,103,122.75444030761719,0.03759999945759773,12.6765810453946,12.747512385153025
65,104,98.9306869506836,0.12319999933242798,9.841942629913259,10.70910532519929
65,106,120.1142807006836,0.10199999809265137,12.826142516809723,15.702658445835114
66,19,177.32034301757812,0.03759999945759773,17.679873957201924,9.137008802898414
66,20,238.55877685546875,0.0,22.650147735595702,10.343783471491747
66,21,218.99298095703125,0.0,21.06942911682129,10.365572564983369
66,22,212.3650665283203,0.0,20.507496932983397,8.751439353466035
66,23,239.14540100097656,0.0,22.726772711181642,11.25367356710434
66,24,256.56884765625,0.0,24.107247537231444,14.514904223251342
66,25,305.4506530761719,0.0,28.02205205812794,18.08310820159912
66,26,285.18939208984375,0.0,26.373990362548827,22.30866630897522
66,27,294.1567687988281,0.0,27.06332586364746,19.610998985481263
66,28,258.201416015625,0.0,24.235738665771486,15.304804043769836
66,29,208.41944885253906,0.0,20.13238094177246,12.920960220336914
66,30,201.33673095703125,0.0,19.60610621948242,15.263533763122558
66,31,238.3712158203125,0.0,22.65787964477539,14.482578777694702
66,32,224.86634826660156,0.0,21.549225344848633,18.83227578048706
66,33,200.87783813476562,0.0,19.56796999511719,11.618808133983611
66,34,116.3057632446289,0.0,12.255268984985351,6.346702463245392
66,35,94.15912628173828,0.0,10.209319235229492,5.642945137500763
66,36,74.26404571533203,0.0,8.369444842529298,6.447218362045288
66,37,88.10012817382812,0.0,9.674731488037109,7.924513504981995
66,38,139.19955444335938,0.0,14.334295681762695,10.826549226379395
66,39,159.2627410888672,0.0,16.022448153686522,14.409529193687439
66,40,138.9154052734375,0.0,14.270420724487305,9.445775741386413
66,41,106.76887512207031,0.006399999838322401,11.335994893076757,10.288106930160522
66,42,196.0323486328125,0.0,19.174462322998046,13.522122442054748
66,43,227.92440795898438,0.0,21.795732717895508,13.951608740234375
66,44,330.8241271972656,0.0,29.96716428527832,15.201367621994018
66,45,157.1042022705078,0.00279999990016222,15.83014494934082,12.077983707046508
66,46,132.091552734375,0.0,13.67761559753418,10.804220928955077
66,47,105.45854949951172,0.0,11.294134994506836,10.78090676612854
66,48,99.34491729736328,0.0,10.723432122802734,10.0303573802948
66,49,81.62692260742188,0.0,9.06985397644043,8.134914693260193
66,50,78.34882354736328,0.0,8.77918129272461,7.484478815078735
66,51,89.70916748046875,0.0,9.82463313293457,8.829827752304077
66,52,70.24527740478516,0.0,7.993601483154297,7.678425936317444
66,53,76.4977035522461,0.0,8.580882220458985,8.070151354408264
66,54,108.0484390258789,0.0,11.525950592041015,7.563535199356079
66,55,54.55900955200195,0.0,6.441405487060547,3.9119760195732116
66,56,49.5678596496582,0.0,5.930770477294922,3.653560983276367
66,57,23.084566116333008,0.0,3.083180453491211,1.4976205075979232
66,58,23.993549346923828,0.0,3.1866517791748046,0.8178940642193891
66,59,33.34248733520508,0.0,4.22020200805664,0.9974187584855594
66,60,38.656700134277344,0.0,4.798620651245117,0.7498697350164876
66,61,24.8668212890625,0.0,3.292307534790039,1.836971201684326
66,62,39.452735900878906,0.0,4.866140158081055,3.6883004228811713
66,63,52.36948776245117,0.0,6.212104043579101,6.132367679691315
66,64,69.43659973144531,0.0,7.906881286621093,10.767456632041931
66,65,99.15608978271484,0.0,10.673652108764648,11.242686512565612
66,66,103.69718170166016,0.0,11.118108059692382,10.845448177909851
66,67,143.0629425048828,0.07320000231266022,13.876737982073742,9.839230127906799
66,69,169.1465301513672,0.06080000102519989,17.00198154441057,13.441858472251893
66,70,128.3750762939453,0.0,13.356290631103516,15.232235075378417
66,71,222.7877960205078,0.07199999690055847,21.115360958798153,17.156877127075195
66,72,129.62289428710938,0.0,13.460986993408204,10.282609859275817
66,73,116.23440551757812,0.07320000231266022,11.794612299056359,10.169992207717895
66,74,94.06158447265625,0.03440000116825104,9.82834737709319,10.192382546615601
66,75,143.40313720703125,0.1136000007390976,14.275008046238643,13.533175991439819
66,76,180.4899139404297,0.0,17.884549386596678,12.936480131530761
66,77,113.33580017089844,0.0,11.9160232421875,11.821190631103516
66,78,139.35789489746094,0.05559999868273735,14.437659192580153,14.982496109199523
66,79,73.55099487304688,0.0,8.320648461914063,8.790501926612855
66,80,113.63921356201172,0.0,12.038404473876954,10.154415876102448
66,81,202.7869110107422,0.026399999856948853,19.62912604671785,16.6362802444458
66,82,74.17276000976562,0.20559999346733093,8.353159745454187,6.965595392033458
66,83,35.93307876586914,0.07599999755620956,4.547859687309761,4.3725243465460375
66,84,137.6602020263672,0.09880000352859497,14.238071140893888,13.243418920977414
66,85,58.51559066772461,0.08479999750852585,6.843939907900937,4.276053213544795
66,86,78.28501892089844,0.030400000512599945,8.631353076072429,7.095322837850452
66,87,58.127689361572266,0.15160000324249268,6.792484385963882,3.1688910867395346
66,88,123.84648132324219,0.0,12.965671699845002,13.223325815200806
66,89,189.7561492919922,0.0560000017285347,18.69156146000783,16.905151621246336
66,90,162.1345977783203,0.030799999833106995,16.206057760068035,15.029849115753175
66,91,137.441650390625,0.0,14.147265881347657,15.621420401000977
66,92,147.74354553222656,0.0,15.075402780151368,16.858336337661743
66,93,101.8870849609375,0.0,10.94016516418457,11.246409972716789
66,94,58.99132537841797,0.002400000113993883,6.825018795913455,10.165952186251431
66,95,166.907958984375,0.0820000022649765,16.698868047827236,13.052892116802932
66,96,134.69981384277344,0.05999999865889549,13.459780127658673,11.07119741344452
66,97,86.30292510986328,0.0007999999797903001,9.51797198791504,9.183413721806556
66,98,95.37519836425781,0.004000000189989805,10.391152932653466,9.388792633381673
66,99,121.54491424560547,0.02199999988079071,12.615401776916778,9.681392506578588
66,100,100.38235473632812,0.0,10.842360910034179,8.433268308313842
66,102,109.88811492919922,0.0,11.62490456237793,13.817635292434693
66,103,142.19577026367188,0.041200000792741776,14.443846110468325,13.0404982213974
66,104,117.19425964355469,0.002400000113993883,12.304826861902116,11.059311951294541
67,11,0.013046524487435818,0.017999999225139618,0.005191369454875255,0.0
67,12,0.02130582369863987,0.006000000052154064,0.007872776822065204,0.0
67,13,0.02713838778436184,0.03200000151991844,0.009693281315574962,0.0
67,14,0.010365367867052555,0.1428000032901764,0.0042676191378908076,0.0
67,15,0.006151970010250807,0.16680000722408295,0.002735154421582453,0.0
67,16,0.011933478526771069,0.10279999673366547,0.0048517677011205,0.0
67,20,5.28480863571167,0.11240000277757645,0.9079008682615427,0.4261542404294014
67,21,43.14373016357422,0.0,5.2693781005859375,4.380079316717759
67,22,151.0680694580078,0.0,15.34925666809082,8.383388232813775
67,23,131.69583129882812,0.008799999952316284,13.628922750854493,6.662606673675776
67,24,121.27474212646484,0.0,12.714362860107421,7.604972211958468
67,25,167.55914306640625,0.0,16.73034546813965,9.861376883988456
67,26,236.04351806640625,0.0,22.434541918945314,11.675495781353767
67,27,188.39761352539062,0.0,18.468590908813475,12.485361217689514
67,28,139.30926513671875,0.0,14.301752313232422,10.727184614562988
67,29,184.57955932617188,0.0,18.23249275817871,14.470834944915772
67,30,172.47108459472656,0.0,17.177925360107423,13.259928577423096
67,31,224.6012725830078,0.0,21.54536651611328,19.810146878433226
67,32,233.89537048339844,0.0,22.288953744506834,17.374949628829956
67,33,266.439208984375,0.0,24.909754669189454,14.497027251625061
67,34,234.62184143066406,0.0,22.31698681945801,15.700825470924377
67,35,156.8866424560547,0.0,15.832977517700195,10.919169402503968
67,36,128.39413452148438,0.0,13.367970401000976,9.32905784111023
67,37,158.93438720703125,0.0,16.043070208740236,10.424023335266114
67,38,206.18698120117188,0.0,20.01792217102051,13.558773686599732
67,39,238.02708435058594,0.0,22.614833316040038,14.6386700006485
67,40,184.9650421142578,0.0,18.239228997802734,13.19004893131256
67,41,153.4676055908203,0.0,15.56287620333778,12.783371824645997
67,42,208.136474609375,0.0,20.184955612182616,12.74067875099182
67,43,205.06028747558594,0.0,19.921407595825194,12.167462135314942
67,44,175.7691650390625,0.0,17.423757037353514,13.172416596984863
67,45,134.80136108398438,0.0,13.95315689086914,11.90439595298767
67,46,103.8204574584961,0.0,11.144878018188477,10.04236757736206
67,47,104.65489959716797,0.0,11.205370278930664,10.002096967124938
67,48,99.09891510009766,0.0,10.708509042358399,9.780701672935486
67,49,90.40216827392578,0.0,9.895550378417969,8.06154326171875
67,50,71.27941131591797,0.0,8.059929623413085,7.931174982833863
67,51,93.65459442138672,0.0,10.198608251953125,9.436038609695435
67,52,76.90805053710938,0.0,8.654093420410156,7.864728268051148
67,53,64.17842102050781,0.0,7.403990484619141,8.100330167579651
67,54,125.25443267822266,0.0,13.073557608032226,9.996718047904968
67,55,85.01573181152344,0.0,9.393614108276367,7.274998276329041
67,56,62.52002716064453,0.0,7.2268628356933595,5.957165922641754
67,57,46.95600128173828,0.0,5.6586504028320315,2.2919770659923553
67,58,44.419254302978516,0.0,5.396004302978516,3.436578891620971
67,59,45.48347473144531,0.0,5.499589971923828,5.053719272374176
67,60,64.79124450683594,0.0,7.483753439331054,6.505769557332992
67,61,85.17442321777344,0.0,9.417143670654298,11.17693977394104
67,62,89.6019058227539,0.0,9.82191217956543,12.102399702644348
67,63,95.88392639160156,0.0,10.417979705577775,11.802986943626404
67,64,130.82919311523438,0.0,13.565634997558593,13.301812689971923
67,65,90.81803894042969,0.0,9.89691655883789,11.51488874168396
67,66,136.68690490722656,0.10320000350475311,14.049670829084928,11.828586042785645
67,67,227.35023498535156,0.24560000002384186,20.861760234630285,15.598012362670898
67,68,205.2550048828125,0.13680000603199005,19.76190678077408,15.233830868721009
67,69,151.95457458496094,0.0,15.448360906982423,14.645173295593262
67,70,184.65380859375,0.04919999837875366,18.07129017931912,18.716632163238526
67,71,154.47598266601562,0.0,15.610056563346618,13.639162228012085
67,72,166.51158142089844,0.0012000000569969416,16.678894589233398,16.085686658763887
67,73,159.5967254638672,0.11879999935626984,15.104681438756993,15.233243460464477
67,74,171.61827087402344,0.03400000184774399,16.6830854378298,13.404636801910401
67,75,162.23341369628906,0.04479999840259552,16.23362436400215,14.168643034744262
67,76,132.40322875976562,0.006800000090152025,13.662154313581434,13.030924856758118
67,77,186.72314453125,0.07760000228881836,18.299309562280893,14.335576181793213
67,78,125.35242462158203,0.0860000029206276,12.976430204693939,12.532845368766784
67,79,100.80779266357422,0.0,10.809768811035156,12.545578189182281
67,80,103.78905487060547,0.006800000090152025,11.138904971633556,10.637465867805481
67,81,146.20346069335938,0.019600000232458115,14.667488284227325,13.729324086952209
67,82,82.12830352783203,0.0,9.169821188354492,11.81396310863495
67,83,81.6858901977539,0.10199999809265137,9.05580275775595,8.697452594541433
67,84,73.8943099975586,0.17880000174045563,8.377122105126025,6.71701697271727
67,85,116.32991027832031,0.10639999806880951,12.128667504637392,9.82847971882224
67,86,25.89080238342285,0.20479999482631683,3.4076129790522924,3.475140709659271
67,87,41.4811897277832,0.18000000715255737,5.083512629067026,5.427161646390194
67,88,161.16043090820312,0.015599999576807022,16.231489003643087,14.899180310821533
67,89,166.076171875,0.012799999676644802,16.708301600311522,15.71787587070465
67,90,131.7549285888672,0.0,13.657735888671874,10.867696601676942
67,91,112.83010864257812,0.0,11.968992654418946,12.842645802307128
67,92,201.80892944335938,0.0,19.624592260742187,16.15341321029663
67,93,158.51150512695312,0.0860000029206276,15.850627470887984,14.533388333129883
67,94,129.53309631347656,0.00839999970048666,13.517134982280083,12.19675196428299
67,95,142.36358642578125,0.0,14.589977166748048,11.818551111412049
67,96,167.193115234375,0.0,16.758140740966798,12.767519399642945
67,97,150.07131958007812,0.0012000000569969416,15.260728446024364,12.090203227901458
67,98,119.94876098632812,0.0,12.634690948486329,10.566569033630937
67,99,225.39210510253906,0.002400000113993883,21.623078997961745,14.531466537857055
67,100,148.88226318359375,0.07559999823570251,15.34924516565267,12.3897997505188
67,101,142.5460205078125,0.06279999762773514,14.266488688218972,12.849425563812256
67,104,86.2834701538086,0.00039999998989515007,9.627849486205646,12.072331247980753
68,13,0.014985362067818642,0.1940000057220459,0.005897222854955025,0.0
68,14,0.007365979719907045,0.14239999651908875,0.0031921543292145233,0.0
68,15,0.00821815524250269,0.15160000324249268,0.003479838427481141,0.0
68,16,0.01220274530351162,0.007199999876320362,0.004915042234754294,0.0
68,17,0.010004271753132343,0.007199999876320362,0.004141273467796258,0.0
68,18,0.01030667219310999,0.023600000888109207,0.004225778169487403,0.0
68,19,0.015499410219490528,0.019200000911951065,0.005996259157264797,0.0
68,20,0.016027135774493217,0.0,0.006192105102539062,0.0
68,21,0.016617750748991966,0.019200000911951065,0.0063819449644104305,0.0
68,22,0.017657702788710594,0.06040000170469284,0.006761436413683349,0.0009239721536636352
68,23,0.04064315930008888,0.1995999962091446,0.013678997293345515,2.135928956748359
68,26,60.108558654785156,0.09279999881982803,6.985931726149571,4.6623486100960525
68,27,165.72377014160156,0.0,16.599411044311523,4.895405241877958
68,28,224.69422912597656,0.0,21.5497642578125,7.589583063602448
68,29,230.5225067138672,0.0,21.9344869290771,11.914763816452027
68,30,209.43690490722656,0.0,20.31595327758789,16.592704828834535
68,31,206.967041015625,0.0,20.08046870727539,12.122111709213257
68,32,188.0254669189453,0.0,18.520479644775392,11.847166953659057
68,33,182.92529296875,0.0007999999797903001,18.061608111572266,13.146524084281921
68,34,189.9080352783203,0.0,18.676726791381835,10.38345529460907
68,35,176.93402099609375,0.0,17.586587307739258,10.40220978717804
68,36,267.0458068847656,0.0,24.959388436889647,14.029527569389343
68,37,234.4371337890625,0.0,22.320127838134766,13.341365054893494
68,38,202.80020141601562,0.0,19.723843795776368,19.32710729522705
68,39,319.9305725097656,0.0,29.11714196777344,22.714180885314942
68,40,229.1807098388672,0.0,21.898498788452148,11.989414318466187
68,41,196.0424041748047,0.0,19.171544287109374,13.73890758743286
68,42,225.30270385742188,0.0,21.600357348632812,13.792143556213379
68,43,219.42950439453125,0.0,21.112213946533203,13.651214672851562
68,44,148.81471252441406,0.0,15.16120128173828,12.419053911209106
68,45,173.1064453125,0.0,17.21603863220215,12.455417137527466
68,46,160.53138732910156,0.00039999998989515007,16.210694610595702,11.693729998016357
68,47,158.8175048828125,0.0012000000569969416,15.978847512817383,11.743604587364198
68,48,113.51270294189453,0.0,12.03193518371582,11.28793249206543
68,49,121.13325500488281,0.0,12.70940180053711,10.546035624885558
68,50,87.68167114257812,0.0,9.637748059082032,10.32193225402832
68,51,94.79029083251953,0.0,10.322503436279296,9.21328922958374
68,52,85.34355163574219,0.0,9.426597933959961,8.59018953742981
68,53,102.4535140991211,0.0,11.040149313354492,10.453959361076356
68,54,107.22232818603516,0.0,11.451216723632813,9.584427922058106
68,55,85.1219482421875,0.0,9.405720071411134,10.400976303100586
68,56,78.00623321533203,0.0,8.716383264160156,10.523703932476044
68,57,84.20186614990234,0.0,9.29961159362793,8.625677184486388
68,58,73.82308959960938,0.01679999940097332,8.286892926025391,9.838616151142121
68,59,89.99717712402344,0.0,9.878838201904298,11.32874807624817
68,60,84.76178741455078,0.0,9.365314352416993,11.345877653121947
68,61,101.95576477050781,0.0,10.936247985839843,13.27783069000244
68,62,104.25152587890625,0.0,11.194103924560547,14.02141308517456
68,63,116.70262145996094,0.0,12.288077764892579,13.882343195724488
68,64,149.9780731201172,0.0,15.22587399597168,13.1865906665802
68,65,92.12818145751953,0.0,10.053542181396484,10.056265846443177
68,66,160.65310668945312,0.14640000462532043,15.76770962707252,10.893230625152588
68,67,201.31544494628906,0.1728000044822693,19.60253343743793,14.312000805473328
68,68,252.15472412109375,0.1088000014424324,23.36428070422885,17.19972020893097
68,69,219.6569061279297,0.12439999729394913,21.23471015424524,16.649655601882934
68,70,171.94467163085938,0.012000000104308128,17.1320145904541,13.220014532470703
68,71,152.73342895507812,0.0,15.443586729116406,11.570058503368497
68,74,120.12785339355469,0.21119999885559082,12.631696269602468,9.398491719443724
68,76,116.65794372558594,0.004399999976158142,12.329952407836915,7.9229193168640135
68,77,148.1300506591797,0.0,14.873992874145507,13.051916551971436
68,78,158.25912475585938,0.00559999980032444,15.95329219970703,16.42799227104187
68,79,108.28362274169922,0.0,11.543451293945312,10.80844126739502
68,80,138.97019958496094,0.0575999990105629,14.192859436035157,13.371769659042359
68,81,92.21772003173828,0.08959999680519104,9.289712701049975,8.277830058312976
68,82,38.168174743652344,0.1096000000834465,4.745342018148006,5.976975340619124
68,83,80.08633422851562,0.17759999632835388,8.937890627968637,6.644522639977513
68,84,75.2499771118164,0.17560000717639923,8.404833442432565,6.396517004401609
68,85,158.5619354248047,0.0284000001847744,15.956052096094185,14.428182971572875
68,86,166.62155151367188,0.0,16.6864874206543,13.969371142578124
68,87,127.65829467773438,0.0,13.283812783813477,12.407926709365844
68,88,161.9103240966797,0.18799999356269836,16.12499060782848,13.445399167633056
68,89,166.96348571777344,0.0,16.763238842773436,14.23355786895752
68,90,113.68482208251953,0.010400000028312206,12.085700582885742,11.335885593414307
68,91,141.9256134033203,0.0,14.562272927856446,12.737527835655213
68,92,133.17288208007812,0.0,13.771089889526367,12.700460422515869
68,93,182.29632568359375,0.030799999833106995,18.090713079427765,14.78679871559143
68,94,160.01756286621094,0.21359999477863312,15.930009565018016,12.877372896575928
68,95,157.50852966308594,0.00559999980032444,15.921830431008951,10.722536426448823
68,96,146.5773468017578,0.0,14.951009558105468,9.580037637901306
68,97,184.50621032714844,0.0,18.21456362915039,12.323463849639893
68,98,175.88641357421875,0.0,17.52581831665039,13.519629725265503
68,99,156.55091857910156,0.0007999999797903001,15.806847564697266,12.129205147171021
68,100,172.09567260742188,0.07360000163316727,17.63230669231637,12.81287205696106
68,101,157.28704833984375,0.0,15.798065200805665,12.632313013458251
68,102,161.5334930419922,0.053599998354911804,16.37916985154152,14.112778331756592
68,103,170.38275146484375,0.12280000001192093,16.93759334242189,16.299589252090453
68,104,113.51280212402344,0.06520000100135803,12.06050955745246,15.184856537246704
68,105,120.38658905029297,0.12559999525547028,12.31082043797768,14.3670438267231
69,30,152.09031677246094,0.07639999687671661,15.4754136863236,3.360421888254397
69,31,206.6516876220703,0.014800000004470348,19.898956521606447,7.531470860535465
69,32,168.052978515625,0.014399999752640724,16.5292353543074,4.7454516876220705
69,33,157.15829467773438,0.00039999998989515007,15.906172805786133,4.366845689487457
69,34,128.7650909423828,0.0,13.411367901611328,5.4163431853294375
69,35,128.3187255859375,0.0,13.401940740966797,7.472257522964478
69,36,163.81353759765625,0.0,16.44766911621094,13.70634052248001
69,37,173.0815887451172,0.008799999952316284,17.36936046517175,12.605374891853332
69,38,178.27801513671875,0.053599998354911804,17.796089537390348,11.530764796257019
69,39,202.39520263671875,0.0,19.68155364379883,12.57351019897461
69,40,252.0683135986328,0.0,23.742112152099608,17.66087030982971
69,41,230.73655700683594,0.0,22.027427755737303,17.805390436172484
69,42,207.89218139648438,0.0,20.126781616210938,15.731525848388673
69,43,233.31080627441406,0.0,22.242100299072266,15.743003648376465
69,44,232.9236602783203,0.0,22.224792993164062,14.548447003936767
69,45,155.6300048828125,0.0,15.720579177856445,13.532479432678223
69,46,208.45480346679688,0.0,20.196433013916014,13.721289547729492
69,47,171.67568969726562,0.013199999928474426,17.111652932739258,12.252498187637329
69,48,133.9594268798828,0.0015999999595806003,13.845719610278703,9.991729538536072
69,49,123.99214935302734,0.02160000056028366,13.194972285762377,9.662668594551086
69,50,147.4124298095703,0.0015999999595806003,15.013971135303228,10.464997366905212
69,51,164.4104461669922,0.03920000046491623,16.557981561194204,11.665150387954712
69,52,146.4364776611328,0.00279999990016222,14.94519385986328,10.471023448753357
69,53,105.13191223144531,0.0,11.29804539489746,8.477893086624146
69,54,135.3800811767578,0.0,13.991321099853515,10.024158457374572
69,55,92.57585906982422,0.0,10.105680200195312,10.274802698516845
69,56,69.80923461914062,0.0860000029206276,7.9998946133969815,8.96801979675293
69,57,97.24433898925781,0.0,10.54811555480957,9.223259261894226
69,58,93.42869567871094,0.0,10.179889282226563,10.8155506980896
69,59,108.27488708496094,0.0,11.574834338378906,11.247125731277466
69,60,84.3517074584961,0.0,9.310189813232421,10.800448347854614
69,61,127.63377380371094,0.0,13.30735341796875,11.725820155715942
69,62,126.76531219482422,0.0,13.304355966186524,11.354103413772583
69,63,109.9842300415039,0.0,11.77148306274414,10.609483864593505
69,64,131.51710510253906,0.0,13.61005154733043,10.841023108100892
69,65,156.51231384277344,0.05000000074505806,15.332371375140022,11.14674506149292
69,66,199.1351776123047,0.09319999814033508,18.653527182683018,11.099422436523437
69,68,175.02333068847656,0.2215999960899353,17.182285923951625,12.39241803035736
69,72,66.42884826660156,0.24279999732971191,7.635951913228062,3.502475078094285
69,73,123.41216278076172,0.006399999838322401,12.68403062936104,6.745997441080212
69,76,74.4812240600586,0.07639999687671661,8.371612707429657,9.250211312561577
69,77,175.21945190429688,0.17599999904632568,17.233249758357363,14.612264979934693
69,78,163.9939422607422,0.03799999877810478,16.377319352552036,14.46074453716278
69,79,147.4994659423828,0.07119999825954437,14.762530020320314,13.630053761672974
69,80,55.5823860168457,0.1632000058889389,6.508781640980941,5.5035998654466125
69,84,128.7581024169922,0.0,13.385914947509766,14.805659596529603
69,85,164.8453826904297,0.0,16.52848423461914,15.937353193664551
69,86,167.62464904785156,0.0,16.78835676269531,15.407552606964112
69,87,132.94285583496094,0.0,13.770584661865234,13.348031288146972
69,88,66.65937805175781,0.03920000046491623,7.396210426728128,15.581651944732666
69,89,121.9161148071289,0.20559999346733093,12.716517058662745,17.372067304611207
69,90,131.36895751953125,0.18440000712871552,13.41052329378241,12.94335240945816
69,91,132.13323974609375,0.0,13.714622671508788,12.194895783424377
69,92,147.67694091796875,0.0,15.057992105102539,13.069179933929444
69,93,166.44154357910156,0.1712000072002411,16.138584731106715,14.268780488586426
69,94,180.5709686279297,0.147599995136261,17.84324062294908,14.749107928466797
69,95,168.7784881591797,0.2280000001192093,16.392357352508636,10.876249606704713
69,96,135.5234832763672,0.0,13.94795450439453,7.541051652923599
69,97,139.0016326904297,0.0,14.28541046447754,11.253958148956299
69,98,191.4711151123047,0.0,18.787451068115235,14.095033185958862
69,99,162.26185607910156,0.1891999989748001,16.378777815730697,13.716939434051513
69,100,173.84637451171875,0.0,17.20916186218262,13.707702624893189
69,101,169.2561798095703,0.0,16.915071014404298,14.447318851089477
69,102,165.06105041503906,0.0,16.541913619995118,15.99852357559204
69,103,175.0357666015625,0.02280000038444996,17.425629870019215,17.338462170028688
70,32,48.20798110961914,0.14159999787807465,5.473768773696002,5.2924370373778045
70,33,110.32486724853516,0.0,11.730742477416992,4.748923845607043
70,34,124.53546142578125,0.0,12.999758493041993,2.25234689508155
70,35,114.92501068115234,0.0,12.203746875,2.406183266544342
70,36,114.29781341552734,0.0,12.077065426635743,2.3996496663093567
70,37,76.3960189819336,0.0,8.575702157592774,2.4795241604328155
70,38,70.804931640625,0.0,8.037797091674804,2.140020413170522
70,39,87.0792236328125,0.0,9.590530892944336,4.459927756695449
70,40,139.458251953125,0.0,14.336186282348633,9.77491917475661
70,41,181.4810333251953,0.0,17.936464682006836,10.321188646724075
70,42,138.81541442871094,0.0,14.255348382568359,13.062705569112302
70,43,298.5072937011719,0.035999998450279236,27.361904565390056,17.305457757949828
70,44,249.38865661621094,0.004000000189989805,23.522356192781995,16.175123497772216
70,45,234.50848388671875,0.0,22.326567013549806,15.636858415794373
70,46,147.84251403808594,0.0,15.066722622680665,10.15460428905487
70,47,114.96614837646484,0.0,12.143047323608398,9.819547122192382
70,48,142.08689880371094,0.0,14.514385125732423,11.598954580688476
70,49,144.80181884765625,0.0,14.796257775878907,8.61315503101349
70,50,220.38308715820312,0.0,21.228897464581024,14.398648240280151
70,51,260.5343322753906,0.023600000888109207,24.001847706502108,14.414796906852722
70,52,188.5255126953125,0.08720000088214874,18.52397364501953,12.753808194351196
70,53,143.37046813964844,0.004800000227987766,14.587857146577942,14.317741100883485
70,54,138.66104125976562,0.0,14.230897406005859,9.251881642723083
70,55,131.13084411621094,0.0,13.601795749343616,9.977986728096008
70,56,87.47450256347656,0.0,9.644694880515683,8.264395236206054
70,57,70.90338897705078,0.03680000081658363,8.198191178700176,6.311761410522461
70,58,85.05384826660156,0.0272000003606081,9.405414108478348,7.40219176273346
70,59,105.72148895263672,0.0,11.353074295043946,6.6387188838005065
70,60,108.33846282958984,0.006399999838322401,11.564028960655264,7.672344795036316
70,61,157.0738983154297,0.0,15.879050674438476,11.60496658115387
70,62,167.15524291992188,0.0,16.743986196899414,8.952015377998352
70,63,140.4650421142578,0.00039999998989515007,14.473885083007813,9.082992091751098
70,65,143.98660278320312,0.09399999678134918,14.710073760381324,7.475554304695129
70,66,149.46388244628906,0.24959999322891235,14.422344567718836,12.563652363395692
70,72,120.7732925415039,0.01759999990463257,12.591729582848652,11.524612113755941
70,73,150.40817260742188,0.004399999976158142,15.311130298005956,13.164806058979034
70,74,138.01673889160156,0.012000000104308128,14.093016220748058,15.330783965015412
70,75,64.56611633300781,0.1151999980211258,7.373643764950308,7.974790418337658
70,78,134.44989013671875,0.07079999893903732,13.68649695805374,13.283195147132874
70,79,142.6269073486328,0.07320000231266022,14.101871882581545,13.0121834274292
70,80,96.11383819580078,0.05040000006556511,10.369026477396313,8.209161634138226
70,82,85.17066192626953,0.07880000025033951,9.378172446969991,12.480886848330497
70,83,127.5939712524414,0.0,13.285595037841796,16.410471044540405
70,84,81.39823913574219,0.0,9.04781238708496,11.688570806694031
70,85,124.53778076171875,0.03959999978542328,12.889010807011752,14.06753537158966
70,86,179.2264404296875,0.07079999893903732,17.715524628086104,18.435014515304566
70,87,149.2120819091797,0.20399999618530273,15.204750091337253,12.752860606956482
70,88,31.950443267822266,0.0,4.065064031982422,9.42711076078415
70,89,87.53492736816406,0.014399999752640724,9.652117322135643,14.344711240386962
70,90,91.66276550292969,0.0,10.057215417480469,9.321740657711029
70,91,59.27655029296875,0.0,6.916703704833984,9.683835386790522
70,92,118.99266052246094,0.0,12.525068801879883,14.005909212493897
70,93,194.2448272705078,0.03480000048875809,19.028339294664303,14.55922558145523
70,94,180.9974365234375,0.06639999896287918,17.74020432437015,14.352041493988038
70,95,143.24180603027344,0.06759999692440033,14.28538851677827,13.259033236312867
70,96,148.170166015625,0.0031999999191612005,15.07449921875,8.994863118934632
70,97,165.3708038330078,0.0,16.56777171936035,10.254652236366272
70,98,157.42779541015625,0.0,15.89616453552246,11.471627368927003
70,99,154.67930603027344,0.1720000058412552,15.812174073259683,13.278238671684266
70,100,139.81459045410156,0.0,14.368896053732634,11.948216549682618
70,101,175.2464599609375,0.005200000014156103,17.464366484661493,13.541900754165649
70,102,145.9268798828125,0.00039999998989515007,14.871453198242188,16.232598751831055
70,103,168.18743896484375,0.014399999752640724,16.801550946044923,14.170854676055908
70,104,188.52389526367188,0.12200000137090683,18.77979950576299,14.161772945404053
70,106,173.00640869140625,0.05040000006556511,17.35134767703994,9.80617042608261
71,35,197.26913452148438,0.23720000684261322,19.283642029449382,4.545578910379857
71,36,201.3399658203125,0.11400000005960464,19.577711633210694,6.782454301634431
71,37,184.5756072998047,0.0560000017285347,18.202302171969006,5.666292831325531
71,38,154.27487182617188,0.0,15.60994480895996,5.820867626440525
71,39,114.15907287597656,0.0,12.075110040283203,3.484879654386817
71,40,56.796531677246094,0.0,6.644875100708008,1.1937940086100483
71,41,43.28826904296875,0.0,5.282487646484375,0.5326537579201162
71,42,44.64054870605469,0.0,5.418694064331055,2.119948654635623
71,43,116.77941131591797,0.00800000037997961,11.902621151040668,6.525288003857667
71,44,105.90169525146484,0.012400000356137753,11.150781448918208,6.347440378198959
71,45,104.18501281738281,0.0,11.152119610595703,6.24005573649332
71,46,107.52372741699219,0.0,11.505597042846679,5.92060757011685
71,47,95.29923248291016,0.0,10.292100134277344,7.013394120639377
71,48,176.381103515625,0.0020000000949949026,17.510975228881836,9.06455710542379
71,49,130.90858459472656,0.0,13.538251589965821,4.327758357811719
71,50,177.55149841308594,0.0,17.59080227050781,6.1316300821222365
71,51,170.76141357421875,0.024399999529123306,16.936923401245853,9.236914708946925
71,52,138.83489990234375,0.0,14.275107061767578,5.361963295031292
71,53,190.97201538085938,0.0,18.768817730576064,13.268364192581176
71,54,162.83941650390625,0.03200000151991844,16.025719030483348,11.114567852783203
71,55,171.1360626220703,0.05920000001788139,17.100549959819546,15.401528026580811
71,56,145.661865234375,0.0007999999797903001,14.830832472599932,14.147996418380737
71,58,98.07536315917969,0.00279999990016222,10.634613415961022,8.225720441055298
71,59,133.56393432617188,0.0020000000949949026,13.825567291333126,9.638173580741883
71,60,198.35255432128906,0.030400000512599945,18.744121601389512,10.326884447409213
71,61,170.81149291992188,0.03680000081658363,16.687411958702437,12.96533852329254
71,62,258.6972961425781,0.03440000116825104,24.22052477751074,17.377965921020508
71,63,154.327880859375,0.0,15.535902319335937,13.961076522254944
71,64,210.14529418945312,0.14800000190734863,20.789998664575464,13.97872434463501
71,65,130.40432739257812,0.036400001496076584,13.29071764700028,8.915547260665894
71,66,184.0780029296875,0.07119999825954437,18.12603441686955,12.841398225784301
71,68,173.13172912597656,0.14239999651908875,17.10023270104171,12.065627464103699
71,69,142.95640563964844,0.15440000593662262,15.142712135992106,10.243903241729736
71,70,142.2039794921875,0.1436000019311905,13.732520623937635,8.228524208825734
71,72,111.77592468261719,0.06440000236034393,11.759554670427045,5.328389690138772
71,73,124.52580261230469,0.052799999713897705,12.840338869869807,11.286359095573426
71,74,130.87591552734375,0.12520000338554382,13.532680716196175,15.846629962539673
71,80,99.42147827148438,0.042399998754262924,10.825486395317776,8.52629269735068
71,81,44.64554214477539,0.052000001072883606,5.407122493695609,6.235356278267876
71,83,111.02620697021484,0.18279999494552612,11.735373313521038,11.55902849290911
71,84,93.12921905517578,0.007199999876320362,10.037552733149797,14.314945331192016
71,85,75.04207611083984,0.04520000144839287,8.258729900674966,14.314937069511414
71,87,144.2041778564453,0.21080000698566437,14.130046532047677,11.866510192489624
71,88,46.7425537109375,0.0,5.636311309814453,7.882986014938354
71,89,101.72321319580078,0.0,10.939034823608399,9.042775600337983
71,90,133.79698181152344,0.0,13.79282568359375,6.699926686318219
71,91,107.55354309082031,0.0,11.503445910644531,10.839458301916718
71,92,146.20188903808594,0.015200000256299973,14.956603370418618,15.920058501434326
71,93,151.3810577392578,0.020400000736117363,15.36760925695841,9.436951137447357
71,94,192.71731567382812,0.1103999987244606,18.66958148443877,15.542318407440186
71,96,189.77642822265625,0.12839999794960022,18.622247564518876,14.634877765464783
71,97,158.2891387939453,0.0015999999595806003,15.980821981811523,11.27016702823639
71,98,84.40444946289062,0.0,9.36829536743164,11.939980645561219
71,99,112.59270477294922,0.0,11.956629818725586,15.383650708389283
71,100,159.33309936523438,0.0,16.04612390136719,12.689114541053772
71,101,193.6240692138672,0.0,18.992658190917968,12.268370473480225
71,102,152.86117553710938,0.002400000113993883,15.416395337877258,11.746308888053894
71,103,150.76010131835938,0.0,15.384106716918945,7.085559963244945
71,104,145.5801239013672,0.006399999838322401,14.908492895507813,8.279669607043266
71,105,178.79844665527344,0.10400000214576721,17.36915985107422,11.982128963279724
71,106,171.97972106933594,0.20839999616146088,16.3788823796237,8.520293479776383
72,40,251.1556854248047,0.16200000047683716,23.47711596662182,9.405886110496521
72,41,170.1738739013672,0.0,16.984931216430663,8.335010955524444
72,42,152.76475524902344,0.0,15.486096838378906,3.468932077803463
72,43,85.2489242553711,0.0,9.420916235351562,1.261692334023863
72,44,84.2824935913086,0.008799999952316284,9.191234311332938,2.2006925711947494
72,45,85.59725952148438,0.029999999329447746,9.281233811026135,1.6010795886516571
72,46,27.92816734313965,0.0,3.6442737182617186,0.35562795360013844
72,47,16.43448257446289,0.0,2.3142752166748046,0.0
72,48,27.186965942382812,0.0,3.4995844787597656,0.07906655457280576
72,49,42.35431671142578,0.0,5.20888766784668,1.4012179128289222
72,50,174.57644653320312,0.024800000712275505,17.128025635222247,7.682977901084721
72,51,159.07440185546875,0.052799999713897705,15.251340304252924,6.973118942883681
72,52,119.0535659790039,0.0020000000949949026,12.500217683902962,5.1940982555216175
72,53,232.23744201660156,0.12039999663829803,22.011795142729014,9.11388231980484
72,54,280.6490783691406,0.15160000324249268,26.26780003491167,15.18169637400359
72,55,233.06626892089844,0.07880000025033951,22.246582181369263,22.162286337661744
72,56,223.31982421875,0.029600000008940697,22.406754561296598,17.889552031326293
72,57,152.90614318847656,0.05079999938607216,15.63195440951835,11.944492754745484
72,58,130.73809814453125,0.0,13.572771551513672,9.657011651611327
72,59,146.69720458984375,0.00039999998989515007,15.050941635511904,12.163952929496766
72,60,168.1744842529297,0.07959999889135361,16.719104471157927,12.12592275390625
72,61,197.7378692626953,0.17520000040531158,18.622277472276743,16.62417621383667
72,63,183.7067413330078,0.2272000014781952,17.6315114407819,14.671131200790406
72,64,139.2448272705078,0.036400001496076584,14.334084629233367,10.932780879592896
72,66,196.09490966796875,0.16519999504089355,19.506279346276823,15.31279893321991
72,68,178.4997100830078,0.24959999322891235,18.459117435967,24.01305897026062
72,69,183.4989776611328,0.1964000016450882,16.804480563469653,16.167331725692748
72,76,144.64639282226562,0.09239999949932098,14.516729019075726,20.93836173210144
72,78,125.74816131591797,0.10040000081062317,12.636428760740205,11.806049265508353
72,84,93.71568298339844,0.10719999670982361,9.944450532912386,9.594377262414246
72,88,52.1756477355957,0.0012000000569969416,6.181221927983502,5.01352224855423
72,89,44.08259201049805,0.004399999976158142,5.353190423973883,14.700110026931762
72,90,146.16387939453125,0.0,14.913305194091796,15.148365454292298
72,91,197.55014038085938,0.0,19.315202856445314,19.188412616348266
72,92,209.68856811523438,0.04919999837875366,20.190440984446692,18.974318111801146
72,93,179.7137451171875,0.020800000056624413,17.64595216844903,16.434827756500244
72,96,171.55487060546875,0.0020000000949949026,17.21070939511409,12.882431524085998
72,97,165.80996704101562,0.0,16.63663851928711,13.427978498077392
72,98,131.8727569580078,0.0,13.701404777523758,11.366622494888306
72,99,163.713623046875,0.002400000113993883,16.47527699136065,15.061473185348511
72,100,161.57850646972656,0.05000000074505806,16.115707189270072,13.055844787597657
72,101,192.44619750976562,0.0,18.871451025390623,13.261114548873902
72,102,134.7913360595703,0.0,13.893275657810262,11.1053857213974
72,103,96.84587097167969,0.03280000016093254,10.492706535471877,11.712625644302369
72,105,105.18848419189453,0.24799999594688416,10.868440434670626,8.089338842391967
72,106,111.5176010131836,0.1728000044822693,11.991440077085752,4.972523504590988
