site,scene,biomass_date,row,col,x,y,fh,coverage,n_fine,fh_quality,als_mean,als_p50,als_p90,als_p95,als_p99,als_max,als2_p90,eth_coverage,eth_mean,eth_p50,eth_p90,eth_p95,eth_p99,eth_max,reject_reason
Mbalmayo,BIO_FP_FH__L2A_20251215T050116_20251227T050144_T_G01_M01_C___T004_F004,2025-12-15,2,28,11.453580856323242,3.44740629196167,16.805627822875977,0.9126380314398589,7956,1.0247999429702759,8.837443759369492,6.699738,19.519773,22.088142,29.403982,33.697495,17.518644,1.0,26.268131870274626,27.0,29.0,29.0,30.781024932861328,33.0,0
Mbalmayo,BIO_FP_FH__L2A_20251215T050116_20251227T050144_T_G01_M01_C___T004_F004,2025-12-15,2,29,11.454414367675781,3.44740629196167,17.468427658081055,0.9485459320289383,8225,9.904800415039062,10.671638248495752,5.433347,28.599203,31.605505,34.585968,39.694313,23.96896,1.0,34.21576102966104,34.0,38.0,38.0,39.893741607666016,40.0,0
Mbalmayo,BIO_FP_FH__L2A_20251215T050116_20251227T050144_T_G01_M01_C___T004_F004,2025-12-15,2,30,11.45524787902832,3.44740629196167,10.416626930236816,0.9554969813695794,8300,31.780000686645508,22.253656761554044,22.905468,35.190414,37.714043,41.591965,43.205376,31.628302,1.0,36.53124934767751,37.0,39.0,40.0,40.0,40.0,0
Mbalmayo,BIO_FP_FH__L2A_20251215T050116_20251227T050144_T_G01_M01_C___T004_F004,2025-12-15,2,31,11.45608139038086,3.44740629196167,3.5284271240234375,0.9020156189945754,7874,53.37900161743164,23.949088993866873,23.617147,35.767704,39.910263,43.492683,46.076664,32.975243,1.0,35.090946911139106,35.0,37.0,37.0,38.0,38.0,0
Mbalmayo,BIO_FP_FH__L2A_20251215T050116_20251227T050144_T_G01_M01_C___T004_F004,2025-12-15,2,35,11.459415435791016,3.44740629196167,14.599599838256836,0.918591505834196,8014,28.365400314331055,11.109196806185524,8.200756,25.399029,32.228336,40.998146,44.5459,20.65997,1.0,30.505950875469185,30.0,33.0,34.0,34.0,34.0,0
Mbalmayo,BIO_FP_FH__L2A_20251215T050116_20251227T050144_T_G01_M01_C___T004_F004,2025-12-15,2,36,11.460248947143555,3.44740629196167,19.77120018005371,0.9497002374207678,8255,0.0,9.55487927801384,4.906838,26.12196,30.791365,38.22895,43.135967,18.293701,1.0,34.627830445166886,35.0,37.0,38.0,38.0,38.0,0
Mbalmayo,BIO_FP_FH__L2A_20251215T050116_20251227T050144_T_G01_M01_C___T004_F004,2025-12-15,2,37,11.461082458496094,3.44740629196167,18.893600463867188,0.9162459565600725,7943,0.0,12.944455568386356,9.864318,26.79825,32.062714,40.627453,42.8387,21.805529,1.0,33.03216697533209,33.0,35.0,35.0,35.0,35.0,0
Mbalmayo,BIO_FP_FH__L2A_20251215T050116_20251227T050144_T_G01_M01_C___T004_F004,2025-12-15,3,2,11.431909561157227,3.446572780609131,20.328527450561523,1.0000000066158468,8649,0.0,13.980751011261617,13.254973,25.214804,26.277885,27.69425,29.804071,24.371769,1.0,31.165692577831784,31.0,33.0,34.0,34.0,34.0,0
Mbalmayo,BIO_FP_FH__L2A_20251215T050116_20251227T050144_T_G01_M01_C___T004_F004,2025-12-15,3,3,11.432743072509766,3.446572780609131,15.64372730255127,0.9999999977947177,8649,26.76740074157715,15.102610370528392,15.496927,26.389143,29.945795,33.086212,35.896965,23.172535,1.0,33.95173526287134,34.0,35.0,36.0,36.0,36.0,0
Mbalmayo,BIO_FP_FH__L2A_20251215T050116_20251227T050144_T_G01_M01_C___T004_F004,2025-12-15,3,4,11.433576583862305,3.446572780609131,12.430727005004883,0.9999999938252097,8649,37.0796012878418,15.475899867661981,13.107643,32.618404,36.83508,41.323074,43.24358,24.30491,1.0,34.86399481627056,35.0,36.0,36.0,36.0,36.0,0
Mbalmayo,BIO_FP_FH__L2A_20251215T050116_20251227T050144_T_G01_M01_C___T004_F004,2025-12-15,3,5,11.434410095214844,3.446572780609131,12.334127426147461,1.0000000013231694,8649,26.446399688720703,12.786073743415423,10.932397,27.575909,32.80085,41.272354,44.151176,20.20188,1.0,34.56732306522859,35.0,36.0,36.32444381713867,37.0,37.0,0
Mbalmayo,BIO_FP_FH__L2A_20251215T050116_20251227T050144_T_G01_M01_C___T004_F004,2025-12-15,3,6,11.435243606567383,3.446572780609131,14.468127250671387,1.0000000004410565,8649,15.811400413513184,16.78186398905128,16.548931,29.05774,31.114944,40.246662,44.48893,25.305792,1.0,32.609842843135006,33.0,34.0,35.0,35.0,35.0,0
Mbalmayo,BIO_FP_FH__L2A_20251215T050116_20251227T050144_T_G01_M01_C___T004_F004,2025-12-15,3,7,11.436077117919922,3.446572780609131,16.601926803588867,0.9941487117700735,8615,5.176599979400635,24.645713635317346,25.716265,31.946701,33.000427,36.01147,38.200775,31.056196,1.0,29.370801735122793,30.0,32.0,33.0,33.0,33.0,0
Mbalmayo,BIO_FP_FH__L2A_20251215T050116_20251227T050144_T_G01_M01_C___T004_F004,2025-12-15,3,8,11.436910629272461,3.446572780609131,12.217126846313477,0.9999999969126048,8649,28.921199798583984,9.025033653390375,9.534015,16.30215,17.959665,21.857117,26.429956,15.347079,1.0,22.201392048396794,22.0,25.0,26.0,26.0,26.0,0
Mbalmayo,BIO_FP_FH__L2A_20251215T050116_20251227T050144_T_G01_M01_C___T004_F004,2025-12-15,3,9,11.437744140625,3.446572780609131,4.827927112579346,1.0,8649,68.7040023803711,12.387478439749176,12.934962,19.804146,22.688482,26.058073,28.218569,18.46706,1.0,22.021492446553626,22.0,23.364286422729492,24.0,25.0,25.0,0
Mbalmayo,BIO_FP_FH__L2A_20251215T050116_20251227T050144_T_G01_M01_C___T004_F004,2025-12-15,3,10,11.438577651977539,3.446572780609131,0.11542735993862152,0.9999999973536613,8649,97.86579895019531,13.255304864506465,12.971371,20.387192,22.616957,24.764273,27.304537,18.654272,1.0,18.567871195192986,18.0,21.0,22.0,23.0,23.0,0
Mbalmayo,BIO_FP_FH__L2A_20251215T050116_20251227T050144_T_G01_M01_C___T004_F004,2025-12-15,3,11,11.439411163330078,3.446572780609131,0.22862735390663147,0.9999999960304919,8649,100.0,7.0499112182685995,6.526354,13.259404,15.074112,17.899723,25.368446,12.734927,1.0,20.28085695827527,19.450151443481445,24.783021926879883,26.0,29.0,29.0,0
Mbalmayo,BIO_FP_FH__L2A_20251215T050116_20251227T050144_T_G01_M01_C___T004_F004,2025-12-15,3,12,11.440244674682617,3.446572780609131,0.4904273748397827,1.0000000008821128,8649,100.0,7.959944924539736,5.2736826,18.525812,30.368948,35.20339,37.625397,16.291443,1.0,29.622841248747683,30.0,35.0,36.0,38.0,38.0,0
Mbalmayo,BIO_FP_FH__L2A_20251215T050116_20251227T050144_T_G01_M01_C___T004_F004,2025-12-15,3,16,11.443578720092773,3.446572780609131,0.5904273390769958,0.9999999991178871,8649,100.0,9.82298301904337,7.327938,21.908583,25.639832,30.432547,34.71032,18.934982,1.0,25.00855167819828,26.0,28.181934356689453,29.0,29.0,29.0,0
Mbalmayo,BIO_FP_FH__L2A_20251215T050116_20251227T050144_T_G01_M01_C___T004_F004,2025-12-15,3,17,11.444412231445312,3.446572780609131,0.6702273488044739,1.0000000030873952,8649,99.61599731445312,5.415798820211304,4.7586555,8.931812,12.045041,17.842861,29.128044,7.161237,1.0,18.38067743612557,18.814743041992188,20.0,21.0,22.0,22.0,0
Mbalmayo,BIO_FP_FH__L2A_20251215T050116_20251227T050144_T_G01_M01_C___T004_F004,2025-12-15,3,18,11.445245742797852,3.446572780609131,2.675769329071045,1.0000000017642259,8649,70.2656021118164,11.440172711355642,7.6637697,26.162254,30.79686,34.464893,37.85504,21.064434,1.0,23.953472775218803,24.0,29.0,29.0,29.0,29.0,0
Mbalmayo,BIO_FP_FH__L2A_20251215T050116_20251227T050144_T_G01_M01_C___T004_F004,2025-12-15,3,19,11.44607925415039,3.446572780609131,5.4069695472717285,0.9999999991178871,8649,28.3439998626709,13.551254656666321,12.027538,24.816734,30.031204,34.85033,36.628704,23.696949,1.0,28.200901179689108,29.0,30.0,30.0,31.0,31.0,0
Mbalmayo,BIO_FP_FH__L2A_20251215T050116_20251227T050144_T_G01_M01_C___T004_F004,2025-12-15,3,20,11.44691276550293,3.446572780609131,9.65916919708252,1.0000000061747905,8649,3.642400026321411,14.936725013921617,14.850918,23.20671,25.102543,32.865803,37.20202,21.547785,1.0,31.19603118009961,31.0,33.0,33.0,33.0,33.0,0
Mbalmayo,BIO_FP_FH__L2A_20251215T050116_20251227T050144_T_G01_M01_C___T004_F004,2025-12-15,3,21,11.447746276855469,3.446572780609131,12.120169639587402,1.0000000017642259,8649,5.101200103759766,21.277540127249903,21.395212,34.977207,38.800842,41.76968,43.912605,29.44985,1.0,31.764777751062105,32.0,34.0,34.0,35.0,35.0,0
Mbalmayo,BIO_FP_FH__L2A_20251215T050116_20251227T050144_T_G01_M01_C___T004_F004,2025-12-15,3,22,11.448579788208008,3.446572780609131,14.254769325256348,0.9999999964715484,8649,7.143199920654297,15.141503786076244,13.452483,26.74963,28.693,33.007786,36.309258,24.358046,1.0,32.25650322325644,32.0,33.0,33.0,33.0,34.0,0
Mbalmayo,BIO_FP_FH__L2A_20251215T050116_20251227T050144_T_G01_M01_C___T004_F004,2025-12-15,3,23,11.449413299560547,3.446572780609131,20.936368942260742,0.9999999982357742,8649,6.017600059509277,19.98360672197064,20.08995,33.294518,36.636024,40.771214,43.532547,29.29045,1.0,32.48415692492929,32.0,34.0,35.0,36.0,37.0,0
Mbalmayo,BIO_FP_FH__L2A_20251215T050116_20251227T050144_T_G01_M01_C___T004_F004,2025-12-15,3,24,11.450246810913086,3.446572780609131,23.052169799804688,1.0,8649,4.445400238037109,26.654531637000574,28.997282,35.365788,38.220303,41.05988,43.89036,32.594513,1.0,34.481219346488274,34.0,37.0,37.0,37.0,37.0,0
Mbalmayo,BIO_FP_FH__L2A_20251215T050116_20251227T050144_T_G01_M01_C___T004_F004,2025-12-15,3,25,11.451080322265625,3.446572780609131,20.985769271850586,1.0,8649,2.5381999015808105,26.988660629118975,27.772757,38.73475,41.27146,47.556484,50.506756,35.571148,1.0,34.98348094967972,35.0,37.0,37.0,37.0,37.0,0
Mbalmayo,BIO_FP_FH__L2A_20251215T050116_20251227T050144_T_G01_M01_C___T004_F004,2025-12-15,3,26,11.451913833618164,3.446572780609131,18.919227600097656,0.9999999982357742,8649,0.6309999823570251,25.188689548994248,24.409409,37.713764,39.170864,40.909866,43.55019,35.67685,1.0,31.48160459276072,31.0,35.0,35.0,37.0,37.0,0
Mbalmayo,BIO_FP_FH__L2A_20251215T050116_20251227T050144_T_G01_M01_C___T004_F004,2025-12-15,3,27,11.452747344970703,3.446572780609131,17.54562759399414,0.9999999991178871,8649,0.0,15.206905290634207,15.006845,25.005226,28.042557,32.1263,36.12217,22.454273,1.0,27.67828910250735,28.0,29.0,30.0,31.0,31.0,0
Mbalmayo,BIO_FP_FH__L2A_20251215T050116_20251227T050144_T_G01_M01_C___T004_F004,2025-12-15,3,28,11.453580856323242,3.446572780609131,17.995027542114258,0.9999999991178871,8649,0.0,18.293902323868853,17.390633,33.106354,35.848278,38.88565,41.098965,28.933878,1.0,30.120704935580846,30.081035614013672,32.0,32.0,32.0,33.0,0
Mbalmayo,BIO_FP_FH__L2A_20251215T050116_20251227T050144_T_G01_M01_C___T004_F004,2025-12-15,3,29,11.454414367675781,3.446572780609131,19.531627655029297,0.9999999938252097,8649,0.0,9.958757191858856,9.021966,20.50901,23.213997,30.160343,34.75308,16.86791,1.0,32.83303897534372,33.0,35.0,35.0,36.0,36.0,0
Mbalmayo,BIO_FP_FH__L2A_20251215T050116_20251227T050144_T_G01_M01_C___T004_F004,2025-12-15,3,30,11.45524787902832,3.446572780609131,20.52482795715332,1.0000000026463387,8649,9.256600379943848,11.405302382962471,10.093464,22.070845,27.034935,35.711605,38.375824,18.389933,1.0,31.327295498512207,31.0,33.0,33.966732025146484,34.0,34.0,0
Mbalmayo,BIO_FP_FH__L2A_20251215T050116_20251227T050144_T_G01_M01_C___T004_F004,2025-12-15,3,31,11.45608139038086,3.446572780609131,16.300426483154297,0.9999999991178871,8649,26.359800338745117,22.451586939512858,22.186783,37.28046,40.7845,45.40245,47.962868,33.442467,1.0,33.95608348892746,34.0,35.0,35.0,35.0,35.0,0
Mbalmayo,BIO_FP_FH__L2A_20251215T050116_20251227T050144_T_G01_M01_C___T004_F004,2025-12-15,3,32,11.456914901733398,3.446572780609131,19.471826553344727,0.9999999991178871,8649,22.902599334716797,20.98403366198605,22.337824,29.869604,32.033585,38.928493,43.72822,28.319765,1.0,34.2235296052899,34.0,36.0,36.0,36.0,36.0,0
Mbalmayo,BIO_FP_FH__L2A_20251215T050116_20251227T050144_T_G01_M01_C___T004_F004,2025-12-15,3,33,11.457748413085938,3.446572780609131,22.859027862548828,1.0000000008821128,8649,24.464599609375,17.21558628334508,17.654594,26.929794,33.168243,38.976368,43.141754,23.911758,1.0,34.03014055248326,34.0,36.0,36.0,36.0,36.0,0
Mbalmayo,BIO_FP_FH__L2A_20251215T050116_20251227T050144_T_G01_M01_C___T004_F004,2025-12-15,3,34,11.458581924438477,3.446572780609131,22.128799438476562,0.9999999973536613,8649,18.591999053955078,17.81765285677007,18.834282,31.398352,40.340492,45.76764,48.37011,27.647907,1.0,34.025231456988145,34.0,36.0,37.0,37.0,37.0,0
Mbalmayo,BIO_FP_FH__L2A_20251215T050116_20251227T050144_T_G01_M01_C___T004_F004,2025-12-15,3,35,11.459415435791016,3.446572780609131,20.17340087890625,0.9999999982357742,8649,7.6691999435424805,14.75009726309245,12.378584,33.706135,40.08264,43.004314,45.05873,24.94205,1.0,35.371147064904086,35.81300735473633,37.0,37.0,38.0,38.0,0
Mbalmayo,BIO_FP_FH__L2A_20251215T050116_20251227T050144_T_G01_M01_C___T004_F004,2025-12-15,3,36,11.460248947143555,3.446572780609131,18.649599075317383,0.9999999894146451,8649,0.03240000084042549,15.01491135934874,9.463534,36.73261,40.33917,42.973473,45.60463,29.050346,1.0,36.69693281570878,37.0,38.0,39.0,39.0,39.0,0
Mbalmayo,BIO_FP_FH__L2A_20251215T050116_20251227T050144_T_G01_M01_C___T004_F004,2025-12-15,3,37,11.461082458496094,3.446572780609131,19.510000228881836,1.0,8649,0.13979999721050262,13.717621505901377,9.536667,32.704796,38.60068,43.400547,45.750965,25.544617,1.0,34.44225360567356,34.0,36.0,36.0,36.0,36.0,0
Mbalmayo,BIO_FP_FH__L2A_20251215T050116_20251227T050144_T_G01_M01_C___T004_F004,2025-12-15,3,38,11.461915969848633,3.446572780609131,20.3705997467041,1.0000000044105646,8649,0.24719999730587006,9.191382935793879,4.782194,29.119177,34.382996,39.181118,43.653404,19.411043,1.0,31.58518217847394,32.0,33.086280822753906,34.0,35.0,35.0,0
Mbalmayo,BIO_FP_FH__L2A_20251215T050116_20251227T050144_T_G01_M01_C___T004_F004,2025-12-15,3,39,11.462749481201172,3.446572780609131,0.9796000123023987,1.0000000061747905,8649,89.73699951171875,20.419218260343843,20.113646,37.48537,41.068165,43.809418,45.247593,33.972397,1.0,32.24887506588854,32.0,33.0,34.0,35.0,35.0,0
Mbalmayo,BIO_FP_FH__L2A_20251215T050116_20251227T050144_T_G01_M01_C___T004_F004,2025-12-15,4,2,11.431909561157227,3.445739269256592,20.228927612304688,0.9839888603677087,8530,0.0,16.445068263904837,16.724602,25.775873,27.799103,29.529154,33.740967,24.66732,1.0,31.81257795231758,32.0,33.0,33.0,34.0,34.0,0
Mbalmayo,BIO_FP_FH__L2A_20251215T050116_20251227T050144_T_G01_M01_C___T004_F004,2025-12-15,4,3,11.432743072509766,3.445739269256592,19.985326766967773,1.0000000017642259,8649,0.0,17.008581559537333,17.44652,26.912626,29.566818,31.972094,33.503593,24.522718,1.0,32.72011941192412,33.0,34.0,34.0,34.0,34.0,0
Mbalmayo,BIO_FP_FH__L2A_20251215T050116_20251227T050144_T_G01_M01_C___T004_F004,2025-12-15,4,4,11.433576583862305,3.445739269256592,17.467327117919922,1.0000000070569033,8649,0.0,14.331511309142556,12.903415,26.696241,29.19572,33.04051,35.17725,23.41467,1.0,31.427910816546795,31.0,33.0,34.0,34.0,34.0,0
Mbalmayo,BIO_FP_FH__L2A_20251215T050116_20251227T050144_T_G01_M01_C___T004_F004,2025-12-15,4,5,11.434410095214844,3.445739269256592,14.677327156066895,1.0000000017642259,8649,0.657800018787384,15.967264140849862,13.690399,30.010136,33.615517,37.083252,40.43587,26.784937,1.0,32.38348750382272,33.0,34.0,34.0,34.0,34.0,0
Mbalmayo,BIO_FP_FH__L2A_20251215T050116_20251227T050144_T_G01_M01_C___T004_F004,2025-12-15,4,6,11.435243606567383,3.445739269256592,14.089527130126953,0.9999999947073226,8649,1.2000000476837158,19.87878706531939,20.158083,28.253492,31.922016,42.82755,46.431976,26.581259,1.0,31.98452869913236,32.0,34.0,35.0,35.0,35.0,0
Mbalmayo,BIO_FP_FH__L2A_20251215T050116_20251227T050144_T_G01_M01_C___T004_F004,2025-12-15,4,7,11.436077117919922,3.445739269256592,12.153727531433105,0.999999991178871,8649,14.508999824523926,13.159873243126361,11.829299,22.48355,24.802683,28.671728,30.709381,21.049458,1.0,26.888234958081924,27.0,29.0,29.807985305786133,31.0,32.0,0
Mbalmayo,BIO_FP_FH__L2A_20251215T050116_20251227T050144_T_G01_M01_C___T004_F004,2025-12-15,4,8,11.436910629272461,3.445739269256592,7.020127296447754,1.0,8649,47.24380111694336,8.733260813772727,8.46159,16.4416,18.849123,21.802034,24.828949,15.294826,1.0,21.914658211134586,22.0,24.0,24.0,25.0,25.0,0
Mbalmayo,BIO_FP_FH__L2A_20251215T050116_20251227T050144_T_G01_M01_C___T004_F004,2025-12-15,4,9,11.437744140625,3.445739269256592,0.9941272735595703,1.0,8649,81.61699676513672,11.261493677127595,11.813204,17.59061,18.98381,22.914825,26.216654,16.447628,1.0,20.785716516514817,21.0,22.0,23.0,25.0,25.0,0
Mbalmayo,BIO_FP_FH__L2A_20251215T050116_20251227T050144_T_G01_M01_C___T004_F004,2025-12-15,4,10,11.438577651977539,3.445739269256592,0.273627370595932,1.0,8649,94.9397964477539,7.154399990470358,6.354087,11.081085,12.684665,28.683422,34.72986,10.71254,1.0,22.89214972488204,22.0,28.0,29.0,32.0,35.0,0
Mbalmayo,BIO_FP_FH__L2A_20251215T050116_20251227T050144_T_G01_M01_C___T004_F004,2025-12-15,4,11,11.439411163330078,3.445739269256592,0.16362735629081726,1.0,8649,100.0,8.203773423555559,5.9284983,22.116896,25.844193,30.784012,36.822926,18.371628,1.0,30.75135233774669,32.0,35.0,36.0,37.0,37.0,0
Mbalmayo,BIO_FP_FH__L2A_20251215T050116_20251227T050144_T_G01_M01_C___T004_F004,2025-12-15,4,15,11.442745208740234,3.445739269256592,0.6514273881912231,1.0000000033630554,8649,100.0,13.242952532124301,12.4524765,24.551384,29.325684,33.747135,37.272133,20.376791,1.0,30.97214814899615,31.0,33.0,33.0,33.0,33.0,0
Mbalmayo,BIO_FP_FH__L2A_20251215T050116_20251227T050144_T_G01_M01_C___T004_F004,2025-12-15,4,16,11.443578720092773,3.445739269256592,1.1018273830413818,1.0,8649,87.9542007446289,10.90757980990622,9.236512,21.744083,27.399202,31.36325,32.69962,19.460752,1.0,27.438307292751666,28.0,31.0,31.0,32.0,32.0,0
Mbalmayo,BIO_FP_FH__L2A_20251215T050116_20251227T050144_T_G01_M01_C___T004_F004,2025-12-15,4,17,11.444412231445312,3.445739269256592,1.2850273847579956,1.0000000052926774,8649,83.14420318603516,11.450370862934374,8.442664,24.072353,28.072279,32.8902,38.484722,20.916794,1.0,26.205891300121586,26.0,30.0,31.0,32.0,32.0,0
Mbalmayo,BIO_FP_FH__L2A_20251215T050116_20251227T050144_T_G01_M01_C___T004_F004,2025-12-15,4,18,11.445245742797852,3.445739269256592,3.14656925201416,1.0000000105853548,8649,62.8223991394043,15.625306478217713,14.029329,30.526297,33.091415,37.82029,39.827644,26.489616,1.0,29.69280891691912,30.726909637451172,32.0,32.0,32.947208404541016,33.0,0
Mbalmayo,BIO_FP_FH__L2A_20251215T050116_20251227T050144_T_G01_M01_C___T004_F004,2025-12-15,4,19,11.44607925415039,3.445739269256592,6.220169544219971,1.0000000017642259,8649,30.56220054626465,22.834108169253792,24.248964,34.808727,36.807835,38.61746,47.844563,32.067955,1.0,30.98695724527882,31.0,32.0,32.0,34.0,34.0,0
Mbalmayo,BIO_FP_FH__L2A_20251215T050116_20251227T050144_T_G01_M01_C___T004_F004,2025-12-15,4,20,11.44691276550293,3.445739269256592,10.247169494628906,0.9999999947073226,8649,3.310800075531006,19.654771315835532,19.645514,27.432276,30.326706,41.018806,45.299923,24.8093,1.0,29.59694885344764,29.236841201782227,31.0,31.0,32.0,32.0,0
Mbalmayo,BIO_FP_FH__L2A_20251215T050116_20251227T050144_T_G01_M01_C___T004_F004,2025-12-15,4,21,11.447746276855469,3.445739269256592,16.505168914794922,1.0,8649,1.319599986076355,18.420013953473667,19.593748,28.024199,30.036781,32.11681,34.973038,24.89233,1.0,29.218060525335567,30.0,30.0,31.0,31.0,32.0,0
Mbalmayo,BIO_FP_FH__L2A_20251215T050116_20251227T050144_T_G01_M01_C___T004_F004,2025-12-15,4,22,11.448579788208008,3.445739269256592,22.108369827270508,0.9999999894146451,8649,0.16200000047683716,21.176647342077874,22.80597,29.192682,31.629986,34.689056,36.076645,27.561577,1.0,32.077674248905204,32.0,34.0,34.0,34.0,34.0,0
Mbalmayo,BIO_FP_FH__L2A_20251215T050116_20251227T050144_T_G01_M01_C___T004_F004,2025-12-15,4,23,11.449413299560547,3.445739269256592,26.449369430541992,1.0000000035284515,8649,0.6442000269889832,19.882504438359895,20.648376,29.72867,30.910896,34.24384,37.642353,28.234531,1.0,33.57701742917847,33.640811920166016,35.0,35.0,35.0,37.0,0
Mbalmayo,BIO_FP_FH__L2A_20251215T050116_20251227T050144_T_G01_M01_C___T004_F004,2025-12-15,4,24,11.450246810913086,3.445739269256592,28.790369033813477,1.0000000035284515,8649,0.9444000124931335,25.37023867431161,27.007875,35.96247,37.262177,40.62025,45.69028,33.650032,1.0,34.80719454559457,35.0,36.67706298828125,37.0,37.0,37.0,0
Mbalmayo,BIO_FP_FH__L2A_20251215T050116_20251227T050144_T_G01_M01_C___T004_F004,2025-12-15,4,25,11.451080322265625,3.445739269256592,24.092369079589844,1.0,8649,0.6033999919891357,19.20475356390551,20.858255,33.3803,35.312546,38.36889,41.743576,28.805769,1.0,34.66563329455177,35.0,37.0,37.0,37.0,37.0,0
Mbalmayo,BIO_FP_FH__L2A_20251215T050116_20251227T050144_T_G01_M01_C___T004_F004,2025-12-15,4,26,11.451913833618164,3.445739269256592,18.905027389526367,0.9999999947073226,8649,0.25999999046325684,14.444683439412087,13.20363,28.701414,35.840996,39.707767,41.835403,23.887753,1.0,30.568039159855275,31.0,34.0,35.0,37.0,37.0,0
Mbalmayo,BIO_FP_FH__L2A_20251215T050116_20251227T050144_T_G01_M01_C___T004_F004,2025-12-15,4,27,11.452747344970703,3.445739269256592,14.746626853942871,1.0000000035284515,8649,0.0,7.773912670321491,3.894325,20.23034,26.560291,33.888783,41.04956,16.427567,1.0,27.03500637240128,28.0,29.0,30.0,30.0,31.0,0
Mbalmayo,BIO_FP_FH__L2A_20251215T050116_20251227T050144_T_G01_M01_C___T004_F004,2025-12-15,4,28,11.453580856323242,3.445739269256592,15.070426940917969,0.9999999982357742,8649,0.0,12.132877303777013,11.564518,19.42704,22.328556,29.40753,35.642242,17.78634,1.0,27.62870981293836,28.0,30.0,30.0,31.0,32.0,0
Mbalmayo,BIO_FP_FH__L2A_20251215T050116_20251227T050144_T_G01_M01_C___T004_F004,2025-12-15,4,29,11.454414367675781,3.445739269256592,15.210627555847168,0.9999999964715484,8649,0.0,3.3054641732646743,1.2010058,11.057042,14.38576,17.405546,24.156494,9.143093,1.0,30.836794115653795,31.0,31.0,32.0,32.0,32.0,0
Mbalmayo,BIO_FP_FH__L2A_20251215T050116_20251227T050144_T_G01_M01_C___T004_F004,2025-12-15,4,30,11.45524787902832,3.445739269256592,21.485427856445312,0.9999999964715484,8649,0.0,3.1451181837410918,0.92310977,9.749086,11.8505,21.506195,25.32575,8.053882,1.0,31.26952162416343,31.0,32.0,32.0,33.0,34.0,0
Mbalmayo,BIO_FP_FH__L2A_20251215T050116_20251227T050144_T_G01_M01_C___T004_F004,2025-12-15,4,31,11.45608139038086,3.445739269256592,28.6340274810791,0.9999999964715484,8649,0.0,19.62026875432824,20.215265,33.246952,35.31023,39.064163,42.471626,29.025517,1.0,33.9852779007796,34.0,35.0,35.0,35.880638122558594,36.0,0
Mbalmayo,BIO_FP_FH__L2A_20251215T050116_20251227T050144_T_G01_M01_C___T004_F004,2025-12-15,4,32,11.456914901733398,3.445739269256592,30.1478271484375,1.0000000035284515,8649,0.43700000643730164,22.259597987347206,23.17875,34.961338,36.530617,40.114872,42.397644,30.85261,1.0,35.387851441191835,35.0,36.0,37.0,37.0,37.0,0
Mbalmayo,BIO_FP_FH__L2A_20251215T050116_20251227T050144_T_G01_M01_C___T004_F004,2025-12-15,4,33,11.457748413085938,3.445739269256592,31.428627014160156,1.0000000070569033,8649,0.892799973487854,18.071177831088605,14.953025,38.666096,41.156612,45.7021,50.309742,31.357965,1.0,35.92324440839567,36.0,37.0,37.0,37.0,37.0,0
Mbalmayo,BIO_FP_FH__L2A_20251215T050116_20251227T050144_T_G01_M01_C___T004_F004,2025-12-15,4,34,11.458581924438477,3.445739269256592,28.302000045776367,1.0000000035284515,8649,0.728600025177002,20.899977665959813,18.511211,38.828514,40.296906,42.51705,44.919514,35.46969,1.0,37.244632233579885,37.0,39.0,39.0,39.0,39.0,0
Mbalmayo,BIO_FP_FH__L2A_20251215T050116_20251227T050144_T_G01_M01_C___T004_F004,2025-12-15,4,35,11.459415435791016,3.445739269256592,22.526399612426758,1.0000000105853548,8649,6.784999847412109,22.152005532188678,24.228605,39.384277,41.476223,45.775314,47.37104,35.40342,1.0,37.10647385105782,37.0,38.0,38.0,38.0,38.0,0
Mbalmayo,BIO_FP_FH__L2A_20251215T050116_20251227T050144_T_G01_M01_C___T004_F004,2025-12-15,4,36,11.460248947143555,3.445739269256592,10.562000274658203,0.9999999947073226,8649,48.38180160522461,14.552750033665399,8.999759,33.160744,35.2977,40.335823,42.432526,27.45567,1.0,35.663479065671794,36.0,37.0,37.0,37.0,37.0,0
Mbalmayo,BIO_FP_FH__L2A_20251215T050116_20251227T050144_T_G01_M01_C___T004_F004,2025-12-15,4,37,11.461082458496094,3.445739269256592,20.938199996948242,1.0000000123495807,8649,17.100000381469727,16.316969810379476,13.489414,32.807175,35.831955,40.152782,42.509014,28.919611,1.0,35.90769206980003,36.0,37.0,37.0,38.0,38.0,0
Mbalmayo,BIO_FP_FH__L2A_20251215T050116_20251227T050144_T_G01_M01_C___T004_F004,2025-12-15,4,38,11.461915969848633,3.445739269256592,26.803800582885742,1.0000000088211292,8649,0.746399998664856,18.850719485418242,16.085686,39.967636,42.239685,45.52535,48.436596,36.67669,1.0,35.742072391763614,36.0,38.0,38.0,38.0,38.0,0
Mbalmayo,BIO_FP_FH__L2A_20251215T050116_20251227T050144_T_G01_M01_C___T004_F004,2025-12-15,4,39,11.462749481201172,3.445739269256592,1.993399977684021,1.0000000017642259,8649,80.7865982055664,23.69953753907782,23.747213,37.540543,39.516655,43.489307,46.796696,34.03054,1.0,33.614429292161695,34.0,35.0,35.0,36.0,36.0,0
Mbalmayo,BIO_FP_FH__L2A_20251215T050116_20251227T050144_T_G01_M01_C___T004_F004,2025-12-15,5,3,11.432743072509766,3.4449057579040527,17.433326721191406,0.9999999982357742,8649,0.0,19.887915099554125,21.636349,30.192085,31.61589,33.705368,37.587574,29.023209,1.0,32.47514827629916,32.0,33.0,34.0,34.0,34.0,0
Mbalmayo,BIO_FP_FH__L2A_20251215T050116_20251227T050144_T_G01_M01_C___T004_F004,2025-12-15,5,4,11.433576583862305,3.4449057579040527,14.791927337646484,0.9999999982357742,8649,0.2985999882221222,17.079762175232425,16.520521,34.468407,36.190777,37.36964,39.46016,30.358662,1.0,29.91405901146398,30.0,32.0,32.0,32.0,32.0,0
Mbalmayo,BIO_FP_FH__L2A_20251215T050116_20251227T050144_T_G01_M01_C___T004_F004,2025-12-15,5,5,11.434410095214844,3.4449057579040527,11.54152774810791,1.0000000052926774,8649,2.069200038909912,15.657532890369048,14.423621,27.089094,31.675575,35.655212,38.93861,23.404015,1.0,27.00481496235996,27.0,30.0,31.0,31.65719985961914,32.0,0
Mbalmayo,BIO_FP_FH__L2A_20251215T050116_20251227T050144_T_G01_M01_C___T004_F004,2025-12-15,5,6,11.435243606567383,3.4449057579040527,9.501127243041992,1.0000000017642259,8649,8.186400413513184,20.353861800764868,20.571018,27.41672,29.756273,32.680584,33.953323,25.624617,1.0,29.920901717857372,30.0,32.0,32.0,32.0,32.0,0
Mbalmayo,BIO_FP_FH__L2A_20251215T050116_20251227T050144_T_G01_M01_C___T004_F004,2025-12-15,5,7,11.436077117919922,3.4449057579040527,5.459927082061768,1.0000000017642259,8649,37.508201599121094,17.13651099276312,18.09744,24.142279,25.608315,27.38989,29.910263,23.155,1.0,26.642613330787697,26.0,30.0,30.0,31.0,32.0,0
Mbalmayo,BIO_FP_FH__L2A_20251215T050116_20251227T050144_T_G01_M01_C___T004_F004,2025-12-15,5,8,11.436910629272461,3.4449057579040527,2.1937272548675537,1.0000000017642259,8649,63.88759994506836,7.587749106589434,7.838836,15.036611,16.870838,20.183111,23.009869,13.934941,1.0,24.04866909327459,24.0,26.0,26.0,27.0,29.0,0
Mbalmayo,BIO_FP_FH__L2A_20251215T050116_20251227T050144_T_G01_M01_C___T004_F004,2025-12-15,5,9,11.437744140625,3.4449057579040527,1.583727240562439,0.9999999947073226,8649,70.73359680175781,8.714742402538358,8.693946,14.049414,21.627031,29.121933,32.16512,13.638002,1.0,26.303444063943278,26.0,30.0,32.0,33.0,33.0,0
Mbalmayo,BIO_FP_FH__L2A_20251215T050116_20251227T050144_T_G01_M01_C___T004_F004,2025-12-15,5,10,11.438577651977539,3.4449057579040527,1.1358273029327393,0.9845495066321341,8528,79.20719909667969,16.5369382229936,15.692261,28.507805,30.46426,34.06683,38.921696,26.284586,0.9751189149440658,31.233729533223812,32.0,33.569480895996094,34.0,34.0,36.0,0
Mbalmayo,BIO_FP_FH__L2A_20251215T050116_20251227T050144_T_G01_M01_C___T004_F004,2025-12-15,5,14,11.441911697387695,3.4449057579040527,5.090027332305908,0.9999999955894354,8649,80.72339630126953,13.750927492988893,11.205451,25.684568,32.02117,40.395336,44.493435,23.160864,1.0,27.591082559595055,28.0,31.0,31.0,31.0,32.0,0
Mbalmayo,BIO_FP_FH__L2A_20251215T050116_20251227T050144_T_G01_M01_C___T004_F004,2025-12-15,5,15,11.442745208740234,3.4449057579040527,0.660227358341217,0.9999999955894354,8649,100.0,14.333191538681573,13.999338,24.28152,26.309744,34.24885,36.54443,21.359175,1.0,29.744150885516802,30.0,30.0,31.0,32.0,32.0,0
Mbalmayo,BIO_FP_FH__L2A_20251215T050116_20251227T050144_T_G01_M01_C___T004_F004,2025-12-15,5,16,11.443578720092773,3.4449057579040527,1.0600273609161377,0.9999999964715484,8649,89.34400177001953,14.304395719295172,12.649184,25.33864,27.292572,36.35314,38.957962,23.3993,1.0,31.940434575287618,32.0,33.0,33.0,34.0,34.0,0
Mbalmayo,BIO_FP_FH__L2A_20251215T050116_20251227T050144_T_G01_M01_C___T004_F004,2025-12-15,5,17,11.444412231445312,3.4449057579040527,1.6118273735046387,1.0000000141138066,8649,74.50440216064453,18.882087164920065,18.936014,29.789358,31.99331,36.9927,41.17253,28.123621,1.0,31.939868634140467,32.0,33.0,34.0,34.0,34.0,0
Mbalmayo,BIO_FP_FH__L2A_20251215T050116_20251227T050144_T_G01_M01_C___T004_F004,2025-12-15,5,18,11.445245742797852,3.4449057579040527,5.379969120025635,1.0000000052926774,8649,51.86840057373047,21.468221225525205,21.218958,31.126305,34.15289,36.254322,38.54077,28.253752,1.0,32.94477657472926,33.0,36.0,37.0,38.0,38.0,0
Mbalmayo,BIO_FP_FH__L2A_20251215T050116_20251227T050144_T_G01_M01_C___T004_F004,2025-12-15,5,19,11.44607925415039,3.4449057579040527,10.424769401550293,0.9999999982357742,8649,21.88559913635254,24.569699608957407,25.563889,35.87331,37.162045,38.825745,40.186733,33.55683,1.0,34.58194600812189,35.0,37.0,37.0,38.0,38.0,0
Mbalmayo,BIO_FP_FH__L2A_20251215T050116_20251227T050144_T_G01_M01_C___T004_F004,2025-12-15,5,20,11.44691276550293,3.4449057579040527,13.742769241333008,1.0,8649,2.6196000576019287,22.258057826184746,23.830395,32.655212,34.388645,37.08432,39.705536,30.08687,1.0,32.8133615369617,33.0,35.0,35.0,35.0,35.0,0
Mbalmayo,BIO_FP_FH__L2A_20251215T050116_20251227T050144_T_G01_M01_C___T004_F004,2025-12-15,5,21,11.447746276855469,3.4449057579040527,17.180368423461914,1.0,8649,1.437000036239624,23.869504507159427,24.979748,33.478035,35.15281,36.837887,39.580017,30.043161,1.0,32.374649056452164,32.0,34.0,34.0,35.0,36.0,0
Mbalmayo,BIO_FP_FH__L2A_20251215T050116_20251227T050144_T_G01_M01_C___T004_F004,2025-12-15,5,22,11.448579788208008,3.4449057579040527,22.52696990966797,1.0,8649,0.1088000014424324,20.829771262618873,21.524317,31.931606,37.40976,41.92872,45.257885,28.06114,1.0,34.39986268130737,34.0,36.0,36.0,37.0,37.0,0
Mbalmayo,BIO_FP_FH__L2A_20251215T050116_20251227T050144_T_G01_M01_C___T004_F004,2025-12-15,5,23,11.449413299560547,3.4449057579040527,24.83816909790039,1.0,8649,0.5709999799728394,19.628263733072465,20.064667,33.073143,35.60536,37.990555,40.38613,30.633017,1.0,35.39736573502347,35.0,36.0,37.0,37.0,37.0,0
Mbalmayo,BIO_FP_FH__L2A_20251215T050116_20251227T050144_T_G01_M01_C___T004_F004,2025-12-15,5,24,11.450246810913086,3.4449057579040527,28.48956871032715,1.0,8649,1.037600040435791,17.664686047971585,17.237356,33.02395,36.24705,38.42921,43.663822,28.642805,1.0,34.154488835559164,34.0,35.0,36.0,36.0,36.0,0
Mbalmayo,BIO_FP_FH__L2A_20251215T050116_20251227T050144_T_G01_M01_C___T004_F004,2025-12-15,5,25,11.451080322265625,3.4449057579040527,23.35896873474121,1.0,8649,0.694599986076355,19.349622133881084,18.17634,34.520786,40.09528,45.66786,47.545994,28.432863,1.0,32.87496425656449,33.34280014038086,35.0,35.0,36.0,36.0,0
Mbalmayo,BIO_FP_FH__L2A_20251215T050116_20251227T050144_T_G01_M01_C___T004_F004,2025-12-15,5,26,11.451913833618164,3.4449057579040527,17.67502784729004,1.0,8649,0.3483999967575073,17.311283446334112,17.081978,26.305174,28.738146,33.440014,39.970634,23.876165,1.0,29.448055117815848,30.0,31.0,32.0,33.0,33.0,0
Mbalmayo,BIO_FP_FH__L2A_20251215T050116_20251227T050144_T_G01_M01_C___T004_F004,2025-12-15,5,27,11.452747344970703,3.4449057579040527,11.843027114868164,1.0,8649,0.35120001435279846,17.60566882732108,19.625013,28.150274,30.061035,34.853134,42.21247,26.132835,1.0,26.40708895222495,25.0,31.0,33.0,33.0,33.0,0
Mbalmayo,BIO_FP_FH__L2A_20251215T050116_20251227T050144_T_G01_M01_C___T004_F004,2025-12-15,5,28,11.453580856323242,3.4449057579040527,15.245826721191406,1.0,8649,0.0,15.264704271718552,15.816787,25.496378,27.80891,31.123102,36.455887,23.678707,1.0,31.071339645720943,31.0,37.0,37.0,38.0,38.0,0
Mbalmayo,BIO_FP_FH__L2A_20251215T050116_20251227T050144_T_G01_M01_C___T004_F004,2025-12-15,5,29,11.454414367675781,3.4449057579040527,17.387826919555664,1.0,8649,0.0,14.577948845580956,14.779089,25.77598,32.950787,35.144997,38.203075,21.479403,1.0,34.65327258732487,35.0,36.0,36.840911865234375,37.0,37.0,0
Mbalmayo,BIO_FP_FH__L2A_20251215T050116_20251227T050144_T_G01_M01_C___T004_F004,2025-12-15,5,30,11.45524787902832,3.4449057579040527,19.302227020263672,1.0,8649,0.0,14.805929289151925,15.588105,21.29402,23.350323,30.358263,33.596832,20.10032,1.0,33.9290762672067,34.0,35.0,36.0,36.0,36.0,0
Mbalmayo,BIO_FP_FH__L2A_20251215T050116_20251227T050144_T_G01_M01_C___T004_F004,2025-12-15,5,31,11.45608139038086,3.4449057579040527,26.342626571655273,1.0,8649,0.0,18.737996772115995,18.854641,36.20988,39.183014,42.238052,44.819603,33.829193,1.0,36.1938666631368,36.0,38.0,38.0,38.0,38.0,0
Mbalmayo,BIO_FP_FH__L2A_20251215T050116_20251227T050144_T_G01_M01_C___T004_F004,2025-12-15,5,32,11.456914901733398,3.4449057579040527,30.21182632446289,0.9999999982357742,8649,0.35920000076293945,18.464764124252074,17.297369,31.10741,33.369747,37.334015,39.547108,29.52268,1.0,34.73271614433727,35.0,37.0,37.0,37.0,37.0,0
Mbalmayo,BIO_FP_FH__L2A_20251215T050116_20251227T050144_T_G01_M01_C___T004_F004,2025-12-15,5,33,11.457748413085938,3.4449057579040527,32.258827209472656,1.0,8649,0.8345999717712402,14.717070259432088,12.629219,29.140984,31.280481,33.596794,38.110256,25.69035,1.0,33.420650486147245,33.0,34.65719985961914,35.0,35.0,35.0,0
Mbalmayo,BIO_FP_FH__L2A_20251215T050116_20251227T050144_T_G01_M01_C___T004_F004,2025-12-15,5,34,11.458581924438477,3.4449057579040527,29.304800033569336,1.0,8649,4.134200096130371,20.67402317780596,21.799936,34.614056,36.55913,38.595722,40.21154,32.399605,1.0,35.40226114056733,35.0,37.0,37.04618453979492,38.0,38.0,0
Mbalmayo,BIO_FP_FH__L2A_20251215T050116_20251227T050144_T_G01_M01_C___T004_F004,2025-12-15,5,35,11.459415435791016,3.4449057579040527,17.34040069580078,1.0,8649,45.73099899291992,17.518757813403283,17.321419,35.85397,38.134224,41.81777,45.034058,30.053303,1.0,35.05804476262186,35.0,37.0,37.0,38.0,38.0,0
Mbalmayo,BIO_FP_FH__L2A_20251215T050116_20251227T050144_T_G01_M01_C___T004_F004,2025-12-15,5,36,11.460248947143555,3.4449057579040527,5.209799766540527,1.0,8649,86.11399841308594,14.725409486691019,9.332289,33.97518,37.468147,40.61913,43.0036,28.059105,1.0,33.46631043097066,34.0,35.0,35.68193817138672,36.0,36.0,0
Mbalmayo,BIO_FP_FH__L2A_20251215T050116_20251227T050144_T_G01_M01_C___T004_F004,2025-12-15,5,37,11.461082458496094,3.4449057579040527,9.834799766540527,1.0,8649,69.4020004272461,25.071270474616828,28.233128,40.028385,41.827457,44.91531,46.134983,37.688995,1.0,36.89192550832074,37.0,38.999813079833984,39.0,39.0,39.0,0
Mbalmayo,BIO_FP_FH__L2A_20251215T050116_20251227T050144_T_G01_M01_C___T004_F004,2025-12-15,5,38,11.461915969848633,3.4449057579040527,23.1033992767334,1.0,8649,24.074399948120117,26.76464984888065,28.431604,38.01599,39.45228,40.78244,44.194008,35.96756,1.0,37.051037015991,37.0,38.0,38.913719177246094,39.0,39.0,0
Mbalmayo,BIO_FP_FH__L2A_20251215T050116_20251227T050144_T_G01_M01_C___T004_F004,2025-12-15,5,39,11.462749481201172,3.4449057579040527,11.847399711608887,1.0,8649,32.47719955444336,20.53723298371741,19.419794,34.454983,38.058926,43.028572,45.72982,29.43115,1.0,35.636451709723936,36.0,37.0,37.0,37.0,37.0,0
Mbalmayo,BIO_FP_FH__L2A_20251215T050116_20251227T050144_T_G01_M01_C___T004_F004,2025-12-15,6,2,11.431909561157227,3.4440722465515137,16.154727935791016,0.9956700500001355,8625,0.0,11.440778473624583,11.478586,22.69605,27.344358,30.47909,31.252066,18.686535,1.0,28.693182635299042,29.0,32.0,32.0,34.0,34.0,0
Mbalmayo,BIO_FP_FH__L2A_20251215T050116_20251227T050144_T_G01_M01_C___T004_F004,2025-12-15,6,3,11.432743072509766,3.4440722465515137,14.820927619934082,1.0,8649,0.0142000000923872,13.149898617705082,15.007147,24.140009,27.547861,30.75861,33.887547,21.548792,1.0,31.48528945910502,32.0,33.0,34.0,34.0,34.0,0
Mbalmayo,BIO_FP_FH__L2A_20251215T050116_20251227T050144_T_G01_M01_C___T004_F004,2025-12-15,6,4,11.433576583862305,3.4440722465515137,11.40512752532959,1.0,8649,2.9772000312805176,4.873205852916522,1.2637516,15.570683,21.445766,29.360565,32.11255,11.384558,1.0,25.397728507043805,26.0,29.0,29.0,32.0,32.0,0
Mbalmayo,BIO_FP_FH__L2A_20251215T050116_20251227T050144_T_G01_M01_C___T004_F004,2025-12-15,6,5,11.434410095214844,3.4440722465515137,7.91552734375,1.0,8649,5.955399990081787,7.869398427789701,7.2027907,16.052914,20.229773,23.41651,25.438957,13.10201,1.0,21.437208341386143,22.0,24.0,26.0,29.0,29.0,0
Mbalmayo,BIO_FP_FH__L2A_20251215T050116_20251227T050144_T_G01_M01_C___T004_F004,2025-12-15,6,6,11.435243606567383,3.4440722465515137,8.714927673339844,1.0,8649,10.757599830627441,12.93404228677087,14.5874815,23.60323,24.96631,28.079687,30.524103,21.890308,1.0,23.452310942765507,23.0,27.0,29.0,30.0,30.0,0
Mbalmayo,BIO_FP_FH__L2A_20251215T050116_20251227T050144_T_G01_M01_C___T004_F004,2025-12-15,6,7,11.436077117919922,3.4440722465515137,6.610527515411377,1.0,8649,33.38159942626953,6.808925029266389,6.4152436,14.883618,16.516016,22.495523,28.903881,13.894015,1.0,23.066716628262647,23.0,26.0,27.0,28.0,28.0,0
Mbalmayo,BIO_FP_FH__L2A_20251215T050116_20251227T050144_T_G01_M01_C___T004_F004,2025-12-15,6,8,11.436910629272461,3.4440722465515137,4.228927135467529,1.0,8649,36.40079879760742,9.844427039298257,9.844292,16.29238,17.864662,21.086842,22.82594,15.962145,1.0,27.067520389034232,27.0,31.0,31.0,31.529754638671875,32.0,0
Mbalmayo,BIO_FP_FH__L2A_20251215T050116_20251227T050144_T_G01_M01_C___T004_F004,2025-12-15,6,13,11.441078186035156,3.4440722465515137,22.032827377319336,0.9999999823577419,8649,5.94320011138916,19.339735443114094,19.254948,32.31994,34.271675,35.71102,37.055927,30.534382,1.0,24.786881874552876,24.0,27.0,29.0,31.0,31.0,0
Mbalmayo,BIO_FP_FH__L2A_20251215T050116_20251227T050144_T_G01_M01_C___T004_F004,2025-12-15,6,14,11.441911697387695,3.4440722465515137,15.124627113342285,1.0000000105853548,8649,34.02159881591797,16.838443242218656,14.947012,30.884033,32.660446,34.735374,38.556057,28.66739,1.0,27.38024233768325,27.0,31.244956970214844,32.0,32.0,32.0,0
Mbalmayo,BIO_FP_FH__L2A_20251215T050116_20251227T050144_T_G01_M01_C___T004_F004,2025-12-15,6,15,11.442745208740234,3.4440722465515137,8.21662712097168,0.999999991178871,8649,62.099998474121094,17.894321140358738,18.62319,30.023222,31.601454,33.938454,35.735653,27.75733,1.0,28.529945398234318,29.0,32.35091781616211,33.0,33.0,33.0,0
Mbalmayo,BIO_FP_FH__L2A_20251215T050116_20251227T050144_T_G01_M01_C___T004_F004,2025-12-15,6,16,11.443578720092773,3.4440722465515137,8.485827445983887,1.0,8649,61.23400115966797,14.01234054785958,15.685049,23.32147,25.116428,31.58028,34.11629,22.239277,1.0,29.612361226085707,30.0,32.0,32.0,32.0,33.0,0
Mbalmayo,BIO_FP_FH__L2A_20251215T050116_20251227T050144_T_G01_M01_C___T004_F004,2025-12-15,6,17,11.444412231445312,3.4440722465515137,11.108427047729492,1.0,8649,41.30419921875,17.89644474343132,16.283566,31.761482,35.421356,40.011284,41.729748,28.47371,1.0,32.378723334406054,33.0,33.00653076171875,34.0,35.0,35.0,0
Mbalmayo,BIO_FP_FH__L2A_20251215T050116_20251227T050144_T_G01_M01_C___T004_F004,2025-12-15,6,18,11.445245742797852,3.4440722465515137,14.886969566345215,1.0,8649,26.641000747680664,22.62648646610157,23.163553,31.194515,33.207397,36.185555,42.220886,28.87724,1.0,35.42625499270613,35.0,37.0,38.0,38.0,38.0,0
Mbalmayo,BIO_FP_FH__L2A_20251215T050116_20251227T050144_T_G01_M01_C___T004_F004,2025-12-15,6,19,11.44607925415039,3.4440722465515137,19.833568572998047,1.0,8649,18.832199096679688,24.902721717738324,25.498045,36.77844,38.194084,39.84343,43.486897,34.614525,1.0,35.25425207486717,35.0,37.0,37.0,38.0,38.0,0
Mbalmayo,BIO_FP_FH__L2A_20251215T050116_20251227T050144_T_G01_M01_C___T004_F004,2025-12-15,6,20,11.44691276550293,3.4440722465515137,22.96596908569336,1.0,8649,0.7188000082969666,24.959211946016158,26.736485,34.339897,35.363766,37.581085,41.06062,32.846794,1.0,34.12987951957252,34.0,36.0,36.0,37.0,37.0,0
Mbalmayo,BIO_FP_FH__L2A_20251215T050116_20251227T050144_T_G01_M01_C___T004_F004,2025-12-15,6,21,11.447746276855469,3.4440722465515137,23.246170043945312,1.0,8649,0.30979999899864197,29.010943563291278,29.918468,42.95782,44.965294,47.83987,48.643463,40.315067,1.0,36.98363615281459,37.574581146240234,39.0,39.0,39.0,39.0,0
Mbalmayo,BIO_FP_FH__L2A_20251215T050116_20251227T050144_T_G01_M01_C___T004_F004,2025-12-15,6,22,11.448579788208008,3.4440722465515137,23.00676918029785,1.0,8649,0.5235999822616577,22.06493943031709,21.685745,35.34507,38.1607,41.447678,45.194916,32.339493,1.0,37.27802204763232,37.0,38.0,39.0,39.0,39.0,0
Mbalmayo,BIO_FP_FH__L2A_20251215T050116_20251227T050144_T_G01_M01_C___T004_F004,2025-12-15,6,23,11.449413299560547,3.4440722465515137,22.802370071411133,1.0,8649,2.887200117111206,17.590553900288327,19.706808,32.826275,35.800926,40.67608,44.284103,29.262571,1.0,36.835815028767186,37.0,39.0,39.0,40.0,40.0,0
Mbalmayo,BIO_FP_FH__L2A_20251215T050116_20251227T050144_T_G01_M01_C___T004_F004,2025-12-15,6,24,11.450246810913086,3.4440722465515137,22.360368728637695,1.0,8649,3.7121999263763428,19.856122953159325,21.21062,32.68674,34.916702,37.889656,38.90995,29.483772,1.0,36.151786985032366,36.145572662353516,37.0,38.0,38.0,38.0,0
Mbalmayo,BIO_FP_FH__L2A_20251215T050116_20251227T050144_T_G01_M01_C___T004_F004,2025-12-15,6,25,11.451080322265625,3.4440722465515137,16.86656951904297,1.0,8649,2.271199941635132,20.51412080695745,20.95179,33.66889,35.290833,37.64442,39.465282,29.198326,1.0,34.59552600025676,35.0,36.0,36.539834594726564,37.0,37.0,0
Mbalmayo,BIO_FP_FH__L2A_20251215T050116_20251227T050144_T_G01_M01_C___T004_F004,2025-12-15,6,26,11.451913833618164,3.4440722465515137,9.560426712036133,1.0,8649,2.384000062942505,19.591437311665366,20.685566,30.623232,32.969387,39.56722,41.691826,28.561111,1.0,33.25463881323359,33.0,35.0,36.0,36.0,36.0,0
Mbalmayo,BIO_FP_FH__L2A_20251215T050116_20251227T050144_T_G01_M01_C___T004_F004,2025-12-15,6,27,11.452747344970703,3.4440722465515137,8.46762752532959,1.0,8649,3.0739998817443848,22.563301805347802,21.615215,38.305454,40.000195,41.618443,42.95231,34.52685,1.0,31.8091677113177,32.0,33.0,34.0,34.0,35.0,0
Mbalmayo,BIO_FP_FH__L2A_20251215T050116_20251227T050144_T_G01_M01_C___T004_F004,2025-12-15,6,28,11.453580856323242,3.4440722465515137,16.203826904296875,1.0,8649,1.4844000339508057,19.24848409249805,19.00059,32.43546,35.946423,38.958057,40.869675,30.002066,1.0,37.11972382887621,38.0,39.0,40.0,40.0,40.0,0
Mbalmayo,BIO_FP_FH__L2A_20251215T050116_20251227T050144_T_G01_M01_C___T004_F004,2025-12-15,6,29,11.454414367675781,3.4440722465515137,23.674026489257812,1.0,8649,0.0,20.158985029880622,20.372725,34.534744,36.828983,40.601578,42.42767,32.40525,1.0,37.6978911731626,38.0,39.0,39.0,40.0,40.0,0
Mbalmayo,BIO_FP_FH__L2A_20251215T050116_20251227T050144_T_G01_M01_C___T004_F004,2025-12-15,6,30,11.45524787902832,3.4440722465515137,25.59662628173828,1.0,8649,0.0,20.145285999916897,19.585854,27.924934,33.239292,38.770916,47.161324,24.602192,1.0,36.57653119972309,36.0,38.0,38.0,39.0,39.0,0
Mbalmayo,BIO_FP_FH__L2A_20251215T050116_20251227T050144_T_G01_M01_C___T004_F004,2025-12-15,6,31,11.45608139038086,3.4440722465515137,27.43002700805664,1.0,8649,0.0,18.288407619377963,17.591755,23.896654,33.068535,38.841763,46.742985,22.515486,1.0,36.98496668781762,37.0,38.0,38.0,38.680538177490234,39.0,0
Mbalmayo,BIO_FP_FH__L2A_20251215T050116_20251227T050144_T_G01_M01_C___T004_F004,2025-12-15,6,32,11.456914901733398,3.4440722465515137,29.33962631225586,1.0,8649,0.3513999879360199,17.376576850918457,17.691408,27.326155,30.91504,39.96002,45.18438,24.881605,1.0,34.230772521678034,35.0,36.0,37.0,37.0,37.0,0
Mbalmayo,BIO_FP_FH__L2A_20251215T050116_20251227T050144_T_G01_M01_C___T004_F004,2025-12-15,6,33,11.457748413085938,3.4440722465515137,32.08122634887695,1.0,8649,0.9570000171661377,16.82150280198578,15.934317,28.765184,31.341093,37.35708,43.16116,24.918781,1.0,32.19045363752701,32.0,33.0,33.0,33.680538177490234,34.0,0
Mbalmayo,BIO_FP_FH__L2A_20251215T050116_20251227T050144_T_G01_M01_C___T004_F004,2025-12-15,6,34,11.458581924438477,3.4440722465515137,21.641599655151367,1.0,8649,24.98940086364746,15.200537713445918,16.982737,27.072687,29.44148,34.695877,40.111343,24.446619,1.0,31.852609349697474,32.0,33.0,34.0,34.0,34.0,0
Mbalmayo,BIO_FP_FH__L2A_20251215T050116_20251227T050144_T_G01_M01_C___T004_F004,2025-12-15,6,35,11.459415435791016,3.4440722465515137,8.80519962310791,1.0,8649,60.21699905395508,17.01505993964259,19.440392,28.463242,30.043312,31.98465,34.89655,26.545391,1.0,31.379158886474933,31.0,33.0,33.0,33.93535232543945,34.0,0
Mbalmayo,BIO_FP_FH__L2A_20251215T050116_20251227T050144_T_G01_M01_C___T004_F004,2025-12-15,6,36,11.460248947143555,3.4440722465515137,1.0947999954223633,1.0,8649,88.44940185546875,21.10287443477028,24.900751,31.68858,33.08603,36.036987,40.370823,29.675657,1.0,32.176016597503015,32.0,34.0,35.0,35.0,36.0,0
Mbalmayo,BIO_FP_FH__L2A_20251215T050116_20251227T050144_T_G01_M01_C___T004_F004,2025-12-15,6,37,11.461082458496094,3.4440722465515137,6.939199924468994,1.0,8649,77.66459655761719,26.50860936551552,27.751276,32.329563,33.468037,36.556587,40.675964,31.401102,1.0,33.46909602797366,33.0,36.0,36.0,39.0,39.0,0
Mbalmayo,BIO_FP_FH__L2A_20251215T050116_20251227T050144_T_G01_M01_C___T004_F004,2025-12-15,6,38,11.461915969848633,3.4440722465515137,8.221199989318848,1.0,8649,72.98200225830078,25.696638746170077,26.671295,33.116093,37.323868,42.319073,43.719837,31.150719,1.0,34.31336508989196,34.0,36.0,37.0,38.0,38.0,0
Mbalmayo,BIO_FP_FH__L2A_20251215T050116_20251227T050144_T_G01_M01_C___T004_F004,2025-12-15,6,39,11.462749481201172,3.4440722465515137,2.916599988937378,1.0,8649,88.28160095214844,18.84644731778963,18.637041,36.087563,46.544193,49.444626,50.61016,31.172903,1.0,36.28743607565934,36.0,37.0,37.0,38.0,38.0,0
Mbalmayo,BIO_FP_FH__L2A_20251215T050116_20251227T050144_T_G01_M01_C___T004_F004,2025-12-15,6,40,11.463582992553711,3.4440722465515137,5.2891998291015625,1.0,8649,12.461400032043457,23.82634169231992,25.215181,34.535145,36.19027,38.47799,40.96288,32.71029,1.0,35.7277454941214,36.0,36.0,37.0,37.0,37.0,0
Mbalmayo,BIO_FP_FH__L2A_20251215T050116_20251227T050144_T_G01_M01_C___T004_F004,2025-12-15,7,2,11.431909561157227,3.4432387351989746,13.819726943969727,0.9999999858861935,8649,1.0621999502182007,10.270536890759715,10.088715,16.812635,18.527523,26.992805,32.38195,15.690171,1.0,23.33404768225857,24.0,26.0,27.0,29.0,29.0,0
Mbalmayo,BIO_FP_FH__L2A_20251215T050116_20251227T050144_T_G01_M01_C___T004_F004,2025-12-15,7,3,11.432743072509766,3.4432387351989746,10.848127365112305,1.0000000105853548,8649,5.349599838256836,7.922756746765517,5.591821,20.70392,22.401768,32.14928,35.01361,17.09837,1.0,22.402439349427336,21.0,27.0,28.0,28.0,28.0,0
Mbalmayo,BIO_FP_FH__L2A_20251215T050116_20251227T050144_T_G01_M01_C___T004_F004,2025-12-15,7,4,11.433576583862305,3.4432387351989746,7.157927513122559,0.9999999964715484,8649,9.999799728393555,8.923414000947622,8.069369,18.726982,21.068865,25.086718,28.942091,16.603209,1.0,20.854589747754062,21.0,24.0,26.0,28.0,28.0,0
Mbalmayo,BIO_FP_FH__L2A_20251215T050116_20251227T050144_T_G01_M01_C___T004_F004,2025-12-15,7,5,11.434410095214844,3.4432387351989746,7.823927402496338,0.9999999894146451,8649,7.15939998626709,2.774723184233986,1.9312482,6.940797,9.049407,14.256192,18.04709,5.710655,1.0,15.838779329495535,15.835000038146973,17.0,18.536359786987305,19.0,19.0,0
Mbalmayo,BIO_FP_FH__L2A_20251215T050116_20251227T050144_T_G01_M01_C___T004_F004,2025-12-15,7,6,11.435243606567383,3.4432387351989746,11.023727416992188,1.0000000317560647,8649,2.625999927520752,2.5502585629863934,0.06756132,13.325692,18.006447,22.135937,25.597935,8.517403,1.0,20.33312164409848,21.0,22.996829986572266,24.0,27.0,28.0,0
Mbalmayo,BIO_FP_FH__L2A_20251215T050116_20251227T050144_T_G01_M01_C___T004_F004,2025-12-15,7,7,11.436077117919922,3.4432387351989746,8.696126937866211,1.0000000035284515,8649,9.468799591064453,7.080020007590899,6.0753107,16.785114,22.068684,28.540306,31.928583,14.1752,0.9990048574593622,25.602750207580996,25.0,30.0,30.0,31.0,31.0,0
Mbalmayo,BIO_FP_FH__L2A_20251215T050116_20251227T050144_T_G01_M01_C___T004_F004,2025-12-15,7,11,11.439411163330078,3.4432387351989746,9.044426918029785,0.9795321613284863,8497,64.9937973022461,17.677031430678056,18.307102,27.691555,30.679333,34.92104,39.04704,26.066135,0.948492319665652,32.69501276671045,33.0,35.0,35.0,35.0,35.0,0
Mbalmayo,BIO_FP_FH__L2A_20251215T050116_20251227T050144_T_G01_M01_C___T004_F004,2025-12-15,7,12,11.440244674682617,3.4432387351989746,15.488627433776855,1.0000000141138066,8649,40.953399658203125,20.860218358367014,21.050753,30.483742,32.126263,34.914772,37.08946,28.86645,1.0,28.39877515010633,29.0,30.700401306152344,31.0,32.0,32.0,0
Mbalmayo,BIO_FP_FH__L2A_20251215T050116_20251227T050144_T_G01_M01_C___T004_F004,2025-12-15,7,13,11.441078186035156,3.4432387351989746,24.459028244018555,1.0000000105853548,8649,0.0,23.274712972371677,23.87726,35.7719,37.27686,39.10703,40.466797,34.65666,1.0,24.670025423587795,25.0,27.0,27.0,28.0,28.0,0
Mbalmayo,BIO_FP_FH__L2A_20251215T050116_20251227T050144_T_G01_M01_C___T004_F004,2025-12-15,7,14,11.441911697387695,3.4432387351989746,21.800626754760742,1.0,8649,0.0,23.052829614966324,24.200209,33.145294,34.35885,36.44148,39.665157,31.496655,1.0,26.813753820951447,26.675132751464844,30.0,30.0,31.0,32.0,0
Mbalmayo,BIO_FP_FH__L2A_20251215T050116_20251227T050144_T_G01_M01_C___T004_F004,2025-12-15,7,15,11.442745208740234,3.4432387351989746,16.638628005981445,1.0,8649,16.541400909423828,24.812959799588462,27.791992,32.935413,33.96314,35.279404,38.545727,31.620283,1.0,28.097428835117828,29.0,31.0,32.0,32.0,32.0,0
Mbalmayo,BIO_FP_FH__L2A_20251215T050116_20251227T050144_T_G01_M01_C___T004_F004,2025-12-15,7,16,11.443578720092773,3.4432387351989746,17.865827560424805,1.0000000070569033,8649,11.812999725341797,18.71510511853632,19.017967,29.837286,31.093493,35.350086,39.608006,28.47348,1.0,27.966875366509093,28.0,30.0,31.0,31.0,31.0,0
Mbalmayo,BIO_FP_FH__L2A_20251215T050116_20251227T050144_T_G01_M01_C___T004_F004,2025-12-15,7,17,11.444412231445312,3.4432387351989746,20.55742645263672,0.9999999753008386,8649,1.1784000396728516,19.093210364438782,16.951653,34.31553,37.24349,39.12692,41.324413,30.274498,1.0,30.433040042876755,30.0,33.0,34.0,34.0,34.0,0
Mbalmayo,BIO_FP_FH__L2A_20251215T050116_20251227T050144_T_G01_M01_C___T004_F004,2025-12-15,7,18,11.445245742797852,3.4432387351989746,22.238168716430664,1.0000000070569033,8649,0.0,15.518706103812677,15.445778,27.69276,30.39063,33.088043,36.98441,24.08211,1.0,32.49065519115224,33.0,35.0,36.0,36.0,36.0,0
Mbalmayo,BIO_FP_FH__L2A_20251215T050116_20251227T050144_T_G01_M01_C___T004_F004,2025-12-15,7,19,11.44607925415039,3.4432387351989746,24.718568801879883,0.9999999964715484,8649,0.0,19.45391628863512,16.35728,40.28121,45.27928,49.658226,51.66902,36.705795,1.0,34.99806611366197,35.0,36.0,36.0,36.0,36.0,0
Mbalmayo,BIO_FP_FH__L2A_20251215T050116_20251227T050144_T_G01_M01_C___T004_F004,2025-12-15,7,20,11.44691276550293,3.4432387351989746,26.447969436645508,0.9999999964715484,8649,0.0,26.62858900913213,26.421778,36.676834,38.82771,41.991302,44.890663,35.264786,1.0,34.712772933937025,35.0,36.0,36.0,37.0,37.0,0
Mbalmayo,BIO_FP_FH__L2A_20251215T050116_20251227T050144_T_G01_M01_C___T004_F004,2025-12-15,7,21,11.447746276855469,3.4432387351989746,24.741369247436523,0.9999999788292903,8649,0.0,23.882474274252704,24.011,40.886555,44.129955,48.166798,49.992073,36.07686,1.0,36.43707390550465,37.0,38.0,38.0,39.0,39.0,0
Mbalmayo,BIO_FP_FH__L2A_20251215T050116_20251227T050144_T_G01_M01_C___T004_F004,2025-12-15,7,22,11.448579788208008,3.4432387351989746,15.540369033813477,0.9999999894146451,8649,7.456600189208984,17.464801028899327,16.565006,29.34573,32.299946,37.025867,38.900948,26.016647,1.0,34.41931410494092,34.0,36.0,37.0,38.0,38.0,0
Mbalmayo,BIO_FP_FH__L2A_20251215T050116_20251227T050144_T_G01_M01_C___T004_F004,2025-12-15,7,23,11.449413299560547,3.4432387351989746,12.203569412231445,0.9999999788292903,8649,11.675399780273438,11.937102695015179,8.036697,26.510025,36.03271,41.7156,46.68184,22.290293,1.0,33.16609142452103,33.0,35.0,36.0,36.0,36.0,0
Mbalmayo,BIO_FP_FH__L2A_20251215T050116_20251227T050144_T_G01_M01_C___T004_F004,2025-12-15,7,24,11.450246810913086,3.4432387351989746,11.07936954498291,1.0000000141138066,8649,8.084799766540527,15.01587386852614,11.710779,33.666206,36.672993,43.59368,47.939247,27.584312,1.0,35.111138479546156,35.0,37.51151657104492,38.0,38.0,38.0,0
Mbalmayo,BIO_FP_FH__L2A_20251215T050116_20251227T050144_T_G01_M01_C___T004_F004,2025-12-15,7,25,11.451080322265625,3.4432387351989746,8.094569206237793,1.0000000105853548,8649,4.492599964141846,16.050073921942925,16.58447,28.222843,29.301775,32.398304,36.455368,25.744568,1.0,32.03812061865104,32.284385681152344,34.0,35.0,35.83097839355469,36.0,0
Mbalmayo,BIO_FP_FH__L2A_20251215T050116_20251227T050144_T_G01_M01_C___T004_F004,2025-12-15,7,26,11.451913833618164,3.4432387351989746,6.042827129364014,1.0000000070569033,8649,5.093599796295166,20.20089306944853,21.273235,29.904373,31.559381,34.18663,36.169502,27.538763,1.0,32.545105670281046,33.0,33.998416900634766,34.0,34.0,34.0,0
Mbalmayo,BIO_FP_FH__L2A_20251215T050116_20251227T050144_T_G01_M01_C___T004_F004,2025-12-15,7,27,11.452747344970703,3.4432387351989746,5.26742696762085,0.9999999964715484,8649,8.658599853515625,16.032914751821536,17.278868,26.718687,32.429516,38.693428,42.152496,23.116173,1.0,31.98095403030189,32.0,33.0,34.0,34.721435546875,35.0,0
Mbalmayo,BIO_FP_FH__L2A_20251215T050116_20251227T050144_T_G01_M01_C___T004_F004,2025-12-15,7,28,11.453580856323242,3.4432387351989746,12.834627151489258,0.999999971772387,8649,3.910799980163574,15.381180870044497,14.252756,31.25804,33.164845,35.89393,40.72243,29.255508,1.0,35.729935923812434,35.01310348510742,38.0,39.0,39.0,39.0,0
Mbalmayo,BIO_FP_FH__L2A_20251215T050116_20251227T050144_T_G01_M01_C___T004_F004,2025-12-15,7,29,11.454414367675781,3.4432387351989746,24.168827056884766,1.0000000141138066,8649,1.1727999448776245,23.15881522443302,25.109842,36.405785,39.05161,45.034714,46.488266,33.386055,1.0,37.42130866807683,38.0,39.0,39.0,39.0,39.0,0
Mbalmayo,BIO_FP_FH__L2A_20251215T050116_20251227T050144_T_G01_M01_C___T004_F004,2025-12-15,7,30,11.45524787902832,3.4432387351989746,27.743227005004883,0.9999999823577419,8649,0.39239999651908875,22.812091271433708,22.397417,36.359924,40.29256,44.494,46.982864,31.92211,1.0,37.25043466334013,37.0,38.0,38.0,38.0,39.0,0
Mbalmayo,BIO_FP_FH__L2A_20251215T050116_20251227T050144_T_G01_M01_C___T004_F004,2025-12-15,7,31,11.45608139038086,3.4432387351989746,28.129226684570312,0.9999999682439353,8649,0.5127999782562256,21.457147100055668,20.845211,36.175694,39.965202,43.18869,46.877663,30.4021,1.0,37.502782982861405,37.0,38.51151657104492,39.0,39.0,39.0,0
Mbalmayo,BIO_FP_FH__L2A_20251215T050116_20251227T050144_T_G01_M01_C___T004_F004,2025-12-15,7,32,11.456914901733398,3.4432387351989746,29.457427978515625,1.000000017642258,8649,0.7964000105857849,18.670252316783944,18.346243,29.438261,33.28602,37.9566,43.730244,26.229555,1.0,35.67164969998352,36.0,37.0,37.0,37.0,38.0,0
Mbalmayo,BIO_FP_FH__L2A_20251215T050116_20251227T050144_T_G01_M01_C___T004_F004,2025-12-15,7,33,11.457748413085938,3.4432387351989746,23.781827926635742,1.0000000246991614,8649,14.873800277709961,20.954401104470257,21.26021,31.494846,33.35436,38.700256,42.999622,29.234829,1.0,32.943412072645586,33.0,34.0,34.0,35.0,35.0,0
Mbalmayo,BIO_FP_FH__L2A_20251215T050116_20251227T050144_T_G01_M01_C___T004_F004,2025-12-15,7,34,11.458581924438477,3.4432387351989746,11.993399620056152,0.9999999788292903,8649,38.73460006713867,21.257439103528252,22.712511,31.094156,33.3318,38.05036,39.858315,29.038702,1.0,30.89299580502033,31.0,32.0,32.0,32.0,32.0,0
Mbalmayo,BIO_FP_FH__L2A_20251215T050116_20251227T050144_T_G01_M01_C___T004_F004,2025-12-15,7,35,11.459415435791016,3.4432387351989746,1.9708000421524048,0.9999999929430967,8649,66.26300048828125,19.992972425185624,21.987434,28.930082,31.279346,34.6632,39.462494,27.11614,1.0,29.766132739337557,30.0,31.0,31.0,32.0,32.0,0
Mbalmayo,BIO_FP_FH__L2A_20251215T050116_20251227T050144_T_G01_M01_C___T004_F004,2025-12-15,7,36,11.460248947143555,3.4432387351989746,0.8227999806404114,0.9999999682439353,8649,85.19519805908203,24.809096537709202,26.120518,33.610447,37.81772,41.139473,42.39006,30.535896,1.0,30.272586480470487,30.0,31.059961318969727,32.0,32.0,32.0,0
Mbalmayo,BIO_FP_FH__L2A_20251215T050116_20251227T050144_T_G01_M01_C___T004_F004,2025-12-15,7,37,11.461082458496094,3.4432387351989746,2.9598000049591064,0.999999971772387,8649,88.51460266113281,27.93964106274369,29.566164,34.219013,36.655937,40.277863,42.432133,32.400978,1.0,30.40617356646032,31.0,32.0,33.0,33.0,33.0,0
Mbalmayo,BIO_FP_FH__L2A_20251215T050116_20251227T050144_T_G01_M01_C___T004_F004,2025-12-15,7,38,11.461915969848633,3.4432387351989746,5.69980001449585,1.0000000035284515,8649,77.88179779052734,23.452931840374415,24.021303,32.388443,33.846706,36.386925,37.470528,30.451994,1.0,31.496207026308404,31.0,34.0,34.0,35.0,35.0,0
Mbalmayo,BIO_FP_FH__L2A_20251215T050116_20251227T050144_T_G01_M01_C___T004_F004,2025-12-15,7,39,11.462749481201172,3.4432387351989746,8.439800262451172,1.0000000141138066,8649,67.2490005493164,20.577394122494486,21.3505,30.962528,33.65266,40.419735,48.081394,28.889217,1.0,33.748181441323936,35.0,36.0,36.0,36.0,36.0,0
Mbalmayo,BIO_FP_FH__L2A_20251215T050116_20251227T050144_T_G01_M01_C___T004_F004,2025-12-15,7,40,11.463582992553711,3.4432387351989746,2.6907999515533447,1.0000000035284515,8649,57.38639831542969,21.813181902163777,23.011925,32.689857,34.520092,37.16236,39.271965,30.589624,1.0,35.40268059980939,35.0,36.0,36.0,36.0,36.0,0
Mbalmayo,BIO_FP_FH__L2A_20251215T050116_20251227T050144_T_G01_M01_C___T004_F004,2025-12-15,8,2,11.431909561157227,3.4424052238464355,10.673527717590332,0.9999999753008386,8649,4.5320000648498535,2.72617737332704,1.7747523,6.7651362,9.643745,13.738821,17.750853,5.693761,1.0,15.882357771237581,16.0,18.0,19.0,20.0,20.0,0
Mbalmayo,BIO_FP_FH__L2A_20251215T050116_20251227T050144_T_G01_M01_C___T004_F004,2025-12-15,8,3,11.432743072509766,3.4424052238464355,6.776527404785156,1.0,8649,10.907600402832031,6.439893927404903,5.228766,13.561425,14.779893,20.535263,25.77159,12.541194,1.0,17.283662023620394,17.0,19.0,19.0,21.0,21.0,0
Mbalmayo,BIO_FP_FH__L2A_20251215T050116_20251227T050144_T_G01_M01_C___T004_F004,2025-12-15,8,4,11.433576583862305,3.4424052238464355,4.060527324676514,1.0,8649,23.185400009155273,4.582909919138051,2.646366,12.487367,16.204908,19.754423,24.694767,8.8735695,1.0,16.032055470196134,15.0,19.0,19.0,21.0,21.0,0
Mbalmayo,BIO_FP_FH__L2A_20251215T050116_20251227T050144_T_G01_M01_C___T004_F004,2025-12-15,8,5,11.434410095214844,3.4424052238464355,6.941327095031738,1.0,8649,25.527799606323242,2.2808840007695976,1.8351109,4.96196,6.0987763,13.4823,18.180304,4.3668213,1.0,15.164783280079648,15.0,18.0,18.0,19.0,19.0,0
Mbalmayo,BIO_FP_FH__L2A_20251215T050116_20251227T050144_T_G01_M01_C___T004_F004,2025-12-15,8,6,11.435243606567383,3.4424052238464355,8.669327735900879,0.9846800981553142,8556,18.142000198364258,3.214211249239309,0.08392943,13.098173,25.750565,31.472612,35.682114,7.37232,0.9912631793843761,24.94016865918941,25.22861099243164,30.0,30.913944244384766,31.0,31.0,0
Mbalmayo,BIO_FP_FH__L2A_20251215T050116_20251227T050144_T_G01_M01_C___T004_F004,2025-12-15,8,10,11.438577651977539,3.4424052238464355,17.86722755432129,0.9999999964715484,8649,3.8296000957489014,15.770573807849718,15.69755,24.91946,27.310446,32.379787,38.762596,24.20782,1.0,34.957481767996455,35.0,36.0,36.0,36.0,36.0,0
Mbalmayo,BIO_FP_FH__L2A_20251215T050116_20251227T050144_T_G01_M01_C___T004_F004,2025-12-15,8,11,11.439411163330078,3.4424052238464355,20.7418270111084,1.0000000035284515,8649,15.572600364685059,15.890287906232443,16.910074,24.853855,26.25316,27.90319,30.65579,23.87619,1.0,33.06844633148508,33.0,35.0,35.0,35.0,35.0,0
Mbalmayo,BIO_FP_FH__L2A_20251215T050116_20251227T050144_T_G01_M01_C___T004_F004,2025-12-15,8,12,11.440244674682617,3.4424052238464355,24.360027313232422,0.9999999929430967,8649,4.934800148010254,21.54538140321794,22.804113,30.570599,33.238167,35.62641,39.342873,29.218817,1.0,28.985129022614807,30.0,33.0,34.0,34.0,34.0,0
Mbalmayo,BIO_FP_FH__L2A_20251215T050116_20251227T050144_T_G01_M01_C___T004_F004,2025-12-15,8,13,11.441078186035156,3.4424052238464355,25.866626739501953,0.9999999964715484,8649,0.0,24.446424810666198,25.008009,33.533333,35.631313,38.488075,40.420704,31.712786,1.0,26.85588492778205,27.0,31.284835815429688,32.0,32.0,32.0,0
Mbalmayo,BIO_FP_FH__L2A_20251215T050116_20251227T050144_T_G01_M01_C___T004_F004,2025-12-15,8,14,11.441911697387695,3.4424052238464355,22.98662757873535,1.0,8649,0.0,22.697321685039455,24.618027,30.007933,31.103865,34.006935,39.18108,28.813251,1.0,28.94685959151638,29.0,31.47005271911621,32.0,32.0,32.0,0
Mbalmayo,BIO_FP_FH__L2A_20251215T050116_20251227T050144_T_G01_M01_C___T004_F004,2025-12-15,8,15,11.442745208740234,3.4424052238464355,20.7590274810791,0.9999999682439353,8649,0.0,20.61089729222838,22.365894,29.43637,31.191898,37.482582,41.54245,27.977226,1.0,28.9387861841303,29.0,31.0,31.0,31.0,31.0,0
Mbalmayo,BIO_FP_FH__L2A_20251215T050116_20251227T050144_T_G01_M01_C___T004_F004,2025-12-15,8,16,11.443578720092773,3.4424052238464355,21.303226470947266,1.0,8649,0.0,10.44523199484767,3.184482,28.4074,31.61307,34.076862,39.35145,25.27452,1.0,25.628121375706804,27.0,28.0,29.0,29.0,29.0,0
Mbalmayo,BIO_FP_FH__L2A_20251215T050116_20251227T050144_T_G01_M01_C___T004_F004,2025-12-15,8,17,11.444412231445312,3.4424052238464355,21.194427490234375,1.0,8649,0.0,15.659186462127124,16.311527,27.64449,31.128677,35.742836,38.268803,24.991817,1.0,26.977263841949895,28.0,29.0,29.0,30.0,30.0,0
Mbalmayo,BIO_FP_FH__L2A_20251215T050116_20251227T050144_T_G01_M01_C___T004_F004,2025-12-15,8,18,11.445245742797852,3.4424052238464355,20.336368560791016,1.0,8649,0.0,17.021823275721903,16.12755,27.105038,31.018644,36.693333,40.46883,23.408192,1.0,30.16140484994568,30.0,32.24484634399414,33.0,33.0,33.0,0
Mbalmayo,BIO_FP_FH__L2A_20251215T050116_20251227T050144_T_G01_M01_C___T004_F004,2025-12-15,8,19,11.44607925415039,3.4424052238464355,23.3543701171875,1.0,8649,0.0,18.851362648499826,19.74917,30.262981,32.74002,37.006397,41.348457,26.724062,1.0,32.50589921562944,33.0,34.0,34.0,36.0,36.0,0
Mbalmayo,BIO_FP_FH__L2A_20251215T050116_20251227T050144_T_G01_M01_C___T004_F004,2025-12-15,8,20,11.44691276550293,3.4424052238464355,26.43876838684082,1.0,8649,0.0,15.383921958102093,15.018948,28.446213,30.801666,37.292706,40.67884,24.250788,1.0,29.656223675325048,30.0,33.0,33.0,34.0,34.0,0
Mbalmayo,BIO_FP_FH__L2A_20251215T050116_20251227T050144_T_G01_M01_C___T004_F004,2025-12-15,8,21,11.447746276855469,3.4424052238464355,19.068368911743164,1.0,8649,5.635000228881836,14.335941451865823,14.682945,28.26759,32.054173,43.728245,47.8283,25.013002,1.0,30.158469440840836,31.0,33.0,34.0,35.0,36.0,0
Mbalmayo,BIO_FP_FH__L2A_20251215T050116_20251227T050144_T_G01_M01_C___T004_F004,2025-12-15,8,22,11.448579788208008,3.4424052238464355,9.685169219970703,1.0,8649,13.241000175476074,20.34886817433735,19.381784,33.463036,40.53523,44.22264,47.371147,28.831886,1.0,32.739844725219925,33.0,34.0,34.0,35.79125213623047,36.0,0
Mbalmayo,BIO_FP_FH__L2A_20251215T050116_20251227T050144_T_G01_M01_C___T004_F004,2025-12-15,8,23,11.449413299560547,3.4424052238464355,3.646169424057007,1.0,8649,17.824199676513672,15.04869918126373,11.798025,36.638847,42.52443,46.303036,47.728878,28.179663,1.0,32.045729887996856,32.0,34.0,34.0,34.0,34.0,0
Mbalmayo,BIO_FP_FH__L2A_20251215T050116_20251227T050144_T_G01_M01_C___T004_F004,2025-12-15,8,24,11.450246810913086,3.4424052238464355,4.472369194030762,1.0,8649,13.22599983215332,13.095700189328246,11.666655,25.537558,30.575106,39.320713,45.31489,18.732533,1.0,33.29805282890928,33.0,34.0,35.0,35.0,35.0,0
Mbalmayo,BIO_FP_FH__L2A_20251215T050116_20251227T050144_T_G01_M01_C___T004_F004,2025-12-15,8,25,11.451080322265625,3.4424052238464355,5.307369232177734,1.0,8649,8.802399635314941,16.91124561004162,15.054029,30.889147,35.25596,39.534046,42.139957,26.64902,1.0,33.65918421626766,34.0,35.0,35.0,35.0,35.0,0
Mbalmayo,BIO_FP_FH__L2A_20251215T050116_20251227T050144_T_G01_M01_C___T004_F004,2025-12-15,8,26,11.451913833618164,3.4424052238464355,4.225427150726318,1.0,8649,30.32080078125,18.568743270537055,19.600887,33.122814,35.772564,41.300148,43.741615,28.709324,1.0,32.70454608345186,33.0,34.0,34.0,34.0,34.0,0
Mbalmayo,BIO_FP_FH__L2A_20251215T050116_20251227T050144_T_G01_M01_C___T004_F004,2025-12-15,8,27,11.452747344970703,3.4424052238464355,3.57362699508667,1.0,8649,38.8401985168457,12.046056286312002,4.4969068,32.439182,38.458534,44.282696,45.59833,26.557554,1.0,30.272337519539505,30.907146453857422,32.0,33.0,33.0,34.0,0
Mbalmayo,BIO_FP_FH__L2A_20251215T050116_20251227T050144_T_G01_M01_C___T004_F004,2025-12-15,8,28,11.453580856323242,3.4424052238464355,10.532027244567871,1.0,8649,28.01799964904785,21.064841875686497,23.211626,39.7235,46.60864,50.635143,51.46476,32.040535,1.0,31.961088179880406,32.0,34.0,35.0,35.0,35.0,0
Mbalmayo,BIO_FP_FH__L2A_20251215T050116_20251227T050144_T_G01_M01_C___T004_F004,2025-12-15,8,29,11.454414367675781,3.4424052238464355,25.38682746887207,1.0,8649,1.760599970817566,20.021898756359118,20.962408,30.394407,31.718342,33.494194,36.68953,27.950268,1.0,33.38109915093034,33.94687271118164,35.0,35.0,36.0,36.0,0
Mbalmayo,BIO_FP_FH__L2A_20251215T050116_20251227T050144_T_G01_M01_C___T004_F004,2025-12-15,8,30,11.45524787902832,3.4424052238464355,29.315826416015625,1.0,8649,0.8907999992370605,20.891062923188375,22.763494,30.886124,32.276302,34.960976,37.80217,29.157963,1.0,35.12310064463329,35.0,37.0,37.0,38.0,38.0,0
Mbalmayo,BIO_FP_FH__L2A_20251215T050116_20251227T050144_T_G01_M01_C___T004_F004,2025-12-15,8,31,11.45608139038086,3.4424052238464355,29.266626358032227,1.0,8649,1.0246000289916992,17.906240967163836,17.142113,29.144821,32.73255,36.657375,47.743156,26.413868,1.0,35.26550676820182,35.0,36.0,36.0,37.0,37.0,0
Mbalmayo,BIO_FP_FH__L2A_20251215T050116_20251227T050144_T_G01_M01_C___T004_F004,2025-12-15,8,32,11.456914901733398,3.4424052238464355,25.688426971435547,1.0,8649,8.083999633789062,26.23708101189444,26.898367,40.065544,43.72652,49.576622,55.337845,37.69599,1.0,36.26266361112636,36.0,38.0,38.0,38.0,38.0,0
Mbalmayo,BIO_FP_FH__L2A_20251215T050116_20251227T050144_T_G01_M01_C___T004_F004,2025-12-15,8,33,11.457748413085938,3.4424052238464355,13.925626754760742,1.0,8649,32.757598876953125,20.832430444903313,21.765066,33.780434,36.51751,39.569923,44.89753,29.002659,1.0,33.9085317535171,34.0,35.39570922851558,36.0,37.0,37.0,0
Mbalmayo,BIO_FP_FH__L2A_20251215T050116_20251227T050144_T_G01_M01_C___T004_F004,2025-12-15,8,34,11.458581924438477,3.4424052238464355,2.313199996948242,1.0,8649,56.883201599121094,15.220830600900394,14.530482,26.458443,28.990143,35.12041,42.03476,23.255634,1.0,32.763167685946364,32.0,35.0,36.0,36.0,36.0,0
Mbalmayo,BIO_FP_FH__L2A_20251215T050116_20251227T050144_T_G01_M01_C___T004_F004,2025-12-15,8,35,11.459415435791016,3.4424052238464355,2.826200008392334,1.0,8649,46.52439880371094,17.46139230330096,15.985187,30.262814,33.593163,36.943207,44.165245,27.577345,1.0,33.40336329323086,33.0,36.0,36.483795166015625,37.0,37.0,0
Mbalmayo,BIO_FP_FH__L2A_20251215T050116_20251227T050144_T_G01_M01_C___T004_F004,2025-12-15,8,36,11.460248947143555,3.4424052238464355,2.0989999771118164,1.0,8649,60.11640167236328,25.594495547715052,27.238964,33.8157,35.453213,40.060825,43.688156,32.626347,1.0,33.241333070663046,34.0,35.0,35.0,36.0,36.0,0
Mbalmayo,BIO_FP_FH__L2A_20251215T050116_20251227T050144_T_G01_M01_C___T004_F004,2025-12-15,8,37,11.461082458496094,3.4424052238464355,1.753000020980835,1.0,8649,72.81700134277344,21.81908516338594,23.859865,31.337423,33.0265,37.061172,39.673233,29.57617,1.0,30.924553802019187,31.0,33.0,33.0,34.0,34.0,0
Mbalmayo,BIO_FP_FH__L2A_20251215T050116_20251227T050144_T_G01_M01_C___T004_F004,2025-12-15,8,38,11.461915969848633,3.4424052238464355,13.381199836730957,1.0,8649,40.68600082397461,18.194660667960168,19.639652,32.75619,33.94382,36.355644,38.527477,30.936562,1.0,29.482338669259008,29.980510711669922,31.0,31.0,32.0,32.0,0
Mbalmayo,BIO_FP_FH__L2A_20251215T050116_20251227T050144_T_G01_M01_C___T004_F004,2025-12-15,8,39,11.462749481201172,3.4424052238464355,21.174400329589844,1.0,8649,17.830799102783203,14.89663285224448,14.983599,28.15886,30.28201,32.227356,34.322723,25.942799,1.0,30.466162331049972,30.0,34.0,34.0,34.0,34.0,0
Mbalmayo,BIO_FP_FH__L2A_20251215T050116_20251227T050144_T_G01_M01_C___T004_F004,2025-12-15,8,40,11.463582992553711,3.4424052238464355,0.8306000232696533,1.0,8649,91.54879760742188,16.72079074351081,16.093126,30.184317,32.375744,34.836308,37.93314,23.912493,1.0,33.91014520815169,34.0,35.0,35.0,36.0,36.0,0
Mbalmayo,BIO_FP_FH__L2A_20251215T050116_20251227T050144_T_G01_M01_C___T004_F004,2025-12-15,9,2,11.431909561157227,3.4415717124938965,6.648501396179199,1.0,8649,41.474891662597656,4.079077569028934,2.5907285,8.736162,9.797993,12.322673,16.498386,8.387747,1.0,15.395827297696297,15.0,16.0,16.0,16.0,17.0,0
Mbalmayo,BIO_FP_FH__L2A_20251215T050116_20251227T050144_T_G01_M01_C___T004_F004,2025-12-15,9,3,11.432743072509766,3.4415717124938965,2.7645015716552734,1.0,8649,56.60329055786133,4.227055241212857,2.2893054,10.487339,12.167749,14.606697,17.334173,9.943567,1.0,15.390901826216123,15.0,17.0,17.0,18.0,18.0,0
Mbalmayo,BIO_FP_FH__L2A_20251215T050116_20251227T050144_T_G01_M01_C___T004_F004,2025-12-15,9,4,11.433576583862305,3.4415717124938965,1.7977015972137451,1.0,8649,65.63709259033203,5.959632255174008,5.836175,10.203395,11.7803135,18.183668,23.028542,9.64539,1.0,16.167544146054933,16.0,18.0,18.0,19.0,19.0,0
Mbalmayo,BIO_FP_FH__L2A_20251215T050116_20251227T050144_T_G01_M01_C___T004_F004,2025-12-15,9,5,11.434410095214844,3.4415717124938965,3.6413016319274902,0.9893859940907186,8566,67.71569061279297,6.558007952516454,5.518629,11.068937,17.080492,25.143469,27.953173,10.533344,0.9912729398723779,18.777873455649324,18.0,22.0,23.0,24.0,24.0,0
Mbalmayo,BIO_FP_FH__L2A_20251215T050116_20251227T050144_T_G01_M01_C___T004_F004,2025-12-15,9,9,11.437744140625,3.4415717124938965,6.7635016441345215,1.0000000141138066,8649,5.019091606140137,17.711817612813665,17.650772,28.220346,32.598095,36.872433,39.115597,25.410673,1.0,33.76740601815603,34.0,35.0,36.0,37.0,37.0,0
Mbalmayo,BIO_FP_FH__L2A_20251215T050116_20251227T050144_T_G01_M01_C___T004_F004,2025-12-15,9,10,11.438577651977539,3.4415717124938965,12.298571586608887,0.9999999964715484,8649,3.2718000411987305,21.810803540960706,20.690979,36.921356,39.551807,43.042118,44.477497,32.953274,1.0,35.80914086729877,36.0,37.0,37.0,37.0,37.0,0
Mbalmayo,BIO_FP_FH__L2A_20251215T050116_20251227T050144_T_G01_M01_C___T004_F004,2025-12-15,9,11,11.439411163330078,3.4415717124938965,18.78417205810547,1.0000000105853548,8649,1.3015999794006348,22.565965095815898,23.46538,29.926767,31.082987,33.13614,36.621162,28.62076,1.0,34.98618813853331,35.0,36.0,36.0,37.0,37.0,0
Mbalmayo,BIO_FP_FH__L2A_20251215T050116_20251227T050144_T_G01_M01_C___T004_F004,2025-12-15,9,12,11.440244674682617,3.4415717124938965,18.110971450805664,1.0000000141138066,8649,1.7106000185012817,22.784935922401953,23.727028,31.296268,32.71607,34.94141,36.559914,30.116081,1.0,34.449256495170225,34.006683349609375,36.0,36.0,37.0,37.0,0
Mbalmayo,BIO_FP_FH__L2A_20251215T050116_20251227T050144_T_G01_M01_C___T004_F004,2025-12-15,9,13,11.441078186035156,3.4415717124938965,25.889371871948242,0.9999999929430967,8649,0.07540000230073929,26.028518428203224,26.778921,32.78494,34.312782,39.12948,42.895767,31.760908,1.0,32.882974049055115,33.0,34.0,34.0,35.0,35.0,0
Mbalmayo,BIO_FP_FH__L2A_20251215T050116_20251227T050144_T_G01_M01_C___T004_F004,2025-12-15,9,14,11.441911697387695,3.4415717124938965,23.68537139892578,1.0000000105853548,8649,0.0,27.033795618711075,27.656359,34.035717,35.771946,40.966236,45.786446,31.975758,1.0,32.28220552322506,32.0,34.0,34.0,34.0,34.0,0
Mbalmayo,BIO_FP_FH__L2A_20251215T050116_20251227T050144_T_G01_M01_C___T004_F004,2025-12-15,9,15,11.442745208740234,3.4415717124938965,22.781770706176758,0.9999999929430967,8649,0.0,19.651886319074425,21.146818,30.113297,32.365284,36.71985,39.100773,28.145184,1.0,29.914394663805105,30.0,32.0,33.0,34.0,34.0,0
Mbalmayo,BIO_FP_FH__L2A_20251215T050116_20251227T050144_T_G01_M01_C___T004_F004,2025-12-15,9,16,11.443578720092773,3.4415717124938965,22.40157127380371,1.0,8649,0.0,12.709950211007053,11.357823,26.598452,28.720728,37.949738,41.578537,23.181784,1.0,27.20983711487021,28.0,30.0,31.0,32.0,32.0,0
Mbalmayo,BIO_FP_FH__L2A_20251215T050116_20251227T050144_T_G01_M01_C___T004_F004,2025-12-15,9,17,11.444412231445312,3.4415717124938965,20.36897087097168,1.0,8649,0.0,13.423798429551104,15.181261,23.735401,26.008831,30.130764,32.157238,22.41441,1.0,28.854407699828425,29.0,30.006532669067383,31.0,31.0,32.0,0
Mbalmayo,BIO_FP_FH__L2A_20251215T050116_20251227T050144_T_G01_M01_C___T004_F004,2025-12-15,9,18,11.445245742797852,3.4415717124938965,17.8546199798584,1.0,8649,0.29580000042915344,20.695688153074055,21.46371,27.336372,29.656235,32.37759,38.393326,25.755762,1.0,31.15502988612642,31.0,32.0,33.0,33.0,33.0,0
Mbalmayo,BIO_FP_FH__L2A_20251215T050116_20251227T050144_T_G01_M01_C___T004_F004,2025-12-15,9,19,11.44607925415039,3.4415717124938965,20.4796199798584,1.0,8649,0.675599992275238,25.083412483560238,27.090485,38.05153,39.161304,40.345203,42.591465,36.60845,1.0,31.911168860484995,32.0,33.0,34.0,34.0,34.0,0
Mbalmayo,BIO_FP_FH__L2A_20251215T050116_20251227T050144_T_G01_M01_C___T004_F004,2025-12-15,9,20,11.44691276550293,3.4415717124938965,22.790821075439453,1.0,8649,0.27480000257492065,18.809491388094,19.36972,27.329542,30.154097,36.929573,40.63545,25.31738,1.0,29.0952083372852,29.0,31.0,31.0,32.0,32.0,0
Mbalmayo,BIO_FP_FH__L2A_20251215T050116_20251227T050144_T_G01_M01_C___T004_F004,2025-12-15,9,21,11.447746276855469,3.4415717124938965,23.509620666503906,1.0,8649,0.0,13.812118475582437,14.205952,25.521442,31.099962,38.682266,40.94841,23.522535,1.0,27.52454660040531,27.0,31.0,31.0,32.0,34.0,0
Mbalmayo,BIO_FP_FH__L2A_20251215T050116_20251227T050144_T_G01_M01_C___T004_F004,2025-12-15,9,22,11.448579788208008,3.4415717124938965,17.6660213470459,1.0,8649,4.1722002029418945,14.954475634827725,16.518505,27.1478,28.790842,31.261635,38.48327,24.260963,1.0,33.12664394861619,33.0,35.0,35.0,35.0,35.0,0
Mbalmayo,BIO_FP_FH__L2A_20251215T050116_20251227T050144_T_G01_M01_C___T004_F004,2025-12-15,9,23,11.449413299560547,3.4415717124938965,11.598220825195312,1.0,8649,8.762200355529785,21.31569954348046,20.661066,38.564648,42.348152,48.527863,50.96415,32.17742,1.0,34.70810343133382,35.0,36.0,36.0,36.0,36.0,0
Mbalmayo,BIO_FP_FH__L2A_20251215T050116_20251227T050144_T_G01_M01_C___T004_F004,2025-12-15,9,24,11.450246810913086,3.4415717124938965,7.16502046585083,1.0,8649,12.952400207519531,21.5836634834952,22.43795,33.09977,36.06153,42.7903,45.452263,30.496984,1.0,33.97545143689347,34.0,35.0,35.0,35.0,35.0,0
Mbalmayo,BIO_FP_FH__L2A_20251215T050116_20251227T050144_T_G01_M01_C___T004_F004,2025-12-15,9,25,11.451080322265625,3.4415717124938965,4.232220649719238,1.0,8649,14.635199546813965,20.648719098667478,21.565163,33.157864,36.02726,39.622982,42.216442,29.038157,1.0,31.16600436769561,32.0,34.0,34.0,35.0,35.0,0
Mbalmayo,BIO_FP_FH__L2A_20251215T050116_20251227T050144_T_G01_M01_C___T004_F004,2025-12-15,9,26,11.451913833618164,3.4415717124938965,3.4885430335998535,1.0,8649,31.576799392700195,14.351764045156955,11.342754,29.912497,32.16434,38.529163,42.00685,24.415783,1.0,27.14446201207583,27.0,32.0,32.0,32.875762939453125,34.0,0
Mbalmayo,BIO_FP_FH__L2A_20251215T050116_20251227T050144_T_G01_M01_C___T004_F004,2025-12-15,9,27,11.452747344970703,3.4415717124938965,2.469942808151245,1.0,8649,54.06019973754883,7.840319949831628,4.9325514,18.82194,26.938757,30.914454,35.420284,15.691647,1.0,24.334942896747357,25.0,26.0,27.0,28.310998916625977,30.0,0
Mbalmayo,BIO_FP_FH__L2A_20251215T050116_20251227T050144_T_G01_M01_C___T004_F004,2025-12-15,9,28,11.453580856323242,3.4415717124938965,6.9419426918029785,1.0,8649,59.637001037597656,10.781697407666348,4.436118,32.172375,42.363995,48.460667,50.123367,25.458487,1.0,27.894611741920635,27.83415412902832,30.0,31.0,32.0,32.0,0
Mbalmayo,BIO_FP_FH__L2A_20251215T050116_20251227T050144_T_G01_M01_C___T004_F004,2025-12-15,9,29,11.454414367675781,3.4415717124938965,22.747543334960938,1.0,8649,26.23579978942871,19.659672202891954,18.767118,36.040375,39.668545,43.480297,46.961826,29.985352,1.0,31.48064751150374,32.0,33.0,33.0,34.0,34.0,0
Mbalmayo,BIO_FP_FH__L2A_20251215T050116_20251227T050144_T_G01_M01_C___T004_F004,2025-12-15,9,30,11.45524787902832,3.4415717124938965,20.106142044067383,1.0,8649,12.620400428771973,24.840950046609436,26.209202,34.734882,36.569366,38.68039,41.008827,32.589695,1.0,33.6337156874663,34.0,34.0,35.0,35.933467864990234,36.0,0
Mbalmayo,BIO_FP_FH__L2A_20251215T050116_20251227T050144_T_G01_M01_C___T004_F004,2025-12-15,9,31,11.45608139038086,3.4415717124938965,16.862943649291992,1.0,8649,16.08099937438965,20.158180994551394,20.279705,34.47886,37.54331,41.84971,49.252266,31.753063,1.0,35.84466534915694,36.0,37.0,38.0,38.0,38.0,0
Mbalmayo,BIO_FP_FH__L2A_20251215T050116_20251227T050144_T_G01_M01_C___T004_F004,2025-12-15,9,32,11.456914901733398,3.4415717124938965,13.709142684936523,1.0,8649,30.826000213623047,19.512841870266794,15.275712,38.02962,40.27376,49.451237,54.587517,34.621628,1.0,36.87043482224394,37.0,38.0,39.0,39.0,39.0,0
Mbalmayo,BIO_FP_FH__L2A_20251215T050116_20251227T050144_T_G01_M01_C___T004_F004,2025-12-15,9,33,11.457748413085938,3.4415717124938965,4.143942832946777,1.0,8649,53.01580047607422,19.349769143289688,16.121458,37.044827,40.662777,45.781242,47.2606,31.162088,1.0,35.45326933440121,35.0,36.0,37.0,38.0,38.0,0
Mbalmayo,BIO_FP_FH__L2A_20251215T050116_20251227T050144_T_G01_M01_C___T004_F004,2025-12-15,9,34,11.458581924438477,3.4415717124938965,3.1082000732421875,1.0,8649,38.644798278808594,15.236031735063301,12.490358,31.264936,34.497887,41.829906,47.14016,27.129961,1.0,34.76263074624578,35.0,35.0,36.0,36.0,36.0,0
Mbalmayo,BIO_FP_FH__L2A_20251215T050116_20251227T050144_T_G01_M01_C___T004_F004,2025-12-15,9,35,11.459415435791016,3.4415717124938965,3.8664000034332275,1.0,8649,23.490999221801758,14.201583659418718,11.208731,28.558397,33.94019,38.622173,46.79585,23.546484,1.0,36.027400015571764,36.0,38.0,38.0,38.0,38.0,0
Mbalmayo,BIO_FP_FH__L2A_20251215T050116_20251227T050144_T_G01_M01_C___T004_F004,2025-12-15,9,36,11.460248947143555,3.4415717124938965,3.1672000885009766,1.0,8649,36.840599060058594,16.651254164137473,14.400165,31.077152,39.71288,43.953636,47.23369,28.13293,1.0,36.48893633483117,37.0,38.0,38.57597732543945,39.0,39.0,0
Mbalmayo,BIO_FP_FH__L2A_20251215T050116_20251227T050144_T_G01_M01_C___T004_F004,2025-12-15,9,37,11.461082458496094,3.4415717124938965,2.480600118637085,1.0,8649,49.49800109863281,20.677679952162098,22.037682,30.887325,33.847073,41.945908,46.048233,28.244774,1.0,33.91772917386824,34.0,36.0,36.0,37.0,37.0,0
Mbalmayo,BIO_FP_FH__L2A_20251215T050116_20251227T050144_T_G01_M01_C___T004_F004,2025-12-15,9,38,11.461915969848633,3.4415717124938965,11.418000221252441,1.0,8649,26.797199249267578,11.182580039961268,6.551484,27.95937,31.549461,35.657265,38.693714,23.580313,1.0,30.33449706850417,30.0,31.577749252319336,32.0,32.0,32.0,0
Mbalmayo,BIO_FP_FH__L2A_20251215T050116_20251227T050144_T_G01_M01_C___T004_F004,2025-12-15,9,39,11.462749481201172,3.4415717124938965,18.61039924621582,1.0,8649,10.345000267028809,11.156760468153832,5.445167,29.910934,35.533398,39.110447,41.770912,22.075375,1.0,31.405846562354135,31.0,34.0,35.0,35.0,35.0,0
Mbalmayo,BIO_FP_FH__L2A_20251215T050116_20251227T050144_T_G01_M01_C___T004_F004,2025-12-15,9,40,11.463582992553711,3.4415717124938965,2.0908000469207764,1.0,8649,65.09660339355469,16.1055040909715,15.227195,33.35115,36.836723,41.23937,42.234932,27.394989,1.0,34.66826026979134,35.0,36.0,36.03813934326172,37.0,37.0,0
Mbalmayo,BIO_FP_FH__L2A_20251215T050116_20251227T050144_T_G01_M01_C___T004_F004,2025-12-15,10,2,11.431909561157227,3.4407382011413574,2.5583016872406006,0.9963877970448173,8622,87.0534896850586,5.271276151054935,4.114252,10.666276,11.973869,15.362975,18.641386,9.60874,1.0,18.017819474730025,17.0,22.0,23.0,23.0,24.0,0
Mbalmayo,BIO_FP_FH__L2A_20251215T050116_20251227T050144_T_G01_M01_C___T004_F004,2025-12-15,10,3,11.432743072509766,3.4407382011413574,0.8539016246795654,1.0,8649,98.44908905029297,6.0583596301776215,4.7105923,13.108782,15.00671,20.107164,23.884508,11.728879,1.0,20.55052045640649,21.0,23.0,24.0,24.0,27.0,0
Mbalmayo,BIO_FP_FH__L2A_20251215T050116_20251227T050144_T_G01_M01_C___T004_F004,2025-12-15,10,4,11.433576583862305,3.4407382011413574,0.3131016194820404,1.0,8649,100.0,9.821882915022691,9.227666,15.959221,19.217506,24.378551,26.520369,14.5300455,1.0,23.19820593376217,23.0,28.0,29.0,30.0,30.0,0
Mbalmayo,BIO_FP_FH__L2A_20251215T050116_20251227T050144_T_G01_M01_C___T004_F004,2025-12-15,10,7,11.436077117919922,3.4407382011413574,4.2249016761779785,0.9390646142482151,8164,26.699691772460938,18.52778340095195,19.679611,30.645973,32.04235,35.586185,38.506466,29.312325,0.9301446176378806,35.992345512750376,36.0,38.0,38.0,38.0,38.0,0
Mbalmayo,BIO_FP_FH__L2A_20251215T050116_20251227T050144_T_G01_M01_C___T004_F004,2025-12-15,10,8,11.436910629272461,3.4407382011413574,7.345301628112793,1.0,8649,17.491491317749023,20.886522850365647,20.35533,32.71777,34.017117,35.692204,37.001892,30.910267,1.0,36.569358488275405,37.0,38.0,38.0,38.0,38.0,0
Mbalmayo,BIO_FP_FH__L2A_20251215T050116_20251227T050144_T_G01_M01_C___T004_F004,2025-12-15,10,9,11.437744140625,3.4407382011413574,9.299501419067383,1.0,8649,3.9120914936065674,23.469354353194735,22.110325,38.395767,40.070473,42.53054,44.018044,36.99615,1.0,35.49984771687939,36.0,37.0,37.0,38.0,38.0,0
Mbalmayo,BIO_FP_FH__L2A_20251215T050116_20251227T050144_T_G01_M01_C___T004_F004,2025-12-15,10,10,11.438577651977539,3.4407382011413574,8.377771377563477,1.0,8649,4.0278000831604,28.599876013032578,30.426,39.14013,41.59654,44.121025,48.479427,37.244335,1.0,36.19153924925036,36.0,38.0,38.0,39.0,39.0,0
Mbalmayo,BIO_FP_FH__L2A_20251215T050116_20251227T050144_T_G01_M01_C___T004_F004,2025-12-15,10,11,11.439411163330078,3.4407382011413574,9.392170906066895,1.0,8649,3.5850000381469727,21.95006083615158,22.35615,32.856483,36.064457,39.40354,41.58439,31.171253,1.0,36.50433608200774,36.0,38.0,38.0,38.0,38.0,0
Mbalmayo,BIO_FP_FH__L2A_20251215T050116_20251227T050144_T_G01_M01_C___T004_F004,2025-12-15,10,12,11.440244674682617,3.4407382011413574,15.2661714553833,1.0,8649,2.3062000274658203,23.125436229531594,23.909685,32.418816,33.528576,40.725117,44.122166,31.262556,1.0,34.74420132804074,35.0,37.0,37.0,37.0,37.0,0
Mbalmayo,BIO_FP_FH__L2A_20251215T050116_20251227T050144_T_G01_M01_C___T004_F004,2025-12-15,10,13,11.441078186035156,3.4407382011413574,23.895172119140625,1.0,8649,0.5339999794960022,22.486435728660826,22.361265,32.29836,34.94967,39.797424,41.401558,30.0361,1.0,33.32516455983878,33.0,35.0,35.0,35.0,35.0,0
Mbalmayo,BIO_FP_FH__L2A_20251215T050116_20251227T050144_T_G01_M01_C___T004_F004,2025-12-15,10,14,11.441911697387695,3.4407382011413574,25.236570358276367,1.0,8649,0.0,24.99772869334605,25.249922,34.89782,36.466545,42.121986,44.44522,33.12711,1.0,33.14516051693009,33.0,34.0,34.0,35.0,35.0,0
Mbalmayo,BIO_FP_FH__L2A_20251215T050116_20251227T050144_T_G01_M01_C___T004_F004,2025-12-15,10,15,11.442745208740234,3.4407382011413574,24.002370834350586,1.0,8649,0.0,24.810439610070528,24.300415,35.439045,38.59437,39.58842,41.004765,33.356876,1.0,32.367688639148255,33.0,33.0,33.75489044189453,34.0,34.0,0
Mbalmayo,BIO_FP_FH__L2A_20251215T050116_20251227T050144_T_G01_M01_C___T004_F004,2025-12-15,10,16,11.443578720092773,3.4407382011413574,22.623971939086914,1.0,8649,0.0,20.977145117932707,22.576729,33.785,36.31105,39.78881,42.431698,31.3678,1.0,30.5322841291883,30.0,33.0,33.0,34.0,34.0,0
Mbalmayo,BIO_FP_FH__L2A_20251215T050116_20251227T050144_T_G01_M01_C___T004_F004,2025-12-15,10,17,11.444412231445312,3.4407382011413574,20.897171020507812,1.0,8649,0.0,20.70312172559689,21.686785,34.13738,37.886673,40.9577,44.19721,29.094666,1.0,31.87025185548745,32.0,34.0,34.0,35.0,35.0,0
Mbalmayo,BIO_FP_FH__L2A_20251215T050116_20251227T050144_T_G01_M01_C___T004_F004,2025-12-15,10,18,11.445245742797852,3.4407382011413574,14.805620193481445,1.0,8649,1.663599967956543,21.861178518651,22.30094,34.05921,37.704277,40.702637,43.37649,29.616503,1.0,33.41188210566646,34.0,35.0,35.0,36.0,36.0,0
Mbalmayo,BIO_FP_FH__L2A_20251215T050116_20251227T050144_T_G01_M01_C___T004_F004,2025-12-15,10,19,11.44607925415039,3.4407382011413574,14.774820327758789,1.0,8649,2.427000045776367,19.262728733993814,16.760197,37.441967,40.417717,42.042675,44.09288,30.027224,1.0,31.028091932806834,31.0,33.0,33.0,33.0,33.0,0
Mbalmayo,BIO_FP_FH__L2A_20251215T050116_20251227T050144_T_G01_M01_C___T004_F004,2025-12-15,10,20,11.44691276550293,3.4407382011413574,16.58302116394043,1.0,8649,0.7760000228881836,17.772688564971386,18.234383,36.70153,38.529835,41.58702,43.051693,28.835098,1.0,31.48499625536014,31.0,33.0,33.96016311645508,34.0,34.0,0
Mbalmayo,BIO_FP_FH__L2A_20251215T050116_20251227T050144_T_G01_M01_C___T004_F004,2025-12-15,10,21,11.447746276855469,3.4407382011413574,17.698820114135742,1.0,8649,0.0,18.835982551270376,19.559605,29.775991,32.929447,36.554768,38.23071,26.972559,1.0,31.59224928931868,31.383996963500977,33.0,33.5759391784668,34.0,34.0,0
Mbalmayo,BIO_FP_FH__L2A_20251215T050116_20251227T050144_T_G01_M01_C___T004_F004,2025-12-15,10,22,11.448579788208008,3.4407382011413574,18.232219696044922,1.0,8649,0.0,18.560623202465603,20.657463,28.747875,30.584389,39.21637,41.918102,26.570118,1.0,33.74521258426189,34.0,35.0,35.0,35.0,35.0,0
Mbalmayo,BIO_FP_FH__L2A_20251215T050116_20251227T050144_T_G01_M01_C___T004_F004,2025-12-15,10,23,11.449413299560547,3.4407382011413574,19.461219787597656,1.0,8649,0.0,19.442146603834257,18.958267,37.078953,43.206142,47.584805,49.02372,30.948877,1.0,33.98875760265769,34.0,36.0,36.0,36.0,36.0,0
Mbalmayo,BIO_FP_FH__L2A_20251215T050116_20251227T050144_T_G01_M01_C___T004_F004,2025-12-15,10,24,11.450246810913086,3.4407382011413574,15.062220573425293,1.0,8649,4.322800159454346,23.557707967503468,25.690668,33.73201,37.73747,42.72121,44.38925,31.255022,1.0,32.026109375448115,32.0,34.0,34.0,34.0,34.0,0
Mbalmayo,BIO_FP_FH__L2A_20251215T050116_20251227T050144_T_G01_M01_C___T004_F004,2025-12-15,10,25,11.451080322265625,3.4407382011413574,10.6016206741333,1.0,8649,8.726799964904785,13.452486943035321,12.777554,24.908113,26.60632,31.492937,33.766663,22.347511,1.0,27.031476490427846,27.153913497924805,31.0,31.0,32.0,33.0,0
Mbalmayo,BIO_FP_FH__L2A_20251215T050116_20251227T050144_T_G01_M01_C___T004_F004,2025-12-15,10,26,11.451913833618164,3.4407382011413574,5.720542907714844,1.0,8649,36.239200592041016,3.0961128770305817,1.8708075,7.6378045,10.595824,14.706164,38.820488,5.563122,1.0,22.047532364431454,22.0,24.0,26.0,26.0,26.0,0
Mbalmayo,BIO_FP_FH__L2A_20251215T050116_20251227T050144_T_G01_M01_C___T004_F004,2025-12-15,10,27,11.452747344970703,3.4407382011413574,2.517542839050293,1.0,8649,67.30159759521484,13.65367665788675,7.140154,35.328728,37.112247,42.5873,46.28883,28.33157,1.0,28.8751573292475,29.0,33.0,34.0,35.0,36.0,0
Mbalmayo,BIO_FP_FH__L2A_20251215T050116_20251227T050144_T_G01_M01_C___T004_F004,2025-12-15,10,28,11.453580856323242,3.4407382011413574,4.362143039703369,1.0,8649,81.91480255126953,19.617633835017052,17.288536,38.69601,42.07212,46.24129,49.44818,35.588493,1.0,32.384902546124344,32.0,37.0,38.0,38.0,38.0,0
Mbalmayo,BIO_FP_FH__L2A_20251215T050116_20251227T050144_T_G01_M01_C___T004_F004,2025-12-15,10,29,11.454414367675781,3.4407382011413574,9.227143287658691,1.0,8649,53.579200744628906,21.360862143564283,21.52412,33.820847,35.629066,38.477386,42.01763,30.942976,1.0,33.17602875698838,33.0,35.0,35.0,36.0,36.0,0
Mbalmayo,BIO_FP_FH__L2A_20251215T050116_20251227T050144_T_G01_M01_C___T004_F004,2025-12-15,10,30,11.45524787902832,3.4407382011413574,6.833343029022217,1.0,8649,28.60420036315918,22.162032031340328,23.894506,33.423656,35.88434,41.57663,43.920322,30.974539,1.0,34.88593990208166,35.0,36.0,36.54319763183594,37.0,37.0,0
Mbalmayo,BIO_FP_FH__L2A_20251215T050116_20251227T050144_T_G01_M01_C___T004_F004,2025-12-15,10,31,11.45608139038086,3.4407382011413574,3.6541428565979004,1.0,8649,40.01459884643555,15.599496464547924,11.534366,37.415333,44.21077,47.65371,48.95621,30.467909,1.0,34.200953086961526,34.0,36.0,36.0,37.0,37.0,0
Mbalmayo,BIO_FP_FH__L2A_20251215T050116_20251227T050144_T_G01_M01_C___T004_F004,2025-12-15,10,32,11.456914901733398,3.4407382011413574,3.372342824935913,1.0,8649,47.995601654052734,17.79622260340791,15.076313,35.18827,39.31562,41.82551,43.59789,28.554798,1.0,33.52795793676889,34.0,35.0,35.0,35.55788803100586,36.0,0
Mbalmayo,BIO_FP_FH__L2A_20251215T050116_20251227T050144_T_G01_M01_C___T004_F004,2025-12-15,10,33,11.457748413085938,3.4407382011413574,4.242942810058594,1.0,8649,46.84939956665039,17.220950850531853,13.4236965,35.44637,39.536686,44.240147,46.15967,29.43977,1.0,33.74735914294961,34.0,36.0,36.0,36.0,36.0,0
Mbalmayo,BIO_FP_FH__L2A_20251215T050116_20251227T050144_T_G01_M01_C___T004_F004,2025-12-15,10,34,11.458581924438477,3.4407382011413574,6.264200210571289,1.0,8649,27.251399993896484,16.03055740728697,13.960121,30.527117,35.94669,40.84589,45.015644,27.655464,1.0,35.01469515508166,35.0,36.0,36.0,37.0,37.0,0
Mbalmayo,BIO_FP_FH__L2A_20251215T050116_20251227T050144_T_G01_M01_C___T004_F004,2025-12-15,10,35,11.459415435791016,3.4407382011413574,7.804200172424316,1.0,8649,10.023599624633789,13.90929338832524,12.25377,25.43114,32.334473,36.506783,37.8637,22.135647,1.0,35.78174139025694,36.0,36.0,36.0,37.0,37.0,0
Mbalmayo,BIO_FP_FH__L2A_20251215T050116_20251227T050144_T_G01_M01_C___T004_F004,2025-12-15,10,36,11.460248947143555,3.4407382011413574,5.061800003051758,1.0,8649,13.892600059509277,15.780041971073246,12.986305,33.584137,36.261875,41.851833,43.761135,29.216995,1.0,36.966914764097325,37.0,38.0,38.0,38.0,39.0,0
Mbalmayo,BIO_FP_FH__L2A_20251215T050116_20251227T050144_T_G01_M01_C___T004_F004,2025-12-15,10,37,11.461082458496094,3.4407382011413574,3.5826001167297363,1.0,8649,23.147600173950195,20.286346664896232,20.679016,34.5349,36.287033,41.72329,45.727097,31.6388,1.0,34.925877034671046,35.0,37.0,37.0,38.0,38.0,0
Mbalmayo,BIO_FP_FH__L2A_20251215T050116_20251227T050144_T_G01_M01_C___T004_F004,2025-12-15,10,38,11.461915969848633,3.4407382011413574,8.514399528503418,1.0,8649,15.155200004577637,18.91310332570962,19.982916,33.471188,35.900692,39.59381,43.154385,26.936546,1.0,33.07941677606455,33.0,35.0,36.0,37.0,37.0,0
Mbalmayo,BIO_FP_FH__L2A_20251215T050116_20251227T050144_T_G01_M01_C___T004_F004,2025-12-15,10,39,11.462749481201172,3.4407382011413574,7.302999973297119,1.0,8649,29.234399795532227,14.55857410358134,12.899848,30.783886,35.328968,44.780735,48.052826,26.72998,1.0,35.279706787134074,36.0,37.0,37.0,38.0,38.0,0
Mbalmayo,BIO_FP_FH__L2A_20251215T050116_20251227T050144_T_G01_M01_C___T004_F004,2025-12-15,10,40,11.463582992553711,3.4407382011413574,4.200200080871582,1.0,8649,50.18579864501953,15.419968281195803,14.485423,27.724865,33.885338,44.83257,48.42184,23.797623,1.0,35.44303804773143,35.0,37.0,38.0,38.0,38.0,0
Mbalmayo,BIO_FP_FH__L2A_20251215T050116_20251227T050144_T_G01_M01_C___T004_F004,2025-12-15,11,2,11.431909561157227,3.4399046897888184,0.9111015796661377,0.9928962671352902,8610,93.72789001464844,6.812359470863174,3.7631142,17.747416,20.561956,25.812798,28.611763,13.896435,1.0,25.80733449258671,25.7665958404541,29.0,30.0,32.0,32.0,0
Mbalmayo,BIO_FP_FH__L2A_20251215T050116_20251227T050144_T_G01_M01_C___T004_F004,2025-12-15,11,3,11.432743072509766,3.4399046897888184,0.8413016200065613,1.0,8649,100.0,12.508595590440368,12.287907,26.660198,29.430408,32.111584,34.179573,22.048588,1.0,29.457468928402044,30.0,33.0,33.0,34.0,34.0,0
Mbalmayo,BIO_FP_FH__L2A_20251215T050116_20251227T050144_T_G01_M01_C___T004_F004,2025-12-15,11,4,11.433576583862305,3.4399046897888184,0.7139015793800354,0.9930345894959858,8605,100.0,11.66444549194393,11.883331,20.624979,22.122526,24.890568,28.259811,19.563538,0.9403842256678719,31.819994678139448,32.0,34.0,34.0,34.0,34.0,0
Mbalmayo,BIO_FP_FH__L2A_20251215T050116_20251227T050144_T_G01_M01_C___T004_F004,2025-12-15,11,7,11.436077117919922,3.4399046897888184,5.171901702880859,1.0,8649,15.436691284179688,15.15522172451295,14.758684,30.64545,33.65059,37.9221,40.215805,26.511086,1.0,34.02827308042599,34.0,37.105918884277344,38.0,38.0,38.0,0
Mbalmayo,BIO_FP_FH__L2A_20251215T050116_20251227T050144_T_G01_M01_C___T004_F004,2025-12-15,11,8,11.436910629272461,3.4399046897888184,8.480901718139648,1.0,8649,7.896291255950928,19.01833343946916,18.33182,32.291965,36.501358,43.86211,46.040558,29.628708,1.0,37.91169217484909,38.0,39.0,39.0,39.0,39.0,0
Mbalmayo,BIO_FP_FH__L2A_20251215T050116_20251227T050144_T_G01_M01_C___T004_F004,2025-12-15,11,9,11.437744140625,3.4399046897888184,11.053301811218262,1.0,8649,3.1386914253234863,31.415440176881,33.437508,39.909554,41.064987,43.0305,44.365864,38.645576,1.0,37.18559613218472,37.0,38.0,39.0,39.0,39.0,0
Mbalmayo,BIO_FP_FH__L2A_20251215T050116_20251227T050144_T_G01_M01_C___T004_F004,2025-12-15,11,10,11.438577651977539,3.4399046897888184,9.307170867919922,1.0,8649,3.7588000297546387,31.628595859167245,32.862457,40.576378,42.831657,47.152824,49.10382,39.082058,1.0,37.94016124290019,38.0,39.02809143066406,40.0,40.0,40.0,0
Mbalmayo,BIO_FP_FH__L2A_20251215T050116_20251227T050144_T_G01_M01_C___T004_F004,2025-12-15,11,11,11.439411163330078,3.4399046897888184,7.609971046447754,1.0,8649,4.2789998054504395,27.42040818031709,28.478775,38.973118,40.81798,45.081432,48.08749,37.047935,1.0,38.23262019294688,38.0,39.0,39.0,40.0,40.0,0
Mbalmayo,BIO_FP_FH__L2A_20251215T050116_20251227T050144_T_G01_M01_C___T004_F004,2025-12-15,11,12,11.440244674682617,3.4399046897888184,13.459371566772461,1.0,8649,3.2558000087738037,25.200425085269973,27.208366,34.949436,36.451015,38.827637,41.367023,32.506477,1.0,36.95298130998226,37.0,38.0,38.006683349609375,39.0,40.0,0
Mbalmayo,BIO_FP_FH__L2A_20251215T050116_20251227T050144_T_G01_M01_C___T004_F004,2025-12-15,11,13,11.441078186035156,3.4399046897888184,22.753570556640625,1.0,8649,1.4686000347137451,22.68805597106602,24.334759,34.21383,35.236618,40.954437,49.907787,32.696236,1.0,34.65018382024484,35.0,36.0,36.0,37.0,37.0,0
Mbalmayo,BIO_FP_FH__L2A_20251215T050116_20251227T050144_T_G01_M01_C___T004_F004,2025-12-15,11,14,11.441911697387695,3.4399046897888184,26.06357192993164,1.0,8649,0.4887999892234802,21.492818895248007,22.125982,30.734507,34.093605,39.794292,41.787518,28.622694,1.0,34.106031740920535,34.0,36.0,37.0,38.0,38.0,0
Mbalmayo,BIO_FP_FH__L2A_20251215T050116_20251227T050144_T_G01_M01_C___T004_F004,2025-12-15,11,15,11.442745208740234,3.4399046897888184,24.592571258544922,1.0,8649,0.14880000054836273,23.74385609066077,23.92493,32.93187,34.49327,36.762363,40.64786,31.024847,1.0,33.17840494819012,33.0,35.0,35.0,36.0,36.0,0
Mbalmayo,BIO_FP_FH__L2A_20251215T050116_20251227T050144_T_G01_M01_C___T004_F004,2025-12-15,11,16,11.443578720092773,3.4399046897888184,23.219770431518555,1.0,8649,0.0,19.812101426104174,19.370596,28.507463,31.486101,34.509956,36.508984,26.576036,1.0,33.28942097216097,33.0,35.0,35.0,35.0,35.0,0
Mbalmayo,BIO_FP_FH__L2A_20251215T050116_20251227T050144_T_G01_M01_C___T004_F004,2025-12-15,11,17,11.444412231445312,3.4399046897888184,18.031171798706055,1.0,8649,1.3193999528884888,21.31647806104752,21.886892,32.38051,37.17882,39.882683,43.87065,29.792782,1.0,31.599858181120165,32.0,33.77985382080078,34.0,34.0,34.0,0
Mbalmayo,BIO_FP_FH__L2A_20251215T050116_20251227T050144_T_G01_M01_C___T004_F004,2025-12-15,11,18,11.445245742797852,3.4399046897888184,12.118220329284668,1.0,8649,3.6082000732421875,20.200704312817955,19.160582,37.46392,39.03613,41.49882,43.753933,31.234901,1.0,33.22498153733275,33.0,35.0,35.0,35.0,36.0,0
Mbalmayo,BIO_FP_FH__L2A_20251215T050116_20251227T050144_T_G01_M01_C___T004_F004,2025-12-15,11,19,11.44607925415039,3.4399046897888184,9.574020385742188,1.0,8649,5.012199878692627,20.952761428344317,21.512823,29.844154,35.803192,42.888615,45.541176,25.370571,1.0,31.349114815531912,31.0,32.0,33.0,34.0,34.0,0
Mbalmayo,BIO_FP_FH__L2A_20251215T050116_20251227T050144_T_G01_M01_C___T004_F004,2025-12-15,11,20,11.44691276550293,3.4399046897888184,11.986220359802246,1.0,8649,4.611000061035156,17.15766725199445,17.492327,25.003277,31.505266,39.831528,42.507553,21.658945,1.0,30.08337146641271,30.0,32.0,32.0,34.0,34.0,0
Mbalmayo,BIO_FP_FH__L2A_20251215T050116_20251227T050144_T_G01_M01_C___T004_F004,2025-12-15,11,21,11.447746276855469,3.4399046897888184,17.939821243286133,1.0,8649,0.0,19.073247945933055,19.542097,27.871984,34.12541,40.96544,42.378418,24.633045,1.0,30.549836090940012,30.0,32.0,33.0,33.0,33.0,0
Mbalmayo,BIO_FP_FH__L2A_20251215T050116_20251227T050144_T_G01_M01_C___T004_F004,2025-12-15,11,22,11.448579788208008,3.4399046897888184,19.256019592285156,1.0,8649,0.0,10.644368771859464,8.060421,22.894016,25.281172,31.878605,35.53369,19.231936,1.0,30.39988250789759,30.0,32.0,33.0,33.0,34.0,0
Mbalmayo,BIO_FP_FH__L2A_20251215T050116_20251227T050144_T_G01_M01_C___T004_F004,2025-12-15,11,23,11.449413299560547,3.4399046897888184,21.159021377563477,1.0,8649,0.0,12.5251104941684,12.068872,25.738071,28.108862,30.91681,34.720722,21.165766,1.0,30.221254269805776,30.0,32.0,32.0,33.0,34.0,0
Mbalmayo,BIO_FP_FH__L2A_20251215T050116_20251227T050144_T_G01_M01_C___T004_F004,2025-12-15,11,24,11.450246810913086,3.4399046897888184,20.04322052001953,1.0,8649,0.0,18.29678467163834,19.429226,27.397924,29.015285,31.202919,40.68241,24.540737,1.0,27.027320544696817,27.0,30.0,30.0,31.0,31.0,0
Mbalmayo,BIO_FP_FH__L2A_20251215T050116_20251227T050144_T_G01_M01_C___T004_F004,2025-12-15,11,25,11.451080322265625,3.4399046897888184,18.427221298217773,1.0,8649,0.6589999794960022,13.674108594562956,13.326987,24.493954,25.504736,26.957874,29.450289,20.693773,1.0,24.162838316498526,24.0,26.0,26.0,27.0,28.0,0
Mbalmayo,BIO_FP_FH__L2A_20251215T050116_20251227T050144_T_G01_M01_C___T004_F004,2025-12-15,11,26,11.451913833618164,3.4399046897888184,13.59134292602539,1.0,8649,25.685400009155273,9.890158905653832,6.6041484,24.003164,26.240767,32.925182,34.827755,21.721798,1.0,27.403495481819455,27.0,32.0,32.5597038269043,34.0,34.0,0
Mbalmayo,BIO_FP_FH__L2A_20251215T050116_20251227T050144_T_G01_M01_C___T004_F004,2025-12-15,11,27,11.452747344970703,3.4399046897888184,8.223142623901367,1.0,8649,60.316200256347656,18.91644061994161,19.785402,33.2697,35.98163,38.66514,39.733032,28.653618,1.0,33.64864206815788,34.0,36.0,36.0,37.0,37.0,0
Mbalmayo,BIO_FP_FH__L2A_20251215T050116_20251227T050144_T_G01_M01_C___T004_F004,2025-12-15,11,28,11.453580856323242,3.4399046897888184,2.2547428607940674,1.0,8649,88.20539855957031,20.022212082863625,21.151907,34.139133,35.920452,38.83772,40.716503,29.194927,1.0,35.23319375158004,35.0,37.0,37.609130859375,38.0,38.0,0
Mbalmayo,BIO_FP_FH__L2A_20251215T050116_20251227T050144_T_G01_M01_C___T004_F004,2025-12-15,11,29,11.454414367675781,3.4399046897888184,5.681743144989014,1.0,8649,60.91339874267578,20.882613325962538,20.502897,32.28869,34.339275,36.41828,37.866657,30.23741,1.0,32.72128520330014,33.0,35.56306076049805,36.0,36.0,36.0,0
Mbalmayo,BIO_FP_FH__L2A_20251215T050116_20251227T050144_T_G01_M01_C___T004_F004,2025-12-15,11,30,11.45524787902832,3.4399046897888184,7.73494291305542,1.0,8649,27.08099937438965,17.496116783732223,15.297351,30.977661,34.84617,40.374046,42.594948,27.447165,1.0,33.2421347772142,33.0,35.0,35.0,35.0,35.0,0
Mbalmayo,BIO_FP_FH__L2A_20251215T050116_20251227T050144_T_G01_M01_C___T004_F004,2025-12-15,11,31,11.45608139038086,3.4399046897888184,10.030343055725098,1.0,8649,18.218000411987305,15.642663824033125,12.298994,31.82665,35.967274,40.375027,44.215958,27.267538,1.0,34.9667848566527,35.0,36.0,36.0,37.0,37.0,0
Mbalmayo,BIO_FP_FH__L2A_20251215T050116_20251227T050144_T_G01_M01_C___T004_F004,2025-12-15,11,32,11.456914901733398,3.4399046897888184,11.78634262084961,1.0,8649,19.699199676513672,14.228521044701699,12.294141,26.82068,30.363916,35.5384,36.82687,22.368559,1.0,32.46855678507628,32.0,35.0,35.0,35.0,35.0,0
Mbalmayo,BIO_FP_FH__L2A_20251215T050116_20251227T050144_T_G01_M01_C___T004_F004,2025-12-15,11,33,11.457748413085938,3.4399046897888184,12.59354305267334,1.0,8649,19.079200744628906,12.278281019662678,11.11293,19.92231,21.941431,33.26023,42.80214,18.61279,1.0,32.672558498128964,33.0,34.0,34.53802490234375,35.0,35.0,0
Mbalmayo,BIO_FP_FH__L2A_20251215T050116_20251227T050144_T_G01_M01_C___T004_F004,2025-12-15,11,34,11.458581924438477,3.4399046897888184,12.517800331115723,1.0,8649,13.003399848937988,10.966940610005492,8.268005,24.535255,32.765003,43.622646,50.97243,17.964134,1.0,34.80921697291298,34.0,37.0,37.0,38.0,38.0,0
Mbalmayo,BIO_FP_FH__L2A_20251215T050116_20251227T050144_T_G01_M01_C___T004_F004,2025-12-15,11,35,11.459415435791016,3.4399046897888184,13.19480037689209,1.0,8649,1.955199956893921,20.691572905827265,19.685463,37.170925,39.411327,41.59035,42.802677,33.473347,1.0,37.50708431535435,38.0,39.0,39.0,39.0,39.0,0
Mbalmayo,BIO_FP_FH__L2A_20251215T050116_20251227T050144_T_G01_M01_C___T004_F004,2025-12-15,11,36,11.460248947143555,3.4399046897888184,10.452400207519531,1.0,8649,5.82420015335083,21.390186681625043,21.152998,32.921318,35.802513,41.048885,45.54848,30.150906,1.0,36.427300210053666,36.0,37.0,38.0,38.0,38.0,0
Mbalmayo,BIO_FP_FH__L2A_20251215T050116_20251227T050144_T_G01_M01_C___T004_F004,2025-12-15,11,37,11.461082458496094,3.4399046897888184,5.776800155639648,1.0,8649,19.90920066833496,14.123445900537634,13.833166,27.829576,32.92136,38.39252,41.00147,22.002842,1.0,35.34775375523227,35.0,36.0,37.0,37.0,38.0,0
Mbalmayo,BIO_FP_FH__L2A_20251215T050116_20251227T050144_T_G01_M01_C___T004_F004,2025-12-15,11,38,11.461915969848633,3.4399046897888184,3.310800075531006,1.0,8649,27.78459930419922,25.477095776065152,25.4475,39.54506,42.239277,44.401356,45.58006,34.072216,1.0,35.35493266969792,35.0,37.0,38.0,38.0,38.0,0
Mbalmayo,BIO_FP_FH__L2A_20251215T050116_20251227T050144_T_G01_M01_C___T004_F004,2025-12-15,11,39,11.462749481201172,3.4399046897888184,2.473599910736084,1.0,8649,49.065399169921875,29.2271828300237,33.396435,41.26511,43.34976,46.719833,48.26277,39.014755,1.0,37.087347869308495,37.0,38.0,38.0,39.0,39.0,0
Mbalmayo,BIO_FP_FH__L2A_20251215T050116_20251227T050144_T_G01_M01_C___T004_F004,2025-12-15,11,40,11.463582992553711,3.4399046897888184,1.65339994430542,1.0,8649,68.80599975585938,19.4354516914889,17.403194,33.1655,40.528217,42.736385,45.31326,29.57479,1.0,34.333158140858416,35.0,36.0,36.0,37.0,37.0,0
Mbalmayo,BIO_FP_FH__L2A_20251215T050116_20251227T050144_T_G01_M01_C___T004_F004,2025-12-15,11,41,11.46441650390625,3.4399046897888184,5.053800106048584,1.0,8649,13.095000267028809,15.212827959699098,15.469567,25.696945,27.826403,32.702934,36.83978,23.871782,1.0,33.843466150621445,34.0,35.0,35.0,36.0,36.0,0
Mbalmayo,BIO_FP_FH__L2A_20251215T050116_20251227T050144_T_G01_M01_C___T004_F004,2025-12-15,12,2,11.431909561157227,3.4390711784362793,0.40590161085128784,0.9767191632522546,8516,89.5490951538086,5.06470733247499,2.0189369,17.490032,22.560986,26.860743,30.293728,9.485477,1.0,29.270587727298267,30.0,32.0,32.0,33.0,33.0,0
Mbalmayo,BIO_FP_FH__L2A_20251215T050116_20251227T050144_T_G01_M01_C___T004_F004,2025-12-15,12,3,11.432743072509766,3.4390711784362793,0.17930160462856293,1.0,8649,100.0,16.81180910094375,18.041513,30.59018,35.466705,38.890263,40.96927,27.307518,1.0,32.86102143198455,33.0,34.0,34.0,34.6042594909668,35.0,0
Mbalmayo,BIO_FP_FH__L2A_20251215T050116_20251227T050144_T_G01_M01_C___T004_F004,2025-12-15,12,6,11.435243606567383,3.4390711784362793,3.7829015254974365,0.9933637375775921,8598,52.82209014892578,6.929115692490872,5.0080433,16.780113,19.990175,25.714779,27.738495,13.338128,1.0,27.753790460772453,28.0,30.0,30.0,31.0,31.0,0
Mbalmayo,BIO_FP_FH__L2A_20251215T050116_20251227T050144_T_G01_M01_C___T004_F004,2025-12-15,12,7,11.436077117919922,3.4390711784362793,6.2147016525268555,1.0,8649,12.126091003417969,12.36331275201613,9.60972,26.67695,28.439037,32.08104,36.120037,21.09364,1.0,33.08779493273028,33.0,37.0,37.0,38.0,38.0,0
Mbalmayo,BIO_FP_FH__L2A_20251215T050116_20251227T050144_T_G01_M01_C___T004_F004,2025-12-15,12,8,11.436910629272461,3.4390711784362793,7.306901454925537,1.0,8649,8.472891807556152,27.676753183171463,30.36349,39.436794,40.902916,43.469807,45.910442,37.1417,1.0,37.92446786062554,38.0,39.0,39.0,39.0,39.0,0
Mbalmayo,BIO_FP_FH__L2A_20251215T050116_20251227T050144_T_G01_M01_C___T004_F004,2025-12-15,12,9,11.437744140625,3.4390711784362793,10.012701988220215,1.0,8649,3.6508913040161133,32.90693220495144,34.049015,40.286465,41.387363,43.697132,46.84988,39.45364,1.0,37.89781630330037,38.0,39.0,39.0,39.0,39.0,0
Mbalmayo,BIO_FP_FH__L2A_20251215T050116_20251227T050144_T_G01_M01_C___T004_F004,2025-12-15,12,10,11.438577651977539,3.4390711784362793,8.425971031188965,1.0,8649,4.151400089263916,25.03838413400393,25.591047,39.36386,41.789352,45.097477,46.117783,35.258205,1.0,37.5086880561616,37.0,39.0,39.0,39.0,39.0,0
Mbalmayo,BIO_FP_FH__L2A_20251215T050116_20251227T050144_T_G01_M01_C___T004_F004,2025-12-15,12,11,11.439411163330078,3.4390711784362793,6.573971271514893,1.0,8649,4.987199783325195,21.661924201858596,20.354145,34.47341,38.328197,41.889503,44.885906,31.19701,1.0,38.81803373949199,39.0,40.0,40.0,40.0,40.0,0
Mbalmayo,BIO_FP_FH__L2A_20251215T050116_20251227T050144_T_G01_M01_C___T004_F004,2025-12-15,12,12,11.440244674682617,3.4390711784362793,9.835771560668945,1.0,8649,4.551000118255615,19.81348966011244,18.123447,37.224728,40.00953,43.185608,46.698475,31.40645,1.0,38.572986444443934,38.3957405090332,40.0,40.0,40.0,40.0,0
Mbalmayo,BIO_FP_FH__L2A_20251215T050116_20251227T050144_T_G01_M01_C___T004_F004,2025-12-15,12,13,11.441078186035156,3.4390711784362793,20.193571090698242,1.0,8649,2.5165998935699463,22.203059286116893,23.997547,34.231243,36.469982,46.307556,50.177483,30.705427,1.0,36.45439938631123,36.0,38.0,39.0,39.0,39.0,0
Mbalmayo,BIO_FP_FH__L2A_20251215T050116_20251227T050144_T_G01_M01_C___T004_F004,2025-12-15,12,14,11.441911697387695,3.4390711784362793,27.298370361328125,1.0,8649,1.1332000494003296,19.4804607333579,21.571392,32.547115,36.33796,41.580982,44.51863,28.349062,1.0,36.75719945049517,37.0,38.0,38.0,38.0,38.0,0
Mbalmayo,BIO_FP_FH__L2A_20251215T050116_20251227T050144_T_G01_M01_C___T004_F004,2025-12-15,12,15,11.442745208740234,3.4390711784362793,26.048770904541016,1.0,8649,0.7847999930381775,23.248991935483872,23.92882,33.96784,36.996284,42.936947,44.322693,30.49599,1.0,35.96798918996743,36.0,37.0,37.0,37.562835693359375,38.0,0
Mbalmayo,BIO_FP_FH__L2A_20251215T050116_20251227T050144_T_G01_M01_C___T004_F004,2025-12-15,12,16,11.443578720092773,3.4390711784362793,24.799171447753906,1.0,8649,0.43639999628067017,25.439307131785466,26.038763,34.27985,37.043568,40.411285,43.25014,32.04811,1.0,33.1605739445752,33.0,35.0,35.0,36.0,36.0,0
Mbalmayo,BIO_FP_FH__L2A_20251215T050116_20251227T050144_T_G01_M01_C___T004_F004,2025-12-15,12,17,11.444412231445312,3.4390711784362793,17.82417106628418,1.0,8649,5.027400016784668,22.53764095740837,21.936985,37.734722,40.82563,46.54967,47.839314,32.163067,1.0,33.564654268575055,33.0,37.0,37.0,37.0,37.0,0
Mbalmayo,BIO_FP_FH__L2A_20251215T050116_20251227T050144_T_G01_M01_C___T004_F004,2025-12-15,12,18,11.445245742797852,3.4390711784362793,11.036820411682129,1.0,8649,9.069600105285645,19.147384045482138,16.807028,35.362915,38.39205,41.431488,45.00999,31.440193,1.0,33.74260090927069,34.0,35.0,36.0,37.0,37.0,0
Mbalmayo,BIO_FP_FH__L2A_20251215T050116_20251227T050144_T_G01_M01_C___T004_F004,2025-12-15,12,19,11.44607925415039,3.4390711784362793,6.171420574188232,1.0,8649,11.31879997253418,20.580589383527,20.047823,36.029293,39.028324,43.06932,45.38646,30.774685,1.0,34.903648631174946,35.0,36.799713134765625,37.0,37.0,37.0,0
Mbalmayo,BIO_FP_FH__L2A_20251215T050116_20251227T050144_T_G01_M01_C___T004_F004,2025-12-15,12,20,11.44691276550293,3.4390711784362793,12.041419982910156,1.0,8649,7.097799777984619,22.96939641233813,21.568768,40.297417,43.31687,45.609886,47.566334,31.898916,1.0,35.14941287473497,35.0,37.0,37.0,37.0,37.0,0
Mbalmayo,BIO_FP_FH__L2A_20251215T050116_20251227T050144_T_G01_M01_C___T004_F004,2025-12-15,12,21,11.447746276855469,3.4390711784362793,20.431819915771484,1.0,8649,0.0,23.57576878468609,23.661787,31.362267,36.26355,41.258057,43.409676,28.13944,1.0,31.406714475007398,31.0,33.0,34.0,34.0,35.0,0
Mbalmayo,BIO_FP_FH__L2A_20251215T050116_20251227T050144_T_G01_M01_C___T004_F004,2025-12-15,12,22,11.448579788208008,3.4390711784362793,21.569820404052734,1.0,8649,0.0,22.183735452617356,21.008465,38.485027,40.35195,42.667027,43.568417,34.819286,1.0,30.51202508818553,30.0,31.0,32.0,32.0,32.0,0
Mbalmayo,BIO_FP_FH__L2A_20251215T050116_20251227T050144_T_G01_M01_C___T004_F004,2025-12-15,12,23,11.449413299560547,3.4390711784362793,22.244220733642578,1.0,8649,0.0,13.37491080074286,13.044598,26.223392,35.579746,39.485825,43.07553,22.080572,1.0,27.898578017278137,28.0,31.0,31.0,31.0,31.0,0
Mbalmayo,BIO_FP_FH__L2A_20251215T050116_20251227T050144_T_G01_M01_C___T004_F004,2025-12-15,12,24,11.450246810913086,3.4390711784362793,19.654220581054688,1.0,8649,0.0,13.759582032604925,14.082832,22.754164,24.129139,27.12637,34.194633,20.858063,1.0,25.871063308504112,25.0,28.0,30.0,31.0,32.0,0
Mbalmayo,BIO_FP_FH__L2A_20251215T050116_20251227T050144_T_G01_M01_C___T004_F004,2025-12-15,12,25,11.451080322265625,3.4390711784362793,17.875221252441406,1.0,8649,0.0,17.884743042909584,17.074629,32.21356,34.687572,42.47838,45.07972,29.86958,1.0,30.40541054805809,31.0,33.0,34.0,34.88105010986328,35.0,0
Mbalmayo,BIO_FP_FH__L2A_20251215T050116_20251227T050144_T_G01_M01_C___T004_F004,2025-12-15,12,26,11.451913833618164,3.4390711784362793,16.705142974853516,1.0000000070569033,8649,2.611999988555908,19.444999826647173,18.790897,33.753063,36.194046,39.335278,41.694687,29.031542,1.0,33.08549389710715,33.0,35.0,36.0,36.0,36.0,0
Mbalmayo,BIO_FP_FH__L2A_20251215T050116_20251227T050144_T_G01_M01_C___T004_F004,2025-12-15,12,27,11.452747344970703,3.4390711784362793,10.459942817687988,1.0,8649,13.839799880981445,17.680292700023124,16.679373,34.64493,36.8305,39.045464,41.256348,29.636143,1.0,34.9721340325433,35.0,37.0,37.0,38.0,38.0,0
Mbalmayo,BIO_FP_FH__L2A_20251215T050116_20251227T050144_T_G01_M01_C___T004_F004,2025-12-15,12,28,11.453580856323242,3.4390711784362793,4.200142860412598,1.0,8649,42.785400390625,21.102521561379927,21.99369,33.182774,35.608826,37.304867,39.7669,29.298048,1.0,34.48701268938294,34.0,36.390869140625,37.0,37.0,37.0,0
Mbalmayo,BIO_FP_FH__L2A_20251215T050116_20251227T050144_T_G01_M01_C___T004_F004,2025-12-15,12,29,11.454414367675781,3.4390711784362793,9.269542694091797,0.999999971772387,8649,30.65839958190918,14.451216430910106,12.910202,24.0251,26.646147,31.69941,34.41746,21.522968,1.0,30.46413146345474,30.0,32.0,32.0,34.0,34.0,0
Mbalmayo,BIO_FP_FH__L2A_20251215T050116_20251227T050144_T_G01_M01_C___T004_F004,2025-12-15,12,30,11.45524787902832,3.4390711784362793,14.78514289855957,0.9999999647154837,8649,13.311599731445312,15.541568982950105,14.277531,27.017553,29.68209,35.55469,40.38398,23.645218,1.0,33.41011772570355,33.0,36.0,36.0,36.0,37.0,0
Mbalmayo,BIO_FP_FH__L2A_20251215T050116_20251227T050144_T_G01_M01_C___T004_F004,2025-12-15,12,31,11.45608139038086,3.4390711784362793,17.05434226989746,1.0,8649,1.7458000183105469,17.2685330086932,15.496698,31.646845,36.414513,43.87571,48.20979,25.17065,1.0,35.48270958670992,36.0,36.119361877441406,37.0,37.0,37.0,0
Mbalmayo,BIO_FP_FH__L2A_20251215T050116_20251227T050144_T_G01_M01_C___T004_F004,2025-12-15,12,32,11.456914901733398,3.4390711784362793,17.69514274597168,1.0,8649,5.394999980926514,16.039636649648802,13.323057,31.577538,34.042168,38.781673,40.749878,27.187643,1.0,31.80879991478225,32.0,34.0,34.0,35.0,36.0,0
Mbalmayo,BIO_FP_FH__L2A_20251215T050116_20251227T050144_T_G01_M01_C___T004_F004,2025-12-15,12,33,11.457748413085938,3.4390711784362793,19.271543502807617,1.0,8649,0.0,17.267451100741415,14.892996,30.859264,33.215256,41.9196,44.782425,26.287113,1.0,30.710102845208606,31.0,32.0,32.0,32.0,32.0,0
Mbalmayo,BIO_FP_FH__L2A_20251215T050116_20251227T050144_T_G01_M01_C___T004_F004,2025-12-15,12,34,11.458581924438477,3.4390711784362793,18.03820037841797,1.0,8649,0.0,13.099425218052666,9.74999,29.648308,33.400345,36.84779,38.627567,23.621864,1.0,35.08314514336579,35.23823928833008,38.0,38.0,39.0,39.0,0
Mbalmayo,BIO_FP_FH__L2A_20251215T050116_20251227T050144_T_G01_M01_C___T004_F004,2025-12-15,12,35,11.459415435791016,3.4390711784362793,11.9753999710083,1.0,8649,26.795799255371094,20.242941967640768,20.497787,36.366417,39.323704,41.29084,43.266285,30.941172,1.0,39.13265337741696,39.0,41.0,42.0,42.0,42.0,0
Mbalmayo,BIO_FP_FH__L2A_20251215T050116_20251227T050144_T_G01_M01_C___T004_F004,2025-12-15,12,36,11.460248947143555,3.4390711784362793,5.702600002288818,0.9999999788292903,8649,51.3468017578125,18.299139467790788,17.332453,30.396046,33.39423,37.656612,41.38385,28.072508,1.0,36.04578742403173,36.0,37.0,37.693756103515625,38.0,38.0,0
Mbalmayo,BIO_FP_FH__L2A_20251215T050116_20251227T050144_T_G01_M01_C___T004_F004,2025-12-15,12,37,11.461082458496094,3.4390711784362793,2.336199998855591,1.0000000070569033,8649,59.80500030517578,12.177526420922103,11.576566,26.566786,32.981434,43.36923,45.234814,23.239834,1.0,34.90549894481301,35.0,36.0,36.0,36.0,36.0,0
Mbalmayo,BIO_FP_FH__L2A_20251215T050116_20251227T050144_T_G01_M01_C___T004_F004,2025-12-15,12,38,11.461915969848633,3.4390711784362793,2.3857998847961426,1.0000000070569033,8649,52.92620086669922,18.488161434451634,17.535364,29.075647,34.29828,39.36558,41.098267,25.148165,1.0,33.91740432608705,34.0,35.0,35.0,36.0,36.0,0
Mbalmayo,BIO_FP_FH__L2A_20251215T050116_20251227T050144_T_G01_M01_C___T004_F004,2025-12-15,12,39,11.462749481201172,3.4390711784362793,1.7059999704360962,0.9999999929430967,8649,68.69979858398438,18.249125863151896,16.870653,31.249134,36.65216,39.204372,40.377155,25.113136,1.0,34.807681976046666,35.0,36.0,36.0,36.51816177368164,37.0,0
Mbalmayo,BIO_FP_FH__L2A_20251215T050116_20251227T050144_T_G01_M01_C___T004_F004,2025-12-15,12,40,11.463582992553711,3.4390711784362793,0.906000018119812,1.0,8649,86.622802734375,18.491314024742746,17.198505,28.637043,30.443401,34.114906,36.20336,25.518675,1.0,34.874541420814744,35.0,36.0,36.0,36.0,36.0,0
Mbalmayo,BIO_FP_FH__L2A_20251215T050116_20251227T050144_T_G01_M01_C___T004_F004,2025-12-15,12,41,11.46441650390625,3.4390711784362793,1.4296000003814697,0.9999999788292903,8649,81.35240173339844,16.819209608047377,16.417103,27.377783,30.48199,33.53132,35.589363,24.418972,1.0,36.40469862979497,36.0,38.0,38.0,39.0,39.0,0
Mbalmayo,BIO_FP_FH__L2A_20251215T050116_20251227T050144_T_G01_M01_C___T004_F004,2025-12-15,13,2,11.431909561157227,3.4382376670837402,8.367901802062988,0.9753189889636807,8480,53.045291900634766,7.819350498540647,4.6776657,20.219282,24.12333,31.237827,37.1641,17.035984,1.0,24.525333743051842,24.30461883544922,28.0,29.0,31.0,32.0,0
Mbalmayo,BIO_FP_FH__L2A_20251215T050116_20251227T050144_T_G01_M01_C___T004_F004,2025-12-15,13,6,11.435243606567383,3.4382376670837402,5.492901802062988,1.0,8649,25.79589080810547,4.919684085587929,3.499894,9.909021,15.37796,24.04161,27.341139,8.1135435,1.0,22.931135547879197,23.0,27.0,28.0,30.0,30.0,0
Mbalmayo,BIO_FP_FH__L2A_20251215T050116_20251227T050144_T_G01_M01_C___T004_F004,2025-12-15,13,7,11.436077117919922,3.4382376670837402,7.314301490783691,1.0,8649,12.037891387939453,17.395481391454215,19.544748,30.3335,32.741318,36.41292,39.104965,28.338305,1.0,32.25737373395274,33.0,35.0,35.509891510009766,37.0,37.0,0
Mbalmayo,BIO_FP_FH__L2A_20251215T050116_20251227T050144_T_G01_M01_C___T004_F004,2025-12-15,13,8,11.436910629272461,3.4382376670837402,8.554301261901855,1.0,8649,4.299091339111328,29.460928015522025,31.657028,38.55446,39.94443,41.500027,42.86453,37.382847,1.0,37.86163185058763,38.0,39.0,39.0,39.0,39.0,0
Mbalmayo,BIO_FP_FH__L2A_20251215T050116_20251227T050144_T_G01_M01_C___T004_F004,2025-12-15,13,9,11.437744140625,3.4382376670837402,8.844101905822754,0.9999999788292903,8649,4.602691173553467,34.39643722916531,36.216534,41.252525,42.468773,44.69649,46.75889,40.422474,1.0,37.96306109067291,38.0,39.0,39.0,39.0,39.0,0
Mbalmayo,BIO_FP_FH__L2A_20251215T050116_20251227T050144_T_G01_M01_C___T004_F004,2025-12-15,13,10,11.438577651977539,3.4382376670837402,7.273171424865723,0.9999999929430967,8649,6.035399913787842,34.55760309174225,36.229,42.098976,43.72366,46.228832,48.768353,40.88627,1.0,36.83299103824096,37.0,37.79631423950195,38.0,38.0,38.0,0
Mbalmayo,BIO_FP_FH__L2A_20251215T050116_20251227T050144_T_G01_M01_C___T004_F004,2025-12-15,13,11,11.439411163330078,3.4382376670837402,5.228771209716797,0.9999999858861935,8649,7.741199970245361,25.4737906821128,25.918856,38.464878,40.278545,44.193565,47.482243,35.8057,1.0,38.13590419459224,38.78139877319336,39.88883895874023,40.0,40.0,40.0,0
Mbalmayo,BIO_FP_FH__L2A_20251215T050116_20251227T050144_T_G01_M01_C___T004_F004,2025-12-15,13,12,11.440244674682617,3.4382376670837402,6.674971103668213,0.9999999929430967,8649,9.024200439453125,23.623938921372794,24.040245,35.58201,39.001495,45.384125,47.278202,33.356327,1.0,39.95543410651518,40.0,41.0,41.0,42.0,42.0,0
Mbalmayo,BIO_FP_FH__L2A_20251215T050116_20251227T050144_T_G01_M01_C___T004_F004,2025-12-15,13,13,11.441078186035156,3.4382376670837402,17.506771087646484,0.9999999788292903,8649,2.3083999156951904,18.565848639598038,18.230007,33.027073,36.241043,39.217728,41.396027,27.128586,1.0,38.99137351311401,39.0,40.0,40.819576263427734,42.0,42.0,0
Mbalmayo,BIO_FP_FH__L2A_20251215T050116_20251227T050144_T_G01_M01_C___T004_F004,2025-12-15,13,14,11.441911697387695,3.4382376670837402,26.29117202758789,1.0,8649,0.498199999332428,27.236592900010116,29.2165,40.661755,42.588722,44.559837,45.87693,38.56877,1.0,37.755136849990755,38.0,38.0,39.0,40.0,40.0,0
Mbalmayo,BIO_FP_FH__L2A_20251215T050116_20251227T050144_T_G01_M01_C___T004_F004,2025-12-15,13,15,11.442745208740234,3.4382376670837402,26.73497200012207,0.9999999858861935,8649,0.86080002784729,27.101248313982293,27.86196,35.7898,37.435295,39.887596,42.52032,34.25144,1.0,37.2200005798481,37.0,39.0,39.0,39.0,39.0,0
Mbalmayo,BIO_FP_FH__L2A_20251215T050116_20251227T050144_T_G01_M01_C___T004_F004,2025-12-15,13,16,11.443578720092773,3.4382376670837402,26.771770477294922,0.9999999576585805,8649,1.0526000261306763,28.929270052950063,29.527033,36.588528,38.431274,40.551525,42.58992,35.21509,1.0,33.7436621682825,34.0,35.0,35.417301177978516,36.0,36.0,0
Mbalmayo,BIO_FP_FH__L2A_20251215T050116_20251227T050144_T_G01_M01_C___T004_F004,2025-12-15,13,17,11.444412231445312,3.4382376670837402,20.51877212524414,1.0000000070569033,8649,5.0208001136779785,26.730248160164773,28.7273,34.303875,35.58991,37.585346,39.349625,32.924164,1.0,35.84053146242337,36.0,37.0,37.0,37.0,37.0,0
Mbalmayo,BIO_FP_FH__L2A_20251215T050116_20251227T050144_T_G01_M01_C___T004_F004,2025-12-15,13,18,11.445245742797852,3.4382376670837402,13.796220779418945,0.9999999858861935,8649,9.1141996383667,27.49113036871036,28.550346,40.115463,41.965054,44.44825,46.4644,38.503002,1.0,35.54123458130151,36.0,37.0,37.0,38.0,38.0,0
Mbalmayo,BIO_FP_FH__L2A_20251215T050116_20251227T050144_T_G01_M01_C___T004_F004,2025-12-15,13,19,11.44607925415039,3.4382376670837402,7.648820400238037,1.0000000141138066,8649,12.48960018157959,25.483292280740148,25.96461,37.572247,39.653225,43.559456,45.972122,33.03438,1.0,35.17634916134632,35.0,37.0,37.0,37.0,37.0,0
Mbalmayo,BIO_FP_FH__L2A_20251215T050116_20251227T050144_T_G01_M01_C___T004_F004,2025-12-15,13,20,11.44691276550293,3.4382376670837402,11.554220199584961,0.999999971772387,8649,8.924599647521973,19.044846198035398,19.426315,31.475073,33.622627,35.82604,44.727898,28.118662,1.0,35.04595145866049,36.0,36.0,37.0,37.0,37.0,0
Mbalmayo,BIO_FP_FH__L2A_20251215T050116_20251227T050144_T_G01_M01_C___T004_F004,2025-12-15,13,21,11.447746276855469,3.4382376670837402,20.153221130371094,1.0000000211707099,8649,1.1964000463485718,14.208392423429373,15.247123,26.310696,31.062712,33.578144,35.61106,23.736702,1.0,31.80028980505206,32.0,33.0,33.0,34.0,34.0,0
Mbalmayo,BIO_FP_FH__L2A_20251215T050116_20251227T050144_T_G01_M01_C___T004_F004,2025-12-15,13,22,11.448579788208008,3.4382376670837402,22.07862091064453,0.9999999929430967,8649,0.0,12.73119383785558,9.91573,30.710024,33.261066,36.25327,40.273293,23.873734,1.0,31.346893739253748,31.701873779296875,33.0,33.0,33.0,33.0,0
Mbalmayo,BIO_FP_FH__L2A_20251215T050116_20251227T050144_T_G01_M01_C___T004_F004,2025-12-15,13,23,11.449413299560547,3.4382376670837402,19.503219604492188,1.000000056455226,8649,0.0,8.614008245736938,3.8076148,27.215124,31.85,37.431606,39.76561,19.85796,1.0,28.546339339804188,29.0,31.0,32.0,33.0,34.0,0
Mbalmayo,BIO_FP_FH__L2A_20251215T050116_20251227T050144_T_G01_M01_C___T004_F004,2025-12-15,13,24,11.450246810913086,3.4382376670837402,16.278820037841797,0.9999999929430967,8649,0.0,16.775929777884322,14.626959,31.135723,34.16925,39.039204,42.463432,24.626968,1.0,31.649785509439187,32.0,35.0,36.0,37.741600036621094,38.0,0
Mbalmayo,BIO_FP_FH__L2A_20251215T050116_20251227T050144_T_G01_M01_C___T004_F004,2025-12-15,13,25,11.451080322265625,3.4382376670837402,18.30082130432129,1.0000000211707099,8649,0.0,19.839459660268407,20.232489,30.483534,32.254112,37.06062,39.117176,27.560747,1.0,34.57189759558674,35.0,36.0,36.056678009033206,37.0,37.0,0
Mbalmayo,BIO_FP_FH__L2A_20251215T050116_20251227T050144_T_G01_M01_C___T004_F004,2025-12-15,13,26,11.451913833618164,3.4382376670837402,18.904142379760742,1.000000084682839,8649,1.6618000268936157,17.439626998094948,16.170649,30.22967,32.647736,37.24449,39.85643,26.618235,1.0,33.17001677689655,33.0,34.0,34.0,34.0,35.0,0
Mbalmayo,BIO_FP_FH__L2A_20251215T050116_20251227T050144_T_G01_M01_C___T004_F004,2025-12-15,13,27,11.452747344970703,3.4382376670837402,12.378743171691895,1.0,8649,7.501800060272217,18.61855958781362,18.36621,30.722515,32.547653,37.044163,40.350674,27.24763,1.0,33.5672552029595,34.0,35.0,35.0,35.0,36.0,0
Mbalmayo,BIO_FP_FH__L2A_20251215T050116_20251227T050144_T_G01_M01_C___T004_F004,2025-12-15,13,28,11.453580856323242,3.4382376670837402,4.683143138885498,0.9999999788292903,8649,16.800600051879883,23.538537964725403,24.770376,35.41049,38.376423,42.34127,45.216927,31.93152,1.0,35.29810542599399,35.0,37.0,37.0,37.0,37.0,0
Mbalmayo,BIO_FP_FH__L2A_20251215T050116_20251227T050144_T_G01_M01_C___T004_F004,2025-12-15,13,29,11.454414367675781,3.4382376670837402,8.564743041992188,0.9999999858861935,8649,20.851600646972656,20.52982129507246,20.451761,32.894527,34.48869,38.716213,41.33756,29.29092,1.0,33.905857365590904,34.0,35.0,36.0,37.0,37.0,0
Mbalmayo,BIO_FP_FH__L2A_20251215T050116_20251227T050144_T_G01_M01_C___T004_F004,2025-12-15,13,30,11.45524787902832,3.4382376670837402,11.93254280090332,0.9999999506016772,8649,25.919599533081055,18.809242107677214,18.22685,28.075396,31.319937,35.895947,41.184258,25.513254,1.0,34.47548327455356,34.0,36.0,37.0,38.0,38.0,0
Mbalmayo,BIO_FP_FH__L2A_20251215T050116_20251227T050144_T_G01_M01_C___T004_F004,2025-12-15,13,31,11.45608139038086,3.4382376670837402,10.110342979431152,1.000000077625936,8649,44.16999816894531,22.8168120855556,22.402899,35.754074,39.030563,45.692898,48.049023,31.396639,1.0,36.045380995361526,36.0,37.0,37.69035339355469,38.0,38.0,0
Mbalmayo,BIO_FP_FH__L2A_20251215T050116_20251227T050144_T_G01_M01_C___T004_F004,2025-12-15,13,32,11.456914901733398,3.4382376670837402,11.325542449951172,1.000000077625936,8649,44.93280029296875,19.508571776254943,19.105934,32.182014,36.21451,44.93147,47.14233,29.25898,1.0,32.66326842813606,33.0,35.0,35.0,36.0,36.0,0
Mbalmayo,BIO_FP_FH__L2A_20251215T050116_20251227T050144_T_G01_M01_C___T004_F004,2025-12-15,13,33,11.457748413085938,3.4382376670837402,22.31394386291504,0.9999999858861935,8649,0.0,18.128513125847295,16.367947,32.692245,34.2228,36.625137,41.022873,29.879433,1.0,28.844862896137148,29.0,31.0,31.3243350982666,32.0,33.0,0
Mbalmayo,BIO_FP_FH__L2A_20251215T050116_20251227T050144_T_G01_M01_C___T004_F004,2025-12-15,13,34,11.458581924438477,3.4382376670837402,17.44540023803711,1.0000000211707099,8649,20.170400619506836,17.701737633248356,15.0720005,34.556698,38.70147,42.810257,45.097195,29.1193,1.0,35.21870399781191,36.0,38.0,38.0,39.0,39.0,0
Mbalmayo,BIO_FP_FH__L2A_20251215T050116_20251227T050144_T_G01_M01_C___T004_F004,2025-12-15,13,35,11.459415435791016,3.4382376670837402,8.583000183105469,1.000000028227613,8649,62.49959945678711,17.836841635050565,16.197582,34.04486,36.2152,38.27907,40.914005,27.381117,1.0,37.504461257798724,37.0,40.0,40.0,40.0,40.0,0
Mbalmayo,BIO_FP_FH__L2A_20251215T050116_20251227T050144_T_G01_M01_C___T004_F004,2025-12-15,13,36,11.460248947143555,3.4382376670837402,1.2345999479293823,1.0000000352845162,8649,95.8550033569336,16.606587106624673,13.548131,31.935602,35.42086,41.69473,44.123085,26.337626,1.0,35.08503769896515,35.0,36.0,37.0,37.819576263427734,38.0,0
Mbalmayo,BIO_FP_FH__L2A_20251215T050116_20251227T050144_T_G01_M01_C___T004_F004,2025-12-15,13,37,11.461082458496094,3.4382376670837402,1.3702000379562378,0.9999999929430967,8649,87.38939666748047,25.72900967688451,27.011673,35.024174,38.531906,41.344463,43.245888,32.38785,1.0,34.09886251646517,34.0,36.0,36.0,36.0,36.0,0
Mbalmayo,BIO_FP_FH__L2A_20251215T050116_20251227T050144_T_G01_M01_C___T004_F004,2025-12-15,13,38,11.461915969848633,3.4382376670837402,1.534600019454956,0.999999971772387,8649,78.3904037475586,19.44396286567074,20.177229,29.196693,33.931416,39.84818,41.58833,26.695616,1.0,30.80655415676442,30.0,33.0,34.0,34.0,34.0,0
Mbalmayo,BIO_FP_FH__L2A_20251215T050116_20251227T050144_T_G01_M01_C___T004_F004,2025-12-15,13,39,11.462749481201172,3.4382376670837402,1.3459999561309814,0.9999999929430967,8649,76.40619659423828,11.917444252139909,12.605915,22.771801,25.173983,28.278778,31.868204,20.083576,1.0,32.42308182021154,33.0,34.0,34.0,34.0,34.0,0
Mbalmayo,BIO_FP_FH__L2A_20251215T050116_20251227T050144_T_G01_M01_C___T004_F004,2025-12-15,13,40,11.463582992553711,3.4382376670837402,0.7365999817848206,1.000000028227613,8649,87.8865966796875,17.297867559148493,15.728883,30.127174,33.283524,38.692276,43.57603,23.896805,1.0,34.780345116230585,35.0,36.0,37.0,37.0,37.0,0
Mbalmayo,BIO_FP_FH__L2A_20251215T050116_20251227T050144_T_G01_M01_C___T004_F004,2025-12-15,13,41,11.46441650390625,3.4382376670837402,0.6815999746322632,0.9999999576585805,8649,93.36060333251953,17.19115315520156,15.154889,31.354036,36.95584,42.9596,46.08881,27.25197,1.0,37.39352507188232,38.0,39.0,39.0,39.0,39.0,0
Mbalmayo,BIO_FP_FH__L2A_20251215T050116_20251227T050144_T_G01_M01_C___T004_F004,2025-12-15,14,2,11.431909561157227,3.437404155731201,18.754701614379883,0.9535236515217619,8281,7.756491184234619,15.660964137055945,15.885852,27.651176,29.421003,31.5007,33.8479,25.862583,0.9882207303129741,30.110466966978176,30.329509735107422,32.00660705566406,33.0,33.0,33.0,0
Mbalmayo,BIO_FP_FH__L2A_20251215T050116_20251227T050144_T_G01_M01_C___T004_F004,2025-12-15,14,5,11.434410095214844,3.437404155731201,7.303301811218262,1.0,8649,5.125491619110107,3.9370946514770493,3.3279774,7.214317,8.609855,14.031088,24.947758,6.358484,1.0,17.45171363412445,17.0,20.0,21.0,22.0,22.0,0
Mbalmayo,BIO_FP_FH__L2A_20251215T050116_20251227T050144_T_G01_M01_C___T004_F004,2025-12-15,14,6,11.435243606567383,3.437404155731201,5.727301597595215,1.000000056455226,8649,7.6296916007995605,5.666696155111402,3.4238029,12.773058,21.14744,33.620243,42.00639,10.167466,1.0,21.406984194701415,21.0,27.0,27.0,28.0,28.0,0
Mbalmayo,BIO_FP_FH__L2A_20251215T050116_20251227T050144_T_G01_M01_C___T004_F004,2025-12-15,14,7,11.436077117919922,3.437404155731201,6.741901397705078,0.9999999929430967,8649,7.904491424560547,19.589426571209817,18.527126,36.47671,38.26689,41.014618,43.21232,31.996078,1.0,32.87376408175053,33.0,36.0,37.0,37.0,38.0,0
Mbalmayo,BIO_FP_FH__L2A_20251215T050116_20251227T050144_T_G01_M01_C___T004_F004,2025-12-15,14,8,11.436910629272461,3.437404155731201,6.7219014167785645,0.999999971772387,8649,8.5538911819458,18.3625488665865,18.727844,34.051846,36.71302,40.3354,44.170902,29.287798,1.0,35.05519675921809,34.0,38.0,38.0,38.0,38.0,0
Mbalmayo,BIO_FP_FH__L2A_20251215T050116_20251227T050144_T_G01_M01_C___T004_F004,2025-12-15,14,9,11.437744140625,3.437404155731201,6.591501712799072,0.9999999788292903,8649,9.15969181060791,30.041491275271575,33.66752,39.51297,40.946873,42.813362,43.875042,38.03779,1.0,34.51100824025066,34.0,37.0,38.0,38.0,38.0,0
Mbalmayo,BIO_FP_FH__L2A_20251215T050116_20251227T050144_T_G01_M01_C___T004_F004,2025-12-15,14,10,11.438577651977539,3.437404155731201,5.603771209716797,1.0000000211707099,8649,10.255800247192383,31.66903598659976,32.142773,40.447773,41.84922,44.703102,46.712585,39.01694,1.0,34.43924718184862,35.0,37.0,37.0,37.0,37.0,0
Mbalmayo,BIO_FP_FH__L2A_20251215T050116_20251227T050144_T_G01_M01_C___T004_F004,2025-12-15,14,11,11.439411163330078,3.437404155731201,4.436171054840088,0.999999971772387,8649,13.498600006103516,27.705721254628234,27.637299,42.980743,44.939274,47.188595,49.170628,41.047737,1.0,35.68260603891603,36.0,37.77471160888672,38.0,38.0,38.0,0
Mbalmayo,BIO_FP_FH__L2A_20251215T050116_20251227T050144_T_G01_M01_C___T004_F004,2025-12-15,14,12,11.440244674682617,3.437404155731201,3.46877121925354,1.0000000211707099,8649,17.09239959716797,23.877634711534512,24.493036,37.830036,40.16911,43.716473,45.85903,35.821754,1.0,38.82057431728554,39.0,40.0,40.0,40.0,40.0,0
Mbalmayo,BIO_FP_FH__L2A_20251215T050116_20251227T050144_T_G01_M01_C___T004_F004,2025-12-15,14,13,11.441078186035156,3.437404155731201,14.406371116638184,0.9999999929430967,8649,9.149999618530273,25.06370086661948,26.42135,38.692333,40.865738,42.962116,44.55482,35.88835,1.0,40.884088343120695,41.0,43.0,43.0,43.0,43.0,0
Mbalmayo,BIO_FP_FH__L2A_20251215T050116_20251227T050144_T_G01_M01_C___T004_F004,2025-12-15,14,14,11.441911697387695,3.437404155731201,25.795570373535156,1.0000000070569033,8649,0.1550000011920929,30.271354991820804,32.67823,41.85471,42.982925,45.000774,48.18318,40.416054,1.0,38.938136478864685,39.0,40.0,40.0,40.0,40.0,0
Mbalmayo,BIO_FP_FH__L2A_20251215T050116_20251227T050144_T_G01_M01_C___T004_F004,2025-12-15,14,15,11.442745208740234,3.437404155731201,26.676971435546875,0.9999999082602576,8649,0.7649999856948853,29.3497306235114,30.830294,38.668694,39.79776,41.229553,42.20868,36.931396,1.0,36.550321846921285,37.0,38.0,38.0,39.0,39.0,0
Mbalmayo,BIO_FP_FH__L2A_20251215T050116_20251227T050144_T_G01_M01_C___T004_F004,2025-12-15,14,16,11.443578720092773,3.437404155731201,23.014171600341797,1.0,8649,10.401599884033203,29.87041041594404,31.03335,37.351566,38.565952,41.18514,42.7693,36.02317,1.0,35.645450409002585,36.0,36.0,36.0,37.0,37.0,0
Mbalmayo,BIO_FP_FH__L2A_20251215T050116_20251227T050144_T_G01_M01_C___T004_F004,2025-12-15,14,17,11.444412231445312,3.437404155731201,19.913570404052734,1.0,8649,14.584799766540527,28.61800293928489,29.408854,35.994328,37.525852,39.244324,41.055206,34.797066,1.0,34.254687133614404,34.0,36.0,36.0,36.0,36.0,0
Mbalmayo,BIO_FP_FH__L2A_20251215T050116_20251227T050144_T_G01_M01_C___T004_F004,2025-12-15,14,18,11.445245742797852,3.437404155731201,22.538820266723633,1.0,8649,1.5576000213623047,24.53601640182391,25.442019,33.1809,34.925117,37.885803,42.80136,31.681162,1.0,33.2345944156618,33.0,34.0,35.0,35.0,35.0,0
Mbalmayo,BIO_FP_FH__L2A_20251215T050116_20251227T050144_T_G01_M01_C___T004_F004,2025-12-15,14,19,11.44607925415039,3.437404155731201,16.391220092773438,1.0,8649,4.933199882507324,23.95833965631865,25.749199,34.76062,36.256126,37.56037,41.6237,33.02101,1.0,32.58976300182557,33.0,34.0,35.0,36.0,36.0,0
Mbalmayo,BIO_FP_FH__L2A_20251215T050116_20251227T050144_T_G01_M01_C___T004_F004,2025-12-15,14,20,11.44691276550293,3.437404155731201,17.909420013427734,1.0,8649,3.5978000164031982,23.209001989030522,23.743916,32.05929,34.584076,37.813046,42.62614,29.810825,1.0,31.666819722518188,32.0,33.0,33.0,33.0,34.0,0
Mbalmayo,BIO_FP_FH__L2A_20251215T050116_20251227T050144_T_G01_M01_C___T004_F004,2025-12-15,14,21,11.447746276855469,3.437404155731201,19.916820526123047,1.0,8649,1.9620000123977661,21.923798994103365,23.839949,33.364697,35.253826,38.123806,40.10303,31.162992,1.0,33.488303500195435,33.0,35.0,35.0,35.87406539916992,36.0,0
Mbalmayo,BIO_FP_FH__L2A_20251215T050116_20251227T050144_T_G01_M01_C___T004_F004,2025-12-15,14,22,11.448579788208008,3.437404155731201,20.599220275878906,1.0,8649,0.0,19.954371757211817,20.107235,36.662228,38.69863,42.0499,47.270504,32.00704,1.0,34.02375572664171,34.0,35.0,35.862545013427734,36.0,36.0,0
Mbalmayo,BIO_FP_FH__L2A_20251215T050116_20251227T050144_T_G01_M01_C___T004_F004,2025-12-15,14,23,11.449413299560547,3.437404155731201,17.426620483398438,1.0,8649,0.0,19.854903746097815,18.026213,35.465164,39.972366,45.35453,49.76753,29.563147,1.0,35.37280801073335,35.0,39.0,39.0,40.0,40.0,0
Mbalmayo,BIO_FP_FH__L2A_20251215T050116_20251227T050144_T_G01_M01_C___T004_F004,2025-12-15,14,24,11.450246810913086,3.437404155731201,12.592820167541504,1.0,8649,2.9453999996185303,20.59556221275581,18.47093,37.392242,38.7012,43.40057,45.547897,32.878952,1.0,37.27140218545308,37.0,39.0,39.0,40.0,40.0,0
Mbalmayo,BIO_FP_FH__L2A_20251215T050116_20251227T050144_T_G01_M01_C___T004_F004,2025-12-15,14,25,11.451080322265625,3.437404155731201,14.948220252990723,1.0,8649,4.581999778747559,20.284876232078854,16.461693,39.10564,42.021397,44.852448,46.922535,32.18517,1.0,36.59453811407337,36.67049026489258,38.0,38.0,39.0,39.0,0
Mbalmayo,BIO_FP_FH__L2A_20251215T050116_20251227T050144_T_G01_M01_C___T004_F004,2025-12-15,14,26,11.451913833618164,3.437404155731201,13.899542808532715,1.0,8649,13.21619987487793,18.73045881388022,17.546211,30.878687,33.04064,40.17393,42.454895,25.066095,1.0,33.814328793611594,34.0,37.0,37.0,38.0,38.0,0
Mbalmayo,BIO_FP_FH__L2A_20251215T050116_20251227T050144_T_G01_M01_C___T004_F004,2025-12-15,14,27,11.452747344970703,3.437404155731201,5.990542888641357,1.0,8649,21.952600479125977,17.375530114572495,15.06337,32.433365,35.516933,37.26278,38.72325,26.420397,1.0,33.70892200763273,34.0,35.0,35.862545013427734,36.0,37.0,0
Mbalmayo,BIO_FP_FH__L2A_20251215T050116_20251227T050144_T_G01_M01_C___T004_F004,2025-12-15,14,28,11.453580856323242,3.437404155731201,3.3261430263519287,1.0,8649,39.674198150634766,20.890683035972366,22.945724,34.953594,36.333015,38.29175,39.467834,31.572752,1.0,37.31651594867898,37.0,38.0,39.0,39.0,39.0,0
Mbalmayo,BIO_FP_FH__L2A_20251215T050116_20251227T050144_T_G01_M01_C___T004_F004,2025-12-15,14,29,11.454414367675781,3.437404155731201,5.806343078613281,1.0,8649,48.578399658203125,21.35198952732975,19.577269,36.25326,38.905445,43.187607,46.009167,32.54023,1.0,35.650502493015146,36.0,38.0,38.0,38.0,38.0,0
Mbalmayo,BIO_FP_FH__L2A_20251215T050116_20251227T050144_T_G01_M01_C___T004_F004,2025-12-15,14,30,11.45524787902832,3.437404155731201,3.954342842102051,1.0,8649,69.45459747314453,16.6723864843479,16.337822,26.299677,29.020134,32.776955,35.205296,24.23978,1.0,32.552733396957315,33.0,34.0,34.0,35.0,35.0,0
Mbalmayo,BIO_FP_FH__L2A_20251215T050116_20251227T050144_T_G01_M01_C___T004_F004,2025-12-15,14,31,11.45608139038086,3.437404155731201,1.7367429733276367,1.0,8649,91.43840026855469,19.967332296363743,18.744232,33.076077,36.3401,46.24953,50.6044,28.888388,1.0,35.15014607242827,35.0,36.0,36.0,37.0,37.0,0
Mbalmayo,BIO_FP_FH__L2A_20251215T050116_20251227T050144_T_G01_M01_C___T004_F004,2025-12-15,14,32,11.456914901733398,3.437404155731201,11.255143165588379,1.0,8649,54.40119934082031,20.94848641280784,20.93306,36.071926,39.049023,44.5837,47.64247,32.63811,1.0,34.728320141281884,35.0,36.0,36.0,37.0,37.0,0
Mbalmayo,BIO_FP_FH__L2A_20251215T050116_20251227T050144_T_G01_M01_C___T004_F004,2025-12-15,14,33,11.457748413085938,3.437404155731201,21.20854377746582,1.0,8649,14.042400360107422,21.87341360814834,23.81623,32.148834,34.908806,38.716873,43.668423,30.041721,1.0,32.43341381660926,33.0,34.0,35.0,35.0,35.0,0
Mbalmayo,BIO_FP_FH__L2A_20251215T050116_20251227T050144_T_G01_M01_C___T004_F004,2025-12-15,14,34,11.458581924438477,3.437404155731201,11.795999526977539,1.0,8649,55.21979904174805,19.196140133613714,16.592274,37.08662,40.924175,43.71394,45.44201,31.063156,1.0,34.95362982483651,35.0,37.0,37.0,38.0,40.0,0
Mbalmayo,BIO_FP_FH__L2A_20251215T050116_20251227T050144_T_G01_M01_C___T004_F004,2025-12-15,14,35,11.459415435791016,3.437404155731201,1.992400050163269,1.0,8649,97.2760009765625,21.19282282453174,22.137571,34.080246,36.72815,40.441643,44.30397,30.049652,1.0,38.43760762571365,38.0,40.0,40.160560607910156,41.0,41.0,0
Mbalmayo,BIO_FP_FH__L2A_20251215T050116_20251227T050144_T_G01_M01_C___T004_F004,2025-12-15,14,36,11.460248947143555,3.437404155731201,1.2467999458312988,1.0,8649,100.0,19.06409023080703,17.042501,35.793896,38.034435,42.377434,45.859146,32.03055,1.0,38.38369762355819,39.0,40.0,41.0,41.0,41.0,0
Mbalmayo,BIO_FP_FH__L2A_20251215T050116_20251227T050144_T_G01_M01_C___T004_F004,2025-12-15,14,37,11.461082458496094,3.437404155731201,1.0906000137329102,1.0,8649,100.0,17.539341162995722,16.014616,32.113083,37.193848,41.433567,42.703487,29.497475,1.0,33.03679739592295,33.0,36.0,36.0,38.5183219909668,39.0,0
Mbalmayo,BIO_FP_FH__L2A_20251215T050116_20251227T050144_T_G01_M01_C___T004_F004,2025-12-15,14,38,11.461915969848633,3.437404155731201,1.0160000324249268,1.0,8649,97.70700073242188,21.8744069943057,21.953861,28.778542,31.293453,41.679035,44.319122,26.556164,1.0,28.40252490644028,28.0,30.0,31.0,32.839439392089844,33.0,0
Mbalmayo,BIO_FP_FH__L2A_20251215T050116_20251227T050144_T_G01_M01_C___T004_F004,2025-12-15,14,39,11.462749481201172,3.437404155731201,0.9706000089645386,1.0,8649,92.877197265625,16.633550256893862,17.422054,27.904995,32.01635,36.40988,39.237103,24.807795,1.0,29.744604997461774,30.0,32.0,32.0,32.0,32.0,0
Mbalmayo,BIO_FP_FH__L2A_20251215T050116_20251227T050144_T_G01_M01_C___T004_F004,2025-12-15,14,40,11.463582992553711,3.437404155731201,0.5037999749183655,1.0,8649,96.42120361328125,12.796347256547,12.002301,27.66112,31.106312,36.483307,39.098198,21.874113,1.0,32.03655306079206,32.0,34.0,34.0,34.0,34.0,0
Mbalmayo,BIO_FP_FH__L2A_20251215T050116_20251227T050144_T_G01_M01_C___T004_F004,2025-12-15,14,41,11.46441650390625,3.437404155731201,0.03700000047683716,1.0,8649,99.96520233154297,11.889532139734362,9.25643,28.722052,31.919321,38.037537,39.872646,20.593868,1.0,33.31181334545053,33.0,36.0,36.0,36.0,37.0,0
Mbalmayo,BIO_FP_FH__L2A_20251215T050116_20251227T050144_T_G01_M01_C___T004_F004,2025-12-15,15,4,11.433576583862305,3.436570644378662,14.81810188293457,0.9289166815143911,8070,2.3450913429260254,5.757882217682085,4.1382065,13.244979,16.181242,22.192606,26.322268,10.862102,0.9662241756658476,22.058338302214523,23.0,25.0,26.0,26.0,26.0,0
Mbalmayo,BIO_FP_FH__L2A_20251215T050116_20251227T050144_T_G01_M01_C___T004_F004,2025-12-15,15,5,11.434410095214844,3.436570644378662,9.21390151977539,0.999999943544774,8649,4.183691501617432,5.185260092910629,2.962004,12.848697,18.463533,29.689247,37.164474,10.006402,1.0,17.666686955263526,18.0,19.0,20.0,20.0,21.0,0
Mbalmayo,BIO_FP_FH__L2A_20251215T050116_20251227T050144_T_G01_M01_C___T004_F004,2025-12-15,15,6,11.435243606567383,3.436570644378662,6.621501445770264,1.0,8649,7.131491184234619,2.90466846329778,0.93829536,5.865871,12.386713,37.876656,39.88226,3.626053,1.0,19.807136627715067,19.0,24.0,24.0,26.0,26.0,0
Mbalmayo,BIO_FP_FH__L2A_20251215T050116_20251227T050144_T_G01_M01_C___T004_F004,2025-12-15,15,7,11.436077117919922,3.436570644378662,5.980901718139648,1.0,8649,10.794291496276855,5.905380928250376,3.048205,17.003298,24.128532,33.526646,35.623707,10.791192,1.0,29.553313987574036,30.0,35.0,35.0,36.0,36.0,0
Mbalmayo,BIO_FP_FH__L2A_20251215T050116_20251227T050144_T_G01_M01_C___T004_F004,2025-12-15,15,8,11.436910629272461,3.436570644378662,5.716701507568359,1.0,8649,12.377691268920898,20.042034190188172,20.349924,37.052036,38.76939,41.400093,43.724144,31.40197,1.0,33.80603671153855,34.0,34.05950927734375,36.0,36.0,36.0,0
Mbalmayo,BIO_FP_FH__L2A_20251215T050116_20251227T050144_T_G01_M01_C___T004_F004,2025-12-15,15,9,11.437744140625,3.436570644378662,5.201501369476318,0.9999999929430967,8649,14.38629150390625,21.48734650309094,24.777058,35.117,37.238544,40.05419,43.074684,32.478226,1.0,33.36956782875233,33.0,35.0,35.0,35.0,35.0,0
Mbalmayo,BIO_FP_FH__L2A_20251215T050116_20251227T050144_T_G01_M01_C___T004_F004,2025-12-15,15,10,11.438577651977539,3.436570644378662,9.092970848083496,1.0,8649,11.399800300598145,30.204977408876747,31.512941,37.70271,39.242207,42.063564,44.947166,36.171474,1.0,32.41960633593579,32.0,33.0,34.0,34.0,34.0,0
Mbalmayo,BIO_FP_FH__L2A_20251215T050116_20251227T050144_T_G01_M01_C___T004_F004,2025-12-15,15,11,11.439411163330078,3.436570644378662,12.09717082977295,1.0,8649,10.696000099182129,32.346854811611166,33.780407,42.38486,43.941376,45.820004,47.834732,41.13261,1.0,33.82904233523415,33.0,35.0,36.0,36.0,36.0,0
Mbalmayo,BIO_FP_FH__L2A_20251215T050116_20251227T050144_T_G01_M01_C___T004_F004,2025-12-15,15,12,11.440244674682617,3.436570644378662,14.089971542358398,1.0,8649,11.171600341796875,29.79593603668054,30.163515,39.94089,41.816597,44.79594,47.879684,38.206303,1.0,36.847514283630886,37.0,39.0,39.0,40.0,40.0,0
Mbalmayo,BIO_FP_FH__L2A_20251215T050116_20251227T050144_T_G01_M01_C___T004_F004,2025-12-15,15,13,11.441078186035156,3.436570644378662,16.00657081604004,0.9999999929430967,8649,9.382599830627441,32.04387655034432,32.513153,41.80506,42.847187,44.371086,46.786728,40.302483,1.0,39.5513341138233,40.0,41.0,41.0,42.0,42.0,0
Mbalmayo,BIO_FP_FH__L2A_20251215T050116_20251227T050144_T_G01_M01_C___T004_F004,2025-12-15,15,14,11.441911697387695,3.436570644378662,25.843172073364258,1.0000000211707099,8649,1.5434000492095947,30.46499959892091,34.30257,40.406284,41.527515,43.224915,44.94937,38.92,1.0,37.950767247604354,38.0,39.0,40.0,40.0,40.0,0
Mbalmayo,BIO_FP_FH__L2A_20251215T050116_20251227T050144_T_G01_M01_C___T004_F004,2025-12-15,15,15,11.442745208740234,3.436570644378662,25.080371856689453,1.0,8649,6.451600074768066,33.05015211296104,33.816887,38.194218,39.200165,41.091557,42.946033,37.317257,1.0,36.79088005394946,37.0,37.0,38.0,38.0,38.0,0
Mbalmayo,BIO_FP_FH__L2A_20251215T050116_20251227T050144_T_G01_M01_C___T004_F004,2025-12-15,15,16,11.443578720092773,3.436570644378662,14.351771354675293,1.0,8649,30.124399185180664,27.76768200261591,29.796452,37.974594,39.407963,42.649723,44.384056,36.058163,1.0,36.350012130111004,36.0,37.0,37.0,38.0,38.0,0
Mbalmayo,BIO_FP_FH__L2A_20251215T050116_20251227T050144_T_G01_M01_C___T004_F004,2025-12-15,15,17,11.444412231445312,3.436570644378662,3.623171329498291,1.0,8649,53.797000885009766,30.89911383360793,31.823267,39.712437,40.720886,42.05692,44.137764,38.48975,1.0,34.9148239650014,35.0,36.0,37.0,37.0,37.0,0
Mbalmayo,BIO_FP_FH__L2A_20251215T050116_20251227T050144_T_G01_M01_C___T004_F004,2025-12-15,15,18,11.445245742797852,3.436570644378662,11.515220642089844,1.0,8649,30.526599884033203,29.884858889033413,31.730585,40.172222,41.573933,43.53702,44.78694,37.714058,1.0,34.896602997574206,35.0,36.87414550781247,37.0,37.0,37.0,0
Mbalmayo,BIO_FP_FH__L2A_20251215T050116_20251227T050144_T_G01_M01_C___T004_F004,2025-12-15,15,19,11.44607925415039,3.436570644378662,21.378219604492188,1.0,8649,3.0016000270843506,23.85162934298763,23.920965,32.011837,33.72399,36.124535,40.730854,30.141026,1.0,31.84477776342051,32.0,35.0,35.0,36.0,36.0,0
Mbalmayo,BIO_FP_FH__L2A_20251215T050116_20251227T050144_T_G01_M01_C___T004_F004,2025-12-15,15,20,11.44691276550293,3.436570644378662,22.341421127319336,1.0,8649,0.0,19.69360597142733,19.32113,32.160656,35.204884,40.44324,43.78263,29.30522,1.0,30.8356090152673,31.0,33.0,33.0,33.0,34.0,0
Mbalmayo,BIO_FP_FH__L2A_20251215T050116_20251227T050144_T_G01_M01_C___T004_F004,2025-12-15,15,21,11.447746276855469,3.436570644378662,22.55742073059082,1.0,8649,0.0,19.22896929919644,19.33985,29.145708,30.912174,34.24186,36.379124,26.245323,1.0,33.437213607930985,33.0,35.0,35.0,36.0,37.0,0
Mbalmayo,BIO_FP_FH__L2A_20251215T050116_20251227T050144_T_G01_M01_C___T004_F004,2025-12-15,15,22,11.448579788208008,3.436570644378662,21.548419952392578,1.0,8649,0.0,21.67374321634004,22.512068,33.01426,35.131393,40.204178,41.66868,30.138935,1.0,35.437447458267876,35.29790115356445,36.0,36.40385818481445,37.0,37.0,0
Mbalmayo,BIO_FP_FH__L2A_20251215T050116_20251227T050144_T_G01_M01_C___T004_F004,2025-12-15,15,23,11.449413299560547,3.436570644378662,17.30082130432129,1.0,8649,1.8398000001907349,23.642284106182796,22.777552,39.897743,46.86872,50.2778,52.849865,36.100746,1.0,37.36869752072147,37.0,39.0,39.0,39.0,39.0,0
Mbalmayo,BIO_FP_FH__L2A_20251215T050116_20251227T050144_T_G01_M01_C___T004_F004,2025-12-15,15,24,11.450246810913086,3.436570644378662,9.404220581054688,1.0,8649,9.093199729919434,17.918389905986242,16.879784,30.520586,33.31035,37.43287,41.967663,26.702188,1.0,35.706971964955756,36.0,37.0,38.0,39.0,39.0,0
Mbalmayo,BIO_FP_FH__L2A_20251215T050116_20251227T050144_T_G01_M01_C___T004_F004,2025-12-15,15,25,11.451080322265625,3.436570644378662,7.780620574951172,1.0,8649,14.90820026397705,19.871772341816975,18.277443,35.377823,38.2862,42.72456,44.86688,29.598392,1.0,36.21798546436357,36.0,38.0,38.0,38.0,38.0,0
Mbalmayo,BIO_FP_FH__L2A_20251215T050116_20251227T050144_T_G01_M01_C___T004_F004,2025-12-15,15,26,11.451913833618164,3.436570644378662,5.293542861938477,1.0,8649,26.499399185180664,18.48320411861198,14.474058,35.872463,37.647972,40.25506,42.052948,31.872978,1.0,34.135893521467125,34.0,37.0,37.728607177734375,38.0,38.0,0
Mbalmayo,BIO_FP_FH__L2A_20251215T050116_20251227T050144_T_G01_M01_C___T004_F004,2025-12-15,15,27,11.452747344970703,3.436570644378662,2.8911428451538086,1.0,8649,41.79460144042969,24.21612155758614,24.814657,36.530132,39.52379,41.20668,42.148357,34.33684,1.0,32.71280574831663,33.0,34.0,34.0,35.0,35.0,0
Mbalmayo,BIO_FP_FH__L2A_20251215T050116_20251227T050144_T_G01_M01_C___T004_F004,2025-12-15,15,28,11.453580856323242,3.436570644378662,2.193142890930176,1.0,8649,60.16640090942383,25.261233912518787,25.028574,37.414703,40.38361,44.149437,45.52481,34.451042,1.0,36.07784488504643,36.0,38.0,38.0,38.0,38.0,0
Mbalmayo,BIO_FP_FH__L2A_20251215T050116_20251227T050144_T_G01_M01_C___T004_F004,2025-12-15,15,29,11.454414367675781,3.436570644378662,1.6097428798675537,1.0,8649,77.21880340576172,25.24423953455602,24.717558,37.100063,38.51805,40.382668,43.081005,35.1158,1.0,34.933753073484255,35.0,38.0,38.0,38.0,38.0,0
Mbalmayo,BIO_FP_FH__L2A_20251215T050116_20251227T050144_T_G01_M01_C___T004_F004,2025-12-15,15,30,11.45524787902832,3.436570644378662,1.0627429485321045,1.0,8649,92.45860290527344,22.384657230966006,21.075268,37.16485,39.523663,42.950123,47.37207,32.904728,1.0,33.06167321189151,33.0,35.0,35.0,35.0,36.0,0
Mbalmayo,BIO_FP_FH__L2A_20251215T050116_20251227T050144_T_G01_M01_C___T004_F004,2025-12-15,15,31,11.45608139038086,3.436570644378662,1.0309429168701172,1.0,8649,91.91280364990234,17.13016791139149,15.220276,31.09644,36.19852,40.71796,42.205067,26.257092,1.0,35.664585549289164,36.0,38.0,38.0,38.0,38.0,0
Mbalmayo,BIO_FP_FH__L2A_20251215T050116_20251227T050144_T_G01_M01_C___T004_F004,2025-12-15,15,32,11.456914901733398,3.436570644378662,8.017342567443848,1.0,8649,54.32699966430664,16.720775839331136,13.245462,32.02087,34.483467,37.924984,39.655067,28.611477,1.0,36.1895442896047,36.0,38.0,38.0,38.0,38.0,0
Mbalmayo,BIO_FP_FH__L2A_20251215T050116_20251227T050144_T_G01_M01_C___T004_F004,2025-12-15,15,33,11.457748413085938,3.436570644378662,9.97794246673584,1.0,8649,56.25740051269531,16.29679076880275,13.50043,29.78501,35.27015,39.694344,40.68651,25.795406,1.0,32.80385501983745,33.0,34.0,35.0,35.0,35.0,0
Mbalmayo,BIO_FP_FH__L2A_20251215T050116_20251227T050144_T_G01_M01_C___T004_F004,2025-12-15,15,34,11.458581924438477,3.436570644378662,4.027599811553955,1.0,8649,89.65460205078125,16.29910272321945,14.842521,27.053589,30.087105,38.461075,42.864796,23.541836,1.0,33.1782098808293,33.0,35.0,35.0,36.0,37.0,0
Mbalmayo,BIO_FP_FH__L2A_20251215T050116_20251227T050144_T_G01_M01_C___T004_F004,2025-12-15,15,35,11.459415435791016,3.436570644378662,1.5277999639511108,1.0,8649,100.0,14.19855822385536,10.389117,30.573175,35.033005,41.13119,43.03004,24.809145,1.0,36.666473168143646,36.93395233154297,39.26976013183594,40.0,40.0,40.0,0
Mbalmayo,BIO_FP_FH__L2A_20251215T050116_20251227T050144_T_G01_M01_C___T004_F004,2025-12-15,15,36,11.460248947143555,3.436570644378662,1.4110000133514404,1.0,8649,100.0,16.00829011121228,13.078377,33.801876,37.455933,41.064465,43.410988,26.825388,1.0,37.29871293737346,38.0,39.756587982177734,40.0,40.0,40.0,0
Mbalmayo,BIO_FP_FH__L2A_20251215T050116_20251227T050144_T_G01_M01_C___T004_F004,2025-12-15,15,37,11.461082458496094,3.436570644378662,1.4010000228881836,1.0,8649,94.44819641113281,14.98257046515493,11.68285,33.66466,38.38802,42.109795,43.97313,26.151442,1.0,35.711673830076236,36.0,37.0,38.0,39.0,39.0,0
Mbalmayo,BIO_FP_FH__L2A_20251215T050116_20251227T050144_T_G01_M01_C___T004_F004,2025-12-15,15,38,11.461915969848633,3.436570644378662,1.4648000001907349,1.0,8649,85.75080108642578,20.528646962437854,20.962074,31.284878,35.512714,40.50035,43.740807,28.830097,1.0,32.528017798273915,33.0,34.0,35.0,35.0,35.0,0
Mbalmayo,BIO_FP_FH__L2A_20251215T050116_20251227T050144_T_G01_M01_C___T004_F004,2025-12-15,15,39,11.462749481201172,3.436570644378662,1.4817999601364136,1.0,8649,79.99440002441406,13.1792141793849,9.77984,29.992672,33.757023,37.72286,39.04908,24.37157,1.0,29.96955943871184,30.0,31.0,31.0,32.0,32.0,0
Mbalmayo,BIO_FP_FH__L2A_20251215T050116_20251227T050144_T_G01_M01_C___T004_F004,2025-12-15,15,40,11.463582992553711,3.436570644378662,1.306399941444397,1.0,8649,83.42340087890625,14.086034828809689,13.386486,29.42152,31.826082,33.808857,41.53217,24.51957,1.0,30.156729330450336,30.0,31.0,32.0,32.0,32.0,0
Mbalmayo,BIO_FP_FH__L2A_20251215T050116_20251227T050144_T_G01_M01_C___T004_F004,2025-12-15,15,41,11.46441650390625,3.436570644378662,1.1634000539779663,1.0,8649,78.8666000366211,17.736534751127298,17.79745,30.408222,33.27914,40.405594,44.49456,27.00089,1.0,33.20779320280984,33.0,34.81477737426758,35.0,35.0,35.0,0
Mbalmayo,BIO_FP_FH__L2A_20251215T050116_20251227T050144_T_G01_M01_C___T004_F004,2025-12-15,16,4,11.433576583862305,3.435737133026123,17.56850242614746,1.0,8649,2.534891366958618,7.6469823100936525,5.3913255,15.982153,18.322273,24.098892,26.767345,13.896173,1.0,21.064343625899063,20.0,24.0,24.0,25.0,26.0,0
Mbalmayo,BIO_FP_FH__L2A_20251215T050116_20251227T050144_T_G01_M01_C___T004_F004,2025-12-15,16,5,11.434410095214844,3.435737133026123,10.686701774597168,1.0,8649,5.370291233062744,5.886190667815644,3.4267936,15.374978,22.388014,29.03757,32.840584,11.420596,1.0,21.562320414602805,21.0,26.0,29.0,32.0,32.0,0
Mbalmayo,BIO_FP_FH__L2A_20251215T050116_20251227T050144_T_G01_M01_C___T004_F004,2025-12-15,16,6,11.435243606567383,3.435737133026123,7.017701625823975,1.0,8649,6.803091526031494,14.158897185548907,8.174193,34.489307,37.07819,40.371284,43.314617,31.526598,1.0,29.709870773872925,30.0,35.0,36.0,36.0,36.0,0
Mbalmayo,BIO_FP_FH__L2A_20251215T050116_20251227T050144_T_G01_M01_C___T004_F004,2025-12-15,16,7,11.436077117919922,3.435737133026123,6.230901718139648,1.0,8649,10.028891563415527,15.42862173824286,13.585772,32.899918,35.258118,37.12599,39.178608,29.77546,1.0,34.17924982490588,34.0,36.0,36.0,37.0,37.0,0
Mbalmayo,BIO_FP_FH__L2A_20251215T050116_20251227T050144_T_G01_M01_C___T004_F004,2025-12-15,16,8,11.436910629272461,3.435737133026123,5.245101451873779,1.0,8649,15.56649112701416,12.406074650067927,5.986082,33.650837,36.877373,39.508537,42.417973,22.989132,1.0,32.99494602584001,33.0,34.0,34.0,34.0,35.0,0
Mbalmayo,BIO_FP_FH__L2A_20251215T050116_20251227T050144_T_G01_M01_C___T004_F004,2025-12-15,16,9,11.437744140625,3.435737133026123,4.137701511383057,1.0,8649,24.402490615844727,20.209307298892934,23.955662,35.68339,37.46829,39.41008,41.59369,31.188654,1.0,32.882645503897685,33.0,33.0,34.0,34.0,35.0,0
Mbalmayo,BIO_FP_FH__L2A_20251215T050116_20251227T050144_T_G01_M01_C___T004_F004,2025-12-15,16,10,11.438577651977539,3.435737133026123,4.203771114349365,1.0,8649,26.178199768066406,28.250607909873974,27.8145,37.658146,38.93673,40.69045,43.358765,35.55127,1.0,33.108257872808295,33.0,34.0,35.0,35.0,35.0,0
Mbalmayo,BIO_FP_FH__L2A_20251215T050116_20251227T050144_T_G01_M01_C___T004_F004,2025-12-15,16,11,11.439411163330078,3.435737133026123,18.90937042236328,1.0,8649,10.433799743652344,32.751555680208696,35.90949,41.937767,42.82123,44.138496,47.73725,40.77699,1.0,34.98794249218039,35.0,36.0,36.0,37.0,37.0,0
Mbalmayo,BIO_FP_FH__L2A_20251215T050116_20251227T050144_T_G01_M01_C___T004_F004,2025-12-15,16,12,11.440244674682617,3.435737133026123,27.0639705657959,1.0,8649,2.7151999473571777,33.048592142155165,34.234272,41.017323,42.632656,44.410942,47.360382,39.704655,1.0,36.93649346418554,37.0,38.0,39.0,39.0,39.0,0
Mbalmayo,BIO_FP_FH__L2A_20251215T050116_20251227T050144_T_G01_M01_C___T004_F004,2025-12-15,16,13,11.441078186035156,3.435737133026123,28.706571578979492,1.0,8649,1.100600004196167,30.573718556697305,32.186172,41.197716,42.86037,44.618324,46.932545,39.79711,1.0,38.0151318186128,38.0,40.0,40.0,40.0,40.0,0
Mbalmayo,BIO_FP_FH__L2A_20251215T050116_20251227T050144_T_G01_M01_C___T004_F004,2025-12-15,16,14,11.441911697387695,3.435737133026123,27.844770431518555,1.0,8649,1.1311999559402466,35.01656260839403,37.352,43.03646,44.641052,46.853252,51.553596,42.100407,1.0,37.15783865447126,37.0,38.0,39.0,39.0,39.0,0
Mbalmayo,BIO_FP_FH__L2A_20251215T050116_20251227T050144_T_G01_M01_C___T004_F004,2025-12-15,16,15,11.442745208740234,3.435737133026123,26.419170379638672,1.0,8649,5.537399768829346,30.6855249703723,32.363487,39.144005,40.8727,43.929684,47.041397,37.275475,1.0,36.82471690606294,37.0,38.0,39.0,39.0,39.0,0
Mbalmayo,BIO_FP_FH__L2A_20251215T050116_20251227T050144_T_G01_M01_C___T004_F004,2025-12-15,16,16,11.443578720092773,3.435737133026123,20.461570739746094,1.0,8649,19.365400314331055,26.467192739044975,27.071098,36.29509,39.931313,43.158566,45.81878,33.95377,1.0,37.55376743727274,38.0,39.0,39.0,39.0,39.0,0
Mbalmayo,BIO_FP_FH__L2A_20251215T050116_20251227T050144_T_G01_M01_C___T004_F004,2025-12-15,16,17,11.444412231445312,3.435737133026123,14.666171073913574,1.0,8649,32.69060134887695,30.698450055642272,31.42356,40.25074,41.946877,44.38842,47.61496,38.884167,1.0,36.722089908814645,37.0,38.0,38.0,38.0,38.0,0
Mbalmayo,BIO_FP_FH__L2A_20251215T050116_20251227T050144_T_G01_M01_C___T004_F004,2025-12-15,16,18,11.445245742797852,3.435737133026123,15.22562026977539,1.0,8649,26.312599182128906,25.851723284483754,26.857876,36.953487,38.517815,40.7594,42.194252,35.10363,1.0,36.24425477305648,36.0,37.0,38.0,38.0,38.0,0
Mbalmayo,BIO_FP_FH__L2A_20251215T050116_20251227T050144_T_G01_M01_C___T004_F004,2025-12-15,16,19,11.44607925415039,3.435737133026123,21.16162109375,1.0,8649,7.713200092315674,30.3189415412909,31.754868,39.3599,40.665104,43.258236,46.365368,36.878017,1.0,35.182433158459034,35.0,36.0,37.0,38.0,38.0,0
Mbalmayo,BIO_FP_FH__L2A_20251215T050116_20251227T050144_T_G01_M01_C___T004_F004,2025-12-15,16,20,11.44691276550293,3.435737133026123,23.699420928955078,1.0,8649,0.0,26.64139911405943,28.000357,35.74773,37.242973,39.966713,42.99927,34.320698,1.0,32.10309866765067,32.0,34.0,35.0,35.0,35.0,0
Mbalmayo,BIO_FP_FH__L2A_20251215T050116_20251227T050144_T_G01_M01_C___T004_F004,2025-12-15,16,21,11.447746276855469,3.435737133026123,23.38521957397461,1.0,8649,0.0,20.61413372391317,19.931961,32.50784,34.33451,36.493538,39.09058,30.17406,1.0,31.51768494203664,31.980024337768555,33.0,33.0,33.0,35.0,0
Mbalmayo,BIO_FP_FH__L2A_20251215T050116_20251227T050144_T_G01_M01_C___T004_F004,2025-12-15,16,22,11.448579788208008,3.435737133026123,22.260820388793945,0.9994754039258512,8647,0.5961999893188477,23.190836676166054,24.461864,32.495296,34.89516,39.098495,40.964626,30.83387,1.0,33.52903518209238,34.0,35.0,35.0,35.0,36.0,0
Mbalmayo,BIO_FP_FH__L2A_20251215T050116_20251227T050144_T_G01_M01_C___T004_F004,2025-12-15,16,23,11.449413299560547,3.435737133026123,15.214420318603516,0.9670894259813273,8403,6.655799865722656,23.15145285502179,22.067926,38.370754,42.62425,49.43147,51.251556,35.48268,0.9747186664391534,34.52303406099456,34.04961395263672,36.0,36.0,38.0,38.0,0
Mbalmayo,BIO_FP_FH__L2A_20251215T050116_20251227T050144_T_G01_M01_C___T004_F004,2025-12-15,16,24,11.450246810913086,3.435737133026123,8.548820495605469,0.9674281432237469,8394,12.180399894714355,18.80688758814362,18.062555,31.694782,33.25576,37.650867,44.035828,29.85603,1.0,34.296645599040616,35.0,35.0,35.0,36.0,37.0,0
Mbalmayo,BIO_FP_FH__L2A_20251215T050116_20251227T050144_T_G01_M01_C___T004_F004,2025-12-15,16,25,11.451080322265625,3.435737133026123,3.210820436477661,1.0,8649,42.88800048828125,21.19666290900682,20.566753,33.008377,35.855167,41.134903,42.740376,29.703497,1.0,35.726591732780676,36.0,37.0,37.0,37.0,37.0,0
Mbalmayo,BIO_FP_FH__L2A_20251215T050116_20251227T050144_T_G01_M01_C___T004_F004,2025-12-15,16,26,11.451913833618164,3.435737133026123,2.2963428497314453,1.0,8649,58.565399169921875,21.54188887443635,20.438147,34.74914,37.868263,45.113167,48.120792,31.68721,1.0,35.376574940261904,35.0,36.0,36.0,37.0,37.0,0
Mbalmayo,BIO_FP_FH__L2A_20251215T050116_20251227T050144_T_G01_M01_C___T004_F004,2025-12-15,16,27,11.452747344970703,3.435737133026123,2.5311429500579834,1.0,8649,54.06439971923828,28.232984846514046,31.210918,38.902042,41.269127,46.057377,48.873863,37.05139,1.0,33.89491652648481,34.0,36.0,36.0,37.0,37.0,0
Mbalmayo,BIO_FP_FH__L2A_20251215T050116_20251227T050144_T_G01_M01_C___T004_F004,2025-12-15,16,28,11.453580856323242,3.435737133026123,1.895142912864685,1.0,8649,72.06179809570312,30.19782769323043,33.57094,39.626743,40.42176,42.185555,43.207603,38.69404,1.0,35.19512483092013,35.0,36.0,36.0,36.0,36.0,0
Mbalmayo,BIO_FP_FH__L2A_20251215T050116_20251227T050144_T_G01_M01_C___T004_F004,2025-12-15,16,29,11.454414367675781,3.435737133026123,1.3947429656982422,1.0,8649,89.24120330810547,25.55168656600474,25.77328,37.568832,39.337532,41.190407,44.85288,35.71541,1.0,36.19487717683942,36.0,38.0,38.0,39.0,39.0,0
Mbalmayo,BIO_FP_FH__L2A_20251215T050116_20251227T050144_T_G01_M01_C___T004_F004,2025-12-15,16,30,11.45524787902832,3.435737133026123,1.16234290599823,1.0,8649,95.12239837646484,21.901340427722857,22.400679,35.380238,39.0251,41.321903,43.48861,31.639368,1.0,36.24176696766759,36.0,37.0,38.0,38.0,38.0,0
Mbalmayo,BIO_FP_FH__L2A_20251215T050116_20251227T050144_T_G01_M01_C___T004_F004,2025-12-15,16,31,11.45608139038086,3.435737133026123,1.634942889213562,1.0,8649,79.11299896240234,17.447985767863337,16.883623,30.204687,31.889372,39.02294,41.8107,27.832397,1.0,36.106035277752234,36.0,37.0,37.0,38.0,38.0,0
Mbalmayo,BIO_FP_FH__L2A_20251215T050116_20251227T050144_T_G01_M01_C___T004_F004,2025-12-15,16,32,11.456914901733398,3.435737133026123,2.056342840194702,1.0,8649,67.37460327148438,11.814223690961382,10.097973,23.374582,29.629576,34.441223,36.613174,18.855543,1.0,34.32313630307723,34.0,36.0,36.0,37.0,38.0,0
Mbalmayo,BIO_FP_FH__L2A_20251215T050116_20251227T050144_T_G01_M01_C___T004_F004,2025-12-15,16,33,11.457748413085938,3.435737133026123,2.2263429164886475,1.0,8649,74.26580047607422,10.02113186856862,8.803742,21.33464,26.46861,30.746342,40.148846,17.334017,1.0,30.847799048642642,31.0,33.0,33.0,34.0,35.0,0
Mbalmayo,BIO_FP_FH__L2A_20251215T050116_20251227T050144_T_G01_M01_C___T004_F004,2025-12-15,16,34,11.458581924438477,3.435737133026123,2.3896000385284424,1.0,8649,79.43460083007812,14.666730799803446,11.710974,31.761955,35.629528,38.28434,41.88025,26.220526,1.0,32.35492537704999,33.0,34.0,34.0,35.0,35.0,0
Mbalmayo,BIO_FP_FH__L2A_20251215T050116_20251227T050144_T_G01_M01_C___T004_F004,2025-12-15,16,35,11.459415435791016,3.435737133026123,2.5055999755859375,1.0,8649,70.43800354003906,14.308360251185109,12.048326,28.559313,31.79565,35.230373,40.606846,23.944921,1.0,34.82538693256358,35.0,36.0,36.0,36.0,36.0,0
Mbalmayo,BIO_FP_FH__L2A_20251215T050116_20251227T050144_T_G01_M01_C___T004_F004,2025-12-15,16,36,11.460248947143555,3.435737133026123,2.6368000507354736,1.0,8649,61.44139862060547,14.277702805237599,11.635636,30.038637,35.247154,37.750587,39.9175,24.82343,1.0,32.975848548907685,33.0,34.4387092590332,35.0,35.0,35.0,0
Mbalmayo,BIO_FP_FH__L2A_20251215T050116_20251227T050144_T_G01_M01_C___T004_F004,2025-12-15,16,37,11.461082458496094,3.435737133026123,2.671799898147583,1.0,8649,53.19260025024414,14.946593356168343,12.557463,32.552113,34.81427,37.4569,40.605816,26.174337,1.0,34.41953387940215,34.0,36.0,36.0,37.0,37.0,0
Mbalmayo,BIO_FP_FH__L2A_20251215T050116_20251227T050144_T_G01_M01_C___T004_F004,2025-12-15,16,38,11.461915969848633,3.435737133026123,2.6591999530792236,1.0,8649,45.313201904296875,25.988043686408833,28.529842,36.802063,38.388317,40.953556,42.714283,33.564354,1.0,33.8129971198008,34.0,35.0,35.0,35.0,35.0,0
Mbalmayo,BIO_FP_FH__L2A_20251215T050116_20251227T050144_T_G01_M01_C___T004_F004,2025-12-15,16,39,11.462749481201172,3.435737133026123,2.6947999000549316,1.0,8649,38.35960006713867,19.654656156058504,22.640802,34.886124,39.031864,42.440018,44.04333,32.12005,1.0,30.99358143047289,31.0,33.06642150878906,34.0,34.0,34.0,0
Mbalmayo,BIO_FP_FH__L2A_20251215T050116_20251227T050144_T_G01_M01_C___T004_F004,2025-12-15,16,40,11.463582992553711,3.435737133026123,2.5037999153137207,1.0,8649,45.625999450683594,16.592985370418546,20.181837,31.391808,33.352562,35.755203,38.035812,26.57107,1.0,29.703334475572515,29.74854278564453,31.0,31.0,32.0,32.0,0
Mbalmayo,BIO_FP_FH__L2A_20251215T050116_20251227T050144_T_G01_M01_C___T004_F004,2025-12-15,16,41,11.46441650390625,3.435737133026123,2.3125998973846436,1.0,8649,52.892398834228516,20.665854388874436,22.345955,31.509773,33.47157,37.690056,40.301502,29.45604,1.0,31.849411445182795,32.0,33.0,33.0,34.0,34.0,0
Mbalmayo,BIO_FP_FH__L2A_20251215T050116_20251227T050144_T_G01_M01_C___T004_F004,2025-12-15,16,42,11.465250015258789,3.435737133026123,4.326000213623047,1.0,8649,24.929399490356445,23.85825537995722,25.377724,33.137096,34.644463,36.072193,38.795612,31.078959,1.0,34.53014568902672,35.0,36.0,36.0,36.0,36.0,0
Mbalmayo,BIO_FP_FH__L2A_20251215T050116_20251227T050144_T_G01_M01_C___T004_F004,2025-12-15,17,3,11.432743072509766,3.434903621673584,23.72745132446289,1.0,8649,1.729200005531311,6.916925005781015,4.652214,15.93109,20.169535,29.242426,31.530596,12.020362,1.0,24.420098829936506,24.0,26.0,27.418848037719727,28.0,28.0,0
Mbalmayo,BIO_FP_FH__L2A_20251215T050116_20251227T050144_T_G01_M01_C___T004_F004,2025-12-15,17,4,11.433576583862305,3.434903621673584,17.145450592041016,1.0,8649,5.742400169372559,7.546476087372818,4.6071844,19.528313,22.896177,26.701864,31.438337,13.391758,1.0,25.630950288643575,25.0,29.0,30.0,32.0,32.0,0
Mbalmayo,BIO_FP_FH__L2A_20251215T050116_20251227T050144_T_G01_M01_C___T004_F004,2025-12-15,17,5,11.434410095214844,3.434903621673584,10.0218505859375,1.0,8649,10.509599685668945,14.234741507327437,13.949517,27.136381,29.983046,33.472435,41.001736,23.543575,1.0,30.25439370581285,31.0,32.0,33.0,33.0,34.0,0
Mbalmayo,BIO_FP_FH__L2A_20251215T050116_20251227T050144_T_G01_M01_C___T004_F004,2025-12-15,17,6,11.435243606567383,3.434903621673584,5.461050510406494,1.0,8649,12.331600189208984,29.50035950687941,29.526112,38.927494,40.89426,47.760483,50.471325,37.046646,1.0,35.00787316246355,35.0,36.0,36.0,36.0,36.0,0
Mbalmayo,BIO_FP_FH__L2A_20251215T050116_20251227T050144_T_G01_M01_C___T004_F004,2025-12-15,17,7,11.436077117919922,3.434903621673584,5.496650695800781,1.0,8649,12.14739990234375,19.405626056841832,19.96384,35.27043,38.533897,42.23344,43.426506,33.51198,1.0,34.8647322604554,35.0,36.0,37.0,37.0,37.0,0
Mbalmayo,BIO_FP_FH__L2A_20251215T050116_20251227T050144_T_G01_M01_C___T004_F004,2025-12-15,17,8,11.436910629272461,3.434903621673584,5.20305061340332,1.0,8649,14.105199813842773,9.404869330992023,3.5435684,35.454666,40.827705,43.81178,44.61628,19.677984,1.0,34.67566869217256,34.0,37.0,37.0,37.0,37.0,0
Mbalmayo,BIO_FP_FH__L2A_20251215T050116_20251227T050144_T_G01_M01_C___T004_F004,2025-12-15,17,9,11.437744140625,3.434903621673584,6.341250419616699,1.0,8649,20.73979949951172,31.79600175056365,35.795246,41.603886,42.563538,43.75565,46.13223,39.28491,1.0,33.590432334103355,33.0662727355957,35.0,36.0,37.0,37.0,0
Mbalmayo,BIO_FP_FH__L2A_20251215T050116_20251227T050144_T_G01_M01_C___T004_F004,2025-12-15,17,10,11.438577651977539,3.434903621673584,8.263842582702637,1.0,8649,26.605281829833984,26.41558295214765,27.94866,35.53736,36.759274,38.613586,40.90113,34.333775,1.0,31.931546162175145,32.0,33.0,34.0,35.0,35.0,0
Mbalmayo,BIO_FP_FH__L2A_20251215T050116_20251227T050144_T_G01_M01_C___T004_F004,2025-12-15,17,11,11.439411163330078,3.434903621673584,14.510842323303223,1.0,8649,19.003280639648438,33.5338668126373,34.578785,40.47212,41.28931,42.3668,43.655464,39.640278,1.0,33.64220140501038,33.0,36.0,36.0,37.0,37.0,0
Mbalmayo,BIO_FP_FH__L2A_20251215T050116_20251227T050144_T_G01_M01_C___T004_F004,2025-12-15,17,12,11.440244674682617,3.434903621673584,29.316442489624023,1.0,8649,1.0828810930252075,30.129969414816742,30.654144,41.116104,42.763474,45.71133,49.220745,40.00555,1.0,38.56840745632821,39.0,41.0,41.0,41.0,41.0,0
Mbalmayo,BIO_FP_FH__L2A_20251215T050116_20251227T050144_T_G01_M01_C___T004_F004,2025-12-15,17,13,11.441078186035156,3.434903621673584,28.368642807006836,1.0,8649,1.1170810461044312,29.17875553712857,29.204292,39.000103,40.65504,43.749577,46.340767,38.022377,1.0,39.246947779078226,39.418846130371094,40.28483581542969,41.0,41.0,41.0,0
Mbalmayo,BIO_FP_FH__L2A_20251215T050116_20251227T050144_T_G01_M01_C___T004_F004,2025-12-15,17,14,11.441911697387695,3.434903621673584,29.05244255065918,1.0,8649,1.07728111743927,27.96690504321309,28.682081,41.010372,42.74082,45.55489,50.454952,39.622723,1.0,35.61346861386881,36.0,37.0,37.6689453125,38.0,38.0,0
Mbalmayo,BIO_FP_FH__L2A_20251215T050116_20251227T050144_T_G01_M01_C___T004_F004,2025-12-15,17,15,11.442745208740234,3.434903621673584,29.80564308166504,1.0,8649,1.0458811521530151,23.91018221940398,24.06872,35.904465,38.684555,42.143475,43.67814,33.754974,1.0,36.55107146205896,36.0,38.0,39.0,39.0,39.0,0
Mbalmayo,BIO_FP_FH__L2A_20251215T050116_20251227T050144_T_G01_M01_C___T004_F004,2025-12-15,17,16,11.443578720092773,3.434903621673584,30.3542423248291,1.0,8649,1.032481074333191,26.130527192449993,26.873844,39.16532,41.640446,44.375805,46.04342,37.049274,1.0,37.986058386781615,38.0,39.0,39.0,40.0,40.0,0
Mbalmayo,BIO_FP_FH__L2A_20251215T050116_20251227T050144_T_G01_M01_C___T004_F004,2025-12-15,17,17,11.444412231445312,3.434903621673584,28.74264144897461,1.0,8649,4.914481163024902,26.806146528861717,28.275223,38.816242,40.13327,41.804314,43.96282,36.733974,1.0,38.1293377130345,38.0,39.0,39.0,40.0,40.0,0
Mbalmayo,BIO_FP_FH__L2A_20251215T050116_20251227T050144_T_G01_M01_C___T004_F004,2025-12-15,17,18,11.445245742797852,3.434903621673584,28.243824005126953,1.0,8649,0.567799985408783,29.243298087206615,30.498335,38.638985,40.228138,42.12618,43.99215,37.441936,1.0,37.391983674404756,37.0,39.0,39.0,39.0,39.0,0
Mbalmayo,BIO_FP_FH__L2A_20251215T050116_20251227T050144_T_G01_M01_C___T004_F004,2025-12-15,17,19,11.44607925415039,3.434903621673584,25.674625396728516,1.0,8649,0.19480000436306,31.877599650248584,32.996815,39.79872,41.221115,43.409428,45.671272,38.1522,1.0,36.83447811829312,37.0,38.0,38.0,38.0,38.0,0
Mbalmayo,BIO_FP_FH__L2A_20251215T050116_20251227T050144_T_G01_M01_C___T004_F004,2025-12-15,17,20,11.44691276550293,3.434903621673584,24.994625091552734,0.986080131305823,8551,0.2824000120162964,23.556511991201944,26.634203,35.159386,36.470253,39.808304,42.383812,33.079636,0.8587383495057741,35.15111850453419,35.0,37.0,38.0,38.0,38.0,0
Mbalmayo,BIO_FP_FH__L2A_20251215T050116_20251227T050144_T_G01_M01_C___T004_F004,2025-12-15,17,26,11.451913833618164,3.434903621673584,1.5707656145095825,0.9965338749421898,8626,79.79749298095703,25.010619906597395,26.983953,39.54284,41.120167,43.525238,45.33985,35.92666,0.9695652363196675,33.23914130934219,33.0,34.0,34.0,35.0,36.0,0
Mbalmayo,BIO_FP_FH__L2A_20251215T050116_20251227T050144_T_G01_M01_C___T004_F004,2025-12-15,17,27,11.452747344970703,3.434903621673584,2.1627655029296875,0.997873077586643,8641,66.5346908569336,17.255605343618015,15.112995,35.61408,38.635223,41.486965,43.491333,29.739416,1.0,33.70368873873175,34.0,35.0,35.0,36.0,36.0,0
Mbalmayo,BIO_FP_FH__L2A_20251215T050116_20251227T050144_T_G01_M01_C___T004_F004,2025-12-15,17,28,11.453580856323242,3.434903621673584,1.6093655824661255,1.0,8649,83.01649475097656,20.60738122723725,22.255194,34.596348,37.86032,41.448933,43.68101,32.074608,1.0,34.152351194812404,34.0,37.0,37.0,37.0,37.0,0
Mbalmayo,BIO_FP_FH__L2A_20251215T050116_20251227T050144_T_G01_M01_C___T004_F004,2025-12-15,17,29,11.454414367675781,3.434903621673584,1.0471655130386353,1.0,8649,99.63948822021484,21.66705530444271,22.18416,33.930817,37.452892,40.813034,43.3964,30.44623,1.0,36.759790090401474,37.0,38.0,38.0,38.0,39.0,0
Mbalmayo,BIO_FP_FH__L2A_20251215T050116_20251227T050144_T_G01_M01_C___T004_F004,2025-12-15,17,30,11.45524787902832,3.434903621673584,1.8175655603408813,1.0,8649,74.3368911743164,19.903797810801827,20.76441,33.44139,35.033344,36.625416,43.565292,30.677816,1.0,37.273134522003055,37.0,38.0,38.0,38.0,38.0,0
Mbalmayo,BIO_FP_FH__L2A_20251215T050116_20251227T050144_T_G01_M01_C___T004_F004,2025-12-15,17,31,11.45608139038086,3.434903621673584,2.307565450668335,1.0,8649,55.6050910949707,17.352346324358308,16.546316,30.258928,32.75553,42.026585,45.19098,27.120466,1.0,35.49436541515522,36.0,37.0,37.0,37.0,38.0,0
Mbalmayo,BIO_FP_FH__L2A_20251215T050116_20251227T050144_T_G01_M01_C___T004_F004,2025-12-15,17,32,11.456914901733398,3.434903621673584,3.36456561088562,1.0,8649,39.77149200439453,13.059434481226154,9.773984,31.095003,34.729908,39.01161,40.482178,22.59783,1.0,34.59794078786768,35.0,35.0,36.0,37.0,37.0,0
Mbalmayo,BIO_FP_FH__L2A_20251215T050116_20251227T050144_T_G01_M01_C___T004_F004,2025-12-15,17,33,11.457748413085938,3.434903621673584,3.561565637588501,1.0,8649,34.317291259765625,11.886484573722395,9.243439,26.194128,32.44908,37.148323,39.384007,22.937681,1.0,33.43426478806362,34.0,36.0,37.0,37.0,37.0,0
Mbalmayo,BIO_FP_FH__L2A_20251215T050116_20251227T050144_T_G01_M01_C___T004_F004,2025-12-15,17,34,11.458581924438477,3.434903621673584,3.743306875228882,1.0,8649,35.864200592041016,12.01768968052665,9.570573,25.13488,26.792816,31.579649,36.365047,21.318148,1.0,33.330638456350115,34.0,35.0,35.0,36.0,36.0,0
Mbalmayo,BIO_FP_FH__L2A_20251215T050116_20251227T050144_T_G01_M01_C___T004_F004,2025-12-15,17,35,11.459415435791016,3.434903621673584,3.8577067852020264,1.0,8649,28.62660026550293,13.306515294398196,11.172458,27.287443,30.362295,36.07211,38.651745,22.068754,1.0,33.014718564593984,33.0,34.0,35.0,36.0,36.0,0
Mbalmayo,BIO_FP_FH__L2A_20251215T050116_20251227T050144_T_G01_M01_C___T004_F004,2025-12-15,17,36,11.460248947143555,3.434903621673584,3.965106964111328,1.0,8649,19.62980079650879,10.768295783833391,6.43642,26.438696,29.778332,39.003872,41.551563,19.075546,1.0,32.27909483718299,32.0,33.0,33.0,34.0,34.0,0
Mbalmayo,BIO_FP_FH__L2A_20251215T050116_20251227T050144_T_G01_M01_C___T004_F004,2025-12-15,17,37,11.461082458496094,3.434903621673584,5.0965070724487305,1.0,8649,14.972000122070312,15.235253217496242,14.104702,29.909176,34.252453,44.42425,47.13363,26.942753,1.0,32.51274106174222,32.0,34.0,34.0,34.0,34.0,0
Mbalmayo,BIO_FP_FH__L2A_20251215T050116_20251227T050144_T_G01_M01_C___T004_F004,2025-12-15,17,38,11.461915969848633,3.434903621673584,7.131906986236572,1.0,8649,14.298199653625488,23.611755603971556,25.257896,32.436436,34.554028,38.57396,42.431282,29.9838,1.0,33.09263848040004,33.0,34.0,34.576351165771484,35.0,35.0,0
Mbalmayo,BIO_FP_FH__L2A_20251215T050116_20251227T050144_T_G01_M01_C___T004_F004,2025-12-15,17,39,11.462749481201172,3.434903621673584,9.151906967163086,1.0,8649,13.59000015258789,18.66584648514279,17.90081,31.94717,36.280468,41.181564,43.24622,27.898773,1.0,32.39597833880194,33.0,34.0,34.0,35.0,35.0,0
Mbalmayo,BIO_FP_FH__L2A_20251215T050116_20251227T050144_T_G01_M01_C___T004_F004,2025-12-15,17,40,11.463582992553711,3.434903621673584,10.541306495666504,1.0,8649,13.265000343322754,21.72938390637646,24.287645,33.750996,35.770317,37.859016,39.986378,31.475048,1.0,30.133157632849592,30.0,31.581151962280273,32.0,32.0,33.0,0
Mbalmayo,BIO_FP_FH__L2A_20251215T050116_20251227T050144_T_G01_M01_C___T004_F004,2025-12-15,17,41,11.46441650390625,3.434903621673584,12.284506797790527,1.0,8649,23.159799575805664,22.86997142010637,24.652386,31.1258,32.550064,36.232075,37.67163,29.681345,1.0,30.591160104376467,31.0,32.0,32.0,32.0,33.0,0
Mbalmayo,BIO_FP_FH__L2A_20251215T050116_20251227T050144_T_G01_M01_C___T004_F004,2025-12-15,17,42,11.465250015258789,3.434903621673584,1.3331999778747559,1.0,8649,81.32939910888672,21.16520447631229,21.383324,30.726637,32.419876,34.339767,36.14438,28.304821,1.0,33.59593475241236,34.0,35.0,36.0,36.0,36.0,0
Mbalmayo,BIO_FP_FH__L2A_20251215T050116_20251227T050144_T_G01_M01_C___T004_F004,2025-12-15,18,2,11.431909561157227,3.434070110321045,20.507051467895508,0.9560724850100084,8303,17.145999908447266,6.229018918728485,3.5433044,15.731479,17.803507,21.59275,26.845072,13.424411,1.0,24.529327958233026,25.0,26.0,26.0,26.0,26.0,0
Mbalmayo,BIO_FP_FH__L2A_20251215T050116_20251227T050144_T_G01_M01_C___T004_F004,2025-12-15,18,3,11.432743072509766,3.434070110321045,21.38625144958496,1.0,8649,6.511000156402588,5.809107944198751,3.8709157,13.154271,14.827057,20.366072,22.99034,11.655091,1.0,25.34723343123093,25.0,28.0,28.0,28.860881805419922,30.0,0
Mbalmayo,BIO_FP_FH__L2A_20251215T050116_20251227T050144_T_G01_M01_C___T004_F004,2025-12-15,18,4,11.433576583862305,3.434070110321045,17.845849990844727,1.0,8649,3.942199945449829,12.752506386215169,11.626707,25.468374,28.27429,31.648075,33.953163,21.66871,1.0,31.53585504484888,31.0,34.0,35.0,35.0,35.0,0
Mbalmayo,BIO_FP_FH__L2A_20251215T050116_20251227T050144_T_G01_M01_C___T004_F004,2025-12-15,18,5,11.434410095214844,3.434070110321045,12.027050971984863,1.0,8649,8.531000137329102,21.015323867824314,22.981754,31.413467,33.46759,37.305054,40.453293,30.381662,1.0,34.71845914179334,35.0,36.0,36.91889190673828,37.0,37.0,0
Mbalmayo,BIO_FP_FH__L2A_20251215T050116_20251227T050144_T_G01_M01_C___T004_F004,2025-12-15,18,6,11.435243606567383,3.434070110321045,6.7734503746032715,1.0,8649,12.076199531555176,23.618565684978034,24.389128,32.566406,34.753857,40.44285,49.21628,31.26281,1.0,35.5844944788412,35.48508071899414,37.0,37.0,37.0,38.0,0
Mbalmayo,BIO_FP_FH__L2A_20251215T050116_20251227T050144_T_G01_M01_C___T004_F004,2025-12-15,18,7,11.436077117919922,3.434070110321045,5.2012505531311035,1.0,8649,11.320799827575684,19.626997611718117,20.807432,33.609318,35.364338,38.45028,41.10973,32.302437,1.0,36.029447103238596,36.0,37.0,37.51491928100586,38.0,38.0,0
Mbalmayo,BIO_FP_FH__L2A_20251215T050116_20251227T050144_T_G01_M01_C___T004_F004,2025-12-15,18,8,11.436910629272461,3.434070110321045,5.609050750732422,1.0,8649,9.260199546813965,16.821239720632445,14.951316,37.096657,38.775497,41.53662,45.400818,30.583141,1.0,37.42274704358801,38.0,39.0,39.0,39.0,40.0,0
Mbalmayo,BIO_FP_FH__L2A_20251215T050116_20251227T050144_T_G01_M01_C___T004_F004,2025-12-15,18,9,11.437744140625,3.434070110321045,19.62605094909668,1.0,8649,6.040200233459473,25.363101496560297,28.074572,36.518917,37.66635,39.650043,41.364082,35.16099,1.0,36.34374435227211,37.0,38.0,38.0,38.0,38.0,0
Mbalmayo,BIO_FP_FH__L2A_20251215T050116_20251227T050144_T_G01_M01_C___T004_F004,2025-12-15,18,10,11.438577651977539,3.434070110321045,22.300642013549805,1.0,8649,11.34088134765625,22.48306230308417,21.774054,34.791588,35.871483,37.484077,38.63787,33.54594,1.0,32.65094335319844,33.0,35.0,35.0,36.0,36.0,0
Mbalmayo,BIO_FP_FH__L2A_20251215T050116_20251227T050144_T_G01_M01_C___T004_F004,2025-12-15,18,11,11.439411163330078,3.434070110321045,24.115442276000977,1.0,8649,7.979881286621094,26.68706755296855,28.724215,35.500954,37.610752,40.501415,43.041626,34.157684,1.0,32.67413383357744,32.0,35.0,36.0,37.0,37.0,0
Mbalmayo,BIO_FP_FH__L2A_20251215T050116_20251227T050144_T_G01_M01_C___T004_F004,2025-12-15,18,12,11.440244674682617,3.434070110321045,25.930042266845703,1.0,8649,4.586680889129639,28.732910325615677,29.714928,38.447903,40.1326,41.728054,44.19284,36.036545,1.0,38.363999673184225,38.91889190673828,40.0,40.0,40.0,40.0,0
Mbalmayo,BIO_FP_FH__L2A_20251215T050116_20251227T050144_T_G01_M01_C___T004_F004,2025-12-15,18,13,11.441078186035156,3.434070110321045,29.23044204711914,1.0,8649,1.0790810585021973,29.17722785871199,30.100079,36.768467,38.123566,40.666348,44.706245,35.826183,1.0,38.56356051009795,38.774906158447266,40.0,40.0,40.91889190673828,41.0,0
Mbalmayo,BIO_FP_FH__L2A_20251215T050116_20251227T050144_T_G01_M01_C___T004_F004,2025-12-15,18,14,11.441911697387695,3.434070110321045,29.924842834472656,1.0,8649,1.0394810438156128,30.74774698483929,31.363821,40.469913,42.743732,44.789318,46.252815,38.108654,1.0,36.71564954514448,37.0,38.0,39.0,40.0,40.0,0
Mbalmayo,BIO_FP_FH__L2A_20251215T050116_20251227T050144_T_G01_M01_C___T004_F004,2025-12-15,18,15,11.442745208740234,3.434070110321045,24.90024185180664,1.0,8649,4.04448127746582,28.185632912764483,30.261436,41.53,43.21276,46.963177,49.149536,38.734905,1.0,37.33274980947067,37.0,38.0,38.0,38.0,39.0,0
Mbalmayo,BIO_FP_FH__L2A_20251215T050116_20251227T050144_T_G01_M01_C___T004_F004,2025-12-15,18,16,11.443578720092773,3.434070110321045,22.321441650390625,1.0,8649,5.572680950164795,26.907979336483987,28.009443,38.136745,40.064934,46.006504,49.16722,36.164284,1.0,37.8374079275247,38.0,39.0,39.0,40.0,40.0,0
Mbalmayo,BIO_FP_FH__L2A_20251215T050116_20251227T050144_T_G01_M01_C___T004_F004,2025-12-15,18,17,11.444412231445312,3.434070110321045,27.988243103027344,1.0,8649,2.1566810607910156,25.271833494117818,27.486744,34.750988,35.996616,38.78737,41.75598,33.58335,1.0,37.54086474532102,38.0,39.0,40.0,41.0,41.0,0
Mbalmayo,BIO_FP_FH__L2A_20251215T050116_20251227T050144_T_G01_M01_C___T004_F004,2025-12-15,18,18,11.445245742797852,3.434070110321045,27.7794246673584,0.9670976543305223,8375,0.703000009059906,25.422270601599433,25.12324,37.078403,38.533363,40.512985,42.462433,35.261932,0.9296659630671503,35.1639981550225,36.0,36.0,37.0,37.0,38.0,0
Mbalmayo,BIO_FP_FH__L2A_20251215T050116_20251227T050144_T_G01_M01_C___T004_F004,2025-12-15,18,23,11.449413299560547,3.434070110321045,19.661624908447266,1.0,8649,17.44420051574707,15.927062331989248,16.329004,26.42652,28.562487,30.643398,32.866848,24.517296,0.9860942936423253,32.16668769527208,32.0,34.0,34.0,34.0,34.0,0
Mbalmayo,BIO_FP_FH__L2A_20251215T050116_20251227T050144_T_G01_M01_C___T004_F004,2025-12-15,18,29,11.454414367675781,3.434070110321045,1.404165506362915,0.9863849189573939,8545,82.3388900756836,18.663791740675617,21.403452,30.054432,31.229801,32.44091,35.979195,29.45724,0.9949556967513398,33.99387523041293,34.0,36.0,36.0,37.0,37.0,0
Mbalmayo,BIO_FP_FH__L2A_20251215T050116_20251227T050144_T_G01_M01_C___T004_F004,2025-12-15,18,30,11.45524787902832,3.434070110321045,2.502565622329712,1.0,8649,48.88289260864258,22.133474832711872,23.205748,32.62832,34.18077,36.11217,39.901913,30.405354,1.0,36.12557199861648,36.0,37.0,38.0,38.0,38.0,0
Mbalmayo,BIO_FP_FH__L2A_20251215T050116_20251227T050144_T_G01_M01_C___T004_F004,2025-12-15,18,31,11.45608139038086,3.434070110321045,3.3873655796051025,1.0,8649,32.051292419433594,13.88311284180252,12.704107,25.670872,27.958189,35.951477,40.67843,22.359379,1.0,32.94200687516506,33.0,34.0,35.0,36.0,36.0,0
Mbalmayo,BIO_FP_FH__L2A_20251215T050116_20251227T050144_T_G01_M01_C___T004_F004,2025-12-15,18,32,11.456914901733398,3.434070110321045,4.534165382385254,1.0,8649,16.68309211730957,14.566482577465603,9.814734,35.768303,40.276474,45.01771,48.39211,29.993896,1.0,33.718053044136006,34.0,35.0,35.0,35.0,36.0,0
Mbalmayo,BIO_FP_FH__L2A_20251215T050116_20251227T050144_T_G01_M01_C___T004_F004,2025-12-15,18,33,11.457748413085938,3.434070110321045,6.32856559753418,1.0,8649,13.462291717529297,8.378709559992485,2.9563534,31.491362,36.067432,38.921307,49.33683,17.107729,1.0,35.42182340609819,36.0,37.0,37.0,38.0,38.0,0
Mbalmayo,BIO_FP_FH__L2A_20251215T050116_20251227T050144_T_G01_M01_C___T004_F004,2025-12-15,18,34,11.458581924438477,3.434070110321045,7.7715067863464355,1.0,8649,11.826000213623047,12.147411821453348,12.445019,24.805262,26.386143,30.526318,36.02822,22.144234,1.0,32.70456777416718,33.0,36.0,36.0,37.0,37.0,0
Mbalmayo,BIO_FP_FH__L2A_20251215T050116_20251227T050144_T_G01_M01_C___T004_F004,2025-12-15,18,35,11.459415435791016,3.434070110321045,6.224906921386719,1.0,8649,11.267000198364258,15.668700409729448,15.057207,33.09158,36.03857,40.5558,42.069042,27.744598,1.0,31.7187051727863,32.0,34.39898681640625,35.0,35.0,35.0,0
Mbalmayo,BIO_FP_FH__L2A_20251215T050116_20251227T050144_T_G01_M01_C___T004_F004,2025-12-15,18,36,11.460248947143555,3.434070110321045,5.860106945037842,1.0,8649,10.26200008392334,8.381391183229274,4.93714,20.42525,22.402782,37.535164,41.628357,15.436086,1.0,32.16759815275607,32.0,34.0,35.0,36.0,36.0,0
Mbalmayo,BIO_FP_FH__L2A_20251215T050116_20251227T050144_T_G01_M01_C___T004_F004,2025-12-15,18,37,11.461082458496094,3.434070110321045,7.984306812286377,1.0,8649,8.746399879455566,9.277951659873974,2.9275088,33.22105,41.168472,47.041622,49.346764,20.435133,1.0,33.21994470813975,33.11094665527344,35.0,35.596214294433594,36.0,36.0,0
Mbalmayo,BIO_FP_FH__L2A_20251215T050116_20251227T050144_T_G01_M01_C___T004_F004,2025-12-15,18,38,11.461915969848633,3.434070110321045,16.080907821655273,1.0,8649,6.317200183868408,21.84173003201237,20.36847,37.804302,41.50635,46.987164,49.6461,30.432974,1.0,32.026355709667385,33.0,34.0,34.0,34.408958435058594,35.0,0
Mbalmayo,BIO_FP_FH__L2A_20251215T050116_20251227T050144_T_G01_M01_C___T004_F004,2025-12-15,18,39,11.462749481201172,3.434070110321045,20.029306411743164,1.0,8649,5.089600086212158,19.56830382305758,20.048212,28.882854,30.3708,34.70845,37.876083,25.779427,1.0,28.1148747713087,28.0,31.0,31.0,32.0,32.0,0
Mbalmayo,BIO_FP_FH__L2A_20251215T050116_20251227T050144_T_G01_M01_C___T004_F004,2025-12-15,18,40,11.463582992553711,3.434070110321045,21.405506134033203,1.0,8649,2.9282000064849854,15.820599292548271,16.00178,25.502125,30.156483,33.838634,36.170307,21.891203,1.0,28.587945987508675,29.0,30.0,31.0,31.0,31.0,0
Mbalmayo,BIO_FP_FH__L2A_20251215T050116_20251227T050144_T_G01_M01_C___T004_F004,2025-12-15,18,41,11.46441650390625,3.434070110321045,22.72690773010254,1.0,8649,0.6430000066757202,15.680014262848307,15.737608,23.298729,24.778687,28.315397,35.500233,21.732567,1.0,28.96071690671746,29.0,30.63033142089843,31.0,31.0,31.0,0
Mbalmayo,BIO_FP_FH__L2A_20251215T050116_20251227T050144_T_G01_M01_C___T004_F004,2025-12-15,18,42,11.465250015258789,3.434070110321045,0.6322000026702881,1.0,8649,91.31559753417969,16.762528769583188,15.284857,29.02233,31.498247,35.937103,39.2796,25.0596,1.0,33.116919452351,33.0,35.0,36.0,37.0,37.0,0
Mbalmayo,BIO_FP_FH__L2A_20251215T050116_20251227T050144_T_G01_M01_C___T004_F004,2025-12-15,19,2,11.431909561157227,3.433236598968506,22.93885040283203,0.9527383946120939,8286,0.0,6.118979141976772,4.032319,14.260908,16.740206,22.919603,25.633734,11.710176,1.0,25.51382923049036,26.0,27.024850845336914,28.0,28.0,28.0,0
Mbalmayo,BIO_FP_FH__L2A_20251215T050116_20251227T050144_T_G01_M01_C___T004_F004,2025-12-15,19,3,11.432743072509766,3.433236598968506,20.46565055847168,1.0,8649,0.0,9.87016291623309,10.545188,16.37827,18.29887,22.49403,26.639647,14.40686,1.0,24.823805531265695,24.0,27.0,28.0,28.0,29.0,0
Mbalmayo,BIO_FP_FH__L2A_20251215T050116_20251227T050144_T_G01_M01_C___T004_F004,2025-12-15,19,4,11.433576583862305,3.433236598968506,19.732450485229492,1.0,8649,0.0,11.815054937709562,9.84299,24.88967,28.767857,35.949127,37.437164,20.171324,1.0,31.210912005172766,31.0,33.0,34.0,34.0,34.0,0
Mbalmayo,BIO_FP_FH__L2A_20251215T050116_20251227T050144_T_G01_M01_C___T004_F004,2025-12-15,19,5,11.434410095214844,3.433236598968506,18.918649673461914,1.0,8649,0.902999997138977,19.55125411897329,19.823565,32.20103,34.732464,38.175144,40.787872,30.420254,1.0,34.81440547634817,35.0,36.0,36.0,36.0,37.0,0
Mbalmayo,BIO_FP_FH__L2A_20251215T050116_20251227T050144_T_G01_M01_C___T004_F004,2025-12-15,19,6,11.435243606567383,3.433236598968506,13.656250953674316,1.0,8649,4.464200019836426,25.328937503613133,25.795694,33.959484,35.45387,41.30817,43.415176,33.430595,1.0,36.0207892934054,36.0,37.0,37.0,38.0,38.0,0
Mbalmayo,BIO_FP_FH__L2A_20251215T050116_20251227T050144_T_G01_M01_C___T004_F004,2025-12-15,19,7,11.436077117919922,3.433236598968506,9.981450080871582,1.0,8649,5.095200061798096,22.785667508527,24.629128,31.822012,33.223347,35.633224,38.4111,30.752098,1.0,36.93392739332898,37.0,38.0,38.0,39.0,39.0,0
Mbalmayo,BIO_FP_FH__L2A_20251215T050116_20251227T050144_T_G01_M01_C___T004_F004,2025-12-15,19,8,11.436910629272461,3.433236598968506,6.306450366973877,1.0,8649,5.726200103759766,26.998409995013873,30.629595,38.968826,41.01502,44.16445,46.52004,36.4554,1.0,38.789921576087224,39.0,40.0,40.53478240966797,41.0,41.0,0
Mbalmayo,BIO_FP_FH__L2A_20251215T050116_20251227T050144_T_G01_M01_C___T004_F004,2025-12-15,19,9,11.437744140625,3.433236598968506,17.226449966430664,1.0,8649,3.540600061416626,25.522343623540294,25.561766,36.813812,38.16443,40.897263,42.86733,34.599247,1.0,38.705534572559415,39.0,40.93875503540039,41.0,42.0,42.0,0
Mbalmayo,BIO_FP_FH__L2A_20251215T050116_20251227T050144_T_G01_M01_C___T004_F004,2025-12-15,19,10,11.438577651977539,3.433236598968506,31.136241912841797,1.0,8649,1.074281096458435,28.848915427361543,29.199299,34.89124,36.4606,39.38741,42.759342,33.71445,1.0,35.05289902424093,34.0,39.0,40.0,41.0,41.0,0
Mbalmayo,BIO_FP_FH__L2A_20251215T050116_20251227T050144_T_G01_M01_C___T004_F004,2025-12-15,19,11,11.439411163330078,3.433236598968506,30.363842010498047,1.0,8649,1.0566810369491577,27.57032017791074,28.979572,34.033604,34.86742,36.19476,39.27146,33.19082,1.0,32.56367205327502,32.0,35.0,35.0,36.816261291503906,37.0,0
Mbalmayo,BIO_FP_FH__L2A_20251215T050116_20251227T050144_T_G01_M01_C___T004_F004,2025-12-15,19,12,11.440244674682617,3.433236598968506,29.12904167175293,1.0,8649,1.101081132888794,27.218880298661695,28.07237,33.81528,36.12432,38.584457,40.53978,32.33917,1.0,35.90735752803905,36.0,38.0,38.0,39.0,39.0,0
Mbalmayo,BIO_FP_FH__L2A_20251215T050116_20251227T050144_T_G01_M01_C___T004_F004,2025-12-15,19,13,11.441078186035156,3.433236598968506,28.86144256591797,1.0,8649,1.1008810997009277,26.49440935187594,27.865808,37.89361,41.804325,43.987976,45.609283,35.22383,1.0,36.80076470994194,37.0,38.549808502197266,39.0,40.0,41.0,0
Mbalmayo,BIO_FP_FH__L2A_20251215T050116_20251227T050144_T_G01_M01_C___T004_F004,2025-12-15,19,14,11.441911697387695,3.433236598968506,24.36964225769043,1.0,8649,3.8720810413360596,32.697060127977224,34.70869,41.310207,42.47493,43.878086,45.517586,40.111946,1.0,37.866471956032306,38.0,40.0,40.0,40.0,40.0,0
Mbalmayo,BIO_FP_FH__L2A_20251215T050116_20251227T050144_T_G01_M01_C___T004_F004,2025-12-15,19,15,11.442745208740234,3.433236598968506,13.699441909790039,1.0,8649,9.994681358337402,31.380994641721585,33.71461,41.1143,42.284798,43.403534,45.28681,39.565872,1.0,38.637838545142195,39.0,39.15886306762695,40.0,40.0,40.0,0
Mbalmayo,BIO_FP_FH__L2A_20251215T050116_20251227T050144_T_G01_M01_C___T004_F004,2025-12-15,19,16,11.443578720092773,3.433236598968506,11.864842414855957,1.0,8649,11.011880874633789,29.76471494175627,33.41967,38.864506,39.895752,41.75042,44.474316,37.517235,1.0,37.848331211922364,38.0,39.0,39.0,39.0,39.0,0
Mbalmayo,BIO_FP_FH__L2A_20251215T050116_20251227T050144_T_G01_M01_C___T004_F004,2025-12-15,19,17,11.444412231445312,3.433236598968506,22.67104148864746,0.9142120075523543,7961,4.514281272888184,21.33840324492868,20.270384,35.548832,37.477024,40.280666,41.45556,33.98763,0.8695343270568258,34.44538756233103,35.0,36.0,37.0,37.0,37.0,0
Mbalmayo,BIO_FP_FH__L2A_20251215T050116_20251227T050144_T_G01_M01_C___T004_F004,2025-12-15,19,20,11.44691276550293,3.433236598968506,25.182424545288086,0.9985926417839128,8641,0.8672000169754028,13.137706411524402,12.37138,27.070118,30.369267,38.272293,43.269676,24.257338,0.9897849630284054,33.84727975739012,34.0,35.0,35.0,37.0,37.0,0
Mbalmayo,BIO_FP_FH__L2A_20251215T050116_20251227T050144_T_G01_M01_C___T004_F004,2025-12-15,19,21,11.447746276855469,3.433236598968506,23.515424728393555,1.0,8649,0.39160001277923584,16.745686594909817,17.187723,25.854664,28.146023,33.11699,36.28223,23.999578,1.0,33.168919302739354,33.0,34.0,34.93875503540039,35.0,36.0,0
Mbalmayo,BIO_FP_FH__L2A_20251215T050116_20251227T050144_T_G01_M01_C___T004_F004,2025-12-15,19,22,11.448579788208008,3.433236598968506,22.238624572753906,1.0,8649,0.0,15.450429375867152,15.533921,23.709265,26.274948,31.268843,36.293224,22.276007,1.0,34.863024008234106,35.0,35.701873779296875,36.0,36.0,36.0,0
Mbalmayo,BIO_FP_FH__L2A_20251215T050116_20251227T050144_T_G01_M01_C___T004_F004,2025-12-15,19,23,11.449413299560547,3.433236598968506,19.474023818969727,1.0,8649,10.697999954223633,14.582474762255751,14.48768,23.667137,28.543022,33.575363,36.247906,20.763742,1.0,34.153530730389626,34.0,35.877506256103516,36.0,36.0,36.0,0
Mbalmayo,BIO_FP_FH__L2A_20251215T050116_20251227T050144_T_G01_M01_C___T004_F004,2025-12-15,19,24,11.450246810913086,3.433236598968506,11.108224868774414,1.0,8649,46.751800537109375,20.90710179645046,20.603191,33.95897,35.92741,40.117035,42.253963,30.745049,1.0,33.230954838096785,33.0,35.0,35.0,36.0,36.0,0
Mbalmayo,BIO_FP_FH__L2A_20251215T050116_20251227T050144_T_G01_M01_C___T004_F004,2025-12-15,19,25,11.451080322265625,3.433236598968506,4.016024589538574,1.0,8649,81.15760040283203,22.41737416355937,23.465984,33.996284,36.907925,40.674095,42.72088,30.353584,1.0,36.6332834150932,36.05947494506836,39.0,39.0,40.0,40.0,0
Mbalmayo,BIO_FP_FH__L2A_20251215T050116_20251227T050144_T_G01_M01_C___T004_F004,2025-12-15,19,30,11.45524787902832,3.433236598968506,3.905965566635132,0.9775268258297564,8481,35.16929244995117,19.543116380120942,20.335587,30.87985,32.903675,35.423122,38.1655,28.542194,0.9642851263892428,34.15450058431135,34.0,36.0,36.0,36.0,36.0,0
Mbalmayo,BIO_FP_FH__L2A_20251215T050116_20251227T050144_T_G01_M01_C___T004_F004,2025-12-15,19,31,11.45608139038086,3.433236598968506,5.258765697479248,1.0,8649,16.719091415405273,14.838166578144872,13.093703,26.605917,31.443674,37.651104,41.92264,23.388931,1.0,31.35351477287893,31.0,33.0,33.0,33.0,33.0,0
Mbalmayo,BIO_FP_FH__L2A_20251215T050116_20251227T050144_T_G01_M01_C___T004_F004,2025-12-15,19,32,11.456914901733398,3.433236598968506,4.676565647125244,1.0,8649,19.160890579223633,15.314587036796162,13.534426,27.636253,34.633026,41.38751,44.029633,25.196138,1.0,30.377636548149365,30.0,33.0,33.0,33.37912368774414,34.0,0
Mbalmayo,BIO_FP_FH__L2A_20251215T050116_20251227T050144_T_G01_M01_C___T004_F004,2025-12-15,19,33,11.457748413085938,3.433236598968506,8.630365371704102,1.0,8649,16.02069091796875,6.448561836989826,3.6715891,20.762901,27.931715,33.865475,36.266216,13.0583,1.0,32.25147403316121,32.0,34.93875503540039,35.0,35.0,36.0,0
Mbalmayo,BIO_FP_FH__L2A_20251215T050116_20251227T050144_T_G01_M01_C___T004_F004,2025-12-15,19,34,11.458581924438477,3.433236598968506,14.863507270812988,1.0,8649,4.223400115966797,15.91699546190311,16.12719,32.759373,34.707954,40.03782,43.84115,29.629019,1.0,34.1667911466911,34.0,36.0,36.0,37.0,37.0,0
Mbalmayo,BIO_FP_FH__L2A_20251215T050116_20251227T050144_T_G01_M01_C___T004_F004,2025-12-15,19,35,11.459415435791016,3.433236598968506,13.68670654296875,1.0,8649,3.5311999320983887,15.395430468840328,15.345793,32.503757,34.17408,36.149654,38.642197,29.862589,1.0,32.649063303754815,32.0,35.0,35.0,36.0,36.0,0
Mbalmayo,BIO_FP_FH__L2A_20251215T050116_20251227T050144_T_G01_M01_C___T004_F004,2025-12-15,19,36,11.460248947143555,3.433236598968506,11.068106651306152,1.0,8649,3.358799934387207,11.593553761634293,7.518571,33.8749,39.30101,44.813953,49.0649,24.495296,1.0,36.02412044835209,36.0,38.0,39.0,40.0,41.0,0
Mbalmayo,BIO_FP_FH__L2A_20251215T050116_20251227T050144_T_G01_M01_C___T004_F004,2025-12-15,19,37,11.461082458496094,3.433236598968506,7.642107009887695,1.0,8649,5.394599914550781,11.146741585009828,8.265267,29.935656,35.14503,38.957962,40.531357,20.415054,1.0,38.29965140494546,38.0,40.0,41.0,41.0,41.0,0
Mbalmayo,BIO_FP_FH__L2A_20251215T050116_20251227T050144_T_G01_M01_C___T004_F004,2025-12-15,19,38,11.461915969848633,3.433236598968506,14.469507217407227,1.0,8649,7.136199951171875,16.837991341123253,16.057283,28.26627,36.015846,39.79081,41.763836,21.566969,1.0,30.367501630329894,29.0,36.0,36.0,37.0,37.0,0
Mbalmayo,BIO_FP_FH__L2A_20251215T050116_20251227T050144_T_G01_M01_C___T004_F004,2025-12-15,19,39,11.462749481201172,3.433236598968506,19.530506134033203,1.0,8649,7.660200119018555,15.133318338825298,16.495491,28.21729,30.554594,34.789894,38.77514,23.15889,1.0,25.74458811734919,25.0,28.0,30.0,30.0,30.0,0
Mbalmayo,BIO_FP_FH__L2A_20251215T050116_20251227T050144_T_G01_M01_C___T004_F004,2025-12-15,19,40,11.463582992553711,3.433236598968506,16.986906051635742,1.0,8649,6.077600002288818,17.949012801335414,18.728397,26.775864,28.740288,32.730724,38.475746,24.484417,1.0,31.000666714828267,31.0,32.0,33.0,33.0,33.0,0
Mbalmayo,BIO_FP_FH__L2A_20251215T050116_20251227T050144_T_G01_M01_C___T004_F004,2025-12-15,19,41,11.46441650390625,3.433236598968506,14.960906982421875,1.0,8649,6.200799942016602,18.898078670583306,17.210115,34.769314,37.456005,40.76664,45.296055,32.294247,1.0,33.39935131979369,33.0,35.0,35.0,36.0,36.0,0
Mbalmayo,BIO_FP_FH__L2A_20251215T050116_20251227T050144_T_G01_M01_C___T004_F004,2025-12-15,19,42,11.465250015258789,3.433236598968506,8.951000213623047,1.0,8649,23.672399520874023,14.760743655335878,14.0114975,28.33902,32.783997,38.181152,43.61468,24.63922,1.0,37.13248140090517,38.0,39.0,40.0,40.0,41.0,0
Mbalmayo,BIO_FP_FH__L2A_20251215T050116_20251227T050144_T_G01_M01_C___T004_F004,2025-12-15,20,2,11.431909561157227,3.432403087615967,19.54425048828125,0.9252588415658602,8091,0.0,5.302097493720045,3.5688775,12.758203,15.636441,19.823286,24.235662,10.963036,1.0,25.006147730872872,25.0,26.0,26.0,27.0,28.0,0
Mbalmayo,BIO_FP_FH__L2A_20251215T050116_20251227T050144_T_G01_M01_C___T004_F004,2025-12-15,20,3,11.432743072509766,3.432403087615967,17.546850204467773,1.0,8649,0.0,12.109344627088392,10.582424,26.454988,30.22102,34.58812,36.120358,19.236868,1.0,27.22932094733196,27.0,29.72845458984375,30.0,31.0,32.0,0
Mbalmayo,BIO_FP_FH__L2A_20251215T050116_20251227T050144_T_G01_M01_C___T004_F004,2025-12-15,20,4,11.433576583862305,3.432403087615967,16.52665138244629,1.0,8649,0.0,14.59251182398254,13.626532,28.318457,30.874552,38.90299,41.198677,23.581467,1.0,31.972670353000627,32.0,33.0,34.0,34.0,34.0,0
Mbalmayo,BIO_FP_FH__L2A_20251215T050116_20251227T050144_T_G01_M01_C___T004_F004,2025-12-15,20,5,11.434410095214844,3.432403087615967,17.87885093688965,1.0,8649,0.0,19.14995817796855,20.235508,34.0379,36.134922,37.761723,42.78967,31.851381,1.0,33.526901042231216,33.0,35.0,36.0,36.0,36.0,0
Mbalmayo,BIO_FP_FH__L2A_20251215T050116_20251227T050144_T_G01_M01_C___T004_F004,2025-12-15,20,6,11.435243606567383,3.432403087615967,18.889650344848633,1.0,8649,0.0,26.614036620924384,26.292376,35.884743,37.91318,40.272778,41.967995,33.51149,1.0,31.957722185884464,32.0,34.0,34.364166259765625,35.0,35.0,0
Mbalmayo,BIO_FP_FH__L2A_20251215T050116_20251227T050144_T_G01_M01_C___T004_F004,2025-12-15,20,7,11.436077117919922,3.432403087615967,16.980449676513672,1.0,8649,0.7203999757766724,25.018863045944617,26.539135,32.882557,34.583717,36.624737,38.697037,31.897507,1.0,33.54195406654967,34.0,36.0,37.0,38.0,38.0,0
Mbalmayo,BIO_FP_FH__L2A_20251215T050116_20251227T050144_T_G01_M01_C___T004_F004,2025-12-15,20,8,11.436910629272461,3.432403087615967,13.340850830078125,1.0,8649,2.3387999534606934,16.27125742499133,14.855938,32.961414,34.72608,37.30114,39.64936,31.633533,1.0,36.19818213193013,36.0,39.0,39.57620620727539,41.0,41.0,0
Mbalmayo,BIO_FP_FH__L2A_20251215T050116_20251227T050144_T_G01_M01_C___T004_F004,2025-12-15,20,9,11.437744140625,3.432403087615967,17.592451095581055,1.0,8649,2.796999931335449,28.41606078918083,31.630852,38.84676,40.143612,41.90636,43.46232,37.93826,1.0,38.96005195964346,39.0,40.0,41.0,41.0,41.0,0
Mbalmayo,BIO_FP_FH__L2A_20251215T050116_20251227T050144_T_G01_M01_C___T004_F004,2025-12-15,20,10,11.438577651977539,3.432403087615967,28.284442901611328,1.0,8649,1.6004811525344849,31.39542188764597,32.215538,38.927464,39.82111,41.13668,42.53433,38.025013,1.0,39.753135525900475,40.0,41.0,41.0,41.0,41.0,0
Mbalmayo,BIO_FP_FH__L2A_20251215T050116_20251227T050144_T_G01_M01_C___T004_F004,2025-12-15,20,11,11.439411163330078,3.432403087615967,30.615442276000977,1.0,8649,1.0584810972213745,31.501048938099782,32.4624,39.3314,40.692535,42.726387,43.883442,38.096508,1.0,37.68732360873364,38.0,40.0,40.0,40.0,40.0,0
Mbalmayo,BIO_FP_FH__L2A_20251215T050116_20251227T050144_T_G01_M01_C___T004_F004,2025-12-15,20,12,11.440244674682617,3.432403087615967,29.235042572021484,1.0,8649,1.1036810874938965,30.946655005275176,32.250904,38.307987,39.56164,41.27561,42.57509,36.819496,1.0,34.96985482612722,35.0,38.0,39.0,39.9586181640625,40.0,0
Mbalmayo,BIO_FP_FH__L2A_20251215T050116_20251227T050144_T_G01_M01_C___T004_F004,2025-12-15,20,13,11.441078186035156,3.432403087615967,26.01104164123535,1.0,8649,2.4664812088012695,25.928235245765407,27.236412,34.518448,35.745346,38.117596,41.66874,33.187893,1.0,36.39932947845759,36.0,38.0,39.0,39.9586181640625,40.0,0
Mbalmayo,BIO_FP_FH__L2A_20251215T050116_20251227T050144_T_G01_M01_C___T004_F004,2025-12-15,20,14,11.441911697387695,3.432403087615967,18.830442428588867,1.0,8649,6.0964813232421875,31.688761887212394,33.880108,39.927727,40.8992,42.361748,44.725872,38.549625,1.0,38.56519187956356,39.0,40.0,40.0,40.0,40.0,0
Mbalmayo,BIO_FP_FH__L2A_20251215T050116_20251227T050144_T_G01_M01_C___T004_F004,2025-12-15,20,15,11.442745208740234,3.432403087615967,12.149242401123047,1.0,8649,9.370080947875977,29.764651260261303,30.641222,38.22922,39.704723,41.295338,43.37645,37.04822,1.0,37.018339591765624,37.0,38.0,39.0,39.0,39.0,0
Mbalmayo,BIO_FP_FH__L2A_20251215T050116_20251227T050144_T_G01_M01_C___T004_F004,2025-12-15,20,16,11.443578720092773,3.432403087615967,13.404242515563965,0.9226191786758223,8002,7.994481086730957,25.60949720418281,26.457792,34.319794,36.05877,38.296738,43.277794,32.411053,0.9169739009871698,36.44083375109747,36.0,38.0,38.0,38.0,38.0,0
Mbalmayo,BIO_FP_FH__L2A_20251215T050116_20251227T050144_T_G01_M01_C___T004_F004,2025-12-15,20,19,11.44607925415039,3.432403087615967,23.618425369262695,1.0,8649,0.42660000920295715,19.504460414498787,19.241812,31.276863,35.34727,39.716274,41.896637,28.175985,1.0,36.56176784011253,37.0,38.0,38.0,38.0,38.0,0
Mbalmayo,BIO_FP_FH__L2A_20251215T050116_20251227T050144_T_G01_M01_C___T004_F004,2025-12-15,20,20,11.44691276550293,3.432403087615967,22.16342544555664,1.0,8649,0.3057999908924103,22.19573184941901,22.309414,33.62818,35.756493,39.244698,41.021973,31.884493,1.0,35.80566543683191,36.0,38.0,38.0,38.0,38.0,0
Mbalmayo,BIO_FP_FH__L2A_20251215T050116_20251227T050144_T_G01_M01_C___T004_F004,2025-12-15,20,21,11.447746276855469,3.432403087615967,20.715824127197266,1.0,8649,0.0,15.333427726471268,15.939445,23.263477,25.516726,29.674318,32.98648,21.671452,1.0,33.50046204677109,33.12593460083008,34.0,34.0,35.0,35.0,0
Mbalmayo,BIO_FP_FH__L2A_20251215T050116_20251227T050144_T_G01_M01_C___T004_F004,2025-12-15,20,22,11.448579788208008,3.432403087615967,20.465423583984375,1.0,8649,0.0,11.954245297505492,10.935684,22.75273,25.735268,29.84132,33.312416,20.433962,1.0,34.739221551043684,35.0,36.0,36.0,36.0,36.0,0
Mbalmayo,BIO_FP_FH__L2A_20251215T050116_20251227T050144_T_G01_M01_C___T004_F004,2025-12-15,20,23,11.449413299560547,3.432403087615967,19.38742446899414,1.0,8649,4.991399765014648,14.882266239232859,12.102094,31.046242,33.960644,37.543335,40.29269,25.651857,1.0,35.88380445978079,36.0,37.0,38.0,38.0,38.0,0
Mbalmayo,BIO_FP_FH__L2A_20251215T050116_20251227T050144_T_G01_M01_C___T004_F004,2025-12-15,20,24,11.450246810913086,3.432403087615967,12.282824516296387,1.0,8649,40.22200012207031,21.154661801581106,21.327019,31.729244,33.200275,35.078033,36.450733,30.335983,1.0,35.90386626144023,36.0,37.63563919067383,38.0,38.0,38.0,0
Mbalmayo,BIO_FP_FH__L2A_20251215T050116_20251227T050144_T_G01_M01_C___T004_F004,2025-12-15,20,25,11.451080322265625,3.432403087615967,5.021024703979492,1.0,8649,76.19380187988281,28.777509050901838,31.083,35.536663,36.43079,37.91232,39.91012,34.71758,1.0,37.08933907776902,37.0,38.0,39.0,39.0,39.0,0
Mbalmayo,BIO_FP_FH__L2A_20251215T050116_20251227T050144_T_G01_M01_C___T004_F004,2025-12-15,20,26,11.451913833618164,3.432403087615967,0.47516554594039917,1.0,8649,91.12168884277344,30.8148392787461,31.796995,37.997982,39.133583,41.636536,43.6308,37.004765,1.0,38.00094197970454,38.0,40.0,40.0,40.0,40.0,0
Mbalmayo,BIO_FP_FH__L2A_20251215T050116_20251227T050144_T_G01_M01_C___T004_F004,2025-12-15,20,27,11.452747344970703,3.432403087615967,1.1865655183792114,1.0,8649,68.32408905029297,26.188408251676496,27.160225,34.70527,36.28966,38.854977,41.08122,33.56498,1.0,37.29534465936667,37.304771423339844,39.0,40.0,40.0,40.0,0
Mbalmayo,BIO_FP_FH__L2A_20251215T050116_20251227T050144_T_G01_M01_C___T004_F004,2025-12-15,20,31,11.45608139038086,3.432403087615967,6.501165390014648,1.0,8649,9.837491989135742,19.107183859767026,19.585566,29.679039,31.374863,33.687485,35.493942,28.127766,1.0,26.48518620845086,26.0,28.0,29.0,29.0,29.0,0
Mbalmayo,BIO_FP_FH__L2A_20251215T050116_20251227T050144_T_G01_M01_C___T004_F004,2025-12-15,20,32,11.456914901733398,3.432403087615967,4.4189653396606445,1.0,8649,24.940690994262695,19.040992591267777,19.55684,28.541956,30.18056,34.41428,38.664265,26.768589,1.0,27.640705523015114,27.0,30.0,30.0,31.0,31.0,0
Mbalmayo,BIO_FP_FH__L2A_20251215T050116_20251227T050144_T_G01_M01_C___T004_F004,2025-12-15,20,33,11.457748413085938,3.432403087615967,6.148365497589111,1.0,8649,27.046892166137695,18.108128468609088,18.221453,30.209064,33.13172,39.71786,42.336815,26.707083,1.0,33.23272005606695,34.0,35.0,35.0,36.0,36.0,0
Mbalmayo,BIO_FP_FH__L2A_20251215T050116_20251227T050144_T_G01_M01_C___T004_F004,2025-12-15,20,34,11.458581924438477,3.432403087615967,14.285706520080566,1.0,8649,9.632599830627441,19.908310389929472,20.35748,31.530153,34.156006,42.21738,44.887398,28.95693,1.0,35.71185331358939,36.0,36.0,37.0,37.0,37.0,0
Mbalmayo,BIO_FP_FH__L2A_20251215T050116_20251227T050144_T_G01_M01_C___T004_F004,2025-12-15,20,35,11.459415435791016,3.432403087615967,11.915106773376465,1.0,8649,33.03559875488281,17.036519079156548,14.585863,29.002224,32.46918,48.46096,53.93451,26.96549,1.0,34.602968332160756,35.0,36.0,36.0,36.0,36.0,0
Mbalmayo,BIO_FP_FH__L2A_20251215T050116_20251227T050144_T_G01_M01_C___T004_F004,2025-12-15,20,36,11.460248947143555,3.432403087615967,6.285106658935547,1.0,8649,45.0078010559082,14.898602800901838,12.545029,27.928387,34.72938,39.31762,45.858112,24.32383,1.0,35.26853141868469,35.0,37.0,37.0,38.0,39.0,0
Mbalmayo,BIO_FP_FH__L2A_20251215T050116_20251227T050144_T_G01_M01_C___T004_F004,2025-12-15,20,37,11.461082458496094,3.432403087615967,4.888506889343262,1.0,8649,30.06559944152832,15.226846131055613,11.698836,31.562061,37.32664,42.04273,45.175346,25.712578,1.0,37.6169246572582,38.0,40.0,40.0,40.0,40.0,0
Mbalmayo,BIO_FP_FH__L2A_20251215T050116_20251227T050144_T_G01_M01_C___T004_F004,2025-12-15,20,38,11.461915969848633,3.432403087615967,8.969306945800781,1.0,8649,22.159400939941406,14.55466740193953,13.5148945,25.47735,32.275196,38.183254,40.559967,23.0,1.0,31.554668245680524,32.0,35.0,35.0,37.0,37.0,0
Mbalmayo,BIO_FP_FH__L2A_20251215T050116_20251227T050144_T_G01_M01_C___T004_F004,2025-12-15,20,39,11.462749481201172,3.432403087615967,8.75550651550293,1.0,8649,18.518400192260742,11.086218421204764,9.004734,22.228758,26.000938,31.201323,37.57481,19.255037,1.0,26.736061707275123,26.0,30.958616256713867,31.0,33.0,34.0,0
Mbalmayo,BIO_FP_FH__L2A_20251215T050116_20251227T050144_T_G01_M01_C___T004_F004,2025-12-15,20,40,11.463582992553711,3.432403087615967,6.982906818389893,1.0,8649,13.646400451660156,13.391697423473811,13.444842,24.204403,26.516985,31.13418,35.276775,21.41204,1.0,28.446024999796055,29.0,32.0,32.852657318115234,34.0,35.0,0
Mbalmayo,BIO_FP_FH__L2A_20251215T050116_20251227T050144_T_G01_M01_C___T004_F004,2025-12-15,20,41,11.46441650390625,3.432403087615967,10.735106468200684,1.0,8649,8.679400444030762,19.77985510427506,19.146717,32.880665,35.423084,40.116695,42.664394,31.706587,1.0,34.14523140594909,34.0,35.0,35.95528793334961,36.0,37.0,0
Mbalmayo,BIO_FP_FH__L2A_20251215T050116_20251227T050144_T_G01_M01_C___T004_F004,2025-12-15,20,42,11.465250015258789,3.432403087615967,18.429399490356445,1.0,8649,0.26980000734329224,16.85379744948838,14.492026,32.04058,36.69087,40.455894,44.049614,26.831018,1.0,36.961968188947964,37.0,38.39714050292969,39.0,40.0,41.0,0
Mbalmayo,BIO_FP_FH__L2A_20251215T050116_20251227T050144_T_G01_M01_C___T004_F004,2025-12-15,20,43,11.466083526611328,3.432403087615967,5.291200160980225,1.0,8649,12.429200172424316,16.731363904064054,12.934983,34.784542,36.92436,42.034283,43.836456,29.597158,1.0,38.225227550462925,38.0,39.0,40.0,41.0,41.0,0
Mbalmayo,BIO_FP_FH__L2A_20251215T050116_20251227T050144_T_G01_M01_C___T004_F004,2025-12-15,21,2,11.431909561157227,3.4315695762634277,18.39645004272461,0.9328393247006518,8128,0.0,6.715116276870647,4.4737597,14.6532545,20.020075,26.031153,32.970573,12.331132,1.0,26.616750907920004,26.0,28.609237670898438,30.0,30.0,30.0,0
Mbalmayo,BIO_FP_FH__L2A_20251215T050116_20251227T050144_T_G01_M01_C___T004_F004,2025-12-15,21,3,11.432743072509766,3.4315695762634277,18.068851470947266,1.0,8649,0.0,16.836033022242457,18.10477,28.064344,30.96461,35.25473,38.671688,25.445835,1.0,30.537405374601736,30.814550399780273,33.0,33.0,34.0,34.0,0
Mbalmayo,BIO_FP_FH__L2A_20251215T050116_20251227T050144_T_G01_M01_C___T004_F004,2025-12-15,21,4,11.433576583862305,3.4315695762634277,17.3752498626709,1.0,8649,0.0,18.691305420966298,19.188223,28.887197,32.068745,36.455547,38.26495,26.356312,1.0,31.9957729983101,32.0,33.0,34.0,34.0,34.0,0
Mbalmayo,BIO_FP_FH__L2A_20251215T050116_20251227T050144_T_G01_M01_C___T004_F004,2025-12-15,21,5,11.434410095214844,3.4315695762634277,18.7674503326416,1.0,8649,0.0,22.484172777380333,23.162271,32.441673,34.967857,39.548687,42.682217,31.664867,1.0,31.247537202953065,31.0,34.0,34.0,35.0,35.0,0
Mbalmayo,BIO_FP_FH__L2A_20251215T050116_20251227T050144_T_G01_M01_C___T004_F004,2025-12-15,21,6,11.435243606567383,3.4315695762634277,20.11305046081543,1.0,8649,0.0,27.69431956548445,28.231632,35.29412,36.66512,38.314877,40.454704,34.54431,1.0,30.757742404882613,31.0,32.0,33.0,35.0,35.0,0
Mbalmayo,BIO_FP_FH__L2A_20251215T050116_20251227T050144_T_G01_M01_C___T004_F004,2025-12-15,21,7,11.436077117919922,3.4315695762634277,19.591650009155273,1.0,8649,0.0,21.601073146100706,22.417887,30.868088,32.845318,35.87084,38.457752,29.89605,1.0,29.974699952558556,29.0,32.0,33.0,34.0,34.0,0
Mbalmayo,BIO_FP_FH__L2A_20251215T050116_20251227T050144_T_G01_M01_C___T004_F004,2025-12-15,21,8,11.436910629272461,3.4315695762634277,19.070051193237305,1.0,8649,0.0,19.15428648723841,20.252989,32.010727,35.64491,38.47763,43.433468,30.259089,1.0,30.663479090591487,30.0,32.0,34.0,35.0,35.0,0
Mbalmayo,BIO_FP_FH__L2A_20251215T050116_20251227T050144_T_G01_M01_C___T004_F004,2025-12-15,21,9,11.437744140625,3.4315695762634277,22.49785041809082,1.0,8649,0.2897999882698059,17.10966721224997,17.005318,28.947834,31.796621,34.54266,36.293842,27.984133,1.0,36.0118404992234,37.0,39.0,39.0,40.0,40.0,0
Mbalmayo,BIO_FP_FH__L2A_20251215T050116_20251227T050144_T_G01_M01_C___T004_F004,2025-12-15,21,10,11.438577651977539,3.4315695762634277,28.98524284362793,1.0,8649,0.804681122303009,29.443048871256792,30.389204,38.93608,40.256916,43.53257,47.777153,37.596355,1.0,41.68026664284891,42.0,43.37875442504881,44.0,44.0,44.0,0
Mbalmayo,BIO_FP_FH__L2A_20251215T050116_20251227T050144_T_G01_M01_C___T004_F004,2025-12-15,21,11,11.439411163330078,3.4315695762634277,31.462242126464844,1.0,8649,1.0252810716629028,30.667341871170077,32.75359,39.1669,40.02916,41.28608,43.31419,37.875103,1.0,41.06969380805997,41.0,43.0,44.0,44.0,44.0,0
Mbalmayo,BIO_FP_FH__L2A_20251215T050116_20251227T050144_T_G01_M01_C___T004_F004,2025-12-15,21,12,11.440244674682617,3.4315695762634277,30.44944190979004,1.0,8649,1.0516810417175293,32.66684687174818,34.474174,40.193443,41.039803,42.32885,44.43429,39.208134,1.0,39.77315349007689,40.0,41.0,42.0,42.0,42.0,0
Mbalmayo,BIO_FP_FH__L2A_20251215T050116_20251227T050144_T_G01_M01_C___T004_F004,2025-12-15,21,13,11.441078186035156,3.4315695762634277,29.055442810058594,1.0,8649,1.028481125831604,31.547149146577638,33.557236,40.85337,42.26143,43.863064,45.8918,38.937542,1.0,40.23607275772403,40.0,41.0,42.0,43.0,43.0,0
Mbalmayo,BIO_FP_FH__L2A_20251215T050116_20251227T050144_T_G01_M01_C___T004_F004,2025-12-15,21,14,11.441911697387695,3.4315695762634277,25.594242095947266,1.0,8649,0.671281099319458,35.39850163313678,36.597298,43.027023,44.319946,45.923344,47.096832,41.720623,1.0,37.52959683661186,38.0,39.0,39.0,40.0,40.0,0
Mbalmayo,BIO_FP_FH__L2A_20251215T050116_20251227T050144_T_G01_M01_C___T004_F004,2025-12-15,21,15,11.442745208740234,3.4315695762634277,21.664241790771484,1.0,8649,0.8424810767173767,33.114191759885536,34.494465,40.35411,41.3589,42.990936,45.52722,39.534645,1.0,36.8583803330147,37.0,38.0,39.0,39.0,40.0,0
Mbalmayo,BIO_FP_FH__L2A_20251215T050116_20251227T050144_T_G01_M01_C___T004_F004,2025-12-15,21,18,11.445245742797852,3.4315695762634277,21.714223861694336,0.9785795464296811,8497,0.012600000016391277,12.918739740828693,12.55451,25.331394,28.507656,33.58424,35.187923,20.467789,1.0,32.777732235611566,33.0,35.0,35.0,35.0,35.0,0
Mbalmayo,BIO_FP_FH__L2A_20251215T050116_20251227T050144_T_G01_M01_C___T004_F004,2025-12-15,21,19,11.44607925415039,3.4315695762634277,21.620824813842773,1.0,8649,0.0,16.684920221990982,16.736399,26.557074,28.406733,30.95067,36.4018,24.30535,1.0,35.11543758205767,35.0,37.0,37.0,37.0,37.0,0
Mbalmayo,BIO_FP_FH__L2A_20251215T050116_20251227T050144_T_G01_M01_C___T004_F004,2025-12-15,21,20,11.44691276550293,3.4315695762634277,21.081024169921875,1.0,8649,0.0,14.892446019771072,14.447178,25.946459,28.641317,33.170483,35.112244,23.053967,1.0,35.02462302843178,35.0,36.0,36.63740921020508,37.0,37.0,0
Mbalmayo,BIO_FP_FH__L2A_20251215T050116_20251227T050144_T_G01_M01_C___T004_F004,2025-12-15,21,21,11.447746276855469,3.4315695762634277,20.85322380065918,1.0,8649,0.0,13.897724357584693,13.669169,21.655582,26.106276,32.523045,35.058975,19.380054,1.0,33.582900113129924,34.0,34.0,34.0,35.0,35.0,0
Mbalmayo,BIO_FP_FH__L2A_20251215T050116_20251227T050144_T_G01_M01_C___T004_F004,2025-12-15,21,22,11.448579788208008,3.4315695762634277,21.21602439880371,1.0,8649,0.0,16.120339959821944,15.445707,27.435677,31.056192,33.407894,35.146805,24.487131,1.0,34.42185455571021,34.0,35.0,35.0,35.0,35.0,0
Mbalmayo,BIO_FP_FH__L2A_20251215T050116_20251227T050144_T_G01_M01_C___T004_F004,2025-12-15,21,23,11.449413299560547,3.4315695762634277,11.370824813842773,1.0,8649,45.078399658203125,21.949527447175974,23.044342,31.329437,32.8008,34.769547,39.56828,29.966845,1.0,35.60676771462315,35.0,37.0,38.0,38.0,38.0,0
Mbalmayo,BIO_FP_FH__L2A_20251215T050116_20251227T050144_T_G01_M01_C___T004_F004,2025-12-15,21,24,11.450246810913086,3.4315695762634277,7.328424453735352,1.0,8649,65.03520202636719,31.871094653283617,33.010624,36.87208,37.8333,39.428085,42.067932,36.350338,1.0,37.32710699451247,37.0,38.0,38.0,39.0,39.0,0
Mbalmayo,BIO_FP_FH__L2A_20251215T050116_20251227T050144_T_G01_M01_C___T004_F004,2025-12-15,21,25,11.451080322265625,3.4315695762634277,5.439024448394775,1.0,8649,75.66899871826172,30.414295547173083,32.11943,36.375977,37.40515,39.622467,41.372223,35.209682,1.0,37.391468615735356,38.0,39.0,39.0,39.0,39.0,0
Mbalmayo,BIO_FP_FH__L2A_20251215T050116_20251227T050144_T_G01_M01_C___T004_F004,2025-12-15,21,26,11.451913833618164,3.4315695762634277,0.7645655274391174,1.0,8649,92.25328826904297,29.103737155306973,29.399445,38.772423,39.89017,41.551228,43.380703,36.686535,1.0,37.877951731060485,38.0,39.09500198364256,40.0,40.0,40.0,0
Mbalmayo,BIO_FP_FH__L2A_20251215T050116_20251227T050144_T_G01_M01_C___T004_F004,2025-12-15,21,27,11.452747344970703,3.4315695762634277,1.5331655740737915,1.0,8649,66.0014877319336,29.377783694285466,31.24237,38.772255,40.561424,42.544575,43.568974,37.396515,1.0,38.37760770614471,39.0,39.0,40.0,40.0,40.0,0
Mbalmayo,BIO_FP_FH__L2A_20251215T050116_20251227T050144_T_G01_M01_C___T004_F004,2025-12-15,21,28,11.453580856323242,3.4315695762634277,2.596165657043457,1.0,8649,37.74949264526367,20.612812445802984,19.745356,31.95704,35.1214,41.132416,43.587185,28.846237,1.0,35.87388419156709,36.0,37.417076110839844,38.0,38.0,38.0,0
Mbalmayo,BIO_FP_FH__L2A_20251215T050116_20251227T050144_T_G01_M01_C___T004_F004,2025-12-15,21,29,11.454414367675781,3.4315695762634277,3.625765562057495,0.9303748706046219,8060,25.255491256713867,18.94933197749752,20.777218,29.175442,30.60667,32.26771,34.17237,27.328403,0.9522122863859088,35.94243736684179,36.0,38.0,38.0,38.0,38.0,0
Mbalmayo,BIO_FP_FH__L2A_20251215T050116_20251227T050144_T_G01_M01_C___T004_F004,2025-12-15,21,32,11.456914901733398,3.4315695762634277,4.517965793609619,1.0,8649,21.16189193725586,14.432250793083016,12.766084,30.162804,35.22569,41.867615,43.566116,27.016176,1.0,28.975889042300672,28.59554100036621,33.0,33.304473876953125,34.0,34.0,0
Mbalmayo,BIO_FP_FH__L2A_20251215T050116_20251227T050144_T_G01_M01_C___T004_F004,2025-12-15,21,33,11.457748413085938,3.4315695762634277,3.7949655055999756,1.0,8649,32.150489807128906,18.415192281983465,19.584202,30.004465,32.150684,34.813625,38.676395,28.682728,1.0,33.541971487618,34.0,35.0,35.0,35.0,35.0,0
Mbalmayo,BIO_FP_FH__L2A_20251215T050116_20251227T050144_T_G01_M01_C___T004_F004,2025-12-15,21,34,11.458581924438477,3.4315695762634277,7.330106735229492,1.0,8649,38.76539993286133,18.577644904757776,16.99131,32.779095,36.11245,39.539818,43.054935,27.882833,1.0,33.77314384593648,34.0,35.0,35.0,35.0,35.0,0
Mbalmayo,BIO_FP_FH__L2A_20251215T050116_20251227T050144_T_G01_M01_C___T004_F004,2025-12-15,21,35,11.459415435791016,3.4315695762634277,4.812906742095947,1.0,8649,76.98300170898438,13.58216787164701,11.156475,26.777706,30.686691,36.297176,39.173157,22.35688,1.0,31.622972812359286,32.0,33.0,33.0,34.27482223510742,35.0,0
Mbalmayo,BIO_FP_FH__L2A_20251215T050116_20251227T050144_T_G01_M01_C___T004_F004,2025-12-15,21,36,11.460248947143555,3.4315695762634277,2.295106887817383,1.0,8649,77.53959655761719,15.56989744117817,12.1469755,32.54042,35.93283,40.091537,45.619953,24.96146,1.0,32.07185716019268,32.233436584472656,35.0,35.0,36.0,36.0,0
Mbalmayo,BIO_FP_FH__L2A_20251215T050116_20251227T050144_T_G01_M01_C___T004_F004,2025-12-15,21,37,11.461082458496094,3.4315695762634277,2.9533069133758545,1.0,8649,50.155399322509766,11.021282039469881,8.03535,25.265753,29.969343,39.28166,44.079628,20.261898,1.0,34.62387243697155,35.0,35.0,36.0,37.0,37.0,0
Mbalmayo,BIO_FP_FH__L2A_20251215T050116_20251227T050144_T_G01_M01_C___T004_F004,2025-12-15,21,38,11.461915969848633,3.4315695762634277,2.9455068111419678,1.0,8649,29.279600143432617,13.789887423762863,11.508919,30.410526,33.7577,42.288074,47.13888,23.87564,1.0,35.21968995834282,35.0,37.0,38.0,38.0,38.0,0
Mbalmayo,BIO_FP_FH__L2A_20251215T050116_20251227T050144_T_G01_M01_C___T004_F004,2025-12-15,21,39,11.462749481201172,3.4315695762634277,3.6157069206237793,1.0,8649,20.605199813842773,14.242376512096774,12.379197,27.72397,33.46017,40.520405,44.174625,22.890087,1.0,33.89982810689199,34.0395393371582,36.0,36.0,37.0,37.0,0
Mbalmayo,BIO_FP_FH__L2A_20251215T050116_20251227T050144_T_G01_M01_C___T004_F004,2025-12-15,21,40,11.463582992553711,3.4315695762634277,4.943306922912598,1.0,8649,12.904999732971191,15.886500832827494,17.039324,27.486326,31.67478,34.508945,37.163296,25.644337,1.0,33.19530170624594,33.0,35.0,35.0,36.0,36.0,0
Mbalmayo,BIO_FP_FH__L2A_20251215T050116_20251227T050144_T_G01_M01_C___T004_F004,2025-12-15,21,41,11.46441650390625,3.4315695762634277,11.285507202148438,1.0,8649,4.7484002113342285,22.830384112325124,21.011234,36.8104,39.473076,42.50618,44.729347,34.410763,1.0,36.06650052405269,36.0,37.0,37.53145217895508,38.0,38.0,0
Mbalmayo,BIO_FP_FH__L2A_20251215T050116_20251227T050144_T_G01_M01_C___T004_F004,2025-12-15,21,42,11.465250015258789,3.4315695762634277,13.347000122070312,1.0,8649,2.1702001094818115,15.746049037460978,13.054668,31.226875,34.4955,45.14639,47.426617,25.388744,1.0,36.04827214026123,36.0,37.0,37.0,37.0,37.0,0
Mbalmayo,BIO_FP_FH__L2A_20251215T050116_20251227T050144_T_G01_M01_C___T004_F004,2025-12-15,21,43,11.466083526611328,3.4315695762634277,3.0648000240325928,1.0,8649,48.895198822021484,17.676631917345937,15.017693,32.11876,36.860916,42.394993,43.581135,28.023779,1.0,36.147296366987646,36.0,37.63740921020508,38.0,38.0,38.0,0
Mbalmayo,BIO_FP_FH__L2A_20251215T050116_20251227T050144_T_G01_M01_C___T004_F004,2025-12-15,22,2,11.431909561157227,3.4307360649108887,15.899650573730469,0.9602918074660004,8341,0.0,9.587276413197166,4.8090744,24.050364,31.329311,39.279194,41.19902,16.985834,1.0,29.149463741775744,29.0,32.30461883544922,33.0,35.0,36.0,0
Mbalmayo,BIO_FP_FH__L2A_20251215T050116_20251227T050144_T_G01_M01_C___T004_F004,2025-12-15,22,3,11.432743072509766,3.4307360649108887,17.005451202392578,1.0,8649,0.0,21.697794271736615,23.15026,33.21179,35.58754,38.681984,41.898903,31.625263,1.0,33.704790215255734,34.0,36.0,36.0,37.0,37.0,0
Mbalmayo,BIO_FP_FH__L2A_20251215T050116_20251227T050144_T_G01_M01_C___T004_F004,2025-12-15,22,4,11.433576583862305,3.4307360649108887,18.220251083374023,1.0,8649,0.0,23.420780220256677,24.310501,32.539024,33.906544,35.797043,38.521988,31.49894,1.0,31.66037374486095,32.0,34.0,34.0,35.0,35.0,0
Mbalmayo,BIO_FP_FH__L2A_20251215T050116_20251227T050144_T_G01_M01_C___T004_F004,2025-12-15,22,5,11.434410095214844,3.4307360649108887,19.663850784301758,1.0,8649,0.0,23.8456216036536,24.890089,31.214043,32.609207,34.22365,37.444996,30.427732,1.0,28.95290491437344,29.0,30.0,31.0,31.0,31.0,0
Mbalmayo,BIO_FP_FH__L2A_20251215T050116_20251227T050144_T_G01_M01_C___T004_F004,2025-12-15,22,6,11.435243606567383,3.4307360649108887,21.107250213623047,1.0,8649,0.0,23.97269915597179,24.649979,32.98382,34.823174,39.367477,45.335594,32.029583,1.0,28.426021720373722,29.0,29.296356201171875,30.0,30.0,30.0,0
Mbalmayo,BIO_FP_FH__L2A_20251215T050116_20251227T050144_T_G01_M01_C___T004_F004,2025-12-15,22,7,11.436077117919922,3.4307360649108887,21.578651428222656,1.0,8649,0.0,25.508473026144642,26.97565,33.01145,34.69057,38.44062,43.581875,32.08394,1.0,28.92047338389788,29.0,30.0,31.0,31.0,31.0,0
Mbalmayo,BIO_FP_FH__L2A_20251215T050116_20251227T050144_T_G01_M01_C___T004_F004,2025-12-15,22,8,11.436910629272461,3.4307360649108887,21.298250198364258,1.0,8649,0.0,24.039592050020232,24.375574,34.545868,36.965492,42.238064,45.773975,32.455475,1.0,31.18049490566212,31.0,33.0,33.847591400146484,35.0,35.0,0
Mbalmayo,BIO_FP_FH__L2A_20251215T050116_20251227T050144_T_G01_M01_C___T004_F004,2025-12-15,22,9,11.437744140625,3.4307360649108887,23.31005096435547,1.0,8649,0.21439999341964722,32.086180934934674,34.46991,40.346603,41.707355,44.672337,46.68572,39.352497,1.0,35.052011744357735,34.296356201171875,40.0,40.0,40.549617767333984,41.0,0
Mbalmayo,BIO_FP_FH__L2A_20251215T050116_20251227T050144_T_G01_M01_C___T004_F004,2025-12-15,22,10,11.438577651977539,3.4307360649108887,28.34844207763672,1.0,8649,0.7006810903549194,25.094068407474854,25.902561,38.374146,39.405037,40.95732,42.98608,37.027573,1.0,41.36125705095781,41.0,43.0,43.0,43.0,44.0,0
Mbalmayo,BIO_FP_FH__L2A_20251215T050116_20251227T050144_T_G01_M01_C___T004_F004,2025-12-15,22,11,11.439411163330078,3.4307360649108887,32.10184097290039,1.0,8649,1.0150810480117798,31.013885727396232,33.145004,38.440266,39.59861,41.010857,42.6964,37.05973,1.0,41.63677935159776,41.0,43.0,43.0,44.0,44.0,0
Mbalmayo,BIO_FP_FH__L2A_20251215T050116_20251227T050144_T_G01_M01_C___T004_F004,2025-12-15,22,12,11.440244674682617,3.4307360649108887,31.53904151916504,1.0,8649,1.0128810405731201,32.267539509625394,33.080875,41.809082,43.705475,46.19159,48.629967,40.47978,1.0,40.42339649524616,40.0,42.0,42.0,42.0,42.0,0
Mbalmayo,BIO_FP_FH__L2A_20251215T050116_20251227T050144_T_G01_M01_C___T004_F004,2025-12-15,22,13,11.441078186035156,3.4307360649108887,30.952041625976562,1.0,8649,1.0120811462402344,29.57528778616025,31.30791,40.609966,41.644295,43.159595,44.765957,38.828373,1.0,41.93643663714891,42.0,43.0,43.0,43.0,43.0,0
Mbalmayo,BIO_FP_FH__L2A_20251215T050116_20251227T050144_T_G01_M01_C___T004_F004,2025-12-15,22,14,11.441911697387695,3.4307360649108887,25.16324234008789,1.0,8649,8.743881225585938,27.708990472164412,28.560642,37.239677,38.9272,40.620583,43.735573,35.700203,1.0,40.631311752049406,42.0,43.0,44.0,44.0,44.0,0
Mbalmayo,BIO_FP_FH__L2A_20251215T050116_20251227T050144_T_G01_M01_C___T004_F004,2025-12-15,22,15,11.442745208740234,3.4307360649108887,18.579042434692383,1.0,8649,18.948680877685547,23.309915705572898,24.93134,34.467793,36.126614,38.79612,40.691124,33.449528,1.0,37.30595978467723,37.0,39.0,39.0,40.0,40.0,0
Mbalmayo,BIO_FP_FH__L2A_20251215T050116_20251227T050144_T_G01_M01_C___T004_F004,2025-12-15,22,18,11.445245742797852,3.4307360649108887,22.48502540588379,1.0,8649,0.2337999939918518,14.343740967163834,14.838442,24.9219,29.760101,32.067734,33.324924,22.350298,1.0,32.6153195167583,32.0,34.0,34.887508392333984,35.0,35.0,0
Mbalmayo,BIO_FP_FH__L2A_20251215T050116_20251227T050144_T_G01_M01_C___T004_F004,2025-12-15,22,19,11.44607925415039,3.4307360649108887,19.876625061035156,1.0,8649,0.0,9.837651480662505,10.35642,16.664907,19.207735,22.601473,25.634048,15.471683,1.0,32.37760103913536,32.0,33.0,34.0,34.0,35.0,0
Mbalmayo,BIO_FP_FH__L2A_20251215T050116_20251227T050144_T_G01_M01_C___T004_F004,2025-12-15,22,20,11.44691276550293,3.4307360649108887,21.72982406616211,1.0,8649,0.0,12.963304780538213,12.774177,17.963955,20.570786,29.59318,33.023376,16.910297,1.0,32.89258469365376,33.0,34.0,34.0,34.0,34.0,0
Mbalmayo,BIO_FP_FH__L2A_20251215T050116_20251227T050144_T_G01_M01_C___T004_F004,2025-12-15,22,21,11.447746276855469,3.4307360649108887,21.92902374267578,1.0,8649,0.0,17.08591130477512,15.59544,27.381426,29.961117,32.96531,34.785442,24.767046,1.0,33.648282683451114,34.0,35.0,35.0,35.0,37.0,0
Mbalmayo,BIO_FP_FH__L2A_20251215T050116_20251227T050144_T_G01_M01_C___T004_F004,2025-12-15,22,22,11.448579788208008,3.4307360649108887,14.041624069213867,1.0,8649,36.43280029296875,24.968005016837207,24.763416,31.988108,33.934467,40.290462,44.821552,30.765388,1.0,35.36049115025166,35.0,36.0,37.0,37.0,37.0,0
Mbalmayo,BIO_FP_FH__L2A_20251215T050116_20251227T050144_T_G01_M01_C___T004_F004,2025-12-15,22,23,11.449413299560547,3.4307360649108887,5.792224407196045,1.0,8649,75.70079803466797,26.4661386070644,28.087502,34.350887,35.52902,37.395298,39.57984,33.51531,1.0,34.18313186597874,34.0,35.19039535522461,36.0,36.0,37.0,0
Mbalmayo,BIO_FP_FH__L2A_20251215T050116_20251227T050144_T_G01_M01_C___T004_F004,2025-12-15,22,24,11.450246810913086,3.4307360649108887,0.3298245370388031,1.0,8649,93.80899810791016,25.706045541753383,26.460693,34.7295,36.225807,38.89108,41.543766,33.035282,1.0,36.170671809903595,36.0,38.0,39.0,39.0,39.0,0
Mbalmayo,BIO_FP_FH__L2A_20251215T050116_20251227T050144_T_G01_M01_C___T004_F004,2025-12-15,22,25,11.451080322265625,3.4307360649108887,0.7744245529174805,1.0,8649,89.25140380859375,26.69293279931206,28.277855,39.760677,41.065975,43.01337,44.68763,37.27445,1.0,37.280886239572155,38.0,39.0,39.0,39.0,39.0,0
Mbalmayo,BIO_FP_FH__L2A_20251215T050116_20251227T050144_T_G01_M01_C___T004_F004,2025-12-15,22,26,11.451913833618164,3.4307360649108887,1.4319655895233154,1.0,8649,82.01649475097656,29.03885090581281,32.213184,41.77184,43.54471,45.145325,46.43442,40.597313,1.0,36.55231098285754,36.0,39.0,39.0,39.0,39.0,0
Mbalmayo,BIO_FP_FH__L2A_20251215T050116_20251227T050144_T_G01_M01_C___T004_F004,2025-12-15,22,27,11.452747344970703,3.4307360649108887,3.625565528869629,1.0,8649,54.87489318847656,22.65489913935137,23.330866,36.30127,37.602337,40.23124,43.148354,34.535122,1.0,35.498848657412864,35.0,38.0,38.0,39.0,40.0,0
Mbalmayo,BIO_FP_FH__L2A_20251215T050116_20251227T050144_T_G01_M01_C___T004_F004,2025-12-15,22,28,11.453580856323242,3.4307360649108887,4.8079657554626465,1.0,8649,25.811290740966797,28.731991686177594,28.753174,36.053524,38.75272,45.203205,47.37132,33.584816,1.0,34.669084392595686,34.0,36.0,36.0,37.0,37.0,0
Mbalmayo,BIO_FP_FH__L2A_20251215T050116_20251227T050144_T_G01_M01_C___T004_F004,2025-12-15,22,29,11.454414367675781,3.4307360649108887,5.354965686798096,1.0,8649,13.811091423034668,22.277869461064864,23.09604,30.672457,32.335815,34.155804,35.919357,29.395166,1.0,35.42893939989125,35.0,37.0,37.0,37.0,38.0,0
Mbalmayo,BIO_FP_FH__L2A_20251215T050116_20251227T050144_T_G01_M01_C___T004_F004,2025-12-15,22,32,11.456914901733398,3.4307360649108887,4.950565338134766,0.9874868544006171,8556,17.33489227294922,5.597533053867192,3.189021,14.921528,22.001965,28.698322,37.13537,12.859292,0.9470448903071838,27.877560783270635,27.0,33.0,33.0,33.0,33.0,0
Mbalmayo,BIO_FP_FH__L2A_20251215T050116_20251227T050144_T_G01_M01_C___T004_F004,2025-12-15,22,33,11.457748413085938,3.4307360649108887,5.678365707397461,1.0,8649,27.463491439819336,12.468302648788878,10.624796,23.0825,28.466152,36.933975,38.666615,20.569714,1.0,31.73315187062345,32.0,33.0,33.0,33.801596374511796,34.0,0
Mbalmayo,BIO_FP_FH__L2A_20251215T050116_20251227T050144_T_G01_M01_C___T004_F004,2025-12-15,22,34,11.458581924438477,3.4307360649108887,6.758707046508789,1.0,8649,36.297401428222656,15.260967669672795,14.299585,26.47391,29.481663,32.81298,36.174664,23.220188,1.0,30.945625421614686,31.0,33.0,33.0,34.0,34.0,0
Mbalmayo,BIO_FP_FH__L2A_20251215T050116_20251227T050144_T_G01_M01_C___T004_F004,2025-12-15,22,35,11.459415435791016,3.4307360649108887,8.110906600952148,1.0,8649,55.19820022583008,16.160221286420395,14.814173,31.202662,35.80477,40.169247,42.527744,25.321356,1.0,29.514061155395297,30.0,31.0,32.0,32.0,33.0,0
Mbalmayo,BIO_FP_FH__L2A_20251215T050116_20251227T050144_T_G01_M01_C___T004_F004,2025-12-15,22,36,11.460248947143555,3.4307360649108887,10.095107078552246,1.0,8649,43.139400482177734,15.17813475546306,12.529734,30.580643,32.941975,37.29335,40.849937,26.15205,1.0,33.23172705384924,33.0,36.788719177246094,37.0,37.0,37.0,0
Mbalmayo,BIO_FP_FH__L2A_20251215T050116_20251227T050144_T_G01_M01_C___T004_F004,2025-12-15,22,37,11.461082458496094,3.4307360649108887,10.019307136535645,1.0,8649,17.94879913330078,18.604592564891895,15.2600355,38.24034,40.088932,42.95771,47.67836,33.26539,1.0,37.016753705364664,37.0,39.0,39.0,40.0,40.0,0
Mbalmayo,BIO_FP_FH__L2A_20251215T050116_20251227T050144_T_G01_M01_C___T004_F004,2025-12-15,22,38,11.461915969848633,3.4307360649108887,4.01090669631958,1.0,8649,21.569400787353516,22.290928909772806,21.101137,38.7788,43.90503,47.1513,48.490253,34.59356,1.0,38.09580656773424,38.0,39.0,40.0,40.0,40.0,0
Mbalmayo,BIO_FP_FH__L2A_20251215T050116_20251227T050144_T_G01_M01_C___T004_F004,2025-12-15,22,39,11.462749481201172,3.4307360649108887,4.499706745147705,1.0,8649,14.238800048828125,14.729493881156781,14.27354,27.289932,30.927355,36.10197,42.93406,23.530825,1.0,35.78549928165665,36.0,37.0,38.0,38.0,38.0,0
Mbalmayo,BIO_FP_FH__L2A_20251215T050116_20251227T050144_T_G01_M01_C___T004_F004,2025-12-15,22,40,11.463582992553711,3.4307360649108887,6.820507049560547,1.0,8649,8.01140022277832,19.091476886778818,18.55,32.27605,34.507896,37.489586,39.280632,29.662327,1.0,35.53229254366332,35.0,37.0,38.0,38.0,38.0,0
Mbalmayo,BIO_FP_FH__L2A_20251215T050116_20251227T050144_T_G01_M01_C___T004_F004,2025-12-15,22,41,11.46441650390625,3.4307360649108887,9.035706520080566,1.0,8649,3.661600112915039,18.21248911543242,17.423737,28.886736,32.965485,36.531452,43.211796,26.11616,1.0,35.832911035451936,36.0,37.0,37.0,37.0,37.0,0
Mbalmayo,BIO_FP_FH__L2A_20251215T050116_20251227T050144_T_G01_M01_C___T004_F004,2025-12-15,22,42,11.465250015258789,3.4307360649108887,9.142600059509277,1.0,8649,3.621799945831299,16.073776592669674,13.424773,32.067818,34.737373,38.25189,40.323334,24.64469,1.0,36.16258415198351,36.0,37.0,37.0,37.0,37.0,0
Mbalmayo,BIO_FP_FH__L2A_20251215T050116_20251227T050144_T_G01_M01_C___T004_F004,2025-12-15,22,43,11.466083526611328,3.4307360649108887,1.1842000484466553,1.0,8649,83.14099884033203,13.281699835241069,11.5736685,24.21425,31.58224,38.883724,41.368034,19.131826,1.0,34.72842989597503,35.0,35.0,36.0,36.0,37.0,0
Mbalmayo,BIO_FP_FH__L2A_20251215T050116_20251227T050144_T_G01_M01_C___T004_F004,2025-12-15,23,2,11.431909561157227,3.4299025535583496,16.808650970458984,0.9732756132279563,8445,0.0,11.120046921135467,8.122865,24.62808,29.059187,37.163742,39.02895,21.085743,1.0,34.69254313497712,35.0,37.0,37.0,37.0,38.0,0
Mbalmayo,BIO_FP_FH__L2A_20251215T050116_20251227T050144_T_G01_M01_C___T004_F004,2025-12-15,23,3,11.432743072509766,3.4299025535583496,17.692251205444336,1.0,8649,0.0,27.604955459084866,30.18009,37.254498,38.930832,40.434364,41.753223,35.589413,1.0,35.487714353524574,36.0,38.0,38.0,38.0,38.0,0
Mbalmayo,BIO_FP_FH__L2A_20251215T050116_20251227T050144_T_G01_M01_C___T004_F004,2025-12-15,23,4,11.433576583862305,3.4299025535583496,19.6330509185791,1.0,8649,0.0,27.273097865360157,27.52476,35.504795,37.009747,39.724957,41.620247,34.6477,1.0,32.373114481235824,32.0,34.0,34.0,35.0,35.0,0
Mbalmayo,BIO_FP_FH__L2A_20251215T050116_20251227T050144_T_G01_M01_C___T004_F004,2025-12-15,23,5,11.434410095214844,3.4299025535583496,20.8924503326416,1.0,8649,0.0,21.15034500917736,21.971874,29.514503,31.619926,35.361427,37.940815,28.056795,1.0,30.59888875623675,30.0,32.0,32.0,34.0,34.0,0
Mbalmayo,BIO_FP_FH__L2A_20251215T050116_20251227T050144_T_G01_M01_C___T004_F004,2025-12-15,23,6,11.435243606567383,3.4299025535583496,22.182050704956055,1.0,8649,0.0,25.895700776462597,26.636486,34.31804,35.58974,37.6021,39.81318,32.66417,1.0,30.409316438156022,30.21026039123535,32.0,32.0,32.0,32.0,0
Mbalmayo,BIO_FP_FH__L2A_20251215T050116_20251227T050144_T_G01_M01_C___T004_F004,2025-12-15,23,7,11.436077117919922,3.4299025535583496,22.883451461791992,1.0,8649,0.0,26.660552791507687,28.065617,35.852646,37.453484,42.583042,44.732185,34.82839,1.0,30.713790165811538,31.0,32.0,32.0,32.0,32.0,0
Mbalmayo,BIO_FP_FH__L2A_20251215T050116_20251227T050144_T_G01_M01_C___T004_F004,2025-12-15,23,8,11.436910629272461,3.4299025535583496,23.212249755859375,1.0,8649,0.0,33.15751708109319,34.19449,41.011032,42.058643,44.057625,46.69796,39.784653,1.0,33.296514495671424,33.0,36.0,36.0,36.0,37.0,0
Mbalmayo,BIO_FP_FH__L2A_20251215T050116_20251227T050144_T_G01_M01_C___T004_F004,2025-12-15,23,9,11.437744140625,3.4299025535583496,24.76085090637207,1.0,8649,0.1526000052690506,34.18432495808764,34.88698,40.673668,41.990993,43.88757,45.508533,38.98519,1.0,36.849680454334866,37.0,38.0,38.0,39.0,40.0,0
Mbalmayo,BIO_FP_FH__L2A_20251215T050116_20251227T050144_T_G01_M01_C___T004_F004,2025-12-15,23,10,11.438577651977539,3.4299025535583496,28.972042083740234,1.0,8649,0.6258810758590698,32.249336086541796,34.96118,40.736214,41.858032,44.817326,48.370342,39.518715,1.0,40.566959555320814,41.0,43.0,43.0,44.0,44.0,0
Mbalmayo,BIO_FP_FH__L2A_20251215T050116_20251227T050144_T_G01_M01_C___T004_F004,2025-12-15,23,11,11.439411163330078,3.4299025535583496,32.24864196777344,1.0,8649,1.0100810527801514,34.4699030415366,35.368122,39.902416,40.899017,42.339634,43.954628,38.828968,1.0,40.91675989762085,41.0,42.0,42.0,42.77471160888672,43.0,0
Mbalmayo,BIO_FP_FH__L2A_20251215T050116_20251227T050144_T_G01_M01_C___T004_F004,2025-12-15,23,12,11.440244674682617,3.4299025535583496,31.481441497802734,1.0,8649,1.0100810527801514,34.13648254133426,35.130962,40.2211,41.029243,43.829643,46.49917,39.21724,1.0,39.9518908503869,40.0,41.0,42.0,42.0,43.0,0
Mbalmayo,BIO_FP_FH__L2A_20251215T050116_20251227T050144_T_G01_M01_C___T004_F004,2025-12-15,23,13,11.441078186035156,3.4299025535583496,22.578641891479492,1.0,8649,29.561080932617188,34.29860388484218,36.024372,41.234783,42.520996,44.553696,46.120956,40.16898,1.0,39.2112275850347,39.0,41.0,41.0,42.0,42.0,0
Mbalmayo,BIO_FP_FH__L2A_20251215T050116_20251227T050144_T_G01_M01_C___T004_F004,2025-12-15,23,14,11.441911697387695,3.4299025535583496,12.602042198181152,1.0,8649,57.84148025512695,33.47803349736964,34.8641,40.32479,41.68815,43.781277,45.34233,39.28988,1.0,41.2874289376017,41.0,42.0,43.0,43.0,43.0,0
Mbalmayo,BIO_FP_FH__L2A_20251215T050116_20251227T050144_T_G01_M01_C___T004_F004,2025-12-15,23,15,11.442745208740234,3.4299025535583496,11.614441871643066,1.0,8649,53.41387939453125,22.75732879162331,22.867002,32.60868,34.278114,36.352993,40.188683,30.99054,0.9970447912920775,38.63374235244309,39.0,39.0,40.0,41.0,41.0,0
Mbalmayo,BIO_FP_FH__L2A_20251215T050116_20251227T050144_T_G01_M01_C___T004_F004,2025-12-15,23,17,11.444412231445312,3.4299025535583496,26.959041595458984,0.9321274243003165,8093,0.7176811099052429,10.919151284455635,8.163741,25.199512,29.584557,34.578934,36.918907,22.136,0.9046359420518735,33.252594006903465,34.0,36.0,37.0,38.0,38.0,0
Mbalmayo,BIO_FP_FH__L2A_20251215T050116_20251227T050144_T_G01_M01_C___T004_F004,2025-12-15,23,18,11.445245742797852,3.4299025535583496,21.29742431640625,1.0,8649,0.3237999975681305,16.460004859665858,17.263346,24.85422,29.080164,32.02965,34.384724,22.674305,1.0,34.4167527353051,34.0,37.0,37.0,38.0,38.0,0
Mbalmayo,BIO_FP_FH__L2A_20251215T050116_20251227T050144_T_G01_M01_C___T004_F004,2025-12-15,23,19,11.44607925415039,3.4299025535583496,18.335424423217773,1.0,8649,0.012199999764561653,13.861649016504797,13.951719,23.072052,26.615795,31.289341,32.705128,19.819109,1.0,34.463846025390836,34.0,36.0,36.0,37.0,37.0,0
Mbalmayo,BIO_FP_FH__L2A_20251215T050116_20251227T050144_T_G01_M01_C___T004_F004,2025-12-15,23,20,11.44691276550293,3.4299025535583496,21.318023681640625,1.0,8649,0.0,19.5213048473812,20.708626,30.283035,31.530666,35.44573,38.685974,29.275402,1.0,35.8427660630361,36.0,37.0,37.0,38.0,38.0,0
Mbalmayo,BIO_FP_FH__L2A_20251215T050116_20251227T050144_T_G01_M01_C___T004_F004,2025-12-15,23,21,11.447746276855469,3.4299025535583496,24.372224807739258,1.0,8649,0.020600000396370888,25.603217315585617,26.523848,34.98589,36.898735,41.208168,43.4703,33.61267,1.0,35.78882492229503,36.0,37.0,38.23200607299805,39.0,39.0,0
Mbalmayo,BIO_FP_FH__L2A_20251215T050116_20251227T050144_T_G01_M01_C___T004_F004,2025-12-15,23,22,11.448579788208008,3.4299025535583496,25.5466251373291,1.0,8649,4.186600208282471,20.91633877471384,22.022705,35.62537,40.592556,43.124275,43.929943,33.824406,1.0,36.85622915470169,37.0,38.0,38.0,39.0,39.0,0
Mbalmayo,BIO_FP_FH__L2A_20251215T050116_20251227T050144_T_G01_M01_C___T004_F004,2025-12-15,23,23,11.449413299560547,3.4299025535583496,20.29942512512207,1.0,8649,32.40660095214844,18.41501952899179,18.258646,32.714645,34.415993,36.114132,38.666965,29.595291,1.0,37.00127435234988,37.0,39.0,39.0,39.0,39.0,0
Mbalmayo,BIO_FP_FH__L2A_20251215T050116_20251227T050144_T_G01_M01_C___T004_F004,2025-12-15,23,24,11.450246810913086,3.4299025535583496,13.927824974060059,1.0,8649,48.9364013671875,22.332659935397157,24.131395,36.407856,38.321342,39.992054,41.905354,34.59084,1.0,35.86746290755804,36.0,37.0,37.0,37.0,37.0,0
Mbalmayo,BIO_FP_FH__L2A_20251215T050116_20251227T050144_T_G01_M01_C___T004_F004,2025-12-15,23,25,11.451080322265625,3.4299025535583496,6.854224681854248,1.0,8649,58.16579818725586,20.644724101052145,21.165096,35.032295,37.3585,40.706768,43.449654,30.640232,1.0,36.481160614528825,37.0,38.0,38.0,38.0,38.0,0
Mbalmayo,BIO_FP_FH__L2A_20251215T050116_20251227T050144_T_G01_M01_C___T004_F004,2025-12-15,23,26,11.451913833618164,3.4299025535583496,1.8955655097961426,1.0,8649,63.51689147949219,16.564251466932593,13.852534,32.136833,36.09989,38.38108,40.45163,28.397287,1.0,34.314578467730854,34.0,37.0,37.0,38.0,39.0,0
Mbalmayo,BIO_FP_FH__L2A_20251215T050116_20251227T050144_T_G01_M01_C___T004_F004,2025-12-15,23,27,11.452747344970703,3.4299025535583496,3.90496563911438,1.0,8649,39.26428985595703,14.307604428618916,11.101056,29.095263,35.49792,39.481533,43.458675,24.231136,1.0,32.68836995761151,33.0,34.0,34.0,35.0,36.0,0
Mbalmayo,BIO_FP_FH__L2A_20251215T050116_20251227T050144_T_G01_M01_C___T004_F004,2025-12-15,23,28,11.453580856323242,3.4299025535583496,6.089765548706055,1.0,8649,13.394691467285156,25.48291981009365,26.948223,35.472248,40.495716,44.41568,47.26747,33.896324,1.0,35.36589281318339,35.0,36.316219329833984,37.0,37.0,37.0,0
Mbalmayo,BIO_FP_FH__L2A_20251215T050116_20251227T050144_T_G01_M01_C___T004_F004,2025-12-15,23,29,11.454414367675781,3.4299025535583496,6.342165470123291,1.0,8649,6.229491710662842,24.41390532865071,25.740364,31.95047,33.270557,35.879215,39.423157,31.18943,1.0,34.15246018272891,34.0,36.0,36.0,36.0,36.0,0
Mbalmayo,BIO_FP_FH__L2A_20251215T050116_20251227T050144_T_G01_M01_C___T004_F004,2025-12-15,23,30,11.45524787902832,3.4299025535583496,5.723965644836426,0.996374600635731,8627,7.715891361236572,18.66291267239231,19.260582,28.721563,30.490572,32.63847,33.984165,26.185564,0.9829109973234438,32.8977177029547,33.0,34.0,34.0,34.0,34.0,0
Mbalmayo,BIO_FP_FH__L2A_20251215T050116_20251227T050144_T_G01_M01_C___T004_F004,2025-12-15,23,33,11.457748413085938,3.4299025535583496,16.32656478881836,1.0,8649,9.36069107055664,6.503017193100359,5.2329736,13.115909,15.726252,20.580795,30.489098,10.991371,1.0,27.286695793937817,27.0,29.0,29.0,30.0,31.0,0
Mbalmayo,BIO_FP_FH__L2A_20251215T050116_20251227T050144_T_G01_M01_C___T004_F004,2025-12-15,23,34,11.458581924438477,3.4299025535583496,17.194307327270508,1.0,8649,9.936200141906738,6.914808838088218,6.412152,14.3499565,15.998918,19.665405,30.414257,12.444825,1.0,24.839523407389958,25.0,28.0,29.0,30.0,31.0,0
Mbalmayo,BIO_FP_FH__L2A_20251215T050116_20251227T050144_T_G01_M01_C___T004_F004,2025-12-15,23,35,11.459415435791016,3.4299025535583496,18.078306198120117,1.0,8649,6.3917999267578125,2.4769244909093535,1.7366712,5.577029,8.353544,12.271803,30.930822,3.5285249,1.0,25.04724001567451,25.0,27.0,27.299671173095703,28.0,29.0,0
Mbalmayo,BIO_FP_FH__L2A_20251215T050116_20251227T050144_T_G01_M01_C___T004_F004,2025-12-15,23,36,11.460248947143555,3.4299025535583496,18.6333065032959,1.0,8649,3.7827999591827393,6.765027703708522,3.3407433,18.669561,24.770218,29.946205,35.19818,13.422444,1.0,30.765129987566937,31.0,34.0,35.0,36.0,37.0,0
Mbalmayo,BIO_FP_FH__L2A_20251215T050116_20251227T050144_T_G01_M01_C___T004_F004,2025-12-15,23,37,11.461082458496094,3.4299025535583496,12.528507232666016,0.9999999858861935,8649,9.554800033569336,9.27775329424364,8.023766,19.439674,23.782442,31.833084,34.681522,17.931715,1.0,34.90366895527685,35.0,37.0,37.0,38.0,38.0,0
Mbalmayo,BIO_FP_FH__L2A_20251215T050116_20251227T050144_T_G01_M01_C___T004_F004,2025-12-15,23,38,11.461915969848633,3.4299025535583496,6.02830696105957,1.0000000423414195,8649,24.134000778198242,15.325202228609472,13.673755,28.237139,31.501806,33.74337,36.87322,25.763985,1.0,36.25114879504506,36.0,38.0,38.0,38.0,38.0,0
Mbalmayo,BIO_FP_FH__L2A_20251215T050116_20251227T050144_T_G01_M01_C___T004_F004,2025-12-15,23,39,11.462749481201172,3.4299025535583496,4.679106712341309,1.000000056455226,8649,31.999799728393555,12.444178176522271,12.033076,26.552717,29.203068,33.60153,36.02174,21.316278,1.0,34.08666175395054,34.0,36.0,36.0,37.0,37.0,0
Mbalmayo,BIO_FP_FH__L2A_20251215T050116_20251227T050144_T_G01_M01_C___T004_F004,2025-12-15,23,40,11.463582992553711,3.4299025535583496,6.488707065582275,1.0,8649,32.55160140991211,17.14464980597468,16.736729,29.2957,32.93274,36.0731,39.49767,25.57582,1.0,36.56475272847402,37.0,38.0,38.0,38.0,38.0,0
Mbalmayo,BIO_FP_FH__L2A_20251215T050116_20251227T050144_T_G01_M01_C___T004_F004,2025-12-15,23,41,11.46441650390625,3.4299025535583496,10.350107192993164,1.000000056455226,8649,2.130199909210205,16.67421401486229,17.27248,23.04332,24.601328,28.313513,34.32069,22.030508,1.0,35.83808661593304,36.0,37.0,37.0,38.0,38.0,0
Mbalmayo,BIO_FP_FH__L2A_20251215T050116_20251227T050144_T_G01_M01_C___T004_F004,2025-12-15,23,42,11.465250015258789,3.4299025535583496,11.494199752807617,1.0,8649,1.7211999893188477,19.967746903543762,18.021097,36.81501,39.208996,41.605896,46.56306,32.36346,1.0,38.40414154991303,38.887210845947266,40.0,40.0,40.0,40.0,0
Mbalmayo,BIO_FP_FH__L2A_20251215T050116_20251227T050144_T_G01_M01_C___T004_F004,2025-12-15,23,43,11.466083526611328,3.4299025535583496,7.144199848175049,1.0,8649,22.680999755859375,17.885916408327553,16.338655,34.45095,36.725662,41.349136,43.30203,30.487799,1.0,36.09874314453605,36.0,39.0,39.0,39.0,39.0,0
Mbalmayo,BIO_FP_FH__L2A_20251215T050116_20251227T050144_T_G01_M01_C___T004_F004,2025-12-15,24,2,11.431909561157227,3.4290690422058105,20.210050582885742,0.9809922663679508,8539,0.0,14.358078827036463,12.609753,29.393637,33.71924,38.63029,42.195454,25.09157,1.0,33.34160052173909,33.0,35.0,36.0,36.0,36.0,0
Mbalmayo,BIO_FP_FH__L2A_20251215T050116_20251227T050144_T_G01_M01_C___T004_F004,2025-12-15,24,3,11.432743072509766,3.4290690422058105,20.792051315307617,1.0,8649,0.0,24.615668176956873,24.123528,35.687973,41.74135,49.397537,52.110714,32.34226,1.0,33.39593031569318,33.0,35.0,36.0,36.0,36.0,0
Mbalmayo,BIO_FP_FH__L2A_20251215T050116_20251227T050144_T_G01_M01_C___T004_F004,2025-12-15,24,4,11.433576583862305,3.4290690422058105,21.347049713134766,1.0,8649,0.0,27.04868992260666,27.47594,36.675247,39.424026,42.28872,51.51519,35.11995,1.0,34.12248164924642,34.0,36.0,36.0,36.0,36.0,0
Mbalmayo,BIO_FP_FH__L2A_20251215T050116_20251227T050144_T_G01_M01_C___T004_F004,2025-12-15,24,5,11.434410095214844,3.4290690422058105,22.410249710083008,1.0,8649,0.0,22.65488107367904,23.414862,33.762474,36.94054,39.87753,41.95948,31.27399,1.0,33.172074265777205,33.0,35.0,35.14572525024414,36.0,36.0,0
Mbalmayo,BIO_FP_FH__L2A_20251215T050116_20251227T050144_T_G01_M01_C___T004_F004,2025-12-15,24,6,11.435243606567383,3.4290690422058105,23.66145133972168,1.0,8649,0.0,24.038690121329054,25.030567,34.85577,37.431614,39.90718,41.58691,32.556835,1.0,30.74900154875033,31.0,32.0,32.0,33.0,33.0,0
Mbalmayo,BIO_FP_FH__L2A_20251215T050116_20251227T050144_T_G01_M01_C___T004_F004,2025-12-15,24,7,11.436077117919922,3.4290690422058105,24.67045021057129,1.0,8649,0.25099998712539673,31.903270970632445,32.84675,39.961956,41.354477,43.70803,45.75869,38.76618,1.0,31.42905999156199,31.105918884277344,32.0,33.0,33.0,33.0,0
Mbalmayo,BIO_FP_FH__L2A_20251215T050116_20251227T050144_T_G01_M01_C___T004_F004,2025-12-15,24,8,11.436910629272461,3.4290690422058105,25.271249771118164,1.0,8649,0.4903999865055084,32.31527420980749,33.82609,40.93669,42.129654,43.900497,45.411705,39.69149,1.0,33.82074259796478,34.0,36.0,36.0,38.0,39.0,0
Mbalmayo,BIO_FP_FH__L2A_20251215T050116_20251227T050144_T_G01_M01_C___T004_F004,2025-12-15,24,9,11.437744140625,3.4290690422058105,26.121850967407227,0.9999999576585805,8649,0.6001999974250793,34.374544393957,35.78614,40.621204,41.51183,42.976704,45.126366,39.44158,1.0,36.24671038000111,36.0,37.0,38.0,39.0,39.0,0
Mbalmayo,BIO_FP_FH__L2A_20251215T050116_20251227T050144_T_G01_M01_C___T004_F004,2025-12-15,24,10,11.438577651977539,3.4290690422058105,28.283641815185547,1.0,8649,0.6656811237335205,30.645607060787373,33.19315,40.60653,42.081116,45.47295,47.518627,39.184406,1.0,38.34130001784832,38.0,40.0,40.0,40.0,41.0,0
Mbalmayo,BIO_FP_FH__L2A_20251215T050116_20251227T050144_T_G01_M01_C___T004_F004,2025-12-15,24,11,11.439411163330078,3.4290690422058105,31.76424217224121,1.0000000423414195,8649,0.9934810996055603,32.79680451014007,34.146114,39.349792,40.7178,43.083473,46.126675,37.785187,1.0,39.97366994371964,40.0,41.0,41.0,42.0,42.0,0
Mbalmayo,BIO_FP_FH__L2A_20251215T050116_20251227T050144_T_G01_M01_C___T004_F004,2025-12-15,24,12,11.440244674682617,3.4290690422058105,25.569442749023438,1.0,8649,20.66908073425293,31.864686307665625,33.389748,38.917927,40.313625,42.612595,44.45661,37.681713,1.0,39.745025201207135,40.0,41.0,41.0,41.0,41.0,0
Mbalmayo,BIO_FP_FH__L2A_20251215T050116_20251227T050144_T_G01_M01_C___T004_F004,2025-12-15,24,13,11.441078186035156,3.4290690422058105,13.372642517089844,0.9999999858861935,8649,60.78008270263672,32.7015627808868,34.469746,39.307865,40.530373,42.823734,44.900253,38.326107,1.0,37.160405625965105,37.0,39.0,39.0,40.0,40.0,0
Mbalmayo,BIO_FP_FH__L2A_20251215T050116_20251227T050144_T_G01_M01_C___T004_F004,2025-12-15,24,14,11.441911697387695,3.4290690422058105,1.6560423374176025,1.0,8649,93.69087982177734,31.148992567782404,32.67937,38.22631,39.269123,42.047752,44.706753,37.557632,1.0,39.724433022546606,40.0,41.0,41.0,41.279808044433594,42.0,0
Mbalmayo,BIO_FP_FH__L2A_20251215T050116_20251227T050144_T_G01_M01_C___T004_F004,2025-12-15,24,15,11.442745208740234,3.4290690422058105,11.740042686462402,1.0000000141138066,8649,53.51408004760742,17.559720348477217,16.701805,30.02383,32.358578,34.647015,36.833675,26.909506,0.9939851187904358,39.322191145250414,39.0,40.0,40.826148986816406,41.0,41.0,0
Mbalmayo,BIO_FP_FH__L2A_20251215T050116_20251227T050144_T_G01_M01_C___T004_F004,2025-12-15,24,17,11.444412231445312,3.4290690422058105,31.566242218017578,0.9411938230982266,8228,1.0100810527801514,14.956915313471095,17.033003,26.463829,28.823103,32.366184,34.871197,24.892603,0.9116801164087249,35.72502407894327,36.0,38.0,38.0,38.0,38.0,0
Mbalmayo,BIO_FP_FH__L2A_20251215T050116_20251227T050144_T_G01_M01_C___T004_F004,2025-12-15,24,18,11.445245742797852,3.4290690422058105,28.859424591064453,0.999999943544774,8649,0.8252000212669373,18.579082626236293,18.697393,28.976555,30.425957,33.6822,35.91398,26.712406,1.0,37.2794103442706,38.0,39.0,39.0,39.0,39.0,0
Mbalmayo,BIO_FP_FH__L2A_20251215T050116_20251227T050144_T_G01_M01_C___T004_F004,2025-12-15,24,19,11.44607925415039,3.4290690422058105,25.87802505493164,0.9999999858861935,8649,0.5135999917984009,15.810956511452007,15.496614,26.08402,28.682964,30.721792,32.355747,22.633223,1.0,35.147096261880016,35.0,36.0,37.0,37.0,37.0,0
Mbalmayo,BIO_FP_FH__L2A_20251215T050116_20251227T050144_T_G01_M01_C___T004_F004,2025-12-15,24,20,11.44691276550293,3.4290690422058105,25.878623962402344,0.9999999153171609,8649,0.18140000104904175,18.613435481169766,19.176996,30.297995,32.23213,35.78728,37.54752,27.48785,1.0,35.55386459671675,36.0,37.0,37.0,37.0,38.0,0
Mbalmayo,BIO_FP_FH__L2A_20251215T050116_20251227T050144_T_G01_M01_C___T004_F004,2025-12-15,24,21,11.447746276855469,3.4290690422058105,27.284423828125,0.9999999576585805,8649,0.0,17.37141334464696,16.883722,28.560242,30.919907,38.59155,45.384087,27.07559,1.0,36.6717311485556,36.96193313598633,38.0,39.0,39.0,39.0,0
Mbalmayo,BIO_FP_FH__L2A_20251215T050116_20251227T050144_T_G01_M01_C___T004_F004,2025-12-15,24,22,11.448579788208008,3.4290690422058105,29.49762535095215,1.0000000141138066,8649,0.4325999915599823,11.037170190867636,8.665479,24.9037,28.69361,33.39825,38.14772,21.521198,1.0,37.42342705119619,37.0,39.0,39.0,39.0,39.0,0
Mbalmayo,BIO_FP_FH__L2A_20251215T050116_20251227T050144_T_G01_M01_C___T004_F004,2025-12-15,24,23,11.449413299560547,3.4290690422058105,31.544424057006836,1.0000000705690326,8649,0.9132000207901001,15.778733015816933,13.018528,33.23116,36.196796,38.663612,40.57287,28.469164,1.0,38.045412330658316,38.0,39.0,39.0,40.0,40.0,0
Mbalmayo,BIO_FP_FH__L2A_20251215T050116_20251227T050144_T_G01_M01_C___T004_F004,2025-12-15,24,24,11.450246810913086,3.4290690422058105,21.92282485961914,1.000000028227613,8649,19.85260009765625,14.13400624197189,10.931957,31.490097,34.94319,37.64655,39.617683,26.628462,1.0,36.821260509387315,37.0,38.0,38.0,39.0,39.0,0
Mbalmayo,BIO_FP_FH__L2A_20251215T050116_20251227T050144_T_G01_M01_C___T004_F004,2025-12-15,24,25,11.451080322265625,3.4290690422058105,9.852424621582031,1.0000000987966455,8649,42.65520095825195,18.018090539071846,18.115036,30.486649,32.45259,36.065926,38.15581,28.171305,1.0,35.691528177410206,36.0,37.0,37.0,38.0,38.0,0
Mbalmayo,BIO_FP_FH__L2A_20251215T050116_20251227T050144_T_G01_M01_C___T004_F004,2025-12-15,24,26,11.451913833618164,3.4290690422058105,2.3087656497955322,0.9999999858861935,8649,52.56309127807617,18.77229307878537,17.653954,32.737015,37.389202,40.101906,41.83893,29.471817,1.0,33.35854393584919,33.0,34.45721435546875,35.0,35.0,35.0,0
Mbalmayo,BIO_FP_FH__L2A_20251215T050116_20251227T050144_T_G01_M01_C___T004_F004,2025-12-15,24,27,11.452747344970703,3.4290690422058105,3.8041656017303467,0.9999999858861935,8649,32.035491943359375,24.411654916240416,25.647596,35.174442,37.632034,40.97201,43.02181,33.110317,1.0,33.93013792493355,34.0,35.0,35.0,35.0,35.0,0
Mbalmayo,BIO_FP_FH__L2A_20251215T050116_20251227T050144_T_G01_M01_C___T004_F004,2025-12-15,24,28,11.453580856323242,3.4290690422058105,4.951565742492676,1.0,8649,15.927891731262207,21.54877754111747,21.702711,35.952965,40.16684,41.770004,42.677258,33.382126,1.0,35.35635848524446,35.0,36.0,37.0,37.0,37.0,0
Mbalmayo,BIO_FP_FH__L2A_20251215T050116_20251227T050144_T_G01_M01_C___T004_F004,2025-12-15,24,29,11.454414367675781,3.4290690422058105,4.822765350341797,1.0,8649,11.698891639709473,17.175303864608626,17.920132,28.855988,31.235529,34.183887,36.590515,25.89201,1.0,33.58622240659088,34.0,35.0,35.279808044433594,36.0,36.0,0
Mbalmayo,BIO_FP_FH__L2A_20251215T050116_20251227T050144_T_G01_M01_C___T004_F004,2025-12-15,24,30,11.45524787902832,3.4290690422058105,4.008765697479248,1.0,8649,21.82929229736328,12.791901746227888,12.346808,22.14817,24.881536,29.019352,33.480453,20.51971,0.9671916683616993,31.66724794364412,32.0,33.0,34.0,34.0,34.0,0
Mbalmayo,BIO_FP_FH__L2A_20251215T050116_20251227T050144_T_G01_M01_C___T004_F004,2025-12-15,24,43,11.466083526611328,3.4290690422058105,14.0600004196167,0.9999999858861935,8649,3.54259991645813,12.839707761211947,11.382216,27.691029,30.920124,33.9944,38.484795,23.288784,1.0,36.19380908762737,36.0,37.0,37.0,37.0,38.0,0
Mbalmayo,BIO_FP_FH__L2A_20251215T050116_20251227T050144_T_G01_M01_C___T004_F004,2025-12-15,25,2,11.431909561157227,3.4282355308532715,21.827594757080078,0.9825478477799998,8529,0.0,14.963145833661772,11.011575,34.428192,37.391262,39.099827,42.307957,29.35573,1.0,32.31850605648313,32.0,34.0,34.0,35.0,36.0,0
Mbalmayo,BIO_FP_FH__L2A_20251215T050116_20251227T050144_T_G01_M01_C___T004_F004,2025-12-15,25,3,11.432743072509766,3.4282355308532715,22.477994918823242,1.0000000141138066,8649,0.0,24.757325958173254,27.306541,32.670444,34.544014,36.54703,44.12797,31.587006,1.0,32.049540290475264,31.079490661621094,35.0,35.0,36.0,36.0,0
Mbalmayo,BIO_FP_FH__L2A_20251215T050116_20251227T050144_T_G01_M01_C___T004_F004,2025-12-15,25,4,11.433576583862305,3.4282355308532715,22.59679412841797,1.0,8649,0.0,27.59191430187016,28.466114,35.12112,36.6518,38.76615,42.111973,34.21671,1.0,32.36776412375498,33.0,35.0,35.49663543701172,36.0,36.0,0
Mbalmayo,BIO_FP_FH__L2A_20251215T050116_20251227T050144_T_G01_M01_C___T004_F004,2025-12-15,25,5,11.434410095214844,3.4282355308532715,23.689794540405273,0.9999999858861935,8649,0.0,20.529721030589602,21.518103,29.098965,31.04257,35.713333,37.21985,27.937767,1.0,34.52243922605503,35.0,36.0,36.0,37.0,37.0,0
Mbalmayo,BIO_FP_FH__L2A_20251215T050116_20251227T050144_T_G01_M01_C___T004_F004,2025-12-15,25,6,11.435243606567383,3.4282355308532715,25.34679412841797,1.0000001270242587,8649,0.0,21.750505785834275,23.168762,29.855288,33.03614,36.1297,38.373905,29.244877,1.0,29.919266697105915,30.0,32.0,32.0,34.0,36.0,0
Mbalmayo,BIO_FP_FH__L2A_20251215T050116_20251227T050144_T_G01_M01_C___T004_F004,2025-12-15,25,7,11.436077117919922,3.4282355308532715,26.431394577026367,0.9999999858861935,8649,0.17260000109672546,28.321612724850056,31.149416,38.545746,40.177486,42.57805,44.012814,37.197044,1.0,31.48961592387679,31.0,33.0,34.0,35.0,35.0,0
Mbalmayo,BIO_FP_FH__L2A_20251215T050116_20251227T050144_T_G01_M01_C___T004_F004,2025-12-15,25,8,11.436910629272461,3.4282355308532715,27.200395584106445,0.9999999858861935,8649,0.6725999712944031,33.930122232481864,36.87047,41.508602,42.63882,44.26952,46.020935,40.350506,1.0,36.09845772323229,36.0,37.34604263305664,38.0,38.0,39.0,0
Mbalmayo,BIO_FP_FH__L2A_20251215T050116_20251227T050144_T_G01_M01_C___T004_F004,2025-12-15,25,9,11.437744140625,3.4282355308532715,27.200395584106445,1.0000000423414195,8649,1.2752000093460083,29.30653708725004,32.34257,39.323856,41.264786,43.094234,44.89499,37.29585,1.0,35.808994093855375,36.0,38.0,38.0,39.0,39.0,0
Mbalmayo,BIO_FP_FH__L2A_20251215T050116_20251227T050144_T_G01_M01_C___T004_F004,2025-12-15,25,10,11.438577651977539,3.4282355308532715,26.4078369140625,0.9999999858861935,8649,1.694000005722046,21.965901353495717,23.929527,36.06501,40.06063,42.89983,44.212482,34.521008,1.0,36.925218154549086,37.0,38.0,39.0,40.0,40.0,0
Mbalmayo,BIO_FP_FH__L2A_20251215T050116_20251227T050144_T_G01_M01_C___T004_F004,2025-12-15,25,11,11.439411163330078,3.4282355308532715,25.302637100219727,1.0000002540485171,8649,2.1224000453948975,20.50658288939072,21.51837,32.184692,34.845512,39.2885,43.165073,30.502743,1.0,38.05548657564941,38.0,40.0,40.0,41.0,41.0,0
Mbalmayo,BIO_FP_FH__L2A_20251215T050116_20251227T050144_T_G01_M01_C___T004_F004,2025-12-15,25,12,11.440244674682617,3.4282355308532715,17.780838012695312,1.0000000141138066,8649,17.972400665283203,27.18716630463107,29.368303,37.944347,38.868526,40.1954,41.95481,36.768215,1.0,38.45024589373619,38.0,40.0,40.0,41.0,41.0,0
Mbalmayo,BIO_FP_FH__L2A_20251215T050116_20251227T050144_T_G01_M01_C___T004_F004,2025-12-15,25,13,11.441078186035156,3.4282355308532715,6.013037204742432,1.0,8649,47.81520080566406,24.977439136749915,26.558147,37.680138,39.211163,41.800236,43.64832,36.05497,1.0,38.81875747167275,39.0,40.0,41.0,41.0,41.0,0
Mbalmayo,BIO_FP_FH__L2A_20251215T050116_20251227T050144_T_G01_M01_C___T004_F004,2025-12-15,25,14,11.441911697387695,3.4282355308532715,2.583437442779541,1.0000000141138066,8649,57.23979949951172,23.109974002509915,26.282066,37.630222,38.495567,39.7045,40.83799,36.92586,1.0,39.27044707593897,39.0,41.0,41.0,42.0,42.0,0
Mbalmayo,BIO_FP_FH__L2A_20251215T050116_20251227T050144_T_G01_M01_C___T004_F004,2025-12-15,25,15,11.442745208740234,3.4282355308532715,8.288437843322754,1.000000028227613,8649,34.308799743652344,17.502624899774336,16.593222,30.270273,33.6004,37.175915,38.69926,27.422842,1.0,37.37283922429856,37.0,39.0,39.0,39.0,39.0,0
Mbalmayo,BIO_FP_FH__L2A_20251215T050116_20251227T050144_T_G01_M01_C___T004_F004,2025-12-15,25,17,11.444412231445312,3.4282355308532715,34.64523696899414,0.9260280440206238,8080,1.010200023651123,19.997619563716132,23.178223,29.48634,30.497244,32.675823,34.697083,28.533924,0.8862151831191635,34.59425389428582,35.0,37.0,37.0,37.0,37.0,0
Mbalmayo,BIO_FP_FH__L2A_20251215T050116_20251227T050144_T_G01_M01_C___T004_F004,2025-12-15,25,18,11.445245742797852,3.4282355308532715,33.5925407409668,1.000000112910452,8649,1.0100834369659424,18.61470723960284,19.751123,28.9418,30.85959,32.78717,34.65726,27.013163,1.0,35.85800563394575,36.0,38.0,38.0,38.259944915771484,39.0,0
Mbalmayo,BIO_FP_FH__L2A_20251215T050116_20251227T050144_T_G01_M01_C___T004_F004,2025-12-15,25,19,11.44607925415039,3.4282355308532715,30.837142944335938,1.000000028227613,8649,0.8498834371566772,16.63629509202272,17.58409,24.996754,26.791363,29.985836,31.987223,22.991274,1.0,32.2862853798815,32.0,34.0,35.0,35.0,36.0,0
Mbalmayo,BIO_FP_FH__L2A_20251215T050116_20251227T050144_T_G01_M01_C___T004_F004,2025-12-15,25,20,11.44691276550293,3.4282355308532715,27.956741333007812,0.9999999576585805,8649,0.3332834243774414,20.677425198410138,21.810337,28.272072,29.789736,32.640038,35.496273,27.124458,1.0,33.19987330291709,33.0,35.0,36.0,36.0,37.0,0
Mbalmayo,BIO_FP_FH__L2A_20251215T050116_20251227T050144_T_G01_M01_C___T004_F004,2025-12-15,25,21,11.447746276855469,3.4282355308532715,28.078941345214844,0.9999999153171609,8649,0.20728342235088348,10.22070873275762,7.8161097,23.24694,26.3533,29.778202,33.060333,18.986095,1.0,37.004982477144665,37.0,39.0,39.0,39.0,39.0,0
Mbalmayo,BIO_FP_FH__L2A_20251215T050116_20251227T050144_T_G01_M01_C___T004_F004,2025-12-15,25,22,11.448579788208008,3.4282355308532715,30.617542266845703,1.000000028227613,8649,0.7676834464073181,11.646620216248914,7.767039,28.407598,31.42423,34.738148,37.22008,22.78703,1.0,37.23962599760618,37.0,38.0,39.0,39.0,39.0,0
Mbalmayo,BIO_FP_FH__L2A_20251215T050116_20251227T050144_T_G01_M01_C___T004_F004,2025-12-15,25,23,11.449413299560547,3.4282355308532715,24.73394203186035,0.9999999576585805,8649,13.928083419799805,13.280934864709632,9.909779,27.85542,32.556404,39.02389,42.4805,22.446148,1.0,35.23078926219625,35.0,37.0,38.0,38.0,38.0,0
Mbalmayo,BIO_FP_FH__L2A_20251215T050116_20251227T050144_T_G01_M01_C___T004_F004,2025-12-15,25,24,11.450246810913086,3.4282355308532715,12.932342529296875,1.000000084682839,8649,36.90828323364258,12.761431328419302,9.771908,29.182524,31.94394,34.294662,35.455853,24.222345,1.0,34.94841333019456,35.0,36.0,37.0,38.0,38.0,0
Mbalmayo,BIO_FP_FH__L2A_20251215T050116_20251227T050144_T_G01_M01_C___T004_F004,2025-12-15,25,25,11.451080322265625,3.4282355308532715,2.2601420879364014,1.0000000423414195,8649,55.7282829284668,18.286196961746406,18.356874,32.116795,33.55569,36.56762,43.55218,29.7877,1.0,36.31961231846963,36.0,37.0,38.0,39.0,39.0,0
Mbalmayo,BIO_FP_FH__L2A_20251215T050116_20251227T050144_T_G01_M01_C___T004_F004,2025-12-15,25,26,11.451913833618164,3.4282355308532715,2.6037304401397705,1.0000001270242587,8649,43.1688346862793,15.245925157570397,14.560973,26.546423,29.491611,34.802315,38.827274,24.9207,1.0,34.56380864316596,34.0,35.0,36.0,37.0,38.0,0
Mbalmayo,BIO_FP_FH__L2A_20251215T050116_20251227T050144_T_G01_M01_C___T004_F004,2025-12-15,25,27,11.452747344970703,3.4282355308532715,3.2125306129455566,1.000000141138065,8649,29.693435668945312,20.824425372679947,20.432667,32.692825,34.220585,37.235157,40.307003,31.281233,1.0,32.768188641076556,33.0,34.0,35.0,35.0,35.0,0
Mbalmayo,BIO_FP_FH__L2A_20251215T050116_20251227T050144_T_G01_M01_C___T004_F004,2025-12-15,25,28,11.453580856323242,3.4282355308532715,3.465730667114258,0.9999998165205154,8649,21.961835861206055,18.369977048829334,18.602392,29.903896,32.805378,36.630806,40.865013,27.55644,1.0,33.66978031704916,34.0,34.92700958251953,35.0,36.0,36.0,0
Mbalmayo,BIO_FP_FH__L2A_20251215T050116_20251227T050144_T_G01_M01_C___T004_F004,2025-12-15,25,29,11.454414367675781,3.4282355308532715,3.6089305877685547,0.955095357957748,8270,18.159835815429688,11.819382179340435,10.084427,26.504366,30.41953,34.724426,37.23406,20.841562,0.9635269288548652,32.37289144108133,33.0,34.0,35.0,35.0,35.0,0
Mbalmayo,BIO_FP_FH__L2A_20251215T050116_20251227T050144_T_G01_M01_C___T004_F004,2025-12-15,25,38,11.461915969848633,3.4282355308532715,10.43049430847168,0.9173578197714332,7998,61.51639938354492,20.286469351276917,19.299187,35.970325,38.364723,41.385715,42.3631,32.286453,1.0,37.95902587841227,38.0,39.0,39.0,40.0,40.0,0
Mbalmayo,BIO_FP_FH__L2A_20251215T050116_20251227T050144_T_G01_M01_C___T004_F004,2025-12-15,25,39,11.462749481201172,3.4282355308532715,4.147694110870361,0.9898233244992196,8583,83.91280364990234,17.26429029873054,17.47938,29.448889,31.767376,35.479584,43.700665,26.348532,1.0,35.25501005155308,36.0,37.0,38.0,38.0,38.0,0
Mbalmayo,BIO_FP_FH__L2A_20251215T050116_20251227T050144_T_G01_M01_C___T004_F004,2025-12-15,25,40,11.463582992553711,3.4282355308532715,3.3542940616607666,1.0,8649,73.0072021484375,11.055289990172275,9.340036,22.856403,26.993092,32.503307,34.827465,20.79415,1.0,30.929454519867498,31.0,33.0,34.0,35.0,35.0,0
Mbalmayo,BIO_FP_FH__L2A_20251215T050116_20251227T050144_T_G01_M01_C___T004_F004,2025-12-15,25,41,11.46441650390625,3.4282355308532715,6.9708943367004395,0.9967593288873714,8626,35.64899826049805,12.8640599482905,11.080859,27.195591,29.535898,32.759857,39.266106,23.910084,1.0,32.674731060182005,32.0,34.45199966430664,35.0,35.0,36.0,0
Mbalmayo,BIO_FP_FH__L2A_20251215T050116_20251227T050144_T_G01_M01_C___T004_F004,2025-12-15,25,42,11.465250015258789,3.4282355308532715,7.222599983215332,1.0,8649,36.04859924316406,16.225950299528847,16.30568,28.305132,31.727755,39.14651,41.57213,25.410017,1.0,35.30402215310832,35.0,37.0,37.0,37.0,37.0,0
Mbalmayo,BIO_FP_FH__L2A_20251215T050116_20251227T050144_T_G01_M01_C___T004_F004,2025-12-15,25,43,11.466083526611328,3.4282355308532715,16.04439926147461,1.0,8649,9.303600311279297,19.728183442449993,19.47478,30.688307,33.05049,35.861816,40.942894,27.067028,1.0,34.82241723947903,35.0,36.0,36.0,37.0,37.0,0
Mbalmayo,BIO_FP_FH__L2A_20251215T050116_20251227T050144_T_G01_M01_C___T004_F004,2025-12-15,25,44,11.466917037963867,3.4282355308532715,5.055799961090088,1.0,8649,13.062800407409668,15.920236669340387,15.823121,24.632189,27.872908,32.19615,35.39807,22.407642,1.0,35.88969496454527,36.0,38.0,38.0,39.0,39.0,0
Mbalmayo,BIO_FP_FH__L2A_20251215T050116_20251227T050144_T_G01_M01_C___T004_F004,2025-12-15,26,2,11.431909561157227,3.4274020195007324,21.996795654296875,0.9775275456338883,8494,0.0,10.06720044372846,7.228263,26.193846,30.324074,33.891907,38.393425,17.453835,1.0,34.25710921387326,34.0,35.67382049560547,36.0,36.0,36.0,0
Mbalmayo,BIO_FP_FH__L2A_20251215T050116_20251227T050144_T_G01_M01_C___T004_F004,2025-12-15,26,3,11.432743072509766,3.4274020195007324,23.244394302368164,0.999999943544774,8649,0.0,24.4382328135745,26.822067,34.20038,35.696457,38.79619,41.5714,33.416336,1.0,33.14939212699834,33.0,35.67382049560547,36.0,37.0,37.0,0
Mbalmayo,BIO_FP_FH__L2A_20251215T050116_20251227T050144_T_G01_M01_C___T004_F004,2025-12-15,26,4,11.433576583862305,3.4274020195007324,23.647794723510742,1.0,8649,0.0,24.72955101384553,25.679583,32.88188,33.98546,35.41718,37.324287,31.513865,1.0,30.673011317337465,30.0,33.0,34.0,35.0,35.0,0
Mbalmayo,BIO_FP_FH__L2A_20251215T050116_20251227T050144_T_G01_M01_C___T004_F004,2025-12-15,26,5,11.434410095214844,3.4274020195007324,24.430795669555664,1.0000000423414195,8649,0.0,22.195855562754065,23.682344,29.376545,30.952847,34.17923,37.909737,28.677088,1.0,34.255303163117155,35.0,36.0,36.0,37.0,37.0,0
Mbalmayo,BIO_FP_FH__L2A_20251215T050116_20251227T050144_T_G01_M01_C___T004_F004,2025-12-15,26,6,11.435243606567383,3.4274020195007324,25.835994720458984,1.0000000141138066,8649,0.0,23.720159916764676,24.38849,31.463022,33.305458,35.646927,37.935966,30.711248,1.0,33.271700866678046,34.0,35.0,36.0,36.0,36.0,0
Mbalmayo,BIO_FP_FH__L2A_20251215T050116_20251227T050144_T_G01_M01_C___T004_F004,2025-12-15,26,7,11.436077117919922,3.4274020195007324,26.647594451904297,1.0,8649,0.061799999326467514,23.819406506532548,25.004662,33.583405,35.322144,37.42871,39.17091,31.986635,1.0,33.97934906754773,35.0,36.0,36.0,37.0,37.0,0
Mbalmayo,BIO_FP_FH__L2A_20251215T050116_20251227T050144_T_G01_M01_C___T004_F004,2025-12-15,26,8,11.436910629272461,3.4274020195007324,26.892595291137695,1.0,8649,0.5508000254631042,27.576964732194472,28.581566,37.969505,39.84017,43.006935,44.82388,35.696777,1.0,34.66162982225721,34.0,36.0,37.0,37.0,37.0,0
Mbalmayo,BIO_FP_FH__L2A_20251215T050116_20251227T050144_T_G01_M01_C___T004_F004,2025-12-15,26,9,11.437744140625,3.4274020195007324,19.34759521484375,0.999999971772387,8649,2.5836000442504883,28.55433421884299,32.021137,38.781097,39.941536,42.545612,44.45249,37.48796,1.0,34.898174883961225,35.0,36.0,36.0,37.0,37.0,0
Mbalmayo,BIO_FP_FH__L2A_20251215T050116_20251227T050144_T_G01_M01_C___T004_F004,2025-12-15,26,10,11.438577651977539,3.4274020195007324,14.650237083435059,1.0,8649,3.9038000106811523,28.496392285235288,31.814451,36.635666,37.697903,39.19346,40.839813,35.812668,1.0,35.13217491937629,35.0,36.0,36.0,37.0,37.0,0
Mbalmayo,BIO_FP_FH__L2A_20251215T050116_20251227T050144_T_G01_M01_C___T004_F004,2025-12-15,26,11,11.439411163330078,3.4274020195007324,12.39683723449707,1.0,8649,4.368199825286865,30.132144973407332,31.683222,36.077663,37.007504,38.426,40.09466,35.32285,1.0,35.69006148078205,36.0,37.0,37.0,37.0,37.0,0
Mbalmayo,BIO_FP_FH__L2A_20251215T050116_20251227T050144_T_G01_M01_C___T004_F004,2025-12-15,26,12,11.440244674682617,3.4274020195007324,9.537837028503418,1.0,8649,4.851399898529053,18.26239982584692,19.568678,30.154716,31.769009,35.2156,39.22942,28.58679,1.0,35.280289664849036,35.0,37.0,38.0,38.0,38.0,0
Mbalmayo,BIO_FP_FH__L2A_20251215T050116_20251227T050144_T_G01_M01_C___T004_F004,2025-12-15,26,13,11.441078186035156,3.4274020195007324,4.510837554931641,1.0000000705690326,8649,17.313800811767578,13.697580581819897,11.500622,27.436964,29.917797,33.620777,35.44819,22.756886,1.0,37.282366312560434,37.0,38.0,39.0,40.0,40.0,0
Mbalmayo,BIO_FP_FH__L2A_20251215T050116_20251227T050144_T_G01_M01_C___T004_F004,2025-12-15,26,14,11.441911697387695,3.4274020195007324,3.581437349319458,1.0000000705690326,8649,24.659799575805664,19.05808069492088,19.067608,30.01236,31.704884,35.16572,37.894863,27.756014,1.0,37.828344148161065,38.0,39.0,40.0,40.0,40.0,0
Mbalmayo,BIO_FP_FH__L2A_20251215T050116_20251227T050144_T_G01_M01_C___T004_F004,2025-12-15,26,15,11.442745208740234,3.4274020195007324,6.321237564086914,1.0,8649,26.60420036315918,17.935519550670598,17.611065,27.340279,32.892517,37.536953,38.227806,24.281137,1.0,35.423375345266045,36.0,37.0,37.0,38.0,38.0,0
Mbalmayo,BIO_FP_FH__L2A_20251215T050116_20251227T050144_T_G01_M01_C___T004_F004,2025-12-15,26,18,11.445245742797852,3.4274020195007324,20.328941345214844,1.0,8649,2.937483310699463,17.99887992831541,18.268837,28.878511,31.183681,34.165558,36.443047,25.994862,1.0,33.50867810945646,34.0,35.0,35.0,35.0,35.0,0
Mbalmayo,BIO_FP_FH__L2A_20251215T050116_20251227T050144_T_G01_M01_C___T004_F004,2025-12-15,26,19,11.44607925415039,3.4274020195007324,23.457542419433594,1.0,8649,0.904483437538147,16.906301487166147,17.253246,25.656353,27.100842,30.629963,34.23421,24.586319,1.0,31.543137919187462,32.0,33.0,34.0,34.0,34.0,0
Mbalmayo,BIO_FP_FH__L2A_20251215T050116_20251227T050144_T_G01_M01_C___T004_F004,2025-12-15,26,20,11.44691276550293,3.4274020195007324,22.471542358398438,1.0,8649,0.02488342858850956,19.70129043097468,20.75372,32.18127,34.795082,39.242184,40.89552,30.234772,1.0,34.2873702912072,35.0,36.0,37.0,37.0,37.0,0
Mbalmayo,BIO_FP_FH__L2A_20251215T050116_20251227T050144_T_G01_M01_C___T004_F004,2025-12-15,26,21,11.447746276855469,3.4274020195007324,28.050342559814453,1.0,8649,0.6090834140777588,15.309901253035033,12.321249,29.862963,32.78389,37.965137,40.516136,27.520782,1.0,37.772077646210285,38.0,38.0,39.0,39.0,39.0,0
Mbalmayo,BIO_FP_FH__L2A_20251215T050116_20251227T050144_T_G01_M01_C___T004_F004,2025-12-15,26,22,11.448579788208008,3.4274020195007324,27.35514259338379,1.0,8649,7.878283500671387,17.55398745519713,16.141634,32.111877,34.708523,37.981716,45.276543,29.454876,1.0,35.90139983097023,36.0,37.0,37.0,38.0,38.0,0
Mbalmayo,BIO_FP_FH__L2A_20251215T050116_20251227T050144_T_G01_M01_C___T004_F004,2025-12-15,26,23,11.449413299560547,3.4274020195007324,15.648141860961914,1.0,8649,30.1420841217041,12.691514644033992,9.294134,29.826626,33.79641,38.49291,44.75693,22.570776,1.0,35.97207995328838,36.0,37.31249084472656,38.0,41.0,41.0,0
Mbalmayo,BIO_FP_FH__L2A_20251215T050116_20251227T050144_T_G01_M01_C___T004_F004,2025-12-15,26,24,11.450246810913086,3.4274020195007324,4.454741954803467,1.0,8649,47.91008377075195,13.261754429702856,9.383146,29.894535,32.61589,36.440796,38.230385,25.4533,1.0,37.14871910704755,37.07779312133789,38.978538513183594,39.0,41.0,41.0,0
Mbalmayo,BIO_FP_FH__L2A_20251215T050116_20251227T050144_T_G01_M01_C___T004_F004,2025-12-15,26,25,11.451080322265625,3.4274020195007324,2.5347421169281006,1.0,8649,48.24868392944336,18.420977136085096,16.249363,35.53672,37.64872,40.00288,41.647644,31.867708,1.0,37.811133687820636,38.0,39.0,40.0,40.0,40.0,0
Mbalmayo,BIO_FP_FH__L2A_20251215T050116_20251227T050144_T_G01_M01_C___T004_F004,2025-12-15,26,26,11.451913833618164,3.4274020195007324,2.8687305450439453,1.0,8649,36.58463668823242,14.894831140160711,13.679981,26.75488,31.038715,33.989616,36.765488,23.264774,1.0,33.87401400638986,34.0,36.0,37.0,39.0,39.0,0
Mbalmayo,BIO_FP_FH__L2A_20251215T050116_20251227T050144_T_G01_M01_C___T004_F004,2025-12-15,26,27,11.452747344970703,3.4274020195007324,3.225130558013916,1.0,8649,25.352035522460938,16.851138859983813,17.09823,26.753773,30.295408,33.184494,35.360416,24.571648,1.0,31.58052993507134,32.0,33.0,33.00675964355469,34.0,34.0,0
Mbalmayo,BIO_FP_FH__L2A_20251215T050116_20251227T050144_T_G01_M01_C___T004_F004,2025-12-15,26,28,11.453580856323242,3.4274020195007324,3.6099305152893066,0.999999971772387,8649,17.479835510253906,22.093888374409264,22.689123,32.272923,35.529697,39.386295,40.879257,29.402935,1.0,34.161375846955416,34.0,35.0,35.0,35.0,35.0,0
Mbalmayo,BIO_FP_FH__L2A_20251215T050116_20251227T050144_T_G01_M01_C___T004_F004,2025-12-15,26,31,11.45608139038086,3.4274020195007324,19.296131134033203,0.9207912290257544,8003,5.142636299133301,9.02662697350693,6.520016,23.575777,28.033384,31.438734,38.122356,19.19041,0.9187785574694922,31.389351932495423,31.0,34.0,34.0,34.0,34.0,0
Mbalmayo,BIO_FP_FH__L2A_20251215T050116_20251227T050144_T_G01_M01_C___T004_F004,2025-12-15,26,32,11.456914901733398,3.4274020195007324,23.909931182861328,0.9999999858861935,8649,1.6182364225387573,14.471189070008391,11.975942,30.280668,33.733505,37.226147,39.21766,25.818289,1.0,33.805342210815304,34.0,36.0,36.0,37.0,37.0,0
Mbalmayo,BIO_FP_FH__L2A_20251215T050116_20251227T050144_T_G01_M01_C___T004_F004,2025-12-15,26,33,11.457748413085938,3.4274020195007324,23.816930770874023,1.0,8649,7.803036212921143,17.864320026159092,17.317568,29.901014,34.95054,41.651546,44.20318,28.393616,1.0,35.81738626685414,36.0,37.0,37.0,38.0,38.0,0
Mbalmayo,BIO_FP_FH__L2A_20251215T050116_20251227T050144_T_G01_M01_C___T004_F004,2025-12-15,26,34,11.458581924438477,3.4274020195007324,21.51969337463379,1.0,8649,18.43600082397461,19.084858979361776,15.685558,34.65433,37.41572,43.055405,44.7718,30.745949,1.0,36.36414588825016,36.0,37.76176071166992,38.0,38.0,38.0,0
Mbalmayo,BIO_FP_FH__L2A_20251215T050116_20251227T050144_T_G01_M01_C___T004_F004,2025-12-15,26,35,11.459415435791016,3.4274020195007324,18.56849479675293,1.0,8649,29.06719970703125,19.987056397415888,18.596592,32.222694,35.59112,39.968952,43.41304,29.014996,1.0,35.187345885171936,35.7481689453125,37.0,37.0,37.0,37.0,0
Mbalmayo,BIO_FP_FH__L2A_20251215T050116_20251227T050144_T_G01_M01_C___T004_F004,2025-12-15,26,36,11.460248947143555,3.4274020195007324,24.640094757080078,1.0,8649,4.613399982452393,22.81095290098566,22.095455,33.055656,38.360252,42.522507,43.91396,30.731256,1.0,32.02432049832767,32.0,33.0,35.0,36.0,36.0,0
Mbalmayo,BIO_FP_FH__L2A_20251215T050116_20251227T050144_T_G01_M01_C___T004_F004,2025-12-15,26,37,11.461082458496094,3.4274020195007324,24.17449378967285,1.0,8649,0.0,16.667961523731066,17.134575,27.008509,30.100939,35.253593,39.686203,24.669292,1.0,33.8775145398053,33.0,37.0,37.0,38.0,38.0,0
Mbalmayo,BIO_FP_FH__L2A_20251215T050116_20251227T050144_T_G01_M01_C___T004_F004,2025-12-15,26,38,11.461915969848633,3.4274020195007324,19.617694854736328,1.0,8649,14.150199890136719,23.703781235547464,22.18337,39.204025,44.192017,51.208103,54.217606,34.89452,1.0,37.807580589517606,38.0,39.0,39.0,40.0,40.0,0
Mbalmayo,BIO_FP_FH__L2A_20251215T050116_20251227T050144_T_G01_M01_C___T004_F004,2025-12-15,26,39,11.462749481201172,3.4274020195007324,13.449294090270996,1.0,8649,35.83140182495117,22.02921806350445,24.21917,31.074562,32.17188,33.437138,35.718243,29.42971,1.0,34.58137211759375,34.0,36.0,37.0,38.0,38.0,0
Mbalmayo,BIO_FP_FH__L2A_20251215T050116_20251227T050144_T_G01_M01_C___T004_F004,2025-12-15,26,40,11.463582992553711,3.4274020195007324,8.66809368133545,1.0,8649,48.847999572753906,18.812615620302925,19.048767,30.949451,34.898857,39.30124,41.353493,28.66632,1.0,31.29483609194562,31.6425838470459,33.0,34.0,34.0,34.0,0
Mbalmayo,BIO_FP_FH__L2A_20251215T050116_20251227T050144_T_G01_M01_C___T004_F004,2025-12-15,26,41,11.46441650390625,3.4274020195007324,3.8866941928863525,1.0,8649,61.864601135253906,14.192255336599606,11.598364,29.95676,38.35853,41.101765,42.450047,25.840591,1.0,30.365912528627387,31.0,33.0,34.0,34.0,34.0,0
Mbalmayo,BIO_FP_FH__L2A_20251215T050116_20251227T050144_T_G01_M01_C___T004_F004,2025-12-15,26,42,11.465250015258789,3.4274020195007324,6.868800163269043,1.0,8649,49.508399963378906,14.684814537807839,12.3731785,30.982544,34.184223,40.001278,43.88661,26.251425,1.0,28.999025319267357,29.0,34.0,35.0,35.0,35.0,0
Mbalmayo,BIO_FP_FH__L2A_20251215T050116_20251227T050144_T_G01_M01_C___T004_F004,2025-12-15,26,43,11.466083526611328,3.4274020195007324,16.889999389648438,1.0,8649,15.494799613952637,15.028680835573477,15.668627,27.326838,30.826183,39.12702,42.03117,25.035007,1.0,29.553696626541257,29.0,33.0,34.0,34.0,34.0,0
Mbalmayo,BIO_FP_FH__L2A_20251215T050116_20251227T050144_T_G01_M01_C___T004_F004,2025-12-15,26,44,11.466917037963867,3.4274020195007324,1.8034000396728516,1.0,8649,72.86119842529297,17.352966880202914,17.270464,29.774107,31.866943,33.95311,35.36662,27.070969,1.0,35.356032403387324,36.0,38.0,39.0,39.0,40.0,0
Mbalmayo,BIO_FP_FH__L2A_20251215T050116_20251227T050144_T_G01_M01_C___T004_F004,2025-12-15,27,2,11.431909561157227,3.4265685081481934,20.484394073486328,0.9727212723065889,8465,6.036399841308594,13.568913067251941,10.784952,30.380405,33.625225,37.306854,41.4319,26.86061,1.0,36.46975951912031,36.0,38.0,38.0,39.0,39.0,0
Mbalmayo,BIO_FP_FH__L2A_20251215T050116_20251227T050144_T_G01_M01_C___T004_F004,2025-12-15,27,3,11.432743072509766,3.4265685081481934,14.830994606018066,1.0,8649,38.21900177001953,16.621443320759624,16.684221,32.387806,34.660522,40.178703,42.73791,26.523636,1.0,35.222957541397065,35.0,37.0,37.0,37.0,37.0,0
Mbalmayo,BIO_FP_FH__L2A_20251215T050116_20251227T050144_T_G01_M01_C___T004_F004,2025-12-15,27,4,11.433576583862305,3.4265685081481934,14.239194869995117,1.0,8649,41.95719909667969,23.9530215740259,24.83862,31.90616,33.462162,36.04774,38.90552,30.584003,1.0,30.835172391651767,31.0,33.0,34.0,34.0,34.0,0
Mbalmayo,BIO_FP_FH__L2A_20251215T050116_20251227T050144_T_G01_M01_C___T004_F004,2025-12-15,27,5,11.434410095214844,3.4265685081481934,24.227195739746094,1.0,8649,0.0,25.71350214800844,26.479265,32.999832,34.6325,37.230095,40.02179,31.814453,1.0,29.737463150262585,29.0,33.0,34.0,36.0,36.0,0
Mbalmayo,BIO_FP_FH__L2A_20251215T050116_20251227T050144_T_G01_M01_C___T004_F004,2025-12-15,27,6,11.435243606567383,3.4265685081481934,25.295194625854492,1.0,8649,0.0,21.976921103595792,23.308395,31.425486,33.543453,37.568672,40.392963,29.713734,1.0,34.60945612086714,35.0,36.0,36.0,37.0,37.0,0
Mbalmayo,BIO_FP_FH__L2A_20251215T050116_20251227T050144_T_G01_M01_C___T004_F004,2025-12-15,27,7,11.436077117919922,3.4265685081481934,25.920995712280273,1.0,8649,0.0,23.670389098450688,23.987272,32.670906,34.9814,37.85001,39.97411,31.765974,1.0,33.55898233771614,33.09765625,35.0,35.0,36.0,36.0,0
Mbalmayo,BIO_FP_FH__L2A_20251215T050116_20251227T050144_T_G01_M01_C___T004_F004,2025-12-15,27,8,11.436910629272461,3.4265685081481934,21.193593978881836,1.0,8649,1.4170000553131104,25.54032032243612,26.775127,34.90871,36.634007,39.2584,42.048023,32.4905,1.0,30.91864106470153,30.0,33.0,34.0,35.0,35.0,0
Mbalmayo,BIO_FP_FH__L2A_20251215T050116_20251227T050144_T_G01_M01_C___T004_F004,2025-12-15,27,9,11.437744140625,3.4265685081481934,12.660194396972656,1.0,8649,3.621000051498413,34.32739243698693,35.728523,40.52044,41.649082,44.929344,46.860214,39.17137,1.0,34.98604932130727,35.0,36.0,36.88314819335939,37.0,38.0,0
Mbalmayo,BIO_FP_FH__L2A_20251215T050116_20251227T050144_T_G01_M01_C___T004_F004,2025-12-15,27,10,11.438577651977539,3.4265685081481934,7.306037425994873,1.0,8649,5.021999835968018,32.36576392502023,33.579685,39.01291,40.03931,41.659,43.277794,37.686916,1.0,35.3950159326704,35.0,36.0,37.0,38.0,38.0,0
Mbalmayo,BIO_FP_FH__L2A_20251215T050116_20251227T050144_T_G01_M01_C___T004_F004,2025-12-15,27,11,11.439411163330078,3.4265685081481934,6.18723726272583,1.0,8649,5.093599796295166,29.057957838333913,30.81426,35.984875,36.914078,38.413685,39.994526,34.88059,1.0,35.33453341795125,35.0,36.0,36.0,37.0,37.0,0
Mbalmayo,BIO_FP_FH__L2A_20251215T050116_20251227T050144_T_G01_M01_C___T004_F004,2025-12-15,27,12,11.440244674682617,3.4265685081481934,6.385437488555908,1.0,8649,4.882599830627441,14.305893383628165,12.451407,26.250544,27.898945,30.539614,34.03745,24.946592,1.0,34.19196829176705,34.0,36.0,37.0,38.0,38.0,0
Mbalmayo,BIO_FP_FH__L2A_20251215T050116_20251227T050144_T_G01_M01_C___T004_F004,2025-12-15,27,13,11.441078186035156,3.4265685081481934,5.98303747177124,1.0,8649,10.754599571228027,20.551047718666897,20.735151,31.400412,33.16339,35.33914,37.62484,29.453596,1.0,37.03247829414762,37.0,38.0,38.0,39.0,39.0,0
Mbalmayo,BIO_FP_FH__L2A_20251215T050116_20251227T050144_T_G01_M01_C___T004_F004,2025-12-15,27,14,11.441911697387695,3.4265685081481934,5.059837341308594,1.0,8649,18.31879997253418,18.956172678922417,18.855997,27.037987,29.163536,32.306652,35.289238,24.457333,1.0,35.72763355884514,36.0,39.0,39.0,40.0,40.0,0
Mbalmayo,BIO_FP_FH__L2A_20251215T050116_20251227T050144_T_G01_M01_C___T004_F004,2025-12-15,27,15,11.442745208740234,3.4265685081481934,4.025237560272217,1.0,8649,19.512399673461914,16.870155689964157,17.012894,25.469324,27.852528,30.38306,32.23717,23.845606,1.0,32.74675361478049,33.0,34.0,34.0,35.0,35.0,0
Mbalmayo,BIO_FP_FH__L2A_20251215T050116_20251227T050144_T_G01_M01_C___T004_F004,2025-12-15,27,16,11.443578720092773,3.4265685081481934,12.506637573242188,0.9893022992181177,8580,8.313199996948242,19.559240528606406,19.494884,30.278973,31.922474,34.03388,36.16072,28.164455,0.9940940397983773,34.168147544559716,34.0,35.0,36.0,36.0,36.0,0
Mbalmayo,BIO_FP_FH__L2A_20251215T050116_20251227T050144_T_G01_M01_C___T004_F004,2025-12-15,27,18,11.445245742797852,3.4265685081481934,9.871942520141602,0.9985774412143023,8644,3.9046833515167236,20.321728109424075,20.702284,27.284529,29.095984,32.65438,35.335567,26.267332,0.9755229863273241,29.648874397351676,30.0,31.0,31.0,32.0,32.0,0
Mbalmayo,BIO_FP_FH__L2A_20251215T050116_20251227T050144_T_G01_M01_C___T004_F004,2025-12-15,27,19,11.44607925415039,3.4265685081481934,16.223142623901367,1.0,8649,1.1832834482192993,7.114310541681119,4.43856,17.576063,20.286392,27.105904,36.05539,15.098766,1.0,31.372904456327493,31.0,33.0,33.0,33.395668029785156,34.0,0
Mbalmayo,BIO_FP_FH__L2A_20251215T050116_20251227T050144_T_G01_M01_C___T004_F004,2025-12-15,27,20,11.44691276550293,3.4265685081481934,20.874542236328125,1.0,8649,0.21268342435359955,11.588683482194474,7.471735,29.27478,32.84165,38.286564,41.674744,23.99133,1.0,34.456003183573706,35.0,37.0,37.0,37.0,37.0,0
Mbalmayo,BIO_FP_FH__L2A_20251215T050116_20251227T050144_T_G01_M01_C___T004_F004,2025-12-15,27,21,11.447746276855469,3.4265685081481934,25.574941635131836,1.0,8649,0.677083432674408,19.057513422794543,19.443514,30.063013,31.684446,36.04346,41.691,27.75287,1.0,37.49367105512898,37.0,39.0,39.0,39.0,39.0,0
Mbalmayo,BIO_FP_FH__L2A_20251215T050116_20251227T050144_T_G01_M01_C___T004_F004,2025-12-15,27,22,11.448579788208008,3.4265685081481934,20.445343017578125,1.0,8649,5.042483329772949,14.60022247875477,11.277845,30.482481,34.792545,37.742325,40.525223,25.214975,1.0,35.6948772813698,36.0,37.0,37.0,38.0,38.0,0
Mbalmayo,BIO_FP_FH__L2A_20251215T050116_20251227T050144_T_G01_M01_C___T004_F004,2025-12-15,27,23,11.449413299560547,3.4265685081481934,9.251941680908203,1.0,8649,22.810483932495117,10.527376719852006,6.8474865,25.083208,34.90202,40.574192,44.836243,19.420671,1.0,37.13452680836745,36.81624984741211,40.0,41.0,41.48176574707031,42.0,0
Mbalmayo,BIO_FP_FH__L2A_20251215T050116_20251227T050144_T_G01_M01_C___T004_F004,2025-12-15,27,24,11.450246810913086,3.4265685081481934,4.440542221069336,1.0,8649,29.377283096313477,23.777845072407214,27.50987,38.59113,40.04369,41.65975,43.926006,36.379025,1.0,38.39879939564116,38.0,40.0,40.0,40.0,40.0,0
Mbalmayo,BIO_FP_FH__L2A_20251215T050116_20251227T050144_T_G01_M01_C___T004_F004,2025-12-15,27,25,11.451080322265625,3.4265685081481934,3.1577420234680176,1.0,8649,29.033483505249023,16.24594967626315,13.271208,33.03435,34.458344,38.423134,41.9382,31.619831,1.0,34.00445417972476,34.0,37.0,37.0,38.0,38.0,0
Mbalmayo,BIO_FP_FH__L2A_20251215T050116_20251227T050144_T_G01_M01_C___T004_F004,2025-12-15,27,26,11.451913833618164,3.4265685081481934,3.2915306091308594,1.0,8649,24.890636444091797,14.152433175078043,9.305143,31.349197,34.37013,42.611042,44.611095,24.243315,1.0,30.964562816666184,31.0,32.86118698120117,34.0,36.0,36.0,0
Mbalmayo,BIO_FP_FH__L2A_20251215T050116_20251227T050144_T_G01_M01_C___T004_F004,2025-12-15,27,27,11.452747344970703,3.4265685081481934,3.4533305168151855,1.0,8649,19.687835693359375,19.038359293704474,19.467705,29.76844,31.745275,34.118958,37.47353,27.270681,1.0,30.17671969243179,30.0,31.0,31.0,32.0,33.0,0
Mbalmayo,BIO_FP_FH__L2A_20251215T050116_20251227T050144_T_G01_M01_C___T004_F004,2025-12-15,27,28,11.453580856323242,3.4265685081481934,3.046130657196045,1.0,8649,26.34023666381836,16.93995196337727,16.741302,32.743793,35.0957,36.963806,38.06939,31.34894,1.0,33.643067967810374,34.0,35.0,35.0,35.0,35.0,0
Mbalmayo,BIO_FP_FH__L2A_20251215T050116_20251227T050144_T_G01_M01_C___T004_F004,2025-12-15,27,31,11.45608139038086,3.4265685081481934,15.027130126953125,1.0000000705690326,8649,36.65123748779297,16.147136309567017,15.40472,27.31407,32.237644,36.04734,38.352375,24.409634,1.0,35.19599068251659,35.0,37.0,38.0,38.0,38.0,0
Mbalmayo,BIO_FP_FH__L2A_20251215T050116_20251227T050144_T_G01_M01_C___T004_F004,2025-12-15,27,32,11.456914901733398,3.4265685081481934,13.333130836486816,1.0,8649,46.57843780517578,22.26963015955602,22.5526,35.842052,37.394005,44.822105,49.09041,33.7729,1.0,37.49424073070112,37.0,39.0,40.0,40.0,40.0,0
Mbalmayo,BIO_FP_FH__L2A_20251215T050116_20251227T050144_T_G01_M01_C___T004_F004,2025-12-15,27,33,11.457748413085938,3.4265685081481934,11.661130905151367,1.0,8649,57.21243667602539,20.54858920648341,17.829317,41.18384,43.858315,48.72794,50.14407,33.755787,1.0,38.886893315292646,39.0,40.0,40.0,41.0,41.0,0
Mbalmayo,BIO_FP_FH__L2A_20251215T050116_20251227T050144_T_G01_M01_C___T004_F004,2025-12-15,27,34,11.458581924438477,3.4265685081481934,8.545893669128418,1.0,8649,67.84539794921875,12.207995053618916,9.36978,25.547373,34.828957,43.535442,47.3179,20.70063,1.0,36.06149264999532,36.0,38.0,38.0,39.0,39.0,0
Mbalmayo,BIO_FP_FH__L2A_20251215T050116_20251227T050144_T_G01_M01_C___T004_F004,2025-12-15,27,35,11.459415435791016,3.4265685081481934,9.284294128417969,1.0,8649,64.02899932861328,18.09352372745404,15.526693,33.51098,37.270317,40.84464,42.973236,30.361437,1.0,34.44682028478578,35.0,36.0,36.0,36.0,37.0,0
Mbalmayo,BIO_FP_FH__L2A_20251215T050116_20251227T050144_T_G01_M01_C___T004_F004,2025-12-15,27,36,11.460248947143555,3.4265685081481934,22.435094833374023,1.0,8649,12.04800033569336,17.752429832928662,16.518108,31.411512,34.39805,36.538017,38.57439,26.797901,1.0,31.315733557974678,31.0,33.0,33.0,35.0,35.0,0
Mbalmayo,BIO_FP_FH__L2A_20251215T050116_20251227T050144_T_G01_M01_C___T004_F004,2025-12-15,27,37,11.461082458496094,3.4265685081481934,24.106494903564453,1.0,8649,0.0,10.72424648080703,7.904747,28.618015,34.091995,37.93135,41.212044,21.729458,1.0,32.919555035777584,33.0,35.0,35.0,37.0,37.0,0
Mbalmayo,BIO_FP_FH__L2A_20251215T050116_20251227T050144_T_G01_M01_C___T004_F004,2025-12-15,27,38,11.461915969848633,3.4265685081481934,19.934293746948242,1.0,8649,10.380999565124512,19.788087405335876,20.36952,32.465805,36.696167,41.627422,45.9281,27.363894,1.0,35.059529040642374,35.0,37.0,37.0,37.0,37.0,0
Mbalmayo,BIO_FP_FH__L2A_20251215T050116_20251227T050144_T_G01_M01_C___T004_F004,2025-12-15,27,39,11.462749481201172,3.4265685081481934,19.42389488220215,1.0,8649,5.986400127410889,20.427240053040816,20.09437,35.130775,37.794994,42.021107,45.473877,30.682482,1.0,34.470170273231155,34.0,35.0,36.0,36.51823425292969,37.0,0
Mbalmayo,BIO_FP_FH__L2A_20251215T050116_20251227T050144_T_G01_M01_C___T004_F004,2025-12-15,27,40,11.463582992553711,3.4265685081481934,18.524694442749023,1.0,8649,11.64799976348877,23.320632714042087,23.413826,35.702686,39.163353,42.2528,43.568623,33.018803,1.0,32.50553451089973,33.0,34.0,35.0,35.0,35.0,0
Mbalmayo,BIO_FP_FH__L2A_20251215T050116_20251227T050144_T_G01_M01_C___T004_F004,2025-12-15,27,41,11.46441650390625,3.4265685081481934,13.92989444732666,1.0,8649,28.319400787353516,14.491577331916984,14.274718,25.971066,27.754951,29.961632,37.244366,23.743862,1.0,26.00523482627132,26.0,29.0,30.0,31.0,32.0,0
Mbalmayo,BIO_FP_FH__L2A_20251215T050116_20251227T050144_T_G01_M01_C___T004_F004,2025-12-15,27,42,11.465250015258789,3.4265685081481934,12.85099983215332,1.0,8649,31.398000717163086,7.914982946005319,3.774752,22.499277,26.763872,29.201555,35.404343,18.437025,1.0,23.42628408545138,23.0,26.0,27.0,28.0,29.0,0
Mbalmayo,BIO_FP_FH__L2A_20251215T050116_20251227T050144_T_G01_M01_C___T004_F004,2025-12-15,27,43,11.466083526611328,3.4265685081481934,14.889399528503418,1.0,8649,22.76020050048828,5.195962186741242,1.1735033,17.209337,19.630095,25.885218,35.506245,13.281638,1.0,28.875002524386613,28.0,32.0,34.0,34.44989776611328,36.0,0
Mbalmayo,BIO_FP_FH__L2A_20251215T050116_20251227T050144_T_G01_M01_C___T004_F004,2025-12-15,27,44,11.466917037963867,3.4265685081481934,3.3898000717163086,1.0,8649,58.312801361083984,14.420848418169731,14.605129,31.488934,33.781998,36.50262,38.03484,26.207289,1.0,36.96028158201318,38.0,39.0,39.0,39.0,39.0,0
Mbalmayo,BIO_FP_FH__L2A_20251215T050116_20251227T050144_T_G01_M01_C___T004_F004,2025-12-15,28,2,11.431909561157227,3.4257349967956543,12.349194526672363,0.9658735215505405,8427,37.222599029541016,11.856333380083525,9.513432,25.07231,31.00754,43.124413,45.213192,20.487728,1.0,37.1110779154382,37.0,39.0,40.0,40.0,40.0,0
Mbalmayo,BIO_FP_FH__L2A_20251215T050116_20251227T050144_T_G01_M01_C___T004_F004,2025-12-15,28,3,11.432743072509766,3.4257349967956543,4.320994853973389,1.0,8649,84.00700378417969,14.683670077465603,12.7366085,30.313372,35.11434,37.33248,42.19198,26.466154,1.0,34.968708257535134,35.0,36.16893768310547,37.0,38.0,38.0,0
Mbalmayo,BIO_FP_FH__L2A_20251215T050116_20251227T050144_T_G01_M01_C___T004_F004,2025-12-15,28,4,11.433576583862305,3.4257349967956543,11.521394729614258,1.0,8649,54.24760055541992,21.08019826172101,22.579105,30.004292,31.874605,36.16247,38.12081,28.590939,1.0,31.36625709295521,31.0,32.0,32.39241409301758,33.0,33.0,0
Mbalmayo,BIO_FP_FH__L2A_20251215T050116_20251227T050144_T_G01_M01_C___T004_F004,2025-12-15,28,5,11.434410095214844,3.4257349967956543,23.783594131469727,1.0,8649,0.25200000405311584,25.457521055541104,26.449669,32.725338,34.058895,35.750664,38.286064,31.97903,1.0,31.506018853295068,32.0,33.0,33.0,34.0,34.0,0
Mbalmayo,BIO_FP_FH__L2A_20251215T050116_20251227T050144_T_G01_M01_C___T004_F004,2025-12-15,28,6,11.435243606567383,3.4257349967956543,24.388195037841797,1.0,8649,0.0,26.3005472995433,26.290861,35.37996,38.95684,40.46422,41.352684,32.86454,1.0,34.126149687081735,34.0,36.0,36.0,36.0,36.0,0
Mbalmayo,BIO_FP_FH__L2A_20251215T050116_20251227T050144_T_G01_M01_C___T004_F004,2025-12-15,28,7,11.436077117919922,3.4257349967956543,24.593795776367188,1.0,8649,0.0,19.25470475271708,20.034517,30.821238,32.764423,35.575096,38.60655,29.565601,1.0,33.37051732427937,33.49837112426758,34.0,35.0,35.0,35.0,0
Mbalmayo,BIO_FP_FH__L2A_20251215T050116_20251227T050144_T_G01_M01_C___T004_F004,2025-12-15,28,8,11.436910629272461,3.4257349967956543,24.9241943359375,1.0,8649,0.0,27.115373254856053,27.956856,35.05161,37.220474,40.15023,41.55506,33.87856,1.0,33.74358929009889,34.0,36.0,36.0,36.0,36.0,0
Mbalmayo,BIO_FP_FH__L2A_20251215T050116_20251227T050144_T_G01_M01_C___T004_F004,2025-12-15,28,9,11.437744140625,3.4257349967956543,22.297395706176758,1.0,8649,0.8461999893188477,26.303923322060353,28.661028,35.245583,37.12466,40.744083,42.481777,33.98339,1.0,36.248040602736175,36.0,38.0,39.0,39.0,40.0,0
Mbalmayo,BIO_FP_FH__L2A_20251215T050116_20251227T050144_T_G01_M01_C___T004_F004,2025-12-15,28,10,11.438577651977539,3.4257349967956543,16.92083740234375,1.0,8649,2.2588000297546387,28.466780390073996,29.744768,37.288837,38.266922,39.660088,41.10064,36.247,1.0,37.536593951135856,38.0,39.0,39.0,40.0,40.0,0
Mbalmayo,BIO_FP_FH__L2A_20251215T050116_20251227T050144_T_G01_M01_C___T004_F004,2025-12-15,28,11,11.439411163330078,3.4257349967956543,12.960837364196777,1.0,8649,2.9395999908447266,28.61003981674182,30.265995,35.843506,36.685196,38.083584,39.673676,35.074535,1.0,37.302756368721106,37.88735580444336,39.0,40.0,40.0,40.0,0
Mbalmayo,BIO_FP_FH__L2A_20251215T050116_20251227T050144_T_G01_M01_C___T004_F004,2025-12-15,28,12,11.440244674682617,3.4257349967956543,9.00103759765625,1.0,8649,3.6205999851226807,27.523701710457857,28.230053,34.623753,36.353863,38.13652,40.545372,33.301292,1.0,38.00910937445662,38.0,39.0,39.0,40.0,40.0,0
Mbalmayo,BIO_FP_FH__L2A_20251215T050116_20251227T050144_T_G01_M01_C___T004_F004,2025-12-15,28,13,11.441078186035156,3.4257349967956543,7.48963737487793,1.0,8649,6.028800010681152,18.75341396042895,19.52004,25.96863,29.526577,36.940403,40.51352,24.247866,1.0,38.57564464537777,39.0,40.0,40.0,41.0,41.0,0
Mbalmayo,BIO_FP_FH__L2A_20251215T050116_20251227T050144_T_G01_M01_C___T004_F004,2025-12-15,28,14,11.441911697387695,3.4257349967956543,6.622437477111816,1.0,8649,7.77239990234375,16.725359326222684,14.7728405,30.555967,32.87402,35.6151,36.76806,24.373146,1.0,35.968884280519354,36.0,39.0,39.0,41.0,41.0,0
Mbalmayo,BIO_FP_FH__L2A_20251215T050116_20251227T050144_T_G01_M01_C___T004_F004,2025-12-15,28,15,11.442745208740234,3.4257349967956543,5.974637508392334,1.0,8649,10.237600326538086,14.591348168863453,13.931278,24.063196,28.798397,34.679474,37.55781,20.778074,1.0,33.645524948425326,34.0,35.0,35.0,35.0,36.0,0
Mbalmayo,BIO_FP_FH__L2A_20251215T050116_20251227T050144_T_G01_M01_C___T004_F004,2025-12-15,28,16,11.443578720092773,3.4257349967956543,5.7150373458862305,1.000000112910452,8649,9.884599685668945,19.58218124225646,18.55443,29.151701,31.115242,34.371277,36.14139,26.832846,1.0,35.06884860143398,35.0,36.0,36.0,36.0,36.0,0
Mbalmayo,BIO_FP_FH__L2A_20251215T050116_20251227T050144_T_G01_M01_C___T004_F004,2025-12-15,28,19,11.44607925415039,3.4257349967956543,14.165541648864746,1.0,8649,1.3700834512710571,15.363954196294369,15.656694,25.930117,28.803892,32.091606,36.001102,23.249851,1.0,30.379398302282677,30.0,32.0,33.0,33.0,33.0,0
Mbalmayo,BIO_FP_FH__L2A_20251215T050116_20251227T050144_T_G01_M01_C___T004_F004,2025-12-15,28,20,11.44691276550293,3.4257349967956543,16.765342712402344,1.0,8649,0.057883430272340775,7.415350130795468,3.9222116,21.86999,25.882607,29.600044,37.236515,16.5037,1.0,32.579055916244464,33.0,34.0,35.0,35.0,36.0,0
Mbalmayo,BIO_FP_FH__L2A_20251215T050116_20251227T050144_T_G01_M01_C___T004_F004,2025-12-15,28,21,11.447746276855469,3.4257349967956543,16.450742721557617,1.0,8649,1.1808834075927734,15.611748829344434,12.332619,35.23912,37.428276,40.03609,42.772167,32.471817,1.0,35.973161783173175,36.0,37.0,37.0,37.0,38.0,0
Mbalmayo,BIO_FP_FH__L2A_20251215T050116_20251227T050144_T_G01_M01_C___T004_F004,2025-12-15,28,22,11.448579788208008,3.4257349967956543,11.91854190826416,1.0,8649,2.857483386993408,16.71110189761822,15.761317,29.752192,32.538876,36.09823,39.032005,26.81351,1.0,34.07413814362521,33.39934539794922,37.0,37.0,38.0,38.0,0
Mbalmayo,BIO_FP_FH__L2A_20251215T050116_20251227T050144_T_G01_M01_C___T004_F004,2025-12-15,28,23,11.449413299560547,3.4257349967956543,7.536541938781738,1.0,8649,7.38188362121582,16.230672892097353,14.752906,28.888786,30.547562,33.759182,38.484344,25.969238,1.0,34.31637674420538,34.0,36.0,37.0,37.0,37.0,0
Mbalmayo,BIO_FP_FH__L2A_20251215T050116_20251227T050144_T_G01_M01_C___T004_F004,2025-12-15,28,24,11.450246810913086,3.4257349967956543,4.851541996002197,1.0,8649,14.463483810424805,13.3881278724419,9.015712,32.99193,38.361156,44.462063,48.851807,24.405546,1.0,34.128516129833216,34.0,37.0,37.0,37.0,37.0,0
Mbalmayo,BIO_FP_FH__L2A_20251215T050116_20251227T050144_T_G01_M01_C___T004_F004,2025-12-15,28,25,11.451080322265625,3.4257349967956543,4.630942344665527,1.0,8649,23.940683364868164,19.677524587380045,20.052359,32.741024,34.506344,36.44248,39.003826,30.463264,1.0,31.513619513439433,32.0,34.0,34.0,35.45045471191406,36.0,0
Mbalmayo,BIO_FP_FH__L2A_20251215T050116_20251227T050144_T_G01_M01_C___T004_F004,2025-12-15,28,26,11.451913833618164,3.4257349967956543,9.70193099975586,1.0,8649,12.32763671875,17.390326464764712,17.747513,30.050714,33.34077,37.83367,40.014214,28.233913,1.0,29.52686190221996,29.0,32.0,32.0,32.0,32.0,0
Mbalmayo,BIO_FP_FH__L2A_20251215T050116_20251227T050144_T_G01_M01_C___T004_F004,2025-12-15,28,27,11.452747344970703,3.4257349967956543,11.74673080444336,1.0,8649,10.39423656463623,18.354756962510116,17.45006,31.553925,34.974815,38.876217,41.276848,28.262407,1.0,30.86392635791367,31.0,32.90079879760742,33.0,33.0,33.0,0
Mbalmayo,BIO_FP_FH__L2A_20251215T050116_20251227T050144_T_G01_M01_C___T004_F004,2025-12-15,28,28,11.453580856323242,3.4257349967956543,7.062330722808838,1.0,8649,38.46123504638672,16.096391652936756,19.487103,27.102898,29.124748,34.91103,37.64805,25.54343,1.0,32.212442823690765,32.0,33.0,33.0,33.0,33.0,0
Mbalmayo,BIO_FP_FH__L2A_20251215T050116_20251227T050144_T_G01_M01_C___T004_F004,2025-12-15,28,31,11.45608139038086,3.4257349967956543,3.9103305339813232,1.0,8649,85.35303497314453,18.81291731703087,18.47121,30.921803,35.693504,38.405346,40.68476,27.256433,1.0,37.10423800622484,37.0,38.0,38.0,39.0,39.0,0
Mbalmayo,BIO_FP_FH__L2A_20251215T050116_20251227T050144_T_G01_M01_C___T004_F004,2025-12-15,28,32,11.456914901733398,3.4257349967956543,1.6221305131912231,1.0,8649,95.988037109375,16.06006655393687,13.262698,31.619278,35.21077,43.093155,47.72032,27.04614,1.0,37.436198879492906,37.0,39.0,39.0,40.0,40.0,0
Mbalmayo,BIO_FP_FH__L2A_20251215T050116_20251227T050144_T_G01_M01_C___T004_F004,2025-12-15,28,33,11.457748413085938,3.4257349967956543,0.5695305466651917,1.0,8649,100.0,16.292048303994683,13.727282,31.06602,36.6439,41.560986,43.601685,27.306059,1.0,37.58583441099303,37.0,39.0,40.0,41.0,41.0,0
Mbalmayo,BIO_FP_FH__L2A_20251215T050116_20251227T050144_T_G01_M01_C___T004_F004,2025-12-15,28,34,11.458581924438477,3.4257349967956543,0.41169413924217224,1.0,8649,100.0,18.277775067926928,16.159716,34.96759,37.96554,40.30898,42.60544,28.451546,1.0,37.63500734069662,37.0,39.0,39.0,40.0,40.0,0
Mbalmayo,BIO_FP_FH__L2A_20251215T050116_20251227T050144_T_G01_M01_C___T004_F004,2025-12-15,28,35,11.459415435791016,3.4257349967956543,7.6548943519592285,1.0,8649,71.58799743652344,15.907038566597295,12.824036,30.560831,34.816864,39.43952,42.83417,25.799192,1.0,35.31512899329337,36.0,37.0,37.0,38.0,38.0,0
Mbalmayo,BIO_FP_FH__L2A_20251215T050116_20251227T050144_T_G01_M01_C___T004_F004,2025-12-15,28,36,11.460248947143555,3.4257349967956543,16.139894485473633,1.0,8649,38.52920150756836,14.267221553792346,13.891155,25.49469,28.285625,30.659843,32.72265,20.615976,1.0,33.07147715124509,33.0,35.0,36.0,36.0,36.0,0
Mbalmayo,BIO_FP_FH__L2A_20251215T050116_20251227T050144_T_G01_M01_C___T004_F004,2025-12-15,28,37,11.461082458496094,3.4257349967956543,12.765893936157227,1.0,8649,49.15999984741211,21.267455955890853,23.486868,31.338144,35.55476,40.080006,42.02433,27.992903,1.0,35.09988082010686,35.0,36.0,36.0,36.0,36.0,0
Mbalmayo,BIO_FP_FH__L2A_20251215T050116_20251227T050144_T_G01_M01_C___T004_F004,2025-12-15,28,38,11.461915969848633,3.4257349967956543,9.255094528198242,1.0,8649,53.82640075683594,20.794406777517633,23.20646,35.277897,37.453514,40.905846,43.221806,30.701826,1.0,34.41924803247892,35.0,36.0,36.0,36.0,36.0,0
Mbalmayo,BIO_FP_FH__L2A_20251215T050116_20251227T050144_T_G01_M01_C___T004_F004,2025-12-15,28,39,11.462749481201172,3.4257349967956543,7.713694095611572,1.0,8649,42.15079879760742,6.932134043675569,3.8211672,19.726273,26.371258,31.39857,36.91279,11.655745,1.0,31.844210240644916,31.337553024291992,34.0,34.0,35.0,35.0,0
Mbalmayo,BIO_FP_FH__L2A_20251215T050116_20251227T050144_T_G01_M01_C___T004_F004,2025-12-15,28,40,11.463582992553711,3.4257349967956543,14.392694473266602,1.0,8649,23.165000915527344,13.785785838680772,10.269142,31.28322,37.9725,43.232624,46.36146,26.11271,1.0,33.825420865241824,34.0,35.0,36.0,37.0,37.0,0
Mbalmayo,BIO_FP_FH__L2A_20251215T050116_20251227T050144_T_G01_M01_C___T004_F004,2025-12-15,28,41,11.46441650390625,3.4257349967956543,22.06209373474121,1.0,8649,3.2981998920440674,15.326017187680657,13.322421,30.132908,31.639397,35.841774,38.085804,27.346027,1.0,30.645299280788294,31.0,33.0,33.0,36.0,36.0,0
Mbalmayo,BIO_FP_FH__L2A_20251215T050116_20251227T050144_T_G01_M01_C___T004_F004,2025-12-15,28,42,11.465250015258789,3.4257349967956543,22.51259994506836,1.0,8649,1.3276000022888184,14.351172281477627,13.629164,29.65792,32.568996,35.933105,37.197998,27.147024,1.0,28.042513727052928,28.0,31.0,32.0,33.0,33.0,0
Mbalmayo,BIO_FP_FH__L2A_20251215T050116_20251227T050144_T_G01_M01_C___T004_F004,2025-12-15,28,43,11.466083526611328,3.4257349967956543,19.54400062561035,1.0,8649,7.4019999504089355,5.110587206613482,1.0203568,17.71797,25.912619,33.779087,35.855938,13.505646,1.0,26.062007416464827,26.0,27.0,28.0,29.0,31.0,0
Mbalmayo,BIO_FP_FH__L2A_20251215T050116_20251227T050144_T_G01_M01_C___T004_F004,2025-12-15,28,44,11.466917037963867,3.4257349967956543,13.964599609375,1.0,8649,16.319799423217773,14.961693548387096,13.265951,32.231308,37.386086,40.979317,42.695004,27.659494,1.0,31.224078991162543,33.0,35.0,36.0,36.0,36.0,0
Mbalmayo,BIO_FP_FH__L2A_20251215T050116_20251227T050144_T_G01_M01_C___T004_F004,2025-12-15,29,2,11.431909561157227,3.4249014854431152,5.546994686126709,0.9464152258163877,8275,71.05039978027344,11.63945978455287,9.401311,24.373579,26.925556,34.311485,40.364662,21.216167,1.0,34.16030570396399,34.0,35.0,36.0,36.0,36.0,0
Mbalmayo,BIO_FP_FH__L2A_20251215T050116_20251227T050144_T_G01_M01_C___T004_F004,2025-12-15,29,3,11.432743072509766,3.4249014854431152,0.9343948364257812,1.0,8649,100.0,13.30936131525321,12.1942,25.08495,28.290483,36.842663,41.028484,19.930115,1.0,32.35193708593797,32.0,34.0,34.0,34.0,35.0,0
Mbalmayo,BIO_FP_FH__L2A_20251215T050116_20251227T050144_T_G01_M01_C___T004_F004,2025-12-15,29,4,11.433576583862305,3.4249014854431152,8.468594551086426,1.0,8649,66.80239868164062,22.611572237397386,24.387144,30.363264,31.539265,34.761295,38.71228,28.962576,1.0,32.49327388996747,32.23838424682617,34.0,35.0,35.0,35.0,0
Mbalmayo,BIO_FP_FH__L2A_20251215T050116_20251227T050144_T_G01_M01_C___T004_F004,2025-12-15,29,5,11.434410095214844,3.4249014854431152,19.938194274902344,1.0,8649,13.88479995727539,25.231855967814198,26.102615,33.67305,36.282753,38.820805,40.65641,32.81331,1.0,32.82749167932005,33.0,34.0,35.0,36.0,36.0,0
Mbalmayo,BIO_FP_FH__L2A_20251215T050116_20251227T050144_T_G01_M01_C___T004_F004,2025-12-15,29,6,11.435243606567383,3.4249014854431152,23.27919578552246,1.0,8649,0.0,23.3203179197017,24.33708,30.521946,32.368923,34.32558,35.7749,29.065779,1.0,31.11717722911837,31.0,33.0,35.0,35.0,35.0,0
Mbalmayo,BIO_FP_FH__L2A_20251215T050116_20251227T050144_T_G01_M01_C___T004_F004,2025-12-15,29,7,11.436077117919922,3.4249014854431152,22.487194061279297,1.0,8649,0.0,23.51064926219794,25.327568,30.903639,32.112553,34.252472,36.42942,30.208094,1.0,30.18891331975564,30.0,32.0,32.0,33.0,33.0,0
Mbalmayo,BIO_FP_FH__L2A_20251215T050116_20251227T050144_T_G01_M01_C___T004_F004,2025-12-15,29,8,11.436910629272461,3.4249014854431152,22.293195724487305,1.0,8649,0.0,19.845567406636604,19.311443,32.41622,34.735367,37.68872,39.815872,31.02405,1.0,33.38640565438855,33.0,34.3317756652832,35.0,35.0,36.0,0
Mbalmayo,BIO_FP_FH__L2A_20251215T050116_20251227T050144_T_G01_M01_C___T004_F004,2025-12-15,29,9,11.437744140625,3.4249014854431152,23.439794540405273,1.0,8649,0.0,23.165965266938375,24.126379,33.045055,34.67822,36.4647,38.534557,31.408453,1.0,35.615016766125954,35.8873176574707,37.360992431640625,38.0,39.0,40.0,0
Mbalmayo,BIO_FP_FH__L2A_20251215T050116_20251227T050144_T_G01_M01_C___T004_F004,2025-12-15,29,10,11.438577651977539,3.4249014854431152,25.24083709716797,1.0,8649,0.09700000286102295,22.386249042519367,23.413774,33.91449,35.389534,37.467724,39.209927,32.55637,1.0,38.428051532079806,39.0,40.0,40.0,40.0,40.0,0
Mbalmayo,BIO_FP_FH__L2A_20251215T050116_20251227T050144_T_G01_M01_C___T004_F004,2025-12-15,29,11,11.439411163330078,3.4249014854431152,20.64183807373047,1.0,8649,0.5442000031471252,24.703086158804485,25.029453,33.05796,34.53374,36.633232,38.15235,32.068787,1.0,39.4107949681083,39.0,41.0,41.0,41.0,41.0,0
Mbalmayo,BIO_FP_FH__L2A_20251215T050116_20251227T050144_T_G01_M01_C___T004_F004,2025-12-15,29,12,11.440244674682617,3.4249014854431152,15.75263786315918,1.0,8649,1.4018000364303589,20.939628136200717,21.096405,33.621956,35.110085,36.86957,38.912563,31.463085,1.0,38.81042278244366,39.0,40.0,41.0,41.0,41.0,0
Mbalmayo,BIO_FP_FH__L2A_20251215T050116_20251227T050144_T_G01_M01_C___T004_F004,2025-12-15,29,13,11.441078186035156,3.4249014854431152,11.513837814331055,1.0,8649,2.239000082015991,18.49425918097468,17.79075,30.469736,34.991554,37.23279,38.610313,28.059362,1.0,39.99101412399668,40.0,41.0,41.43538360595707,42.0,42.0,0
Mbalmayo,BIO_FP_FH__L2A_20251215T050116_20251227T050144_T_G01_M01_C___T004_F004,2025-12-15,29,14,11.441911697387695,3.4249014854431152,10.016237258911133,1.0,8649,2.9904000759124756,18.099292999913285,16.213743,31.974218,34.396564,37.54177,40.488674,28.230198,1.0,36.855617850016195,37.0,40.0,40.0,41.0,42.0,0
Mbalmayo,BIO_FP_FH__L2A_20251215T050116_20251227T050144_T_G01_M01_C___T004_F004,2025-12-15,29,15,11.442745208740234,3.4249014854431152,9.168037414550781,1.0,8649,5.051400184631348,19.00838202032027,19.581429,28.039717,29.989931,33.00755,35.972637,26.475912,1.0,34.279593698936246,34.0,35.0,35.0,36.0,36.0,0
Mbalmayo,BIO_FP_FH__L2A_20251215T050116_20251227T050144_T_G01_M01_C___T004_F004,2025-12-15,29,16,11.443578720092773,3.4249014854431152,8.689837455749512,1.0,8649,5.420400142669678,19.647620028326973,19.79818,31.404058,33.99699,36.41269,38.124462,27.473892,1.0,32.7538930831417,33.0,35.0,36.0,36.0,36.0,0
Mbalmayo,BIO_FP_FH__L2A_20251215T050116_20251227T050144_T_G01_M01_C___T004_F004,2025-12-15,29,17,11.444412231445312,3.4249014854431152,8.302437782287598,0.9999999858861935,8649,4.670400142669678,16.048716570160927,16.23022,27.290619,31.400887,35.205494,37.778297,23.98523,1.0,31.372902792442023,31.708518981933594,33.0,33.0,34.0,34.0,0
Mbalmayo,BIO_FP_FH__L2A_20251215T050116_20251227T050144_T_G01_M01_C___T004_F004,2025-12-15,29,20,11.44691276550293,3.4249014854431152,14.733342170715332,1.0,8649,0.25328344106674194,10.288406716094347,10.679697,18.13626,19.238525,22.456099,24.824312,16.744337,1.0,26.736588330885787,27.0,29.0,29.0,31.0,31.0,0
Mbalmayo,BIO_FP_FH__L2A_20251215T050116_20251227T050144_T_G01_M01_C___T004_F004,2025-12-15,29,21,11.447746276855469,3.4249014854431152,13.559741973876953,0.9840849330486183,8551,1.2548834085464478,15.199419249777096,11.395571,36.857857,41.507362,45.971283,47.57203,34.56944,1.0,32.667761820205335,33.0,36.0,36.0,37.0,37.0,0
Mbalmayo,BIO_FP_FH__L2A_20251215T050116_20251227T050144_T_G01_M01_C___T004_F004,2025-12-15,29,22,11.448579788208008,3.4249014854431152,10.334941864013672,0.9803409353682506,8520,4.5478835105896,16.88869288718041,15.572425,31.04395,33.718212,37.211716,40.453144,29.36765,1.0,33.80562221726898,34.0,36.0,36.0,36.0,36.0,0
Mbalmayo,BIO_FP_FH__L2A_20251215T050116_20251227T050144_T_G01_M01_C___T004_F004,2025-12-15,29,24,11.450246810913086,3.4249014854431152,3.5243420600891113,1.0,8649,24.888683319091797,15.473596116603076,14.40868,25.892092,29.901102,33.062557,34.899902,22.825863,1.0,30.371890067061823,31.0,32.0,33.0,33.0,33.0,0
Mbalmayo,BIO_FP_FH__L2A_20251215T050116_20251227T050144_T_G01_M01_C___T004_F004,2025-12-15,29,25,11.451080322265625,3.4249014854431152,2.4725420475006104,1.0,8649,50.215084075927734,18.112237054139207,15.791316,31.270348,33.369522,36.41556,47.899906,26.367344,1.0,33.47117967547151,33.0,35.0,35.0,36.0,36.0,0
Mbalmayo,BIO_FP_FH__L2A_20251215T050116_20251227T050144_T_G01_M01_C___T004_F004,2025-12-15,29,26,11.451913833618164,3.4249014854431152,11.811330795288086,1.0,8649,26.99783706665039,20.999814826858596,22.62869,32.3805,33.397953,34.585407,36.328445,30.557394,1.0,34.28078733949885,34.0,36.0,36.0,37.0,37.0,0
Mbalmayo,BIO_FP_FH__L2A_20251215T050116_20251227T050144_T_G01_M01_C___T004_F004,2025-12-15,29,27,11.452747344970703,3.4249014854431152,21.251930236816406,1.0,8649,1.4088364839553833,15.812411026563765,14.363731,30.101393,32.815556,35.865284,39.305405,27.308577,1.0,33.794636498242944,34.0,36.0,36.0,37.0,37.0,0
Mbalmayo,BIO_FP_FH__L2A_20251215T050116_20251227T050144_T_G01_M01_C___T004_F004,2025-12-15,29,28,11.453580856323242,3.4249014854431152,15.535330772399902,1.0,8649,32.09263610839844,13.615388159035726,11.497433,30.852598,34.126408,40.614582,42.27061,21.851904,1.0,34.211613019858774,34.0,35.0,35.0,36.0,37.0,0
Mbalmayo,BIO_FP_FH__L2A_20251215T050116_20251227T050144_T_G01_M01_C___T004_F004,2025-12-15,29,31,11.45608139038086,3.4249014854431152,0.9479305744171143,1.0,8649,88.4110336303711,16.692496061683432,15.69077,29.71445,34.28104,39.400135,41.277287,26.391964,1.0,36.89875345784731,37.0,37.0,38.0,38.0,38.0,0
Mbalmayo,BIO_FP_FH__L2A_20251215T050116_20251227T050144_T_G01_M01_C___T004_F004,2025-12-15,29,32,11.456914901733398,3.4249014854431152,1.291730523109436,1.0,8649,84.86543273925781,19.57792537432073,18.376451,34.564533,36.472775,38.62251,40.54764,29.541716,1.0,36.561774578131974,37.0,38.0,38.0,38.0,38.0,0
Mbalmayo,BIO_FP_FH__L2A_20251215T050116_20251227T050144_T_G01_M01_C___T004_F004,2025-12-15,29,33,11.457748413085938,3.4249014854431152,1.32973051071167,1.0,8649,91.29523468017578,15.417651245808765,13.530007,29.924938,33.348682,37.440247,42.968067,25.07889,1.0,36.63003856541174,37.0,37.0,38.0,38.0,38.0,0
Mbalmayo,BIO_FP_FH__L2A_20251215T050116_20251227T050144_T_G01_M01_C___T004_F004,2025-12-15,29,34,11.458581924438477,3.4249014854431152,1.2206941843032837,1.0,8649,100.0,15.361319317984739,11.761621,32.843685,37.259945,40.939102,42.658043,27.058706,1.0,37.85873093761065,38.0,39.0,39.0,39.0,39.0,0
Mbalmayo,BIO_FP_FH__L2A_20251215T050116_20251227T050144_T_G01_M01_C___T004_F004,2025-12-15,29,35,11.459415435791016,3.4249014854431152,6.469893932342529,1.0,8649,79.24299621582031,16.759890052318188,12.816524,33.834267,37.49459,40.20719,43.925148,30.689285,1.0,36.86836420068687,37.0,38.0,38.0,38.0,38.0,0
Mbalmayo,BIO_FP_FH__L2A_20251215T050116_20251227T050144_T_G01_M01_C___T004_F004,2025-12-15,29,36,11.460248947143555,3.4249014854431152,4.147494316101074,1.0,8649,87.9385986328125,15.859738120013875,14.689136,29.401028,32.392776,34.784363,36.231888,25.887157,1.0,34.21252283309564,34.0,35.52997970581055,36.0,36.0,36.0,0
Mbalmayo,BIO_FP_FH__L2A_20251215T050116_20251227T050144_T_G01_M01_C___T004_F004,2025-12-15,29,37,11.461082458496094,3.4249014854431152,1.324294090270996,1.0,8649,98.56939697265625,20.155031922043012,21.04464,29.59364,31.230734,33.72987,37.063633,27.100857,1.0,35.085550717748454,35.0,36.0,36.0,36.0,36.0,0
Mbalmayo,BIO_FP_FH__L2A_20251215T050116_20251227T050144_T_G01_M01_C___T004_F004,2025-12-15,29,38,11.461915969848633,3.4249014854431152,1.6544941663742065,1.0,8649,78.37979888916016,13.17579434761244,8.696869,30.386486,34.14899,38.7835,41.097225,26.508675,1.0,35.33415047200874,35.0,36.0,36.0,36.0,36.0,0
Mbalmayo,BIO_FP_FH__L2A_20251215T050116_20251227T050144_T_G01_M01_C___T004_F004,2025-12-15,29,39,11.462749481201172,3.4249014854431152,2.391494035720825,1.0,8649,55.48419952392578,7.23358507847728,2.3962643,25.25564,31.65695,43.62352,45.630093,17.233854,1.0,35.244677084610636,35.0,37.0,37.0,38.0,38.0,0
Mbalmayo,BIO_FP_FH__L2A_20251215T050116_20251227T050144_T_G01_M01_C___T004_F004,2025-12-15,29,40,11.463582992553711,3.4249014854431152,9.26789379119873,1.0,8649,27.127599716186523,16.430171660018498,11.962076,37.68954,41.804718,46.479588,48.421688,26.999334,1.0,37.46905987611987,37.0,40.0,40.0,40.0,40.0,0
Mbalmayo,BIO_FP_FH__L2A_20251215T050116_20251227T050144_T_G01_M01_C___T004_F004,2025-12-15,29,41,11.46441650390625,3.4249014854431152,15.251294136047363,1.0,8649,13.088399887084961,21.100043628598684,20.698517,36.870243,39.780575,44.110497,46.302242,31.409191,1.0,35.218383717831884,35.0,38.0,38.0,39.0,39.0,0
Mbalmayo,BIO_FP_FH__L2A_20251215T050116_20251227T050144_T_G01_M01_C___T004_F004,2025-12-15,29,42,11.465250015258789,3.4249014854431152,12.153800010681152,1.0,8649,29.562999725341797,24.26383559515551,24.867533,35.72638,38.45636,42.325115,44.604626,30.467764,1.0,30.88484669117614,31.0,32.0,32.0,33.0,33.0,0
Mbalmayo,BIO_FP_FH__L2A_20251215T050116_20251227T050144_T_G01_M01_C___T004_F004,2025-12-15,29,43,11.466083526611328,3.4249014854431152,12.095000267028809,1.0,8649,25.885000228881836,11.777943078679616,7.331198,29.517027,33.708115,38.786434,43.021133,24.370825,1.0,30.227976124966705,31.0,33.82097625732422,34.0,34.0,34.0,0
Mbalmayo,BIO_FP_FH__L2A_20251215T050116_20251227T050144_T_G01_M01_C___T004_F004,2025-12-15,29,44,11.466917037963867,3.4249014854431152,18.62660026550293,1.0,8649,0.11980000138282776,15.677987068591746,13.75776,32.813457,35.226677,38.66781,43.42502,26.555595,1.0,33.272050273144146,34.0,36.0,36.0,36.0,36.0,0
Mbalmayo,BIO_FP_FH__L2A_20251215T050116_20251227T050144_T_G01_M01_C___T004_F004,2025-12-15,30,2,11.431909561157227,3.424067974090576,0.9997948408126831,0.9461815999772373,8251,100.0,12.837169120491083,10.014274,28.98018,32.069313,36.004055,42.23118,19.827587,1.0,33.84909900101172,34.0,35.0,35.0,36.0,36.0,0
Mbalmayo,BIO_FP_FH__L2A_20251215T050116_20251227T050144_T_G01_M01_C___T004_F004,2025-12-15,30,3,11.432743072509766,3.424067974090576,0.7975948452949524,1.0,8649,100.0,12.475189057260955,11.748649,22.86304,26.611732,37.97229,40.99633,17.720665,1.0,29.189597745867378,29.0,31.0,31.0,32.0,33.0,0
Mbalmayo,BIO_FP_FH__L2A_20251215T050116_20251227T050144_T_G01_M01_C___T004_F004,2025-12-15,30,4,11.433576583862305,3.424067974090576,5.02839469909668,1.0,8649,79.88059997558594,19.230488622239566,20.4836,32.132782,36.807472,40.32698,41.272694,29.431894,1.0,33.29376482337813,34.0,36.0,37.0,37.0,37.0,0
Mbalmayo,BIO_FP_FH__L2A_20251215T050116_20251227T050144_T_G01_M01_C___T004_F004,2025-12-15,30,5,11.434410095214844,3.424067974090576,16.13599395751953,1.0,8649,27.60759925842285,21.981666504075616,23.236248,32.501457,34.16527,36.92665,39.118317,31.493551,1.0,33.18676004157285,33.0,35.0,35.0,37.0,37.0,0
Mbalmayo,BIO_FP_FH__L2A_20251215T050116_20251227T050144_T_G01_M01_C___T004_F004,2025-12-15,30,6,11.435243606567383,3.424067974090576,21.80739402770996,1.0,8649,0.0,23.629604036593825,23.997396,32.805363,39.19036,42.27028,44.178223,31.624372,1.0,31.150725709260414,32.0,32.0,32.0,33.0,33.0,0
Mbalmayo,BIO_FP_FH__L2A_20251215T050116_20251227T050144_T_G01_M01_C___T004_F004,2025-12-15,30,7,11.436077117919922,3.424067974090576,21.367794036865234,1.0,8649,0.0,25.024792425424906,26.18791,31.903484,33.147083,35.257397,37.744686,31.18003,1.0,31.588796123381584,32.0,32.515467071533195,33.0,33.0,34.0,0
Mbalmayo,BIO_FP_FH__L2A_20251215T050116_20251227T050144_T_G01_M01_C___T004_F004,2025-12-15,30,9,11.437744140625,3.424067974090576,22.651994705200195,0.9391848779934819,8181,0.0,24.078541592323287,23.514528,34.06246,35.259586,37.310673,40.346443,32.653152,1.0,35.41365778792151,35.0,37.0,37.0,37.0,37.0,0
Mbalmayo,BIO_FP_FH__L2A_20251215T050116_20251227T050144_T_G01_M01_C___T004_F004,2025-12-15,30,10,11.438577651977539,3.424067974090576,27.39023780822754,1.0,8649,0.5676000118255615,25.729509914440975,26.838346,35.165718,36.987865,38.8847,40.404816,33.0583,1.0,37.31079812413186,37.0,38.0,39.0,39.0,39.0,0
Mbalmayo,BIO_FP_FH__L2A_20251215T050116_20251227T050144_T_G01_M01_C___T004_F004,2025-12-15,30,11,11.439411163330078,3.424067974090576,24.642837524414062,1.0,8649,0.43220001459121704,26.944502706237714,27.187687,36.10938,36.93859,38.124054,39.014317,35.45681,1.0,36.317321359222234,36.0,38.0,39.0,39.0,39.0,0
Mbalmayo,BIO_FP_FH__L2A_20251215T050116_20251227T050144_T_G01_M01_C___T004_F004,2025-12-15,30,12,11.440244674682617,3.424067974090576,20.54743766784668,1.0,8649,0.16699999570846558,22.105175634466413,21.701674,34.926594,37.265198,40.200638,47.147087,31.042631,1.0,35.95610681816751,36.0,38.0,38.0,38.0,39.0,0
Mbalmayo,BIO_FP_FH__L2A_20251215T050116_20251227T050144_T_G01_M01_C___T004_F004,2025-12-15,30,13,11.441078186035156,3.424067974090576,16.323637008666992,1.0,8649,0.3124000132083893,20.336534118828766,20.44925,31.48943,33.495213,35.470654,37.64606,29.521044,1.0,36.89077693600919,36.0,39.0,40.0,41.0,41.0,0
Mbalmayo,BIO_FP_FH__L2A_20251215T050116_20251227T050144_T_G01_M01_C___T004_F004,2025-12-15,30,14,11.441911697387695,3.424067974090576,14.823237419128418,1.0,8649,1.090999960899353,23.10672928228697,23.990278,32.920967,34.45764,36.143658,37.514385,30.69323,1.0,35.68469427097518,35.0,37.10934829711914,39.0,41.0,41.0,0
Mbalmayo,BIO_FP_FH__L2A_20251215T050116_20251227T050144_T_G01_M01_C___T004_F004,2025-12-15,30,15,11.442745208740234,3.424067974090576,13.317037582397461,1.0,8649,1.9263999462127686,21.41587358365129,22.292542,29.97502,33.13943,40.518288,43.94455,28.245564,1.0,32.46971929697704,32.0,34.0,34.0,35.0,35.0,0
Mbalmayo,BIO_FP_FH__L2A_20251215T050116_20251227T050144_T_G01_M01_C___T004_F004,2025-12-15,30,16,11.443578720092773,3.424067974090576,10.822637557983398,1.0,8649,2.819999933242798,20.25324730460169,20.641153,29.351332,31.036388,36.080746,37.447536,27.822416,1.0,30.25694258098093,30.0,32.0,32.0,32.0,32.0,0
Mbalmayo,BIO_FP_FH__L2A_20251215T050116_20251227T050144_T_G01_M01_C___T004_F004,2025-12-15,30,17,11.444412231445312,3.424067974090576,9.304437637329102,1.0,8649,3.2202000617980957,17.793155278066827,19.12695,28.440983,29.638416,31.533548,34.35129,26.864885,1.0,30.442228470086803,30.0,32.0,33.0,33.0,33.0,0
Mbalmayo,BIO_FP_FH__L2A_20251215T050116_20251227T050144_T_G01_M01_C___T004_F004,2025-12-15,30,18,11.445245742797852,3.424067974090576,8.266741752624512,0.9998795245476355,8649,3.4778833389282227,13.526893598098088,13.480259,21.771381,24.456964,29.573074,31.3475,20.466747,0.994112510188892,32.0150572528498,32.0,34.0,34.0,35.0,35.0,0
Mbalmayo,BIO_FP_FH__L2A_20251215T050116_20251227T050144_T_G01_M01_C___T004_F004,2025-12-15,30,21,11.447746276855469,3.424067974090576,15.301742553710938,1.0,8649,1.4942834377288818,16.659493239825412,15.348622,29.823675,34.515717,40.217346,45.217674,25.026224,1.0,34.28416829721709,35.0,36.0,36.0,36.0,36.0,0
Mbalmayo,BIO_FP_FH__L2A_20251215T050116_20251227T050144_T_G01_M01_C___T004_F004,2025-12-15,30,22,11.448579788208008,3.424067974090576,9.270742416381836,1.0,8649,8.914883613586426,22.603598952913632,24.03056,33.00011,34.87211,37.387695,41.437378,32.09652,1.0,31.72378734611117,32.0,35.0,35.0,35.0,35.0,0
Mbalmayo,BIO_FP_FH__L2A_20251215T050116_20251227T050144_T_G01_M01_C___T004_F004,2025-12-15,30,24,11.450246810913086,3.424067974090576,2.970142126083374,0.9982930480131373,8644,42.54928207397461,20.434021050769537,19.91249,33.06836,35.80431,38.684483,40.56555,31.670183,1.0,33.424245848464395,34.0,34.63563919067383,36.0,37.0,37.0,0
Mbalmayo,BIO_FP_FH__L2A_20251215T050116_20251227T050144_T_G01_M01_C___T004_F004,2025-12-15,30,25,11.451080322265625,3.424067974090576,1.9377421140670776,1.0,8649,66.56568145751953,18.710643932824603,15.749117,39.89892,43.179607,45.597954,46.39819,32.128975,1.0,35.673789652968736,36.0,37.0,38.0,38.0,38.0,0
Mbalmayo,BIO_FP_FH__L2A_20251215T050116_20251227T050144_T_G01_M01_C___T004_F004,2025-12-15,30,26,11.451913833618164,3.424067974090576,8.832930564880371,1.0,8649,53.544437408447266,21.233982523268587,21.223562,32.209343,34.80663,41.510715,43.71835,29.761587,1.0,36.04668035561232,36.0,37.0,37.0,38.0,38.0,0
Mbalmayo,BIO_FP_FH__L2A_20251215T050116_20251227T050144_T_G01_M01_C___T004_F004,2025-12-15,30,27,11.452747344970703,3.424067974090576,13.386330604553223,1.0,8649,41.66023635864258,12.843426172823447,11.304017,27.688034,30.827372,34.097,37.97345,20.577652,1.0,35.125630280698346,35.0,36.05467224121094,37.0,37.0,37.0,0
Mbalmayo,BIO_FP_FH__L2A_20251215T050116_20251227T050144_T_G01_M01_C___T004_F004,2025-12-15,30,28,11.453580856323242,3.424067974090576,7.937330722808838,0.9298533936817117,8093,65.27823638916016,11.357858010873837,10.205682,23.304873,25.995699,32.318867,33.902042,19.034826,0.9275289706057541,33.87234544453083,34.0,35.0,36.0,36.0,36.0,0
Mbalmayo,BIO_FP_FH__L2A_20251215T050116_20251227T050144_T_G01_M01_C___T004_F004,2025-12-15,30,30,11.45524787902832,3.424067974090576,0.0829305574297905,0.985377023806943,8549,100.0,15.183407162074449,15.436212,25.03399,27.464495,33.495724,36.419495,23.35232,0.9502160862417273,35.47365518877816,36.0,36.860774993896484,37.0,37.0,38.0,0
Mbalmayo,BIO_FP_FH__L2A_20251215T050116_20251227T050144_T_G01_M01_C___T004_F004,2025-12-15,30,31,11.45608139038086,3.424067974090576,0.6635305285453796,1.0,8649,90.28623962402344,19.94168852613019,19.710577,34.14809,35.99861,38.51737,42.67045,31.895914,1.0,37.25322978495725,37.0,38.0,39.0,39.0,39.0,0
Mbalmayo,BIO_FP_FH__L2A_20251215T050116_20251227T050144_T_G01_M01_C___T004_F004,2025-12-15,30,32,11.456914901733398,3.424067974090576,1.6891305446624756,1.0,8649,73.53083801269531,16.983189891895016,17.563103,27.716028,30.236723,33.736538,36.38284,24.53561,1.0,34.68180945347135,35.0,37.0,37.0,38.0,38.0,0
Mbalmayo,BIO_FP_FH__L2A_20251215T050116_20251227T050144_T_G01_M01_C___T004_F004,2025-12-15,30,33,11.457748413085938,3.424067974090576,3.5803306102752686,1.0,8649,69.9140396118164,17.574867307636723,16.944012,30.79388,36.41563,41.612247,45.756927,28.584589,1.0,34.084170433341704,34.0,36.0,36.81440353393555,37.0,38.0,0
Mbalmayo,BIO_FP_FH__L2A_20251215T050116_20251227T050144_T_G01_M01_C___T004_F004,2025-12-15,30,34,11.458581924438477,3.424067974090576,6.489694118499756,1.0,8649,74.10299682617188,14.01632414151925,10.70878,28.705269,34.412106,39.802692,41.96018,24.372768,1.0,35.81167632178056,36.0,37.0,38.0,38.0,38.0,0
Mbalmayo,BIO_FP_FH__L2A_20251215T050116_20251227T050144_T_G01_M01_C___T004_F004,2025-12-15,30,35,11.459415435791016,3.424067974090576,6.213094234466553,1.0,8649,79.90239715576172,15.258932120042779,10.508423,34.309586,36.42875,39.840797,44.170208,27.511759,1.0,36.87160585756067,37.0,38.0,38.0,38.0,38.0,0
Mbalmayo,BIO_FP_FH__L2A_20251215T050116_20251227T050144_T_G01_M01_C___T004_F004,2025-12-15,30,36,11.460248947143555,3.424067974090576,1.796294093132019,1.0,8649,83.99259948730469,15.019127482223379,13.619877,29.997622,33.280956,41.106525,43.510525,27.11207,1.0,34.724984900167684,35.0,37.0,37.0,37.0,37.0,0
Mbalmayo,BIO_FP_FH__L2A_20251215T050116_20251227T050144_T_G01_M01_C___T004_F004,2025-12-15,30,37,11.461082458496094,3.424067974090576,1.7172940969467163,1.0,8649,79.43620300292969,9.570435346571857,6.1572356,22.763212,27.804108,35.975758,37.71293,19.083525,1.0,34.557064313973456,34.0,36.0,36.0,37.0,37.0,0
Mbalmayo,BIO_FP_FH__L2A_20251215T050116_20251227T050144_T_G01_M01_C___T004_F004,2025-12-15,30,38,11.461915969848633,3.424067974090576,2.442894220352173,1.0,8649,61.16239929199219,6.01048486457972,1.6651958,25.184517,30.11473,34.45803,39.85103,16.038998,1.0,35.248049811994925,35.0,36.0,36.0,37.0,37.0,0
Mbalmayo,BIO_FP_FH__L2A_20251215T050116_20251227T050144_T_G01_M01_C___T004_F004,2025-12-15,30,39,11.462749481201172,3.424067974090576,3.4072940349578857,1.0,8649,37.60580062866211,6.4064085262747135,3.34955,18.878342,25.980179,35.767254,37.153843,12.671414,1.0,34.90444634197516,35.0,37.0,37.0,38.0,38.0,0
Mbalmayo,BIO_FP_FH__L2A_20251215T050116_20251227T050144_T_G01_M01_C___T004_F004,2025-12-15,30,40,11.463582992553711,3.424067974090576,8.131494522094727,1.0,8649,13.417400360107422,17.324152358654178,15.760771,34.024357,35.861794,38.171192,40.625732,30.163136,1.0,38.16184848790252,38.0,39.536624908447266,40.0,40.0,40.0,0
Mbalmayo,BIO_FP_FH__L2A_20251215T050116_20251227T050144_T_G01_M01_C___T004_F004,2025-12-15,30,41,11.46441650390625,3.424067974090576,4.9568939208984375,1.0,8649,36.12419891357422,30.398742809862412,31.478752,36.790253,39.377304,41.579216,42.98721,34.33219,1.0,35.36895772506356,35.34929656982422,37.0,38.0,39.0,39.0,0
Mbalmayo,BIO_FP_FH__L2A_20251215T050116_20251227T050144_T_G01_M01_C___T004_F004,2025-12-15,30,42,11.465250015258789,3.424067974090576,2.575200080871582,1.0,8649,55.466800689697266,29.772215357266735,29.403942,43.162617,44.657715,47.426846,49.983425,40.64525,1.0,33.84195745725937,34.0,36.0,36.0,37.0,38.0,0
Mbalmayo,BIO_FP_FH__L2A_20251215T050116_20251227T050144_T_G01_M01_C___T004_F004,2025-12-15,30,43,11.466083526611328,3.424067974090576,9.994199752807617,1.0,8649,29.3533992767334,22.61442209720777,21.784992,38.87186,40.691742,44.141685,48.758663,34.539516,1.0,35.67873694659906,36.0,37.0,38.0,38.0,38.0,0
Mbalmayo,BIO_FP_FH__L2A_20251215T050116_20251227T050144_T_G01_M01_C___T004_F004,2025-12-15,30,44,11.466917037963867,3.424067974090576,17.413400650024414,1.0,8649,3.2402000427246094,23.69055851832582,24.309515,38.811836,40.623764,43.438244,45.26859,35.293755,1.0,35.42395865874479,35.0,37.0,37.0,38.0,38.0,0
Mbalmayo,BIO_FP_FH__L2A_20251215T050116_20251227T050144_T_G01_M01_C___T004_F004,2025-12-15,30,45,11.467750549316406,3.424067974090576,4.699999809265137,1.0,8649,16.438199996948242,19.807400963984275,18.751919,33.429283,37.652348,46.662937,52.360985,29.425621,1.0,35.13558930542472,35.0,36.0,36.0,37.0,37.0,0
Mbalmayo,BIO_FP_FH__L2A_20251215T050116_20251227T050144_T_G01_M01_C___T004_F004,2025-12-15,31,2,11.431909561157227,3.423234462738037,5.260194778442383,0.9791709008086195,8499,74.7656021118164,14.396528223291668,12.829688,29.34333,34.64627,36.960194,38.552113,24.098814,1.0,32.671049158839715,32.0,34.0,35.0,35.0,35.0,0
Mbalmayo,BIO_FP_FH__L2A_20251215T050116_20251227T050144_T_G01_M01_C___T004_F004,2025-12-15,31,3,11.432743072509766,3.423234462738037,6.911194801330566,1.0,8649,64.13020324707031,15.760670037721123,16.40603,27.893072,30.074633,34.41544,37.070236,23.423574,1.0,30.75416539095498,31.0,32.0,32.0,32.0,32.0,0
Mbalmayo,BIO_FP_FH__L2A_20251215T050116_20251227T050144_T_G01_M01_C___T004_F004,2025-12-15,31,4,11.433576583862305,3.423234462738037,9.104194641113281,1.0,8649,53.49480056762695,21.42752820051451,23.851446,34.0496,36.2544,38.232487,39.218548,31.090448,1.0,32.25235180915994,32.0,34.0,34.0,35.0,35.0,0
Mbalmayo,BIO_FP_FH__L2A_20251215T050116_20251227T050144_T_G01_M01_C___T004_F004,2025-12-15,31,5,11.434410095214844,3.423234462738037,12.566394805908203,1.0,8649,41.81520080566406,25.080100932911318,25.291412,33.03778,35.27492,37.317772,38.51571,32.283077,1.0,32.690401885726985,32.867610931396484,34.77313232421875,35.0,35.0,35.0,0
Mbalmayo,BIO_FP_FH__L2A_20251215T050116_20251227T050144_T_G01_M01_C___T004_F004,2025-12-15,31,6,11.435243606567383,3.423234462738037,21.382795333862305,1.0,8649,0.0,21.17655581570124,23.179787,29.405237,30.869919,32.890667,34.539124,29.018082,1.0,30.75780801048636,31.0,32.0,32.0,32.0,33.0,0
Mbalmayo,BIO_FP_FH__L2A_20251215T050116_20251227T050144_T_G01_M01_C___T004_F004,2025-12-15,31,7,11.436077117919922,3.423234462738037,21.02759552001953,0.9513901591314747,8288,0.0,17.496300420626643,19.250458,29.697063,31.858646,37.06916,39.579357,27.976627,1.0,31.704821130887307,32.0,33.0,33.0,33.0,34.0,0
Mbalmayo,BIO_FP_FH__L2A_20251215T050116_20251227T050144_T_G01_M01_C___T004_F004,2025-12-15,31,8,11.436910629272461,3.423234462738037,20.745195388793945,0.970118898093349,8445,0.0,17.436664112235295,18.345915,28.828562,32.115234,34.975395,39.469364,26.630142,0.9989074512098081,32.79784018991823,33.0,34.0,34.0,34.0,35.0,0
Mbalmayo,BIO_FP_FH__L2A_20251215T050116_20251227T050144_T_G01_M01_C___T004_F004,2025-12-15,31,9,11.437744140625,3.423234462738037,24.01079559326172,0.9768534137797722,8469,0.3776000142097473,21.424898456368037,23.160692,30.244001,32.12472,34.4124,37.55254,28.451973,0.9811706555097802,34.3409315591495,35.0,35.0,36.0,36.549617767333984,37.0,0
Mbalmayo,BIO_FP_FH__L2A_20251215T050116_20251227T050144_T_G01_M01_C___T004_F004,2025-12-15,31,10,11.438577651977539,3.423234462738037,26.82103729248047,1.0,8649,1.294800043106079,24.420482588305006,25.016981,31.787975,33.15062,35.417755,37.847435,30.671505,1.0,34.976671911110174,35.0,37.0,37.0,37.0,37.0,0
Mbalmayo,BIO_FP_FH__L2A_20251215T050116_20251227T050144_T_G01_M01_C___T004_F004,2025-12-15,31,11,11.439411163330078,3.423234462738037,25.55683708190918,1.0,8649,0.6295999884605408,24.262732685859635,24.759708,35.220497,37.190945,39.311325,41.913845,33.44801,1.0,34.31038468972095,34.0,35.0,35.079801940917974,36.0,36.0,0
Mbalmayo,BIO_FP_FH__L2A_20251215T050116_20251227T050144_T_G01_M01_C___T004_F004,2025-12-15,31,12,11.440244674682617,3.423234462738037,20.150836944580078,1.0,8649,0.1597999930381775,17.542733444617873,17.966465,27.824438,30.292725,40.726482,42.59656,27.151482,1.0,34.59798118819776,34.63084030151367,36.0,36.0,37.0,37.0,0
Mbalmayo,BIO_FP_FH__L2A_20251215T050116_20251227T050144_T_G01_M01_C___T004_F004,2025-12-15,31,13,11.441078186035156,3.423234462738037,18.0018367767334,1.0,8649,0.0,14.801066687622846,13.092012,29.779741,33.268314,37.124123,38.384224,26.515776,1.0,34.983601240108904,35.0,36.0,36.0,37.0,37.0,0
Mbalmayo,BIO_FP_FH__L2A_20251215T050116_20251227T050144_T_G01_M01_C___T004_F004,2025-12-15,31,14,11.441911697387695,3.423234462738037,18.443437576293945,1.0,8649,0.0,12.671209279974564,11.231248,24.20022,30.142635,35.14238,37.926323,22.234543,1.0,34.689456768126306,34.17710494995117,36.0,36.0,37.0,37.0,0
Mbalmayo,BIO_FP_FH__L2A_20251215T050116_20251227T050144_T_G01_M01_C___T004_F004,2025-12-15,31,15,11.442745208740234,3.423234462738037,18.087238311767578,1.0,8649,0.38999998569488525,18.17172957133773,18.660412,27.05958,29.463854,35.08828,37.06458,25.648056,1.0,31.775805066342794,32.0,34.0,34.75489044189453,35.0,35.0,0
Mbalmayo,BIO_FP_FH__L2A_20251215T050116_20251227T050144_T_G01_M01_C___T004_F004,2025-12-15,31,16,11.443578720092773,3.423234462738037,15.794037818908691,1.0,8649,1.2719999551773071,21.463481598306164,21.756868,32.26098,35.15608,39.744858,40.606495,29.535252,1.0,31.635820852344278,32.0,33.0,34.0,34.0,35.0,0
Mbalmayo,BIO_FP_FH__L2A_20251215T050116_20251227T050144_T_G01_M01_C___T004_F004,2025-12-15,31,17,11.444412231445312,3.423234462738037,12.44263744354248,1.0,8649,2.216200113296509,24.670606338160482,26.106012,36.218727,39.07736,41.894337,43.662785,33.58094,1.0,33.17846208330468,33.0,35.0,35.0,35.0,35.0,0
Mbalmayo,BIO_FP_FH__L2A_20251215T050116_20251227T050144_T_G01_M01_C___T004_F004,2025-12-15,31,18,11.445245742797852,3.423234462738037,9.0909423828125,0.9803106471394815,8491,3.1604833602905273,19.456791445873584,19.200016,31.163517,35.420944,38.30873,39.73203,28.796402,0.9599186394650931,33.754402989588314,34.0,35.0,35.0,36.0,36.0,0
Mbalmayo,BIO_FP_FH__L2A_20251215T050116_20251227T050144_T_G01_M01_C___T004_F004,2025-12-15,31,21,11.447746276855469,3.423234462738037,15.1357421875,1.0,8649,11.289283752441406,18.635114969938723,18.47666,32.57203,35.864185,39.40057,41.86553,29.50998,1.0,35.14310543886401,35.0,36.0,36.0,36.0,36.0,0
Mbalmayo,BIO_FP_FH__L2A_20251215T050116_20251227T050144_T_G01_M01_C___T004_F004,2025-12-15,31,22,11.448579788208008,3.423234462738037,8.888941764831543,1.0,8649,25.123483657836914,26.60624783211932,28.590809,35.623814,36.493107,37.944347,40.470627,34.527885,1.0,34.618518125199074,34.034812927246094,36.0,36.0,37.0,37.0,0
Mbalmayo,BIO_FP_FH__L2A_20251215T050116_20251227T050144_T_G01_M01_C___T004_F004,2025-12-15,31,24,11.450246810913086,3.423234462738037,2.3657422065734863,0.9685191263531189,8424,57.2990837097168,27.508839906487278,29.018436,35.80734,37.81945,39.456036,40.63948,34.933853,1.0,33.47484766809854,33.26320266723633,34.0,34.0,35.0,35.0,0
Mbalmayo,BIO_FP_FH__L2A_20251215T050116_20251227T050144_T_G01_M01_C___T004_F004,2025-12-15,31,25,11.451080322265625,3.423234462738037,1.4557421207427979,1.0,8649,79.33988189697266,15.683664206122096,14.5936575,26.765347,29.937616,32.87235,34.244453,24.438396,1.0,33.928396819740215,34.0,35.0,35.0,35.0,35.0,0
Mbalmayo,BIO_FP_FH__L2A_20251215T050116_20251227T050144_T_G01_M01_C___T004_F004,2025-12-15,31,26,11.451913833618164,3.423234462738037,4.904930591583252,1.0,8649,80.43783569335938,19.785572663747253,19.309341,32.87581,34.70763,38.729404,41.354458,29.75123,1.0,35.78126296088494,36.0,37.0,37.0,38.0,38.0,0
Mbalmayo,BIO_FP_FH__L2A_20251215T050116_20251227T050144_T_G01_M01_C___T004_F004,2025-12-15,31,27,11.452747344970703,3.423234462738037,2.2715306282043457,1.0,8649,91.06763458251953,12.492252084778587,10.9126005,28.135225,31.403223,36.341606,39.56558,21.302744,1.0,34.63299741049229,34.0,37.0,37.0,37.007434692382816,38.0,0
Mbalmayo,BIO_FP_FH__L2A_20251215T050116_20251227T050144_T_G01_M01_C___T004_F004,2025-12-15,31,30,11.45524787902832,3.423234462738037,5.244130611419678,1.0,8649,77.03623962402344,18.959764134582034,20.232826,29.684328,31.522427,36.423443,39.49377,27.632868,1.0,32.6661245136788,32.45680236816406,35.0,36.0,36.0,37.0,0
Mbalmayo,BIO_FP_FH__L2A_20251215T050116_20251227T050144_T_G01_M01_C___T004_F004,2025-12-15,31,31,11.45608139038086,3.423234462738037,8.491730690002441,1.0,8649,66.40123748779297,17.369661593825874,15.750712,34.179,38.454987,41.846184,43.961857,29.280365,1.0,34.68142612645607,34.0,36.0,36.0,37.0,37.0,0
Mbalmayo,BIO_FP_FH__L2A_20251215T050116_20251227T050144_T_G01_M01_C___T004_F004,2025-12-15,31,32,11.456914901733398,3.423234462738037,12.173930168151855,1.0,8649,44.665836334228516,15.373454030090183,14.48751,25.79751,29.151909,33.8784,37.389713,23.730839,1.0,33.925474717970154,34.0,35.0,35.0,36.0,36.0,0
Mbalmayo,BIO_FP_FH__L2A_20251215T050116_20251227T050144_T_G01_M01_C___T004_F004,2025-12-15,31,33,11.457748413085938,3.423234462738037,16.531930923461914,1.0,8649,30.341236114501953,11.81107777994566,9.164807,27.451023,31.915768,36.694916,40.05253,21.37611,1.0,32.8071905004453,33.0,35.0,35.0,35.0,36.0,0
Mbalmayo,BIO_FP_FH__L2A_20251215T050116_20251227T050144_T_G01_M01_C___T004_F004,2025-12-15,31,34,11.458581924438477,3.423234462738037,21.170494079589844,1.0,8649,25.202999114990234,14.698898084316106,11.700199,31.461044,35.69938,39.835873,41.64915,27.067495,1.0,34.91419585937295,35.0,36.0,36.034812927246094,37.0,37.0,0
Mbalmayo,BIO_FP_FH__L2A_20251215T050116_20251227T050144_T_G01_M01_C___T004_F004,2025-12-15,31,35,11.459415435791016,3.423234462738037,20.880495071411133,1.0,8649,31.009199142456055,12.568728592178287,10.646863,26.889082,32.459023,35.945686,40.71938,22.32068,1.0,36.28621783936309,36.0,37.0,37.0,37.0,38.0,0
Mbalmayo,BIO_FP_FH__L2A_20251215T050116_20251227T050144_T_G01_M01_C___T004_F004,2025-12-15,31,36,11.460248947143555,3.423234462738037,13.907894134521484,1.0,8649,40.193599700927734,17.03815289339808,15.024072,35.801308,38.126198,40.360397,42.378006,32.40517,1.0,34.98609756714954,35.0,36.82289505004883,37.0,37.0,37.0,0
Mbalmayo,BIO_FP_FH__L2A_20251215T050116_20251227T050144_T_G01_M01_C___T004_F004,2025-12-15,31,37,11.461082458496094,3.423234462738037,6.935294151306152,1.0,8649,49.37799835205078,14.568034870360735,9.729112,32.666397,38.24916,43.76513,47.01982,28.40852,1.0,35.147490178660746,35.0,37.0,37.0,38.0,38.0,0
Mbalmayo,BIO_FP_FH__L2A_20251215T050116_20251227T050144_T_G01_M01_C___T004_F004,2025-12-15,31,38,11.461915969848633,3.423234462738037,2.814094066619873,1.0,8649,48.004398345947266,10.942064743756504,6.4493337,29.398005,34.088085,37.921555,40.655888,23.01718,1.0,35.031530607613625,35.0,36.0,36.0,36.0,36.0,0
Mbalmayo,BIO_FP_FH__L2A_20251215T050116_20251227T050144_T_G01_M01_C___T004_F004,2025-12-15,31,39,11.462749481201172,3.423234462738037,3.7238941192626953,1.0,8649,28.377599716186523,15.398143481182796,12.511096,33.71069,36.64068,39.89681,43.37337,26.385225,1.0,35.85229846091198,36.0,37.0,37.0,37.0,37.0,0
Mbalmayo,BIO_FP_FH__L2A_20251215T050116_20251227T050144_T_G01_M01_C___T004_F004,2025-12-15,31,40,11.463582992553711,3.423234462738037,4.016694068908691,1.0,8649,21.24880027770996,24.606719346167186,24.314003,40.705994,43.206493,45.575348,46.937332,37.214516,1.0,36.3853032101867,36.0,38.0,38.210391998291016,39.0,40.0,0
Mbalmayo,BIO_FP_FH__L2A_20251215T050116_20251227T050144_T_G01_M01_C___T004_F004,2025-12-15,31,41,11.46441650390625,3.423234462738037,3.0940940380096436,1.0,8649,38.529998779296875,24.357496170077464,24.75741,38.003235,39.696354,43.38898,46.56686,36.234726,1.0,34.98064168955855,35.0,36.0,37.0,37.0,37.0,0
Mbalmayo,BIO_FP_FH__L2A_20251215T050116_20251227T050144_T_G01_M01_C___T004_F004,2025-12-15,31,42,11.465250015258789,3.423234462738037,2.164400100708008,1.0,8649,55.74399948120117,21.530370201757428,23.393778,34.615887,37.241917,42.464664,45.039845,32.011013,1.0,36.334057167839184,36.0,37.0,38.0,38.0,39.0,0
Mbalmayo,BIO_FP_FH__L2A_20251215T050116_20251227T050144_T_G01_M01_C___T004_F004,2025-12-15,31,43,11.466083526611328,3.423234462738037,10.313799858093262,1.0,8649,32.11880111694336,19.492113430743437,19.074926,37.821404,40.55304,42.562073,45.64706,32.39493,1.0,37.763029848086184,38.0,39.0,39.0,39.0,39.0,0
Mbalmayo,BIO_FP_FH__L2A_20251215T050116_20251227T050144_T_G01_M01_C___T004_F004,2025-12-15,31,44,11.466917037963867,3.423234462738037,18.45359992980957,1.0,8649,5.4770002365112305,15.372233242282345,12.597193,33.321926,36.302444,40.135136,43.01525,25.893162,1.0,36.7978108463735,37.0,38.0,38.0,39.0,39.0,0
Mbalmayo,BIO_FP_FH__L2A_20251215T050116_20251227T050144_T_G01_M01_C___T004_F004,2025-12-15,31,45,11.467750549316406,3.423234462738037,1.6868000030517578,1.0,8649,72.92160034179688,21.992888899728293,21.130018,35.451767,38.406563,42.50697,50.590218,32.107998,1.0,36.64552388371505,37.0,38.0,38.0,38.0,38.0,0
Mbalmayo,BIO_FP_FH__L2A_20251215T050116_20251227T050144_T_G01_M01_C___T004_F004,2025-12-15,32,2,11.431909561157227,3.422400951385498,14.011995315551758,0.9612643616449518,8383,25.347200393676758,9.646399376919806,6.638538,22.765844,27.57357,30.587887,33.668575,16.540274,1.0,34.91702705632056,35.0,36.0,36.0,37.0,37.0,0
Mbalmayo,BIO_FP_FH__L2A_20251215T050116_20251227T050144_T_G01_M01_C___T004_F004,2025-12-15,32,3,11.432743072509766,3.422400951385498,15.472794532775879,1.0,8649,14.711400032043457,9.780647961469533,6.936399,23.936377,26.64693,32.70383,36.590233,14.493455,1.0,31.158132465991937,31.0,33.0,34.0,34.0,34.0,0
Mbalmayo,BIO_FP_FH__L2A_20251215T050116_20251227T050144_T_G01_M01_C___T004_F004,2025-12-15,32,4,11.433576583862305,3.422400951385498,17.553394317626953,1.0,8649,4.075799942016602,17.69384466412302,17.405422,32.484745,35.594307,39.234146,40.435326,25.748121,1.0,33.09480449761637,33.0,35.0,35.0,36.0,36.0,0
Mbalmayo,BIO_FP_FH__L2A_20251215T050116_20251227T050144_T_G01_M01_C___T004_F004,2025-12-15,32,5,11.434410095214844,3.422400951385498,19.244394302368164,1.0,8649,0.0,17.143248587264424,17.952688,26.257223,27.48633,31.662195,37.07824,25.328245,1.0,33.52692563201061,33.0,35.0,36.0,37.0,37.0,0
Mbalmayo,BIO_FP_FH__L2A_20251215T050116_20251227T050144_T_G01_M01_C___T004_F004,2025-12-15,32,13,11.441078186035156,3.422400951385498,19.08743667602539,0.9922343860652243,8594,0.0,15.599440098725514,15.95746,27.402729,30.670227,33.06491,35.749207,24.548431,1.0,34.788919088288885,35.0,36.0,37.0,37.0,38.0,0
Mbalmayo,BIO_FP_FH__L2A_20251215T050116_20251227T050144_T_G01_M01_C___T004_F004,2025-12-15,32,14,11.441911697387695,3.422400951385498,19.241437911987305,1.0,8649,0.0,18.62878611327899,18.528313,29.125378,30.777365,33.565853,35.117645,27.655518,1.0,35.00011568646139,35.0,36.0,37.0,38.0,38.0,0
Mbalmayo,BIO_FP_FH__L2A_20251215T050116_20251227T050144_T_G01_M01_C___T004_F004,2025-12-15,32,15,11.442745208740234,3.422400951385498,19.869836807250977,1.0,8649,0.0,12.69156567955833,10.6043,25.721537,29.39796,34.250156,36.84403,22.146526,1.0,33.08520800563721,33.0,34.0,34.0,36.0,36.0,0
Mbalmayo,BIO_FP_FH__L2A_20251215T050116_20251227T050144_T_G01_M01_C___T004_F004,2025-12-15,32,16,11.443578720092773,3.422400951385498,20.22703742980957,1.0,8649,0.0,15.476104535206382,15.638297,26.760317,30.089958,35.613052,38.611282,25.721245,1.0,32.52337621697002,32.0,34.0,34.0,34.75462341308594,36.0,0
Mbalmayo,BIO_FP_FH__L2A_20251215T050116_20251227T050144_T_G01_M01_C___T004_F004,2025-12-15,32,17,11.444412231445312,3.422400951385498,18.577037811279297,1.0,8649,0.4790000021457672,22.13015142646549,22.591183,30.953472,34.226154,37.37915,39.27919,29.451714,0.9921138700218831,33.86496863726589,34.0,35.0,36.0,36.0,36.0,0
Mbalmayo,BIO_FP_FH__L2A_20251215T050116_20251227T050144_T_G01_M01_C___T004_F004,2025-12-15,32,21,11.447746276855469,3.422400951385498,17.813541412353516,1.0,8649,9.434883117675781,20.019853722251128,19.874983,33.364986,35.315662,38.574223,43.731773,30.584047,1.0,35.348171042271304,35.0,36.0,37.0,38.0,38.0,0
Mbalmayo,BIO_FP_FH__L2A_20251215T050116_20251227T050144_T_G01_M01_C___T004_F004,2025-12-15,32,22,11.448579788208008,3.422400951385498,10.395941734313965,0.9970606868839605,8630,32.15928268432617,22.11246074172952,23.310242,34.948948,36.50844,39.215046,40.813255,33.37396,1.0,35.824542778298294,36.0,37.0,38.0,38.0,38.0,0
Mbalmayo,BIO_FP_FH__L2A_20251215T050116_20251227T050144_T_G01_M01_C___T004_F004,2025-12-15,32,25,11.451080322265625,3.422400951385498,5.318742275238037,1.0,8649,70.39268493652344,15.289310451352758,13.558063,27.93858,30.745842,36.90223,41.27949,25.990686,1.0,32.33966993869336,32.0,34.0,34.16543197631836,35.0,35.0,0
Mbalmayo,BIO_FP_FH__L2A_20251215T050116_20251227T050144_T_G01_M01_C___T004_F004,2025-12-15,32,26,11.451913833618164,3.422400951385498,6.55573034286499,0.9993925417678344,8648,70.14863586425781,13.865055976616041,11.359877,32.802605,36.228313,41.83963,44.352768,29.25917,1.0,34.06075637064058,34.0,36.0,36.0,37.0,37.0,0
Mbalmayo,BIO_FP_FH__L2A_20251215T050116_20251227T050144_T_G01_M01_C___T004_F004,2025-12-15,32,27,11.452747344970703,3.422400951385498,7.5193305015563965,0.9493494720758903,8242,59.518035888671875,9.144725774541186,3.9239645,25.931068,29.436491,34.293537,38.074284,21.975845,0.9230293890995203,35.36497395706741,35.198402404785156,36.0,37.0,37.0,37.0,0
Mbalmayo,BIO_FP_FH__L2A_20251215T050116_20251227T050144_T_G01_M01_C___T004_F004,2025-12-15,32,30,11.45524787902832,3.422400951385498,16.530330657958984,1.0,8649,27.615236282348633,19.46064257789918,18.704624,28.750706,31.729094,35.478996,37.576538,25.25707,1.0,29.626725664689012,30.0,31.0,31.0,32.0,33.0,0
Mbalmayo,BIO_FP_FH__L2A_20251215T050116_20251227T050144_T_G01_M01_C___T004_F004,2025-12-15,32,31,11.45608139038086,3.422400951385498,19.89413070678711,1.0,8649,16.98003578186035,16.890291688345474,17.19585,29.769724,31.450329,34.084038,36.351562,27.950966,1.0,34.04668340573822,34.0,36.0,36.0,37.0,37.0,0
Mbalmayo,BIO_FP_FH__L2A_20251215T050116_20251227T050144_T_G01_M01_C___T004_F004,2025-12-15,32,32,11.456914901733398,3.422400951385498,23.806730270385742,1.0,8649,6.343836307525635,17.692188945253786,19.330412,29.162739,31.440859,35.159546,37.26377,27.90257,1.0,36.10050036019845,36.0,37.0,38.0,38.0,38.0,0
Mbalmayo,BIO_FP_FH__L2A_20251215T050116_20251227T050144_T_G01_M01_C___T004_F004,2025-12-15,32,33,11.457748413085938,3.422400951385498,27.383729934692383,1.0,8649,0.2852364480495453,15.718522372528616,14.880226,28.595772,30.424578,35.336655,37.925392,26.735022,1.0,35.580196236610306,36.0,37.0,37.0,39.0,39.0,0
Mbalmayo,BIO_FP_FH__L2A_20251215T050116_20251227T050144_T_G01_M01_C___T004_F004,2025-12-15,32,34,11.458581924438477,3.422400951385498,30.137893676757812,1.0,8649,0.8327999711036682,14.606030592409526,10.01052,35.543827,38.751667,40.86976,41.71037,27.978382,1.0,36.94968129207749,37.0,38.0,39.0,39.0,39.0,0
Mbalmayo,BIO_FP_FH__L2A_20251215T050116_20251227T050144_T_G01_M01_C___T004_F004,2025-12-15,32,35,11.459415435791016,3.422400951385498,23.486494064331055,1.0,8649,6.392399787902832,16.130136070644006,9.403665,38.444702,41.212387,42.939762,45.654816,33.05951,1.0,37.36271738005396,37.0,39.0,39.939143371582084,40.0,40.0,0
Mbalmayo,BIO_FP_FH__L2A_20251215T050116_20251227T050144_T_G01_M01_C___T004_F004,2025-12-15,32,36,11.460248947143555,3.422400951385498,11.49809455871582,1.0,8649,25.672199249267578,14.201521219938721,10.860747,28.85701,33.397026,39.821842,44.652462,23.591066,1.0,35.973854113898675,36.0,37.0,37.0,37.0,37.0,0
Mbalmayo,BIO_FP_FH__L2A_20251215T050116_20251227T050144_T_G01_M01_C___T004_F004,2025-12-15,32,37,11.461082458496094,3.422400951385498,3.9514942169189453,1.0,8649,35.588199615478516,19.064471416493237,17.61389,35.35637,40.19973,44.42708,45.905975,32.027077,1.0,37.589735187041384,38.0,39.0,39.0,39.0,39.0,0
Mbalmayo,BIO_FP_FH__L2A_20251215T050116_20251227T050144_T_G01_M01_C___T004_F004,2025-12-15,32,38,11.461915969848633,3.422400951385498,4.928493976593018,1.0,8649,28.782800674438477,20.98600768513701,21.202728,36.835266,38.613846,40.54376,42.01194,35.60344,1.0,36.81091583460132,37.0,38.0,38.0,39.0,39.0,0
Mbalmayo,BIO_FP_FH__L2A_20251215T050116_20251227T050144_T_G01_M01_C___T004_F004,2025-12-15,32,39,11.462749481201172,3.422400951385498,3.902294158935547,1.0,8649,28.041000366210938,12.305960226615793,8.9025345,26.711882,32.257267,39.167915,44.331596,21.71149,1.0,36.68830952604102,37.0,37.0,37.0,38.0,38.0,0
Mbalmayo,BIO_FP_FH__L2A_20251215T050116_20251227T050144_T_G01_M01_C___T004_F004,2025-12-15,32,40,11.463582992553711,3.422400951385498,4.131093978881836,1.0,8649,18.50779914855957,16.21927390449763,13.808185,31.913116,34.818825,37.28677,40.13823,26.868126,1.0,35.58251907607974,35.75818634033203,37.0,37.0,38.0,38.0,0
Mbalmayo,BIO_FP_FH__L2A_20251215T050116_20251227T050144_T_G01_M01_C___T004_F004,2025-12-15,32,41,11.46441650390625,3.422400951385498,3.2156941890716553,1.0,8649,35.858001708984375,17.89061145074575,16.670637,31.614357,34.420822,38.624382,44.324192,27.825356,1.0,34.467312108327754,34.0,35.0,36.0,37.0,37.0,0
Mbalmayo,BIO_FP_FH__L2A_20251215T050116_20251227T050144_T_G01_M01_C___T004_F004,2025-12-15,32,42,11.465250015258789,3.422400951385498,2.3001999855041504,1.0,8649,53.20819854736328,20.4552522329171,17.670862,36.881695,39.79553,44.966362,48.516987,33.485767,1.0,36.22791392079033,36.0,37.0,38.0,39.0,39.0,0
Mbalmayo,BIO_FP_FH__L2A_20251215T050116_20251227T050144_T_G01_M01_C___T004_F004,2025-12-15,32,43,11.466083526611328,3.422400951385498,8.96619987487793,1.0,8649,32.489200592041016,20.97945887891664,19.478651,42.736694,43.91942,45.620037,48.75556,37.8697,1.0,39.199306800746136,39.0,41.0,41.0,41.0,41.0,0
Mbalmayo,BIO_FP_FH__L2A_20251215T050116_20251227T050144_T_G01_M01_C___T004_F004,2025-12-15,32,44,11.466917037963867,3.422400951385498,17.84119987487793,1.0,8649,3.1459999084472656,19.645918693635103,19.084156,34.5929,36.59566,40.929314,42.699318,31.193203,1.0,37.59822396684043,38.0,39.0,39.0,39.0,39.0,0
Mbalmayo,BIO_FP_FH__L2A_20251215T050116_20251227T050144_T_G01_M01_C___T004_F004,2025-12-15,32,45,11.467750549316406,3.422400951385498,5.891200065612793,1.0,8649,46.812198638916016,21.317804081396694,20.17537,36.361053,38.058605,40.404495,43.062557,32.75766,1.0,36.83284955791606,37.0,38.0,38.0,38.0,38.0,0
Mbalmayo,BIO_FP_FH__L2A_20251215T050116_20251227T050144_T_G01_M01_C___T004_F004,2025-12-15,33,2,11.431909561157227,3.421567440032959,18.334260940551758,0.9919255900926046,8611,0.0,6.240337311130973,2.9350417,18.621159,23.01284,27.847637,32.388023,12.147366,1.0,31.891462680218137,32.0,34.0,34.0,34.0,34.0,0
Mbalmayo,BIO_FP_FH__L2A_20251215T050116_20251227T050144_T_G01_M01_C___T004_F004,2025-12-15,33,3,11.432743072509766,3.421567440032959,17.833059310913086,1.0,8649,0.0,11.950882146779975,10.028409,27.23576,32.238556,35.684746,37.502827,20.651579,1.0,30.5659108403956,31.0,33.0,33.0,34.0,34.0,0
Mbalmayo,BIO_FP_FH__L2A_20251215T050116_20251227T050144_T_G01_M01_C___T004_F004,2025-12-15,33,4,11.433576583862305,3.421567440032959,15.176259994506836,1.0,8649,0.0,13.571848082148225,13.38321,25.849192,28.31436,32.679478,35.17993,21.041933,1.0,32.150784333822614,32.0,33.0,34.0,34.0,34.0,0
Mbalmayo,BIO_FP_FH__L2A_20251215T050116_20251227T050144_T_G01_M01_C___T004_F004,2025-12-15,33,8,11.436910629272461,3.421567440032959,14.229459762573242,1.0,8649,1.9429999589920044,7.643755781015146,4.612853,19.244091,22.513096,29.275215,33.72807,15.301577,1.0,26.39944890485718,27.0,30.0,30.0,30.0,31.0,0
Mbalmayo,BIO_FP_FH__L2A_20251215T050116_20251227T050144_T_G01_M01_C___T004_F004,2025-12-15,33,9,11.437744140625,3.421567440032959,8.478059768676758,0.9969990942323534,8638,3.9590001106262207,15.899888994881737,16.18358,25.47945,27.431347,29.894135,32.73898,24.191853,0.9994443945422147,32.018419872643605,33.0,33.55634307861328,34.0,34.0,34.0,0
Mbalmayo,BIO_FP_FH__L2A_20251215T050116_20251227T050144_T_G01_M01_C___T004_F004,2025-12-15,33,19,11.44607925415039,3.421567440032959,19.96509552001953,0.9903307158432333,8572,4.837800025939941,20.24787482138814,20.58244,31.740704,32.904648,34.567425,36.625484,31.05316,1.0,36.57915738569214,37.0,39.0,39.0,39.0,40.0,0
Mbalmayo,BIO_FP_FH__L2A_20251215T050116_20251227T050144_T_G01_M01_C___T004_F004,2025-12-15,33,20,11.44691276550293,3.421567440032959,18.32209587097168,1.0,8649,15.472800254821777,26.61817072421667,28.169506,38.522877,39.82732,42.19855,44.12112,37.662434,1.0,37.554885558164635,38.0,38.443809509277344,39.0,39.0,39.0,0
Mbalmayo,BIO_FP_FH__L2A_20251215T050116_20251227T050144_T_G01_M01_C___T004_F004,2025-12-15,33,21,11.447746276855469,3.421567440032959,18.698095321655273,1.0,8649,14.758399963378906,15.75950615678113,13.219929,30.004517,34.64533,40.657135,43.185776,24.507177,1.0,34.48244104110818,34.0,36.0,36.0,37.0,37.0,0
Mbalmayo,BIO_FP_FH__L2A_20251215T050116_20251227T050144_T_G01_M01_C___T004_F004,2025-12-15,33,22,11.448579788208008,3.421567440032959,17.62309455871582,1.0,8649,10.583999633789062,15.498075554254827,13.973069,27.364477,31.091108,34.146908,39.787586,23.720173,1.0,34.16441034446466,34.0,35.40385818481445,36.0,36.0,36.0,0
Mbalmayo,BIO_FP_FH__L2A_20251215T050116_20251227T050144_T_G01_M01_C___T004_F004,2025-12-15,33,25,11.451080322265625,3.421567440032959,16.407695770263672,1.0,8649,20.870399475097656,12.9499151816684,12.930567,23.98555,26.227203,31.435472,37.24791,22.848932,1.0,32.665646344089055,33.0,34.0,35.0,36.0,36.0,0
Mbalmayo,BIO_FP_FH__L2A_20251215T050116_20251227T050144_T_G01_M01_C___T004_F004,2025-12-15,33,26,11.451913833618164,3.421567440032959,17.65207290649414,0.9995542577628194,8649,20.72960090637207,6.914115251592091,3.2562275,19.274208,23.813234,31.777039,34.34417,15.646037,1.0,33.57493796488056,34.0,34.0,34.0,35.0,35.0,0
Mbalmayo,BIO_FP_FH__L2A_20251215T050116_20251227T050144_T_G01_M01_C___T004_F004,2025-12-15,33,29,11.454414367675781,3.421567440032959,19.50907325744629,1.0,8649,0.0,17.147168838160482,16.972666,25.966154,28.267405,31.064959,34.57063,23.94041,0.9973571721095269,31.9181388782359,32.0,33.0,33.0,33.0,33.0,0
Mbalmayo,BIO_FP_FH__L2A_20251215T050116_20251227T050144_T_G01_M01_C___T004_F004,2025-12-15,33,30,11.45524787902832,3.421567440032959,22.048473358154297,1.0,8649,0.0,17.245522874754307,17.441721,28.531677,31.494293,36.94007,38.94743,24.692518,1.0,32.89251921286899,33.0,34.0,35.0,36.0,36.0,0
Mbalmayo,BIO_FP_FH__L2A_20251215T050116_20251227T050144_T_G01_M01_C___T004_F004,2025-12-15,33,31,11.45608139038086,3.421567440032959,24.82747459411621,1.0,8649,0.27059999108314514,24.418307029714416,26.098227,32.68717,34.037064,35.766914,38.22128,31.758055,1.0,35.54899880414423,36.0,37.0,37.0,37.0,37.0,0
Mbalmayo,BIO_FP_FH__L2A_20251215T050116_20251227T050144_T_G01_M01_C___T004_F004,2025-12-15,33,32,11.456914901733398,3.421567440032959,26.853673934936523,1.0,8649,0.4350000023841858,23.85013395696034,24.836946,35.366177,37.95693,40.249138,42.304577,32.343857,1.0,37.03391857061211,37.0,38.0,39.0,39.0,39.0,0
Mbalmayo,BIO_FP_FH__L2A_20251215T050116_20251227T050144_T_G01_M01_C___T004_F004,2025-12-15,33,33,11.457748413085938,3.421567440032959,29.059673309326172,1.0,8649,0.7160000205039978,19.60564940672332,18.995558,36.854336,39.437443,41.556396,44.530537,34.25674,1.0,37.865306576823535,38.0,39.0,40.0,41.0,41.0,0
Mbalmayo,BIO_FP_FH__L2A_20251215T050116_20251227T050144_T_G01_M01_C___T004_F004,2025-12-15,33,34,11.458581924438477,3.421567440032959,25.4420108795166,1.0,8649,3.8234000205993652,11.795028688287664,8.759317,26.630491,32.722843,40.25752,45.176247,21.748598,1.0,38.176968195546166,38.0,39.0,40.0,41.0,41.0,0
Mbalmayo,BIO_FP_FH__L2A_20251215T050116_20251227T050144_T_G01_M01_C___T004_F004,2025-12-15,33,35,11.459415435791016,3.421567440032959,14.429011344909668,1.0,8649,9.902199745178223,12.924270056509423,8.759215,28.989414,34.6155,40.253597,42.674416,24.73575,1.0,36.86162166218356,37.0,39.0,39.0,39.0,39.0,0
Mbalmayo,BIO_FP_FH__L2A_20251215T050116_20251227T050144_T_G01_M01_C___T004_F004,2025-12-15,33,36,11.460248947143555,3.421567440032959,4.243211269378662,1.0,8649,20.76919937133789,12.123067424702278,9.057198,24.30394,32.627277,36.513474,40.567417,21.18622,1.0,35.46062468203358,35.0,37.0,37.0,37.0,37.0,0
Mbalmayo,BIO_FP_FH__L2A_20251215T050116_20251227T050144_T_G01_M01_C___T004_F004,2025-12-15,33,37,11.461082458496094,3.421567440032959,6.577811241149902,1.0,8649,9.85420036315918,15.071417667504914,11.976721,30.114517,33.89629,42.40267,45.161003,24.211899,1.0,36.81626609990136,37.0,38.0,38.0,38.0,38.0,0
Mbalmayo,BIO_FP_FH__L2A_20251215T050116_20251227T050144_T_G01_M01_C___T004_F004,2025-12-15,33,38,11.461915969848633,3.421567440032959,7.133810997009277,1.0,8649,6.836999893188477,13.624006839663545,10.442475,30.020231,33.608498,38.305813,42.145313,23.046993,1.0,35.31118206289245,35.0,37.0,37.0,38.0,38.0,0
Mbalmayo,BIO_FP_FH__L2A_20251215T050116_20251227T050144_T_G01_M01_C___T004_F004,2025-12-15,33,39,11.462749481201172,3.421567440032959,5.10581111907959,1.0,8649,13.023599624633789,16.566453672389873,14.493372,30.984047,34.67736,39.338623,41.501434,28.114664,1.0,34.62862624486949,35.0,35.0,36.0,36.3990592956543,37.0,0
Mbalmayo,BIO_FP_FH__L2A_20251215T050116_20251227T050144_T_G01_M01_C___T004_F004,2025-12-15,33,40,11.463582992553711,3.421567440032959,4.245410919189453,1.0,8649,15.40820026397705,16.90064738336802,15.841761,30.56669,33.646347,39.396473,42.46131,26.254215,1.0,35.13438551946105,35.0,36.76138687133789,37.0,38.0,38.0,0
Mbalmayo,BIO_FP_FH__L2A_20251215T050116_20251227T050144_T_G01_M01_C___T004_F004,2025-12-15,33,41,11.46441650390625,3.421567440032959,3.361211061477661,1.0,8649,32.12200164794922,21.682140366660885,21.797829,37.55043,40.079163,43.97044,45.007763,34.435814,1.0,36.13146439948265,36.0,38.0,38.0,39.0,39.0,0
Mbalmayo,BIO_FP_FH__L2A_20251215T050116_20251227T050144_T_G01_M01_C___T004_F004,2025-12-15,33,42,11.465250015258789,3.421567440032959,2.859800100326538,1.0,8649,37.36040115356445,20.011430602526303,17.68999,39.365623,42.216854,46.36032,48.09513,34.970573,1.0,35.389689662164585,35.0,37.0,37.0,37.0,37.0,0
Mbalmayo,BIO_FP_FH__L2A_20251215T050116_20251227T050144_T_G01_M01_C___T004_F004,2025-12-15,33,43,11.466083526611328,3.421567440032959,7.414999961853027,1.0,8649,19.78380012512207,16.513846434558907,14.703544,30.981167,35.27491,40.933853,45.099182,25.36313,1.0,36.44783495654811,37.0,38.0,38.0,39.0,39.0,0
Mbalmayo,BIO_FP_FH__L2A_20251215T050116_20251227T050144_T_G01_M01_C___T004_F004,2025-12-15,33,44,11.466917037963867,3.421567440032959,16.075599670410156,1.0,8649,5.04640007019043,17.346947172360967,15.149557,33.94928,36.880157,40.134544,44.777668,29.773855,1.0,37.69707610083668,38.0,39.0,39.0,40.0,40.0,0
Mbalmayo,BIO_FP_FH__L2A_20251215T050116_20251227T050144_T_G01_M01_C___T004_F004,2025-12-15,33,45,11.467750549316406,3.421567440032959,10.34119987487793,1.0,8649,34.41579818725586,21.152623767921146,18.72362,40.00845,45.413486,49.369415,51.400776,35.831345,1.0,36.846383320939296,37.0,38.0,39.0,39.0,39.0,0
Mbalmayo,BIO_FP_FH__L2A_20251215T050116_20251227T050144_T_G01_M01_C___T004_F004,2025-12-15,34,2,11.431909561157227,3.42073392868042,17.981260299682617,0.98075478040272,8533,0.0,7.547410487818841,3.4202223,23.365164,26.597189,32.093266,33.81762,14.144089,1.0,33.74746816482747,34.0,36.0,36.0,36.0,36.0,0
Mbalmayo,BIO_FP_FH__L2A_20251215T050116_20251227T050144_T_G01_M01_C___T004_F004,2025-12-15,34,3,11.432743072509766,3.42073392868042,15.977060317993164,1.0,8649,0.0,3.9979129632038384,1.0398989,14.448021,21.47287,26.231134,35.594536,5.516046,1.0,31.401327142881954,31.0,33.0,33.78147506713867,35.0,35.0,0
Mbalmayo,BIO_FP_FH__L2A_20251215T050116_20251227T050144_T_G01_M01_C___T004_F004,2025-12-15,34,4,11.433576583862305,3.42073392868042,13.153260231018066,0.9049265765912244,7870,0.0,11.793661304295151,9.178362,27.835459,29.68964,32.624496,34.28042,24.35877,0.8648506450796419,32.64758488448972,33.0,34.0,34.0,34.0,34.0,0
Mbalmayo,BIO_FP_FH__L2A_20251215T050116_20251227T050144_T_G01_M01_C___T004_F004,2025-12-15,34,7,11.436077117919922,3.42073392868042,18.449060440063477,1.0,8649,0.0,11.53607353451266,10.975858,23.218622,25.152155,31.242853,35.017635,18.810379,1.0,22.554160067712328,22.0,25.0,26.0,26.0,26.0,0
Mbalmayo,BIO_FP_FH__L2A_20251215T050116_20251227T050144_T_G01_M01_C___T004_F004,2025-12-15,34,8,11.436910629272461,3.42073392868042,15.76725959777832,1.0,8649,0.5989999771118164,6.052228310353798,2.2274406,18.926313,25.528383,31.082794,33.360493,15.796603,1.0,24.094591731542188,23.0,29.0,29.0,30.076054840087906,32.0,0
Mbalmayo,BIO_FP_FH__L2A_20251215T050116_20251227T050144_T_G01_M01_C___T004_F004,2025-12-15,34,9,11.437744140625,3.42073392868042,11.682459831237793,1.0,8649,1.8472000360488892,20.775502406347556,21.55315,32.122543,33.70056,36.997917,39.28941,30.91821,1.0,32.48861481923149,33.0,34.0,34.0,34.0,34.0,0
Mbalmayo,BIO_FP_FH__L2A_20251215T050116_20251227T050144_T_G01_M01_C___T004_F004,2025-12-15,34,10,11.438577651977539,3.42073392868042,14.28345775604248,1.0,8649,1.8021999597549438,27.169528269164065,28.268198,34.20227,35.222923,37.257473,38.83761,33.558037,1.0,32.15593687814569,32.0,33.0,33.0,34.0,34.0,0
Mbalmayo,BIO_FP_FH__L2A_20251215T050116_20251227T050144_T_G01_M01_C___T004_F004,2025-12-15,34,11,11.439411163330078,3.42073392868042,19.575057983398438,1.0,8649,0.8845999836921692,22.419653373944964,23.37841,29.400698,31.498888,34.17492,36.841267,27.999968,1.0,32.184814407475656,32.0,33.0,34.0,34.0,34.0,0
Mbalmayo,BIO_FP_FH__L2A_20251215T050116_20251227T050144_T_G01_M01_C___T004_F004,2025-12-15,34,12,11.440244674682617,3.42073392868042,22.095857620239258,0.996023237422679,8624,0.0,13.004494830754751,13.387798,22.388418,24.68331,28.14061,32.135918,19.768238,0.9994267251970093,30.113338225610704,30.0,32.0,33.0,33.0,33.0,0
Mbalmayo,BIO_FP_FH__L2A_20251215T050116_20251227T050144_T_G01_M01_C___T004_F004,2025-12-15,34,18,11.445245742797852,3.42073392868042,22.314294815063477,0.9922331158226384,8598,0.0,26.175441646976463,27.238335,36.224083,38.570614,41.304348,43.009766,35.01237,0.985824867491192,37.0177425837116,37.0,38.0,39.0,40.0,40.0,0
Mbalmayo,BIO_FP_FH__L2A_20251215T050116_20251227T050144_T_G01_M01_C___T004_F004,2025-12-15,34,19,11.44607925415039,3.42073392868042,18.74029541015625,1.0,8649,16.51759910583496,30.04874434544456,31.429266,36.41793,37.87752,42.512745,45.035236,35.669315,1.0,37.34295154579913,37.0,39.0,39.0,39.56963348388672,40.0,0
Mbalmayo,BIO_FP_FH__L2A_20251215T050116_20251227T050144_T_G01_M01_C___T004_F004,2025-12-15,34,20,11.44691276550293,3.42073392868042,10.373495101928711,1.0,8649,54.26359939575195,23.78301004812695,24.77299,33.799435,35.513897,38.423622,41.414402,31.912672,1.0,36.6588598139535,37.0,38.0,38.0,39.0,39.0,0
Mbalmayo,BIO_FP_FH__L2A_20251215T050116_20251227T050144_T_G01_M01_C___T004_F004,2025-12-15,34,21,11.447746276855469,3.42073392868042,6.096495151519775,1.0,8649,75.51860046386719,24.466938464706903,25.407173,36.70869,39.074203,43.91055,47.38933,34.303185,1.0,33.629237787945996,33.0,35.0,36.0,37.0,37.0,0
Mbalmayo,BIO_FP_FH__L2A_20251215T050116_20251227T050144_T_G01_M01_C___T004_F004,2025-12-15,34,22,11.448579788208008,3.42073392868042,12.517895698547363,1.0,8649,40.8213996887207,18.88094044470459,18.174414,29.561956,31.785784,35.73818,39.002884,27.011404,1.0,32.02539424122186,32.0,33.0,33.0,35.0,35.0,0
Mbalmayo,BIO_FP_FH__L2A_20251215T050116_20251227T050144_T_G01_M01_C___T004_F004,2025-12-15,34,25,11.451080322265625,3.42073392868042,22.24029541015625,1.0,8649,0.20520000159740448,15.241386739073882,13.9876585,28.849821,32.975456,37.180202,41.07036,27.46313,1.0,35.210852577226234,35.0,36.0,37.0,37.0,38.0,0
Mbalmayo,BIO_FP_FH__L2A_20251215T050116_20251227T050144_T_G01_M01_C___T004_F004,2025-12-15,34,26,11.451913833618164,3.42073392868042,23.679874420166016,1.0,8649,0.2054000049829483,9.750345957625159,7.569178,22.493057,28.65117,32.816383,36.314987,16.288603,1.0,34.95309401446098,35.0,36.0,37.0,38.0,38.0,0
Mbalmayo,BIO_FP_FH__L2A_20251215T050116_20251227T050144_T_G01_M01_C___T004_F004,2025-12-15,34,29,11.454414367675781,3.42073392868042,23.14107322692871,1.0,8649,0.0,13.575185263469765,13.740514,22.327509,24.58648,28.712545,32.586742,21.39789,1.0,31.9072524703766,32.0,33.0,33.0,33.0,33.0,0
Mbalmayo,BIO_FP_FH__L2A_20251215T050116_20251227T050144_T_G01_M01_C___T004_F004,2025-12-15,34,30,11.45524787902832,3.42073392868042,22.153472900390625,1.0,8649,0.0,18.013582224101054,16.967543,29.416407,32.11009,34.994167,38.986416,25.509363,1.0,33.273643486154384,33.0,35.0,35.0,36.0,36.0,0
Mbalmayo,BIO_FP_FH__L2A_20251215T050116_20251227T050144_T_G01_M01_C___T004_F004,2025-12-15,34,31,11.45608139038086,3.42073392868042,24.86687469482422,1.0,8649,0.1964000016450882,24.79445329662389,27.068945,38.667686,40.52735,44.84307,49.56013,36.79671,1.0,35.68169910643938,36.0,37.0,37.0,37.0,37.0,0
Mbalmayo,BIO_FP_FH__L2A_20251215T050116_20251227T050144_T_G01_M01_C___T004_F004,2025-12-15,34,32,11.456914901733398,3.42073392868042,27.815073013305664,1.0,8649,0.6583999991416931,20.218760839403398,21.03727,34.518993,36.50725,39.55881,41.507565,31.741632,1.0,35.73668028476101,36.0,37.0,39.0,39.0,39.0,0
Mbalmayo,BIO_FP_FH__L2A_20251215T050116_20251227T050144_T_G01_M01_C___T004_F004,2025-12-15,34,33,11.457748413085938,3.42073392868042,27.286273956298828,1.0,8649,3.8213999271392822,19.294092886460863,20.323996,35.081444,36.793823,38.87,40.38864,31.524414,1.0,37.585239726637866,38.0,39.18577575683592,40.0,40.0,40.0,0
Mbalmayo,BIO_FP_FH__L2A_20251215T050116_20251227T050144_T_G01_M01_C___T004_F004,2025-12-15,34,34,11.458581924438477,3.42073392868042,16.213611602783203,1.0,8649,14.315199851989746,17.787225672765636,13.381517,35.87323,40.271965,49.352966,52.412148,31.753292,1.0,37.77534896633586,38.0,39.738529205322266,40.0,40.0,40.0,0
Mbalmayo,BIO_FP_FH__L2A_20251215T050116_20251227T050144_T_G01_M01_C___T004_F004,2025-12-15,34,35,11.459415435791016,3.42073392868042,5.140810966491699,1.0,8649,24.80900001525879,15.562025776101283,11.792522,33.106827,35.936676,40.504932,43.17382,27.140491,1.0,36.15953497832077,36.0,37.0,38.0,39.0,39.0,0
Mbalmayo,BIO_FP_FH__L2A_20251215T050116_20251227T050144_T_G01_M01_C___T004_F004,2025-12-15,34,36,11.460248947143555,3.42073392868042,4.233611106872559,1.0,8649,15.756799697875977,13.09678954936987,9.494947,28.328625,33.481926,39.93488,46.981945,25.005527,1.0,36.68280482967543,37.0,38.0,39.0,40.0,40.0,0
Mbalmayo,BIO_FP_FH__L2A_20251215T050116_20251227T050144_T_G01_M01_C___T004_F004,2025-12-15,34,37,11.461082458496094,3.42073392868042,4.439610958099365,1.0,8649,15.264200210571289,18.97995252341311,15.37365,38.094784,42.75679,48.05546,50.722168,31.06287,1.0,38.02096871517065,38.0,39.0,40.0,40.0,40.0,0
Mbalmayo,BIO_FP_FH__L2A_20251215T050116_20251227T050144_T_G01_M01_C___T004_F004,2025-12-15,34,38,11.461915969848633,3.42073392868042,5.330010890960693,1.0,8649,12.617199897766113,16.995191369667012,14.442045,31.95884,36.514328,40.331947,43.20966,25.67094,1.0,35.67968336641892,36.0,37.0,38.7633056640625,39.0,39.0,0
Mbalmayo,BIO_FP_FH__L2A_20251215T050116_20251227T050144_T_G01_M01_C___T004_F004,2025-12-15,34,39,11.462749481201172,3.42073392868042,3.896610975265503,1.0,8649,16.867399215698242,12.904669705312752,9.856829,27.829453,31.989838,38.95156,42.869595,24.135998,1.0,34.80311331879626,35.0,36.0,36.0,37.0,37.0,0
Mbalmayo,BIO_FP_FH__L2A_20251215T050116_20251227T050144_T_G01_M01_C___T004_F004,2025-12-15,34,40,11.463582992553711,3.42073392868042,4.131411075592041,1.0,8649,15.685600280761719,18.13782482078853,17.581747,32.765186,35.472603,40.276073,42.597794,29.83372,1.0,36.95574262153483,37.0,38.0,38.0,39.0,39.0,0
Mbalmayo,BIO_FP_FH__L2A_20251215T050116_20251227T050144_T_G01_M01_C___T004_F004,2025-12-15,34,41,11.46441650390625,3.42073392868042,3.7642111778259277,1.0,8649,20.84079933166504,24.960846719996532,28.238955,39.613834,41.2948,44.908142,48.57288,35.43587,1.0,36.97898079797923,37.0,38.0,38.260970306396494,39.0,39.0,0
Mbalmayo,BIO_FP_FH__L2A_20251215T050116_20251227T050144_T_G01_M01_C___T004_F004,2025-12-15,34,42,11.465250015258789,3.42073392868042,3.5452001094818115,1.0,8649,17.830799102783203,21.68188428575558,20.86248,35.85935,37.759335,41.295242,44.34558,31.240448,1.0,34.272905895538806,34.0,36.0,37.0,37.0,37.0,0
Mbalmayo,BIO_FP_FH__L2A_20251215T050116_20251227T050144_T_G01_M01_C___T004_F004,2025-12-15,34,43,11.466083526611328,3.42073392868042,5.403600215911865,1.0,8649,19.593000411987305,13.95841417721702,12.268808,28.377064,31.862696,37.04527,39.568882,22.766876,1.0,33.754875885267346,33.0,36.0,36.0,36.0,36.0,0
Mbalmayo,BIO_FP_FH__L2A_20251215T050116_20251227T050144_T_G01_M01_C___T004_F004,2025-12-15,34,44,11.466917037963867,3.42073392868042,13.6003999710083,1.0,8649,15.204000473022461,19.903482790640535,18.302916,34.946426,37.96927,45.424362,47.739433,30.475157,1.0,35.83299452038166,36.0,39.0,39.0,40.0,40.0,0
Mbalmayo,BIO_FP_FH__L2A_20251215T050116_20251227T050144_T_G01_M01_C___T004_F004,2025-12-15,34,45,11.467750549316406,3.42073392868042,15.17020034790039,1.0,8649,20.427799224853516,18.2480087112672,15.667773,36.697327,39.31863,41.72935,43.751106,28.947798,1.0,36.30341607361863,36.0,38.947242736816406,39.0,40.0,40.0,0
Mbalmayo,BIO_FP_FH__L2A_20251215T050116_20251227T050144_T_G01_M01_C___T004_F004,2025-12-15,34,46,11.468584060668945,3.42073392868042,5.323599815368652,1.0,8649,12.315999984741211,14.733184472193317,12.526737,29.008707,34.746334,39.64943,43.318607,24.138184,1.0,35.42851885785559,35.0,37.0,38.0,38.0,38.0,0
Mbalmayo,BIO_FP_FH__L2A_20251215T050116_20251227T050144_T_G01_M01_C___T004_F004,2025-12-15,35,2,11.431909561157227,3.419900417327881,17.341659545898438,0.9406627487868902,8183,0.17520000040531158,8.309392411752844,6.8855,18.469776,20.601524,28.097418,34.130306,14.643144,1.0,34.53455900398896,35.0,36.0,36.0,36.0,36.0,0
Mbalmayo,BIO_FP_FH__L2A_20251215T050116_20251227T050144_T_G01_M01_C___T004_F004,2025-12-15,35,3,11.432743072509766,3.419900417327881,15.738659858703613,1.0,8649,0.0,6.7499751597005435,3.6612158,19.755398,27.20613,30.755377,34.52306,10.136412,0.9989652406178343,34.863100921389986,35.0,36.0,36.0,36.0,37.0,0
Mbalmayo,BIO_FP_FH__L2A_20251215T050116_20251227T050144_T_G01_M01_C___T004_F004,2025-12-15,35,6,11.435243606567383,3.419900417327881,15.191459655761719,1.0,8649,0.0,9.607439263209619,9.076284,18.165602,20.53228,24.452736,28.73286,16.936228,1.0,28.064107630484116,28.0,30.0,31.0,31.0,31.0,0
Mbalmayo,BIO_FP_FH__L2A_20251215T050116_20251227T050144_T_G01_M01_C___T004_F004,2025-12-15,35,7,11.436077117919922,3.419900417327881,17.09126091003418,1.0,8649,0.0,9.713716903688288,8.948939,18.261305,22.05388,33.23229,36.96178,16.363363,1.0,24.4665745686542,24.0,26.0,26.0,27.0,27.0,0
Mbalmayo,BIO_FP_FH__L2A_20251215T050116_20251227T050144_T_G01_M01_C___T004_F004,2025-12-15,35,8,11.436910629272461,3.419900417327881,15.70386028289795,1.0,8649,0.0,18.384587000664816,19.522423,30.194723,34.13515,43.528755,45.638218,28.76571,1.0,28.607017208570856,29.0,31.0,32.0,32.0,32.0,0
Mbalmayo,BIO_FP_FH__L2A_20251215T050116_20251227T050144_T_G01_M01_C___T004_F004,2025-12-15,35,9,11.437744140625,3.419900417327881,14.316459655761719,1.0,8649,0.0,20.07581440050873,20.110859,31.974976,34.87101,38.32128,41.671074,30.631521,1.0,30.28886980640501,30.0,31.955360412597656,32.0,32.0,32.0,0
Mbalmayo,BIO_FP_FH__L2A_20251215T050116_20251227T050144_T_G01_M01_C___T004_F004,2025-12-15,35,10,11.438577651977539,3.419900417327881,16.939857482910156,1.0,8649,0.0,18.12818588131576,18.732643,29.339293,31.09322,34.665127,38.333477,28.093672,1.0,31.159755651655054,31.0,33.0,33.0,33.0,33.0,0
Mbalmayo,BIO_FP_FH__L2A_20251215T050116_20251227T050144_T_G01_M01_C___T004_F004,2025-12-15,35,11,11.439411163330078,3.419900417327881,21.147457122802734,1.0,8649,0.0,21.485881677072495,22.743694,30.334894,32.581444,36.294525,38.431828,28.795105,1.0,31.56592070594635,31.0,33.0,33.0,34.0,34.0,0
Mbalmayo,BIO_FP_FH__L2A_20251215T050116_20251227T050144_T_G01_M01_C___T004_F004,2025-12-15,35,12,11.440244674682617,3.419900417327881,23.19085693359375,1.0,8649,0.0,15.883680555555555,14.529262,27.272669,32.92939,35.293457,37.730232,23.727695,1.0,30.355473833175626,30.0,32.0,33.0,33.0,33.0,0
Mbalmayo,BIO_FP_FH__L2A_20251215T050116_20251227T050144_T_G01_M01_C___T004_F004,2025-12-15,35,13,11.441078186035156,3.419900417327881,22.470657348632812,1.0,8649,0.0,21.646293556335994,23.628483,28.91928,30.185547,32.53781,34.453884,27.585732,1.0,30.195888839053037,30.0,32.0,32.0,33.0,33.0,0
Mbalmayo,BIO_FP_FH__L2A_20251215T050116_20251227T050144_T_G01_M01_C___T004_F004,2025-12-15,35,14,11.441911697387695,3.419900417327881,13.377657890319824,1.0,8649,39.764400482177734,19.02376719852006,19.152994,28.494255,29.956028,32.20241,34.92096,26.389801,1.0,32.71116006237907,32.84098434448242,35.0,35.0,35.648929595947266,36.0,0
Mbalmayo,BIO_FP_FH__L2A_20251215T050116_20251227T050144_T_G01_M01_C___T004_F004,2025-12-15,35,15,11.442745208740234,3.419900417327881,8.9198579788208,1.0,8649,61.12779998779297,20.62540105792577,20.963509,31.523472,33.04473,35.090626,38.153114,29.85212,1.0,36.14334914372524,36.0,37.0,37.0,37.0,37.0,0
Mbalmayo,BIO_FP_FH__L2A_20251215T050116_20251227T050144_T_G01_M01_C___T004_F004,2025-12-15,35,16,11.443578720092773,3.419900417327881,15.144657135009766,1.0,8649,25.120800018310547,17.863929807636723,17.07734,29.625288,32.885185,38.28728,40.08911,25.722788,1.0,35.82805215202876,36.0,37.0,37.0,37.0,37.0,0
Mbalmayo,BIO_FP_FH__L2A_20251215T050116_20251227T050144_T_G01_M01_C___T004_F004,2025-12-15,35,17,11.444412231445312,3.419900417327881,20.552457809448242,1.0,8649,0.0,13.757457057896866,10.851316,26.729351,33.496826,38.82575,42.963352,22.765312,1.0,32.823754982447156,33.955360412597656,35.58296203613281,36.0,37.0,37.0,0
Mbalmayo,BIO_FP_FH__L2A_20251215T050116_20251227T050144_T_G01_M01_C___T004_F004,2025-12-15,35,18,11.445245742797852,3.419900417327881,22.800294876098633,1.0,8649,0.0,13.657946818273789,12.247929,22.748583,26.800457,31.8647,34.511784,20.052982,1.0,33.054140496493794,33.0,36.0,36.0,36.0,36.0,0
Mbalmayo,BIO_FP_FH__L2A_20251215T050116_20251227T050144_T_G01_M01_C___T004_F004,2025-12-15,35,19,11.44607925415039,3.419900417327881,21.309696197509766,1.0,8649,11.70300006866455,21.10918621372413,20.679907,33.557915,36.351444,39.985138,43.49327,32.3793,1.0,33.94922493868363,34.0,36.0,37.0,37.0,37.0,0
Mbalmayo,BIO_FP_FH__L2A_20251215T050116_20251227T050144_T_G01_M01_C___T004_F004,2025-12-15,35,20,11.44691276550293,3.419900417327881,14.527695655822754,1.0,8649,39.59339904785156,21.59731300222569,21.168339,32.58359,34.37573,37.345978,40.460175,29.61185,1.0,34.27782071771092,35.0,35.0,35.0,35.54977035522461,36.0,0
Mbalmayo,BIO_FP_FH__L2A_20251215T050116_20251227T050144_T_G01_M01_C___T004_F004,2025-12-15,35,21,11.447746276855469,3.419900417327881,7.745495319366455,1.0,8649,67.48380279541016,20.566093262226847,20.711203,34.54687,36.24424,38.490765,40.08226,32.14718,1.0,33.077872688583675,33.0,34.0,35.0,35.0,35.0,0
Mbalmayo,BIO_FP_FH__L2A_20251215T050116_20251227T050144_T_G01_M01_C___T004_F004,2025-12-15,35,22,11.448579788208008,3.419900417327881,7.257895469665527,1.0,8649,64.43099975585938,18.638735330674066,18.036974,30.645983,32.285828,36.024357,42.119373,28.77118,1.0,30.92087405744295,31.0,32.0,33.0,33.0,33.0,0
Mbalmayo,BIO_FP_FH__L2A_20251215T050116_20251227T050144_T_G01_M01_C___T004_F004,2025-12-15,35,25,11.451080322265625,3.419900417327881,22.06969451904297,1.0,8649,0.725600004196167,16.552373739016073,11.657131,35.897045,38.48947,43.89868,46.742794,31.988106,1.0,36.98125151317648,37.0,38.0,38.0,38.25337600708008,39.0,0
Mbalmayo,BIO_FP_FH__L2A_20251215T050116_20251227T050144_T_G01_M01_C___T004_F004,2025-12-15,35,26,11.451913833618164,3.419900417327881,23.369274139404297,1.0,8649,0.8655999898910522,25.100672765637647,27.240015,36.741173,38.952374,41.572567,43.674736,35.49698,1.0,37.14026458763169,37.0,38.0,39.0,39.0,39.0,0
Mbalmayo,BIO_FP_FH__L2A_20251215T050116_20251227T050144_T_G01_M01_C___T004_F004,2025-12-15,35,29,11.454414367675781,3.419900417327881,27.089473724365234,1.0,8649,0.0,11.167558659238063,10.670915,20.822405,25.71032,33.404346,35.315895,18.898136,1.0,32.74882344486176,33.0,34.0,34.0,35.0,36.0,0
Mbalmayo,BIO_FP_FH__L2A_20251215T050116_20251227T050144_T_G01_M01_C___T004_F004,2025-12-15,35,30,11.45524787902832,3.419900417327881,24.406272888183594,1.0,8649,0.0,16.181012617065555,13.990889,30.846643,34.595013,40.384583,42.380173,27.043777,1.0,34.2844634574884,34.0,37.0,38.0,38.0,38.0,0
Mbalmayo,BIO_FP_FH__L2A_20251215T050116_20251227T050144_T_G01_M01_C___T004_F004,2025-12-15,35,31,11.45608139038086,3.419900417327881,24.70167350769043,1.0,8649,0.11640000343322754,22.21898666030755,19.407934,40.942226,43.145786,45.954,47.81892,38.876278,1.0,35.37463030956814,36.0,37.0,37.0,38.0,38.0,0
Mbalmayo,BIO_FP_FH__L2A_20251215T050116_20251227T050144_T_G01_M01_C___T004_F004,2025-12-15,35,32,11.456914901733398,3.419900417327881,27.58027458190918,1.0,8649,0.5763999819755554,16.172703762718232,14.888785,29.237715,31.717304,35.86751,37.995422,25.733866,1.0,34.33679188148233,34.0,35.0,36.0,36.0,36.0,0
Mbalmayo,BIO_FP_FH__L2A_20251215T050116_20251227T050144_T_G01_M01_C___T004_F004,2025-12-15,35,33,11.457748413085938,3.419900417327881,17.600873947143555,1.0,8649,24.840599060058594,19.25474359391259,17.036484,38.018497,40.051777,45.91057,49.813686,34.744816,1.0,36.309951066832994,37.0,38.0,38.0,39.0,39.0,0
Mbalmayo,BIO_FP_FH__L2A_20251215T050116_20251227T050144_T_G01_M01_C___T004_F004,2025-12-15,35,34,11.458581924438477,3.419900417327881,6.785011291503906,1.0,8649,39.623600006103516,16.603566434703435,12.49132,32.304974,36.020435,47.134335,50.484367,28.586443,1.0,37.05547132082985,37.0,38.0,39.0,39.0,39.0,0
Mbalmayo,BIO_FP_FH__L2A_20251215T050116_20251227T050144_T_G01_M01_C___T004_F004,2025-12-15,35,35,11.459415435791016,3.419900417327881,3.533010959625244,1.0,8649,31.22260093688965,12.53429180757891,9.586834,29.126802,32.836025,40.310574,43.75515,21.996557,1.0,36.52919293960569,36.150596618652344,38.0,38.554569244384766,39.0,39.0,0
Mbalmayo,BIO_FP_FH__L2A_20251215T050116_20251227T050144_T_G01_M01_C___T004_F004,2025-12-15,35,36,11.460248947143555,3.419900417327881,4.329610824584961,1.0,8649,15.572600364685059,13.935926479939878,10.056859,31.529799,35.417736,42.450356,46.826572,26.835741,1.0,38.04810553736074,38.0,39.0,40.0,40.0,40.0,0
Mbalmayo,BIO_FP_FH__L2A_20251215T050116_20251227T050144_T_G01_M01_C___T004_F004,2025-12-15,35,37,11.461082458496094,3.419900417327881,3.9796111583709717,1.0,8649,16.8085994720459,18.354895616545264,16.212654,36.029682,38.938076,43.370857,45.10748,31.524265,1.0,38.41916742808888,38.0,40.0,40.0,41.0,41.0,0
Mbalmayo,BIO_FP_FH__L2A_20251215T050116_20251227T050144_T_G01_M01_C___T004_F004,2025-12-15,35,38,11.461915969848633,3.419900417327881,4.591411113739014,1.0,8649,17.019800186157227,15.114949614839865,12.542289,31.36185,33.895393,37.894367,42.094376,25.843767,1.0,36.05594460748361,36.0,37.0,37.0,38.0,38.0,0
Mbalmayo,BIO_FP_FH__L2A_20251215T050116_20251227T050144_T_G01_M01_C___T004_F004,2025-12-15,35,39,11.462749481201172,3.419900417327881,6.751211166381836,1.0,8649,14.588199615478516,20.685033132443056,21.511187,32.75537,34.61387,37.63301,42.394226,29.824675,1.0,36.110336952946035,36.0,37.0,37.0,37.0,37.0,0
Mbalmayo,BIO_FP_FH__L2A_20251215T050116_20251227T050144_T_G01_M01_C___T004_F004,2025-12-15,35,40,11.463582992553711,3.419900417327881,8.919610977172852,1.0,8649,11.740799903869629,23.89338724129957,26.079733,34.32723,36.106842,41.18191,43.577194,31.471777,1.0,36.30084520847842,37.0,38.0,38.0,38.0,38.0,0
Mbalmayo,BIO_FP_FH__L2A_20251215T050116_20251227T050144_T_G01_M01_C___T004_F004,2025-12-15,35,41,11.46441650390625,3.419900417327881,10.731011390686035,1.0,8649,10.281599998474121,22.900013278269164,24.32328,35.63141,37.648285,42.91514,46.51658,31.795477,1.0,35.167685937545166,35.0,37.0,37.0,37.35933303833008,38.0,0
Mbalmayo,BIO_FP_FH__L2A_20251215T050116_20251227T050144_T_G01_M01_C___T004_F004,2025-12-15,35,42,11.465250015258789,3.419900417327881,10.013799667358398,1.0,8649,16.225200653076172,23.811907897589318,23.82347,36.52801,39.075233,42.28982,45.259586,32.573418,1.0,36.223099445136164,36.0,38.0,38.20508575439453,39.0,39.0,0
Mbalmayo,BIO_FP_FH__L2A_20251215T050116_20251227T050144_T_G01_M01_C___T004_F004,2025-12-15,35,43,11.466083526611328,3.419900417327881,3.14739990234375,1.0,8649,39.51219940185547,14.720054341542374,10.909309,33.936687,38.316414,42.68793,45.085197,26.657772,1.0,36.022329211579624,36.0,38.0,39.0,39.0,39.0,0
Mbalmayo,BIO_FP_FH__L2A_20251215T050116_20251227T050144_T_G01_M01_C___T004_F004,2025-12-15,35,44,11.466917037963867,3.419900417327881,7.851200103759766,1.0,8649,40.67580032348633,16.457867690628973,14.829354,29.359707,32.882553,38.95092,42.30663,24.806355,1.0,34.80457288001311,35.0,37.0,37.0,37.0,37.0,0
Mbalmayo,BIO_FP_FH__L2A_20251215T050116_20251227T050144_T_G01_M01_C___T004_F004,2025-12-15,35,45,11.467750549316406,3.419900417327881,5.744200229644775,1.0,8649,51.232398986816406,14.537103729477396,13.652299,27.882124,30.327417,36.565098,39.705906,22.46636,1.0,32.69885285463839,32.0,35.0,35.0,35.0,35.0,0
Mbalmayo,BIO_FP_FH__L2A_20251215T050116_20251227T050144_T_G01_M01_C___T004_F004,2025-12-15,35,46,11.468584060668945,3.419900417327881,3.4386000633239746,1.0,8649,40.40420150756836,12.607469071568968,12.53136,26.688456,30.488256,35.024113,42.1099,21.896152,1.0,34.96851945317595,35.0,37.0,37.0,38.0,38.0,0
Mbalmayo,BIO_FP_FH__L2A_20251215T050116_20251227T050144_T_G01_M01_C___T004_F004,2025-12-15,36,5,11.434410095214844,3.419066905975342,20.947660446166992,0.9838678627045034,8514,0.0,7.861061095684893,5.4488363,20.316343,23.198425,30.50855,33.680992,14.37398,1.0,31.49544371217782,31.468475341796875,34.0,34.0,35.0,35.0,0
Mbalmayo,BIO_FP_FH__L2A_20251215T050116_20251227T050144_T_G01_M01_C___T004_F004,2025-12-15,36,6,11.435243606567383,3.419066905975342,17.74686050415039,1.0,8649,0.0,11.102116212856977,7.423174,27.850052,32.4426,34.695347,36.821712,22.901833,1.0,31.99231867614351,32.0,35.0,35.0,36.0,36.0,0
Mbalmayo,BIO_FP_FH__L2A_20251215T050116_20251227T050144_T_G01_M01_C___T004_F004,2025-12-15,36,7,11.436077117919922,3.419066905975342,13.93966007232666,1.0,8649,3.0055999755859375,7.968518307752341,6.756719,16.757212,18.855934,24.644655,28.291864,15.074846,1.0,28.259078528511964,28.0,32.0,32.0,33.0,33.0,0
Mbalmayo,BIO_FP_FH__L2A_20251215T050116_20251227T050144_T_G01_M01_C___T004_F004,2025-12-15,36,8,11.436910629272461,3.419066905975342,10.920860290527344,1.0,8649,6.565199851989746,10.241427838478437,8.6808405,22.78271,26.361778,29.73962,31.726297,20.236658,1.0,27.80944607968771,28.0,29.0,29.0,30.0,30.0,0
Mbalmayo,BIO_FP_FH__L2A_20251215T050116_20251227T050144_T_G01_M01_C___T004_F004,2025-12-15,36,9,11.437744140625,3.419066905975342,13.261260032653809,1.0,8649,4.092400074005127,19.4279084829171,19.839523,30.629213,33.23771,35.368526,36.830257,29.11586,1.0,28.694103576169702,29.0,31.0,31.0,32.0,32.0,0
Mbalmayo,BIO_FP_FH__L2A_20251215T050116_20251227T050144_T_G01_M01_C___T004_F004,2025-12-15,36,10,11.438577651977539,3.419066905975342,18.98105812072754,1.0,8649,0.0,21.774136641519252,22.528646,31.64579,33.397175,35.823128,37.594734,30.910208,1.0,31.917222869507853,32.0,34.0,35.0,35.0,36.0,0
Mbalmayo,BIO_FP_FH__L2A_20251215T050116_20251227T050144_T_G01_M01_C___T004_F004,2025-12-15,36,11,11.439411163330078,3.419066905975342,21.654857635498047,1.0,8649,0.0,23.149754487513007,23.98969,30.034792,32.164516,34.430344,36.052616,28.55232,1.0,33.632437565627434,33.0,36.0,36.0,36.0,36.0,0
Mbalmayo,BIO_FP_FH__L2A_20251215T050116_20251227T050144_T_G01_M01_C___T004_F004,2025-12-15,36,12,11.440244674682617,3.419066905975342,24.294057846069336,1.0,8649,0.0,14.781550793444328,14.207398,23.72604,25.914433,32.023056,37.73949,21.504429,1.0,32.1437693185814,32.0,33.0,33.0,33.0,33.0,0
Mbalmayo,BIO_FP_FH__L2A_20251215T050116_20251227T050144_T_G01_M01_C___T004_F004,2025-12-15,36,13,11.441078186035156,3.419066905975342,16.103458404541016,1.0,8649,35.479400634765625,21.59914576468378,22.258535,31.484537,35.728077,38.41296,40.43945,27.575108,1.0,32.22581577797214,32.0,34.0,34.0,34.0,34.0,0
Mbalmayo,BIO_FP_FH__L2A_20251215T050116_20251227T050144_T_G01_M01_C___T004_F004,2025-12-15,36,14,11.441911697387695,3.419066905975342,6.270657539367676,1.0,8649,78.7572021484375,19.81709952017574,21.174105,30.191216,31.489758,35.657654,39.051567,29.125795,1.0,32.07329054801695,32.0,33.0,33.0,34.0,35.0,0
Mbalmayo,BIO_FP_FH__L2A_20251215T050116_20251227T050144_T_G01_M01_C___T004_F004,2025-12-15,36,15,11.442745208740234,3.419066905975342,3.8748576641082764,1.0,8649,82.10459899902344,14.18797603046595,12.537699,25.69759,30.152061,36.167297,37.484413,23.345018,1.0,34.82711957785308,35.0,36.0,36.0,36.0,36.0,0
Mbalmayo,BIO_FP_FH__L2A_20251215T050116_20251227T050144_T_G01_M01_C___T004_F004,2025-12-15,36,16,11.443578720092773,3.419066905975342,11.899057388305664,1.0,8649,33.9724006652832,14.28886061611169,12.420156,26.271605,30.332987,38.885014,42.953438,23.423658,1.0,33.75401039026503,34.0,35.0,35.0,36.0,36.0,0
Mbalmayo,BIO_FP_FH__L2A_20251215T050116_20251227T050144_T_G01_M01_C___T004_F004,2025-12-15,36,17,11.444412231445312,3.419066905975342,18.141857147216797,1.0,8649,0.0,11.680754729593017,10.153399,19.20953,25.262125,41.17867,44.336926,17.811031,1.0,29.89902781723469,30.0,32.0,32.0,33.0,33.0,0
Mbalmayo,BIO_FP_FH__L2A_20251215T050116_20251227T050144_T_G01_M01_C___T004_F004,2025-12-15,36,18,11.445245742797852,3.419066905975342,19.31929588317871,1.0,8649,2.8673999309539795,13.920058045005202,12.660189,23.4367,28.364489,40.669575,43.453503,20.534168,1.0,30.25057203831156,30.0,32.0,33.0,33.0,33.0,0
Mbalmayo,BIO_FP_FH__L2A_20251215T050116_20251227T050144_T_G01_M01_C___T004_F004,2025-12-15,36,19,11.44607925415039,3.419066905975342,12.463095664978027,1.0,8649,34.83380126953125,15.086277586281652,12.875087,26.692957,29.712757,35.695557,39.86204,23.616308,1.0,31.42422871540593,31.0,33.0,33.0,34.0,34.0,0
Mbalmayo,BIO_FP_FH__L2A_20251215T050116_20251227T050144_T_G01_M01_C___T004_F004,2025-12-15,36,20,11.44691276550293,3.419066905975342,19.92929458618164,1.0,8649,7.7718000411987305,17.59611389322465,13.328326,34.75227,37.86007,40.792625,42.8549,29.158478,1.0,32.61160245571871,32.93549728393555,34.0,35.0,36.0,36.0,0
Mbalmayo,BIO_FP_FH__L2A_20251215T050116_20251227T050144_T_G01_M01_C___T004_F004,2025-12-15,36,21,11.447746276855469,3.419066905975342,17.134695053100586,1.0,8649,20.26020050048828,19.908181672014106,21.466045,34.1628,35.11792,36.35233,38.690907,29.9589,1.0,34.37133201751727,34.425567626953125,35.0,35.33946990966797,36.0,36.0,0
Mbalmayo,BIO_FP_FH__L2A_20251215T050116_20251227T050144_T_G01_M01_C___T004_F004,2025-12-15,36,22,11.448579788208008,3.419066905975342,17.093894958496094,1.0,8649,15.010199546813965,20.26391237426292,20.932884,29.516445,31.05325,32.991222,39.964985,26.932978,1.0,30.85889720993933,30.404197692871094,33.0,33.0,34.0,35.0,0
Mbalmayo,BIO_FP_FH__L2A_20251215T050116_20251227T050144_T_G01_M01_C___T004_F004,2025-12-15,36,23,11.449413299560547,3.419066905975342,18.14829444885254,1.0,8649,4.3765997886657715,18.668447941958608,18.531227,29.546556,31.230377,33.04033,40.575512,26.460056,1.0,29.928836449596535,30.0,31.0,31.0,33.0,33.0,0
Mbalmayo,BIO_FP_FH__L2A_20251215T050116_20251227T050144_T_G01_M01_C___T004_F004,2025-12-15,36,24,11.450246810913086,3.419066905975342,19.225095748901367,1.0,8649,0.21699999272823334,16.48833183388253,16.721758,26.445446,28.187578,33.749397,35.95243,24.094772,1.0,31.695763048429352,31.0,34.0,35.0,35.0,35.0,0
Mbalmayo,BIO_FP_FH__L2A_20251215T050116_20251227T050144_T_G01_M01_C___T004_F004,2025-12-15,36,25,11.451080322265625,3.419066905975342,20.669296264648438,1.0,8649,0.6385999917984009,16.302790604405132,12.5687,30.998676,34.06661,38.494152,43.042435,27.111034,1.0,36.13307498901452,36.0,38.0,38.0,38.0,38.0,0
Mbalmayo,BIO_FP_FH__L2A_20251215T050116_20251227T050144_T_G01_M01_C___T004_F004,2025-12-15,36,26,11.451913833618164,3.419066905975342,21.271074295043945,1.0,8649,0.8235999941825867,21.89689740143369,25.195486,32.568584,34.054974,36.969296,40.638393,31.880392,1.0,34.24959426974269,34.0,36.0,36.531524658203125,37.0,38.0,0
Mbalmayo,BIO_FP_FH__L2A_20251215T050116_20251227T050144_T_G01_M01_C___T004_F004,2025-12-15,36,29,11.454414367675781,3.419066905975342,24.992473602294922,1.0,8649,0.0,12.847650378656493,12.907247,23.615946,26.917538,32.232418,34.722076,21.112858,1.0,34.44492237277631,35.0,37.0,37.0,37.0,37.0,0
Mbalmayo,BIO_FP_FH__L2A_20251215T050116_20251227T050144_T_G01_M01_C___T004_F004,2025-12-15,36,30,11.45524787902832,3.419066905975342,23.72327423095703,1.0,8649,0.0,16.085096542952943,14.436855,28.144669,32.189163,40.37258,44.12971,23.39699,1.0,37.769634166112844,38.0,39.0,39.0,39.0,39.0,0
Mbalmayo,BIO_FP_FH__L2A_20251215T050116_20251227T050144_T_G01_M01_C___T004_F004,2025-12-15,36,31,11.45608139038086,3.419066905975342,24.417673110961914,1.0,8649,0.03319999948143959,18.89260861082206,16.728933,36.924416,39.565186,42.360867,45.117977,33.411896,1.0,37.94073641800525,38.0,39.0,39.0,39.0,39.0,0
Mbalmayo,BIO_FP_FH__L2A_20251215T050116_20251227T050144_T_G01_M01_C___T004_F004,2025-12-15,36,32,11.456914901733398,3.419066905975342,17.937273025512695,1.0,8649,17.81920051574707,29.90742020392531,34.152466,41.442963,42.40993,44.829323,50.95777,40.492264,1.0,36.17161590050433,36.0,38.0,38.0,39.0,39.0,0
Mbalmayo,BIO_FP_FH__L2A_20251215T050116_20251227T050144_T_G01_M01_C___T004_F004,2025-12-15,36,33,11.457748413085938,3.419066905975342,8.590873718261719,1.0,8649,40.805999755859375,28.13034201930859,30.081976,39.308125,41.271923,44.470257,48.303986,37.464527,1.0,36.671231785321154,37.0,38.0,38.0,39.0,39.0,0
Mbalmayo,BIO_FP_FH__L2A_20251215T050116_20251227T050144_T_G01_M01_C___T004_F004,2025-12-15,36,34,11.458581924438477,3.419066905975342,3.4816110134124756,1.0,8649,50.358001708984375,16.18329656969014,10.958998,36.93013,39.341698,43.62473,47.484924,30.832314,1.0,38.15259745052363,38.0,39.0,40.0,40.0,40.0,0
Mbalmayo,BIO_FP_FH__L2A_20251215T050116_20251227T050144_T_G01_M01_C___T004_F004,2025-12-15,36,35,11.459415435791016,3.419066905975342,4.564210891723633,1.0,8649,31.76099967956543,14.700969313648978,10.365611,33.895485,36.722446,41.467148,45.953407,27.759705,1.0,39.040019238776644,39.0,41.0,41.0,41.0,42.0,0
Mbalmayo,BIO_FP_FH__L2A_20251215T050116_20251227T050144_T_G01_M01_C___T004_F004,2025-12-15,36,36,11.460248947143555,3.419066905975342,6.087410926818848,1.0,8649,12.052399635314941,18.525412077985894,13.991767,37.956074,40.104294,42.45438,44.21095,33.152153,1.0,40.13791526514804,40.0,41.0,41.0,42.0,42.0,0
Mbalmayo,BIO_FP_FH__L2A_20251215T050116_20251227T050144_T_G01_M01_C___T004_F004,2025-12-15,36,37,11.461082458496094,3.419066905975342,11.59481143951416,1.0,8649,8.61460018157959,20.575446764076773,18.902884,39.94554,41.79891,43.25829,54.91867,35.353508,1.0,39.19091926677914,39.0,41.0,42.0,42.0,42.0,0
Mbalmayo,BIO_FP_FH__L2A_20251215T050116_20251227T050144_T_G01_M01_C___T004_F004,2025-12-15,36,38,11.461915969848633,3.419066905975342,13.043010711669922,1.0,8649,7.935200214385986,23.60468198996994,24.83691,29.455738,32.9638,39.856716,42.46729,28.024668,1.0,35.08895135209772,35.0,37.0,38.0,38.0,38.0,0
Mbalmayo,BIO_FP_FH__L2A_20251215T050116_20251227T050144_T_G01_M01_C___T004_F004,2025-12-15,36,39,11.462749481201172,3.419066905975342,15.328011512756348,1.0,8649,6.2291998863220215,21.89807573491155,24.309431,35.384987,37.207497,40.639957,43.837223,30.344757,1.0,35.28863728894073,35.0,36.0,37.0,37.0,37.0,0
Mbalmayo,BIO_FP_FH__L2A_20251215T050116_20251227T050144_T_G01_M01_C___T004_F004,2025-12-15,36,40,11.463582992553711,3.419066905975342,17.79241180419922,1.0,8649,4.278200149536133,18.25396180194242,19.14847,34.605,37.56091,41.393948,43.575607,29.319307,1.0,35.17289979643375,35.0,36.0,37.0,37.0,37.0,0
Mbalmayo,BIO_FP_FH__L2A_20251215T050116_20251227T050144_T_G01_M01_C___T004_F004,2025-12-15,36,41,11.46441650390625,3.419066905975342,18.623210906982422,1.0,8649,5.509399890899658,12.873157301422129,12.064242,22.38657,26.770529,33.809235,39.85236,19.758663,1.0,34.353640001596695,34.0,35.0,35.574432373046875,36.0,36.0,0
Mbalmayo,BIO_FP_FH__L2A_20251215T050116_20251227T050144_T_G01_M01_C___T004_F004,2025-12-15,36,42,11.465250015258789,3.419066905975342,11.756999969482422,1.0,8649,28.79640007019043,14.98966914527691,13.37131,27.430847,31.382833,33.490986,39.573147,24.37143,1.0,37.05227749741054,37.0,38.574432373046875,39.0,40.0,40.0,0
Mbalmayo,BIO_FP_FH__L2A_20251215T050116_20251227T050144_T_G01_M01_C___T004_F004,2025-12-15,36,43,11.466083526611328,3.419066905975342,3.553999900817871,1.0,8649,52.953800201416016,19.0134869276795,19.889288,33.10723,36.20123,38.6886,42.955627,27.280935,1.0,36.85479261133902,37.0,38.0,38.04145812988281,39.0,39.0,0
Mbalmayo,BIO_FP_FH__L2A_20251215T050116_20251227T050144_T_G01_M01_C___T004_F004,2025-12-15,36,44,11.466917037963867,3.419066905975342,2.2221999168395996,1.0,8649,54.1265983581543,14.495639849982657,11.576465,28.830984,31.933464,41.18035,43.038586,25.298857,1.0,34.24426567001775,35.0,36.0,36.0,36.0,37.0,0
Mbalmayo,BIO_FP_FH__L2A_20251215T050116_20251227T050144_T_G01_M01_C___T004_F004,2025-12-15,36,45,11.467750549316406,3.419066905975342,2.252000093460083,1.0,8649,54.91640090942383,9.774963146028442,9.247758,21.486122,24.691671,32.487324,37.0246,19.107517,1.0,30.687127218203457,31.0,31.0,31.04145622253418,32.0,32.0,0
Mbalmayo,BIO_FP_FH__L2A_20251215T050116_20251227T050144_T_G01_M01_C___T004_F004,2025-12-15,36,46,11.468584060668945,3.419066905975342,1.930799961090088,1.0,8649,66.5907974243164,13.345131120649786,10.833189,30.986856,34.95959,39.267723,42.73103,25.929323,1.0,33.76192826107756,33.82954025268555,36.0,36.0,37.0,37.0,0
Mbalmayo,BIO_FP_FH__L2A_20251215T050116_20251227T050144_T_G01_M01_C___T004_F004,2025-12-15,37,4,11.433576583862305,3.4182333946228027,16.411460876464844,0.9370164609889872,8146,0.0,12.50198382107201,10.851587,24.857357,28.418293,30.403093,32.67137,21.369652,0.9718775561783394,31.531708244436274,32.0,35.0,35.0,35.0,35.0,0
Mbalmayo,BIO_FP_FH__L2A_20251215T050116_20251227T050144_T_G01_M01_C___T004_F004,2025-12-15,37,5,11.434410095214844,3.4182333946228027,17.119659423828125,1.0,8649,0.0,13.7857655147994,11.290557,26.970522,32.66181,37.00749,38.743267,23.885693,1.0,34.85191847578144,35.0,38.0,39.0,39.0,39.0,0
Mbalmayo,BIO_FP_FH__L2A_20251215T050116_20251227T050144_T_G01_M01_C___T004_F004,2025-12-15,37,6,11.435243606567383,3.4182333946228027,13.670860290527344,1.0,8649,1.2297999858856201,20.756904248323504,21.351088,36.502686,39.415302,41.547054,43.36533,34.460835,1.0,36.5496721778223,37.0,39.0,39.0,39.0,39.0,0
Mbalmayo,BIO_FP_FH__L2A_20251215T050116_20251227T050144_T_G01_M01_C___T004_F004,2025-12-15,37,7,11.436077117919922,3.4182333946228027,8.750060081481934,1.0,8649,9.755800247192383,16.898255036709447,16.912642,26.54824,28.00219,29.710615,32.674343,24.332186,1.0,30.988718070106184,31.0,33.0,34.0,35.0,35.0,0
Mbalmayo,BIO_FP_FH__L2A_20251215T050116_20251227T050144_T_G01_M01_C___T004_F004,2025-12-15,37,8,11.436910629272461,3.4182333946228027,5.557260036468506,1.0,8649,14.915200233459473,8.066513740750375,7.5120854,16.53591,19.68926,25.304321,31.599775,15.224376,1.0,27.104655260184636,27.0,29.0,30.0,30.0,30.0,0
Mbalmayo,BIO_FP_FH__L2A_20251215T050116_20251227T050144_T_G01_M01_C___T004_F004,2025-12-15,37,9,11.437744140625,3.4182333946228027,15.383259773254395,1.0,8649,5.478600025177002,14.396791717250549,13.681751,25.357122,28.854345,33.416546,37.308792,22.699152,1.0,30.395120560743862,30.0,34.0,34.0,35.0,35.0,0
Mbalmayo,BIO_FP_FH__L2A_20251215T050116_20251227T050144_T_G01_M01_C___T004_F004,2025-12-15,37,10,11.438577651977539,3.4182333946228027,21.19245719909668,1.0,8649,0.0,18.654762291883454,20.662226,28.743324,30.69325,34.65765,36.879356,27.246712,1.0,34.243974333044314,34.0,35.7349853515625,36.0,37.0,37.0,0
Mbalmayo,BIO_FP_FH__L2A_20251215T050116_20251227T050144_T_G01_M01_C___T004_F004,2025-12-15,37,11,11.439411163330078,3.4182333946228027,22.241657257080078,1.0,8649,0.0,23.892820882471963,25.216211,30.819199,34.18565,37.613186,41.80196,29.423172,1.0,34.61144704396414,35.0,36.0,36.0,36.0,36.0,0
Mbalmayo,BIO_FP_FH__L2A_20251215T050116_20251227T050144_T_G01_M01_C___T004_F004,2025-12-15,37,12,11.440244674682617,3.4182333946228027,19.145057678222656,1.0,8649,4.378200054168701,20.662304258440283,22.116652,28.21434,29.82316,32.18669,33.79346,26.60691,1.0,31.624645414649027,32.0,33.0,33.0,34.0,34.0,0
Mbalmayo,BIO_FP_FH__L2A_20251215T050116_20251227T050144_T_G01_M01_C___T004_F004,2025-12-15,37,13,11.441078186035156,3.4182333946228027,9.43205738067627,1.0,8649,37.500999450683594,17.37650848363973,17.780195,23.524681,26.191557,30.742147,34.081615,22.080738,1.0,32.280548590568465,32.0,33.0,34.0,35.0,35.0,0
Mbalmayo,BIO_FP_FH__L2A_20251215T050116_20251227T050144_T_G01_M01_C___T004_F004,2025-12-15,37,14,11.441911697387695,3.4182333946228027,2.6698575019836426,0.9982446658844231,8642,58.2666015625,18.839184654932307,18.66866,27.709787,29.421814,33.300137,37.67958,26.212217,1.0,33.45354694790311,34.0,35.0,35.0,35.0,35.0,0
Mbalmayo,BIO_FP_FH__L2A_20251215T050116_20251227T050144_T_G01_M01_C___T004_F004,2025-12-15,37,15,11.442745208740234,3.4182333946228027,3.94565749168396,1.0,8649,47.799800872802734,16.26318929572783,15.374859,30.698002,34.44538,37.895325,40.613125,24.208632,1.0,33.72352963947178,34.0,35.0,35.0,35.0,35.0,0
Mbalmayo,BIO_FP_FH__L2A_20251215T050116_20251227T050144_T_G01_M01_C___T004_F004,2025-12-15,37,16,11.443578720092773,3.4182333946228027,9.011457443237305,1.0,8649,31.355199813842773,13.070987252861602,10.838709,25.214891,30.335773,35.452244,39.16969,21.170942,1.0,32.09801101662517,32.0,34.549503326416016,35.0,35.0,35.0,0
Mbalmayo,BIO_FP_FH__L2A_20251215T050116_20251227T050144_T_G01_M01_C___T004_F004,2025-12-15,37,17,11.444412231445312,3.4182333946228027,15.269857406616211,1.0,8649,0.0,11.706753038646086,9.462865,23.81019,30.985193,35.69307,42.34412,18.955185,1.0,28.610597718311936,28.97840690612793,30.0,31.0,32.0,32.0,0
Mbalmayo,BIO_FP_FH__L2A_20251215T050116_20251227T050144_T_G01_M01_C___T004_F004,2025-12-15,37,18,11.445245742797852,3.4182333946228027,10.287095069885254,1.0,8649,25.181400299072266,12.534237158920106,9.953337,24.66833,27.72557,33.855434,36.687134,21.229712,1.0,30.207327711387844,30.0,32.0,32.0,33.0,33.0,0
Mbalmayo,BIO_FP_FH__L2A_20251215T050116_20251227T050144_T_G01_M01_C___T004_F004,2025-12-15,37,19,11.44607925415039,3.4182333946228027,3.656095266342163,1.0,8649,58.09339904785156,14.270253876893282,12.102236,26.758842,30.181719,38.955605,43.12123,22.07542,1.0,31.265620775781816,31.0,32.0,32.56963348388672,33.0,33.0,0
Mbalmayo,BIO_FP_FH__L2A_20251215T050116_20251227T050144_T_G01_M01_C___T004_F004,2025-12-15,37,20,11.44691276550293,3.4182333946228027,7.549095153808594,1.0,8649,45.116798400878906,12.45276865461325,11.042267,21.341742,26.871054,34.36091,43.879284,18.74321,1.0,31.25276218087484,31.0,33.0,33.0,34.0,34.0,0
Mbalmayo,BIO_FP_FH__L2A_20251215T050116_20251227T050144_T_G01_M01_C___T004_F004,2025-12-15,37,21,11.447746276855469,3.4182333946228027,17.699295043945312,1.0,8649,7.991799831390381,13.209091188287664,10.372995,27.774984,31.109346,34.23565,36.799995,23.358791,1.0,31.200265044848454,31.0,34.0,34.0,34.0,35.0,0
Mbalmayo,BIO_FP_FH__L2A_20251215T050116_20251227T050144_T_G01_M01_C___T004_F004,2025-12-15,37,22,11.448579788208008,3.4182333946228027,18.72109603881836,1.0,8649,0.0,12.249272856688634,10.946314,24.288305,26.775328,30.128582,31.715942,19.945518,1.0,28.485685742594683,28.0,30.0,31.0,31.0,32.0,0
Mbalmayo,BIO_FP_FH__L2A_20251215T050116_20251227T050144_T_G01_M01_C___T004_F004,2025-12-15,37,23,11.449413299560547,3.4182333946228027,17.435495376586914,1.0,8649,0.0,15.146359044398196,15.435005,24.703342,26.506355,29.381754,31.501762,22.315687,1.0,28.539581139827273,29.0,30.0,30.0,31.483083724975586,32.0,0
Mbalmayo,BIO_FP_FH__L2A_20251215T050116_20251227T050144_T_G01_M01_C___T004_F004,2025-12-15,37,24,11.450246810913086,3.4182333946228027,17.192895889282227,1.0,8649,0.11779999732971191,18.01092115056654,17.595179,31.058828,32.86585,34.47915,36.17134,26.597687,1.0,32.75391605446443,33.0,35.0,35.0,35.0,35.0,0
Mbalmayo,BIO_FP_FH__L2A_20251215T050116_20251227T050144_T_G01_M01_C___T004_F004,2025-12-15,37,25,11.451080322265625,3.4182333946228027,18.080095291137695,1.0,8649,0.382999986410141,21.66263531188577,21.60971,38.612175,48.776928,55.85646,59.587387,35.01583,1.0,36.369207656318736,36.0,38.0,39.0,40.0,40.0,0
Mbalmayo,BIO_FP_FH__L2A_20251215T050116_20251227T050144_T_G01_M01_C___T004_F004,2025-12-15,37,26,11.451913833618164,3.4182333946228027,17.59307289123535,1.0,8649,0.2621999979019165,25.932630398022894,26.707565,36.546024,39.745857,50.99454,55.085026,34.401035,1.0,35.12145871098351,35.0,37.0,37.0,39.0,39.0,0
Mbalmayo,BIO_FP_FH__L2A_20251215T050116_20251227T050144_T_G01_M01_C___T004_F004,2025-12-15,37,29,11.454414367675781,3.4182333946228027,23.193674087524414,1.0,8649,0.09260000288486481,13.467006662619957,13.756185,23.989737,25.564638,31.623959,34.98906,22.944443,1.0,33.80261850969021,33.0,37.0,37.0,37.0,38.0,0
Mbalmayo,BIO_FP_FH__L2A_20251215T050116_20251227T050144_T_G01_M01_C___T004_F004,2025-12-15,37,30,11.45524787902832,3.4182333946228027,24.09747314453125,1.0,8649,0.0,23.008090259712105,22.991278,34.261898,37.09309,44.514782,46.425255,32.33348,1.0,38.182351229576476,38.0,39.0,39.0,40.0,40.0,0
Mbalmayo,BIO_FP_FH__L2A_20251215T050116_20251227T050144_T_G01_M01_C___T004_F004,2025-12-15,37,31,11.45608139038086,3.4182333946228027,24.748674392700195,1.0,8649,0.0,21.79040252124523,21.069435,40.090168,41.75402,44.292656,46.694736,38.130146,1.0,39.53686814622971,40.0,40.0,41.0,41.0,41.0,0
Mbalmayo,BIO_FP_FH__L2A_20251215T050116_20251227T050144_T_G01_M01_C___T004_F004,2025-12-15,37,32,11.456914901733398,3.4182333946228027,25.927473068237305,1.0,8649,0.3874000012874603,25.169886421118047,26.15016,35.756145,37.547382,40.793896,44.721,34.70153,1.0,36.57241978128737,37.0,38.0,38.0,39.0,39.0,0
Mbalmayo,BIO_FP_FH__L2A_20251215T050116_20251227T050144_T_G01_M01_C___T004_F004,2025-12-15,37,33,11.457748413085938,3.4182333946228027,21.010473251342773,1.0,8649,14.507200241088867,27.436123847410105,28.825096,33.725574,34.593143,36.057083,38.170464,33.293472,1.0,34.08127409853071,34.0,35.0,35.0,35.20264190673829,36.0,0
Mbalmayo,BIO_FP_FH__L2A_20251215T050116_20251227T050144_T_G01_M01_C___T004_F004,2025-12-15,37,34,11.458581924438477,3.4182333946228027,15.977411270141602,1.0,8649,22.68199920654297,21.28666699184877,22.013298,36.46826,37.4388,38.685688,41.03561,34.57576,1.0,35.66830955740895,35.0,37.0,38.0,38.0,39.0,0
Mbalmayo,BIO_FP_FH__L2A_20251215T050116_20251227T050144_T_G01_M01_C___T004_F004,2025-12-15,37,35,11.459415435791016,3.4182333946228027,11.672011375427246,1.0,8649,17.674800872802734,13.656388202393341,9.584145,33.588264,38.753265,45.50793,47.82495,23.674004,1.0,37.459052313130805,38.0,39.0,39.0,39.0,40.0,0
Mbalmayo,BIO_FP_FH__L2A_20251215T050116_20251227T050144_T_G01_M01_C___T004_F004,2025-12-15,37,36,11.460248947143555,3.4182333946228027,8.403011322021484,1.0,8649,10.053400039672852,12.538895844172737,8.518846,32.795815,36.287014,38.369507,40.611362,23.456964,1.0,39.35501694676503,40.0,40.0,40.0,41.0,41.0,0
Mbalmayo,BIO_FP_FH__L2A_20251215T050116_20251227T050144_T_G01_M01_C___T004_F004,2025-12-15,37,37,11.461082458496094,3.4182333946228027,13.31921100616455,1.0,8649,2.9672000408172607,15.917085338622963,11.091648,34.581352,38.344704,43.195522,45.24242,28.52654,1.0,39.13051076221499,39.0,40.0,41.0,41.0,41.0,0
Mbalmayo,BIO_FP_FH__L2A_20251215T050116_20251227T050144_T_G01_M01_C___T004_F004,2025-12-15,37,38,11.461915969848633,3.4182333946228027,19.21221160888672,1.0,8649,0.4578000009059906,26.380428734535784,28.656036,35.59475,37.802113,40.375423,44.497425,33.753178,1.0,35.610000997158075,35.0,38.0,38.0,39.0,39.0,0
Mbalmayo,BIO_FP_FH__L2A_20251215T050116_20251227T050144_T_G01_M01_C___T004_F004,2025-12-15,37,39,11.462749481201172,3.4182333946228027,21.170011520385742,1.0,8649,0.0,23.887983798705054,26.25376,33.136467,34.48723,37.04512,39.15342,31.774433,1.0,33.42403870563946,33.0,35.0,35.0,35.0,36.0,0
Mbalmayo,BIO_FP_FH__L2A_20251215T050116_20251227T050144_T_G01_M01_C___T004_F004,2025-12-15,37,40,11.463582992553711,3.4182333946228027,21.86661148071289,1.0,8649,0.0,21.32400060700659,21.239002,40.949287,42.776047,44.588802,46.04695,34.7245,1.0,35.243249273724686,35.0,36.5481590270996,37.0,37.0,37.0,0
Mbalmayo,BIO_FP_FH__L2A_20251215T050116_20251227T050144_T_G01_M01_C___T004_F004,2025-12-15,37,41,11.46441650390625,3.4182333946228027,14.472611427307129,1.0,8649,21.917600631713867,15.42933115461325,12.842455,30.814146,34.168507,39.192608,41.575497,24.766994,1.0,35.70468241929429,36.0,37.0,37.0,37.0,37.0,0
Mbalmayo,BIO_FP_FH__L2A_20251215T050116_20251227T050144_T_G01_M01_C___T004_F004,2025-12-15,37,42,11.465250015258789,3.4182333946228027,5.886199951171875,1.0,8649,46.32460021972656,14.147165676667823,12.94709,26.565311,29.314114,33.685207,40.112156,21.708029,1.0,37.686031716009666,38.0,39.0,39.0,39.0,40.0,0
Mbalmayo,BIO_FP_FH__L2A_20251215T050116_20251227T050144_T_G01_M01_C___T004_F004,2025-12-15,37,43,11.466083526611328,3.4182333946228027,2.3541998863220215,1.0,8649,49.540000915527344,17.36616407966239,12.239895,36.181564,44.469025,47.7559,49.507473,29.350706,1.0,35.66528250625581,36.0,37.0,38.0,38.0,39.0,0
Mbalmayo,BIO_FP_FH__L2A_20251215T050116_20251227T050144_T_G01_M01_C___T004_F004,2025-12-15,37,44,11.466917037963867,3.4182333946228027,2.7290000915527344,1.0,8649,39.53239822387695,15.863871997485258,14.168495,28.458519,30.721855,36.2935,41.103115,25.800058,1.0,33.427537720497526,34.0,35.0,35.0,36.0,36.0,0
Mbalmayo,BIO_FP_FH__L2A_20251215T050116_20251227T050144_T_G01_M01_C___T004_F004,2025-12-15,37,45,11.467750549316406,3.4182333946228027,2.516400098800659,1.0,8649,47.837799072265625,11.079500249306278,10.197859,25.7076,30.577429,36.59059,38.31315,22.17217,1.0,30.596465344428466,31.0,32.0,32.0,33.0,33.0,0
Mbalmayo,BIO_FP_FH__L2A_20251215T050116_20251227T050144_T_G01_M01_C___T004_F004,2025-12-15,37,46,11.468584060668945,3.4182333946228027,2.108599901199341,1.0,8649,62.19540023803711,7.543421746733727,4.6331835,19.313663,24.322542,27.285673,30.500668,15.600249,1.0,30.098972924583453,30.0,33.0,33.0,34.0,34.0,0
Mbalmayo,BIO_FP_FH__L2A_20251215T050116_20251227T050144_T_G01_M01_C___T004_F004,2025-12-15,38,3,11.432743072509766,3.4173998832702637,14.854660034179688,0.9772434911640797,8465,0.0,14.049530785922927,12.632867,25.833502,28.231777,32.03398,34.678097,23.456139,0.9626526531766282,34.01614535932841,34.0,36.0,36.0,36.0,36.0,0
Mbalmayo,BIO_FP_FH__L2A_20251215T050116_20251227T050144_T_G01_M01_C___T004_F004,2025-12-15,38,4,11.433576583862305,3.4173998832702637,14.014659881591797,1.0,8649,0.0,18.421453166551046,19.002253,28.53176,31.461317,33.961517,35.717224,26.295935,1.0,35.686148578768616,36.0,37.0,37.0,37.0,37.0,0
Mbalmayo,BIO_FP_FH__L2A_20251215T050116_20251227T050144_T_G01_M01_C___T004_F004,2025-12-15,38,5,11.434410095214844,3.4173998832702637,13.267459869384766,1.0,8649,0.0,13.99664159151347,11.776344,26.948069,30.48881,38.082474,39.621517,24.005882,1.0,36.44735413135745,36.0,38.0,38.0,38.0,38.0,0
Mbalmayo,BIO_FP_FH__L2A_20251215T050116_20251227T050144_T_G01_M01_C___T004_F004,2025-12-15,38,6,11.435243606567383,3.4173998832702637,8.883660316467285,1.0,8649,7.9944000244140625,16.493443967510697,14.216776,31.366531,34.41769,37.7653,41.534977,27.02801,1.0,35.93224257355495,36.0,38.0,38.0,38.0,38.0,0
Mbalmayo,BIO_FP_FH__L2A_20251215T050116_20251227T050144_T_G01_M01_C___T004_F004,2025-12-15,38,7,11.436077117919922,3.4173998832702637,4.275859832763672,1.0,8649,16.531600952148438,13.869122785148573,13.837936,21.237238,24.26729,28.177917,31.680452,19.466373,1.0,28.324311230276095,28.0,33.0,33.0,35.0,35.0,0
Mbalmayo,BIO_FP_FH__L2A_20251215T050116_20251227T050144_T_G01_M01_C___T004_F004,2025-12-15,38,8,11.436910629272461,3.4173998832702637,6.583859920501709,1.0,8649,11.592000007629395,4.4450410632732105,3.435926,10.534655,12.411919,15.150935,17.93035,8.608523,1.0,19.608414255548645,20.0,24.0,25.0,26.0,27.0,0
Mbalmayo,BIO_FP_FH__L2A_20251215T050116_20251227T050144_T_G01_M01_C___T004_F004,2025-12-15,38,9,11.437744140625,3.4173998832702637,15.387660026550293,1.0,8649,1.5618000030517578,6.222938526130188,3.7409213,17.436579,22.205023,26.110806,33.895096,11.3717165,1.0,24.986253314107014,26.0,30.0,30.0,30.706155395507903,31.0,0
Mbalmayo,BIO_FP_FH__L2A_20251215T050116_20251227T050144_T_G01_M01_C___T004_F004,2025-12-15,38,10,11.438577651977539,3.4173998832702637,17.287857055664062,1.0,8649,0.0,13.562265146259683,12.607311,25.02556,27.412476,31.528402,33.682095,22.308876,1.0,29.73223958129565,30.0,33.0,35.0,36.0,37.0,0
Mbalmayo,BIO_FP_FH__L2A_20251215T050116_20251227T050144_T_G01_M01_C___T004_F004,2025-12-15,38,11,11.439411163330078,3.4173998832702637,16.658456802368164,1.0,8649,1.7555999755859375,15.839089959821944,14.674887,27.29848,28.94019,32.681503,36.26655,23.550028,1.0,30.349542318099992,30.0,34.0,34.053096771240234,36.0,36.0,0
Mbalmayo,BIO_FP_FH__L2A_20251215T050116_20251227T050144_T_G01_M01_C___T004_F004,2025-12-15,38,12,11.440244674682617,3.4173998832702637,10.710257530212402,1.0,8649,9.074199676513672,16.023691774338072,16.06972,23.755829,26.671028,29.3641,33.53006,21.48676,1.0,28.234205655272067,28.0,30.0,32.0,33.0,33.0,0
Mbalmayo,BIO_FP_FH__L2A_20251215T050116_20251227T050144_T_G01_M01_C___T004_F004,2025-12-15,38,13,11.441078186035156,3.4173998832702637,3.7960574626922607,1.0,8649,25.45159912109375,13.658753902185223,12.175512,25.84032,27.959917,33.283066,37.40167,22.96775,1.0,32.724164747974065,32.0,35.0,35.0,36.0,36.0,0
Mbalmayo,BIO_FP_FH__L2A_20251215T050116_20251227T050144_T_G01_M01_C___T004_F004,2025-12-15,38,14,11.441911697387695,3.4173998832702637,4.140457630157471,0.9781169381937218,8498,16.453800201416016,14.09477502973357,12.208113,26.144398,30.19942,33.81154,37.376614,24.059637,1.0,34.410172932519295,34.0,36.0,36.0,36.0,36.0,0
Mbalmayo,BIO_FP_FH__L2A_20251215T050116_20251227T050144_T_G01_M01_C___T004_F004,2025-12-15,38,15,11.442745208740234,3.4173998832702637,5.0884575843811035,1.0,8649,15.813199996948242,14.231594241386288,12.918204,25.912182,31.934622,37.78938,39.709923,22.09907,1.0,32.84772368907542,33.0,34.998268127441406,35.0,35.0,35.0,0
Mbalmayo,BIO_FP_FH__L2A_20251215T050116_20251227T050144_T_G01_M01_C___T004_F004,2025-12-15,38,16,11.443578720092773,3.4173998832702637,6.32385778427124,1.0,8649,28.208799362182617,11.684311408833391,8.884942,23.13912,33.445114,39.146046,41.106613,19.336517,1.0,31.74419714351764,32.0,33.0,33.0,34.0,34.0,0
Mbalmayo,BIO_FP_FH__L2A_20251215T050116_20251227T050144_T_G01_M01_C___T004_F004,2025-12-15,38,17,11.444412231445312,3.4173998832702637,9.614657402038574,1.0,8649,31.6343994140625,12.268143806364897,9.4205,27.420437,31.961163,36.992603,43.868298,20.011,1.0,30.23319506239982,30.0,31.0,32.0,32.0,32.0,0
Mbalmayo,BIO_FP_FH__L2A_20251215T050116_20251227T050144_T_G01_M01_C___T004_F004,2025-12-15,38,18,11.445245742797852,3.4173998832702637,4.983295440673828,1.0,8649,63.15079879760742,12.21302724664701,9.165422,28.334848,32.082523,35.915215,37.718563,21.765223,1.0,32.04582766425831,32.0,33.37757873535156,34.0,34.0,34.0,0
Mbalmayo,BIO_FP_FH__L2A_20251215T050116_20251227T050144_T_G01_M01_C___T004_F004,2025-12-15,38,19,11.44607925415039,3.4173998832702637,1.835895299911499,1.0,8649,83.96920013427734,14.619372091426754,12.394548,28.541338,31.200527,34.179916,37.41767,23.910503,1.0,32.179311103745825,32.0,33.0,34.0,34.0,34.0,0
Mbalmayo,BIO_FP_FH__L2A_20251215T050116_20251227T050144_T_G01_M01_C___T004_F004,2025-12-15,38,20,11.44691276550293,3.4173998832702637,5.462095260620117,1.0,8649,63.06719970703125,14.015615063880217,12.507532,27.652233,32.47166,37.83511,41.9303,20.923643,1.0,31.125942815947578,31.0,32.0,32.0,32.0,33.0,0
Mbalmayo,BIO_FP_FH__L2A_20251215T050116_20251227T050144_T_G01_M01_C___T004_F004,2025-12-15,38,21,11.447746276855469,3.4173998832702637,13.356494903564453,1.0,8649,15.616999626159668,10.401728613857093,7.3772173,26.852777,34.961708,39.18377,41.512196,20.653568,1.0,30.566330774214407,31.0,33.0,33.0,33.0,33.0,0
Mbalmayo,BIO_FP_FH__L2A_20251215T050116_20251227T050144_T_G01_M01_C___T004_F004,2025-12-15,38,22,11.448579788208008,3.4173998832702637,16.850296020507812,1.0,8649,0.0,18.52615322219332,19.467436,28.830946,30.630358,34.205036,37.689575,27.177328,1.0,28.835854625051347,29.0,30.0,31.0,31.0,32.0,0
Mbalmayo,BIO_FP_FH__L2A_20251215T050116_20251227T050144_T_G01_M01_C___T004_F004,2025-12-15,38,23,11.449413299560547,3.4173998832702637,15.954094886779785,1.0,8649,0.0,14.850249577263268,13.943008,25.77136,28.061342,31.415913,33.563606,22.37677,1.0,29.162481584525796,29.0,31.0,31.0,31.0,32.0,0
Mbalmayo,BIO_FP_FH__L2A_20251215T050116_20251227T050144_T_G01_M01_C___T004_F004,2025-12-15,38,24,11.450246810913086,3.4173998832702637,14.909695625305176,1.0,8649,0.16940000653266907,20.582677097785872,20.668957,34.17998,36.141148,38.319286,39.916943,30.54085,1.0,32.801682299004085,33.0,35.0,35.0,36.0,36.0,0
Mbalmayo,BIO_FP_FH__L2A_20251215T050116_20251227T050144_T_G01_M01_C___T004_F004,2025-12-15,38,25,11.451080322265625,3.4173998832702637,14.465495109558105,1.0,8649,0.5238000154495239,26.91368763729911,28.116737,38.88545,41.041924,45.6104,54.839645,37.25675,1.0,37.48286583360488,38.0,39.0,39.0,39.0,40.0,0
Mbalmayo,BIO_FP_FH__L2A_20251215T050116_20251227T050144_T_G01_M01_C___T004_F004,2025-12-15,38,26,11.451913833618164,3.4173998832702637,14.021273612976074,1.0,8649,0.878000020980835,24.975607729217252,26.63256,36.460983,38.00818,40.746742,54.638424,34.88078,1.0,38.3213972487964,38.43059539794922,40.0,40.0,40.0,40.0,0
Mbalmayo,BIO_FP_FH__L2A_20251215T050116_20251227T050144_T_G01_M01_C___T004_F004,2025-12-15,38,29,11.454414367675781,3.4173998832702637,21.582874298095703,1.0,8649,1.3573999404907227,13.675101077436699,13.856142,21.455118,26.023598,33.60148,35.904964,19.688639,1.0,34.328560664979335,34.0,38.0,38.0,38.48269866943362,39.0,0
Mbalmayo,BIO_FP_FH__L2A_20251215T050116_20251227T050144_T_G01_M01_C___T004_F004,2025-12-15,38,30,11.45524787902832,3.4173998832702637,24.385873794555664,1.0,8649,0.0,26.075866339316683,27.306528,34.48175,36.105694,38.3063,41.561348,33.63008,1.0,39.02258133532643,39.0,40.0,40.0,40.0,40.0,0
Mbalmayo,BIO_FP_FH__L2A_20251215T050116_20251227T050144_T_G01_M01_C___T004_F004,2025-12-15,38,31,11.45608139038086,3.4173998832702637,25.479074478149414,1.0,8649,0.0,24.089603024916176,25.527952,35.974995,37.22569,40.32286,42.707016,34.206028,1.0,39.46258254883151,39.0,40.0,40.0,40.193597717285314,41.0,0
Mbalmayo,BIO_FP_FH__L2A_20251215T050116_20251227T050144_T_G01_M01_C___T004_F004,2025-12-15,38,32,11.456914901733398,3.4173998832702637,26.580673217773438,1.0,8649,0.33079999685287476,30.515695004480285,31.97465,38.752697,39.931988,41.543163,43.086952,37.61613,1.0,37.3088119296011,37.0,39.0,39.80148696899414,40.0,40.0,0
Mbalmayo,BIO_FP_FH__L2A_20251215T050116_20251227T050144_T_G01_M01_C___T004_F004,2025-12-15,38,33,11.457748413085938,3.4173998832702637,27.78507423400879,1.0,8649,0.7516000270843506,25.28012992831541,25.652285,32.575012,33.723354,35.14588,37.311607,31.949009,1.0,33.18214780772431,33.0,35.0,35.0,36.0,37.0,0
Mbalmayo,BIO_FP_FH__L2A_20251215T050116_20251227T050144_T_G01_M01_C___T004_F004,2025-12-15,38,34,11.458581924438477,3.4173998832702637,25.874011993408203,1.0,8649,1.3442000150680542,13.431301216181062,12.796785,25.643768,28.519564,35.599995,38.152008,24.251732,1.0,32.980789634447895,33.0,35.0,35.0,35.0,36.0,0
Mbalmayo,BIO_FP_FH__L2A_20251215T050116_20251227T050144_T_G01_M01_C___T004_F004,2025-12-15,38,35,11.459415435791016,3.4173998832702637,19.147411346435547,1.0,8649,2.242000102996826,16.904640348595212,15.111215,33.211918,37.62312,43.18959,45.41199,30.086378,1.0,36.555679873050686,36.77430725097656,39.0,39.0,39.0,39.0,0
Mbalmayo,BIO_FP_FH__L2A_20251215T050116_20251227T050144_T_G01_M01_C___T004_F004,2025-12-15,38,36,11.460248947143555,3.4173998832702637,12.871411323547363,1.0,8649,3.0350000858306885,17.967575279656607,18.30158,33.240955,36.87165,41.553158,44.884174,31.224552,1.0,39.64138320559421,40.0,41.0,41.0,41.0,41.0,0
Mbalmayo,BIO_FP_FH__L2A_20251215T050116_20251227T050144_T_G01_M01_C___T004_F004,2025-12-15,38,37,11.461082458496094,3.4173998832702637,13.566411018371582,1.0,8649,2.2995998859405518,14.393836624898832,11.149255,29.315983,33.770397,44.163414,47.283382,25.359127,1.0,40.37999141074313,40.508201599121094,41.0,41.0,42.0,42.0,0
Mbalmayo,BIO_FP_FH__L2A_20251215T050116_20251227T050144_T_G01_M01_C___T004_F004,2025-12-15,38,38,11.461915969848633,3.4173998832702637,18.625011444091797,0.9969575149583767,8640,0.7160000205039978,19.666858520685466,19.596233,32.691635,38.607136,43.66777,48.88084,29.905432,1.0,37.61988872554981,38.0,40.0,41.0,41.0,41.0,0
Mbalmayo,BIO_FP_FH__L2A_20251215T050116_20251227T050144_T_G01_M01_C___T004_F004,2025-12-15,38,39,11.462749481201172,3.4173998832702637,21.296810150146484,1.0,8649,0.0,21.477189378829923,20.37227,36.98209,41.253002,44.181458,47.23639,32.174232,1.0,35.88708544168903,36.0,37.0,38.0,39.0,39.0,0
Mbalmayo,BIO_FP_FH__L2A_20251215T050116_20251227T050144_T_G01_M01_C___T004_F004,2025-12-15,38,40,11.463582992553711,3.4173998832702637,16.022811889648438,1.0,8649,16.209999084472656,16.774603639149035,16.403873,29.153236,31.748594,38.743496,41.26983,25.704165,1.0,36.3126593042983,36.0,37.0,37.0,38.0,38.0,0
Mbalmayo,BIO_FP_FH__L2A_20251215T050116_20251227T050144_T_G01_M01_C___T004_F004,2025-12-15,38,41,11.46441650390625,3.4173998832702637,7.954610824584961,1.0,8649,40.00640106201172,19.025254003352988,17.126165,33.37498,37.655243,41.5145,44.555847,29.002457,1.0,35.382617583921544,35.0,37.0,37.0,38.0,38.0,0
Mbalmayo,BIO_FP_FH__L2A_20251215T050116_20251227T050144_T_G01_M01_C___T004_F004,2025-12-15,38,42,11.465250015258789,3.4173998832702637,2.2207999229431152,1.0,8649,53.249000549316406,15.574873630622037,14.793915,28.208342,32.228893,40.158146,44.58954,24.66821,1.0,34.349893671389275,34.0,37.0,37.0,37.0,37.0,0
Mbalmayo,BIO_FP_FH__L2A_20251215T050116_20251227T050144_T_G01_M01_C___T004_F004,2025-12-15,38,43,11.466083526611328,3.4173998832702637,2.6089999675750732,1.0,8649,41.87459945678711,13.05782505564227,9.8266325,29.081175,35.80218,38.962917,41.99742,23.447489,1.0,33.55719264508231,33.19378662109375,36.0,36.0,36.0,36.0,0
Mbalmayo,BIO_FP_FH__L2A_20251215T050116_20251227T050144_T_G01_M01_C___T004_F004,2025-12-15,38,44,11.466917037963867,3.4173998832702637,2.945199966430664,1.0,8649,31.643800735473633,20.98907117152272,21.95237,32.91435,35.936646,37.025333,37.999546,29.042654,1.0,32.47641584983188,33.0,34.0,35.0,36.0,36.0,0
Mbalmayo,BIO_FP_FH__L2A_20251215T050116_20251227T050144_T_G01_M01_C___T004_F004,2025-12-15,38,45,11.467750549316406,3.4173998832702637,2.8071999549865723,1.0,8649,36.24259948730469,17.041222702769105,17.103456,25.29291,27.46074,35.373077,38.318287,23.570612,1.0,29.2527244332788,29.0,30.003461837768555,31.0,32.0,32.0,0
Mbalmayo,BIO_FP_FH__L2A_20251215T050116_20251227T050144_T_G01_M01_C___T004_F004,2025-12-15,38,46,11.468584060668945,3.4173998832702637,2.441800117492676,1.0,8649,47.899600982666016,15.698707039831195,16.15331,26.239744,28.614668,34.836304,38.433765,24.265121,1.0,29.824924984809662,29.0,32.0,33.0,35.0,35.0,0
Mbalmayo,BIO_FP_FH__L2A_20251215T050116_20251227T050144_T_G01_M01_C___T004_F004,2025-12-15,39,2,11.431909561157227,3.4165663719177246,15.890660285949707,0.9238434243662562,8033,0.0,13.235828818543235,10.660043,27.637936,29.86096,32.556213,34.923355,24.56816,1.0,35.43904849892752,36.0,37.0,37.0,38.0,38.0,0
Mbalmayo,BIO_FP_FH__L2A_20251215T050116_20251227T050144_T_G01_M01_C___T004_F004,2025-12-15,39,3,11.432743072509766,3.4165663719177246,14.236459732055664,1.0,8649,0.0,18.23025602670829,17.979628,29.963879,32.280407,35.3988,36.853107,27.02426,1.0,35.3421897985216,35.0,36.0,37.0,37.0,37.0,0
Mbalmayo,BIO_FP_FH__L2A_20251215T050116_20251227T050144_T_G01_M01_C___T004_F004,2025-12-15,39,4,11.433576583862305,3.4165663719177246,13.708860397338867,1.0,8649,0.0,18.03537981269511,16.788355,29.187609,32.431477,35.378716,37.28824,26.30851,1.0,34.29363162212392,34.0,35.0,35.0,36.0,36.0,0
Mbalmayo,BIO_FP_FH__L2A_20251215T050116_20251227T050144_T_G01_M01_C___T004_F004,2025-12-15,39,5,11.434410095214844,3.4165663719177246,9.935259819030762,1.0,8649,6.254199981689453,15.812104361775928,15.3970995,24.712616,27.093832,32.235455,34.298843,23.905603,1.0,33.77026193609733,34.0,35.0,35.0,36.0,36.0,0
Mbalmayo,BIO_FP_FH__L2A_20251215T050116_20251227T050144_T_G01_M01_C___T004_F004,2025-12-15,39,6,11.435243606567383,3.4165663719177246,5.148660182952881,1.0,8649,14.79640007019043,15.410291290900682,15.231785,25.998756,28.148645,31.102934,34.18336,24.843792,1.0,32.227918788289344,32.0,34.0,34.0,34.0,35.0,0
Mbalmayo,BIO_FP_FH__L2A_20251215T050116_20251227T050144_T_G01_M01_C___T004_F004,2025-12-15,39,7,11.436077117919922,3.4165663719177246,4.828660011291504,1.0,8649,13.685199737548828,10.958210035119667,10.192737,19.657942,23.053577,29.834427,34.42446,17.771887,1.0,25.818687414045154,25.0,31.0,31.0,32.0,32.0,0
Mbalmayo,BIO_FP_FH__L2A_20251215T050116_20251227T050144_T_G01_M01_C___T004_F004,2025-12-15,39,8,11.436910629272461,3.4165663719177246,7.326260089874268,1.0,8649,6.233799934387207,7.383991736761475,5.9065228,15.170181,22.041292,26.518507,29.88105,12.810698,1.0,17.42912577204462,17.0,20.0,21.0,22.0,22.0,0
Mbalmayo,BIO_FP_FH__L2A_20251215T050116_20251227T050144_T_G01_M01_C___T004_F004,2025-12-15,39,9,11.437744140625,3.4165663719177246,11.171460151672363,1.0,8649,2.1333999633789062,7.391609579142098,7.278594,13.258996,14.650258,20.271582,36.694817,11.466437,1.0,19.893752704977175,20.0,24.0,26.0,26.0,28.0,0
Mbalmayo,BIO_FP_FH__L2A_20251215T050116_20251227T050144_T_G01_M01_C___T004_F004,2025-12-15,39,10,11.438577651977539,3.4165663719177246,12.870057106018066,1.0,8649,2.324199914932251,14.508791659440398,14.0012865,24.205917,32.411774,40.069725,43.169872,20.77168,1.0,27.39577393229124,27.52806282043457,30.0,31.0,31.0,31.0,0
Mbalmayo,BIO_FP_FH__L2A_20251215T050116_20251227T050144_T_G01_M01_C___T004_F004,2025-12-15,39,11,11.439411163330078,3.4165663719177246,12.675057411193848,1.0,8649,2.2218000888824463,16.921060238177823,16.137264,27.763763,32.78963,40.132027,44.715603,22.24504,1.0,30.325190678099315,31.0,32.0,32.0,34.0,34.0,0
Mbalmayo,BIO_FP_FH__L2A_20251215T050116_20251227T050144_T_G01_M01_C___T004_F004,2025-12-15,39,12,11.440244674682617,3.4165663719177246,9.643857955932617,1.0,8649,6.741000175476074,16.492159498207887,15.087757,29.937054,33.668213,36.60932,39.293224,24.41022,1.0,31.351943266020992,31.0,34.0,35.0,35.0,35.0,0
Mbalmayo,BIO_FP_FH__L2A_20251215T050116_20251227T050144_T_G01_M01_C___T004_F004,2025-12-15,39,13,11.441078186035156,3.4165663719177246,8.058857917785645,1.0,8649,9.61240005493164,10.116547071915829,7.4826374,22.593609,29.831707,34.7594,36.58448,17.610586,1.0,34.925841829103874,35.0,36.0,37.0,37.0,37.0,0
Mbalmayo,BIO_FP_FH__L2A_20251215T050116_20251227T050144_T_G01_M01_C___T004_F004,2025-12-15,39,14,11.441911697387695,3.4165663719177246,10.151657104492188,1.0,8649,7.976200103759766,12.142885918892357,10.887249,21.214067,28.973913,33.9448,36.714287,19.178314,1.0,31.590107743017025,31.0,35.0,35.0,36.0,36.0,0
Mbalmayo,BIO_FP_FH__L2A_20251215T050116_20251227T050144_T_G01_M01_C___T004_F004,2025-12-15,39,15,11.442745208740234,3.4165663719177246,11.438657760620117,1.0,8649,6.7434000968933105,14.922108047173083,13.865355,27.569763,32.008698,35.418774,38.841743,21.446606,1.0,28.100400515602757,28.0,30.0,31.0,31.0,32.0,0
Mbalmayo,BIO_FP_FH__L2A_20251215T050116_20251227T050144_T_G01_M01_C___T004_F004,2025-12-15,39,16,11.443578720092773,3.4165663719177246,6.9380574226379395,1.0,8649,44.170799255371094,16.231406358394032,15.044291,28.016468,32.146717,35.117245,39.189323,25.04229,1.0,29.886016785057862,30.0,32.0,32.0,32.0,32.0,0
Mbalmayo,BIO_FP_FH__L2A_20251215T050116_20251227T050144_T_G01_M01_C___T004_F004,2025-12-15,39,17,11.444412231445312,3.4165663719177246,2.43745756149292,1.0,8649,81.59839630126953,15.468419398196323,13.860252,28.241114,31.800592,36.037373,39.043144,22.745895,1.0,31.62207852805856,31.932035446166992,32.00653076171875,33.0,34.0,34.0,0
Mbalmayo,BIO_FP_FH__L2A_20251215T050116_20251227T050144_T_G01_M01_C___T004_F004,2025-12-15,39,18,11.445245742797852,3.4165663719177246,1.738295316696167,1.0,8649,96.89579772949219,13.844700706006474,10.60459,31.158651,33.644745,36.657543,37.49056,23.754272,1.0,32.9216186496092,33.0,34.0,34.0,35.0,35.0,0
Mbalmayo,BIO_FP_FH__L2A_20251215T050116_20251227T050144_T_G01_M01_C___T004_F004,2025-12-15,39,19,11.44607925415039,3.4165663719177246,1.7318953275680542,1.0,8649,99.43260192871094,15.52590527084056,12.11096,28.657505,35.672527,39.05401,40.579456,24.455101,1.0,33.42332693623289,33.0,35.0,35.0,35.0,36.0,0
Mbalmayo,BIO_FP_FH__L2A_20251215T050116_20251227T050144_T_G01_M01_C___T004_F004,2025-12-15,39,20,11.44691276550293,3.4165663719177246,2.565495252609253,1.0,8649,85.97139739990234,22.37149480792577,24.456463,31.813911,32.67065,34.08479,35.52154,30.116587,1.0,32.92919486750756,33.0,34.0,35.0,36.0,36.0,0
Mbalmayo,BIO_FP_FH__L2A_20251215T050116_20251227T050144_T_G01_M01_C___T004_F004,2025-12-15,39,21,11.447746276855469,3.4165663719177246,8.631895065307617,1.0,8649,37.85499954223633,14.449002865215633,13.305956,30.40476,32.27382,37.126865,40.885838,27.516901,1.0,31.69804504651226,32.0,35.0,36.0,36.0,37.0,0
Mbalmayo,BIO_FP_FH__L2A_20251215T050116_20251227T050144_T_G01_M01_C___T004_F004,2025-12-15,39,22,11.448579788208008,3.4165663719177246,12.088495254516602,1.0,8649,6.042399883270264,20.5261848371199,21.09066,34.60179,40.069122,47.86528,50.540833,32.476593,1.0,34.64732145846875,35.0,37.0,37.93203353881836,38.0,38.0,0
Mbalmayo,BIO_FP_FH__L2A_20251215T050116_20251227T050144_T_G01_M01_C___T004_F004,2025-12-15,39,23,11.449413299560547,3.4165663719177246,10.142695426940918,1.0,8649,7.975399971008301,18.23459494956064,19.073792,33.651226,35.003105,38.782627,43.24394,29.884703,1.0,32.72145165580038,33.0,35.0,35.0,35.0,35.0,0
Mbalmayo,BIO_FP_FH__L2A_20251215T050116_20251227T050144_T_G01_M01_C___T004_F004,2025-12-15,39,24,11.450246810913086,3.4165663719177246,11.025495529174805,1.0,8649,3.256200075149536,14.692525870042779,14.579235,29.097988,31.392794,35.66867,43.215652,23.570637,1.0,30.924580989180033,31.0,32.0,33.0,33.0,33.0,0
Mbalmayo,BIO_FP_FH__L2A_20251215T050116_20251227T050144_T_G01_M01_C___T004_F004,2025-12-15,39,25,11.451080322265625,3.4165663719177246,10.986295700073242,1.0,8649,2.170799970626831,15.318925959648514,11.8768215,35.64708,38.208748,41.13353,42.771557,33.80865,1.0,35.36644329045023,36.0,38.0,38.0,38.0,38.0,0
Mbalmayo,BIO_FP_FH__L2A_20251215T050116_20251227T050144_T_G01_M01_C___T004_F004,2025-12-15,39,26,11.451913833618164,3.4165663719177246,8.513473510742188,1.0,8649,6.661399841308594,25.165546143340272,27.989927,35.201763,36.422714,38.982536,40.446182,34.55188,1.0,37.19832083095304,37.0,39.0,39.0,39.0,39.0,0
Mbalmayo,BIO_FP_FH__L2A_20251215T050116_20251227T050144_T_G01_M01_C___T004_F004,2025-12-15,39,27,11.452747344970703,3.4165663719177246,5.542073726654053,0.9631170104564112,8347,12.168800354003906,17.580346542563888,19.636972,30.080675,31.775644,34.56624,36.748913,27.566364,0.9617936074529573,34.02886976783633,34.0,37.0,38.0,38.0,39.0,0
Mbalmayo,BIO_FP_FH__L2A_20251215T050116_20251227T050144_T_G01_M01_C___T004_F004,2025-12-15,39,29,11.454414367675781,3.4165663719177246,19.934274673461914,0.9660231278995404,8369,1.9814000129699707,14.489877326490609,14.968695,26.731663,30.93282,36.577557,38.86934,23.483936,1.0,34.355256883901504,34.0,38.0,38.0,38.0,39.0,0
Mbalmayo,BIO_FP_FH__L2A_20251215T050116_20251227T050144_T_G01_M01_C___T004_F004,2025-12-15,39,30,11.45524787902832,3.4165663719177246,19.788074493408203,1.0,8649,18.285600662231445,22.584251069487802,23.58503,31.473804,33.78373,36.81166,38.25549,30.648565,1.0,38.49492770479599,38.35084533691406,39.0,40.0,40.0,40.0,0
Mbalmayo,BIO_FP_FH__L2A_20251215T050116_20251227T050144_T_G01_M01_C___T004_F004,2025-12-15,39,31,11.45608139038086,3.4165663719177246,19.206274032592773,1.0,8649,26.117000579833984,22.590263325239913,22.278427,36.980263,38.928413,41.383537,43.567566,35.70869,1.0,39.57234130499473,40.0,40.0,40.0,41.0,41.0,0
Mbalmayo,BIO_FP_FH__L2A_20251215T050116_20251227T050144_T_G01_M01_C___T004_F004,2025-12-15,39,32,11.456914901733398,3.4165663719177246,26.66167449951172,1.0,8649,0.24619999527931213,31.713550247861026,32.280098,40.28002,41.97277,43.549908,47.46638,38.77517,1.0,38.477758305047146,38.0,40.0,40.0,40.0,40.0,0
Mbalmayo,BIO_FP_FH__L2A_20251215T050116_20251227T050144_T_G01_M01_C___T004_F004,2025-12-15,39,33,11.457748413085938,3.4165663719177246,27.12347412109375,1.0,8649,0.6496000289916992,28.158472529338653,28.639109,35.89494,37.514797,40.481663,43.159695,35.178818,1.0,36.42264577658525,37.0,38.0,38.0,39.0,39.0,0
Mbalmayo,BIO_FP_FH__L2A_20251215T050116_20251227T050144_T_G01_M01_C___T004_F004,2025-12-15,39,34,11.458581924438477,3.4165663719177246,27.112211227416992,1.0,8649,1.1217999458312988,20.228037562145914,20.91092,33.91654,36.43508,38.80701,41.17888,32.75103,1.0,35.37063582534252,35.0,37.0,37.0,38.0,39.0,0
Mbalmayo,BIO_FP_FH__L2A_20251215T050116_20251227T050144_T_G01_M01_C___T004_F004,2025-12-15,39,35,11.459415435791016,3.4165663719177246,20.69521141052246,1.0,8649,1.94760000705719,12.602214670771188,8.772301,30.952564,35.034134,39.12392,41.91746,26.658945,1.0,37.27202248107437,37.0,38.0,39.0,39.0,39.0,0
Mbalmayo,BIO_FP_FH__L2A_20251215T050116_20251227T050144_T_G01_M01_C___T004_F004,2025-12-15,39,36,11.460248947143555,3.4165663719177246,15.271410942077637,1.0,8649,2.542799949645996,20.178774731905424,17.608484,39.67593,41.629124,43.31194,45.916126,36.96104,1.0,38.54681186056341,38.0,40.0,40.0,40.0,41.0,0
Mbalmayo,BIO_FP_FH__L2A_20251215T050116_20251227T050144_T_G01_M01_C___T004_F004,2025-12-15,39,37,11.461082458496094,3.4165663719177246,13.440410614013672,1.0,8649,2.3886001110076904,17.759582032604925,16.974497,31.161049,36.138885,41.466976,44.14215,28.876637,1.0,38.41275475923554,38.0,39.0,40.0,41.0,41.0,0
Mbalmayo,BIO_FP_FH__L2A_20251215T050116_20251227T050144_T_G01_M01_C___T004_F004,2025-12-15,39,38,11.461915969848633,3.4165663719177246,17.632610321044922,1.0,8649,1.1222000122070312,16.993726243640882,14.121109,32.607338,35.70786,40.18181,45.43396,29.775629,1.0,37.23100690856009,37.0,38.0,39.0,39.0,40.0,0
Mbalmayo,BIO_FP_FH__L2A_20251215T050116_20251227T050144_T_G01_M01_C___T004_F004,2025-12-15,39,39,11.462749481201172,3.4165663719177246,21.0764102935791,1.0,8649,0.0,23.928979325644583,24.784542,35.346077,37.989883,41.68564,45.523155,32.54347,1.0,37.38701818543151,37.0,38.0,38.0,38.0,38.0,0
Mbalmayo,BIO_FP_FH__L2A_20251215T050116_20251227T050144_T_G01_M01_C___T004_F004,2025-12-15,39,40,11.463582992553711,3.4165663719177246,16.908611297607422,1.0,8649,11.02400016784668,21.09040830226038,20.82663,36.612537,40.945496,43.629795,46.76704,32.70711,1.0,36.85394657949641,37.0,38.0,38.0,38.0,38.0,0
Mbalmayo,BIO_FP_FH__L2A_20251215T050116_20251227T050144_T_G01_M01_C___T004_F004,2025-12-15,39,41,11.46441650390625,3.4165663719177246,12.051410675048828,1.0,8649,24.75279998779297,23.852437781824488,22.778294,37.742012,42.131863,45.151295,46.475967,35.276283,1.0,34.71790773389739,35.0,36.0,37.0,37.0,37.0,0
Mbalmayo,BIO_FP_FH__L2A_20251215T050116_20251227T050144_T_G01_M01_C___T004_F004,2025-12-15,39,42,11.465250015258789,3.4165663719177246,7.445799827575684,1.0,8649,36.18280029296875,16.648636674037462,15.346923,26.773632,30.32697,36.933815,39.167366,23.232582,1.0,32.08671668642917,32.0,34.0,35.0,36.0,36.0,0
Mbalmayo,BIO_FP_FH__L2A_20251215T050116_20251227T050144_T_G01_M01_C___T004_F004,2025-12-15,39,43,11.466083526611328,3.4165663719177246,3.2486000061035156,1.0,8649,43.88059997558594,17.1539814031969,15.476539,29.40749,32.878426,38.51781,41.31005,25.795351,1.0,33.02084435070301,33.0,34.0,35.0,35.0,35.0,0
Mbalmayo,BIO_FP_FH__L2A_20251215T050116_20251227T050144_T_G01_M01_C___T004_F004,2025-12-15,39,44,11.466917037963867,3.4165663719177246,2.5817999839782715,1.0,8649,37.6161994934082,17.859926454647937,18.36605,27.129114,29.534964,33.202854,37.849426,25.162762,1.0,31.31892601764744,31.58344268798828,33.0,33.0,34.0,34.0,0
Mbalmayo,BIO_FP_FH__L2A_20251215T050116_20251227T050144_T_G01_M01_C___T004_F004,2025-12-15,39,45,11.467750549316406,3.4165663719177246,2.6487998962402344,1.0,8649,35.8317985534668,19.75945828274945,18.990831,29.77088,32.24465,35.679455,37.817146,26.824722,1.0,27.72599771331812,28.0,29.0,29.0,30.0,30.0,0
Mbalmayo,BIO_FP_FH__L2A_20251215T050116_20251227T050144_T_G01_M01_C___T004_F004,2025-12-15,39,46,11.468584060668945,3.4165663719177246,2.6333999633789062,1.0,8649,36.62919998168945,20.258430797635565,19.685093,28.589344,30.026121,36.594498,40.122257,27.159416,1.0,28.509343569258593,29.0,31.0,31.0,32.0,32.0,0
Mbalmayo,BIO_FP_FH__L2A_20251215T050116_20251227T050144_T_G01_M01_C___T004_F004,2025-12-15,39,47,11.469417572021484,3.4165663719177246,5.057799816131592,1.0,8649,13.030400276184082,16.86486335125448,16.08909,29.63636,33.0483,35.94865,40.2199,25.878977,1.0,32.53138572409713,33.0,34.0,35.0,35.0,36.0,0
Mbalmayo,BIO_FP_FH__L2A_20251215T050116_20251227T050144_T_G01_M01_C___T004_F004,2025-12-15,40,3,11.432743072509766,3.4157328605651855,14.31686019897461,1.0,8649,0.0,18.835238358480748,17.616556,31.01331,35.904453,39.72633,46.795635,28.956545,1.0,32.98242737938454,34.0,35.55803298950195,36.0,36.0,36.0,0
Mbalmayo,BIO_FP_FH__L2A_20251215T050116_20251227T050144_T_G01_M01_C___T004_F004,2025-12-15,40,4,11.433576583862305,3.4157328605651855,11.287460327148438,1.0,8649,4.50600004196167,17.278849072147068,16.816366,26.957346,29.04959,36.510616,38.709866,25.848076,1.0,32.44269215163364,32.0,34.0,35.0,36.0,36.0,0
Mbalmayo,BIO_FP_FH__L2A_20251215T050116_20251227T050144_T_G01_M01_C___T004_F004,2025-12-15,40,5,11.434410095214844,3.4157328605651855,6.612460136413574,1.0,8649,12.746600151062012,16.05281228321193,16.560062,26.094208,29.254734,39.1516,40.363804,25.185259,1.0,31.519276767262753,31.0,34.0,34.0,34.84770965576172,35.0,0
Mbalmayo,BIO_FP_FH__L2A_20251215T050116_20251227T050144_T_G01_M01_C___T004_F004,2025-12-15,40,6,11.435243606567383,3.4157328605651855,4.193459987640381,1.0,8649,19.57040023803711,8.553050750086715,8.44718,16.49201,18.286001,23.10865,27.510681,15.884376,1.0,27.882009041131557,28.0,30.0,30.0,32.0,32.0,0
Mbalmayo,BIO_FP_FH__L2A_20251215T050116_20251227T050144_T_G01_M01_C___T004_F004,2025-12-15,40,7,11.436077117919922,3.4157328605651855,7.38886022567749,1.0,8649,9.860600471496582,13.101135698491156,11.926966,26.243982,30.706537,34.16988,37.499233,22.701435,1.0,25.818732804267416,26.0,27.0,28.0,28.0,28.0,0
Mbalmayo,BIO_FP_FH__L2A_20251215T050116_20251227T050144_T_G01_M01_C___T004_F004,2025-12-15,40,8,11.436910629272461,3.4157328605651855,10.178059577941895,1.0,8649,3.380199909210205,9.572767624869927,8.4735365,17.956858,20.081272,28.436415,30.419264,16.691833,1.0,20.219809334020916,21.0,23.0,24.0,26.0,26.0,0
Mbalmayo,BIO_FP_FH__L2A_20251215T050116_20251227T050144_T_G01_M01_C___T004_F004,2025-12-15,40,9,11.437744140625,3.4157328605651855,7.168260097503662,1.0,8649,13.038800239562988,8.481058142559833,6.9560747,17.013264,21.759672,32.824543,42.616783,13.692591,1.0,23.002718552011522,24.0,26.0,26.0,26.549617767333984,27.0,0
Mbalmayo,BIO_FP_FH__L2A_20251215T050116_20251227T050144_T_G01_M01_C___T004_F004,2025-12-15,40,10,11.438577651977539,3.4157328605651855,6.316457748413086,1.0,8649,19.34480094909668,15.077142227425135,12.589661,31.888824,37.97816,41.58608,43.436146,25.860493,1.0,29.070190010463342,29.0,31.0,31.0,31.56947898864746,32.0,0
Mbalmayo,BIO_FP_FH__L2A_20251215T050116_20251227T050144_T_G01_M01_C___T004_F004,2025-12-15,40,11,11.439411163330078,3.4157328605651855,8.709457397460938,1.0,8649,15.69159984588623,12.084300750086715,10.128296,22.507603,32.91739,37.80687,40.752453,19.313932,1.0,31.732835914540367,32.0,33.0,34.0,34.0,34.0,0
Mbalmayo,BIO_FP_FH__L2A_20251215T050116_20251227T050144_T_G01_M01_C___T004_F004,2025-12-15,40,12,11.440244674682617,3.4157328605651855,12.467857360839844,1.0,8649,3.958199977874756,10.063588456758007,9.616283,16.745716,18.757141,25.89491,31.155369,15.356414,1.0,33.400997321086614,34.0,35.0,35.0,35.0,35.0,0
Mbalmayo,BIO_FP_FH__L2A_20251215T050116_20251227T050144_T_G01_M01_C___T004_F004,2025-12-15,40,13,11.441078186035156,3.4157328605651855,12.591657638549805,1.0,8649,2.0097999572753906,10.330042671118049,7.4150195,28.030863,31.165401,37.168613,38.687794,21.384634,1.0,30.72259570640117,31.0,34.0,34.0,35.0,35.0,0
Mbalmayo,BIO_FP_FH__L2A_20251215T050116_20251227T050144_T_G01_M01_C___T004_F004,2025-12-15,40,14,11.441911697387695,3.4157328605651855,14.963457107543945,1.0,8649,0.3736000061035156,12.862475972655798,9.929281,28.783615,30.106867,32.016365,33.963436,25.563122,1.0,25.10647415670994,25.0,29.0,29.0,29.6689453125,30.0,0
Mbalmayo,BIO_FP_FH__L2A_20251215T050116_20251227T050144_T_G01_M01_C___T004_F004,2025-12-15,40,15,11.442745208740234,3.4157328605651855,16.55205726623535,1.0,8649,0.0,9.06645412403168,4.6029453,22.396648,28.207659,34.684307,36.857544,17.457489,1.0,24.198149522862305,24.0,27.0,27.0,28.0,28.0,0
Mbalmayo,BIO_FP_FH__L2A_20251215T050116_20251227T050144_T_G01_M01_C___T004_F004,2025-12-15,40,16,11.443578720092773,3.4157328605651855,11.301857948303223,1.0,8649,35.662601470947266,13.90556395609319,13.617186,22.959291,25.780396,32.294044,38.339222,20.177181,1.0,28.701338288466744,28.0,31.0,32.0,33.0,33.0,0
Mbalmayo,BIO_FP_FH__L2A_20251215T050116_20251227T050144_T_G01_M01_C___T004_F004,2025-12-15,40,17,11.444412231445312,3.4157328605651855,5.680657386779785,1.0,8649,73.40699768066406,16.866415644149612,16.244534,27.239677,30.255972,36.664906,38.799953,24.547974,1.0,32.51276733304933,33.0,34.0,35.0,35.0,35.0,0
Mbalmayo,BIO_FP_FH__L2A_20251215T050116_20251227T050144_T_G01_M01_C___T004_F004,2025-12-15,40,18,11.445245742797852,3.4157328605651855,1.8350952863693237,1.0,8649,93.7791976928711,16.854465201901952,13.810224,32.017445,34.27584,38.65607,42.054707,28.106775,1.0,34.14145912993421,34.0,35.0,35.0,35.0,35.0,0
Mbalmayo,BIO_FP_FH__L2A_20251215T050116_20251227T050144_T_G01_M01_C___T004_F004,2025-12-15,40,19,11.44607925415039,3.4157328605651855,2.1240954399108887,1.0,8649,78.25460052490234,22.879861472424558,25.71124,36.197193,38.648296,41.046253,42.884705,33.583656,1.0,34.53882080370987,35.0,36.0,36.0,36.0,36.0,0
Mbalmayo,BIO_FP_FH__L2A_20251215T050116_20251227T050144_T_G01_M01_C___T004_F004,2025-12-15,40,20,11.44691276550293,3.4157328605651855,2.301495313644409,1.0,8649,70.0248031616211,25.607767606804256,27.698101,33.406017,34.600403,35.87518,37.562065,30.85607,1.0,34.75778355743447,35.0,36.0,36.0,36.0,36.0,0
Mbalmayo,BIO_FP_FH__L2A_20251215T050116_20251227T050144_T_G01_M01_C___T004_F004,2025-12-15,40,21,11.447746276855469,3.4157328605651855,2.808295249938965,1.0,8649,47.96120071411133,23.92757697782981,26.76363,33.06337,34.116283,36.517853,39.59303,30.67143,1.0,34.97244816794535,35.0,36.0,36.0,36.0,37.0,0
Mbalmayo,BIO_FP_FH__L2A_20251215T050116_20251227T050144_T_G01_M01_C___T004_F004,2025-12-15,40,22,11.448579788208008,3.4157328605651855,5.729495525360107,1.0,8649,15.026599884033203,24.0743275956758,27.351112,35.46399,36.91259,40.72684,44.112415,32.588512,1.0,36.39618117912117,36.0,38.0,38.0,39.0,39.0,0
Mbalmayo,BIO_FP_FH__L2A_20251215T050116_20251227T050144_T_G01_M01_C___T004_F004,2025-12-15,40,23,11.449413299560547,3.4157328605651855,5.898495197296143,1.0,8649,11.986000061035156,21.044940166493237,23.333166,34.847767,36.161026,37.890324,39.882706,30.515331,1.0,33.76102846511486,34.0,36.0,36.0,37.0,37.0,0
Mbalmayo,BIO_FP_FH__L2A_20251215T050116_20251227T050144_T_G01_M01_C___T004_F004,2025-12-15,40,24,11.450246810913086,3.4157328605651855,7.32489538192749,1.0,8649,7.033599853515625,5.393368272343624,1.8887028,19.181421,23.322535,28.51893,31.061926,11.972551,1.0,28.83025444062518,29.0,30.0,30.0,31.0,31.0,0
Mbalmayo,BIO_FP_FH__L2A_20251215T050116_20251227T050144_T_G01_M01_C___T004_F004,2025-12-15,40,25,11.451080322265625,3.4157328605651855,7.032295227050781,1.0,8649,6.61460018157959,14.33432333217713,9.146929,31.5526,33.376873,37.2757,39.62737,30.349941,1.0,32.72678513559445,33.0,35.0,37.0,37.0,37.0,0
Mbalmayo,BIO_FP_FH__L2A_20251215T050116_20251227T050144_T_G01_M01_C___T004_F004,2025-12-15,40,26,11.451913833618164,3.4157328605651855,4.960474014282227,1.0,8649,11.624199867248535,25.524541764221297,27.374588,40.354507,41.78035,44.248276,45.853104,39.824192,1.0,33.923133256215145,34.0,36.0,36.0,37.0,37.0,0
Mbalmayo,BIO_FP_FH__L2A_20251215T050116_20251227T050144_T_G01_M01_C___T004_F004,2025-12-15,40,27,11.452747344970703,3.4157328605651855,3.7164738178253174,0.9950553407998757,8617,13.392200469970703,12.785312517472843,10.719672,29.891216,33.996105,37.778072,40.38311,27.654734,1.0,28.334246507861433,28.0,32.0,33.0,33.41073226928711,34.0,0
Mbalmayo,BIO_FP_FH__L2A_20251215T050116_20251227T050144_T_G01_M01_C___T004_F004,2025-12-15,40,30,11.45524787902832,3.4157328605651855,7.653273582458496,1.0,8649,67.69139862060547,21.35857785220835,22.907404,30.587702,32.1686,35.945164,37.705345,29.88753,1.0,37.634681709158116,38.0,39.0,39.0,39.0,39.0,0
Mbalmayo,BIO_FP_FH__L2A_20251215T050116_20251227T050144_T_G01_M01_C___T004_F004,2025-12-15,40,31,11.45608139038086,3.4157328605651855,16.80347442626953,1.0,8649,38.53499984741211,21.58504189429414,23.437365,35.310528,37.36361,40.54556,44.254898,33.044453,1.0,39.78115152267931,40.0,41.44196701049805,42.0,42.0,42.0,0
Mbalmayo,BIO_FP_FH__L2A_20251215T050116_20251227T050144_T_G01_M01_C___T004_F004,2025-12-15,40,32,11.456914901733398,3.4157328605651855,27.785673141479492,1.0,8649,0.17479999363422394,26.211496632558678,26.942497,35.92501,37.49333,40.625042,42.963478,34.729702,1.0,39.44060482131441,39.0,40.0,41.0,41.0,41.0,0
Mbalmayo,BIO_FP_FH__L2A_20251215T050116_20251227T050144_T_G01_M01_C___T004_F004,2025-12-15,40,33,11.457748413085938,3.4157328605651855,27.82387351989746,1.0,8649,0.5709999799728394,29.572946475026015,30.59336,37.294155,38.338142,39.88646,41.76611,36.500324,1.0,38.52758135460942,39.0,39.0,39.0,40.0,40.0,0
Mbalmayo,BIO_FP_FH__L2A_20251215T050116_20251227T050144_T_G01_M01_C___T004_F004,2025-12-15,40,34,11.458581924438477,3.4157328605651855,26.489410400390625,1.0,8649,1.6480000019073486,32.149516020638224,33.200172,38.272804,39.377743,41.066692,42.603157,37.644943,1.0,37.57247091869575,38.0,39.0,39.0,39.0,39.0,0
Mbalmayo,BIO_FP_FH__L2A_20251215T050116_20251227T050144_T_G01_M01_C___T004_F004,2025-12-15,40,35,11.459415435791016,3.4157328605651855,18.149211883544922,1.0,8649,4.539000034332275,14.679675757312983,14.838949,25.059637,27.839035,31.163918,34.355587,23.493097,1.0,35.86992158249136,36.0,37.0,37.55803298950195,38.0,38.0,0
Mbalmayo,BIO_FP_FH__L2A_20251215T050116_20251227T050144_T_G01_M01_C___T004_F004,2025-12-15,40,36,11.460248947143555,3.4157328605651855,10.205611228942871,1.0,8649,6.704999923706055,22.593245516100126,23.508726,35.174004,38.24633,42.57391,44.427895,34.191742,1.0,36.73388507449154,37.0,38.0,38.0,38.0,38.0,0
Mbalmayo,BIO_FP_FH__L2A_20251215T050116_20251227T050144_T_G01_M01_C___T004_F004,2025-12-15,40,37,11.461082458496094,3.4157328605651855,10.14901065826416,1.0,8649,3.6354000568389893,15.827337336686321,12.558288,33.995296,36.748924,39.97268,42.455406,29.758892,1.0,37.162658243292896,38.0,38.44196701049805,39.0,39.0,39.0,0
Mbalmayo,BIO_FP_FH__L2A_20251215T050116_20251227T050144_T_G01_M01_C___T004_F004,2025-12-15,40,38,11.461915969848633,3.4157328605651855,14.214011192321777,1.0,8649,2.4316000938415527,20.088734066077002,20.535267,33.717754,37.276592,40.92881,42.93382,30.11255,1.0,35.69329093759329,35.38429641723633,37.0,38.0,38.0,38.0,0
Mbalmayo,BIO_FP_FH__L2A_20251215T050116_20251227T050144_T_G01_M01_C___T004_F004,2025-12-15,40,39,11.462749481201172,3.4157328605651855,22.144210815429688,1.0,8649,0.0,16.61452642646549,13.909067,34.221657,37.140816,40.37528,42.151226,28.333593,1.0,35.83386223147213,36.0,37.0,37.0,38.0,38.0,0
Mbalmayo,BIO_FP_FH__L2A_20251215T050116_20251227T050144_T_G01_M01_C___T004_F004,2025-12-15,40,40,11.463582992553711,3.4157328605651855,20.787010192871094,1.0,8649,0.0,20.88526491501908,19.489403,34.01704,36.262043,39.744133,42.411674,31.406996,1.0,37.3409309762105,37.0,38.0,39.0,39.0,39.0,0
Mbalmayo,BIO_FP_FH__L2A_20251215T050116_20251227T050144_T_G01_M01_C___T004_F004,2025-12-15,40,41,11.46441650390625,3.4157328605651855,19.429611206054688,1.0,8649,0.0,21.540933200369984,20.569252,32.23211,34.26441,37.605396,39.221516,30.077814,1.0,36.397475486629226,36.0,37.0,38.0,38.0,38.0,0
Mbalmayo,BIO_FP_FH__L2A_20251215T050116_20251227T050144_T_G01_M01_C___T004_F004,2025-12-15,40,42,11.465250015258789,3.4157328605651855,15.811800003051758,1.0,8649,7.632599830627441,22.96838597670251,23.956722,36.80789,38.92479,40.804382,43.006233,31.701561,1.0,35.365292239401406,35.0,36.24991226196289,37.0,37.0028207397461,38.0,0
Mbalmayo,BIO_FP_FH__L2A_20251215T050116_20251227T050144_T_G01_M01_C___T004_F004,2025-12-15,40,43,11.466083526611328,3.4157328605651855,10.799599647521973,1.0,8649,17.29640007019043,22.630538031853394,22.098297,34.41135,36.70733,42.269726,43.968716,32.15734,1.0,34.54267020594359,35.0,36.0,37.0,37.0,37.0,0
Mbalmayo,BIO_FP_FH__L2A_20251215T050116_20251227T050144_T_G01_M01_C___T004_F004,2025-12-15,40,44,11.466917037963867,3.4157328605651855,5.137400150299072,1.0,8649,28.527599334716797,19.60035300323737,18.859486,30.49664,34.19781,37.1062,38.992065,26.446648,1.0,30.0022529494433,30.0,32.0,32.0,32.0,32.0,0
Mbalmayo,BIO_FP_FH__L2A_20251215T050116_20251227T050144_T_G01_M01_C___T004_F004,2025-12-15,40,45,11.467750549316406,3.4157328605651855,2.8094000816345215,1.0,8649,31.90180015563965,19.588672642791074,19.054998,26.999777,29.053654,31.250118,33.800198,25.033371,1.0,26.668546682810533,27.0,28.0,29.0,29.0,29.0,0
Mbalmayo,BIO_FP_FH__L2A_20251215T050116_20251227T050144_T_G01_M01_C___T004_F004,2025-12-15,40,46,11.468584060668945,3.4157328605651855,2.984600067138672,1.0,8649,29.62420082092285,16.083307138108452,16.126482,23.249434,25.454979,28.038084,33.51,20.247568,1.0,25.159216370606288,25.0,27.0,27.0,28.0,28.0,0
Mbalmayo,BIO_FP_FH__L2A_20251215T050116_20251227T050144_T_G01_M01_C___T004_F004,2025-12-15,40,47,11.469417572021484,3.4157328605651855,2.1774001121520996,1.0,8649,64.37000274658203,17.2378079293849,17.124758,23.153652,25.774946,28.96731,30.713655,21.377823,1.0,28.211901746219066,28.0,31.0,32.0,33.0,33.0,0
Mbalmayo,BIO_FP_FH__L2A_20251215T050116_20251227T050144_T_G01_M01_C___T004_F004,2025-12-15,41,2,11.431909561157227,3.4148993492126465,16.61613655090332,0.9108380597648572,7975,0.0,11.364038990658935,11.181903,20.718466,23.18748,28.666075,35.54029,19.471024,1.0,26.20825755895252,26.0,29.0,30.0,31.0,31.0,0
Mbalmayo,BIO_FP_FH__L2A_20251215T050116_20251227T050144_T_G01_M01_C___T004_F004,2025-12-15,41,3,11.432743072509766,3.4148993492126465,15.498536109924316,1.0,8649,0.0,11.524283876748758,11.23719,17.634928,19.546873,24.593046,35.617596,16.916388,1.0,25.193225199231552,25.0,28.0,28.781476974487305,29.0,29.0,0
Mbalmayo,BIO_FP_FH__L2A_20251215T050116_20251227T050144_T_G01_M01_C___T004_F004,2025-12-15,41,4,11.433576583862305,3.4148993492126465,14.061936378479004,1.0,8649,4.622600078582764,14.456539412070759,13.867563,22.78689,25.289368,28.063984,29.536884,21.463173,1.0,27.92103941943111,28.0,30.062134933471665,31.0,31.0,31.0,0
Mbalmayo,BIO_FP_FH__L2A_20251215T050116_20251227T050144_T_G01_M01_C___T004_F004,2025-12-15,41,5,11.434410095214844,3.4148993492126465,9.54693603515625,1.0,8649,21.978200912475586,16.018772491762054,15.533875,24.019154,25.735981,27.41695,29.921429,23.156336,1.0,27.86765699886093,28.0,30.0,30.240156173706055,31.0,31.0,0
Mbalmayo,BIO_FP_FH__L2A_20251215T050116_20251227T050144_T_G01_M01_C___T004_F004,2025-12-15,41,6,11.435243606567383,3.4148993492126465,2.1005361080169678,1.0,8649,64.7333984375,13.483620306538327,14.025879,20.643225,23.090353,26.539097,28.877075,19.283329,1.0,24.926083809875426,25.0,26.0,27.0,27.827848434448242,28.0,0
Mbalmayo,BIO_FP_FH__L2A_20251215T050116_20251227T050144_T_G01_M01_C___T004_F004,2025-12-15,41,7,11.436077117919922,3.4148993492126465,7.424335956573486,1.0,8649,34.23419952392578,12.337344815874667,11.2433405,25.015032,28.676355,31.414629,36.2109,19.796898,1.0,25.51123399301159,26.0,27.0,27.0,28.0,28.0,0
Mbalmayo,BIO_FP_FH__L2A_20251215T050116_20251227T050144_T_G01_M01_C___T004_F004,2025-12-15,41,8,11.436910629272461,3.4148993492126465,13.458736419677734,1.0,8649,1.9559999704360962,16.11379205688519,15.430644,26.829735,29.222109,34.236748,36.29845,24.962042,1.0,25.640467819168,26.0,27.0,28.0,28.0,28.0,0
Mbalmayo,BIO_FP_FH__L2A_20251215T050116_20251227T050144_T_G01_M01_C___T004_F004,2025-12-15,41,9,11.437744140625,3.4148993492126465,10.976336479187012,1.0,8649,10.147000312805176,10.102575080934212,8.941153,20.085226,22.631285,27.934063,32.66466,15.138286,1.0,25.458098952626063,25.0,27.0,28.0,29.0,29.0,0
Mbalmayo,BIO_FP_FH__L2A_20251215T050116_20251227T050144_T_G01_M01_C___T004_F004,2025-12-15,41,10,11.438577651977539,3.4148993492126465,6.804636478424072,1.0,8649,21.696199417114258,11.527010889987281,8.536594,24.586063,38.70822,44.7993,47.802822,19.109697,1.0,29.561410514918872,30.0,31.0,31.0,32.0,32.0,0
Mbalmayo,BIO_FP_FH__L2A_20251215T050116_20251227T050144_T_G01_M01_C___T004_F004,2025-12-15,41,11,11.439411163330078,3.4148993492126465,3.884636402130127,1.0,8649,29.621200561523438,15.2028856298416,13.166698,30.153847,36.185036,40.530495,42.921688,25.21138,1.0,31.430393308087545,31.0,34.0,34.86580276489258,35.0,35.0,0
Mbalmayo,BIO_FP_FH__L2A_20251215T050116_20251227T050144_T_G01_M01_C___T004_F004,2025-12-15,41,12,11.440244674682617,3.4148993492126465,9.988036155700684,1.0,8649,15.097599983215332,20.905826359983813,19.684746,35.863716,37.63118,39.891037,42.766666,33.22277,1.0,34.98768314922155,35.0,36.0,36.0,37.0,37.0,0
Mbalmayo,BIO_FP_FH__L2A_20251215T050116_20251227T050144_T_G01_M01_C___T004_F004,2025-12-15,41,13,11.441078186035156,3.4148993492126465,15.396636009216309,1.0,8649,0.0,11.088344750838248,4.9000134,31.794859,33.99492,39.6186,42.694298,25.756916,1.0,30.72905368167605,32.0,35.0,35.0,36.0,37.0,0
Mbalmayo,BIO_FP_FH__L2A_20251215T050116_20251227T050144_T_G01_M01_C___T004_F004,2025-12-15,41,14,11.441911697387695,3.4148993492126465,15.045036315917969,1.0,8649,0.0,2.4098703607353453,0.10345461,10.360825,14.144053,27.362862,34.862446,5.4387946,1.0,21.202032444945427,21.0,24.0,26.0,26.0,28.0,0
Mbalmayo,BIO_FP_FH__L2A_20251215T050116_20251227T050144_T_G01_M01_C___T004_F004,2025-12-15,41,15,11.442745208740234,3.4148993492126465,16.36763572692871,1.0,8649,0.0,7.065814147589316,2.9603703,19.613644,21.62796,24.86395,30.91313,12.923751,1.0,25.14568199010402,26.0,27.375732421875,28.0,28.149599227905288,29.0,0
Mbalmayo,BIO_FP_FH__L2A_20251215T050116_20251227T050144_T_G01_M01_C___T004_F004,2025-12-15,41,16,11.443578720092773,3.4148993492126465,12.204036712646484,1.0,8649,29.68120002746582,16.660125086715226,18.475426,27.068699,31.572775,34.89564,37.90913,22.015484,1.0,29.927370940733404,30.0,32.0,32.0,33.0,33.0,0
Mbalmayo,BIO_FP_FH__L2A_20251215T050116_20251227T050144_T_G01_M01_C___T004_F004,2025-12-15,41,17,11.444412231445312,3.4148993492126465,6.743436336517334,1.0,8649,66.33580017089844,12.425253732367905,13.375185,23.137482,25.66744,30.246384,32.54234,20.478373,1.0,31.113492250304674,31.0,34.0,34.0,35.0,35.0,0
Mbalmayo,BIO_FP_FH__L2A_20251215T050116_20251227T050144_T_G01_M01_C___T004_F004,2025-12-15,41,18,11.445245742797852,3.4148993492126465,1.7655518054962158,1.0,8649,98.01699829101562,2.91460763166262,2.2439456,5.205095,9.543203,16.710037,33.246593,3.9327922,1.0,27.14511248103069,26.0,32.0,33.48031234741211,35.0,35.0,0
Mbalmayo,BIO_FP_FH__L2A_20251215T050116_20251227T050144_T_G01_M01_C___T004_F004,2025-12-15,41,19,11.44607925415039,3.4148993492126465,2.156751871109009,1.0,8649,76.90799713134766,8.572079774395885,2.9330087,31.44596,35.578156,38.33183,40.14289,24.994684,1.0,27.623495877526484,28.0,32.0,33.0,34.0,34.0,0
Mbalmayo,BIO_FP_FH__L2A_20251215T050116_20251227T050144_T_G01_M01_C___T004_F004,2025-12-15,41,20,11.44691276550293,3.4148993492126465,2.6627516746520996,1.0,8649,52.293800354003906,24.4403182448838,27.805155,34.030426,35.21086,37.602894,41.30025,32.635124,1.0,31.639453580302575,32.0,34.0,34.0,34.0,35.0,0
Mbalmayo,BIO_FP_FH__L2A_20251215T050116_20251227T050144_T_G01_M01_C___T004_F004,2025-12-15,41,21,11.447746276855469,3.4148993492126465,3.1959517002105713,1.0,8649,31.236000061035156,21.12408994175627,23.46313,32.804134,34.40516,39.4169,41.311142,28.875948,1.0,33.92288210168989,34.0,35.0,35.0,36.0,36.0,0
Mbalmayo,BIO_FP_FH__L2A_20251215T050116_20251227T050144_T_G01_M01_C___T004_F004,2025-12-15,41,22,11.448579788208008,3.4148993492126465,3.376551866531372,1.0,8649,21.32539939880371,28.60635170973523,31.1062,37.54651,38.672493,40.15572,41.427334,35.45851,1.0,35.02324808786502,35.0,36.0,36.0,36.0,36.0,0
Mbalmayo,BIO_FP_FH__L2A_20251215T050116_20251227T050144_T_G01_M01_C___T004_F004,2025-12-15,41,23,11.449413299560547,3.4148993492126465,4.649951934814453,1.0,8649,20.368799209594727,21.142581512313562,24.708622,31.81175,33.120735,35.71916,38.26685,29.30655,1.0,34.91995605819831,35.0,36.0,36.0,36.0,36.0,0
Mbalmayo,BIO_FP_FH__L2A_20251215T050116_20251227T050144_T_G01_M01_C___T004_F004,2025-12-15,41,24,11.450246810913086,3.4148993492126465,5.780751705169678,1.0,8649,15.097599983215332,17.908155025147416,19.172142,29.805397,31.279474,34.48172,36.863102,26.130838,1.0,30.738539844927093,31.0,33.0,34.0,34.0,34.0,0
Mbalmayo,BIO_FP_FH__L2A_20251215T050116_20251227T050144_T_G01_M01_C___T004_F004,2025-12-15,41,25,11.451080322265625,3.4148993492126465,5.532151699066162,1.0,8649,10.44159984588623,15.599952848595214,15.314719,26.7549,29.573753,32.401783,34.678555,24.65097,1.0,29.18933043919322,29.0,30.0,31.0,32.0,32.0,0
Mbalmayo,BIO_FP_FH__L2A_20251215T050116_20251227T050144_T_G01_M01_C___T004_F004,2025-12-15,41,26,11.451913833618164,3.4148993492126465,4.126455783843994,1.0,8649,12.842000007629395,20.26802908934559,20.403961,33.022476,34.39568,36.99638,40.102177,32.12404,1.0,31.258563152943502,31.0,32.0,32.0,33.0,33.0,0
Mbalmayo,BIO_FP_FH__L2A_20251215T050116_20251227T050144_T_G01_M01_C___T004_F004,2025-12-15,41,27,11.452747344970703,3.4148993492126465,4.236255645751953,1.0,8649,9.30780029296875,15.195501737917679,16.181227,35.43321,37.149624,39.551746,41.337303,34.463585,1.0,25.33446430815398,24.375732421875,31.0,31.0,31.0,31.0,0
Mbalmayo,BIO_FP_FH__L2A_20251215T050116_20251227T050144_T_G01_M01_C___T004_F004,2025-12-15,41,30,11.45524787902832,3.4148993492126465,5.177455425262451,0.9924386975282548,8587,75.14199829101562,24.25349000886985,25.934507,31.42629,32.84693,34.93505,36.37888,30.989191,1.0,36.64705629422632,37.0,38.0,38.0,39.0,39.0,0
Mbalmayo,BIO_FP_FH__L2A_20251215T050116_20251227T050144_T_G01_M01_C___T004_F004,2025-12-15,41,31,11.45608139038086,3.4148993492126465,13.266255378723145,1.0,8649,52.75320053100586,21.95396234391259,23.063478,29.741398,31.6631,36.716988,40.1349,29.296986,1.0,38.81580128461891,39.0,40.0,40.0,41.0,41.0,0
Mbalmayo,BIO_FP_FH__L2A_20251215T050116_20251227T050144_T_G01_M01_C___T004_F004,2025-12-15,41,32,11.456914901733398,3.4148993492126465,28.047056198120117,1.0,8649,0.08919999748468399,25.830368756503642,27.034416,36.483803,37.85169,40.819977,42.93468,35.7389,1.0,39.43452224440348,39.0,40.0,41.0,41.0,41.0,0
Mbalmayo,BIO_FP_FH__L2A_20251215T050116_20251227T050144_T_G01_M01_C___T004_F004,2025-12-15,41,33,11.457748413085938,3.4148993492126465,27.84645652770996,1.0,8649,0.4814000129699707,30.6602867744826,32.12759,38.066185,39.171745,40.88941,42.974636,36.98846,1.0,39.012978923708076,39.0,40.0,40.0,40.0,40.0,0
Mbalmayo,BIO_FP_FH__L2A_20251215T050116_20251227T050144_T_G01_M01_C___T004_F004,2025-12-15,41,34,11.458581924438477,3.4148993492126465,18.24443817138672,1.0,8649,6.5065999031066895,28.48488038718349,29.285582,35.88914,37.184258,39.07264,41.043736,35.017944,1.0,37.03476184761611,37.0,38.0,38.0,39.0,39.0,0
Mbalmayo,BIO_FP_FH__L2A_20251215T050116_20251227T050144_T_G01_M01_C___T004_F004,2025-12-15,41,35,11.459415435791016,3.4148993492126465,8.835638046264648,1.0,8649,11.349200248718262,17.260922957133772,18.668398,27.469559,30.749273,32.978527,34.76081,25.84485,1.0,32.34801559699645,33.0,34.0,34.0,35.0,35.0,0
Mbalmayo,BIO_FP_FH__L2A_20251215T050116_20251227T050144_T_G01_M01_C___T004_F004,2025-12-15,41,36,11.460248947143555,3.4148993492126465,6.283438205718994,1.0,8649,9.604599952697754,10.404004436929124,7.529382,24.947573,30.494566,36.229774,41.6942,20.424734,1.0,33.881621024583524,34.24015808105469,36.0,36.0,37.0,37.0,0
Mbalmayo,BIO_FP_FH__L2A_20251215T050116_20251227T050144_T_G01_M01_C___T004_F004,2025-12-15,41,37,11.461082458496094,3.4148993492126465,6.940438270568848,1.0,8649,5.532199859619141,17.75056455226038,16.071299,30.705029,35.215546,44.170494,46.765427,28.294731,1.0,34.74904180485495,35.0,36.0,36.0,37.0,37.0,0
Mbalmayo,BIO_FP_FH__L2A_20251215T050116_20251227T050144_T_G01_M01_C___T004_F004,2025-12-15,41,38,11.461915969848633,3.4148993492126465,13.319437980651855,1.0,8649,2.9245998859405518,21.386784238062205,21.518652,37.776028,39.221184,42.335846,44.653156,32.735104,1.0,34.78782873410602,35.0,37.0,37.0,37.0,37.0,0
Mbalmayo,BIO_FP_FH__L2A_20251215T050116_20251227T050144_T_G01_M01_C___T004_F004,2025-12-15,41,39,11.462749481201172,3.4148993492126465,21.08323860168457,1.0,8649,0.4339999854564667,19.068776917851775,17.861118,31.475933,33.761566,36.908813,41.441425,26.674654,1.0,35.79089896027539,36.0,37.0,37.0,37.624267578125,38.0,0
Mbalmayo,BIO_FP_FH__L2A_20251215T050116_20251227T050144_T_G01_M01_C___T004_F004,2025-12-15,41,40,11.463582992553711,3.4148993492126465,20.9924373626709,1.0,8649,0.0,19.835970469852008,17.308805,36.313374,39.148087,41.624123,43.30169,33.15123,1.0,36.409459355222324,36.0,38.0,38.0,38.0,38.0,0
Mbalmayo,BIO_FP_FH__L2A_20251215T050116_20251227T050144_T_G01_M01_C___T004_F004,2025-12-15,41,41,11.46441650390625,3.4148993492126465,19.350038528442383,1.0,8649,0.0,23.286694541999076,20.770147,35.830254,39.253094,42.441975,44.292183,33.8714,1.0,36.35574376016618,36.67529296875,37.0,38.0,38.0,38.0,0
Mbalmayo,BIO_FP_FH__L2A_20251215T050116_20251227T050144_T_G01_M01_C___T004_F004,2025-12-15,41,42,11.465250015258789,3.4148993492126465,18.662200927734375,1.0,8649,1.2345999479293823,20.259857985749797,19.860346,29.670986,31.10212,32.66819,35.35363,27.098272,1.0,35.11617116523431,35.0,36.0,36.0,36.0,36.0,0
Mbalmayo,BIO_FP_FH__L2A_20251215T050116_20251227T050144_T_G01_M01_C___T004_F004,2025-12-15,41,43,11.466083526611328,3.4148993492126465,12.57699966430664,1.0,8649,7.6855998039245605,20.60010008382472,21.307404,29.416323,31.23714,35.512165,37.730427,27.059258,1.0,34.41847817637849,34.118228912353516,35.0,35.3110466003418,36.0,36.0,0
Mbalmayo,BIO_FP_FH__L2A_20251215T050116_20251227T050144_T_G01_M01_C___T004_F004,2025-12-15,41,44,11.466917037963867,3.4148993492126465,6.692399978637695,1.0,8649,16.40519905090332,19.703230232541333,19.775938,28.563532,31.71753,34.065308,35.64779,26.86692,1.0,30.82871376603914,30.593875885009766,33.0,33.0,34.0,34.0,0
Mbalmayo,BIO_FP_FH__L2A_20251215T050116_20251227T050144_T_G01_M01_C___T004_F004,2025-12-15,41,45,11.467750549316406,3.4148993492126465,3.220400094985962,1.0,8649,22.47559928894043,17.457488763151808,18.170128,24.17876,26.058117,28.585606,31.397898,22.887411,1.0,27.81871415331317,28.0,30.0,31.0,31.0,31.0,0
Mbalmayo,BIO_FP_FH__L2A_20251215T050116_20251227T050144_T_G01_M01_C___T004_F004,2025-12-15,41,46,11.468584060668945,3.4148993492126465,3.4577999114990234,1.0,8649,19.80419921875,17.90972312550584,17.189112,25.641518,27.66587,33.32414,35.89299,24.41757,1.0,27.237431215790604,27.84438133239746,29.375732421875,30.86805381774905,32.0,32.0,0
Mbalmayo,BIO_FP_FH__L2A_20251215T050116_20251227T050144_T_G01_M01_C___T004_F004,2025-12-15,41,47,11.469417572021484,3.4148993492126465,3.6953999996185303,1.0,8649,17.132999420166016,16.554872673141404,16.193192,22.695702,25.993757,30.758068,33.3287,20.108494,1.0,27.23181208181497,27.0,29.0,29.0,30.0,31.0,0
Mbalmayo,BIO_FP_FH__L2A_20251215T050116_20251227T050144_T_G01_M01_C___T004_F004,2025-12-15,42,3,11.432743072509766,3.4140658378601074,18.519136428833008,1.0,8649,0.0,12.728512689328246,11.943654,19.714193,22.60846,31.447756,33.895397,17.885036,1.0,23.675649708661748,24.0,27.0,27.0,28.0,28.0,0
Mbalmayo,BIO_FP_FH__L2A_20251215T050116_20251227T050144_T_G01_M01_C___T004_F004,2025-12-15,42,4,11.433576583862305,3.4140658378601074,17.505935668945312,1.0,8649,9.438599586486816,17.238540944039773,17.638844,24.280334,25.33561,27.559021,31.236547,23.094568,1.0,27.288694640393476,27.0,31.0,32.0,32.0,32.0,0
Mbalmayo,BIO_FP_FH__L2A_20251215T050116_20251227T050144_T_G01_M01_C___T004_F004,2025-12-15,42,5,11.434410095214844,3.4140658378601074,10.219136238098145,1.0,8649,51.117801666259766,15.843998402994567,15.968637,22.53858,24.057434,26.451372,29.261284,21.13691,1.0,28.543098776088808,28.0,31.0,31.0,32.0,32.0,0
Mbalmayo,BIO_FP_FH__L2A_20251215T050116_20251227T050144_T_G01_M01_C___T004_F004,2025-12-15,42,6,11.435243606567383,3.4140658378601074,5.220736026763916,1.0,8649,77.37239837646484,14.673695116487455,14.54747,23.145985,24.78982,29.409895,31.60005,21.71455,1.0,27.482432259674194,27.0,30.0,31.0,31.0,31.0,0
Mbalmayo,BIO_FP_FH__L2A_20251215T050116_20251227T050144_T_G01_M01_C___T004_F004,2025-12-15,42,7,11.436077117919922,3.4140658378601074,3.337536096572876,1.0,8649,70.42420196533203,12.087653738871547,11.16103,21.336191,26.786057,31.147509,34.39153,16.87609,1.0,26.072619932926465,26.0,28.0,28.0,28.0,28.0,0
Mbalmayo,BIO_FP_FH__L2A_20251215T050116_20251227T050144_T_G01_M01_C___T004_F004,2025-12-15,42,8,11.436910629272461,3.4140658378601074,10.290535926818848,1.0,8649,20.690399169921875,13.791474718898138,11.736482,25.111563,28.95039,38.064545,41.461727,21.867046,1.0,26.570570570731498,27.0,28.0,28.0,28.0,28.0,0
Mbalmayo,BIO_FP_FH__L2A_20251215T050116_20251227T050144_T_G01_M01_C___T004_F004,2025-12-15,42,9,11.437744140625,3.4140658378601074,11.303135871887207,1.0,8649,4.389800071716309,12.96445849953752,9.245541,27.914219,36.32762,42.097534,44.3907,23.61378,1.0,27.075417996390126,27.0,30.0,31.0,31.0,31.0,0
Mbalmayo,BIO_FP_FH__L2A_20251215T050116_20251227T050144_T_G01_M01_C___T004_F004,2025-12-15,42,10,11.438577651977539,3.4140658378601074,7.943636417388916,1.0,8649,11.303799629211426,13.49611768701584,11.685616,26.527426,32.949993,38.31276,42.141514,23.267345,1.0,29.931529506339768,30.0,31.0,32.0,32.0,32.0,0
Mbalmayo,BIO_FP_FH__L2A_20251215T050116_20251227T050144_T_G01_M01_C___T004_F004,2025-12-15,42,11,11.439411163330078,3.4140658378601074,3.586036443710327,1.0,8649,21.663400650024414,18.408892104578563,16.704082,37.656357,40.963776,44.102436,45.638626,31.475327,1.0,31.975240796049807,32.0,34.0,34.0,35.0,35.0,0
Mbalmayo,BIO_FP_FH__L2A_20251215T050116_20251227T050144_T_G01_M01_C___T004_F004,2025-12-15,42,12,11.440244674682617,3.4140658378601074,10.898636817932129,1.0,8649,12.257599830627441,18.44374891605966,17.28051,34.474365,37.50331,40.68313,42.598377,29.33302,1.0,35.339652649059865,35.0,37.0,37.0,37.0,37.0,0
Mbalmayo,BIO_FP_FH__L2A_20251215T050116_20251227T050144_T_G01_M01_C___T004_F004,2025-12-15,42,13,11.441078186035156,3.4140658378601074,17.708236694335938,1.0,8649,0.7221999764442444,17.761453636258526,16.887484,30.889778,35.573566,39.596035,40.863445,24.044004,1.0,33.852246936035506,34.0,35.0,35.0,37.0,37.0,0
Mbalmayo,BIO_FP_FH__L2A_20251215T050116_20251227T050144_T_G01_M01_C___T004_F004,2025-12-15,42,14,11.441911697387695,3.4140658378601074,17.632036209106445,1.0,8649,0.0,11.776047989651984,10.745456,24.77173,29.690712,40.82642,42.47663,22.351473,1.0,28.355480884565676,30.0,33.0,33.0,33.0,33.0,0
Mbalmayo,BIO_FP_FH__L2A_20251215T050116_20251227T050144_T_G01_M01_C___T004_F004,2025-12-15,42,15,11.442745208740234,3.4140658378601074,16.611637115478516,1.0,8649,0.0,7.6194186105330095,2.525254,25.932495,28.478573,31.739658,35.1595,19.154442,1.0,28.65030542414014,29.0,30.0,30.0,30.0,31.0,0
Mbalmayo,BIO_FP_FH__L2A_20251215T050116_20251227T050144_T_G01_M01_C___T004_F004,2025-12-15,42,16,11.443578720092773,3.4140658378601074,13.982836723327637,1.0,8649,8.036800384521484,12.531318649554862,14.325337,25.076458,26.984652,30.047058,34.58402,22.436285,1.0,30.386243357081153,30.0,32.0,32.0,32.0,32.0,0
Mbalmayo,BIO_FP_FH__L2A_20251215T050116_20251227T050144_T_G01_M01_C___T004_F004,2025-12-15,42,17,11.444412231445312,3.4140658378601074,9.10983657836914,1.0,8649,34.86220169067383,12.792383873858249,12.0684395,25.489056,28.165188,30.305351,40.85125,21.975216,1.0,26.64951763027375,26.0,29.0,30.814743041992188,31.0,31.0,0
Mbalmayo,BIO_FP_FH__L2A_20251215T050116_20251227T050144_T_G01_M01_C___T004_F004,2025-12-15,42,18,11.445245742797852,3.4140658378601074,4.23695182800293,1.0,8649,61.687599182128906,3.6605631792692797,1.7443092,10.7363825,14.093856,20.759907,27.449793,9.014587,1.0,22.218029630213117,22.0,25.0,25.0,26.0,26.0,0
Mbalmayo,BIO_FP_FH__L2A_20251215T050116_20251227T050144_T_G01_M01_C___T004_F004,2025-12-15,42,19,11.44607925415039,3.4140658378601074,3.066551685333252,1.0,8649,58.20180130004883,8.794227024077928,7.1573257,20.896433,23.195354,25.695633,29.58683,18.149014,1.0,24.400876223303595,25.0,27.0,27.0,27.0,27.0,0
Mbalmayo,BIO_FP_FH__L2A_20251215T050116_20251227T050144_T_G01_M01_C___T004_F004,2025-12-15,42,20,11.44691276550293,3.4140658378601074,3.127551794052124,1.0,8649,39.20560073852539,14.754503320470574,14.643231,24.649902,27.038786,34.095154,37.02021,23.035667,1.0,28.43746625499128,28.0,30.0,30.0,31.0,31.0,0
Mbalmayo,BIO_FP_FH__L2A_20251215T050116_20251227T050144_T_G01_M01_C___T004_F004,2025-12-15,42,21,11.447746276855469,3.4140658378601074,3.6079518795013428,1.0,8649,18.583999633789062,13.200153196901375,11.7596445,24.256273,28.024069,36.560318,40.670223,21.459116,1.0,32.977151727163665,33.0,36.0,36.0,36.0,37.0,0
Mbalmayo,BIO_FP_FH__L2A_20251215T050116_20251227T050144_T_G01_M01_C___T004_F004,2025-12-15,42,22,11.448579788208008,3.4140658378601074,3.213151693344116,1.0,8649,26.854799270629883,22.099279902300843,24.469984,34.478203,36.30754,40.810806,42.370674,30.212202,1.0,36.04681136569807,36.0,37.0,37.0,38.0,38.0,0
Mbalmayo,BIO_FP_FH__L2A_20251215T050116_20251227T050144_T_G01_M01_C___T004_F004,2025-12-15,42,23,11.449413299560547,3.4140658378601074,3.4991517066955566,1.0,8649,29.042800903320312,25.129595907041278,26.345156,34.11188,35.812634,40.384212,42.717537,32.08078,1.0,35.17064419138954,35.0,36.0,36.7881965637207,37.0,37.0,0
Mbalmayo,BIO_FP_FH__L2A_20251215T050116_20251227T050144_T_G01_M01_C___T004_F004,2025-12-15,42,24,11.450246810913086,3.4140658378601074,3.6765518188476562,1.0,8649,23.866199493408203,27.72195620519713,29.494585,35.941277,37.094254,38.762154,41.387154,33.843586,1.0,33.033223720572146,33.0,35.0,35.0,35.0,35.0,0
Mbalmayo,BIO_FP_FH__L2A_20251215T050116_20251227T050144_T_G01_M01_C___T004_F004,2025-12-15,42,25,11.451080322265625,3.4140658378601074,4.148751735687256,1.0,8649,17.885400772094727,19.088705161001272,19.771929,32.7757,35.32032,38.102104,41.77851,30.421793,1.0,29.891481166878854,30.0,31.0,32.0,32.0,32.0,0
Mbalmayo,BIO_FP_FH__L2A_20251215T050116_20251227T050144_T_G01_M01_C___T004_F004,2025-12-15,42,26,11.451913833618164,3.4140658378601074,4.322455406188965,1.0,8649,11.668999671936035,18.60596058792924,19.339258,26.964508,29.373207,35.29496,37.265064,24.687864,1.0,30.36238323524379,30.0,32.0,32.0,32.0,32.0,0
Mbalmayo,BIO_FP_FH__L2A_20251215T050116_20251227T050144_T_G01_M01_C___T004_F004,2025-12-15,42,27,11.452747344970703,3.4140658378601074,4.288655757904053,0.9995090088991502,8649,9.424200057983398,18.108636724485446,19.34449,33.091515,36.207268,39.387955,42.97264,30.948275,1.0,28.93347717392774,30.0,31.0,31.0,31.0,31.0,0
Mbalmayo,BIO_FP_FH__L2A_20251215T050116_20251227T050144_T_G01_M01_C___T004_F004,2025-12-15,42,31,11.45608139038086,3.4140658378601074,21.679454803466797,1.0,8649,22.837799072265625,26.707490118077235,27.166424,32.36559,34.80839,38.24684,41.505764,31.341608,1.0,38.233474076476476,38.0,39.0,39.0,39.0,39.0,0
Mbalmayo,BIO_FP_FH__L2A_20251215T050116_20251227T050144_T_G01_M01_C___T004_F004,2025-12-15,42,32,11.456914901733398,3.4140658378601074,28.03825569152832,1.0,8649,0.07859999686479568,26.48202781752226,28.731237,36.46264,37.896324,39.7559,41.442684,35.6472,1.0,38.424636285971296,38.0,40.0,40.0,40.0,40.0,0
Mbalmayo,BIO_FP_FH__L2A_20251215T050116_20251227T050144_T_G01_M01_C___T004_F004,2025-12-15,42,33,11.457748413085938,3.4140658378601074,20.277055740356445,1.0,8649,4.934999942779541,24.863641208521216,28.50594,35.49452,36.44472,38.025005,40.17335,34.929394,1.0,38.02994830391423,38.0,39.0,40.0,40.0,40.0,0
Mbalmayo,BIO_FP_FH__L2A_20251215T050116_20251227T050144_T_G01_M01_C___T004_F004,2025-12-15,42,34,11.458581924438477,3.4140658378601074,11.65203857421875,1.0,8649,10.227399826049805,28.37465991371835,30.454655,36.51598,37.734554,39.247417,41.18,35.862453,1.0,35.643149203131664,36.0,37.0,37.13228225708008,38.0,39.0,0
Mbalmayo,BIO_FP_FH__L2A_20251215T050116_20251227T050144_T_G01_M01_C___T004_F004,2025-12-15,42,35,11.459415435791016,3.4140658378601074,4.089038372039795,1.0,8649,13.435799598693848,23.926666467944273,25.215559,33.737553,36.6119,39.705307,41.788383,33.018406,1.0,31.378579233323705,31.0,33.0,34.0,34.0,34.0,0
Mbalmayo,BIO_FP_FH__L2A_20251215T050116_20251227T050144_T_G01_M01_C___T004_F004,2025-12-15,42,36,11.460248947143555,3.4140658378601074,6.7584381103515625,1.0,8649,10.167799949645996,11.345580504249046,8.675437,24.157822,28.644707,36.226532,38.364246,20.757914,1.0,33.423763412094516,34.0,36.0,37.0,37.08591079711914,38.0,0
Mbalmayo,BIO_FP_FH__L2A_20251215T050116_20251227T050144_T_G01_M01_C___T004_F004,2025-12-15,42,37,11.461082458496094,3.4140658378601074,8.606038093566895,1.0,8649,5.531199932098389,16.21599227511851,14.479513,31.180834,35.085247,38.86073,41.46981,28.18181,1.0,37.22715074360777,37.0,39.0,39.0,40.0,40.0,0
Mbalmayo,BIO_FP_FH__L2A_20251215T050116_20251227T050144_T_G01_M01_C___T004_F004,2025-12-15,42,38,11.461915969848633,3.4140658378601074,12.127838134765625,1.0,8649,2.9809999465942383,21.13899773456469,20.638697,35.081406,36.582214,39.04047,41.324574,32.867695,1.0,37.77173889941708,38.0,39.0,39.0,40.0,40.0,0
Mbalmayo,BIO_FP_FH__L2A_20251215T050116_20251227T050144_T_G01_M01_C___T004_F004,2025-12-15,42,39,11.462749481201172,3.4140658378601074,17.92243766784668,1.0,8649,1.0651999711990356,19.100239641143485,18.445477,31.91263,34.0788,40.02763,43.05315,29.496569,1.0,36.70114202474029,37.0,38.0,38.0,39.0,39.0,0
Mbalmayo,BIO_FP_FH__L2A_20251215T050116_20251227T050144_T_G01_M01_C___T004_F004,2025-12-15,42,40,11.463582992553711,3.4140658378601074,20.2424373626709,1.0,8649,0.0,19.4125553712857,18.1145,31.173632,34.37438,37.27329,42.691387,27.919666,1.0,34.67347450181368,35.0,36.0,36.0,36.0,36.0,0
Mbalmayo,BIO_FP_FH__L2A_20251215T050116_20251227T050144_T_G01_M01_C___T004_F004,2025-12-15,42,41,11.46441650390625,3.4140658378601074,20.549238204956055,1.0,8649,0.0,23.83316351601341,25.079742,34.365654,35.824726,37.61357,40.10239,32.65102,1.0,33.694846787608725,34.0,35.0,36.0,36.0,36.0,0
Mbalmayo,BIO_FP_FH__L2A_20251215T050116_20251227T050144_T_G01_M01_C___T004_F004,2025-12-15,42,42,11.465250015258789,3.4140658378601074,21.1387996673584,1.0,8649,0.0,18.073099581599028,17.32329,26.790102,29.735523,33.83464,35.40443,24.939405,1.0,33.064926382764554,33.0,34.0,35.0,35.0,35.0,0
Mbalmayo,BIO_FP_FH__L2A_20251215T050116_20251227T050144_T_G01_M01_C___T004_F004,2025-12-15,42,43,11.466083526611328,3.4140658378601074,15.6003999710083,1.0,8649,5.643599987030029,23.245665141923922,23.418875,31.842243,33.45752,35.33737,36.949665,30.003313,1.0,34.92505203548753,35.0,36.0,36.0,36.0,36.0,0
Mbalmayo,BIO_FP_FH__L2A_20251215T050116_20251227T050144_T_G01_M01_C___T004_F004,2025-12-15,42,44,11.466917037963867,3.4140658378601074,10.652600288391113,1.0,8649,10.369999885559082,21.293561304052492,21.303091,32.87477,35.001072,38.19839,39.990532,31.271782,1.0,34.45045024136585,35.0,36.0,36.0,36.0,36.0,0
Mbalmayo,BIO_FP_FH__L2A_20251215T050116_20251227T050144_T_G01_M01_C___T004_F004,2025-12-15,42,45,11.467750549316406,3.4140658378601074,5.923399925231934,1.0,8649,15.127799987792969,20.068855955168228,19.789755,32.50765,34.556824,38.729046,41.435738,29.93957,1.0,33.061018805625686,33.0,35.0,35.0,35.0,35.0,0
Mbalmayo,BIO_FP_FH__L2A_20251215T050116_20251227T050144_T_G01_M01_C___T004_F004,2025-12-15,42,46,11.468584060668945,3.4140658378601074,3.4058001041412354,1.0,8649,18.012800216674805,18.681574459475083,18.008173,30.73437,34.72829,38.38048,40.00009,26.123137,1.0,32.01088600233671,32.0,33.0,33.0,33.0,34.0,0
Mbalmayo,BIO_FP_FH__L2A_20251215T050116_20251227T050144_T_G01_M01_C___T004_F004,2025-12-15,42,47,11.469417572021484,3.4140658378601074,3.509000062942505,1.0,8649,17.55739974975586,18.486556429934097,17.14211,31.544151,38.112946,44.28066,47.22396,26.300665,1.0,31.24401343225785,31.183677673339844,32.0,33.0,33.0,33.0,0
Mbalmayo,BIO_FP_FH__L2A_20251215T050116_20251227T050144_T_G01_M01_C___T004_F004,2025-12-15,43,3,11.432743072509766,3.4132323265075684,17.097135543823242,1.0,8649,1.0302000045776367,16.274742744825993,15.693504,24.278019,26.13811,28.728539,33.335438,22.969114,1.0,28.963063648138753,29.0,31.0,31.0,31.0,31.0,0
Mbalmayo,BIO_FP_FH__L2A_20251215T050116_20251227T050144_T_G01_M01_C___T004_F004,2025-12-15,43,4,11.433576583862305,3.4132323265075684,18.284536361694336,1.0,8649,0.8682000041007996,19.380519062897445,18.583012,31.85403,35.448986,39.00378,41.353424,29.130861,1.0,29.78061328009796,30.0,32.0,33.0,34.0,34.0,0
Mbalmayo,BIO_FP_FH__L2A_20251215T050116_20251227T050144_T_G01_M01_C___T004_F004,2025-12-15,43,5,11.434410095214844,3.4132323265075684,22.111135482788086,1.0,8649,4.625800132751465,15.894056574459475,15.567109,27.667667,30.327887,32.6331,35.465977,24.77132,1.0,31.562732804371507,32.0,33.0,33.0,33.0,33.0,0
Mbalmayo,BIO_FP_FH__L2A_20251215T050116_20251227T050144_T_G01_M01_C___T004_F004,2025-12-15,43,6,11.435243606567383,3.4132323265075684,17.11253547668457,1.0,8649,30.880199432373047,15.26849428040814,14.719577,25.816013,29.935495,39.510696,44.341694,23.72523,1.0,32.118674589093814,32.0,33.0,33.0,34.0,34.0,0
Mbalmayo,BIO_FP_FH__L2A_20251215T050116_20251227T050144_T_G01_M01_C___T004_F004,2025-12-15,43,7,11.436077117919922,3.4132323265075684,13.033136367797852,1.0,8649,29.752399444580078,16.12696283529888,14.758308,30.31288,33.610237,39.427883,48.50851,25.61239,1.0,32.60308440564919,33.0,35.0,36.0,37.0,37.0,0
Mbalmayo,BIO_FP_FH__L2A_20251215T050116_20251227T050144_T_G01_M01_C___T004_F004,2025-12-15,43,8,11.436910629272461,3.4132323265075684,9.223536491394043,1.0,8649,20.582399368286133,12.818021321106487,9.360302,27.346598,33.42806,48.422607,51.560757,21.81964,1.0,28.846686956771936,29.0,32.30950164794922,33.0,34.0,34.0,0
Mbalmayo,BIO_FP_FH__L2A_20251215T050116_20251227T050144_T_G01_M01_C___T004_F004,2025-12-15,43,9,11.437744140625,3.4132323265075684,8.980735778808594,1.0,8649,5.162199974060059,11.823730525205226,9.944213,23.904957,27.64923,33.995438,37.75787,20.81223,1.0,26.668760776464644,27.0,28.0,28.0,28.0,28.0,0
Mbalmayo,BIO_FP_FH__L2A_20251215T050116_20251227T050144_T_G01_M01_C___T004_F004,2025-12-15,43,10,11.438577651977539,3.4132323265075684,6.638636589050293,1.0,8649,9.640800476074219,11.04397907272517,10.429326,19.562296,22.488363,28.917503,35.46587,18.086199,1.0,27.885464409263523,28.0,29.0,30.0,30.312697067260835,31.0,0
Mbalmayo,BIO_FP_FH__L2A_20251215T050116_20251227T050144_T_G01_M01_C___T004_F004,2025-12-15,43,11,11.439411163330078,3.4132323265075684,5.277436256408691,1.0,8649,12.855400085449219,14.459871625332408,13.763895,25.727911,35.56009,41.006042,42.26994,20.015913,1.0,28.898804861653787,29.0,31.0,31.0,32.0,33.0,0
Mbalmayo,BIO_FP_FH__L2A_20251215T050116_20251227T050144_T_G01_M01_C___T004_F004,2025-12-15,43,12,11.440244674682617,3.4132323265075684,9.015836715698242,1.0,8649,8.888999938964844,13.02546085530119,12.961628,24.623062,27.429495,31.468414,37.622135,20.88916,1.0,31.266432923682924,32.0,33.0,34.0,34.0,35.0,0
Mbalmayo,BIO_FP_FH__L2A_20251215T050116_20251227T050144_T_G01_M01_C___T004_F004,2025-12-15,43,13,11.441078186035156,3.4132323265075684,15.642036437988281,1.0,8649,1.4717999696731567,18.51730510752688,17.179407,32.641087,35.77623,38.69261,41.384327,27.335142,1.0,31.17137303276825,31.0,33.0,33.0,34.0,35.0,0
Mbalmayo,BIO_FP_FH__L2A_20251215T050116_20251227T050144_T_G01_M01_C___T004_F004,2025-12-15,43,14,11.441911697387695,3.4132323265075684,15.864836692810059,1.0,8649,0.0,15.614867867672563,15.59214,25.209656,27.41689,31.719114,35.88886,23.58326,1.0,29.432932331157097,30.0,31.0,31.0,32.0,33.0,0
Mbalmayo,BIO_FP_FH__L2A_20251215T050116_20251227T050144_T_G01_M01_C___T004_F004,2025-12-15,43,15,11.442745208740234,3.4132323265075684,12.07443618774414,1.0,8649,4.803999900817871,10.312415994623656,6.8272862,25.311218,27.439293,29.500132,32.16258,20.17348,1.0,29.713145813427573,30.0,31.331462860107422,32.0,32.0,32.0,0
Mbalmayo,BIO_FP_FH__L2A_20251215T050116_20251227T050144_T_G01_M01_C___T004_F004,2025-12-15,43,16,11.443578720092773,3.4132323265075684,8.743836402893066,1.0,8649,8.708999633789062,15.543818288241415,13.577242,28.45868,30.440699,34.27104,36.28979,24.869696,1.0,29.986434267661327,30.0,31.10737762451171,32.0,32.0,32.0,0
Mbalmayo,BIO_FP_FH__L2A_20251215T050116_20251227T050144_T_G01_M01_C___T004_F004,2025-12-15,43,17,11.444412231445312,3.4132323265075684,8.944836616516113,1.0,8649,5.649199962615967,13.236551461874205,13.196466,24.33218,27.568432,34.263645,41.06187,19.876656,1.0,28.074204057306897,28.0,29.0,30.0,31.0,31.0,0
Mbalmayo,BIO_FP_FH__L2A_20251215T050116_20251227T050144_T_G01_M01_C___T004_F004,2025-12-15,43,18,11.445245742797852,3.4132323265075684,7.770551681518555,1.0,8649,10.689800262451172,10.882490027748872,9.634387,24.553205,28.407991,31.106464,33.5976,19.650276,1.0,28.417968849237702,28.0,30.0,31.0,31.0,31.0,0
Mbalmayo,BIO_FP_FH__L2A_20251215T050116_20251227T050144_T_G01_M01_C___T004_F004,2025-12-15,43,19,11.44607925415039,3.4132323265075684,6.2353515625,1.0,8649,10.191200256347656,13.014759654295295,10.114698,27.40775,33.315285,38.482548,39.9517,22.174576,1.0,30.77187764805884,31.0,33.0,34.0,34.0,34.0,0
Mbalmayo,BIO_FP_FH__L2A_20251215T050116_20251227T050144_T_G01_M01_C___T004_F004,2025-12-15,43,20,11.44691276550293,3.4132323265075684,3.928351879119873,1.0,8649,24.025999069213867,13.72026345169962,10.72383,30.4379,34.719078,37.642197,39.3219,24.774046,1.0,33.47460554332206,33.0,36.0,37.0,37.0,37.0,0
Mbalmayo,BIO_FP_FH__L2A_20251215T050116_20251227T050144_T_G01_M01_C___T004_F004,2025-12-15,43,21,11.447746276855469,3.4132323265075684,7.442951679229736,1.0,8649,17.80139923095703,15.314129523644352,12.031521,30.938232,34.9357,38.079792,41.571743,27.40669,1.0,34.68758069612977,35.0,36.0,36.0,36.0,37.0,0
Mbalmayo,BIO_FP_FH__L2A_20251215T050116_20251227T050144_T_G01_M01_C___T004_F004,2025-12-15,43,22,11.448579788208008,3.4132323265075684,9.14795207977295,1.0,8649,22.756999969482422,15.37867726760319,13.166911,31.47205,36.294827,42.331844,45.352333,25.093843,1.0,34.65352971066711,35.0,36.0,36.0,37.0,37.0,0
Mbalmayo,BIO_FP_FH__L2A_20251215T050116_20251227T050144_T_G01_M01_C___T004_F004,2025-12-15,43,23,11.449413299560547,3.4132323265075684,1.7389518022537231,1.0,8649,60.64799880981445,14.612713536246964,11.503517,30.503979,32.879303,35.72585,37.451786,25.6207,1.0,33.54007893003388,34.0,35.0,36.0,36.0,36.0,0
Mbalmayo,BIO_FP_FH__L2A_20251215T050116_20251227T050144_T_G01_M01_C___T004_F004,2025-12-15,43,24,11.450246810913086,3.4132323265075684,1.9865517616271973,1.0,8649,60.12139892578125,20.341227580500636,20.233677,33.095093,34.882767,38.97565,42.02255,29.989706,1.0,33.953243283842845,34.0,35.0,35.0,35.0,35.0,0
Mbalmayo,BIO_FP_FH__L2A_20251215T050116_20251227T050144_T_G01_M01_C___T004_F004,2025-12-15,43,25,11.451080322265625,3.4132323265075684,3.393751859664917,1.0,8649,31.438800811767578,18.459343204416694,20.933813,30.373528,33.179886,39.116585,41.839344,27.100306,1.0,31.57873590773469,32.0,34.0,34.0,35.0,35.0,0
Mbalmayo,BIO_FP_FH__L2A_20251215T050116_20251227T050144_T_G01_M01_C___T004_F004,2025-12-15,43,26,11.451913833618164,3.4132323265075684,4.175055503845215,1.0,8649,13.57979965209961,6.522499439964157,2.0731347,20.894493,23.49773,28.421057,30.795357,14.550603,1.0,26.407421035316723,26.0,29.0,30.0,31.0,32.0,0
Mbalmayo,BIO_FP_FH__L2A_20251215T050116_20251227T050144_T_G01_M01_C___T004_F004,2025-12-15,43,27,11.452747344970703,3.4132323265075684,4.545855522155762,1.0,8649,10.10200023651123,18.709593865620302,18.849743,30.234638,32.707653,35.387806,38.475487,28.958775,1.0,28.08631419837785,28.695228576660156,30.0,30.092853546142578,31.0,31.0,0
Mbalmayo,BIO_FP_FH__L2A_20251215T050116_20251227T050144_T_G01_M01_C___T004_F004,2025-12-15,43,29,11.454414367675781,3.4132323265075684,14.371455192565918,0.9299419154761389,8102,3.0887999534606934,19.313860669209234,21.716196,29.058857,30.517483,32.865772,34.35277,27.613012,0.8853737358568097,36.08232485182066,36.0,37.0,37.0,37.0,37.0,0
Mbalmayo,BIO_FP_FH__L2A_20251215T050116_20251227T050144_T_G01_M01_C___T004_F004,2025-12-15,43,31,11.45608139038086,3.4132323265075684,22.065855026245117,1.0,8649,3.5434000492095947,25.56845128410799,28.013922,34.574104,36.13741,39.00573,41.082264,33.899574,1.0,35.81944789130063,36.0,37.0,38.0,38.80483627319336,39.0,0
Mbalmayo,BIO_FP_FH__L2A_20251215T050116_20251227T050144_T_G01_M01_C___T004_F004,2025-12-15,43,32,11.456914901733398,3.4132323265075684,23.83585548400879,1.0,8649,2.136199951171875,29.2826916406521,31.664612,36.95132,37.925224,39.506077,41.35234,36.266586,1.0,36.02408758104571,36.0,37.0,38.0,39.0,40.0,0
Mbalmayo,BIO_FP_FH__L2A_20251215T050116_20251227T050144_T_G01_M01_C___T004_F004,2025-12-15,43,33,11.457748413085938,3.4132323265075684,20.761655807495117,1.0,8649,3.783600091934204,26.630994641721585,28.444517,36.75772,38.087906,39.900246,42.05486,36.042904,1.0,37.15379771465152,37.0,38.0,38.0,39.0,39.0,0
Mbalmayo,BIO_FP_FH__L2A_20251215T050116_20251227T050144_T_G01_M01_C___T004_F004,2025-12-15,43,34,11.458581924438477,3.4132323265075684,12.978837966918945,1.0,8649,7.324999809265137,20.973072663747253,22.103056,33.13198,36.639854,40.19074,42.921005,31.962776,1.0,36.19528724598959,36.0,38.0,38.0,39.0,39.0,0
Mbalmayo,BIO_FP_FH__L2A_20251215T050116_20251227T050144_T_G01_M01_C___T004_F004,2025-12-15,43,35,11.459415435791016,3.4132323265075684,6.143238067626953,1.0,8649,8.220600128173828,25.469365587784715,26.895462,35.79183,37.01781,39.202457,41.63952,34.873398,1.0,33.81995511548425,34.0,36.0,36.0,37.0,37.0,0
Mbalmayo,BIO_FP_FH__L2A_20251215T050116_20251227T050144_T_G01_M01_C___T004_F004,2025-12-15,43,36,11.460248947143555,3.4132323265075684,7.465838432312012,1.0,8649,6.543000221252441,17.52438910929009,18.088934,29.425049,30.826622,33.48625,36.197926,28.267227,1.0,32.5721864513971,32.0,34.0,35.0,36.0,37.0,0
Mbalmayo,BIO_FP_FH__L2A_20251215T050116_20251227T050144_T_G01_M01_C___T004_F004,2025-12-15,43,37,11.461082458496094,3.4132323265075684,10.723237991333008,1.0,8649,4.254799842834473,20.182554973840908,18.647367,36.10939,38.341938,42.03332,44.300617,33.482494,1.0,37.252222082548464,37.0,40.0,41.0,42.0,42.0,0
Mbalmayo,BIO_FP_FH__L2A_20251215T050116_20251227T050144_T_G01_M01_C___T004_F004,2025-12-15,43,38,11.461915969848633,3.4132323265075684,14.291638374328613,1.0,8649,2.066999912261963,18.64860731731992,16.72047,35.306522,36.761074,39.028103,40.613842,32.865833,1.0,38.4770068665821,38.0,40.0,41.0,41.0,41.0,0
Mbalmayo,BIO_FP_FH__L2A_20251215T050116_20251227T050144_T_G01_M01_C___T004_F004,2025-12-15,43,39,11.462749481201172,3.4132323265075684,18.053438186645508,1.0,8649,0.8407999873161316,17.564942930541104,15.328672,31.997871,35.138462,40.75509,43.118767,30.275816,1.0,36.24168100885221,36.0,37.0,37.0,38.0,38.0,0
Mbalmayo,BIO_FP_FH__L2A_20251215T050116_20251227T050144_T_G01_M01_C___T004_F004,2025-12-15,43,40,11.463582992553711,3.4132323265075684,20.758438110351562,1.0,8649,0.0,21.55280234709215,19.762186,34.679222,37.807957,40.09596,42.331238,31.122791,1.0,34.67038641903273,35.0,36.0,36.0,36.0,36.0,0
Mbalmayo,BIO_FP_FH__L2A_20251215T050116_20251227T050144_T_G01_M01_C___T004_F004,2025-12-15,43,41,11.46441650390625,3.4132323265075684,21.15703773498535,1.0,8649,0.0,16.551383288530467,16.55303,25.681711,27.087439,31.15465,33.65981,24.529789,1.0,31.900371923985848,32.0,33.0,33.66525039672873,34.0,34.0,0
Mbalmayo,BIO_FP_FH__L2A_20251215T050116_20251227T050144_T_G01_M01_C___T004_F004,2025-12-15,43,42,11.465250015258789,3.4132323265075684,21.458599090576172,1.0,8649,0.0,18.03864473132732,17.63711,26.992872,29.673618,34.10435,37.11533,25.372528,1.0,32.585078956488445,33.0,35.0,35.0,35.0,35.0,0
Mbalmayo,BIO_FP_FH__L2A_20251215T050116_20251227T050144_T_G01_M01_C___T004_F004,2025-12-15,43,43,11.466083526611328,3.4132323265075684,20.55299949645996,1.0,8649,0.0,23.969362877933865,24.899292,33.62442,35.106907,37.12649,39.56667,31.946012,1.0,35.061411115417236,35.0,36.0,36.0,37.0,37.0,0
Mbalmayo,BIO_FP_FH__L2A_20251215T050116_20251227T050144_T_G01_M01_C___T004_F004,2025-12-15,43,44,11.466917037963867,3.4132323265075684,18.457599639892578,1.0,8649,1.0789999961853027,14.336000729853163,13.81167,26.959139,29.80177,33.649586,45.50243,22.230034,1.0,33.4855408396717,34.0,35.0,36.0,36.0,36.0,0
Mbalmayo,BIO_FP_FH__L2A_20251215T050116_20251227T050144_T_G01_M01_C___T004_F004,2025-12-15,43,45,11.467750549316406,3.4132323265075684,13.687800407409668,1.0,8649,5.8308000564575195,14.075854596629668,11.390591,30.96893,34.712196,44.120773,47.573925,23.535946,1.0,29.92284159484468,30.0,33.0,34.0,34.90241622924805,35.0,0
Mbalmayo,BIO_FP_FH__L2A_20251215T050116_20251227T050144_T_G01_M01_C___T004_F004,2025-12-15,43,46,11.468584060668945,3.4132323265075684,9.62559986114502,1.0,8649,10.684800148010254,15.235109369580298,13.8986845,29.664104,32.239418,35.358807,40.721046,24.895521,1.0,27.08371772748471,28.0,31.0,32.0,33.0,33.0,0
Mbalmayo,BIO_FP_FH__L2A_20251215T050116_20251227T050144_T_G01_M01_C___T004_F004,2025-12-15,43,47,11.469417572021484,3.4132323265075684,5.563600063323975,1.0,8649,15.538599967956543,15.252721593536824,14.781373,25.942268,28.3676,35.903065,40.455917,23.504032,1.0,27.400031881148255,28.0,30.0,31.0,32.0,32.0,0
