site,scene,biomass_date,row,col,x,y,fh,coverage,n_fine,fh_quality,als_mean,als_p50,als_p90,als_p95,als_p99,als_max,als2_p90,eth_coverage,eth_mean,eth_p50,eth_p90,eth_p95,eth_p99,eth_max,reject_reason
Mbalmayo,BIO_FP_FH__L2A_20251215T050116_20251227T050144_T_G01_M01_C___T004_F004,2025-12-15,2,28,11.453580856323242,3.44740629196167,16.805627822875977,0.9126380314398589,7956,1.0247999429702759,8.837443759369492,6.699738,19.519773,22.088142,29.403982,33.697495,17.518644,1.0,26.268131870274626,27.0,29.0,29.0,30.781024932861328,33.0,0
Mbalmayo,BIO_FP_FH__L2A_20251215T050116_20251227T050144_T_G01_M01_C___T004_F004,2025-12-15,2,36,11.460248947143555,3.44740629196167,19.77120018005371,0.9497002374207678,8255,0.0,9.55487927801384,4.906838,26.12196,30.791365,38.22895,43.135967,18.293701,1.0,34.627830445166886,35.0,37.0,38.0,38.0,38.0,0
Mbalmayo,BIO_FP_FH__L2A_20251215T050116_20251227T050144_T_G01_M01_C___T004_F004,2025-12-15,2,37,11.461082458496094,3.44740629196167,18.893600463867188,0.9162459565600725,7943,0.0,12.944455568386356,9.864318,26.79825,32.062714,40.627453,42.8387,21.805529,1.0,33.03216697533209,33.0,35.0,35.0,35.0,35.0,0
Mbalmayo,BIO_FP_FH__L2A_20251215T050116_20251227T050144_T_G01_M01_C___T004_F004,2025-12-15,3,2,11.431909561157227,3.446572780609131,20.328527450561523,1.0000000066158468,8649,0.0,13.980751011261617,13.254973,25.214804,26.277885,27.69425,29.804071,24.371769,1.0,31.165692577831784,31.0,33.0,34.0,34.0,34.0,0
Mbalmayo,BIO_FP_FH__L2A_20251215T050116_20251227T050144_T_G01_M01_C___T004_F004,2025-12-15,3,26,11.451913833618164,3.446572780609131,18.919227600097656,0.9999999982357742,8649,0.6309999823570251,25.188689548994248,24.409409,37.713764,39.170864,40.909866,43.55019,35.67685,1.0,31.48160459276072,31.0,35.0,35.0,37.0,37.0,0
Mbalmayo,BIO_FP_FH__L2A_20251215T050116_20251227T050144_T_G01_M01_C___T004_F004,2025-12-15,3,27,11.452747344970703,3.446572780609131,17.54562759399414,0.9999999991178871,8649,0.0,15.206905290634207,15.006845,25.005226,28.042557,32.1263,36.12217,22.454273,1.0,27.67828910250735,28.0,29.0,30.0,31.0,31.0,0
Mbalmayo,BIO_FP_FH__L2A_20251215T050116_20251227T050144_T_G01_M01_C___T004_F004,2025-12-15,3,28,11.453580856323242,3.446572780609131,17.995027542114258,0.9999999991178871,8649,0.0,18.293902323868853,17.390633,33.106354,35.848278,38.88565,41.098965,28.933878,1.0,30.120704935580846,30.081035614013672,32.0,32.0,32.0,33.0,0
Mbalmayo,BIO_FP_FH__L2A_20251215T050116_20251227T050144_T_G01_M01_C___T004_F004,2025-12-15,3,29,11.454414367675781,3.446572780609131,19.531627655029297,0.9999999938252097,8649,0.0,9.958757191858856,9.021966,20.50901,23.213997,30.160343,34.75308,16.86791,1.0,32.83303897534372,33.0,35.0,35.0,36.0,36.0,0
Mbalmayo,BIO_FP_FH__L2A_20251215T050116_20251227T050144_T_G01_M01_C___T004_F004,2025-12-15,3,36,11.460248947143555,3.446572780609131,18.649599075317383,0.9999999894146451,8649,0.03240000084042549,15.01491135934874,9.463534,36.73261,40.33917,42.973473,45.60463,29.050346,1.0,36.69693281570878,37.0,38.0,39.0,39.0,39.0,0
Mbalmayo,BIO_FP_FH__L2A_20251215T050116_20251227T050144_T_G01_M01_C___T004_F004,2025-12-15,3,37,11.461082458496094,3.446572780609131,19.510000228881836,1.0,8649,0.13979999721050262,13.717621505901377,9.536667,32.704796,38.60068,43.400547,45.750965,25.544617,1.0,34.44225360567356,34.0,36.0,36.0,36.0,36.0,0
Mbalmayo,BIO_FP_FH__L2A_20251215T050116_20251227T050144_T_G01_M01_C___T004_F004,2025-12-15,3,38,11.461915969848633,3.446572780609131,20.3705997467041,1.0000000044105646,8649,0.24719999730587006,9.191382935793879,4.782194,29.119177,34.382996,39.181118,43.653404,19.411043,1.0,31.58518217847394,32.0,33.086280822753906,34.0,35.0,35.0,0
Mbalmayo,BIO_FP_FH__L2A_20251215T050116_20251227T050144_T_G01_M01_C___T004_F004,2025-12-15,4,2,11.431909561157227,3.445739269256592,20.228927612304688,0.9839888603677087,8530,0.0,16.445068263904837,16.724602,25.775873,27.799103,29.529154,33.740967,24.66732,1.0,31.81257795231758,32.0,33.0,33.0,34.0,34.0,0
Mbalmayo,BIO_FP_FH__L2A_20251215T050116_20251227T050144_T_G01_M01_C___T004_F004,2025-12-15,4,3,11.432743072509766,3.445739269256592,19.985326766967773,1.0000000017642259,8649,0.0,17.008581559537333,17.44652,26.912626,29.566818,31.972094,33.503593,24.522718,1.0,32.72011941192412,33.0,34.0,34.0,34.0,34.0,0
Mbalmayo,BIO_FP_FH__L2A_20251215T050116_20251227T050144_T_G01_M01_C___T004_F004,2025-12-15,4,4,11.433576583862305,3.445739269256592,17.467327117919922,1.0000000070569033,8649,0.0,14.331511309142556,12.903415,26.696241,29.19572,33.04051,35.17725,23.41467,1.0,31.427910816546795,31.0,33.0,34.0,34.0,34.0,0
Mbalmayo,BIO_FP_FH__L2A_20251215T050116_20251227T050144_T_G01_M01_C___T004_F004,2025-12-15,4,5,11.434410095214844,3.445739269256592,14.677327156066895,1.0000000017642259,8649,0.657800018787384,15.967264140849862,13.690399,30.010136,33.615517,37.083252,40.43587,26.784937,1.0,32.38348750382272,33.0,34.0,34.0,34.0,34.0,0
Mbalmayo,BIO_FP_FH__L2A_20251215T050116_20251227T050144_T_G01_M01_C___T004_F004,2025-12-15,4,6,11.435243606567383,3.445739269256592,14.089527130126953,0.9999999947073226,8649,1.2000000476837158,19.87878706531939,20.158083,28.253492,31.922016,42.82755,46.431976,26.581259,1.0,31.98452869913236,32.0,34.0,35.0,35.0,35.0,0
Mbalmayo,BIO_FP_FH__L2A_20251215T050116_20251227T050144_T_G01_M01_C___T004_F004,2025-12-15,4,21,11.447746276855469,3.445739269256592,16.505168914794922,1.0,8649,1.319599986076355,18.420013953473667,19.593748,28.024199,30.036781,32.11681,34.973038,24.89233,1.0,29.218060525335567,30.0,30.0,31.0,31.0,32.0,0
Mbalmayo,BIO_FP_FH__L2A_20251215T050116_20251227T050144_T_G01_M01_C___T004_F004,2025-12-15,4,22,11.448579788208008,3.445739269256592,22.108369827270508,0.9999999894146451,8649,0.16200000047683716,21.176647342077874,22.80597,29.192682,31.629986,34.689056,36.076645,27.561577,1.0,32.077674248905204,32.0,34.0,34.0,34.0,34.0,0
Mbalmayo,BIO_FP_FH__L2A_20251215T050116_20251227T050144_T_G01_M01_C___T004_F004,2025-12-15,4,23,11.449413299560547,3.445739269256592,26.449369430541992,1.0000000035284515,8649,0.6442000269889832,19.882504438359895,20.648376,29.72867,30.910896,34.24384,37.642353,28.234531,1.0,33.57701742917847,33.640811920166016,35.0,35.0,35.0,37.0,0
Mbalmayo,BIO_FP_FH__L2A_20251215T050116_20251227T050144_T_G01_M01_C___T004_F004,2025-12-15,4,24,11.450246810913086,3.445739269256592,28.790369033813477,1.0000000035284515,8649,0.9444000124931335,25.37023867431161,27.007875,35.96247,37.262177,40.62025,45.69028,33.650032,1.0,34.80719454559457,35.0,36.67706298828125,37.0,37.0,37.0,0
Mbalmayo,BIO_FP_FH__L2A_20251215T050116_20251227T050144_T_G01_M01_C___T004_F004,2025-12-15,4,25,11.451080322265625,3.445739269256592,24.092369079589844,1.0,8649,0.6033999919891357,19.20475356390551,20.858255,33.3803,35.312546,38.36889,41.743576,28.805769,1.0,34.66563329455177,35.0,37.0,37.0,37.0,37.0,0
Mbalmayo,BIO_FP_FH__L2A_20251215T050116_20251227T050144_T_G01_M01_C___T004_F004,2025-12-15,4,26,11.451913833618164,3.445739269256592,18.905027389526367,0.9999999947073226,8649,0.25999999046325684,14.444683439412087,13.20363,28.701414,35.840996,39.707767,41.835403,23.887753,1.0,30.568039159855275,31.0,34.0,35.0,37.0,37.0,0
Mbalmayo,BIO_FP_FH__L2A_20251215T050116_20251227T050144_T_G01_M01_C___T004_F004,2025-12-15,4,27,11.452747344970703,3.445739269256592,14.746626853942871,1.0000000035284515,8649,0.0,7.773912670321491,3.894325,20.23034,26.560291,33.888783,41.04956,16.427567,1.0,27.03500637240128,28.0,29.0,30.0,30.0,31.0,0
Mbalmayo,BIO_FP_FH__L2A_20251215T050116_20251227T050144_T_G01_M01_C___T004_F004,2025-12-15,4,28,11.453580856323242,3.445739269256592,15.070426940917969,0.9999999982357742,8649,0.0,12.132877303777013,11.564518,19.42704,22.328556,29.40753,35.642242,17.78634,1.0,27.62870981293836,28.0,30.0,30.0,31.0,32.0,0
Mbalmayo,BIO_FP_FH__L2A_20251215T050116_20251227T050144_T_G01_M01_C___T004_F004,2025-12-15,4,29,11.454414367675781,3.445739269256592,15.210627555847168,0.9999999964715484,8649,0.0,3.3054641732646743,1.2010058,11.057042,14.38576,17.405546,24.156494,9.143093,1.0,30.836794115653795,31.0,31.0,32.0,32.0,32.0,0
Mbalmayo,BIO_FP_FH__L2A_20251215T050116_20251227T050144_T_G01_M01_C___T004_F004,2025-12-15,4,30,11.45524787902832,3.445739269256592,21.485427856445312,0.9999999964715484,8649,0.0,3.1451181837410918,0.92310977,9.749086,11.8505,21.506195,25.32575,8.053882,1.0,31.26952162416343,31.0,32.0,32.0,33.0,34.0,0
Mbalmayo,BIO_FP_FH__L2A_20251215T050116_20251227T050144_T_G01_M01_C___T004_F004,2025-12-15,4,31,11.45608139038086,3.445739269256592,28.6340274810791,0.9999999964715484,8649,0.0,19.62026875432824,20.215265,33.246952,35.31023,39.064163,42.471626,29.025517,1.0,33.9852779007796,34.0,35.0,35.0,35.880638122558594,36.0,0
Mbalmayo,BIO_FP_FH__L2A_20251215T050116_20251227T050144_T_G01_M01_C___T004_F004,2025-12-15,4,32,11.456914901733398,3.445739269256592,30.1478271484375,1.0000000035284515,8649,0.43700000643730164,22.259597987347206,23.17875,34.961338,36.530617,40.114872,42.397644,30.85261,1.0,35.387851441191835,35.0,36.0,37.0,37.0,37.0,0
Mbalmayo,BIO_FP_FH__L2A_20251215T050116_20251227T050144_T_G01_M01_C___T004_F004,2025-12-15,4,33,11.457748413085938,3.445739269256592,31.428627014160156,1.0000000070569033,8649,0.892799973487854,18.071177831088605,14.953025,38.666096,41.156612,45.7021,50.309742,31.357965,1.0,35.92324440839567,36.0,37.0,37.0,37.0,37.0,0
Mbalmayo,BIO_FP_FH__L2A_20251215T050116_20251227T050144_T_G01_M01_C___T004_F004,2025-12-15,4,34,11.458581924438477,3.445739269256592,28.302000045776367,1.0000000035284515,8649,0.728600025177002,20.899977665959813,18.511211,38.828514,40.296906,42.51705,44.919514,35.46969,1.0,37.244632233579885,37.0,39.0,39.0,39.0,39.0,0
Mbalmayo,BIO_FP_FH__L2A_20251215T050116_20251227T050144_T_G01_M01_C___T004_F004,2025-12-15,4,38,11.461915969848633,3.445739269256592,26.803800582885742,1.0000000088211292,8649,0.746399998664856,18.850719485418242,16.085686,39.967636,42.239685,45.52535,48.436596,36.67669,1.0,35.742072391763614,36.0,38.0,38.0,38.0,38.0,0
Mbalmayo,BIO_FP_FH__L2A_20251215T050116_20251227T050144_T_G01_M01_C___T004_F004,2025-12-15,5,3,11.432743072509766,3.4449057579040527,17.433326721191406,0.9999999982357742,8649,0.0,19.887915099554125,21.636349,30.192085,31.61589,33.705368,37.587574,29.023209,1.0,32.47514827629916,32.0,33.0,34.0,34.0,34.0,0
Mbalmayo,BIO_FP_FH__L2A_20251215T050116_20251227T050144_T_G01_M01_C___T004_F004,2025-12-15,5,4,11.433576583862305,3.4449057579040527,14.791927337646484,0.9999999982357742,8649,0.2985999882221222,17.079762175232425,16.520521,34.468407,36.190777,37.36964,39.46016,30.358662,1.0,29.91405901146398,30.0,32.0,32.0,32.0,32.0,0
Mbalmayo,BIO_FP_FH__L2A_20251215T050116_20251227T050144_T_G01_M01_C___T004_F004,2025-12-15,5,21,11.447746276855469,3.4449057579040527,17.180368423461914,1.0,8649,1.437000036239624,23.869504507159427,24.979748,33.478035,35.15281,36.837887,39.580017,30.043161,1.0,32.374649056452164,32.0,34.0,34.0,35.0,36.0,0
Mbalmayo,BIO_FP_FH__L2A_20251215T050116_20251227T050144_T_G01_M01_C___T004_F004,2025-12-15,5,22,11.448579788208008,3.4449057579040527,22.52696990966797,1.0,8649,0.1088000014424324,20.829771262618873,21.524317,31.931606,37.40976,41.92872,45.257885,28.06114,1.0,34.39986268130737,34.0,36.0,36.0,37.0,37.0,0
Mbalmayo,BIO_FP_FH__L2A_20251215T050116_20251227T050144_T_G01_M01_C___T004_F004,2025-12-15,5,23,11.449413299560547,3.4449057579040527,24.83816909790039,1.0,8649,0.5709999799728394,19.628263733072465,20.064667,33.073143,35.60536,37.990555,40.38613,30.633017,1.0,35.39736573502347,35.0,36.0,37.0,37.0,37.0,0
Mbalmayo,BIO_FP_FH__L2A_20251215T050116_20251227T050144_T_G01_M01_C___T004_F004,2025-12-15,5,24,11.450246810913086,3.4449057579040527,28.48956871032715,1.0,8649,1.037600040435791,17.664686047971585,17.237356,33.02395,36.24705,38.42921,43.663822,28.642805,1.0,34.154488835559164,34.0,35.0,36.0,36.0,36.0,0
Mbalmayo,BIO_FP_FH__L2A_20251215T050116_20251227T050144_T_G01_M01_C___T004_F004,2025-12-15,5,25,11.451080322265625,3.4449057579040527,23.35896873474121,1.0,8649,0.694599986076355,19.349622133881084,18.17634,34.520786,40.09528,45.66786,47.545994,28.432863,1.0,32.87496425656449,33.34280014038086,35.0,35.0,36.0,36.0,0
Mbalmayo,BIO_FP_FH__L2A_20251215T050116_20251227T050144_T_G01_M01_C___T004_F004,2025-12-15,5,26,11.451913833618164,3.4449057579040527,17.67502784729004,1.0,8649,0.3483999967575073,17.311283446334112,17.081978,26.305174,28.738146,33.440014,39.970634,23.876165,1.0,29.448055117815848,30.0,31.0,32.0,33.0,33.0,0
Mbalmayo,BIO_FP_FH__L2A_20251215T050116_20251227T050144_T_G01_M01_C___T004_F004,2025-12-15,5,27,11.452747344970703,3.4449057579040527,11.843027114868164,1.0,8649,0.35120001435279846,17.60566882732108,19.625013,28.150274,30.061035,34.853134,42.21247,26.132835,1.0,26.40708895222495,25.0,31.0,33.0,33.0,33.0,0
Mbalmayo,BIO_FP_FH__L2A_20251215T050116_20251227T050144_T_G01_M01_C___T004_F004,2025-12-15,5,28,11.453580856323242,3.4449057579040527,15.245826721191406,1.0,8649,0.0,15.264704271718552,15.816787,25.496378,27.80891,31.123102,36.455887,23.678707,1.0,31.071339645720943,31.0,37.0,37.0,38.0,38.0,0
Mbalmayo,BIO_FP_FH__L2A_20251215T050116_20251227T050144_T_G01_M01_C___T004_F004,2025-12-15,5,29,11.454414367675781,3.4449057579040527,17.387826919555664,1.0,8649,0.0,14.577948845580956,14.779089,25.77598,32.950787,35.144997,38.203075,21.479403,1.0,34.65327258732487,35.0,36.0,36.840911865234375,37.0,37.0,0
Mbalmayo,BIO_FP_FH__L2A_20251215T050116_20251227T050144_T_G01_M01_C___T004_F004,2025-12-15,5,30,11.45524787902832,3.4449057579040527,19.302227020263672,1.0,8649,0.0,14.805929289151925,15.588105,21.29402,23.350323,30.358263,33.596832,20.10032,1.0,33.9290762672067,34.0,35.0,36.0,36.0,36.0,0
Mbalmayo,BIO_FP_FH__L2A_20251215T050116_20251227T050144_T_G01_M01_C___T004_F004,2025-12-15,5,31,11.45608139038086,3.4449057579040527,26.342626571655273,1.0,8649,0.0,18.737996772115995,18.854641,36.20988,39.183014,42.238052,44.819603,33.829193,1.0,36.1938666631368,36.0,38.0,38.0,38.0,38.0,0
Mbalmayo,BIO_FP_FH__L2A_20251215T050116_20251227T050144_T_G01_M01_C___T004_F004,2025-12-15,5,32,11.456914901733398,3.4449057579040527,30.21182632446289,0.9999999982357742,8649,0.35920000076293945,18.464764124252074,17.297369,31.10741,33.369747,37.334015,39.547108,29.52268,1.0,34.73271614433727,35.0,37.0,37.0,37.0,37.0,0
Mbalmayo,BIO_FP_FH__L2A_20251215T050116_20251227T050144_T_G01_M01_C___T004_F004,2025-12-15,5,33,11.457748413085938,3.4449057579040527,32.258827209472656,1.0,8649,0.8345999717712402,14.717070259432088,12.629219,29.140984,31.280481,33.596794,38.110256,25.69035,1.0,33.420650486147245,33.0,34.65719985961914,35.0,35.0,35.0,0
Mbalmayo,BIO_FP_FH__L2A_20251215T050116_20251227T050144_T_G01_M01_C___T004_F004,2025-12-15,6,2,11.431909561157227,3.4440722465515137,16.154727935791016,0.9956700500001355,8625,0.0,11.440778473624583,11.478586,22.69605,27.344358,30.47909,31.252066,18.686535,1.0,28.693182635299042,29.0,32.0,32.0,34.0,34.0,0
Mbalmayo,BIO_FP_FH__L2A_20251215T050116_20251227T050144_T_G01_M01_C___T004_F004,2025-12-15,6,3,11.432743072509766,3.4440722465515137,14.820927619934082,1.0,8649,0.0142000000923872,13.149898617705082,15.007147,24.140009,27.547861,30.75861,33.887547,21.548792,1.0,31.48528945910502,32.0,33.0,34.0,34.0,34.0,0
Mbalmayo,BIO_FP_FH__L2A_20251215T050116_20251227T050144_T_G01_M01_C___T004_F004,2025-12-15,6,20,11.44691276550293,3.4440722465515137,22.96596908569336,1.0,8649,0.7188000082969666,24.959211946016158,26.736485,34.339897,35.363766,37.581085,41.06062,32.846794,1.0,34.12987951957252,34.0,36.0,36.0,37.0,37.0,0
Mbalmayo,BIO_FP_FH__L2A_20251215T050116_20251227T050144_T_G01_M01_C___T004_F004,2025-12-15,6,21,11.447746276855469,3.4440722465515137,23.246170043945312,1.0,8649,0.30979999899864197,29.010943563291278,29.918468,42.95782,44.965294,47.83987,48.643463,40.315067,1.0,36.98363615281459,37.574581146240234,39.0,39.0,39.0,39.0,0
Mbalmayo,BIO_FP_FH__L2A_20251215T050116_20251227T050144_T_G01_M01_C___T004_F004,2025-12-15,6,22,11.448579788208008,3.4440722465515137,23.00676918029785,1.0,8649,0.5235999822616577,22.06493943031709,21.685745,35.34507,38.1607,41.447678,45.194916,32.339493,1.0,37.27802204763232,37.0,38.0,39.0,39.0,39.0,0
Mbalmayo,BIO_FP_FH__L2A_20251215T050116_20251227T050144_T_G01_M01_C___T004_F004,2025-12-15,6,28,11.453580856323242,3.4440722465515137,16.203826904296875,1.0,8649,1.4844000339508057,19.24848409249805,19.00059,32.43546,35.946423,38.958057,40.869675,30.002066,1.0,37.11972382887621,38.0,39.0,40.0,40.0,40.0,0
Mbalmayo,BIO_FP_FH__L2A_20251215T050116_20251227T050144_T_G01_M01_C___T004_F004,2025-12-15,6,29,11.454414367675781,3.4440722465515137,23.674026489257812,1.0,8649,0.0,20.158985029880622,20.372725,34.534744,36.828983,40.601578,42.42767,32.40525,1.0,37.6978911731626,38.0,39.0,39.0,40.0,40.0,0
Mbalmayo,BIO_FP_FH__L2A_20251215T050116_20251227T050144_T_G01_M01_C___T004_F004,2025-12-15,6,30,11.45524787902832,3.4440722465515137,25.59662628173828,1.0,8649,0.0,20.145285999916897,19.585854,27.924934,33.239292,38.770916,47.161324,24.602192,1.0,36.57653119972309,36.0,38.0,38.0,39.0,39.0,0
Mbalmayo,BIO_FP_FH__L2A_20251215T050116_20251227T050144_T_G01_M01_C___T004_F004,2025-12-15,6,31,11.45608139038086,3.4440722465515137,27.43002700805664,1.0,8649,0.0,18.288407619377963,17.591755,23.896654,33.068535,38.841763,46.742985,22.515486,1.0,36.98496668781762,37.0,38.0,38.0,38.680538177490234,39.0,0
Mbalmayo,BIO_FP_FH__L2A_20251215T050116_20251227T050144_T_G01_M01_C___T004_F004,2025-12-15,6,32,11.456914901733398,3.4440722465515137,29.33962631225586,1.0,8649,0.3513999879360199,17.376576850918457,17.691408,27.326155,30.91504,39.96002,45.18438,24.881605,1.0,34.230772521678034,35.0,36.0,37.0,37.0,37.0,0
Mbalmayo,BIO_FP_FH__L2A_20251215T050116_20251227T050144_T_G01_M01_C___T004_F004,2025-12-15,6,33,11.457748413085938,3.4440722465515137,32.08122634887695,1.0,8649,0.9570000171661377,16.82150280198578,15.934317,28.765184,31.341093,37.35708,43.16116,24.918781,1.0,32.19045363752701,32.0,33.0,33.0,33.680538177490234,34.0,0
Mbalmayo,BIO_FP_FH__L2A_20251215T050116_20251227T050144_T_G01_M01_C___T004_F004,2025-12-15,7,2,11.431909561157227,3.4432387351989746,13.819726943969727,0.9999999858861935,8649,1.0621999502182007,10.270536890759715,10.088715,16.812635,18.527523,26.992805,32.38195,15.690171,1.0,23.33404768225857,24.0,26.0,27.0,29.0,29.0,0
Mbalmayo,BIO_FP_FH__L2A_20251215T050116_20251227T050144_T_G01_M01_C___T004_F004,2025-12-15,7,13,11.441078186035156,3.4432387351989746,24.459028244018555,1.0000000105853548,8649,0.0,23.274712972371677,23.87726,35.7719,37.27686,39.10703,40.466797,34.65666,1.0,24.670025423587795,25.0,27.0,27.0,28.0,28.0,0
Mbalmayo,BIO_FP_FH__L2A_20251215T050116_20251227T050144_T_G01_M01_C___T004_F004,2025-12-15,7,14,11.441911697387695,3.4432387351989746,21.800626754760742,1.0,8649,0.0,23.052829614966324,24.200209,33.145294,34.35885,36.44148,39.665157,31.496655,1.0,26.813753820951447,26.675132751464844,30.0,30.0,31.0,32.0,0
Mbalmayo,BIO_FP_FH__L2A_20251215T050116_20251227T050144_T_G01_M01_C___T004_F004,2025-12-15,7,17,11.444412231445312,3.4432387351989746,20.55742645263672,0.9999999753008386,8649,1.1784000396728516,19.093210364438782,16.951653,34.31553,37.24349,39.12692,41.324413,30.274498,1.0,30.433040042876755,30.0,33.0,34.0,34.0,34.0,0
Mbalmayo,BIO_FP_FH__L2A_20251215T050116_20251227T050144_T_G01_M01_C___T004_F004,2025-12-15,7,18,11.445245742797852,3.4432387351989746,22.238168716430664,1.0000000070569033,8649,0.0,15.518706103812677,15.445778,27.69276,30.39063,33.088043,36.98441,24.08211,1.0,32.49065519115224,33.0,35.0,36.0,36.0,36.0,0
Mbalmayo,BIO_FP_FH__L2A_20251215T050116_20251227T050144_T_G01_M01_C___T004_F004,2025-12-15,7,19,11.44607925415039,3.4432387351989746,24.718568801879883,0.9999999964715484,8649,0.0,19.45391628863512,16.35728,40.28121,45.27928,49.658226,51.66902,36.705795,1.0,34.99806611366197,35.0,36.0,36.0,36.0,36.0,0
Mbalmayo,BIO_FP_FH__L2A_20251215T050116_20251227T050144_T_G01_M01_C___T004_F004,2025-12-15,7,20,11.44691276550293,3.4432387351989746,26.447969436645508,0.9999999964715484,8649,0.0,26.62858900913213,26.421778,36.676834,38.82771,41.991302,44.890663,35.264786,1.0,34.712772933937025,35.0,36.0,36.0,37.0,37.0,0
Mbalmayo,BIO_FP_FH__L2A_20251215T050116_20251227T050144_T_G01_M01_C___T004_F004,2025-12-15,7,21,11.447746276855469,3.4432387351989746,24.741369247436523,0.9999999788292903,8649,0.0,23.882474274252704,24.011,40.886555,44.129955,48.166798,49.992073,36.07686,1.0,36.43707390550465,37.0,38.0,38.0,39.0,39.0,0
Mbalmayo,BIO_FP_FH__L2A_20251215T050116_20251227T050144_T_G01_M01_C___T004_F004,2025-12-15,7,29,11.454414367675781,3.4432387351989746,24.168827056884766,1.0000000141138066,8649,1.1727999448776245,23.15881522443302,25.109842,36.405785,39.05161,45.034714,46.488266,33.386055,1.0,37.42130866807683,38.0,39.0,39.0,39.0,39.0,0
Mbalmayo,BIO_FP_FH__L2A_20251215T050116_20251227T050144_T_G01_M01_C___T004_F004,2025-12-15,7,30,11.45524787902832,3.4432387351989746,27.743227005004883,0.9999999823577419,8649,0.39239999651908875,22.812091271433708,22.397417,36.359924,40.29256,44.494,46.982864,31.92211,1.0,37.25043466334013,37.0,38.0,38.0,38.0,39.0,0
Mbalmayo,BIO_FP_FH__L2A_20251215T050116_20251227T050144_T_G01_M01_C___T004_F004,2025-12-15,7,31,11.45608139038086,3.4432387351989746,28.129226684570312,0.9999999682439353,8649,0.5127999782562256,21.457147100055668,20.845211,36.175694,39.965202,43.18869,46.877663,30.4021,1.0,37.502782982861405,37.0,38.51151657104492,39.0,39.0,39.0,0
Mbalmayo,BIO_FP_FH__L2A_20251215T050116_20251227T050144_T_G01_M01_C___T004_F004,2025-12-15,7,32,11.456914901733398,3.4432387351989746,29.457427978515625,1.000000017642258,8649,0.7964000105857849,18.670252316783944,18.346243,29.438261,33.28602,37.9566,43.730244,26.229555,1.0,35.67164969998352,36.0,37.0,37.0,37.0,38.0,0
Mbalmayo,BIO_FP_FH__L2A_20251215T050116_20251227T050144_T_G01_M01_C___T004_F004,2025-12-15,8,13,11.441078186035156,3.4424052238464355,25.866626739501953,0.9999999964715484,8649,0.0,24.446424810666198,25.008009,33.533333,35.631313,38.488075,40.420704,31.712786,1.0,26.85588492778205,27.0,31.284835815429688,32.0,32.0,32.0,0
Mbalmayo,BIO_FP_FH__L2A_20251215T050116_20251227T050144_T_G01_M01_C___T004_F004,2025-12-15,8,14,11.441911697387695,3.4424052238464355,22.98662757873535,1.0,8649,0.0,22.697321685039455,24.618027,30.007933,31.103865,34.006935,39.18108,28.813251,1.0,28.94685959151638,29.0,31.47005271911621,32.0,32.0,32.0,0
Mbalmayo,BIO_FP_FH__L2A_20251215T050116_20251227T050144_T_G01_M01_C___T004_F004,2025-12-15,8,15,11.442745208740234,3.4424052238464355,20.7590274810791,0.9999999682439353,8649,0.0,20.61089729222838,22.365894,29.43637,31.191898,37.482582,41.54245,27.977226,1.0,28.9387861841303,29.0,31.0,31.0,31.0,31.0,0
Mbalmayo,BIO_FP_FH__L2A_20251215T050116_20251227T050144_T_G01_M01_C___T004_F004,2025-12-15,8,16,11.443578720092773,3.4424052238464355,21.303226470947266,1.0,8649,0.0,10.44523199484767,3.184482,28.4074,31.61307,34.076862,39.35145,25.27452,1.0,25.628121375706804,27.0,28.0,29.0,29.0,29.0,0
Mbalmayo,BIO_FP_FH__L2A_20251215T050116_20251227T050144_T_G01_M01_C___T004_F004,2025-12-15,8,17,11.444412231445312,3.4424052238464355,21.194427490234375,1.0,8649,0.0,15.659186462127124,16.311527,27.64449,31.128677,35.742836,38.268803,24.991817,1.0,26.977263841949895,28.0,29.0,29.0,30.0,30.0,0
Mbalmayo,BIO_FP_FH__L2A_20251215T050116_20251227T050144_T_G01_M01_C___T004_F004,2025-12-15,8,18,11.445245742797852,3.4424052238464355,20.336368560791016,1.0,8649,0.0,17.021823275721903,16.12755,27.105038,31.018644,36.693333,40.46883,23.408192,1.0,30.16140484994568,30.0,32.24484634399414,33.0,33.0,33.0,0
Mbalmayo,BIO_FP_FH__L2A_20251215T050116_20251227T050144_T_G01_M01_C___T004_F004,2025-12-15,8,19,11.44607925415039,3.4424052238464355,23.3543701171875,1.0,8649,0.0,18.851362648499826,19.74917,30.262981,32.74002,37.006397,41.348457,26.724062,1.0,32.50589921562944,33.0,34.0,34.0,36.0,36.0,0
Mbalmayo,BIO_FP_FH__L2A_20251215T050116_20251227T050144_T_G01_M01_C___T004_F004,2025-12-15,8,20,11.44691276550293,3.4424052238464355,26.43876838684082,1.0,8649,0.0,15.383921958102093,15.018948,28.446213,30.801666,37.292706,40.67884,24.250788,1.0,29.656223675325048,30.0,33.0,33.0,34.0,34.0,0
Mbalmayo,BIO_FP_FH__L2A_20251215T050116_20251227T050144_T_G01_M01_C___T004_F004,2025-12-15,8,29,11.454414367675781,3.4424052238464355,25.38682746887207,1.0,8649,1.760599970817566,20.021898756359118,20.962408,30.394407,31.718342,33.494194,36.68953,27.950268,1.0,33.38109915093034,33.94687271118164,35.0,35.0,36.0,36.0,0
Mbalmayo,BIO_FP_FH__L2A_20251215T050116_20251227T050144_T_G01_M01_C___T004_F004,2025-12-15,8,30,11.45524787902832,3.4424052238464355,29.315826416015625,1.0,8649,0.8907999992370605,20.891062923188375,22.763494,30.886124,32.276302,34.960976,37.80217,29.157963,1.0,35.12310064463329,35.0,37.0,37.0,38.0,38.0,0
Mbalmayo,BIO_FP_FH__L2A_20251215T050116_20251227T050144_T_G01_M01_C___T004_F004,2025-12-15,8,31,11.45608139038086,3.4424052238464355,29.266626358032227,1.0,8649,1.0246000289916992,17.906240967163836,17.142113,29.144821,32.73255,36.657375,47.743156,26.413868,1.0,35.26550676820182,35.0,36.0,36.0,37.0,37.0,0
Mbalmayo,BIO_FP_FH__L2A_20251215T050116_20251227T050144_T_G01_M01_C___T004_F004,2025-12-15,9,11,11.439411163330078,3.4415717124938965,18.78417205810547,1.0000000105853548,8649,1.3015999794006348,22.565965095815898,23.46538,29.926767,31.082987,33.13614,36.621162,28.62076,1.0,34.98618813853331,35.0,36.0,36.0,37.0,37.0,0
Mbalmayo,BIO_FP_FH__L2A_20251215T050116_20251227T050144_T_G01_M01_C___T004_F004,2025-12-15,9,12,11.440244674682617,3.4415717124938965,18.110971450805664,1.0000000141138066,8649,1.7106000185012817,22.784935922401953,23.727028,31.296268,32.71607,34.94141,36.559914,30.116081,1.0,34.449256495170225,34.006683349609375,36.0,36.0,37.0,37.0,0
Mbalmayo,BIO_FP_FH__L2A_20251215T050116_20251227T050144_T_G01_M01_C___T004_F004,2025-12-15,9,13,11.441078186035156,3.4415717124938965,25.889371871948242,0.9999999929430967,8649,0.07540000230073929,26.028518428203224,26.778921,32.78494,34.312782,39.12948,42.895767,31.760908,1.0,32.882974049055115,33.0,34.0,34.0,35.0,35.0,0
Mbalmayo,BIO_FP_FH__L2A_20251215T050116_20251227T050144_T_G01_M01_C___T004_F004,2025-12-15,9,14,11.441911697387695,3.4415717124938965,23.68537139892578,1.0000000105853548,8649,0.0,27.033795618711075,27.656359,34.035717,35.771946,40.966236,45.786446,31.975758,1.0,32.28220552322506,32.0,34.0,34.0,34.0,34.0,0
Mbalmayo,BIO_FP_FH__L2A_20251215T050116_20251227T050144_T_G01_M01_C___T004_F004,2025-12-15,9,15,11.442745208740234,3.4415717124938965,22.781770706176758,0.9999999929430967,8649,0.0,19.651886319074425,21.146818,30.113297,32.365284,36.71985,39.100773,28.145184,1.0,29.914394663805105,30.0,32.0,33.0,34.0,34.0,0
Mbalmayo,BIO_FP_FH__L2A_20251215T050116_20251227T050144_T_G01_M01_C___T004_F004,2025-12-15,9,16,11.443578720092773,3.4415717124938965,22.40157127380371,1.0,8649,0.0,12.709950211007053,11.357823,26.598452,28.720728,37.949738,41.578537,23.181784,1.0,27.20983711487021,28.0,30.0,31.0,32.0,32.0,0
Mbalmayo,BIO_FP_FH__L2A_20251215T050116_20251227T050144_T_G01_M01_C___T004_F004,2025-12-15,9,17,11.444412231445312,3.4415717124938965,20.36897087097168,1.0,8649,0.0,13.423798429551104,15.181261,23.735401,26.008831,30.130764,32.157238,22.41441,1.0,28.854407699828425,29.0,30.006532669067383,31.0,31.0,32.0,0
Mbalmayo,BIO_FP_FH__L2A_20251215T050116_20251227T050144_T_G01_M01_C___T004_F004,2025-12-15,9,18,11.445245742797852,3.4415717124938965,17.8546199798584,1.0,8649,0.29580000042915344,20.695688153074055,21.46371,27.336372,29.656235,32.37759,38.393326,25.755762,1.0,31.15502988612642,31.0,32.0,33.0,33.0,33.0,0
Mbalmayo,BIO_FP_FH__L2A_20251215T050116_20251227T050144_T_G01_M01_C___T004_F004,2025-12-15,9,19,11.44607925415039,3.4415717124938965,20.4796199798584,1.0,8649,0.675599992275238,25.083412483560238,27.090485,38.05153,39.161304,40.345203,42.591465,36.60845,1.0,31.911168860484995,32.0,33.0,34.0,34.0,34.0,0
Mbalmayo,BIO_FP_FH__L2A_20251215T050116_20251227T050144_T_G01_M01_C___T004_F004,2025-12-15,9,20,11.44691276550293,3.4415717124938965,22.790821075439453,1.0,8649,0.27480000257492065,18.809491388094,19.36972,27.329542,30.154097,36.929573,40.63545,25.31738,1.0,29.0952083372852,29.0,31.0,31.0,32.0,32.0,0
Mbalmayo,BIO_FP_FH__L2A_20251215T050116_20251227T050144_T_G01_M01_C___T004_F004,2025-12-15,9,21,11.447746276855469,3.4415717124938965,23.509620666503906,1.0,8649,0.0,13.812118475582437,14.205952,25.521442,31.099962,38.682266,40.94841,23.522535,1.0,27.52454660040531,27.0,31.0,31.0,32.0,34.0,0
Mbalmayo,BIO_FP_FH__L2A_20251215T050116_20251227T050144_T_G01_M01_C___T004_F004,2025-12-15,10,13,11.441078186035156,3.4407382011413574,23.895172119140625,1.0,8649,0.5339999794960022,22.486435728660826,22.361265,32.29836,34.94967,39.797424,41.401558,30.0361,1.0,33.32516455983878,33.0,35.0,35.0,35.0,35.0,0
Mbalmayo,BIO_FP_FH__L2A_20251215T050116_20251227T050144_T_G01_M01_C___T004_F004,2025-12-15,10,14,11.441911697387695,3.4407382011413574,25.236570358276367,1.0,8649,0.0,24.99772869334605,25.249922,34.89782,36.466545,42.121986,44.44522,33.12711,1.0,33.14516051693009,33.0,34.0,34.0,35.0,35.0,0
Mbalmayo,BIO_FP_FH__L2A_20251215T050116_20251227T050144_T_G01_M01_C___T004_F004,2025-12-15,10,15,11.442745208740234,3.4407382011413574,24.002370834350586,1.0,8649,0.0,24.810439610070528,24.300415,35.439045,38.59437,39.58842,41.004765,33.356876,1.0,32.367688639148255,33.0,33.0,33.75489044189453,34.0,34.0,0
Mbalmayo,BIO_FP_FH__L2A_20251215T050116_20251227T050144_T_G01_M01_C___T004_F004,2025-12-15,10,16,11.443578720092773,3.4407382011413574,22.623971939086914,1.0,8649,0.0,20.977145117932707,22.576729,33.785,36.31105,39.78881,42.431698,31.3678,1.0,30.5322841291883,30.0,33.0,33.0,34.0,34.0,0
Mbalmayo,BIO_FP_FH__L2A_20251215T050116_20251227T050144_T_G01_M01_C___T004_F004,2025-12-15,10,17,11.444412231445312,3.4407382011413574,20.897171020507812,1.0,8649,0.0,20.70312172559689,21.686785,34.13738,37.886673,40.9577,44.19721,29.094666,1.0,31.87025185548745,32.0,34.0,34.0,35.0,35.0,0
Mbalmayo,BIO_FP_FH__L2A_20251215T050116_20251227T050144_T_G01_M01_C___T004_F004,2025-12-15,10,18,11.445245742797852,3.4407382011413574,14.805620193481445,1.0,8649,1.663599967956543,21.861178518651,22.30094,34.05921,37.704277,40.702637,43.37649,29.616503,1.0,33.41188210566646,34.0,35.0,35.0,36.0,36.0,0
Mbalmayo,BIO_FP_FH__L2A_20251215T050116_20251227T050144_T_G01_M01_C___T004_F004,2025-12-15,10,20,11.44691276550293,3.4407382011413574,16.58302116394043,1.0,8649,0.7760000228881836,17.772688564971386,18.234383,36.70153,38.529835,41.58702,43.051693,28.835098,1.0,31.48499625536014,31.0,33.0,33.96016311645508,34.0,34.0,0
Mbalmayo,BIO_FP_FH__L2A_20251215T050116_20251227T050144_T_G01_M01_C___T004_F004,2025-12-15,10,21,11.447746276855469,3.4407382011413574,17.698820114135742,1.0,8649,0.0,18.835982551270376,19.559605,29.775991,32.929447,36.554768,38.23071,26.972559,1.0,31.59224928931868,31.383996963500977,33.0,33.5759391784668,34.0,34.0,0
Mbalmayo,BIO_FP_FH__L2A_20251215T050116_20251227T050144_T_G01_M01_C___T004_F004,2025-12-15,10,22,11.448579788208008,3.4407382011413574,18.232219696044922,1.0,8649,0.0,18.560623202465603,20.657463,28.747875,30.584389,39.21637,41.918102,26.570118,1.0,33.74521258426189,34.0,35.0,35.0,35.0,35.0,0
Mbalmayo,BIO_FP_FH__L2A_20251215T050116_20251227T050144_T_G01_M01_C___T004_F004,2025-12-15,10,23,11.449413299560547,3.4407382011413574,19.461219787597656,1.0,8649,0.0,19.442146603834257,18.958267,37.078953,43.206142,47.584805,49.02372,30.948877,1.0,33.98875760265769,34.0,36.0,36.0,36.0,36.0,0
Mbalmayo,BIO_FP_FH__L2A_20251215T050116_20251227T050144_T_G01_M01_C___T004_F004,2025-12-15,11,13,11.441078186035156,3.4399046897888184,22.753570556640625,1.0,8649,1.4686000347137451,22.68805597106602,24.334759,34.21383,35.236618,40.954437,49.907787,32.696236,1.0,34.65018382024484,35.0,36.0,36.0,37.0,37.0,0
Mbalmayo,BIO_FP_FH__L2A_20251215T050116_20251227T050144_T_G01_M01_C___T004_F004,2025-12-15,11,14,11.441911697387695,3.4399046897888184,26.06357192993164,1.0,8649,0.4887999892234802,21.492818895248007,22.125982,30.734507,34.093605,39.794292,41.787518,28.622694,1.0,34.106031740920535,34.0,36.0,37.0,38.0,38.0,0
Mbalmayo,BIO_FP_FH__L2A_20251215T050116_20251227T050144_T_G01_M01_C___T004_F004,2025-12-15,11,15,11.442745208740234,3.4399046897888184,24.592571258544922,1.0,8649,0.14880000054836273,23.74385609066077,23.92493,32.93187,34.49327,36.762363,40.64786,31.024847,1.0,33.17840494819012,33.0,35.0,35.0,36.0,36.0,0
Mbalmayo,BIO_FP_FH__L2A_20251215T050116_20251227T050144_T_G01_M01_C___T004_F004,2025-12-15,11,16,11.443578720092773,3.4399046897888184,23.219770431518555,1.0,8649,0.0,19.812101426104174,19.370596,28.507463,31.486101,34.509956,36.508984,26.576036,1.0,33.28942097216097,33.0,35.0,35.0,35.0,35.0,0
Mbalmayo,BIO_FP_FH__L2A_20251215T050116_20251227T050144_T_G01_M01_C___T004_F004,2025-12-15,11,17,11.444412231445312,3.4399046897888184,18.031171798706055,1.0,8649,1.3193999528884888,21.31647806104752,21.886892,32.38051,37.17882,39.882683,43.87065,29.792782,1.0,31.599858181120165,32.0,33.77985382080078,34.0,34.0,34.0,0
Mbalmayo,BIO_FP_FH__L2A_20251215T050116_20251227T050144_T_G01_M01_C___T004_F004,2025-12-15,11,21,11.447746276855469,3.4399046897888184,17.939821243286133,1.0,8649,0.0,19.073247945933055,19.542097,27.871984,34.12541,40.96544,42.378418,24.633045,1.0,30.549836090940012,30.0,32.0,33.0,33.0,33.0,0
Mbalmayo,BIO_FP_FH__L2A_20251215T050116_20251227T050144_T_G01_M01_C___T004_F004,2025-12-15,11,22,11.448579788208008,3.4399046897888184,19.256019592285156,1.0,8649,0.0,10.644368771859464,8.060421,22.894016,25.281172,31.878605,35.53369,19.231936,1.0,30.39988250789759,30.0,32.0,33.0,33.0,34.0,0
Mbalmayo,BIO_FP_FH__L2A_20251215T050116_20251227T050144_T_G01_M01_C___T004_F004,2025-12-15,11,23,11.449413299560547,3.4399046897888184,21.159021377563477,1.0,8649,0.0,12.5251104941684,12.068872,25.738071,28.108862,30.91681,34.720722,21.165766,1.0,30.221254269805776,30.0,32.0,32.0,33.0,34.0,0
Mbalmayo,BIO_FP_FH__L2A_20251215T050116_20251227T050144_T_G01_M01_C___T004_F004,2025-12-15,11,24,11.450246810913086,3.4399046897888184,20.04322052001953,1.0,8649,0.0,18.29678467163834,19.429226,27.397924,29.015285,31.202919,40.68241,24.540737,1.0,27.027320544696817,27.0,30.0,30.0,31.0,31.0,0
Mbalmayo,BIO_FP_FH__L2A_20251215T050116_20251227T050144_T_G01_M01_C___T004_F004,2025-12-15,11,25,11.451080322265625,3.4399046897888184,18.427221298217773,1.0,8649,0.6589999794960022,13.674108594562956,13.326987,24.493954,25.504736,26.957874,29.450289,20.693773,1.0,24.162838316498526,24.0,26.0,26.0,27.0,28.0,0
Mbalmayo,BIO_FP_FH__L2A_20251215T050116_20251227T050144_T_G01_M01_C___T004_F004,2025-12-15,11,35,11.459415435791016,3.4399046897888184,13.19480037689209,1.0,8649,1.955199956893921,20.691572905827265,19.685463,37.170925,39.411327,41.59035,42.802677,33.473347,1.0,37.50708431535435,38.0,39.0,39.0,39.0,39.0,0
Mbalmayo,BIO_FP_FH__L2A_20251215T050116_20251227T050144_T_G01_M01_C___T004_F004,2025-12-15,12,14,11.441911697387695,3.4390711784362793,27.298370361328125,1.0,8649,1.1332000494003296,19.4804607333579,21.571392,32.547115,36.33796,41.580982,44.51863,28.349062,1.0,36.75719945049517,37.0,38.0,38.0,38.0,38.0,0
Mbalmayo,BIO_FP_FH__L2A_20251215T050116_20251227T050144_T_G01_M01_C___T004_F004,2025-12-15,12,15,11.442745208740234,3.4390711784362793,26.048770904541016,1.0,8649,0.7847999930381775,23.248991935483872,23.92882,33.96784,36.996284,42.936947,44.322693,30.49599,1.0,35.96798918996743,36.0,37.0,37.0,37.562835693359375,38.0,0
Mbalmayo,BIO_FP_FH__L2A_20251215T050116_20251227T050144_T_G01_M01_C___T004_F004,2025-12-15,12,16,11.443578720092773,3.4390711784362793,24.799171447753906,1.0,8649,0.43639999628067017,25.439307131785466,26.038763,34.27985,37.043568,40.411285,43.25014,32.04811,1.0,33.1605739445752,33.0,35.0,35.0,36.0,36.0,0
Mbalmayo,BIO_FP_FH__L2A_20251215T050116_20251227T050144_T_G01_M01_C___T004_F004,2025-12-15,12,21,11.447746276855469,3.4390711784362793,20.431819915771484,1.0,8649,0.0,23.57576878468609,23.661787,31.362267,36.26355,41.258057,43.409676,28.13944,1.0,31.406714475007398,31.0,33.0,34.0,34.0,35.0,0
Mbalmayo,BIO_FP_FH__L2A_20251215T050116_20251227T050144_T_G01_M01_C___T004_F004,2025-12-15,12,22,11.448579788208008,3.4390711784362793,21.569820404052734,1.0,8649,0.0,22.183735452617356,21.008465,38.485027,40.35195,42.667027,43.568417,34.819286,1.0,30.51202508818553,30.0,31.0,32.0,32.0,32.0,0
Mbalmayo,BIO_FP_FH__L2A_20251215T050116_20251227T050144_T_G01_M01_C___T004_F004,2025-12-15,12,23,11.449413299560547,3.4390711784362793,22.244220733642578,1.0,8649,0.0,13.37491080074286,13.044598,26.223392,35.579746,39.485825,43.07553,22.080572,1.0,27.898578017278137,28.0,31.0,31.0,31.0,31.0,0
Mbalmayo,BIO_FP_FH__L2A_20251215T050116_20251227T050144_T_G01_M01_C___T004_F004,2025-12-15,12,24,11.450246810913086,3.4390711784362793,19.654220581054688,1.0,8649,0.0,13.759582032604925,14.082832,22.754164,24.129139,27.12637,34.194633,20.858063,1.0,25.871063308504112,25.0,28.0,30.0,31.0,32.0,0
Mbalmayo,BIO_FP_FH__L2A_20251215T050116_20251227T050144_T_G01_M01_C___T004_F004,2025-12-15,12,25,11.451080322265625,3.4390711784362793,17.875221252441406,1.0,8649,0.0,17.884743042909584,17.074629,32.21356,34.687572,42.47838,45.07972,29.86958,1.0,30.40541054805809,31.0,33.0,34.0,34.88105010986328,35.0,0
Mbalmayo,BIO_FP_FH__L2A_20251215T050116_20251227T050144_T_G01_M01_C___T004_F004,2025-12-15,12,31,11.45608139038086,3.4390711784362793,17.05434226989746,1.0,8649,1.7458000183105469,17.2685330086932,15.496698,31.646845,36.414513,43.87571,48.20979,25.17065,1.0,35.48270958670992,36.0,36.119361877441406,37.0,37.0,37.0,0
Mbalmayo,BIO_FP_FH__L2A_20251215T050116_20251227T050144_T_G01_M01_C___T004_F004,2025-12-15,12,33,11.457748413085938,3.4390711784362793,19.271543502807617,1.0,8649,0.0,17.267451100741415,14.892996,30.859264,33.215256,41.9196,44.782425,26.287113,1.0,30.710102845208606,31.0,32.0,32.0,32.0,32.0,0
Mbalmayo,BIO_FP_FH__L2A_20251215T050116_20251227T050144_T_G01_M01_C___T004_F004,2025-12-15,12,34,11.458581924438477,3.4390711784362793,18.03820037841797,1.0,8649,0.0,13.099425218052666,9.74999,29.648308,33.400345,36.84779,38.627567,23.621864,1.0,35.08314514336579,35.23823928833008,38.0,38.0,39.0,39.0,0
Mbalmayo,BIO_FP_FH__L2A_20251215T050116_20251227T050144_T_G01_M01_C___T004_F004,2025-12-15,13,14,11.441911697387695,3.4382376670837402,26.29117202758789,1.0,8649,0.498199999332428,27.236592900010116,29.2165,40.661755,42.588722,44.559837,45.87693,38.56877,1.0,37.755136849990755,38.0,38.0,39.0,40.0,40.0,0
Mbalmayo,BIO_FP_FH__L2A_20251215T050116_20251227T050144_T_G01_M01_C___T004_F004,2025-12-15,13,15,11.442745208740234,3.4382376670837402,26.73497200012207,0.9999999858861935,8649,0.86080002784729,27.101248313982293,27.86196,35.7898,37.435295,39.887596,42.52032,34.25144,1.0,37.2200005798481,37.0,39.0,39.0,39.0,39.0,0
Mbalmayo,BIO_FP_FH__L2A_20251215T050116_20251227T050144_T_G01_M01_C___T004_F004,2025-12-15,13,16,11.443578720092773,3.4382376670837402,26.771770477294922,0.9999999576585805,8649,1.0526000261306763,28.929270052950063,29.527033,36.588528,38.431274,40.551525,42.58992,35.21509,1.0,33.7436621682825,34.0,35.0,35.417301177978516,36.0,36.0,0
Mbalmayo,BIO_FP_FH__L2A_20251215T050116_20251227T050144_T_G01_M01_C___T004_F004,2025-12-15,13,21,11.447746276855469,3.4382376670837402,20.153221130371094,1.0000000211707099,8649,1.1964000463485718,14.208392423429373,15.247123,26.310696,31.062712,33.578144,35.61106,23.736702,1.0,31.80028980505206,32.0,33.0,33.0,34.0,34.0,0
Mbalmayo,BIO_FP_FH__L2A_20251215T050116_20251227T050144_T_G01_M01_C___T004_F004,2025-12-15,13,22,11.448579788208008,3.4382376670837402,22.07862091064453,0.9999999929430967,8649,0.0,12.73119383785558,9.91573,30.710024,33.261066,36.25327,40.273293,23.873734,1.0,31.346893739253748,31.701873779296875,33.0,33.0,33.0,33.0,0
Mbalmayo,BIO_FP_FH__L2A_20251215T050116_20251227T050144_T_G01_M01_C___T004_F004,2025-12-15,13,23,11.449413299560547,3.4382376670837402,19.503219604492188,1.000000056455226,8649,0.0,8.614008245736938,3.8076148,27.215124,31.85,37.431606,39.76561,19.85796,1.0,28.546339339804188,29.0,31.0,32.0,33.0,34.0,0
Mbalmayo,BIO_FP_FH__L2A_20251215T050116_20251227T050144_T_G01_M01_C___T004_F004,2025-12-15,13,24,11.450246810913086,3.4382376670837402,16.278820037841797,0.9999999929430967,8649,0.0,16.775929777884322,14.626959,31.135723,34.16925,39.039204,42.463432,24.626968,1.0,31.649785509439187,32.0,35.0,36.0,37.741600036621094,38.0,0
Mbalmayo,BIO_FP_FH__L2A_20251215T050116_20251227T050144_T_G01_M01_C___T004_F004,2025-12-15,13,25,11.451080322265625,3.4382376670837402,18.30082130432129,1.0000000211707099,8649,0.0,19.839459660268407,20.232489,30.483534,32.254112,37.06062,39.117176,27.560747,1.0,34.57189759558674,35.0,36.0,36.056678009033206,37.0,37.0,0
Mbalmayo,BIO_FP_FH__L2A_20251215T050116_20251227T050144_T_G01_M01_C___T004_F004,2025-12-15,13,26,11.451913833618164,3.4382376670837402,18.904142379760742,1.000000084682839,8649,1.6618000268936157,17.439626998094948,16.170649,30.22967,32.647736,37.24449,39.85643,26.618235,1.0,33.17001677689655,33.0,34.0,34.0,34.0,35.0,0
Mbalmayo,BIO_FP_FH__L2A_20251215T050116_20251227T050144_T_G01_M01_C___T004_F004,2025-12-15,13,33,11.457748413085938,3.4382376670837402,22.31394386291504,0.9999999858861935,8649,0.0,18.128513125847295,16.367947,32.692245,34.2228,36.625137,41.022873,29.879433,1.0,28.844862896137148,29.0,31.0,31.3243350982666,32.0,33.0,0
Mbalmayo,BIO_FP_FH__L2A_20251215T050116_20251227T050144_T_G01_M01_C___T004_F004,2025-12-15,14,14,11.441911697387695,3.437404155731201,25.795570373535156,1.0000000070569033,8649,0.1550000011920929,30.271354991820804,32.67823,41.85471,42.982925,45.000774,48.18318,40.416054,1.0,38.938136478864685,39.0,40.0,40.0,40.0,40.0,0
Mbalmayo,BIO_FP_FH__L2A_20251215T050116_20251227T050144_T_G01_M01_C___T004_F004,2025-12-15,14,15,11.442745208740234,3.437404155731201,26.676971435546875,0.9999999082602576,8649,0.7649999856948853,29.3497306235114,30.830294,38.668694,39.79776,41.229553,42.20868,36.931396,1.0,36.550321846921285,37.0,38.0,38.0,39.0,39.0,0
Mbalmayo,BIO_FP_FH__L2A_20251215T050116_20251227T050144_T_G01_M01_C___T004_F004,2025-12-15,14,18,11.445245742797852,3.437404155731201,22.538820266723633,1.0,8649,1.5576000213623047,24.53601640182391,25.442019,33.1809,34.925117,37.885803,42.80136,31.681162,1.0,33.2345944156618,33.0,34.0,35.0,35.0,35.0,0
Mbalmayo,BIO_FP_FH__L2A_20251215T050116_20251227T050144_T_G01_M01_C___T004_F004,2025-12-15,14,21,11.447746276855469,3.437404155731201,19.916820526123047,1.0,8649,1.9620000123977661,21.923798994103365,23.839949,33.364697,35.253826,38.123806,40.10303,31.162992,1.0,33.488303500195435,33.0,35.0,35.0,35.87406539916992,36.0,0
Mbalmayo,BIO_FP_FH__L2A_20251215T050116_20251227T050144_T_G01_M01_C___T004_F004,2025-12-15,14,22,11.448579788208008,3.437404155731201,20.599220275878906,1.0,8649,0.0,19.954371757211817,20.107235,36.662228,38.69863,42.0499,47.270504,32.00704,1.0,34.02375572664171,34.0,35.0,35.862545013427734,36.0,36.0,0
Mbalmayo,BIO_FP_FH__L2A_20251215T050116_20251227T050144_T_G01_M01_C___T004_F004,2025-12-15,14,23,11.449413299560547,3.437404155731201,17.426620483398438,1.0,8649,0.0,19.854903746097815,18.026213,35.465164,39.972366,45.35453,49.76753,29.563147,1.0,35.37280801073335,35.0,39.0,39.0,40.0,40.0,0
Mbalmayo,BIO_FP_FH__L2A_20251215T050116_20251227T050144_T_G01_M01_C___T004_F004,2025-12-15,15,14,11.441911697387695,3.436570644378662,25.843172073364258,1.0000000211707099,8649,1.5434000492095947,30.46499959892091,34.30257,40.406284,41.527515,43.224915,44.94937,38.92,1.0,37.950767247604354,38.0,39.0,40.0,40.0,40.0,0
Mbalmayo,BIO_FP_FH__L2A_20251215T050116_20251227T050144_T_G01_M01_C___T004_F004,2025-12-15,15,20,11.44691276550293,3.436570644378662,22.341421127319336,1.0,8649,0.0,19.69360597142733,19.32113,32.160656,35.204884,40.44324,43.78263,29.30522,1.0,30.8356090152673,31.0,33.0,33.0,33.0,34.0,0
Mbalmayo,BIO_FP_FH__L2A_20251215T050116_20251227T050144_T_G01_M01_C___T004_F004,2025-12-15,15,21,11.447746276855469,3.436570644378662,22.55742073059082,1.0,8649,0.0,19.22896929919644,19.33985,29.145708,30.912174,34.24186,36.379124,26.245323,1.0,33.437213607930985,33.0,35.0,35.0,36.0,37.0,0
Mbalmayo,BIO_FP_FH__L2A_20251215T050116_20251227T050144_T_G01_M01_C___T004_F004,2025-12-15,15,22,11.448579788208008,3.436570644378662,21.548419952392578,1.0,8649,0.0,21.67374321634004,22.512068,33.01426,35.131393,40.204178,41.66868,30.138935,1.0,35.437447458267876,35.29790115356445,36.0,36.40385818481445,37.0,37.0,0
Mbalmayo,BIO_FP_FH__L2A_20251215T050116_20251227T050144_T_G01_M01_C___T004_F004,2025-12-15,15,23,11.449413299560547,3.436570644378662,17.30082130432129,1.0,8649,1.8398000001907349,23.642284106182796,22.777552,39.897743,46.86872,50.2778,52.849865,36.100746,1.0,37.36869752072147,37.0,39.0,39.0,39.0,39.0,0
Mbalmayo,BIO_FP_FH__L2A_20251215T050116_20251227T050144_T_G01_M01_C___T004_F004,2025-12-15,16,13,11.441078186035156,3.435737133026123,28.706571578979492,1.0,8649,1.100600004196167,30.573718556697305,32.186172,41.197716,42.86037,44.618324,46.932545,39.79711,1.0,38.0151318186128,38.0,40.0,40.0,40.0,40.0,0
Mbalmayo,BIO_FP_FH__L2A_20251215T050116_20251227T050144_T_G01_M01_C___T004_F004,2025-12-15,16,14,11.441911697387695,3.435737133026123,27.844770431518555,1.0,8649,1.1311999559402466,35.01656260839403,37.352,43.03646,44.641052,46.853252,51.553596,42.100407,1.0,37.15783865447126,37.0,38.0,39.0,39.0,39.0,0
Mbalmayo,BIO_FP_FH__L2A_20251215T050116_20251227T050144_T_G01_M01_C___T004_F004,2025-12-15,16,20,11.44691276550293,3.435737133026123,23.699420928955078,1.0,8649,0.0,26.64139911405943,28.000357,35.74773,37.242973,39.966713,42.99927,34.320698,1.0,32.10309866765067,32.0,34.0,35.0,35.0,35.0,0
Mbalmayo,BIO_FP_FH__L2A_20251215T050116_20251227T050144_T_G01_M01_C___T004_F004,2025-12-15,16,21,11.447746276855469,3.435737133026123,23.38521957397461,1.0,8649,0.0,20.61413372391317,19.931961,32.50784,34.33451,36.493538,39.09058,30.17406,1.0,31.51768494203664,31.980024337768555,33.0,33.0,33.0,35.0,0
Mbalmayo,BIO_FP_FH__L2A_20251215T050116_20251227T050144_T_G01_M01_C___T004_F004,2025-12-15,16,22,11.448579788208008,3.435737133026123,22.260820388793945,0.9994754039258512,8647,0.5961999893188477,23.190836676166054,24.461864,32.495296,34.89516,39.098495,40.964626,30.83387,1.0,33.52903518209238,34.0,35.0,35.0,35.0,36.0,0
Mbalmayo,BIO_FP_FH__L2A_20251215T050116_20251227T050144_T_G01_M01_C___T004_F004,2025-12-15,17,3,11.432743072509766,3.434903621673584,23.72745132446289,1.0,8649,1.729200005531311,6.916925005781015,4.652214,15.93109,20.169535,29.242426,31.530596,12.020362,1.0,24.420098829936506,24.0,26.0,27.418848037719727,28.0,28.0,0
Mbalmayo,BIO_FP_FH__L2A_20251215T050116_20251227T050144_T_G01_M01_C___T004_F004,2025-12-15,17,12,11.440244674682617,3.434903621673584,29.316442489624023,1.0,8649,1.0828810930252075,30.129969414816742,30.654144,41.116104,42.763474,45.71133,49.220745,40.00555,1.0,38.56840745632821,39.0,41.0,41.0,41.0,41.0,0
Mbalmayo,BIO_FP_FH__L2A_20251215T050116_20251227T050144_T_G01_M01_C___T004_F004,2025-12-15,17,13,11.441078186035156,3.434903621673584,28.368642807006836,1.0,8649,1.1170810461044312,29.17875553712857,29.204292,39.000103,40.65504,43.749577,46.340767,38.022377,1.0,39.246947779078226,39.418846130371094,40.28483581542969,41.0,41.0,41.0,0
Mbalmayo,BIO_FP_FH__L2A_20251215T050116_20251227T050144_T_G01_M01_C___T004_F004,2025-12-15,17,14,11.441911697387695,3.434903621673584,29.05244255065918,1.0,8649,1.07728111743927,27.96690504321309,28.682081,41.010372,42.74082,45.55489,50.454952,39.622723,1.0,35.61346861386881,36.0,37.0,37.6689453125,38.0,38.0,0
Mbalmayo,BIO_FP_FH__L2A_20251215T050116_20251227T050144_T_G01_M01_C___T004_F004,2025-12-15,17,15,11.442745208740234,3.434903621673584,29.80564308166504,1.0,8649,1.0458811521530151,23.91018221940398,24.06872,35.904465,38.684555,42.143475,43.67814,33.754974,1.0,36.55107146205896,36.0,38.0,39.0,39.0,39.0,0
Mbalmayo,BIO_FP_FH__L2A_20251215T050116_20251227T050144_T_G01_M01_C___T004_F004,2025-12-15,17,16,11.443578720092773,3.434903621673584,30.3542423248291,1.0,8649,1.032481074333191,26.130527192449993,26.873844,39.16532,41.640446,44.375805,46.04342,37.049274,1.0,37.986058386781615,38.0,39.0,39.0,40.0,40.0,0
Mbalmayo,BIO_FP_FH__L2A_20251215T050116_20251227T050144_T_G01_M01_C___T004_F004,2025-12-15,17,18,11.445245742797852,3.434903621673584,28.243824005126953,1.0,8649,0.567799985408783,29.243298087206615,30.498335,38.638985,40.228138,42.12618,43.99215,37.441936,1.0,37.391983674404756,37.0,39.0,39.0,39.0,39.0,0
Mbalmayo,BIO_FP_FH__L2A_20251215T050116_20251227T050144_T_G01_M01_C___T004_F004,2025-12-15,17,19,11.44607925415039,3.434903621673584,25.674625396728516,1.0,8649,0.19480000436306,31.877599650248584,32.996815,39.79872,41.221115,43.409428,45.671272,38.1522,1.0,36.83447811829312,37.0,38.0,38.0,38.0,38.0,0
Mbalmayo,BIO_FP_FH__L2A_20251215T050116_20251227T050144_T_G01_M01_C___T004_F004,2025-12-15,17,20,11.44691276550293,3.434903621673584,24.994625091552734,0.986080131305823,8551,0.2824000120162964,23.556511991201944,26.634203,35.159386,36.470253,39.808304,42.383812,33.079636,0.8587383495057741,35.15111850453419,35.0,37.0,38.0,38.0,38.0,0
Mbalmayo,BIO_FP_FH__L2A_20251215T050116_20251227T050144_T_G01_M01_C___T004_F004,2025-12-15,18,13,11.441078186035156,3.434070110321045,29.23044204711914,1.0,8649,1.0790810585021973,29.17722785871199,30.100079,36.768467,38.123566,40.666348,44.706245,35.826183,1.0,38.56356051009795,38.774906158447266,40.0,40.0,40.91889190673828,41.0,0
Mbalmayo,BIO_FP_FH__L2A_20251215T050116_20251227T050144_T_G01_M01_C___T004_F004,2025-12-15,18,14,11.441911697387695,3.434070110321045,29.924842834472656,1.0,8649,1.0394810438156128,30.74774698483929,31.363821,40.469913,42.743732,44.789318,46.252815,38.108654,1.0,36.71564954514448,37.0,38.0,39.0,40.0,40.0,0
Mbalmayo,BIO_FP_FH__L2A_20251215T050116_20251227T050144_T_G01_M01_C___T004_F004,2025-12-15,18,18,11.445245742797852,3.434070110321045,27.7794246673584,0.9670976543305223,8375,0.703000009059906,25.422270601599433,25.12324,37.078403,38.533363,40.512985,42.462433,35.261932,0.9296659630671503,35.1639981550225,36.0,36.0,37.0,37.0,38.0,0
Mbalmayo,BIO_FP_FH__L2A_20251215T050116_20251227T050144_T_G01_M01_C___T004_F004,2025-12-15,18,41,11.46441650390625,3.434070110321045,22.72690773010254,1.0,8649,0.6430000066757202,15.680014262848307,15.737608,23.298729,24.778687,28.315397,35.500233,21.732567,1.0,28.96071690671746,29.0,30.63033142089843,31.0,31.0,31.0,0
Mbalmayo,BIO_FP_FH__L2A_20251215T050116_20251227T050144_T_G01_M01_C___T004_F004,2025-12-15,19,2,11.431909561157227,3.433236598968506,22.93885040283203,0.9527383946120939,8286,0.0,6.118979141976772,4.032319,14.260908,16.740206,22.919603,25.633734,11.710176,1.0,25.51382923049036,26.0,27.024850845336914,28.0,28.0,28.0,0
Mbalmayo,BIO_FP_FH__L2A_20251215T050116_20251227T050144_T_G01_M01_C___T004_F004,2025-12-15,19,3,11.432743072509766,3.433236598968506,20.46565055847168,1.0,8649,0.0,9.87016291623309,10.545188,16.37827,18.29887,22.49403,26.639647,14.40686,1.0,24.823805531265695,24.0,27.0,28.0,28.0,29.0,0
Mbalmayo,BIO_FP_FH__L2A_20251215T050116_20251227T050144_T_G01_M01_C___T004_F004,2025-12-15,19,4,11.433576583862305,3.433236598968506,19.732450485229492,1.0,8649,0.0,11.815054937709562,9.84299,24.88967,28.767857,35.949127,37.437164,20.171324,1.0,31.210912005172766,31.0,33.0,34.0,34.0,34.0,0
Mbalmayo,BIO_FP_FH__L2A_20251215T050116_20251227T050144_T_G01_M01_C___T004_F004,2025-12-15,19,5,11.434410095214844,3.433236598968506,18.918649673461914,1.0,8649,0.902999997138977,19.55125411897329,19.823565,32.20103,34.732464,38.175144,40.787872,30.420254,1.0,34.81440547634817,35.0,36.0,36.0,36.0,37.0,0
Mbalmayo,BIO_FP_FH__L2A_20251215T050116_20251227T050144_T_G01_M01_C___T004_F004,2025-12-15,19,10,11.438577651977539,3.433236598968506,31.136241912841797,1.0,8649,1.074281096458435,28.848915427361543,29.199299,34.89124,36.4606,39.38741,42.759342,33.71445,1.0,35.05289902424093,34.0,39.0,40.0,41.0,41.0,0
Mbalmayo,BIO_FP_FH__L2A_20251215T050116_20251227T050144_T_G01_M01_C___T004_F004,2025-12-15,19,11,11.439411163330078,3.433236598968506,30.363842010498047,1.0,8649,1.0566810369491577,27.57032017791074,28.979572,34.033604,34.86742,36.19476,39.27146,33.19082,1.0,32.56367205327502,32.0,35.0,35.0,36.816261291503906,37.0,0
Mbalmayo,BIO_FP_FH__L2A_20251215T050116_20251227T050144_T_G01_M01_C___T004_F004,2025-12-15,19,12,11.440244674682617,3.433236598968506,29.12904167175293,1.0,8649,1.101081132888794,27.218880298661695,28.07237,33.81528,36.12432,38.584457,40.53978,32.33917,1.0,35.90735752803905,36.0,38.0,38.0,39.0,39.0,0
Mbalmayo,BIO_FP_FH__L2A_20251215T050116_20251227T050144_T_G01_M01_C___T004_F004,2025-12-15,19,13,11.441078186035156,3.433236598968506,28.86144256591797,1.0,8649,1.1008810997009277,26.49440935187594,27.865808,37.89361,41.804325,43.987976,45.609283,35.22383,1.0,36.80076470994194,37.0,38.549808502197266,39.0,40.0,41.0,0
Mbalmayo,BIO_FP_FH__L2A_20251215T050116_20251227T050144_T_G01_M01_C___T004_F004,2025-12-15,19,20,11.44691276550293,3.433236598968506,25.182424545288086,0.9985926417839128,8641,0.8672000169754028,13.137706411524402,12.37138,27.070118,30.369267,38.272293,43.269676,24.257338,0.9897849630284054,33.84727975739012,34.0,35.0,35.0,37.0,37.0,0
Mbalmayo,BIO_FP_FH__L2A_20251215T050116_20251227T050144_T_G01_M01_C___T004_F004,2025-12-15,19,21,11.447746276855469,3.433236598968506,23.515424728393555,1.0,8649,0.39160001277923584,16.745686594909817,17.187723,25.854664,28.146023,33.11699,36.28223,23.999578,1.0,33.168919302739354,33.0,34.0,34.93875503540039,35.0,36.0,0
Mbalmayo,BIO_FP_FH__L2A_20251215T050116_20251227T050144_T_G01_M01_C___T004_F004,2025-12-15,19,22,11.448579788208008,3.433236598968506,22.238624572753906,1.0,8649,0.0,15.450429375867152,15.533921,23.709265,26.274948,31.268843,36.293224,22.276007,1.0,34.863024008234106,35.0,35.701873779296875,36.0,36.0,36.0,0
Mbalmayo,BIO_FP_FH__L2A_20251215T050116_20251227T050144_T_G01_M01_C___T004_F004,2025-12-15,20,2,11.431909561157227,3.432403087615967,19.54425048828125,0.9252588415658602,8091,0.0,5.302097493720045,3.5688775,12.758203,15.636441,19.823286,24.235662,10.963036,1.0,25.006147730872872,25.0,26.0,26.0,27.0,28.0,0
Mbalmayo,BIO_FP_FH__L2A_20251215T050116_20251227T050144_T_G01_M01_C___T004_F004,2025-12-15,20,3,11.432743072509766,3.432403087615967,17.546850204467773,1.0,8649,0.0,12.109344627088392,10.582424,26.454988,30.22102,34.58812,36.120358,19.236868,1.0,27.22932094733196,27.0,29.72845458984375,30.0,31.0,32.0,0
Mbalmayo,BIO_FP_FH__L2A_20251215T050116_20251227T050144_T_G01_M01_C___T004_F004,2025-12-15,20,4,11.433576583862305,3.432403087615967,16.52665138244629,1.0,8649,0.0,14.59251182398254,13.626532,28.318457,30.874552,38.90299,41.198677,23.581467,1.0,31.972670353000627,32.0,33.0,34.0,34.0,34.0,0
Mbalmayo,BIO_FP_FH__L2A_20251215T050116_20251227T050144_T_G01_M01_C___T004_F004,2025-12-15,20,5,11.434410095214844,3.432403087615967,17.87885093688965,1.0,8649,0.0,19.14995817796855,20.235508,34.0379,36.134922,37.761723,42.78967,31.851381,1.0,33.526901042231216,33.0,35.0,36.0,36.0,36.0,0
Mbalmayo,BIO_FP_FH__L2A_20251215T050116_20251227T050144_T_G01_M01_C___T004_F004,2025-12-15,20,6,11.435243606567383,3.432403087615967,18.889650344848633,1.0,8649,0.0,26.614036620924384,26.292376,35.884743,37.91318,40.272778,41.967995,33.51149,1.0,31.957722185884464,32.0,34.0,34.364166259765625,35.0,35.0,0
Mbalmayo,BIO_FP_FH__L2A_20251215T050116_20251227T050144_T_G01_M01_C___T004_F004,2025-12-15,20,7,11.436077117919922,3.432403087615967,16.980449676513672,1.0,8649,0.7203999757766724,25.018863045944617,26.539135,32.882557,34.583717,36.624737,38.697037,31.897507,1.0,33.54195406654967,34.0,36.0,37.0,38.0,38.0,0
Mbalmayo,BIO_FP_FH__L2A_20251215T050116_20251227T050144_T_G01_M01_C___T004_F004,2025-12-15,20,10,11.438577651977539,3.432403087615967,28.284442901611328,1.0,8649,1.6004811525344849,31.39542188764597,32.215538,38.927464,39.82111,41.13668,42.53433,38.025013,1.0,39.753135525900475,40.0,41.0,41.0,41.0,41.0,0
Mbalmayo,BIO_FP_FH__L2A_20251215T050116_20251227T050144_T_G01_M01_C___T004_F004,2025-12-15,20,11,11.439411163330078,3.432403087615967,30.615442276000977,1.0,8649,1.0584810972213745,31.501048938099782,32.4624,39.3314,40.692535,42.726387,43.883442,38.096508,1.0,37.68732360873364,38.0,40.0,40.0,40.0,40.0,0
Mbalmayo,BIO_FP_FH__L2A_20251215T050116_20251227T050144_T_G01_M01_C___T004_F004,2025-12-15,20,12,11.440244674682617,3.432403087615967,29.235042572021484,1.0,8649,1.1036810874938965,30.946655005275176,32.250904,38.307987,39.56164,41.27561,42.57509,36.819496,1.0,34.96985482612722,35.0,38.0,39.0,39.9586181640625,40.0,0
Mbalmayo,BIO_FP_FH__L2A_20251215T050116_20251227T050144_T_G01_M01_C___T004_F004,2025-12-15,20,19,11.44607925415039,3.432403087615967,23.618425369262695,1.0,8649,0.42660000920295715,19.504460414498787,19.241812,31.276863,35.34727,39.716274,41.896637,28.175985,1.0,36.56176784011253,37.0,38.0,38.0,38.0,38.0,0
Mbalmayo,BIO_FP_FH__L2A_20251215T050116_20251227T050144_T_G01_M01_C___T004_F004,2025-12-15,20,20,11.44691276550293,3.432403087615967,22.16342544555664,1.0,8649,0.3057999908924103,22.19573184941901,22.309414,33.62818,35.756493,39.244698,41.021973,31.884493,1.0,35.80566543683191,36.0,38.0,38.0,38.0,38.0,0
Mbalmayo,BIO_FP_FH__L2A_20251215T050116_20251227T050144_T_G01_M01_C___T004_F004,2025-12-15,20,21,11.447746276855469,3.432403087615967,20.715824127197266,1.0,8649,0.0,15.333427726471268,15.939445,23.263477,25.516726,29.674318,32.98648,21.671452,1.0,33.50046204677109,33.12593460083008,34.0,34.0,35.0,35.0,0
Mbalmayo,BIO_FP_FH__L2A_20251215T050116_20251227T050144_T_G01_M01_C___T004_F004,2025-12-15,20,22,11.448579788208008,3.432403087615967,20.465423583984375,1.0,8649,0.0,11.954245297505492,10.935684,22.75273,25.735268,29.84132,33.312416,20.433962,1.0,34.739221551043684,35.0,36.0,36.0,36.0,36.0,0
Mbalmayo,BIO_FP_FH__L2A_20251215T050116_20251227T050144_T_G01_M01_C___T004_F004,2025-12-15,20,42,11.465250015258789,3.432403087615967,18.429399490356445,1.0,8649,0.26980000734329224,16.85379744948838,14.492026,32.04058,36.69087,40.455894,44.049614,26.831018,1.0,36.961968188947964,37.0,38.39714050292969,39.0,40.0,41.0,0
Mbalmayo,BIO_FP_FH__L2A_20251215T050116_20251227T050144_T_G01_M01_C___T004_F004,2025-12-15,21,2,11.431909561157227,3.4315695762634277,18.39645004272461,0.9328393247006518,8128,0.0,6.715116276870647,4.4737597,14.6532545,20.020075,26.031153,32.970573,12.331132,1.0,26.616750907920004,26.0,28.609237670898438,30.0,30.0,30.0,0
Mbalmayo,BIO_FP_FH__L2A_20251215T050116_20251227T050144_T_G01_M01_C___T004_F004,2025-12-15,21,3,11.432743072509766,3.4315695762634277,18.068851470947266,1.0,8649,0.0,16.836033022242457,18.10477,28.064344,30.96461,35.25473,38.671688,25.445835,1.0,30.537405374601736,30.814550399780273,33.0,33.0,34.0,34.0,0
Mbalmayo,BIO_FP_FH__L2A_20251215T050116_20251227T050144_T_G01_M01_C___T004_F004,2025-12-15,21,4,11.433576583862305,3.4315695762634277,17.3752498626709,1.0,8649,0.0,18.691305420966298,19.188223,28.887197,32.068745,36.455547,38.26495,26.356312,1.0,31.9957729983101,32.0,33.0,34.0,34.0,34.0,0
Mbalmayo,BIO_FP_FH__L2A_20251215T050116_20251227T050144_T_G01_M01_C___T004_F004,2025-12-15,21,5,11.434410095214844,3.4315695762634277,18.7674503326416,1.0,8649,0.0,22.484172777380333,23.162271,32.441673,34.967857,39.548687,42.682217,31.664867,1.0,31.247537202953065,31.0,34.0,34.0,35.0,35.0,0
Mbalmayo,BIO_FP_FH__L2A_20251215T050116_20251227T050144_T_G01_M01_C___T004_F004,2025-12-15,21,6,11.435243606567383,3.4315695762634277,20.11305046081543,1.0,8649,0.0,27.69431956548445,28.231632,35.29412,36.66512,38.314877,40.454704,34.54431,1.0,30.757742404882613,31.0,32.0,33.0,35.0,35.0,0
Mbalmayo,BIO_FP_FH__L2A_20251215T050116_20251227T050144_T_G01_M01_C___T004_F004,2025-12-15,21,7,11.436077117919922,3.4315695762634277,19.591650009155273,1.0,8649,0.0,21.601073146100706,22.417887,30.868088,32.845318,35.87084,38.457752,29.89605,1.0,29.974699952558556,29.0,32.0,33.0,34.0,34.0,0
Mbalmayo,BIO_FP_FH__L2A_20251215T050116_20251227T050144_T_G01_M01_C___T004_F004,2025-12-15,21,8,11.436910629272461,3.4315695762634277,19.070051193237305,1.0,8649,0.0,19.15428648723841,20.252989,32.010727,35.64491,38.47763,43.433468,30.259089,1.0,30.663479090591487,30.0,32.0,34.0,35.0,35.0,0
Mbalmayo,BIO_FP_FH__L2A_20251215T050116_20251227T050144_T_G01_M01_C___T004_F004,2025-12-15,21,9,11.437744140625,3.4315695762634277,22.49785041809082,1.0,8649,0.2897999882698059,17.10966721224997,17.005318,28.947834,31.796621,34.54266,36.293842,27.984133,1.0,36.0118404992234,37.0,39.0,39.0,40.0,40.0,0
Mbalmayo,BIO_FP_FH__L2A_20251215T050116_20251227T050144_T_G01_M01_C___T004_F004,2025-12-15,21,10,11.438577651977539,3.4315695762634277,28.98524284362793,1.0,8649,0.804681122303009,29.443048871256792,30.389204,38.93608,40.256916,43.53257,47.777153,37.596355,1.0,41.68026664284891,42.0,43.37875442504881,44.0,44.0,44.0,0
Mbalmayo,BIO_FP_FH__L2A_20251215T050116_20251227T050144_T_G01_M01_C___T004_F004,2025-12-15,21,11,11.439411163330078,3.4315695762634277,31.462242126464844,1.0,8649,1.0252810716629028,30.667341871170077,32.75359,39.1669,40.02916,41.28608,43.31419,37.875103,1.0,41.06969380805997,41.0,43.0,44.0,44.0,44.0,0
Mbalmayo,BIO_FP_FH__L2A_20251215T050116_20251227T050144_T_G01_M01_C___T004_F004,2025-12-15,21,12,11.440244674682617,3.4315695762634277,30.44944190979004,1.0,8649,1.0516810417175293,32.66684687174818,34.474174,40.193443,41.039803,42.32885,44.43429,39.208134,1.0,39.77315349007689,40.0,41.0,42.0,42.0,42.0,0
Mbalmayo,BIO_FP_FH__L2A_20251215T050116_20251227T050144_T_G01_M01_C___T004_F004,2025-12-15,21,13,11.441078186035156,3.4315695762634277,29.055442810058594,1.0,8649,1.028481125831604,31.547149146577638,33.557236,40.85337,42.26143,43.863064,45.8918,38.937542,1.0,40.23607275772403,40.0,41.0,42.0,43.0,43.0,0
Mbalmayo,BIO_FP_FH__L2A_20251215T050116_20251227T050144_T_G01_M01_C___T004_F004,2025-12-15,21,14,11.441911697387695,3.4315695762634277,25.594242095947266,1.0,8649,0.671281099319458,35.39850163313678,36.597298,43.027023,44.319946,45.923344,47.096832,41.720623,1.0,37.52959683661186,38.0,39.0,39.0,40.0,40.0,0
Mbalmayo,BIO_FP_FH__L2A_20251215T050116_20251227T050144_T_G01_M01_C___T004_F004,2025-12-15,21,15,11.442745208740234,3.4315695762634277,21.664241790771484,1.0,8649,0.8424810767173767,33.114191759885536,34.494465,40.35411,41.3589,42.990936,45.52722,39.534645,1.0,36.8583803330147,37.0,38.0,39.0,39.0,40.0,0
Mbalmayo,BIO_FP_FH__L2A_20251215T050116_20251227T050144_T_G01_M01_C___T004_F004,2025-12-15,21,18,11.445245742797852,3.4315695762634277,21.714223861694336,0.9785795464296811,8497,0.012600000016391277,12.918739740828693,12.55451,25.331394,28.507656,33.58424,35.187923,20.467789,1.0,32.777732235611566,33.0,35.0,35.0,35.0,35.0,0
Mbalmayo,BIO_FP_FH__L2A_20251215T050116_20251227T050144_T_G01_M01_C___T004_F004,2025-12-15,21,19,11.44607925415039,3.4315695762634277,21.620824813842773,1.0,8649,0.0,16.684920221990982,16.736399,26.557074,28.406733,30.95067,36.4018,24.30535,1.0,35.11543758205767,35.0,37.0,37.0,37.0,37.0,0
Mbalmayo,BIO_FP_FH__L2A_20251215T050116_20251227T050144_T_G01_M01_C___T004_F004,2025-12-15,21,20,11.44691276550293,3.4315695762634277,21.081024169921875,1.0,8649,0.0,14.892446019771072,14.447178,25.946459,28.641317,33.170483,35.112244,23.053967,1.0,35.02462302843178,35.0,36.0,36.63740921020508,37.0,37.0,0
Mbalmayo,BIO_FP_FH__L2A_20251215T050116_20251227T050144_T_G01_M01_C___T004_F004,2025-12-15,21,21,11.447746276855469,3.4315695762634277,20.85322380065918,1.0,8649,0.0,13.897724357584693,13.669169,21.655582,26.106276,32.523045,35.058975,19.380054,1.0,33.582900113129924,34.0,34.0,34.0,35.0,35.0,0
Mbalmayo,BIO_FP_FH__L2A_20251215T050116_20251227T050144_T_G01_M01_C___T004_F004,2025-12-15,21,22,11.448579788208008,3.4315695762634277,21.21602439880371,1.0,8649,0.0,16.120339959821944,15.445707,27.435677,31.056192,33.407894,35.146805,24.487131,1.0,34.42185455571021,34.0,35.0,35.0,35.0,35.0,0
Mbalmayo,BIO_FP_FH__L2A_20251215T050116_20251227T050144_T_G01_M01_C___T004_F004,2025-12-15,22,2,11.431909561157227,3.4307360649108887,15.899650573730469,0.9602918074660004,8341,0.0,9.587276413197166,4.8090744,24.050364,31.329311,39.279194,41.19902,16.985834,1.0,29.149463741775744,29.0,32.30461883544922,33.0,35.0,36.0,0
Mbalmayo,BIO_FP_FH__L2A_20251215T050116_20251227T050144_T_G01_M01_C___T004_F004,2025-12-15,22,3,11.432743072509766,3.4307360649108887,17.005451202392578,1.0,8649,0.0,21.697794271736615,23.15026,33.21179,35.58754,38.681984,41.898903,31.625263,1.0,33.704790215255734,34.0,36.0,36.0,37.0,37.0,0
Mbalmayo,BIO_FP_FH__L2A_20251215T050116_20251227T050144_T_G01_M01_C___T004_F004,2025-12-15,22,4,11.433576583862305,3.4307360649108887,18.220251083374023,1.0,8649,0.0,23.420780220256677,24.310501,32.539024,33.906544,35.797043,38.521988,31.49894,1.0,31.66037374486095,32.0,34.0,34.0,35.0,35.0,0
Mbalmayo,BIO_FP_FH__L2A_20251215T050116_20251227T050144_T_G01_M01_C___T004_F004,2025-12-15,22,5,11.434410095214844,3.4307360649108887,19.663850784301758,1.0,8649,0.0,23.8456216036536,24.890089,31.214043,32.609207,34.22365,37.444996,30.427732,1.0,28.95290491437344,29.0,30.0,31.0,31.0,31.0,0
Mbalmayo,BIO_FP_FH__L2A_20251215T050116_20251227T050144_T_G01_M01_C___T004_F004,2025-12-15,22,6,11.435243606567383,3.4307360649108887,21.107250213623047,1.0,8649,0.0,23.97269915597179,24.649979,32.98382,34.823174,39.367477,45.335594,32.029583,1.0,28.426021720373722,29.0,29.296356201171875,30.0,30.0,30.0,0
Mbalmayo,BIO_FP_FH__L2A_20251215T050116_20251227T050144_T_G01_M01_C___T004_F004,2025-12-15,22,7,11.436077117919922,3.4307360649108887,21.578651428222656,1.0,8649,0.0,25.508473026144642,26.97565,33.01145,34.69057,38.44062,43.581875,32.08394,1.0,28.92047338389788,29.0,30.0,31.0,31.0,31.0,0
Mbalmayo,BIO_FP_FH__L2A_20251215T050116_20251227T050144_T_G01_M01_C___T004_F004,2025-12-15,22,8,11.436910629272461,3.4307360649108887,21.298250198364258,1.0,8649,0.0,24.039592050020232,24.375574,34.545868,36.965492,42.238064,45.773975,32.455475,1.0,31.18049490566212,31.0,33.0,33.847591400146484,35.0,35.0,0
Mbalmayo,BIO_FP_FH__L2A_20251215T050116_20251227T050144_T_G01_M01_C___T004_F004,2025-12-15,22,9,11.437744140625,3.4307360649108887,23.31005096435547,1.0,8649,0.21439999341964722,32.086180934934674,34.46991,40.346603,41.707355,44.672337,46.68572,39.352497,1.0,35.052011744357735,34.296356201171875,40.0,40.0,40.549617767333984,41.0,0
Mbalmayo,BIO_FP_FH__L2A_20251215T050116_20251227T050144_T_G01_M01_C___T004_F004,2025-12-15,22,10,11.438577651977539,3.4307360649108887,28.34844207763672,1.0,8649,0.7006810903549194,25.094068407474854,25.902561,38.374146,39.405037,40.95732,42.98608,37.027573,1.0,41.36125705095781,41.0,43.0,43.0,43.0,44.0,0
Mbalmayo,BIO_FP_FH__L2A_20251215T050116_20251227T050144_T_G01_M01_C___T004_F004,2025-12-15,22,11,11.439411163330078,3.4307360649108887,32.10184097290039,1.0,8649,1.0150810480117798,31.013885727396232,33.145004,38.440266,39.59861,41.010857,42.6964,37.05973,1.0,41.63677935159776,41.0,43.0,43.0,44.0,44.0,0
Mbalmayo,BIO_FP_FH__L2A_20251215T050116_20251227T050144_T_G01_M01_C___T004_F004,2025-12-15,22,12,11.440244674682617,3.4307360649108887,31.53904151916504,1.0,8649,1.0128810405731201,32.267539509625394,33.080875,41.809082,43.705475,46.19159,48.629967,40.47978,1.0,40.42339649524616,40.0,42.0,42.0,42.0,42.0,0
Mbalmayo,BIO_FP_FH__L2A_20251215T050116_20251227T050144_T_G01_M01_C___T004_F004,2025-12-15,22,13,11.441078186035156,3.4307360649108887,30.952041625976562,1.0,8649,1.0120811462402344,29.57528778616025,31.30791,40.609966,41.644295,43.159595,44.765957,38.828373,1.0,41.93643663714891,42.0,43.0,43.0,43.0,43.0,0
Mbalmayo,BIO_FP_FH__L2A_20251215T050116_20251227T050144_T_G01_M01_C___T004_F004,2025-12-15,22,18,11.445245742797852,3.4307360649108887,22.48502540588379,1.0,8649,0.2337999939918518,14.343740967163834,14.838442,24.9219,29.760101,32.067734,33.324924,22.350298,1.0,32.6153195167583,32.0,34.0,34.887508392333984,35.0,35.0,0
Mbalmayo,BIO_FP_FH__L2A_20251215T050116_20251227T050144_T_G01_M01_C___T004_F004,2025-12-15,22,19,11.44607925415039,3.4307360649108887,19.876625061035156,1.0,8649,0.0,9.837651480662505,10.35642,16.664907,19.207735,22.601473,25.634048,15.471683,1.0,32.37760103913536,32.0,33.0,34.0,34.0,35.0,0
Mbalmayo,BIO_FP_FH__L2A_20251215T050116_20251227T050144_T_G01_M01_C___T004_F004,2025-12-15,22,20,11.44691276550293,3.4307360649108887,21.72982406616211,1.0,8649,0.0,12.963304780538213,12.774177,17.963955,20.570786,29.59318,33.023376,16.910297,1.0,32.89258469365376,33.0,34.0,34.0,34.0,34.0,0
Mbalmayo,BIO_FP_FH__L2A_20251215T050116_20251227T050144_T_G01_M01_C___T004_F004,2025-12-15,22,21,11.447746276855469,3.4307360649108887,21.92902374267578,1.0,8649,0.0,17.08591130477512,15.59544,27.381426,29.961117,32.96531,34.785442,24.767046,1.0,33.648282683451114,34.0,35.0,35.0,35.0,37.0,0
Mbalmayo,BIO_FP_FH__L2A_20251215T050116_20251227T050144_T_G01_M01_C___T004_F004,2025-12-15,23,2,11.431909561157227,3.4299025535583496,16.808650970458984,0.9732756132279563,8445,0.0,11.120046921135467,8.122865,24.62808,29.059187,37.163742,39.02895,21.085743,1.0,34.69254313497712,35.0,37.0,37.0,37.0,38.0,0
Mbalmayo,BIO_FP_FH__L2A_20251215T050116_20251227T050144_T_G01_M01_C___T004_F004,2025-12-15,23,3,11.432743072509766,3.4299025535583496,17.692251205444336,1.0,8649,0.0,27.604955459084866,30.18009,37.254498,38.930832,40.434364,41.753223,35.589413,1.0,35.487714353524574,36.0,38.0,38.0,38.0,38.0,0
Mbalmayo,BIO_FP_FH__L2A_20251215T050116_20251227T050144_T_G01_M01_C___T004_F004,2025-12-15,23,4,11.433576583862305,3.4299025535583496,19.6330509185791,1.0,8649,0.0,27.273097865360157,27.52476,35.504795,37.009747,39.724957,41.620247,34.6477,1.0,32.373114481235824,32.0,34.0,34.0,35.0,35.0,0
Mbalmayo,BIO_FP_FH__L2A_20251215T050116_20251227T050144_T_G01_M01_C___T004_F004,2025-12-15,23,5,11.434410095214844,3.4299025535583496,20.8924503326416,1.0,8649,0.0,21.15034500917736,21.971874,29.514503,31.619926,35.361427,37.940815,28.056795,1.0,30.59888875623675,30.0,32.0,32.0,34.0,34.0,0
Mbalmayo,BIO_FP_FH__L2A_20251215T050116_20251227T050144_T_G01_M01_C___T004_F004,2025-12-15,23,6,11.435243606567383,3.4299025535583496,22.182050704956055,1.0,8649,0.0,25.895700776462597,26.636486,34.31804,35.58974,37.6021,39.81318,32.66417,1.0,30.409316438156022,30.21026039123535,32.0,32.0,32.0,32.0,0
Mbalmayo,BIO_FP_FH__L2A_20251215T050116_20251227T050144_T_G01_M01_C___T004_F004,2025-12-15,23,7,11.436077117919922,3.4299025535583496,22.883451461791992,1.0,8649,0.0,26.660552791507687,28.065617,35.852646,37.453484,42.583042,44.732185,34.82839,1.0,30.713790165811538,31.0,32.0,32.0,32.0,32.0,0
Mbalmayo,BIO_FP_FH__L2A_20251215T050116_20251227T050144_T_G01_M01_C___T004_F004,2025-12-15,23,8,11.436910629272461,3.4299025535583496,23.212249755859375,1.0,8649,0.0,33.15751708109319,34.19449,41.011032,42.058643,44.057625,46.69796,39.784653,1.0,33.296514495671424,33.0,36.0,36.0,36.0,37.0,0
Mbalmayo,BIO_FP_FH__L2A_20251215T050116_20251227T050144_T_G01_M01_C___T004_F004,2025-12-15,23,9,11.437744140625,3.4299025535583496,24.76085090637207,1.0,8649,0.1526000052690506,34.18432495808764,34.88698,40.673668,41.990993,43.88757,45.508533,38.98519,1.0,36.849680454334866,37.0,38.0,38.0,39.0,40.0,0
Mbalmayo,BIO_FP_FH__L2A_20251215T050116_20251227T050144_T_G01_M01_C___T004_F004,2025-12-15,23,10,11.438577651977539,3.4299025535583496,28.972042083740234,1.0,8649,0.6258810758590698,32.249336086541796,34.96118,40.736214,41.858032,44.817326,48.370342,39.518715,1.0,40.566959555320814,41.0,43.0,43.0,44.0,44.0,0
Mbalmayo,BIO_FP_FH__L2A_20251215T050116_20251227T050144_T_G01_M01_C___T004_F004,2025-12-15,23,11,11.439411163330078,3.4299025535583496,32.24864196777344,1.0,8649,1.0100810527801514,34.4699030415366,35.368122,39.902416,40.899017,42.339634,43.954628,38.828968,1.0,40.91675989762085,41.0,42.0,42.0,42.77471160888672,43.0,0
Mbalmayo,BIO_FP_FH__L2A_20251215T050116_20251227T050144_T_G01_M01_C___T004_F004,2025-12-15,23,12,11.440244674682617,3.4299025535583496,31.481441497802734,1.0,8649,1.0100810527801514,34.13648254133426,35.130962,40.2211,41.029243,43.829643,46.49917,39.21724,1.0,39.9518908503869,40.0,41.0,42.0,42.0,43.0,0
Mbalmayo,BIO_FP_FH__L2A_20251215T050116_20251227T050144_T_G01_M01_C___T004_F004,2025-12-15,23,17,11.444412231445312,3.4299025535583496,26.959041595458984,0.9321274243003165,8093,0.7176811099052429,10.919151284455635,8.163741,25.199512,29.584557,34.578934,36.918907,22.136,0.9046359420518735,33.252594006903465,34.0,36.0,37.0,38.0,38.0,0
Mbalmayo,BIO_FP_FH__L2A_20251215T050116_20251227T050144_T_G01_M01_C___T004_F004,2025-12-15,23,18,11.445245742797852,3.4299025535583496,21.29742431640625,1.0,8649,0.3237999975681305,16.460004859665858,17.263346,24.85422,29.080164,32.02965,34.384724,22.674305,1.0,34.4167527353051,34.0,37.0,37.0,38.0,38.0,0
Mbalmayo,BIO_FP_FH__L2A_20251215T050116_20251227T050144_T_G01_M01_C___T004_F004,2025-12-15,23,19,11.44607925415039,3.4299025535583496,18.335424423217773,1.0,8649,0.012199999764561653,13.861649016504797,13.951719,23.072052,26.615795,31.289341,32.705128,19.819109,1.0,34.463846025390836,34.0,36.0,36.0,37.0,37.0,0
Mbalmayo,BIO_FP_FH__L2A_20251215T050116_20251227T050144_T_G01_M01_C___T004_F004,2025-12-15,23,20,11.44691276550293,3.4299025535583496,21.318023681640625,1.0,8649,0.0,19.5213048473812,20.708626,30.283035,31.530666,35.44573,38.685974,29.275402,1.0,35.8427660630361,36.0,37.0,37.0,38.0,38.0,0
Mbalmayo,BIO_FP_FH__L2A_20251215T050116_20251227T050144_T_G01_M01_C___T004_F004,2025-12-15,23,21,11.447746276855469,3.4299025535583496,24.372224807739258,1.0,8649,0.020600000396370888,25.603217315585617,26.523848,34.98589,36.898735,41.208168,43.4703,33.61267,1.0,35.78882492229503,36.0,37.0,38.23200607299805,39.0,39.0,0
Mbalmayo,BIO_FP_FH__L2A_20251215T050116_20251227T050144_T_G01_M01_C___T004_F004,2025-12-15,23,42,11.465250015258789,3.4299025535583496,11.494199752807617,1.0,8649,1.7211999893188477,19.967746903543762,18.021097,36.81501,39.208996,41.605896,46.56306,32.36346,1.0,38.40414154991303,38.887210845947266,40.0,40.0,40.0,40.0,0
Mbalmayo,BIO_FP_FH__L2A_20251215T050116_20251227T050144_T_G01_M01_C___T004_F004,2025-12-15,24,2,11.431909561157227,3.4290690422058105,20.210050582885742,0.9809922663679508,8539,0.0,14.358078827036463,12.609753,29.393637,33.71924,38.63029,42.195454,25.09157,1.0,33.34160052173909,33.0,35.0,36.0,36.0,36.0,0
Mbalmayo,BIO_FP_FH__L2A_20251215T050116_20251227T050144_T_G01_M01_C___T004_F004,2025-12-15,24,3,11.432743072509766,3.4290690422058105,20.792051315307617,1.0,8649,0.0,24.615668176956873,24.123528,35.687973,41.74135,49.397537,52.110714,32.34226,1.0,33.39593031569318,33.0,35.0,36.0,36.0,36.0,0
Mbalmayo,BIO_FP_FH__L2A_20251215T050116_20251227T050144_T_G01_M01_C___T004_F004,2025-12-15,24,4,11.433576583862305,3.4290690422058105,21.347049713134766,1.0,8649,0.0,27.04868992260666,27.47594,36.675247,39.424026,42.28872,51.51519,35.11995,1.0,34.12248164924642,34.0,36.0,36.0,36.0,36.0,0
Mbalmayo,BIO_FP_FH__L2A_20251215T050116_20251227T050144_T_G01_M01_C___T004_F004,2025-12-15,24,5,11.434410095214844,3.4290690422058105,22.410249710083008,1.0,8649,0.0,22.65488107367904,23.414862,33.762474,36.94054,39.87753,41.95948,31.27399,1.0,33.172074265777205,33.0,35.0,35.14572525024414,36.0,36.0,0
Mbalmayo,BIO_FP_FH__L2A_20251215T050116_20251227T050144_T_G01_M01_C___T004_F004,2025-12-15,24,6,11.435243606567383,3.4290690422058105,23.66145133972168,1.0,8649,0.0,24.038690121329054,25.030567,34.85577,37.431614,39.90718,41.58691,32.556835,1.0,30.74900154875033,31.0,32.0,32.0,33.0,33.0,0
Mbalmayo,BIO_FP_FH__L2A_20251215T050116_20251227T050144_T_G01_M01_C___T004_F004,2025-12-15,24,7,11.436077117919922,3.4290690422058105,24.67045021057129,1.0,8649,0.25099998712539673,31.903270970632445,32.84675,39.961956,41.354477,43.70803,45.75869,38.76618,1.0,31.42905999156199,31.105918884277344,32.0,33.0,33.0,33.0,0
Mbalmayo,BIO_FP_FH__L2A_20251215T050116_20251227T050144_T_G01_M01_C___T004_F004,2025-12-15,24,8,11.436910629272461,3.4290690422058105,25.271249771118164,1.0,8649,0.4903999865055084,32.31527420980749,33.82609,40.93669,42.129654,43.900497,45.411705,39.69149,1.0,33.82074259796478,34.0,36.0,36.0,38.0,39.0,0
Mbalmayo,BIO_FP_FH__L2A_20251215T050116_20251227T050144_T_G01_M01_C___T004_F004,2025-12-15,24,9,11.437744140625,3.4290690422058105,26.121850967407227,0.9999999576585805,8649,0.6001999974250793,34.374544393957,35.78614,40.621204,41.51183,42.976704,45.126366,39.44158,1.0,36.24671038000111,36.0,37.0,38.0,39.0,39.0,0
Mbalmayo,BIO_FP_FH__L2A_20251215T050116_20251227T050144_T_G01_M01_C___T004_F004,2025-12-15,24,10,11.438577651977539,3.4290690422058105,28.283641815185547,1.0,8649,0.6656811237335205,30.645607060787373,33.19315,40.60653,42.081116,45.47295,47.518627,39.184406,1.0,38.34130001784832,38.0,40.0,40.0,40.0,41.0,0
Mbalmayo,BIO_FP_FH__L2A_20251215T050116_20251227T050144_T_G01_M01_C___T004_F004,2025-12-15,24,11,11.439411163330078,3.4290690422058105,31.76424217224121,1.0000000423414195,8649,0.9934810996055603,32.79680451014007,34.146114,39.349792,40.7178,43.083473,46.126675,37.785187,1.0,39.97366994371964,40.0,41.0,41.0,42.0,42.0,0
Mbalmayo,BIO_FP_FH__L2A_20251215T050116_20251227T050144_T_G01_M01_C___T004_F004,2025-12-15,24,17,11.444412231445312,3.4290690422058105,31.566242218017578,0.9411938230982266,8228,1.0100810527801514,14.956915313471095,17.033003,26.463829,28.823103,32.366184,34.871197,24.892603,0.9116801164087249,35.72502407894327,36.0,38.0,38.0,38.0,38.0,0
Mbalmayo,BIO_FP_FH__L2A_20251215T050116_20251227T050144_T_G01_M01_C___T004_F004,2025-12-15,24,18,11.445245742797852,3.4290690422058105,28.859424591064453,0.999999943544774,8649,0.8252000212669373,18.579082626236293,18.697393,28.976555,30.425957,33.6822,35.91398,26.712406,1.0,37.2794103442706,38.0,39.0,39.0,39.0,39.0,0
Mbalmayo,BIO_FP_FH__L2A_20251215T050116_20251227T050144_T_G01_M01_C___T004_F004,2025-12-15,24,19,11.44607925415039,3.4290690422058105,25.87802505493164,0.9999999858861935,8649,0.5135999917984009,15.810956511452007,15.496614,26.08402,28.682964,30.721792,32.355747,22.633223,1.0,35.147096261880016,35.0,36.0,37.0,37.0,37.0,0
Mbalmayo,BIO_FP_FH__L2A_20251215T050116_20251227T050144_T_G01_M01_C___T004_F004,2025-12-15,24,20,11.44691276550293,3.4290690422058105,25.878623962402344,0.9999999153171609,8649,0.18140000104904175,18.613435481169766,19.176996,30.297995,32.23213,35.78728,37.54752,27.48785,1.0,35.55386459671675,36.0,37.0,37.0,37.0,38.0,0
Mbalmayo,BIO_FP_FH__L2A_20251215T050116_20251227T050144_T_G01_M01_C___T004_F004,2025-12-15,24,21,11.447746276855469,3.4290690422058105,27.284423828125,0.9999999576585805,8649,0.0,17.37141334464696,16.883722,28.560242,30.919907,38.59155,45.384087,27.07559,1.0,36.6717311485556,36.96193313598633,38.0,39.0,39.0,39.0,0
Mbalmayo,BIO_FP_FH__L2A_20251215T050116_20251227T050144_T_G01_M01_C___T004_F004,2025-12-15,24,22,11.448579788208008,3.4290690422058105,29.49762535095215,1.0000000141138066,8649,0.4325999915599823,11.037170190867636,8.665479,24.9037,28.69361,33.39825,38.14772,21.521198,1.0,37.42342705119619,37.0,39.0,39.0,39.0,39.0,0
Mbalmayo,BIO_FP_FH__L2A_20251215T050116_20251227T050144_T_G01_M01_C___T004_F004,2025-12-15,24,23,11.449413299560547,3.4290690422058105,31.544424057006836,1.0000000705690326,8649,0.9132000207901001,15.778733015816933,13.018528,33.23116,36.196796,38.663612,40.57287,28.469164,1.0,38.045412330658316,38.0,39.0,39.0,40.0,40.0,0
Mbalmayo,BIO_FP_FH__L2A_20251215T050116_20251227T050144_T_G01_M01_C___T004_F004,2025-12-15,25,2,11.431909561157227,3.4282355308532715,21.827594757080078,0.9825478477799998,8529,0.0,14.963145833661772,11.011575,34.428192,37.391262,39.099827,42.307957,29.35573,1.0,32.31850605648313,32.0,34.0,34.0,35.0,36.0,0
Mbalmayo,BIO_FP_FH__L2A_20251215T050116_20251227T050144_T_G01_M01_C___T004_F004,2025-12-15,25,3,11.432743072509766,3.4282355308532715,22.477994918823242,1.0000000141138066,8649,0.0,24.757325958173254,27.306541,32.670444,34.544014,36.54703,44.12797,31.587006,1.0,32.049540290475264,31.079490661621094,35.0,35.0,36.0,36.0,0
Mbalmayo,BIO_FP_FH__L2A_20251215T050116_20251227T050144_T_G01_M01_C___T004_F004,2025-12-15,25,4,11.433576583862305,3.4282355308532715,22.59679412841797,1.0,8649,0.0,27.59191430187016,28.466114,35.12112,36.6518,38.76615,42.111973,34.21671,1.0,32.36776412375498,33.0,35.0,35.49663543701172,36.0,36.0,0
Mbalmayo,BIO_FP_FH__L2A_20251215T050116_20251227T050144_T_G01_M01_C___T004_F004,2025-12-15,25,5,11.434410095214844,3.4282355308532715,23.689794540405273,0.9999999858861935,8649,0.0,20.529721030589602,21.518103,29.098965,31.04257,35.713333,37.21985,27.937767,1.0,34.52243922605503,35.0,36.0,36.0,37.0,37.0,0
Mbalmayo,BIO_FP_FH__L2A_20251215T050116_20251227T050144_T_G01_M01_C___T004_F004,2025-12-15,25,6,11.435243606567383,3.4282355308532715,25.34679412841797,1.0000001270242587,8649,0.0,21.750505785834275,23.168762,29.855288,33.03614,36.1297,38.373905,29.244877,1.0,29.919266697105915,30.0,32.0,32.0,34.0,36.0,0
Mbalmayo,BIO_FP_FH__L2A_20251215T050116_20251227T050144_T_G01_M01_C___T004_F004,2025-12-15,25,7,11.436077117919922,3.4282355308532715,26.431394577026367,0.9999999858861935,8649,0.17260000109672546,28.321612724850056,31.149416,38.545746,40.177486,42.57805,44.012814,37.197044,1.0,31.48961592387679,31.0,33.0,34.0,35.0,35.0,0
Mbalmayo,BIO_FP_FH__L2A_20251215T050116_20251227T050144_T_G01_M01_C___T004_F004,2025-12-15,25,8,11.436910629272461,3.4282355308532715,27.200395584106445,0.9999999858861935,8649,0.6725999712944031,33.930122232481864,36.87047,41.508602,42.63882,44.26952,46.020935,40.350506,1.0,36.09845772323229,36.0,37.34604263305664,38.0,38.0,39.0,0
Mbalmayo,BIO_FP_FH__L2A_20251215T050116_20251227T050144_T_G01_M01_C___T004_F004,2025-12-15,25,9,11.437744140625,3.4282355308532715,27.200395584106445,1.0000000423414195,8649,1.2752000093460083,29.30653708725004,32.34257,39.323856,41.264786,43.094234,44.89499,37.29585,1.0,35.808994093855375,36.0,38.0,38.0,39.0,39.0,0
Mbalmayo,BIO_FP_FH__L2A_20251215T050116_20251227T050144_T_G01_M01_C___T004_F004,2025-12-15,25,10,11.438577651977539,3.4282355308532715,26.4078369140625,0.9999999858861935,8649,1.694000005722046,21.965901353495717,23.929527,36.06501,40.06063,42.89983,44.212482,34.521008,1.0,36.925218154549086,37.0,38.0,39.0,40.0,40.0,0
Mbalmayo,BIO_FP_FH__L2A_20251215T050116_20251227T050144_T_G01_M01_C___T004_F004,2025-12-15,25,17,11.444412231445312,3.4282355308532715,34.64523696899414,0.9260280440206238,8080,1.010200023651123,19.997619563716132,23.178223,29.48634,30.497244,32.675823,34.697083,28.533924,0.8862151831191635,34.59425389428582,35.0,37.0,37.0,37.0,37.0,0
Mbalmayo,BIO_FP_FH__L2A_20251215T050116_20251227T050144_T_G01_M01_C___T004_F004,2025-12-15,25,18,11.445245742797852,3.4282355308532715,33.5925407409668,1.000000112910452,8649,1.0100834369659424,18.61470723960284,19.751123,28.9418,30.85959,32.78717,34.65726,27.013163,1.0,35.85800563394575,36.0,38.0,38.0,38.259944915771484,39.0,0
Mbalmayo,BIO_FP_FH__L2A_20251215T050116_20251227T050144_T_G01_M01_C___T004_F004,2025-12-15,25,19,11.44607925415039,3.4282355308532715,30.837142944335938,1.000000028227613,8649,0.8498834371566772,16.63629509202272,17.58409,24.996754,26.791363,29.985836,31.987223,22.991274,1.0,32.2862853798815,32.0,34.0,35.0,35.0,36.0,0
Mbalmayo,BIO_FP_FH__L2A_20251215T050116_20251227T050144_T_G01_M01_C___T004_F004,2025-12-15,25,20,11.44691276550293,3.4282355308532715,27.956741333007812,0.9999999576585805,8649,0.3332834243774414,20.677425198410138,21.810337,28.272072,29.789736,32.640038,35.496273,27.124458,1.0,33.19987330291709,33.0,35.0,36.0,36.0,37.0,0
Mbalmayo,BIO_FP_FH__L2A_20251215T050116_20251227T050144_T_G01_M01_C___T004_F004,2025-12-15,25,21,11.447746276855469,3.4282355308532715,28.078941345214844,0.9999999153171609,8649,0.20728342235088348,10.22070873275762,7.8161097,23.24694,26.3533,29.778202,33.060333,18.986095,1.0,37.004982477144665,37.0,39.0,39.0,39.0,39.0,0
Mbalmayo,BIO_FP_FH__L2A_20251215T050116_20251227T050144_T_G01_M01_C___T004_F004,2025-12-15,25,22,11.448579788208008,3.4282355308532715,30.617542266845703,1.000000028227613,8649,0.7676834464073181,11.646620216248914,7.767039,28.407598,31.42423,34.738148,37.22008,22.78703,1.0,37.23962599760618,37.0,38.0,39.0,39.0,39.0,0
Mbalmayo,BIO_FP_FH__L2A_20251215T050116_20251227T050144_T_G01_M01_C___T004_F004,2025-12-15,26,2,11.431909561157227,3.4274020195007324,21.996795654296875,0.9775275456338883,8494,0.0,10.06720044372846,7.228263,26.193846,30.324074,33.891907,38.393425,17.453835,1.0,34.25710921387326,34.0,35.67382049560547,36.0,36.0,36.0,0
Mbalmayo,BIO_FP_FH__L2A_20251215T050116_20251227T050144_T_G01_M01_C___T004_F004,2025-12-15,26,3,11.432743072509766,3.4274020195007324,23.244394302368164,0.999999943544774,8649,0.0,24.4382328135745,26.822067,34.20038,35.696457,38.79619,41.5714,33.416336,1.0,33.14939212699834,33.0,35.67382049560547,36.0,37.0,37.0,0
Mbalmayo,BIO_FP_FH__L2A_20251215T050116_20251227T050144_T_G01_M01_C___T004_F004,2025-12-15,26,4,11.433576583862305,3.4274020195007324,23.647794723510742,1.0,8649,0.0,24.72955101384553,25.679583,32.88188,33.98546,35.41718,37.324287,31.513865,1.0,30.673011317337465,30.0,33.0,34.0,35.0,35.0,0
Mbalmayo,BIO_FP_FH__L2A_20251215T050116_20251227T050144_T_G01_M01_C___T004_F004,2025-12-15,26,5,11.434410095214844,3.4274020195007324,24.430795669555664,1.0000000423414195,8649,0.0,22.195855562754065,23.682344,29.376545,30.952847,34.17923,37.909737,28.677088,1.0,34.255303163117155,35.0,36.0,36.0,37.0,37.0,0
Mbalmayo,BIO_FP_FH__L2A_20251215T050116_20251227T050144_T_G01_M01_C___T004_F004,2025-12-15,26,6,11.435243606567383,3.4274020195007324,25.835994720458984,1.0000000141138066,8649,0.0,23.720159916764676,24.38849,31.463022,33.305458,35.646927,37.935966,30.711248,1.0,33.271700866678046,34.0,35.0,36.0,36.0,36.0,0
Mbalmayo,BIO_FP_FH__L2A_20251215T050116_20251227T050144_T_G01_M01_C___T004_F004,2025-12-15,26,7,11.436077117919922,3.4274020195007324,26.647594451904297,1.0,8649,0.061799999326467514,23.819406506532548,25.004662,33.583405,35.322144,37.42871,39.17091,31.986635,1.0,33.97934906754773,35.0,36.0,36.0,37.0,37.0,0
Mbalmayo,BIO_FP_FH__L2A_20251215T050116_20251227T050144_T_G01_M01_C___T004_F004,2025-12-15,26,8,11.436910629272461,3.4274020195007324,26.892595291137695,1.0,8649,0.5508000254631042,27.576964732194472,28.581566,37.969505,39.84017,43.006935,44.82388,35.696777,1.0,34.66162982225721,34.0,36.0,37.0,37.0,37.0,0
Mbalmayo,BIO_FP_FH__L2A_20251215T050116_20251227T050144_T_G01_M01_C___T004_F004,2025-12-15,26,19,11.44607925415039,3.4274020195007324,23.457542419433594,1.0,8649,0.904483437538147,16.906301487166147,17.253246,25.656353,27.100842,30.629963,34.23421,24.586319,1.0,31.543137919187462,32.0,33.0,34.0,34.0,34.0,0
Mbalmayo,BIO_FP_FH__L2A_20251215T050116_20251227T050144_T_G01_M01_C___T004_F004,2025-12-15,26,20,11.44691276550293,3.4274020195007324,22.471542358398438,1.0,8649,0.02488342858850956,19.70129043097468,20.75372,32.18127,34.795082,39.242184,40.89552,30.234772,1.0,34.2873702912072,35.0,36.0,37.0,37.0,37.0,0
Mbalmayo,BIO_FP_FH__L2A_20251215T050116_20251227T050144_T_G01_M01_C___T004_F004,2025-12-15,26,21,11.447746276855469,3.4274020195007324,28.050342559814453,1.0,8649,0.6090834140777588,15.309901253035033,12.321249,29.862963,32.78389,37.965137,40.516136,27.520782,1.0,37.772077646210285,38.0,38.0,39.0,39.0,39.0,0
Mbalmayo,BIO_FP_FH__L2A_20251215T050116_20251227T050144_T_G01_M01_C___T004_F004,2025-12-15,26,32,11.456914901733398,3.4274020195007324,23.909931182861328,0.9999999858861935,8649,1.6182364225387573,14.471189070008391,11.975942,30.280668,33.733505,37.226147,39.21766,25.818289,1.0,33.805342210815304,34.0,36.0,36.0,37.0,37.0,0
Mbalmayo,BIO_FP_FH__L2A_20251215T050116_20251227T050144_T_G01_M01_C___T004_F004,2025-12-15,26,37,11.461082458496094,3.4274020195007324,24.17449378967285,1.0,8649,0.0,16.667961523731066,17.134575,27.008509,30.100939,35.253593,39.686203,24.669292,1.0,33.8775145398053,33.0,37.0,37.0,38.0,38.0,0
Mbalmayo,BIO_FP_FH__L2A_20251215T050116_20251227T050144_T_G01_M01_C___T004_F004,2025-12-15,27,5,11.434410095214844,3.4265685081481934,24.227195739746094,1.0,8649,0.0,25.71350214800844,26.479265,32.999832,34.6325,37.230095,40.02179,31.814453,1.0,29.737463150262585,29.0,33.0,34.0,36.0,36.0,0
Mbalmayo,BIO_FP_FH__L2A_20251215T050116_20251227T050144_T_G01_M01_C___T004_F004,2025-12-15,27,6,11.435243606567383,3.4265685081481934,25.295194625854492,1.0,8649,0.0,21.976921103595792,23.308395,31.425486,33.543453,37.568672,40.392963,29.713734,1.0,34.60945612086714,35.0,36.0,36.0,37.0,37.0,0
Mbalmayo,BIO_FP_FH__L2A_20251215T050116_20251227T050144_T_G01_M01_C___T004_F004,2025-12-15,27,7,11.436077117919922,3.4265685081481934,25.920995712280273,1.0,8649,0.0,23.670389098450688,23.987272,32.670906,34.9814,37.85001,39.97411,31.765974,1.0,33.55898233771614,33.09765625,35.0,35.0,36.0,36.0,0
Mbalmayo,BIO_FP_FH__L2A_20251215T050116_20251227T050144_T_G01_M01_C___T004_F004,2025-12-15,27,8,11.436910629272461,3.4265685081481934,21.193593978881836,1.0,8649,1.4170000553131104,25.54032032243612,26.775127,34.90871,36.634007,39.2584,42.048023,32.4905,1.0,30.91864106470153,30.0,33.0,34.0,35.0,35.0,0
Mbalmayo,BIO_FP_FH__L2A_20251215T050116_20251227T050144_T_G01_M01_C___T004_F004,2025-12-15,27,19,11.44607925415039,3.4265685081481934,16.223142623901367,1.0,8649,1.1832834482192993,7.114310541681119,4.43856,17.576063,20.286392,27.105904,36.05539,15.098766,1.0,31.372904456327493,31.0,33.0,33.0,33.395668029785156,34.0,0
Mbalmayo,BIO_FP_FH__L2A_20251215T050116_20251227T050144_T_G01_M01_C___T004_F004,2025-12-15,27,20,11.44691276550293,3.4265685081481934,20.874542236328125,1.0,8649,0.21268342435359955,11.588683482194474,7.471735,29.27478,32.84165,38.286564,41.674744,23.99133,1.0,34.456003183573706,35.0,37.0,37.0,37.0,37.0,0
Mbalmayo,BIO_FP_FH__L2A_20251215T050116_20251227T050144_T_G01_M01_C___T004_F004,2025-12-15,27,21,11.447746276855469,3.4265685081481934,25.574941635131836,1.0,8649,0.677083432674408,19.057513422794543,19.443514,30.063013,31.684446,36.04346,41.691,27.75287,1.0,37.49367105512898,37.0,39.0,39.0,39.0,39.0,0
Mbalmayo,BIO_FP_FH__L2A_20251215T050116_20251227T050144_T_G01_M01_C___T004_F004,2025-12-15,27,37,11.461082458496094,3.4265685081481934,24.106494903564453,1.0,8649,0.0,10.72424648080703,7.904747,28.618015,34.091995,37.93135,41.212044,21.729458,1.0,32.919555035777584,33.0,35.0,35.0,37.0,37.0,0
Mbalmayo,BIO_FP_FH__L2A_20251215T050116_20251227T050144_T_G01_M01_C___T004_F004,2025-12-15,28,5,11.434410095214844,3.4257349967956543,23.783594131469727,1.0,8649,0.25200000405311584,25.457521055541104,26.449669,32.725338,34.058895,35.750664,38.286064,31.97903,1.0,31.506018853295068,32.0,33.0,33.0,34.0,34.0,0
Mbalmayo,BIO_FP_FH__L2A_20251215T050116_20251227T050144_T_G01_M01_C___T004_F004,2025-12-15,28,6,11.435243606567383,3.4257349967956543,24.388195037841797,1.0,8649,0.0,26.3005472995433,26.290861,35.37996,38.95684,40.46422,41.352684,32.86454,1.0,34.126149687081735,34.0,36.0,36.0,36.0,36.0,0
Mbalmayo,BIO_FP_FH__L2A_20251215T050116_20251227T050144_T_G01_M01_C___T004_F004,2025-12-15,28,7,11.436077117919922,3.4257349967956543,24.593795776367188,1.0,8649,0.0,19.25470475271708,20.034517,30.821238,32.764423,35.575096,38.60655,29.565601,1.0,33.37051732427937,33.49837112426758,34.0,35.0,35.0,35.0,0
Mbalmayo,BIO_FP_FH__L2A_20251215T050116_20251227T050144_T_G01_M01_C___T004_F004,2025-12-15,28,8,11.436910629272461,3.4257349967956543,24.9241943359375,1.0,8649,0.0,27.115373254856053,27.956856,35.05161,37.220474,40.15023,41.55506,33.87856,1.0,33.74358929009889,34.0,36.0,36.0,36.0,36.0,0
Mbalmayo,BIO_FP_FH__L2A_20251215T050116_20251227T050144_T_G01_M01_C___T004_F004,2025-12-15,28,9,11.437744140625,3.4257349967956543,22.297395706176758,1.0,8649,0.8461999893188477,26.303923322060353,28.661028,35.245583,37.12466,40.744083,42.481777,33.98339,1.0,36.248040602736175,36.0,38.0,39.0,39.0,40.0,0
Mbalmayo,BIO_FP_FH__L2A_20251215T050116_20251227T050144_T_G01_M01_C___T004_F004,2025-12-15,28,19,11.44607925415039,3.4257349967956543,14.165541648864746,1.0,8649,1.3700834512710571,15.363954196294369,15.656694,25.930117,28.803892,32.091606,36.001102,23.249851,1.0,30.379398302282677,30.0,32.0,33.0,33.0,33.0,0
Mbalmayo,BIO_FP_FH__L2A_20251215T050116_20251227T050144_T_G01_M01_C___T004_F004,2025-12-15,28,20,11.44691276550293,3.4257349967956543,16.765342712402344,1.0,8649,0.057883430272340775,7.415350130795468,3.9222116,21.86999,25.882607,29.600044,37.236515,16.5037,1.0,32.579055916244464,33.0,34.0,35.0,35.0,36.0,0
Mbalmayo,BIO_FP_FH__L2A_20251215T050116_20251227T050144_T_G01_M01_C___T004_F004,2025-12-15,28,21,11.447746276855469,3.4257349967956543,16.450742721557617,1.0,8649,1.1808834075927734,15.611748829344434,12.332619,35.23912,37.428276,40.03609,42.772167,32.471817,1.0,35.973161783173175,36.0,37.0,37.0,37.0,38.0,0
Mbalmayo,BIO_FP_FH__L2A_20251215T050116_20251227T050144_T_G01_M01_C___T004_F004,2025-12-15,28,42,11.465250015258789,3.4257349967956543,22.51259994506836,1.0,8649,1.3276000022888184,14.351172281477627,13.629164,29.65792,32.568996,35.933105,37.197998,27.147024,1.0,28.042513727052928,28.0,31.0,32.0,33.0,33.0,0
Mbalmayo,BIO_FP_FH__L2A_20251215T050116_20251227T050144_T_G01_M01_C___T004_F004,2025-12-15,29,6,11.435243606567383,3.4249014854431152,23.27919578552246,1.0,8649,0.0,23.3203179197017,24.33708,30.521946,32.368923,34.32558,35.7749,29.065779,1.0,31.11717722911837,31.0,33.0,35.0,35.0,35.0,0
Mbalmayo,BIO_FP_FH__L2A_20251215T050116_20251227T050144_T_G01_M01_C___T004_F004,2025-12-15,29,7,11.436077117919922,3.4249014854431152,22.487194061279297,1.0,8649,0.0,23.51064926219794,25.327568,30.903639,32.112553,34.252472,36.42942,30.208094,1.0,30.18891331975564,30.0,32.0,32.0,33.0,33.0,0
Mbalmayo,BIO_FP_FH__L2A_20251215T050116_20251227T050144_T_G01_M01_C___T004_F004,2025-12-15,29,8,11.436910629272461,3.4249014854431152,22.293195724487305,1.0,8649,0.0,19.845567406636604,19.311443,32.41622,34.735367,37.68872,39.815872,31.02405,1.0,33.38640565438855,33.0,34.3317756652832,35.0,35.0,36.0,0
Mbalmayo,BIO_FP_FH__L2A_20251215T050116_20251227T050144_T_G01_M01_C___T004_F004,2025-12-15,29,9,11.437744140625,3.4249014854431152,23.439794540405273,1.0,8649,0.0,23.165965266938375,24.126379,33.045055,34.67822,36.4647,38.534557,31.408453,1.0,35.615016766125954,35.8873176574707,37.360992431640625,38.0,39.0,40.0,0
Mbalmayo,BIO_FP_FH__L2A_20251215T050116_20251227T050144_T_G01_M01_C___T004_F004,2025-12-15,29,10,11.438577651977539,3.4249014854431152,25.24083709716797,1.0,8649,0.09700000286102295,22.386249042519367,23.413774,33.91449,35.389534,37.467724,39.209927,32.55637,1.0,38.428051532079806,39.0,40.0,40.0,40.0,40.0,0
Mbalmayo,BIO_FP_FH__L2A_20251215T050116_20251227T050144_T_G01_M01_C___T004_F004,2025-12-15,29,11,11.439411163330078,3.4249014854431152,20.64183807373047,1.0,8649,0.5442000031471252,24.703086158804485,25.029453,33.05796,34.53374,36.633232,38.15235,32.068787,1.0,39.4107949681083,39.0,41.0,41.0,41.0,41.0,0
Mbalmayo,BIO_FP_FH__L2A_20251215T050116_20251227T050144_T_G01_M01_C___T004_F004,2025-12-15,29,12,11.440244674682617,3.4249014854431152,15.75263786315918,1.0,8649,1.4018000364303589,20.939628136200717,21.096405,33.621956,35.110085,36.86957,38.912563,31.463085,1.0,38.81042278244366,39.0,40.0,41.0,41.0,41.0,0
Mbalmayo,BIO_FP_FH__L2A_20251215T050116_20251227T050144_T_G01_M01_C___T004_F004,2025-12-15,29,20,11.44691276550293,3.4249014854431152,14.733342170715332,1.0,8649,0.25328344106674194,10.288406716094347,10.679697,18.13626,19.238525,22.456099,24.824312,16.744337,1.0,26.736588330885787,27.0,29.0,29.0,31.0,31.0,0
Mbalmayo,BIO_FP_FH__L2A_20251215T050116_20251227T050144_T_G01_M01_C___T004_F004,2025-12-15,29,21,11.447746276855469,3.4249014854431152,13.559741973876953,0.9840849330486183,8551,1.2548834085464478,15.199419249777096,11.395571,36.857857,41.507362,45.971283,47.57203,34.56944,1.0,32.667761820205335,33.0,36.0,36.0,37.0,37.0,0
Mbalmayo,BIO_FP_FH__L2A_20251215T050116_20251227T050144_T_G01_M01_C___T004_F004,2025-12-15,29,27,11.452747344970703,3.4249014854431152,21.251930236816406,1.0,8649,1.4088364839553833,15.812411026563765,14.363731,30.101393,32.815556,35.865284,39.305405,27.308577,1.0,33.794636498242944,34.0,36.0,36.0,37.0,37.0,0
Mbalmayo,BIO_FP_FH__L2A_20251215T050116_20251227T050144_T_G01_M01_C___T004_F004,2025-12-15,29,44,11.466917037963867,3.4249014854431152,18.62660026550293,1.0,8649,0.11980000138282776,15.677987068591746,13.75776,32.813457,35.226677,38.66781,43.42502,26.555595,1.0,33.272050273144146,34.0,36.0,36.0,36.0,36.0,0
Mbalmayo,BIO_FP_FH__L2A_20251215T050116_20251227T050144_T_G01_M01_C___T004_F004,2025-12-15,30,6,11.435243606567383,3.424067974090576,21.80739402770996,1.0,8649,0.0,23.629604036593825,23.997396,32.805363,39.19036,42.27028,44.178223,31.624372,1.0,31.150725709260414,32.0,32.0,32.0,33.0,33.0,0
Mbalmayo,BIO_FP_FH__L2A_20251215T050116_20251227T050144_T_G01_M01_C___T004_F004,2025-12-15,30,7,11.436077117919922,3.424067974090576,21.367794036865234,1.0,8649,0.0,25.024792425424906,26.18791,31.903484,33.147083,35.257397,37.744686,31.18003,1.0,31.588796123381584,32.0,32.515467071533195,33.0,33.0,34.0,0
Mbalmayo,BIO_FP_FH__L2A_20251215T050116_20251227T050144_T_G01_M01_C___T004_F004,2025-12-15,30,9,11.437744140625,3.424067974090576,22.651994705200195,0.9391848779934819,8181,0.0,24.078541592323287,23.514528,34.06246,35.259586,37.310673,40.346443,32.653152,1.0,35.41365778792151,35.0,37.0,37.0,37.0,37.0,0
Mbalmayo,BIO_FP_FH__L2A_20251215T050116_20251227T050144_T_G01_M01_C___T004_F004,2025-12-15,30,10,11.438577651977539,3.424067974090576,27.39023780822754,1.0,8649,0.5676000118255615,25.729509914440975,26.838346,35.165718,36.987865,38.8847,40.404816,33.0583,1.0,37.31079812413186,37.0,38.0,39.0,39.0,39.0,0
Mbalmayo,BIO_FP_FH__L2A_20251215T050116_20251227T050144_T_G01_M01_C___T004_F004,2025-12-15,30,11,11.439411163330078,3.424067974090576,24.642837524414062,1.0,8649,0.43220001459121704,26.944502706237714,27.187687,36.10938,36.93859,38.124054,39.014317,35.45681,1.0,36.317321359222234,36.0,38.0,39.0,39.0,39.0,0
Mbalmayo,BIO_FP_FH__L2A_20251215T050116_20251227T050144_T_G01_M01_C___T004_F004,2025-12-15,30,12,11.440244674682617,3.424067974090576,20.54743766784668,1.0,8649,0.16699999570846558,22.105175634466413,21.701674,34.926594,37.265198,40.200638,47.147087,31.042631,1.0,35.95610681816751,36.0,38.0,38.0,38.0,39.0,0
Mbalmayo,BIO_FP_FH__L2A_20251215T050116_20251227T050144_T_G01_M01_C___T004_F004,2025-12-15,30,13,11.441078186035156,3.424067974090576,16.323637008666992,1.0,8649,0.3124000132083893,20.336534118828766,20.44925,31.48943,33.495213,35.470654,37.64606,29.521044,1.0,36.89077693600919,36.0,39.0,40.0,41.0,41.0,0
Mbalmayo,BIO_FP_FH__L2A_20251215T050116_20251227T050144_T_G01_M01_C___T004_F004,2025-12-15,30,14,11.441911697387695,3.424067974090576,14.823237419128418,1.0,8649,1.090999960899353,23.10672928228697,23.990278,32.920967,34.45764,36.143658,37.514385,30.69323,1.0,35.68469427097518,35.0,37.10934829711914,39.0,41.0,41.0,0
Mbalmayo,BIO_FP_FH__L2A_20251215T050116_20251227T050144_T_G01_M01_C___T004_F004,2025-12-15,30,15,11.442745208740234,3.424067974090576,13.317037582397461,1.0,8649,1.9263999462127686,21.41587358365129,22.292542,29.97502,33.13943,40.518288,43.94455,28.245564,1.0,32.46971929697704,32.0,34.0,34.0,35.0,35.0,0
Mbalmayo,BIO_FP_FH__L2A_20251215T050116_20251227T050144_T_G01_M01_C___T004_F004,2025-12-15,30,21,11.447746276855469,3.424067974090576,15.301742553710938,1.0,8649,1.4942834377288818,16.659493239825412,15.348622,29.823675,34.515717,40.217346,45.217674,25.026224,1.0,34.28416829721709,35.0,36.0,36.0,36.0,36.0,0
Mbalmayo,BIO_FP_FH__L2A_20251215T050116_20251227T050144_T_G01_M01_C___T004_F004,2025-12-15,31,6,11.435243606567383,3.423234462738037,21.382795333862305,1.0,8649,0.0,21.17655581570124,23.179787,29.405237,30.869919,32.890667,34.539124,29.018082,1.0,30.75780801048636,31.0,32.0,32.0,32.0,33.0,0
Mbalmayo,BIO_FP_FH__L2A_20251215T050116_20251227T050144_T_G01_M01_C___T004_F004,2025-12-15,31,7,11.436077117919922,3.423234462738037,21.02759552001953,0.9513901591314747,8288,0.0,17.496300420626643,19.250458,29.697063,31.858646,37.06916,39.579357,27.976627,1.0,31.704821130887307,32.0,33.0,33.0,33.0,34.0,0
Mbalmayo,BIO_FP_FH__L2A_20251215T050116_20251227T050144_T_G01_M01_C___T004_F004,2025-12-15,31,8,11.436910629272461,3.423234462738037,20.745195388793945,0.970118898093349,8445,0.0,17.436664112235295,18.345915,28.828562,32.115234,34.975395,39.469364,26.630142,0.9989074512098081,32.79784018991823,33.0,34.0,34.0,34.0,35.0,0
Mbalmayo,BIO_FP_FH__L2A_20251215T050116_20251227T050144_T_G01_M01_C___T004_F004,2025-12-15,31,9,11.437744140625,3.423234462738037,24.01079559326172,0.9768534137797722,8469,0.3776000142097473,21.424898456368037,23.160692,30.244001,32.12472,34.4124,37.55254,28.451973,0.9811706555097802,34.3409315591495,35.0,35.0,36.0,36.549617767333984,37.0,0
Mbalmayo,BIO_FP_FH__L2A_20251215T050116_20251227T050144_T_G01_M01_C___T004_F004,2025-12-15,31,10,11.438577651977539,3.423234462738037,26.82103729248047,1.0,8649,1.294800043106079,24.420482588305006,25.016981,31.787975,33.15062,35.417755,37.847435,30.671505,1.0,34.976671911110174,35.0,37.0,37.0,37.0,37.0,0
Mbalmayo,BIO_FP_FH__L2A_20251215T050116_20251227T050144_T_G01_M01_C___T004_F004,2025-12-15,31,11,11.439411163330078,3.423234462738037,25.55683708190918,1.0,8649,0.6295999884605408,24.262732685859635,24.759708,35.220497,37.190945,39.311325,41.913845,33.44801,1.0,34.31038468972095,34.0,35.0,35.079801940917974,36.0,36.0,0
Mbalmayo,BIO_FP_FH__L2A_20251215T050116_20251227T050144_T_G01_M01_C___T004_F004,2025-12-15,31,12,11.440244674682617,3.423234462738037,20.150836944580078,1.0,8649,0.1597999930381775,17.542733444617873,17.966465,27.824438,30.292725,40.726482,42.59656,27.151482,1.0,34.59798118819776,34.63084030151367,36.0,36.0,37.0,37.0,0
Mbalmayo,BIO_FP_FH__L2A_20251215T050116_20251227T050144_T_G01_M01_C___T004_F004,2025-12-15,31,13,11.441078186035156,3.423234462738037,18.0018367767334,1.0,8649,0.0,14.801066687622846,13.092012,29.779741,33.268314,37.124123,38.384224,26.515776,1.0,34.983601240108904,35.0,36.0,36.0,37.0,37.0,0
Mbalmayo,BIO_FP_FH__L2A_20251215T050116_20251227T050144_T_G01_M01_C___T004_F004,2025-12-15,31,14,11.441911697387695,3.423234462738037,18.443437576293945,1.0,8649,0.0,12.671209279974564,11.231248,24.20022,30.142635,35.14238,37.926323,22.234543,1.0,34.689456768126306,34.17710494995117,36.0,36.0,37.0,37.0,0
Mbalmayo,BIO_FP_FH__L2A_20251215T050116_20251227T050144_T_G01_M01_C___T004_F004,2025-12-15,31,15,11.442745208740234,3.423234462738037,18.087238311767578,1.0,8649,0.38999998569488525,18.17172957133773,18.660412,27.05958,29.463854,35.08828,37.06458,25.648056,1.0,31.775805066342794,32.0,34.0,34.75489044189453,35.0,35.0,0
Mbalmayo,BIO_FP_FH__L2A_20251215T050116_20251227T050144_T_G01_M01_C___T004_F004,2025-12-15,31,16,11.443578720092773,3.423234462738037,15.794037818908691,1.0,8649,1.2719999551773071,21.463481598306164,21.756868,32.26098,35.15608,39.744858,40.606495,29.535252,1.0,31.635820852344278,32.0,33.0,34.0,34.0,35.0,0
Mbalmayo,BIO_FP_FH__L2A_20251215T050116_20251227T050144_T_G01_M01_C___T004_F004,2025-12-15,32,5,11.434410095214844,3.422400951385498,19.244394302368164,1.0,8649,0.0,17.143248587264424,17.952688,26.257223,27.48633,31.662195,37.07824,25.328245,1.0,33.52692563201061,33.0,35.0,36.0,37.0,37.0,0
Mbalmayo,BIO_FP_FH__L2A_20251215T050116_20251227T050144_T_G01_M01_C___T004_F004,2025-12-15,32,13,11.441078186035156,3.422400951385498,19.08743667602539,0.9922343860652243,8594,0.0,15.599440098725514,15.95746,27.402729,30.670227,33.06491,35.749207,24.548431,1.0,34.788919088288885,35.0,36.0,37.0,37.0,38.0,0
Mbalmayo,BIO_FP_FH__L2A_20251215T050116_20251227T050144_T_G01_M01_C___T004_F004,2025-12-15,32,14,11.441911697387695,3.422400951385498,19.241437911987305,1.0,8649,0.0,18.62878611327899,18.528313,29.125378,30.777365,33.565853,35.117645,27.655518,1.0,35.00011568646139,35.0,36.0,37.0,38.0,38.0,0
Mbalmayo,BIO_FP_FH__L2A_20251215T050116_20251227T050144_T_G01_M01_C___T004_F004,2025-12-15,32,15,11.442745208740234,3.422400951385498,19.869836807250977,1.0,8649,0.0,12.69156567955833,10.6043,25.721537,29.39796,34.250156,36.84403,22.146526,1.0,33.08520800563721,33.0,34.0,34.0,36.0,36.0,0
Mbalmayo,BIO_FP_FH__L2A_20251215T050116_20251227T050144_T_G01_M01_C___T004_F004,2025-12-15,32,16,11.443578720092773,3.422400951385498,20.22703742980957,1.0,8649,0.0,15.476104535206382,15.638297,26.760317,30.089958,35.613052,38.611282,25.721245,1.0,32.52337621697002,32.0,34.0,34.0,34.75462341308594,36.0,0
Mbalmayo,BIO_FP_FH__L2A_20251215T050116_20251227T050144_T_G01_M01_C___T004_F004,2025-12-15,32,17,11.444412231445312,3.422400951385498,18.577037811279297,1.0,8649,0.4790000021457672,22.13015142646549,22.591183,30.953472,34.226154,37.37915,39.27919,29.451714,0.9921138700218831,33.86496863726589,34.0,35.0,36.0,36.0,36.0,0
Mbalmayo,BIO_FP_FH__L2A_20251215T050116_20251227T050144_T_G01_M01_C___T004_F004,2025-12-15,32,33,11.457748413085938,3.422400951385498,27.383729934692383,1.0,8649,0.2852364480495453,15.718522372528616,14.880226,28.595772,30.424578,35.336655,37.925392,26.735022,1.0,35.580196236610306,36.0,37.0,37.0,39.0,39.0,0
Mbalmayo,BIO_FP_FH__L2A_20251215T050116_20251227T050144_T_G01_M01_C___T004_F004,2025-12-15,32,34,11.458581924438477,3.422400951385498,30.137893676757812,1.0,8649,0.8327999711036682,14.606030592409526,10.01052,35.543827,38.751667,40.86976,41.71037,27.978382,1.0,36.94968129207749,37.0,38.0,39.0,39.0,39.0,0
Mbalmayo,BIO_FP_FH__L2A_20251215T050116_20251227T050144_T_G01_M01_C___T004_F004,2025-12-15,33,2,11.431909561157227,3.421567440032959,18.334260940551758,0.9919255900926046,8611,0.0,6.240337311130973,2.9350417,18.621159,23.01284,27.847637,32.388023,12.147366,1.0,31.891462680218137,32.0,34.0,34.0,34.0,34.0,0
Mbalmayo,BIO_FP_FH__L2A_20251215T050116_20251227T050144_T_G01_M01_C___T004_F004,2025-12-15,33,3,11.432743072509766,3.421567440032959,17.833059310913086,1.0,8649,0.0,11.950882146779975,10.028409,27.23576,32.238556,35.684746,37.502827,20.651579,1.0,30.5659108403956,31.0,33.0,33.0,34.0,34.0,0
Mbalmayo,BIO_FP_FH__L2A_20251215T050116_20251227T050144_T_G01_M01_C___T004_F004,2025-12-15,33,4,11.433576583862305,3.421567440032959,15.176259994506836,1.0,8649,0.0,13.571848082148225,13.38321,25.849192,28.31436,32.679478,35.17993,21.041933,1.0,32.150784333822614,32.0,33.0,34.0,34.0,34.0,0
Mbalmayo,BIO_FP_FH__L2A_20251215T050116_20251227T050144_T_G01_M01_C___T004_F004,2025-12-15,33,8,11.436910629272461,3.421567440032959,14.229459762573242,1.0,8649,1.9429999589920044,7.643755781015146,4.612853,19.244091,22.513096,29.275215,33.72807,15.301577,1.0,26.39944890485718,27.0,30.0,30.0,30.0,31.0,0
Mbalmayo,BIO_FP_FH__L2A_20251215T050116_20251227T050144_T_G01_M01_C___T004_F004,2025-12-15,33,29,11.454414367675781,3.421567440032959,19.50907325744629,1.0,8649,0.0,17.147168838160482,16.972666,25.966154,28.267405,31.064959,34.57063,23.94041,0.9973571721095269,31.9181388782359,32.0,33.0,33.0,33.0,33.0,0
Mbalmayo,BIO_FP_FH__L2A_20251215T050116_20251227T050144_T_G01_M01_C___T004_F004,2025-12-15,33,30,11.45524787902832,3.421567440032959,22.048473358154297,1.0,8649,0.0,17.245522874754307,17.441721,28.531677,31.494293,36.94007,38.94743,24.692518,1.0,32.89251921286899,33.0,34.0,35.0,36.0,36.0,0
Mbalmayo,BIO_FP_FH__L2A_20251215T050116_20251227T050144_T_G01_M01_C___T004_F004,2025-12-15,33,31,11.45608139038086,3.421567440032959,24.82747459411621,1.0,8649,0.27059999108314514,24.418307029714416,26.098227,32.68717,34.037064,35.766914,38.22128,31.758055,1.0,35.54899880414423,36.0,37.0,37.0,37.0,37.0,0
Mbalmayo,BIO_FP_FH__L2A_20251215T050116_20251227T050144_T_G01_M01_C___T004_F004,2025-12-15,33,32,11.456914901733398,3.421567440032959,26.853673934936523,1.0,8649,0.4350000023841858,23.85013395696034,24.836946,35.366177,37.95693,40.249138,42.304577,32.343857,1.0,37.03391857061211,37.0,38.0,39.0,39.0,39.0,0
Mbalmayo,BIO_FP_FH__L2A_20251215T050116_20251227T050144_T_G01_M01_C___T004_F004,2025-12-15,33,33,11.457748413085938,3.421567440032959,29.059673309326172,1.0,8649,0.7160000205039978,19.60564940672332,18.995558,36.854336,39.437443,41.556396,44.530537,34.25674,1.0,37.865306576823535,38.0,39.0,40.0,41.0,41.0,0
Mbalmayo,BIO_FP_FH__L2A_20251215T050116_20251227T050144_T_G01_M01_C___T004_F004,2025-12-15,34,2,11.431909561157227,3.42073392868042,17.981260299682617,0.98075478040272,8533,0.0,7.547410487818841,3.4202223,23.365164,26.597189,32.093266,33.81762,14.144089,1.0,33.74746816482747,34.0,36.0,36.0,36.0,36.0,0
Mbalmayo,BIO_FP_FH__L2A_20251215T050116_20251227T050144_T_G01_M01_C___T004_F004,2025-12-15,34,3,11.432743072509766,3.42073392868042,15.977060317993164,1.0,8649,0.0,3.9979129632038384,1.0398989,14.448021,21.47287,26.231134,35.594536,5.516046,1.0,31.401327142881954,31.0,33.0,33.78147506713867,35.0,35.0,0
Mbalmayo,BIO_FP_FH__L2A_20251215T050116_20251227T050144_T_G01_M01_C___T004_F004,2025-12-15,34,4,11.433576583862305,3.42073392868042,13.153260231018066,0.9049265765912244,7870,0.0,11.793661304295151,9.178362,27.835459,29.68964,32.624496,34.28042,24.35877,0.8648506450796419,32.64758488448972,33.0,34.0,34.0,34.0,34.0,0
Mbalmayo,BIO_FP_FH__L2A_20251215T050116_20251227T050144_T_G01_M01_C___T004_F004,2025-12-15,34,7,11.436077117919922,3.42073392868042,18.449060440063477,1.0,8649,0.0,11.53607353451266,10.975858,23.218622,25.152155,31.242853,35.017635,18.810379,1.0,22.554160067712328,22.0,25.0,26.0,26.0,26.0,0
Mbalmayo,BIO_FP_FH__L2A_20251215T050116_20251227T050144_T_G01_M01_C___T004_F004,2025-12-15,34,8,11.436910629272461,3.42073392868042,15.76725959777832,1.0,8649,0.5989999771118164,6.052228310353798,2.2274406,18.926313,25.528383,31.082794,33.360493,15.796603,1.0,24.094591731542188,23.0,29.0,29.0,30.076054840087906,32.0,0
Mbalmayo,BIO_FP_FH__L2A_20251215T050116_20251227T050144_T_G01_M01_C___T004_F004,2025-12-15,34,9,11.437744140625,3.42073392868042,11.682459831237793,1.0,8649,1.8472000360488892,20.775502406347556,21.55315,32.122543,33.70056,36.997917,39.28941,30.91821,1.0,32.48861481923149,33.0,34.0,34.0,34.0,34.0,0
Mbalmayo,BIO_FP_FH__L2A_20251215T050116_20251227T050144_T_G01_M01_C___T004_F004,2025-12-15,34,10,11.438577651977539,3.42073392868042,14.28345775604248,1.0,8649,1.8021999597549438,27.169528269164065,28.268198,34.20227,35.222923,37.257473,38.83761,33.558037,1.0,32.15593687814569,32.0,33.0,33.0,34.0,34.0,0
Mbalmayo,BIO_FP_FH__L2A_20251215T050116_20251227T050144_T_G01_M01_C___T004_F004,2025-12-15,34,11,11.439411163330078,3.42073392868042,19.575057983398438,1.0,8649,0.8845999836921692,22.419653373944964,23.37841,29.400698,31.498888,34.17492,36.841267,27.999968,1.0,32.184814407475656,32.0,33.0,34.0,34.0,34.0,0
Mbalmayo,BIO_FP_FH__L2A_20251215T050116_20251227T050144_T_G01_M01_C___T004_F004,2025-12-15,34,12,11.440244674682617,3.42073392868042,22.095857620239258,0.996023237422679,8624,0.0,13.004494830754751,13.387798,22.388418,24.68331,28.14061,32.135918,19.768238,0.9994267251970093,30.113338225610704,30.0,32.0,33.0,33.0,33.0,0
Mbalmayo,BIO_FP_FH__L2A_20251215T050116_20251227T050144_T_G01_M01_C___T004_F004,2025-12-15,34,18,11.445245742797852,3.42073392868042,22.314294815063477,0.9922331158226384,8598,0.0,26.175441646976463,27.238335,36.224083,38.570614,41.304348,43.009766,35.01237,0.985824867491192,37.0177425837116,37.0,38.0,39.0,40.0,40.0,0
Mbalmayo,BIO_FP_FH__L2A_20251215T050116_20251227T050144_T_G01_M01_C___T004_F004,2025-12-15,34,25,11.451080322265625,3.42073392868042,22.24029541015625,1.0,8649,0.20520000159740448,15.241386739073882,13.9876585,28.849821,32.975456,37.180202,41.07036,27.46313,1.0,35.210852577226234,35.0,36.0,37.0,37.0,38.0,0
Mbalmayo,BIO_FP_FH__L2A_20251215T050116_20251227T050144_T_G01_M01_C___T004_F004,2025-12-15,34,26,11.451913833618164,3.42073392868042,23.679874420166016,1.0,8649,0.2054000049829483,9.750345957625159,7.569178,22.493057,28.65117,32.816383,36.314987,16.288603,1.0,34.95309401446098,35.0,36.0,37.0,38.0,38.0,0
Mbalmayo,BIO_FP_FH__L2A_20251215T050116_20251227T050144_T_G01_M01_C___T004_F004,2025-12-15,34,29,11.454414367675781,3.42073392868042,23.14107322692871,1.0,8649,0.0,13.575185263469765,13.740514,22.327509,24.58648,28.712545,32.586742,21.39789,1.0,31.9072524703766,32.0,33.0,33.0,33.0,33.0,0
Mbalmayo,BIO_FP_FH__L2A_20251215T050116_20251227T050144_T_G01_M01_C___T004_F004,2025-12-15,34,30,11.45524787902832,3.42073392868042,22.153472900390625,1.0,8649,0.0,18.013582224101054,16.967543,29.416407,32.11009,34.994167,38.986416,25.509363,1.0,33.273643486154384,33.0,35.0,35.0,36.0,36.0,0
Mbalmayo,BIO_FP_FH__L2A_20251215T050116_20251227T050144_T_G01_M01_C___T004_F004,2025-12-15,34,31,11.45608139038086,3.42073392868042,24.86687469482422,1.0,8649,0.1964000016450882,24.79445329662389,27.068945,38.667686,40.52735,44.84307,49.56013,36.79671,1.0,35.68169910643938,36.0,37.0,37.0,37.0,37.0,0
Mbalmayo,BIO_FP_FH__L2A_20251215T050116_20251227T050144_T_G01_M01_C___T004_F004,2025-12-15,34,32,11.456914901733398,3.42073392868042,27.815073013305664,1.0,8649,0.6583999991416931,20.218760839403398,21.03727,34.518993,36.50725,39.55881,41.507565,31.741632,1.0,35.73668028476101,36.0,37.0,39.0,39.0,39.0,0
Mbalmayo,BIO_FP_FH__L2A_20251215T050116_20251227T050144_T_G01_M01_C___T004_F004,2025-12-15,35,2,11.431909561157227,3.419900417327881,17.341659545898438,0.9406627487868902,8183,0.17520000040531158,8.309392411752844,6.8855,18.469776,20.601524,28.097418,34.130306,14.643144,1.0,34.53455900398896,35.0,36.0,36.0,36.0,36.0,0
Mbalmayo,BIO_FP_FH__L2A_20251215T050116_20251227T050144_T_G01_M01_C___T004_F004,2025-12-15,35,3,11.432743072509766,3.419900417327881,15.738659858703613,1.0,8649,0.0,6.7499751597005435,3.6612158,19.755398,27.20613,30.755377,34.52306,10.136412,0.9989652406178343,34.863100921389986,35.0,36.0,36.0,36.0,37.0,0
Mbalmayo,BIO_FP_FH__L2A_20251215T050116_20251227T050144_T_G01_M01_C___T004_F004,2025-12-15,35,6,11.435243606567383,3.419900417327881,15.191459655761719,1.0,8649,0.0,9.607439263209619,9.076284,18.165602,20.53228,24.452736,28.73286,16.936228,1.0,28.064107630484116,28.0,30.0,31.0,31.0,31.0,0
Mbalmayo,BIO_FP_FH__L2A_20251215T050116_20251227T050144_T_G01_M01_C___T004_F004,2025-12-15,35,7,11.436077117919922,3.419900417327881,17.09126091003418,1.0,8649,0.0,9.713716903688288,8.948939,18.261305,22.05388,33.23229,36.96178,16.363363,1.0,24.4665745686542,24.0,26.0,26.0,27.0,27.0,0
Mbalmayo,BIO_FP_FH__L2A_20251215T050116_20251227T050144_T_G01_M01_C___T004_F004,2025-12-15,35,8,11.436910629272461,3.419900417327881,15.70386028289795,1.0,8649,0.0,18.384587000664816,19.522423,30.194723,34.13515,43.528755,45.638218,28.76571,1.0,28.607017208570856,29.0,31.0,32.0,32.0,32.0,0
Mbalmayo,BIO_FP_FH__L2A_20251215T050116_20251227T050144_T_G01_M01_C___T004_F004,2025-12-15,35,9,11.437744140625,3.419900417327881,14.316459655761719,1.0,8649,0.0,20.07581440050873,20.110859,31.974976,34.87101,38.32128,41.671074,30.631521,1.0,30.28886980640501,30.0,31.955360412597656,32.0,32.0,32.0,0
Mbalmayo,BIO_FP_FH__L2A_20251215T050116_20251227T050144_T_G01_M01_C___T004_F004,2025-12-15,35,10,11.438577651977539,3.419900417327881,16.939857482910156,1.0,8649,0.0,18.12818588131576,18.732643,29.339293,31.09322,34.665127,38.333477,28.093672,1.0,31.159755651655054,31.0,33.0,33.0,33.0,33.0,0
Mbalmayo,BIO_FP_FH__L2A_20251215T050116_20251227T050144_T_G01_M01_C___T004_F004,2025-12-15,35,11,11.439411163330078,3.419900417327881,21.147457122802734,1.0,8649,0.0,21.485881677072495,22.743694,30.334894,32.581444,36.294525,38.431828,28.795105,1.0,31.56592070594635,31.0,33.0,33.0,34.0,34.0,0
Mbalmayo,BIO_FP_FH__L2A_20251215T050116_20251227T050144_T_G01_M01_C___T004_F004,2025-12-15,35,12,11.440244674682617,3.419900417327881,23.19085693359375,1.0,8649,0.0,15.883680555555555,14.529262,27.272669,32.92939,35.293457,37.730232,23.727695,1.0,30.355473833175626,30.0,32.0,33.0,33.0,33.0,0
Mbalmayo,BIO_FP_FH__L2A_20251215T050116_20251227T050144_T_G01_M01_C___T004_F004,2025-12-15,35,13,11.441078186035156,3.419900417327881,22.470657348632812,1.0,8649,0.0,21.646293556335994,23.628483,28.91928,30.185547,32.53781,34.453884,27.585732,1.0,30.195888839053037,30.0,32.0,32.0,33.0,33.0,0
Mbalmayo,BIO_FP_FH__L2A_20251215T050116_20251227T050144_T_G01_M01_C___T004_F004,2025-12-15,35,17,11.444412231445312,3.419900417327881,20.552457809448242,1.0,8649,0.0,13.757457057896866,10.851316,26.729351,33.496826,38.82575,42.963352,22.765312,1.0,32.823754982447156,33.955360412597656,35.58296203613281,36.0,37.0,37.0,0
Mbalmayo,BIO_FP_FH__L2A_20251215T050116_20251227T050144_T_G01_M01_C___T004_F004,2025-12-15,35,18,11.445245742797852,3.419900417327881,22.800294876098633,1.0,8649,0.0,13.657946818273789,12.247929,22.748583,26.800457,31.8647,34.511784,20.052982,1.0,33.054140496493794,33.0,36.0,36.0,36.0,36.0,0
Mbalmayo,BIO_FP_FH__L2A_20251215T050116_20251227T050144_T_G01_M01_C___T004_F004,2025-12-15,35,25,11.451080322265625,3.419900417327881,22.06969451904297,1.0,8649,0.725600004196167,16.552373739016073,11.657131,35.897045,38.48947,43.89868,46.742794,31.988106,1.0,36.98125151317648,37.0,38.0,38.0,38.25337600708008,39.0,0
Mbalmayo,BIO_FP_FH__L2A_20251215T050116_20251227T050144_T_G01_M01_C___T004_F004,2025-12-15,35,26,11.451913833618164,3.419900417327881,23.369274139404297,1.0,8649,0.8655999898910522,25.100672765637647,27.240015,36.741173,38.952374,41.572567,43.674736,35.49698,1.0,37.14026458763169,37.0,38.0,39.0,39.0,39.0,0
Mbalmayo,BIO_FP_FH__L2A_20251215T050116_20251227T050144_T_G01_M01_C___T004_F004,2025-12-15,35,29,11.454414367675781,3.419900417327881,27.089473724365234,1.0,8649,0.0,11.167558659238063,10.670915,20.822405,25.71032,33.404346,35.315895,18.898136,1.0,32.74882344486176,33.0,34.0,34.0,35.0,36.0,0
Mbalmayo,BIO_FP_FH__L2A_20251215T050116_20251227T050144_T_G01_M01_C___T004_F004,2025-12-15,35,30,11.45524787902832,3.419900417327881,24.406272888183594,1.0,8649,0.0,16.181012617065555,13.990889,30.846643,34.595013,40.384583,42.380173,27.043777,1.0,34.2844634574884,34.0,37.0,38.0,38.0,38.0,0
Mbalmayo,BIO_FP_FH__L2A_20251215T050116_20251227T050144_T_G01_M01_C___T004_F004,2025-12-15,35,31,11.45608139038086,3.419900417327881,24.70167350769043,1.0,8649,0.11640000343322754,22.21898666030755,19.407934,40.942226,43.145786,45.954,47.81892,38.876278,1.0,35.37463030956814,36.0,37.0,37.0,38.0,38.0,0
Mbalmayo,BIO_FP_FH__L2A_20251215T050116_20251227T050144_T_G01_M01_C___T004_F004,2025-12-15,35,32,11.456914901733398,3.419900417327881,27.58027458190918,1.0,8649,0.5763999819755554,16.172703762718232,14.888785,29.237715,31.717304,35.86751,37.995422,25.733866,1.0,34.33679188148233,34.0,35.0,36.0,36.0,36.0,0
Mbalmayo,BIO_FP_FH__L2A_20251215T050116_20251227T050144_T_G01_M01_C___T004_F004,2025-12-15,36,5,11.434410095214844,3.419066905975342,20.947660446166992,0.9838678627045034,8514,0.0,7.861061095684893,5.4488363,20.316343,23.198425,30.50855,33.680992,14.37398,1.0,31.49544371217782,31.468475341796875,34.0,34.0,35.0,35.0,0
Mbalmayo,BIO_FP_FH__L2A_20251215T050116_20251227T050144_T_G01_M01_C___T004_F004,2025-12-15,36,6,11.435243606567383,3.419066905975342,17.74686050415039,1.0,8649,0.0,11.102116212856977,7.423174,27.850052,32.4426,34.695347,36.821712,22.901833,1.0,31.99231867614351,32.0,35.0,35.0,36.0,36.0,0
Mbalmayo,BIO_FP_FH__L2A_20251215T050116_20251227T050144_T_G01_M01_C___T004_F004,2025-12-15,36,10,11.438577651977539,3.419066905975342,18.98105812072754,1.0,8649,0.0,21.774136641519252,22.528646,31.64579,33.397175,35.823128,37.594734,30.910208,1.0,31.917222869507853,32.0,34.0,35.0,35.0,36.0,0
Mbalmayo,BIO_FP_FH__L2A_20251215T050116_20251227T050144_T_G01_M01_C___T004_F004,2025-12-15,36,11,11.439411163330078,3.419066905975342,21.654857635498047,1.0,8649,0.0,23.149754487513007,23.98969,30.034792,32.164516,34.430344,36.052616,28.55232,1.0,33.632437565627434,33.0,36.0,36.0,36.0,36.0,0
Mbalmayo,BIO_FP_FH__L2A_20251215T050116_20251227T050144_T_G01_M01_C___T004_F004,2025-12-15,36,12,11.440244674682617,3.419066905975342,24.294057846069336,1.0,8649,0.0,14.781550793444328,14.207398,23.72604,25.914433,32.023056,37.73949,21.504429,1.0,32.1437693185814,32.0,33.0,33.0,33.0,33.0,0
Mbalmayo,BIO_FP_FH__L2A_20251215T050116_20251227T050144_T_G01_M01_C___T004_F004,2025-12-15,36,17,11.444412231445312,3.419066905975342,18.141857147216797,1.0,8649,0.0,11.680754729593017,10.153399,19.20953,25.262125,41.17867,44.336926,17.811031,1.0,29.89902781723469,30.0,32.0,32.0,33.0,33.0,0
Mbalmayo,BIO_FP_FH__L2A_20251215T050116_20251227T050144_T_G01_M01_C___T004_F004,2025-12-15,36,24,11.450246810913086,3.419066905975342,19.225095748901367,1.0,8649,0.21699999272823334,16.48833183388253,16.721758,26.445446,28.187578,33.749397,35.95243,24.094772,1.0,31.695763048429352,31.0,34.0,35.0,35.0,35.0,0
Mbalmayo,BIO_FP_FH__L2A_20251215T050116_20251227T050144_T_G01_M01_C___T004_F004,2025-12-15,36,25,11.451080322265625,3.419066905975342,20.669296264648438,1.0,8649,0.6385999917984009,16.302790604405132,12.5687,30.998676,34.06661,38.494152,43.042435,27.111034,1.0,36.13307498901452,36.0,38.0,38.0,38.0,38.0,0
Mbalmayo,BIO_FP_FH__L2A_20251215T050116_20251227T050144_T_G01_M01_C___T004_F004,2025-12-15,36,26,11.451913833618164,3.419066905975342,21.271074295043945,1.0,8649,0.8235999941825867,21.89689740143369,25.195486,32.568584,34.054974,36.969296,40.638393,31.880392,1.0,34.24959426974269,34.0,36.0,36.531524658203125,37.0,38.0,0
Mbalmayo,BIO_FP_FH__L2A_20251215T050116_20251227T050144_T_G01_M01_C___T004_F004,2025-12-15,36,29,11.454414367675781,3.419066905975342,24.992473602294922,1.0,8649,0.0,12.847650378656493,12.907247,23.615946,26.917538,32.232418,34.722076,21.112858,1.0,34.44492237277631,35.0,37.0,37.0,37.0,37.0,0
Mbalmayo,BIO_FP_FH__L2A_20251215T050116_20251227T050144_T_G01_M01_C___T004_F004,2025-12-15,36,30,11.45524787902832,3.419066905975342,23.72327423095703,1.0,8649,0.0,16.085096542952943,14.436855,28.144669,32.189163,40.37258,44.12971,23.39699,1.0,37.769634166112844,38.0,39.0,39.0,39.0,39.0,0
Mbalmayo,BIO_FP_FH__L2A_20251215T050116_20251227T050144_T_G01_M01_C___T004_F004,2025-12-15,36,31,11.45608139038086,3.419066905975342,24.417673110961914,1.0,8649,0.03319999948143959,18.89260861082206,16.728933,36.924416,39.565186,42.360867,45.117977,33.411896,1.0,37.94073641800525,38.0,39.0,39.0,39.0,39.0,0
Mbalmayo,BIO_FP_FH__L2A_20251215T050116_20251227T050144_T_G01_M01_C___T004_F004,2025-12-15,37,4,11.433576583862305,3.4182333946228027,16.411460876464844,0.9370164609889872,8146,0.0,12.50198382107201,10.851587,24.857357,28.418293,30.403093,32.67137,21.369652,0.9718775561783394,31.531708244436274,32.0,35.0,35.0,35.0,35.0,0
Mbalmayo,BIO_FP_FH__L2A_20251215T050116_20251227T050144_T_G01_M01_C___T004_F004,2025-12-15,37,5,11.434410095214844,3.4182333946228027,17.119659423828125,1.0,8649,0.0,13.7857655147994,11.290557,26.970522,32.66181,37.00749,38.743267,23.885693,1.0,34.85191847578144,35.0,38.0,39.0,39.0,39.0,0
Mbalmayo,BIO_FP_FH__L2A_20251215T050116_20251227T050144_T_G01_M01_C___T004_F004,2025-12-15,37,6,11.435243606567383,3.4182333946228027,13.670860290527344,1.0,8649,1.2297999858856201,20.756904248323504,21.351088,36.502686,39.415302,41.547054,43.36533,34.460835,1.0,36.5496721778223,37.0,39.0,39.0,39.0,39.0,0
Mbalmayo,BIO_FP_FH__L2A_20251215T050116_20251227T050144_T_G01_M01_C___T004_F004,2025-12-15,37,10,11.438577651977539,3.4182333946228027,21.19245719909668,1.0,8649,0.0,18.654762291883454,20.662226,28.743324,30.69325,34.65765,36.879356,27.246712,1.0,34.243974333044314,34.0,35.7349853515625,36.0,37.0,37.0,0
Mbalmayo,BIO_FP_FH__L2A_20251215T050116_20251227T050144_T_G01_M01_C___T004_F004,2025-12-15,37,11,11.439411163330078,3.4182333946228027,22.241657257080078,1.0,8649,0.0,23.892820882471963,25.216211,30.819199,34.18565,37.613186,41.80196,29.423172,1.0,34.61144704396414,35.0,36.0,36.0,36.0,36.0,0
Mbalmayo,BIO_FP_FH__L2A_20251215T050116_20251227T050144_T_G01_M01_C___T004_F004,2025-12-15,37,17,11.444412231445312,3.4182333946228027,15.269857406616211,1.0,8649,0.0,11.706753038646086,9.462865,23.81019,30.985193,35.69307,42.34412,18.955185,1.0,28.610597718311936,28.97840690612793,30.0,31.0,32.0,32.0,0
Mbalmayo,BIO_FP_FH__L2A_20251215T050116_20251227T050144_T_G01_M01_C___T004_F004,2025-12-15,37,22,11.448579788208008,3.4182333946228027,18.72109603881836,1.0,8649,0.0,12.249272856688634,10.946314,24.288305,26.775328,30.128582,31.715942,19.945518,1.0,28.485685742594683,28.0,30.0,31.0,31.0,32.0,0
Mbalmayo,BIO_FP_FH__L2A_20251215T050116_20251227T050144_T_G01_M01_C___T004_F004,2025-12-15,37,23,11.449413299560547,3.4182333946228027,17.435495376586914,1.0,8649,0.0,15.146359044398196,15.435005,24.703342,26.506355,29.381754,31.501762,22.315687,1.0,28.539581139827273,29.0,30.0,30.0,31.483083724975586,32.0,0
Mbalmayo,BIO_FP_FH__L2A_20251215T050116_20251227T050144_T_G01_M01_C___T004_F004,2025-12-15,37,24,11.450246810913086,3.4182333946228027,17.192895889282227,1.0,8649,0.11779999732971191,18.01092115056654,17.595179,31.058828,32.86585,34.47915,36.17134,26.597687,1.0,32.75391605446443,33.0,35.0,35.0,35.0,35.0,0
Mbalmayo,BIO_FP_FH__L2A_20251215T050116_20251227T050144_T_G01_M01_C___T004_F004,2025-12-15,37,25,11.451080322265625,3.4182333946228027,18.080095291137695,1.0,8649,0.382999986410141,21.66263531188577,21.60971,38.612175,48.776928,55.85646,59.587387,35.01583,1.0,36.369207656318736,36.0,38.0,39.0,40.0,40.0,0
Mbalmayo,BIO_FP_FH__L2A_20251215T050116_20251227T050144_T_G01_M01_C___T004_F004,2025-12-15,37,26,11.451913833618164,3.4182333946228027,17.59307289123535,1.0,8649,0.2621999979019165,25.932630398022894,26.707565,36.546024,39.745857,50.99454,55.085026,34.401035,1.0,35.12145871098351,35.0,37.0,37.0,39.0,39.0,0
Mbalmayo,BIO_FP_FH__L2A_20251215T050116_20251227T050144_T_G01_M01_C___T004_F004,2025-12-15,37,29,11.454414367675781,3.4182333946228027,23.193674087524414,1.0,8649,0.09260000288486481,13.467006662619957,13.756185,23.989737,25.564638,31.623959,34.98906,22.944443,1.0,33.80261850969021,33.0,37.0,37.0,37.0,38.0,0
Mbalmayo,BIO_FP_FH__L2A_20251215T050116_20251227T050144_T_G01_M01_C___T004_F004,2025-12-15,37,30,11.45524787902832,3.4182333946228027,24.09747314453125,1.0,8649,0.0,23.008090259712105,22.991278,34.261898,37.09309,44.514782,46.425255,32.33348,1.0,38.182351229576476,38.0,39.0,39.0,40.0,40.0,0
Mbalmayo,BIO_FP_FH__L2A_20251215T050116_20251227T050144_T_G01_M01_C___T004_F004,2025-12-15,37,31,11.45608139038086,3.4182333946228027,24.748674392700195,1.0,8649,0.0,21.79040252124523,21.069435,40.090168,41.75402,44.292656,46.694736,38.130146,1.0,39.53686814622971,40.0,40.0,41.0,41.0,41.0,0
Mbalmayo,BIO_FP_FH__L2A_20251215T050116_20251227T050144_T_G01_M01_C___T004_F004,2025-12-15,37,32,11.456914901733398,3.4182333946228027,25.927473068237305,1.0,8649,0.3874000012874603,25.169886421118047,26.15016,35.756145,37.547382,40.793896,44.721,34.70153,1.0,36.57241978128737,37.0,38.0,38.0,39.0,39.0,0
Mbalmayo,BIO_FP_FH__L2A_20251215T050116_20251227T050144_T_G01_M01_C___T004_F004,2025-12-15,37,38,11.461915969848633,3.4182333946228027,19.21221160888672,1.0,8649,0.4578000009059906,26.380428734535784,28.656036,35.59475,37.802113,40.375423,44.497425,33.753178,1.0,35.610000997158075,35.0,38.0,38.0,39.0,39.0,0
Mbalmayo,BIO_FP_FH__L2A_20251215T050116_20251227T050144_T_G01_M01_C___T004_F004,2025-12-15,37,39,11.462749481201172,3.4182333946228027,21.170011520385742,1.0,8649,0.0,23.887983798705054,26.25376,33.136467,34.48723,37.04512,39.15342,31.774433,1.0,33.42403870563946,33.0,35.0,35.0,35.0,36.0,0
Mbalmayo,BIO_FP_FH__L2A_20251215T050116_20251227T050144_T_G01_M01_C___T004_F004,2025-12-15,37,40,11.463582992553711,3.4182333946228027,21.86661148071289,1.0,8649,0.0,21.32400060700659,21.239002,40.949287,42.776047,44.588802,46.04695,34.7245,1.0,35.243249273724686,35.0,36.5481590270996,37.0,37.0,37.0,0
Mbalmayo,BIO_FP_FH__L2A_20251215T050116_20251227T050144_T_G01_M01_C___T004_F004,2025-12-15,38,3,11.432743072509766,3.4173998832702637,14.854660034179688,0.9772434911640797,8465,0.0,14.049530785922927,12.632867,25.833502,28.231777,32.03398,34.678097,23.456139,0.9626526531766282,34.01614535932841,34.0,36.0,36.0,36.0,36.0,0
Mbalmayo,BIO_FP_FH__L2A_20251215T050116_20251227T050144_T_G01_M01_C___T004_F004,2025-12-15,38,4,11.433576583862305,3.4173998832702637,14.014659881591797,1.0,8649,0.0,18.421453166551046,19.002253,28.53176,31.461317,33.961517,35.717224,26.295935,1.0,35.686148578768616,36.0,37.0,37.0,37.0,37.0,0
Mbalmayo,BIO_FP_FH__L2A_20251215T050116_20251227T050144_T_G01_M01_C___T004_F004,2025-12-15,38,5,11.434410095214844,3.4173998832702637,13.267459869384766,1.0,8649,0.0,13.99664159151347,11.776344,26.948069,30.48881,38.082474,39.621517,24.005882,1.0,36.44735413135745,36.0,38.0,38.0,38.0,38.0,0
Mbalmayo,BIO_FP_FH__L2A_20251215T050116_20251227T050144_T_G01_M01_C___T004_F004,2025-12-15,38,9,11.437744140625,3.4173998832702637,15.387660026550293,1.0,8649,1.5618000030517578,6.222938526130188,3.7409213,17.436579,22.205023,26.110806,33.895096,11.3717165,1.0,24.986253314107014,26.0,30.0,30.0,30.706155395507903,31.0,0
Mbalmayo,BIO_FP_FH__L2A_20251215T050116_20251227T050144_T_G01_M01_C___T004_F004,2025-12-15,38,10,11.438577651977539,3.4173998832702637,17.287857055664062,1.0,8649,0.0,13.562265146259683,12.607311,25.02556,27.412476,31.528402,33.682095,22.308876,1.0,29.73223958129565,30.0,33.0,35.0,36.0,37.0,0
Mbalmayo,BIO_FP_FH__L2A_20251215T050116_20251227T050144_T_G01_M01_C___T004_F004,2025-12-15,38,11,11.439411163330078,3.4173998832702637,16.658456802368164,1.0,8649,1.7555999755859375,15.839089959821944,14.674887,27.29848,28.94019,32.681503,36.26655,23.550028,1.0,30.349542318099992,30.0,34.0,34.053096771240234,36.0,36.0,0
Mbalmayo,BIO_FP_FH__L2A_20251215T050116_20251227T050144_T_G01_M01_C___T004_F004,2025-12-15,38,22,11.448579788208008,3.4173998832702637,16.850296020507812,1.0,8649,0.0,18.52615322219332,19.467436,28.830946,30.630358,34.205036,37.689575,27.177328,1.0,28.835854625051347,29.0,30.0,31.0,31.0,32.0,0
Mbalmayo,BIO_FP_FH__L2A_20251215T050116_20251227T050144_T_G01_M01_C___T004_F004,2025-12-15,38,23,11.449413299560547,3.4173998832702637,15.954094886779785,1.0,8649,0.0,14.850249577263268,13.943008,25.77136,28.061342,31.415913,33.563606,22.37677,1.0,29.162481584525796,29.0,31.0,31.0,31.0,32.0,0
Mbalmayo,BIO_FP_FH__L2A_20251215T050116_20251227T050144_T_G01_M01_C___T004_F004,2025-12-15,38,24,11.450246810913086,3.4173998832702637,14.909695625305176,1.0,8649,0.16940000653266907,20.582677097785872,20.668957,34.17998,36.141148,38.319286,39.916943,30.54085,1.0,32.801682299004085,33.0,35.0,35.0,36.0,36.0,0
Mbalmayo,BIO_FP_FH__L2A_20251215T050116_20251227T050144_T_G01_M01_C___T004_F004,2025-12-15,38,25,11.451080322265625,3.4173998832702637,14.465495109558105,1.0,8649,0.5238000154495239,26.91368763729911,28.116737,38.88545,41.041924,45.6104,54.839645,37.25675,1.0,37.48286583360488,38.0,39.0,39.0,39.0,40.0,0
Mbalmayo,BIO_FP_FH__L2A_20251215T050116_20251227T050144_T_G01_M01_C___T004_F004,2025-12-15,38,26,11.451913833618164,3.4173998832702637,14.021273612976074,1.0,8649,0.878000020980835,24.975607729217252,26.63256,36.460983,38.00818,40.746742,54.638424,34.88078,1.0,38.3213972487964,38.43059539794922,40.0,40.0,40.0,40.0,0
Mbalmayo,BIO_FP_FH__L2A_20251215T050116_20251227T050144_T_G01_M01_C___T004_F004,2025-12-15,38,29,11.454414367675781,3.4173998832702637,21.582874298095703,1.0,8649,1.3573999404907227,13.675101077436699,13.856142,21.455118,26.023598,33.60148,35.904964,19.688639,1.0,34.328560664979335,34.0,38.0,38.0,38.48269866943362,39.0,0
Mbalmayo,BIO_FP_FH__L2A_20251215T050116_20251227T050144_T_G01_M01_C___T004_F004,2025-12-15,38,30,11.45524787902832,3.4173998832702637,24.385873794555664,1.0,8649,0.0,26.075866339316683,27.306528,34.48175,36.105694,38.3063,41.561348,33.63008,1.0,39.02258133532643,39.0,40.0,40.0,40.0,40.0,0
Mbalmayo,BIO_FP_FH__L2A_20251215T050116_20251227T050144_T_G01_M01_C___T004_F004,2025-12-15,38,31,11.45608139038086,3.4173998832702637,25.479074478149414,1.0,8649,0.0,24.089603024916176,25.527952,35.974995,37.22569,40.32286,42.707016,34.206028,1.0,39.46258254883151,39.0,40.0,40.0,40.193597717285314,41.0,0
Mbalmayo,BIO_FP_FH__L2A_20251215T050116_20251227T050144_T_G01_M01_C___T004_F004,2025-12-15,38,32,11.456914901733398,3.4173998832702637,26.580673217773438,1.0,8649,0.33079999685287476,30.515695004480285,31.97465,38.752697,39.931988,41.543163,43.086952,37.61613,1.0,37.3088119296011,37.0,39.0,39.80148696899414,40.0,40.0,0
Mbalmayo,BIO_FP_FH__L2A_20251215T050116_20251227T050144_T_G01_M01_C___T004_F004,2025-12-15,38,33,11.457748413085938,3.4173998832702637,27.78507423400879,1.0,8649,0.7516000270843506,25.28012992831541,25.652285,32.575012,33.723354,35.14588,37.311607,31.949009,1.0,33.18214780772431,33.0,35.0,35.0,36.0,37.0,0
Mbalmayo,BIO_FP_FH__L2A_20251215T050116_20251227T050144_T_G01_M01_C___T004_F004,2025-12-15,38,34,11.458581924438477,3.4173998832702637,25.874011993408203,1.0,8649,1.3442000150680542,13.431301216181062,12.796785,25.643768,28.519564,35.599995,38.152008,24.251732,1.0,32.980789634447895,33.0,35.0,35.0,35.0,36.0,0
Mbalmayo,BIO_FP_FH__L2A_20251215T050116_20251227T050144_T_G01_M01_C___T004_F004,2025-12-15,38,38,11.461915969848633,3.4173998832702637,18.625011444091797,0.9969575149583767,8640,0.7160000205039978,19.666858520685466,19.596233,32.691635,38.607136,43.66777,48.88084,29.905432,1.0,37.61988872554981,38.0,40.0,41.0,41.0,41.0,0
Mbalmayo,BIO_FP_FH__L2A_20251215T050116_20251227T050144_T_G01_M01_C___T004_F004,2025-12-15,38,39,11.462749481201172,3.4173998832702637,21.296810150146484,1.0,8649,0.0,21.477189378829923,20.37227,36.98209,41.253002,44.181458,47.23639,32.174232,1.0,35.88708544168903,36.0,37.0,38.0,39.0,39.0,0
Mbalmayo,BIO_FP_FH__L2A_20251215T050116_20251227T050144_T_G01_M01_C___T004_F004,2025-12-15,39,2,11.431909561157227,3.4165663719177246,15.890660285949707,0.9238434243662562,8033,0.0,13.235828818543235,10.660043,27.637936,29.86096,32.556213,34.923355,24.56816,1.0,35.43904849892752,36.0,37.0,37.0,38.0,38.0,0
Mbalmayo,BIO_FP_FH__L2A_20251215T050116_20251227T050144_T_G01_M01_C___T004_F004,2025-12-15,39,3,11.432743072509766,3.4165663719177246,14.236459732055664,1.0,8649,0.0,18.23025602670829,17.979628,29.963879,32.280407,35.3988,36.853107,27.02426,1.0,35.3421897985216,35.0,36.0,37.0,37.0,37.0,0
Mbalmayo,BIO_FP_FH__L2A_20251215T050116_20251227T050144_T_G01_M01_C___T004_F004,2025-12-15,39,4,11.433576583862305,3.4165663719177246,13.708860397338867,1.0,8649,0.0,18.03537981269511,16.788355,29.187609,32.431477,35.378716,37.28824,26.30851,1.0,34.29363162212392,34.0,35.0,35.0,36.0,36.0,0
Mbalmayo,BIO_FP_FH__L2A_20251215T050116_20251227T050144_T_G01_M01_C___T004_F004,2025-12-15,39,29,11.454414367675781,3.4165663719177246,19.934274673461914,0.9660231278995404,8369,1.9814000129699707,14.489877326490609,14.968695,26.731663,30.93282,36.577557,38.86934,23.483936,1.0,34.355256883901504,34.0,38.0,38.0,38.0,39.0,0
Mbalmayo,BIO_FP_FH__L2A_20251215T050116_20251227T050144_T_G01_M01_C___T004_F004,2025-12-15,39,32,11.456914901733398,3.4165663719177246,26.66167449951172,1.0,8649,0.24619999527931213,31.713550247861026,32.280098,40.28002,41.97277,43.549908,47.46638,38.77517,1.0,38.477758305047146,38.0,40.0,40.0,40.0,40.0,0
Mbalmayo,BIO_FP_FH__L2A_20251215T050116_20251227T050144_T_G01_M01_C___T004_F004,2025-12-15,39,33,11.457748413085938,3.4165663719177246,27.12347412109375,1.0,8649,0.6496000289916992,28.158472529338653,28.639109,35.89494,37.514797,40.481663,43.159695,35.178818,1.0,36.42264577658525,37.0,38.0,38.0,39.0,39.0,0
Mbalmayo,BIO_FP_FH__L2A_20251215T050116_20251227T050144_T_G01_M01_C___T004_F004,2025-12-15,39,34,11.458581924438477,3.4165663719177246,27.112211227416992,1.0,8649,1.1217999458312988,20.228037562145914,20.91092,33.91654,36.43508,38.80701,41.17888,32.75103,1.0,35.37063582534252,35.0,37.0,37.0,38.0,39.0,0
Mbalmayo,BIO_FP_FH__L2A_20251215T050116_20251227T050144_T_G01_M01_C___T004_F004,2025-12-15,39,35,11.459415435791016,3.4165663719177246,20.69521141052246,1.0,8649,1.94760000705719,12.602214670771188,8.772301,30.952564,35.034134,39.12392,41.91746,26.658945,1.0,37.27202248107437,37.0,38.0,39.0,39.0,39.0,0
Mbalmayo,BIO_FP_FH__L2A_20251215T050116_20251227T050144_T_G01_M01_C___T004_F004,2025-12-15,39,38,11.461915969848633,3.4165663719177246,17.632610321044922,1.0,8649,1.1222000122070312,16.993726243640882,14.121109,32.607338,35.70786,40.18181,45.43396,29.775629,1.0,37.23100690856009,37.0,38.0,39.0,39.0,40.0,0
Mbalmayo,BIO_FP_FH__L2A_20251215T050116_20251227T050144_T_G01_M01_C___T004_F004,2025-12-15,39,39,11.462749481201172,3.4165663719177246,21.0764102935791,1.0,8649,0.0,23.928979325644583,24.784542,35.346077,37.989883,41.68564,45.523155,32.54347,1.0,37.38701818543151,37.0,38.0,38.0,38.0,38.0,0
Mbalmayo,BIO_FP_FH__L2A_20251215T050116_20251227T050144_T_G01_M01_C___T004_F004,2025-12-15,40,3,11.432743072509766,3.4157328605651855,14.31686019897461,1.0,8649,0.0,18.835238358480748,17.616556,31.01331,35.904453,39.72633,46.795635,28.956545,1.0,32.98242737938454,34.0,35.55803298950195,36.0,36.0,36.0,0
Mbalmayo,BIO_FP_FH__L2A_20251215T050116_20251227T050144_T_G01_M01_C___T004_F004,2025-12-15,40,14,11.441911697387695,3.4157328605651855,14.963457107543945,1.0,8649,0.3736000061035156,12.862475972655798,9.929281,28.783615,30.106867,32.016365,33.963436,25.563122,1.0,25.10647415670994,25.0,29.0,29.0,29.6689453125,30.0,0
Mbalmayo,BIO_FP_FH__L2A_20251215T050116_20251227T050144_T_G01_M01_C___T004_F004,2025-12-15,40,15,11.442745208740234,3.4157328605651855,16.55205726623535,1.0,8649,0.0,9.06645412403168,4.6029453,22.396648,28.207659,34.684307,36.857544,17.457489,1.0,24.198149522862305,24.0,27.0,27.0,28.0,28.0,0
Mbalmayo,BIO_FP_FH__L2A_20251215T050116_20251227T050144_T_G01_M01_C___T004_F004,2025-12-15,40,32,11.456914901733398,3.4157328605651855,27.785673141479492,1.0,8649,0.17479999363422394,26.211496632558678,26.942497,35.92501,37.49333,40.625042,42.963478,34.729702,1.0,39.44060482131441,39.0,40.0,41.0,41.0,41.0,0
Mbalmayo,BIO_FP_FH__L2A_20251215T050116_20251227T050144_T_G01_M01_C___T004_F004,2025-12-15,40,33,11.457748413085938,3.4157328605651855,27.82387351989746,1.0,8649,0.5709999799728394,29.572946475026015,30.59336,37.294155,38.338142,39.88646,41.76611,36.500324,1.0,38.52758135460942,39.0,39.0,39.0,40.0,40.0,0
Mbalmayo,BIO_FP_FH__L2A_20251215T050116_20251227T050144_T_G01_M01_C___T004_F004,2025-12-15,40,34,11.458581924438477,3.4157328605651855,26.489410400390625,1.0,8649,1.6480000019073486,32.149516020638224,33.200172,38.272804,39.377743,41.066692,42.603157,37.644943,1.0,37.57247091869575,38.0,39.0,39.0,39.0,39.0,0
Mbalmayo,BIO_FP_FH__L2A_20251215T050116_20251227T050144_T_G01_M01_C___T004_F004,2025-12-15,40,39,11.462749481201172,3.4157328605651855,22.144210815429688,1.0,8649,0.0,16.61452642646549,13.909067,34.221657,37.140816,40.37528,42.151226,28.333593,1.0,35.83386223147213,36.0,37.0,37.0,38.0,38.0,0
Mbalmayo,BIO_FP_FH__L2A_20251215T050116_20251227T050144_T_G01_M01_C___T004_F004,2025-12-15,40,40,11.463582992553711,3.4157328605651855,20.787010192871094,1.0,8649,0.0,20.88526491501908,19.489403,34.01704,36.262043,39.744133,42.411674,31.406996,1.0,37.3409309762105,37.0,38.0,39.0,39.0,39.0,0
Mbalmayo,BIO_FP_FH__L2A_20251215T050116_20251227T050144_T_G01_M01_C___T004_F004,2025-12-15,40,41,11.46441650390625,3.4157328605651855,19.429611206054688,1.0,8649,0.0,21.540933200369984,20.569252,32.23211,34.26441,37.605396,39.221516,30.077814,1.0,36.397475486629226,36.0,37.0,38.0,38.0,38.0,0
Mbalmayo,BIO_FP_FH__L2A_20251215T050116_20251227T050144_T_G01_M01_C___T004_F004,2025-12-15,41,2,11.431909561157227,3.4148993492126465,16.61613655090332,0.9108380597648572,7975,0.0,11.364038990658935,11.181903,20.718466,23.18748,28.666075,35.54029,19.471024,1.0,26.20825755895252,26.0,29.0,30.0,31.0,31.0,0
Mbalmayo,BIO_FP_FH__L2A_20251215T050116_20251227T050144_T_G01_M01_C___T004_F004,2025-12-15,41,3,11.432743072509766,3.4148993492126465,15.498536109924316,1.0,8649,0.0,11.524283876748758,11.23719,17.634928,19.546873,24.593046,35.617596,16.916388,1.0,25.193225199231552,25.0,28.0,28.781476974487305,29.0,29.0,0
Mbalmayo,BIO_FP_FH__L2A_20251215T050116_20251227T050144_T_G01_M01_C___T004_F004,2025-12-15,41,8,11.436910629272461,3.4148993492126465,13.458736419677734,1.0,8649,1.9559999704360962,16.11379205688519,15.430644,26.829735,29.222109,34.236748,36.29845,24.962042,1.0,25.640467819168,26.0,27.0,28.0,28.0,28.0,0
Mbalmayo,BIO_FP_FH__L2A_20251215T050116_20251227T050144_T_G01_M01_C___T004_F004,2025-12-15,41,13,11.441078186035156,3.4148993492126465,15.396636009216309,1.0,8649,0.0,11.088344750838248,4.9000134,31.794859,33.99492,39.6186,42.694298,25.756916,1.0,30.72905368167605,32.0,35.0,35.0,36.0,37.0,0
Mbalmayo,BIO_FP_FH__L2A_20251215T050116_20251227T050144_T_G01_M01_C___T004_F004,2025-12-15,41,14,11.441911697387695,3.4148993492126465,15.045036315917969,1.0,8649,0.0,2.4098703607353453,0.10345461,10.360825,14.144053,27.362862,34.862446,5.4387946,1.0,21.202032444945427,21.0,24.0,26.0,26.0,28.0,0
Mbalmayo,BIO_FP_FH__L2A_20251215T050116_20251227T050144_T_G01_M01_C___T004_F004,2025-12-15,41,15,11.442745208740234,3.4148993492126465,16.36763572692871,1.0,8649,0.0,7.065814147589316,2.9603703,19.613644,21.62796,24.86395,30.91313,12.923751,1.0,25.14568199010402,26.0,27.375732421875,28.0,28.149599227905288,29.0,0
Mbalmayo,BIO_FP_FH__L2A_20251215T050116_20251227T050144_T_G01_M01_C___T004_F004,2025-12-15,41,32,11.456914901733398,3.4148993492126465,28.047056198120117,1.0,8649,0.08919999748468399,25.830368756503642,27.034416,36.483803,37.85169,40.819977,42.93468,35.7389,1.0,39.43452224440348,39.0,40.0,41.0,41.0,41.0,0
Mbalmayo,BIO_FP_FH__L2A_20251215T050116_20251227T050144_T_G01_M01_C___T004_F004,2025-12-15,41,33,11.457748413085938,3.4148993492126465,27.84645652770996,1.0,8649,0.4814000129699707,30.6602867744826,32.12759,38.066185,39.171745,40.88941,42.974636,36.98846,1.0,39.012978923708076,39.0,40.0,40.0,40.0,40.0,0
Mbalmayo,BIO_FP_FH__L2A_20251215T050116_20251227T050144_T_G01_M01_C___T004_F004,2025-12-15,41,39,11.462749481201172,3.4148993492126465,21.08323860168457,1.0,8649,0.4339999854564667,19.068776917851775,17.861118,31.475933,33.761566,36.908813,41.441425,26.674654,1.0,35.79089896027539,36.0,37.0,37.0,37.624267578125,38.0,0
Mbalmayo,BIO_FP_FH__L2A_20251215T050116_20251227T050144_T_G01_M01_C___T004_F004,2025-12-15,41,40,11.463582992553711,3.4148993492126465,20.9924373626709,1.0,8649,0.0,19.835970469852008,17.308805,36.313374,39.148087,41.624123,43.30169,33.15123,1.0,36.409459355222324,36.0,38.0,38.0,38.0,38.0,0
Mbalmayo,BIO_FP_FH__L2A_20251215T050116_20251227T050144_T_G01_M01_C___T004_F004,2025-12-15,41,41,11.46441650390625,3.4148993492126465,19.350038528442383,1.0,8649,0.0,23.286694541999076,20.770147,35.830254,39.253094,42.441975,44.292183,33.8714,1.0,36.35574376016618,36.67529296875,37.0,38.0,38.0,38.0,0
Mbalmayo,BIO_FP_FH__L2A_20251215T050116_20251227T050144_T_G01_M01_C___T004_F004,2025-12-15,41,42,11.465250015258789,3.4148993492126465,18.662200927734375,1.0,8649,1.2345999479293823,20.259857985749797,19.860346,29.670986,31.10212,32.66819,35.35363,27.098272,1.0,35.11617116523431,35.0,36.0,36.0,36.0,36.0,0
Mbalmayo,BIO_FP_FH__L2A_20251215T050116_20251227T050144_T_G01_M01_C___T004_F004,2025-12-15,42,3,11.432743072509766,3.4140658378601074,18.519136428833008,1.0,8649,0.0,12.728512689328246,11.943654,19.714193,22.60846,31.447756,33.895397,17.885036,1.0,23.675649708661748,24.0,27.0,27.0,28.0,28.0,0
Mbalmayo,BIO_FP_FH__L2A_20251215T050116_20251227T050144_T_G01_M01_C___T004_F004,2025-12-15,42,13,11.441078186035156,3.4140658378601074,17.708236694335938,1.0,8649,0.7221999764442444,17.761453636258526,16.887484,30.889778,35.573566,39.596035,40.863445,24.044004,1.0,33.852246936035506,34.0,35.0,35.0,37.0,37.0,0
Mbalmayo,BIO_FP_FH__L2A_20251215T050116_20251227T050144_T_G01_M01_C___T004_F004,2025-12-15,42,14,11.441911697387695,3.4140658378601074,17.632036209106445,1.0,8649,0.0,11.776047989651984,10.745456,24.77173,29.690712,40.82642,42.47663,22.351473,1.0,28.355480884565676,30.0,33.0,33.0,33.0,33.0,0
Mbalmayo,BIO_FP_FH__L2A_20251215T050116_20251227T050144_T_G01_M01_C___T004_F004,2025-12-15,42,15,11.442745208740234,3.4140658378601074,16.611637115478516,1.0,8649,0.0,7.6194186105330095,2.525254,25.932495,28.478573,31.739658,35.1595,19.154442,1.0,28.65030542414014,29.0,30.0,30.0,30.0,31.0,0
Mbalmayo,BIO_FP_FH__L2A_20251215T050116_20251227T050144_T_G01_M01_C___T004_F004,2025-12-15,42,32,11.456914901733398,3.4140658378601074,28.03825569152832,1.0,8649,0.07859999686479568,26.48202781752226,28.731237,36.46264,37.896324,39.7559,41.442684,35.6472,1.0,38.424636285971296,38.0,40.0,40.0,40.0,40.0,0
Mbalmayo,BIO_FP_FH__L2A_20251215T050116_20251227T050144_T_G01_M01_C___T004_F004,2025-12-15,42,39,11.462749481201172,3.4140658378601074,17.92243766784668,1.0,8649,1.0651999711990356,19.100239641143485,18.445477,31.91263,34.0788,40.02763,43.05315,29.496569,1.0,36.70114202474029,37.0,38.0,38.0,39.0,39.0,0
Mbalmayo,BIO_FP_FH__L2A_20251215T050116_20251227T050144_T_G01_M01_C___T004_F004,2025-12-15,42,40,11.463582992553711,3.4140658378601074,20.2424373626709,1.0,8649,0.0,19.4125553712857,18.1145,31.173632,34.37438,37.27329,42.691387,27.919666,1.0,34.67347450181368,35.0,36.0,36.0,36.0,36.0,0
Mbalmayo,BIO_FP_FH__L2A_20251215T050116_20251227T050144_T_G01_M01_C___T004_F004,2025-12-15,42,41,11.46441650390625,3.4140658378601074,20.549238204956055,1.0,8649,0.0,23.83316351601341,25.079742,34.365654,35.824726,37.61357,40.10239,32.65102,1.0,33.694846787608725,34.0,35.0,36.0,36.0,36.0,0
Mbalmayo,BIO_FP_FH__L2A_20251215T050116_20251227T050144_T_G01_M01_C___T004_F004,2025-12-15,42,42,11.465250015258789,3.4140658378601074,21.1387996673584,1.0,8649,0.0,18.073099581599028,17.32329,26.790102,29.735523,33.83464,35.40443,24.939405,1.0,33.064926382764554,33.0,34.0,35.0,35.0,35.0,0
Mbalmayo,BIO_FP_FH__L2A_20251215T050116_20251227T050144_T_G01_M01_C___T004_F004,2025-12-15,43,3,11.432743072509766,3.4132323265075684,17.097135543823242,1.0,8649,1.0302000045776367,16.274742744825993,15.693504,24.278019,26.13811,28.728539,33.335438,22.969114,1.0,28.963063648138753,29.0,31.0,31.0,31.0,31.0,0
Mbalmayo,BIO_FP_FH__L2A_20251215T050116_20251227T050144_T_G01_M01_C___T004_F004,2025-12-15,43,4,11.433576583862305,3.4132323265075684,18.284536361694336,1.0,8649,0.8682000041007996,19.380519062897445,18.583012,31.85403,35.448986,39.00378,41.353424,29.130861,1.0,29.78061328009796,30.0,32.0,33.0,34.0,34.0,0
Mbalmayo,BIO_FP_FH__L2A_20251215T050116_20251227T050144_T_G01_M01_C___T004_F004,2025-12-15,43,13,11.441078186035156,3.4132323265075684,15.642036437988281,1.0,8649,1.4717999696731567,18.51730510752688,17.179407,32.641087,35.77623,38.69261,41.384327,27.335142,1.0,31.17137303276825,31.0,33.0,33.0,34.0,35.0,0
Mbalmayo,BIO_FP_FH__L2A_20251215T050116_20251227T050144_T_G01_M01_C___T004_F004,2025-12-15,43,14,11.441911697387695,3.4132323265075684,15.864836692810059,1.0,8649,0.0,15.614867867672563,15.59214,25.209656,27.41689,31.719114,35.88886,23.58326,1.0,29.432932331157097,30.0,31.0,31.0,32.0,33.0,0
Mbalmayo,BIO_FP_FH__L2A_20251215T050116_20251227T050144_T_G01_M01_C___T004_F004,2025-12-15,43,39,11.462749481201172,3.4132323265075684,18.053438186645508,1.0,8649,0.8407999873161316,17.564942930541104,15.328672,31.997871,35.138462,40.75509,43.118767,30.275816,1.0,36.24168100885221,36.0,37.0,37.0,38.0,38.0,0
Mbalmayo,BIO_FP_FH__L2A_20251215T050116_20251227T050144_T_G01_M01_C___T004_F004,2025-12-15,43,40,11.463582992553711,3.4132323265075684,20.758438110351562,1.0,8649,0.0,21.55280234709215,19.762186,34.679222,37.807957,40.09596,42.331238,31.122791,1.0,34.67038641903273,35.0,36.0,36.0,36.0,36.0,0
Mbalmayo,BIO_FP_FH__L2A_20251215T050116_20251227T050144_T_G01_M01_C___T004_F004,2025-12-15,43,41,11.46441650390625,3.4132323265075684,21.15703773498535,1.0,8649,0.0,16.551383288530467,16.55303,25.681711,27.087439,31.15465,33.65981,24.529789,1.0,31.900371923985848,32.0,33.0,33.66525039672873,34.0,34.0,0
Mbalmayo,BIO_FP_FH__L2A_20251215T050116_20251227T050144_T_G01_M01_C___T004_F004,2025-12-15,43,42,11.465250015258789,3.4132323265075684,21.458599090576172,1.0,8649,0.0,18.03864473132732,17.63711,26.992872,29.673618,34.10435,37.11533,25.372528,1.0,32.585078956488445,33.0,35.0,35.0,35.0,35.0,0
Mbalmayo,BIO_FP_FH__L2A_20251215T050116_20251227T050144_T_G01_M01_C___T004_F004,2025-12-15,43,43,11.466083526611328,3.4132323265075684,20.55299949645996,1.0,8649,0.0,23.969362877933865,24.899292,33.62442,35.106907,37.12649,39.56667,31.946012,1.0,35.061411115417236,35.0,36.0,36.0,37.0,37.0,0
Mbalmayo,BIO_FP_FH__L2A_20251215T050116_20251227T050144_T_G01_M01_C___T004_F004,2025-12-15,43,44,11.466917037963867,3.4132323265075684,18.457599639892578,1.0,8649,1.0789999961853027,14.336000729853163,13.81167,26.959139,29.80177,33.649586,45.50243,22.230034,1.0,33.4855408396717,34.0,35.0,36.0,36.0,36.0,0
