site,scene,biomass_date,row,col,x,y,fh,coverage,n_fine,fh_quality,als_mean,als_p50,als_p90,als_p95,als_p99,als_max,als2_p90,eth_coverage,eth_mean,eth_p50,eth_p90,eth_p95,eth_p99,eth_max,reject_reason
Loundoungou,BIO_FP_FH__L2A_20260609T043753_20260621T043821_T_G01_M03_C___T033_F003,2026-06-09,13,31,17.05443286895752,2.385169744491577,34.3838005065918,0.9999999945694924,8649,1.010200023651123,28.273569677614375,31.198565,40.306053,42.58624,45.132896,47.13162,39.585464,1.0,37.04159146874664,37.516231536865234,38.0,38.0,38.0,38.0,0
Loundoungou,BIO_FP_FH__L2A_20260609T043753_20260621T043821_T_G01_M03_C___T033_F003,2026-06-09,14,30,17.05359935760498,2.384336233139038,35.20399856567383,0.9999999995038115,8649,1.010200023651123,31.282176562220037,32.542576,44.027264,47.19631,49.739315,50.83191,42.536953,1.0,35.79040080597668,36.0,38.0,39.0,40.0,40.0,0
Loundoungou,BIO_FP_FH__L2A_20260609T043753_20260621T043821_T_G01_M03_C___T033_F003,2026-06-09,14,31,17.05443286895752,2.384336233139038,35.03379821777344,0.9999999964715484,8649,1.010200023651123,18.97318293129444,14.10991,40.245007,42.008774,47.140728,49.788403,37.745502,1.0,30.312222523887193,32.0,36.0,36.0,36.0,36.0,0
Loundoungou,BIO_FP_FH__L2A_20260609T043753_20260621T043821_T_G01_M03_C___T033_F003,2026-06-09,15,29,17.05276584625244,2.383502721786499,34.86199951171875,1.0000000008821128,8649,1.010200023651123,26.1198007435028,29.383465,42.209145,44.298103,46.704376,49.247753,39.812008,1.0,34.022819363239776,35.0,36.0,37.0,37.0,37.0,0
Loundoungou,BIO_FP_FH__L2A_20260609T043753_20260621T043821_T_G01_M03_C___T033_F003,2026-06-09,15,30,17.05359935760498,2.383502721786499,34.764801025390625,0.9999999947073226,8649,1.010200023651123,12.6295255459908,10.861986,32.538162,34.86683,38.676365,41.47993,28.276794,1.0,28.100742730974172,29.0,34.0,36.0,37.0,37.0,0
Loundoungou,BIO_FP_FH__L2A_20260609T043753_20260621T043821_T_G01_M03_C___T033_F003,2026-06-09,15,31,17.05443286895752,2.383502721786499,34.59519958496094,1.0000000017642259,8649,1.010200023651123,21.2811834299713,21.285946,39.727867,41.466095,44.158974,45.575386,38.48288,1.0,29.14487101408991,29.0,35.0,35.0,35.0,35.0,0
Loundoungou,BIO_FP_FH__L2A_20260609T043753_20260621T043821_T_G01_M03_C___T033_F003,2026-06-09,16,28,17.051932334899902,2.38266921043396,34.799400329589844,1.0000000061747905,8649,1.010200023651123,14.892352374447471,12.578547,33.074326,36.7352,42.15174,44.986164,30.204351,1.0,29.06718321868706,32.0,35.0,35.0,35.0,36.0,0
Loundoungou,BIO_FP_FH__L2A_20260609T043753_20260621T043821_T_G01_M03_C___T033_F003,2026-06-09,16,29,17.05276584625244,2.38266921043396,34.50239944458008,1.0000000017642259,8649,1.010200023651123,11.231473350932486,7.084442,35.04473,38.32623,40.922935,44.7209,25.988762,1.0,25.265682954487186,26.316171646118164,31.0,32.0,33.0,34.0,0
Loundoungou,BIO_FP_FH__L2A_20260609T043753_20260621T043821_T_G01_M03_C___T033_F003,2026-06-09,16,30,17.05359935760498,2.38266921043396,34.33440017700195,1.0000000158780322,8649,1.010200023651123,19.914105089774985,19.211802,36.210613,39.3007,42.963085,46.42645,32.693302,1.0,33.06263236754725,34.0,37.0,37.0,37.0,38.0,0
Loundoungou,BIO_FP_FH__L2A_20260609T043753_20260621T043821_T_G01_M03_C___T033_F003,2026-06-09,16,31,17.05443286895752,2.38266921043396,34.344200134277344,1.0,8649,1.010200023651123,30.141249451255202,31.76538,42.39401,43.860817,49.350426,52.1926,39.804005,1.0,37.770881783384745,38.0,39.0,39.0,39.0,39.0,0
Loundoungou,BIO_FP_FH__L2A_20260609T043753_20260621T043821_T_G01_M03_C___T033_F003,2026-06-09,16,32,17.05526638031006,2.38266921043396,25.924400329589844,1.0000000070569033,8649,15.682600021362305,32.526025178028554,35.098446,41.474552,43.068657,46.57752,50.61467,40.43428,1.0,37.87748638651029,38.0,39.0,39.0,39.0,39.0,0
Loundoungou,BIO_FP_FH__L2A_20260609T043753_20260621T043821_T_G01_M03_C___T033_F003,2026-06-09,17,27,17.051098823547363,2.381835699081421,35.111000061035156,1.0000000008821128,8649,1.010200023651123,11.241758853779809,9.016091,31.983131,36.6223,41.412174,43.713783,26.916304,1.0,27.5347091755518,28.0,34.0,34.0,35.0,35.0,0
Loundoungou,BIO_FP_FH__L2A_20260609T043753_20260621T043821_T_G01_M03_C___T033_F003,2026-06-09,17,28,17.051932334899902,2.381835699081421,34.49980163574219,0.9999999955894354,8649,1.010200023651123,20.85853859491373,20.631884,39.133842,40.55185,42.76514,45.277626,36.074215,1.0,28.520059748541648,29.0,35.0,35.0,35.0,35.0,0
Loundoungou,BIO_FP_FH__L2A_20260609T043753_20260621T043821_T_G01_M03_C___T033_F003,2026-06-09,17,29,17.05276584625244,2.381835699081421,34.08140182495117,0.999415100923314,8649,1.010200023651123,27.15299352389745,31.033524,41.166325,43.17448,46.677296,48.975906,38.93774,1.0,34.69745373138735,35.0,37.0,38.0,38.0,38.0,0
Loundoungou,BIO_FP_FH__L2A_20260609T043753_20260621T043821_T_G01_M03_C___T033_F003,2026-06-09,17,30,17.05359935760498,2.381835699081421,34.0536003112793,1.0,8649,1.010200023651123,25.35940288888166,26.17537,38.640583,40.61087,42.70768,45.552383,35.782883,1.0,37.58333875127081,38.0,39.0,39.0,39.0,39.0,0
Loundoungou,BIO_FP_FH__L2A_20260609T043753_20260621T043821_T_G01_M03_C___T033_F003,2026-06-09,17,31,17.05443286895752,2.381835699081421,34.162200927734375,1.0,8649,1.010200023651123,36.31746489839866,37.35896,46.71642,48.36614,50.66723,51.86097,45.763035,1.0,38.81032200810096,39.0,40.0,40.0,40.0,40.0,0
Loundoungou,BIO_FP_FH__L2A_20260609T043753_20260621T043821_T_G01_M03_C___T033_F003,2026-06-09,17,32,17.05526638031006,2.381835699081421,31.99720001220703,1.0,8649,4.491199970245361,31.287367827024802,33.499542,41.762867,43.580074,45.14493,47.41532,41.059143,1.0,37.90534095662717,38.0,38.952735900878906,39.0,39.432186126708984,40.0,0
Loundoungou,BIO_FP_FH__L2A_20260609T043753_20260621T043821_T_G01_M03_C___T033_F003,2026-06-09,18,26,17.050265312194824,2.381002187728882,35.851600646972656,0.9999999982357742,8649,1.010599970817566,8.371464287474542,6.618561,15.904739,29.931343,39.57827,45.150932,14.327419,1.0,25.193678891952363,27.0,33.0,33.0,34.0,36.0,0
Loundoungou,BIO_FP_FH__L2A_20260609T043753_20260621T043821_T_G01_M03_C___T033_F003,2026-06-09,18,27,17.051098823547363,2.381002187728882,35.2760009765625,1.0000000070569033,8649,1.010200023651123,28.48392125181954,33.531425,43.05244,44.850674,46.633804,47.760113,41.148373,1.0,32.25968580811627,33.0,36.87247085571289,37.0,37.0,38.0,0
Loundoungou,BIO_FP_FH__L2A_20260609T043753_20260621T043821_T_G01_M03_C___T033_F003,2026-06-09,18,28,17.051932334899902,2.381002187728882,34.57780075073242,0.9999999982357742,8649,1.010200023651123,26.699294729382604,28.345695,40.159042,42.403374,44.105698,45.596584,37.504864,1.0,36.195210068608205,36.19375991821289,37.0,38.0,38.0,38.0,0
Loundoungou,BIO_FP_FH__L2A_20260609T043753_20260621T043821_T_G01_M03_C___T033_F003,2026-06-09,18,29,17.05276584625244,2.381002187728882,34.02560043334961,1.0,8649,1.010200023651123,26.06539880649136,27.713018,38.432972,40.816517,45.121906,48.332798,36.95538,1.0,37.6399315926557,38.0,38.0,38.0,39.0,39.0,0
Loundoungou,BIO_FP_FH__L2A_20260609T043753_20260621T043821_T_G01_M03_C___T033_F003,2026-06-09,18,30,17.05359935760498,2.381002187728882,34.02840042114258,0.9999999964715484,8649,1.010200023651123,26.137022401973624,29.284832,40.89638,42.13351,45.03782,48.345646,38.47664,1.0,38.54612919735432,39.0,39.0,40.0,40.0,40.0,0
Loundoungou,BIO_FP_FH__L2A_20260609T043753_20260621T043821_T_G01_M03_C___T033_F003,2026-06-09,18,31,17.05443286895752,2.381002187728882,34.09960174560547,0.999999971772387,8649,1.010200023651123,32.9379712017932,35.238865,40.52597,41.78023,48.285847,50.170174,39.65201,1.0,38.1332889816667,38.0,39.0,39.0,39.0,39.941307,0
Loundoungou,BIO_FP_FH__L2A_20260609T043753_20260621T043821_T_G01_M03_C___T033_F003,2026-06-09,18,32,17.05526638031006,2.381002187728882,33.981201171875,1.0,8649,1.010200023651123,31.12473228931813,32.849083,38.970818,40.172913,42.452785,44.38723,37.816868,1.0,36.96375242020026,37.0,38.0,38.0,38.074668884277344,39.941307,0
Loundoungou,BIO_FP_FH__L2A_20260609T043753_20260621T043821_T_G01_M03_C___T033_F003,2026-06-09,19,24,17.048598289489746,2.3801686763763428,36.95936584472656,0.9100921175683085,7903,1.0101014375686646,8.734954418453357,7.9862733,17.61263,25.233862,33.28307,42.47972,15.764263,1.0,26.83345023413341,30.0,35.0,35.0,36.0,36.0,0
Loundoungou,BIO_FP_FH__L2A_20260609T043753_20260621T043821_T_G01_M03_C___T033_F003,2026-06-09,19,25,17.049431800842285,2.3801686763763428,36.264163970947266,1.0000000013231694,8649,1.0101014375686646,8.847788075359482,7.0465817,19.498743,29.030739,37.574802,42.050472,15.978996,1.0,24.457531887556808,25.0,29.0,31.0,33.0,33.0,0
Loundoungou,BIO_FP_FH__L2A_20260609T043753_20260621T043821_T_G01_M03_C___T033_F003,2026-06-09,19,26,17.050265312194824,2.3801686763763428,35.7006721496582,0.9999999947073226,8649,1.0101014375686646,20.84788797496287,21.99919,39.07451,42.63804,46.433464,48.622032,34.992523,1.0,33.48971367698279,34.0,36.0,38.0,38.0,38.0,0
Loundoungou,BIO_FP_FH__L2A_20260609T043753_20260621T043821_T_G01_M03_C___T033_F003,2026-06-09,19,27,17.051098823547363,2.3801686763763428,35.10927200317383,1.0000000035284515,8649,1.0101014375686646,31.00100812449625,33.03816,43.96017,46.07703,48.080696,49.52283,41.1071,1.0,38.12308663315188,38.0,39.0,39.0,40.0,40.0,0
Loundoungou,BIO_FP_FH__L2A_20260609T043753_20260621T043821_T_G01_M03_C___T033_F003,2026-06-09,19,28,17.051932334899902,2.3801686763763428,34.521873474121094,1.0,8649,1.0101014375686646,24.461515093417592,26.260218,37.068516,39.13942,43.617855,46.927578,35.52796,1.0,36.5262631771261,36.60356903076172,38.0,38.0,39.0,39.0,0
Loundoungou,BIO_FP_FH__L2A_20260609T043753_20260621T043821_T_G01_M03_C___T033_F003,2026-06-09,19,29,17.05276584625244,2.3801686763763428,34.1536750793457,1.0000000070569033,8649,1.0101014375686646,25.2495035239246,27.260674,36.7252,38.54663,40.552406,42.131844,35.154808,1.0,36.800571916227135,37.0,37.0,37.0,38.0,38.0,0
Loundoungou,BIO_FP_FH__L2A_20260609T043753_20260621T043821_T_G01_M03_C___T033_F003,2026-06-09,19,30,17.05359935760498,2.3801686763763428,33.99407196044922,1.0000000035284515,8649,1.0101014375686646,27.979891114311943,30.36918,40.627537,43.85635,48.11387,50.713963,37.82081,1.0,37.270905709815224,37.0,38.0,38.0,38.0,38.0,0
Loundoungou,BIO_FP_FH__L2A_20260609T043753_20260621T043821_T_G01_M03_C___T033_F003,2026-06-09,19,31,17.05443286895752,2.3801686763763428,33.88607406616211,1.0,8649,1.0101014375686646,28.704901081411144,30.477943,40.702396,42.646618,45.144295,47.297188,39.344566,1.0,36.68375108850969,37.0,37.0,38.0,38.0,38.0,0
Loundoungou,BIO_FP_FH__L2A_20260609T043753_20260621T043821_T_G01_M03_C___T033_F003,2026-06-09,19,32,17.05526638031006,2.3801686763763428,33.89887237548828,1.0,8649,1.0101014375686646,34.14043135857469,35.851326,41.174133,41.97342,43.374126,46.34392,40.371273,1.0,36.83998318205873,37.0,37.0,37.078556060791016,38.0,38.0,0
Loundoungou,BIO_FP_FH__L2A_20260609T043753_20260621T043821_T_G01_M03_C___T033_F003,2026-06-09,20,23,17.047764778137207,2.3793351650238037,36.950164794921875,0.9397566369509115,8167,1.0101014375686646,7.7273433976036054,7.144968,15.1232605,17.441261,35.40422,44.299534,13.909474,1.0,24.19612454932499,25.0,33.0,33.1995964050293,34.0,34.0,0
Loundoungou,BIO_FP_FH__L2A_20260609T043753_20260621T043821_T_G01_M03_C___T033_F003,2026-06-09,20,24,17.048598289489746,2.3793351650238037,37.026763916015625,1.0000000048516209,8649,1.0101014375686646,16.977549392592117,12.732908,36.372803,38.951225,42.6936,45.394215,32.43381,1.0,28.368862460177542,30.0,34.0,35.0,35.0,35.0,0
Loundoungou,BIO_FP_FH__L2A_20260609T043753_20260621T043821_T_G01_M03_C___T033_F003,2026-06-09,20,25,17.049431800842285,2.3793351650238037,36.51276397705078,1.0000000035284515,8649,1.0101014375686646,26.637109312062623,28.316322,38.330345,39.938213,45.351776,48.888176,35.994453,1.0,33.932448706581134,35.0,36.0,36.0,37.0,37.0,0
Loundoungou,BIO_FP_FH__L2A_20260609T043753_20260621T043821_T_G01_M03_C___T033_F003,2026-06-09,20,26,17.050265312194824,2.3793351650238037,35.752471923828125,1.0000000070569033,8649,1.0101014375686646,20.1735920562473,21.132076,34.720432,37.13051,41.630424,45.47282,31.084059,1.0,36.44394501857998,37.0,38.0,38.0,38.0,38.0,0
Loundoungou,BIO_FP_FH__L2A_20260609T043753_20260621T043821_T_G01_M03_C___T033_F003,2026-06-09,20,27,17.051098823547363,2.3793351650238037,34.94987487792969,1.0,8649,1.0101014375686646,26.03773388271043,28.89491,39.427036,41.048573,44.457184,46.25867,36.661125,1.0,37.272195836328635,37.0,38.0,39.0,39.0,39.0,0
Loundoungou,BIO_FP_FH__L2A_20260609T043753_20260621T043821_T_G01_M03_C___T033_F003,2026-06-09,20,28,17.051932334899902,2.3793351650238037,34.48867416381836,0.9999999964715484,8649,1.0101014375686646,27.889530883215798,30.137827,39.82671,43.085705,45.7143,46.937553,37.57943,1.0,37.51837751666636,38.0,38.0,38.0,38.0,38.0,0
Loundoungou,BIO_FP_FH__L2A_20260609T043753_20260621T043821_T_G01_M03_C___T033_F003,2026-06-09,20,29,17.05276584625244,2.3793351650238037,34.06007385253906,1.0,8649,1.0101014375686646,27.329112176082496,29.304117,39.721985,41.50819,45.810364,48.040966,36.81293,1.0,37.70191567789573,38.0,39.0,39.0,39.0,39.0,0
Loundoungou,BIO_FP_FH__L2A_20260609T043753_20260621T043821_T_G01_M03_C___T033_F003,2026-06-09,20,30,17.05359935760498,2.3793351650238037,34.259674072265625,1.0,8649,1.0101014375686646,25.411831502377442,27.8263,37.191814,40.02504,42.835365,44.016563,35.503532,1.0,37.040184437794444,37.0,38.0,38.0,39.0,39.0,0
Loundoungou,BIO_FP_FH__L2A_20260609T043753_20260621T043821_T_G01_M03_C___T033_F003,2026-06-09,20,31,17.05443286895752,2.3793351650238037,34.2724723815918,1.0,8649,1.0101014375686646,31.594209997181753,34.246597,39.96383,40.807888,42.238834,44.88278,38.8651,1.0,36.76794650152468,37.0,37.0,37.0,38.0,38.0,0
Loundoungou,BIO_FP_FH__L2A_20260609T043753_20260621T043821_T_G01_M03_C___T033_F003,2026-06-09,20,32,17.05526638031006,2.3793351650238037,33.75407409667969,1.0,8649,1.0101014375686646,33.822089484694764,36.001762,41.2072,42.05465,43.630356,45.772743,40.30676,1.0,36.01914575034062,36.0,37.0,37.0,37.0,38.0,0
Loundoungou,BIO_FP_FH__L2A_20260609T043753_20260621T043821_T_G01_M03_C___T033_F003,2026-06-09,21,22,17.046931266784668,2.3785016536712646,37.12716293334961,0.9885559054740882,8564,1.0101014375686646,16.669136715047493,12.082394,43.662067,45.520554,47.385933,49.16701,39.406204,1.0,23.179291623715706,23.0,30.0,32.0,33.0,34.0,0
Loundoungou,BIO_FP_FH__L2A_20260609T043753_20260621T043821_T_G01_M03_C___T033_F003,2026-06-09,21,23,17.047764778137207,2.3785016536712646,37.03176498413086,0.9999999982357742,8649,1.0101014375686646,24.840920550237403,26.153627,39.806114,43.814976,47.974785,49.429398,36.409653,1.0,30.22963143828453,31.600967407226562,34.0,36.0,38.0,38.0,0
Loundoungou,BIO_FP_FH__L2A_20260609T043753_20260621T043821_T_G01_M03_C___T033_F003,2026-06-09,21,24,17.048598289489746,2.3785016536712646,36.93616485595703,1.0000000070569033,8649,1.0101014375686646,20.589100653930053,21.43413,37.15487,41.51089,44.539074,47.27639,33.488785,1.0,35.23318684110753,36.0,37.0,37.0,37.0,37.0,0
Loundoungou,BIO_FP_FH__L2A_20260609T043753_20260621T043821_T_G01_M03_C___T033_F003,2026-06-09,21,25,17.049431800842285,2.3785016536712646,36.44456481933594,0.9999999929430967,8649,1.0101014375686646,25.184191252241494,26.520794,40.775173,42.476307,45.01173,48.709713,36.835052,1.0,36.31060125373226,36.0,37.0,38.0,38.0,38.0,0
Loundoungou,BIO_FP_FH__L2A_20260609T043753_20260621T043821_T_G01_M03_C___T033_F003,2026-06-09,21,26,17.050265312194824,2.3785016536712646,35.589874267578125,1.0,8649,1.0101014375686646,25.14469739773023,27.682766,37.92651,39.40341,41.27221,46.863377,35.29366,1.0,37.49907448934343,38.0,38.0,38.0,40.0,40.0,0
Loundoungou,BIO_FP_FH__L2A_20260609T043753_20260621T043821_T_G01_M03_C___T033_F003,2026-06-09,21,27,17.051098823547363,2.3785016536712646,34.72587203979492,0.9999999753008386,8649,1.0101014375686646,20.097919037381917,19.247143,38.90017,44.136257,48.079777,50.55623,36.577362,1.0,37.478934669649,37.38240432739258,39.0,39.0,39.0,40.0,0
Loundoungou,BIO_FP_FH__L2A_20260609T043753_20260621T043821_T_G01_M03_C___T033_F003,2026-06-09,21,28,17.051932334899902,2.3785016536712646,34.18427276611328,0.9999999823577419,8649,1.0101014375686646,24.882417300757957,26.788187,36.253593,37.885296,41.295628,43.376106,33.940907,1.0,36.94441241051423,37.0,38.0,38.0,38.0,38.0,0
Loundoungou,BIO_FP_FH__L2A_20260609T043753_20260621T043821_T_G01_M03_C___T033_F003,2026-06-09,21,29,17.05276584625244,2.3785016536712646,34.38907241821289,1.0,8649,1.0101014375686646,23.92603202411406,26.069212,36.98908,39.121983,41.285076,42.871418,35.689316,1.0,37.70382221586677,38.0,39.0,39.0,39.0,39.0,0
Loundoungou,BIO_FP_FH__L2A_20260609T043753_20260621T043821_T_G01_M03_C___T033_F003,2026-06-09,21,30,17.05359935760498,2.3785016536712646,34.64607238769531,1.0,8649,1.0101014375686646,21.273600429782345,21.861572,35.279465,36.894184,38.991863,40.92108,32.878727,1.0,36.496539649694334,36.0,37.0,38.0,38.0,38.0,0
Loundoungou,BIO_FP_FH__L2A_20260609T043753_20260621T043821_T_G01_M03_C___T033_F003,2026-06-09,21,31,17.05443286895752,2.3785016536712646,34.182674407958984,1.0,8649,1.0101014375686646,30.06039715574055,32.52082,38.545067,39.61319,41.102028,43.29772,37.672253,1.0,36.10007147690315,36.0,37.0,37.0,38.0,38.0,0
Loundoungou,BIO_FP_FH__L2A_20260609T043753_20260621T043821_T_G01_M03_C___T033_F003,2026-06-09,21,32,17.05526638031006,2.3785016536712646,33.58427429199219,1.0,8649,1.0101014375686646,29.325334982729217,31.452188,38.290363,40.21422,42.971004,45.6799,36.71299,1.0,35.53165934317125,36.0,36.0,37.0,37.0,37.0,0
Loundoungou,BIO_FP_FH__L2A_20260609T043753_20260621T043821_T_G01_M03_C___T033_F003,2026-06-09,21,33,17.056099891662598,2.3785016536712646,26.651872634887695,0.9999999506016772,8649,13.721901893615723,34.650039152759724,35.780724,40.004017,41.05271,42.42127,44.313183,38.80058,1.0,34.73809727256264,35.0,36.0,36.0,36.0,36.0,0
Loundoungou,BIO_FP_FH__L2A_20260609T043753_20260621T043821_T_G01_M03_C___T033_F003,2026-06-09,22,21,17.04609775543213,2.3776681423187256,36.50496292114258,0.9845188970592811,8525,1.0101014375686646,21.108215712147558,17.907127,40.484814,42.313362,44.849804,46.936047,37.25553,1.0,25.912256129588236,26.0,34.33440017700195,35.0,35.0,35.0,0
Loundoungou,BIO_FP_FH__L2A_20260609T043753_20260621T043821_T_G01_M03_C___T033_F003,2026-06-09,22,22,17.046931266784668,2.3776681423187256,37.010963439941406,1.0000000017642259,8649,1.0101014375686646,33.26355611132981,34.79042,43.93613,48.78822,52.78905,55.0464,41.876865,1.0,33.68380652621848,34.244102478027344,38.0,38.0,38.75403594970703,39.0,0
Loundoungou,BIO_FP_FH__L2A_20260609T043753_20260621T043821_T_G01_M03_C___T033_F003,2026-06-09,22,23,17.047764778137207,2.3776681423187256,36.838565826416016,0.9999999929430967,8649,1.0101014375686646,29.641155408430098,32.234524,44.59602,47.23599,49.892063,51.066402,41.3784,1.0,36.922430394605236,37.0,38.0,38.0,39.0,39.0,0
Loundoungou,BIO_FP_FH__L2A_20260609T043753_20260621T043821_T_G01_M03_C___T033_F003,2026-06-09,22,24,17.048598289489746,2.3776681423187256,36.604164123535156,0.9999999947073226,8649,1.0101014375686646,26.44413817366542,29.87343,38.48426,40.320286,43.762436,47.341545,36.713875,1.0,36.360589718429985,36.0,37.0,37.0,37.0,37.0,0
Loundoungou,BIO_FP_FH__L2A_20260609T043753_20260621T043821_T_G01_M03_C___T033_F003,2026-06-09,22,25,17.049431800842285,2.3776681423187256,36.258365631103516,1.0,8649,1.0101014375686646,26.9137713039441,28.872416,41.786625,43.913643,46.16836,48.64338,38.98217,1.0,36.60428162317963,37.0,37.0,37.15987014770508,38.0,38.0,0
Loundoungou,BIO_FP_FH__L2A_20260609T043753_20260621T043821_T_G01_M03_C___T033_F003,2026-06-09,22,26,17.050265312194824,2.3776681423187256,35.394874572753906,1.0000000317560647,8649,1.0101014375686646,26.446193321438006,29.214869,36.699924,38.082882,41.88898,45.166023,35.162388,1.0,37.16296887141402,37.0,38.0,38.0,38.0,38.0,0
Loundoungou,BIO_FP_FH__L2A_20260609T043753_20260621T043821_T_G01_M03_C___T033_F003,2026-06-09,22,27,17.051098823547363,2.3776681423187256,34.56147384643555,0.9999999964715484,8649,1.0101014375686646,20.000161758336976,18.391409,35.723824,37.51606,40.741898,43.51014,33.796303,1.0,37.539174404843365,38.0,38.0,38.0,38.0,38.0,0
Loundoungou,BIO_FP_FH__L2A_20260609T043753_20260621T043821_T_G01_M03_C___T033_F003,2026-06-09,22,28,17.051932334899902,2.3776681423187256,34.27507400512695,1.0,8649,1.0101014375686646,20.15193794983524,19.70997,35.310284,38.256786,43.321125,44.897873,31.966038,1.0,36.884661214587894,37.0,37.0,38.0,38.0,38.0,0
Loundoungou,BIO_FP_FH__L2A_20260609T043753_20260621T043821_T_G01_M03_C___T033_F003,2026-06-09,22,29,17.05276584625244,2.3776681423187256,34.43507385253906,1.0,8649,1.0101014375686646,25.075189102425135,25.893803,41.843193,43.834824,47.196747,49.38955,36.55104,1.0,36.6830661573883,37.0,37.0,38.0,38.0,38.0,0
Loundoungou,BIO_FP_FH__L2A_20260609T043753_20260621T043821_T_G01_M03_C___T033_F003,2026-06-09,22,30,17.05359935760498,2.3776681423187256,34.45707321166992,1.0,8649,1.0101014375686646,26.25617123366863,27.336021,36.311905,38.06884,41.544487,43.411873,34.73037,1.0,35.56184541973741,35.0,37.0,37.0,38.0,38.0,0
Loundoungou,BIO_FP_FH__L2A_20260609T043753_20260621T043821_T_G01_M03_C___T033_F003,2026-06-09,22,31,17.05443286895752,2.3776681423187256,33.968074798583984,1.0,8649,1.0101014375686646,28.587954080674066,30.638124,36.824276,38.29417,41.562756,45.163425,35.793842,1.0,33.75465022623091,34.0,35.0,35.0,36.0,36.0,0
Loundoungou,BIO_FP_FH__L2A_20260609T043753_20260621T043821_T_G01_M03_C___T033_F003,2026-06-09,22,32,17.05526638031006,2.3776681423187256,33.75387191772461,0.9999999858861935,8649,1.0101014375686646,34.64180291912194,35.9005,41.94793,43.30976,45.05188,46.61028,41.104137,1.0,33.380501730701994,33.0,35.0,35.0,35.0,35.0,0
Loundoungou,BIO_FP_FH__L2A_20260609T043753_20260621T043821_T_G01_M03_C___T033_F003,2026-06-09,22,33,17.056099891662598,2.3776681423187256,33.93327331542969,1.0000000211707099,8649,1.0101014375686646,35.49700960555306,36.82921,41.046513,41.967285,43.611263,46.983654,40.12902,1.0,33.505565670435516,34.0,34.64993667602539,35.0,35.0,35.0,0
Loundoungou,BIO_FP_FH__L2A_20260609T043753_20260621T043821_T_G01_M03_C___T033_F003,2026-06-09,23,20,17.04526424407959,2.3768346309661865,36.52476501464844,0.987768255223262,8563,1.0101014375686646,22.794094617256373,22.433222,40.25449,42.941803,45.98864,48.87052,37.68471,1.0,31.645518427626193,33.0,36.0,36.0,36.0,36.0,0
Loundoungou,BIO_FP_FH__L2A_20260609T043753_20260621T043821_T_G01_M03_C___T033_F003,2026-06-09,23,21,17.04609775543213,2.3768346309661865,36.73896408081055,0.9999999982357742,8649,1.0101014375686646,22.730866711234658,23.909298,39.429996,42.6086,46.228756,48.73002,35.329304,1.0,36.58953616847632,37.0,38.0,38.0,39.0,39.0,0
Loundoungou,BIO_FP_FH__L2A_20260609T043753_20260621T043821_T_G01_M03_C___T033_F003,2026-06-09,23,22,17.046931266784668,2.3768346309661865,36.91256332397461,1.0000000088211292,8649,1.0101014375686646,31.37861683776502,34.139805,42.732994,45.897373,50.59889,52.00318,41.45441,1.0,37.90329890935349,38.0,39.0,39.0,39.0,39.0,0
Loundoungou,BIO_FP_FH__L2A_20260609T043753_20260621T043821_T_G01_M03_C___T033_F003,2026-06-09,23,23,17.047764778137207,2.3768346309661865,36.93496322631836,0.9999999982357742,8649,1.0101014375686646,27.6755341378463,30.59859,43.50071,46.268124,48.5199,50.86648,42.54623,1.0,38.806089240038986,39.0,40.0,41.0,41.0,41.0,0
Loundoungou,BIO_FP_FH__L2A_20260609T043753_20260621T043821_T_G01_M03_C___T033_F003,2026-06-09,23,24,17.048598289489746,2.3768346309661865,36.815364837646484,1.0,8649,1.0101014375686646,28.643297985587207,32.208855,41.93949,43.415565,47.519054,50.928448,40.22793,1.0,36.846945797588,37.0,38.0,39.0,39.0,39.0,0
Loundoungou,BIO_FP_FH__L2A_20260609T043753_20260621T043821_T_G01_M03_C___T033_F003,2026-06-09,23,25,17.049431800842285,2.3768346309661865,36.37916564941406,1.0000000105853548,8649,1.0101014375686646,32.72625515006178,35.473137,40.749283,41.895634,43.54455,45.28667,39.04384,1.0,34.864161182323734,35.0,36.0,36.0,36.0,36.0,0
Loundoungou,BIO_FP_FH__L2A_20260609T043753_20260621T043821_T_G01_M03_C___T033_F003,2026-06-09,23,26,17.050265312194824,2.3768346309661865,35.43387222290039,0.9999999894146451,8649,1.0101014375686646,32.78093521392609,35.543884,40.624252,41.570713,43.692364,47.345745,39.63151,1.0,36.15818921143312,36.0,37.0,37.0,38.0,38.0,0
Loundoungou,BIO_FP_FH__L2A_20260609T043753_20260621T043821_T_G01_M03_C___T033_F003,2026-06-09,23,27,17.051098823547363,2.3768346309661865,34.59127426147461,1.0,8649,1.0101014375686646,25.059607121307376,25.987268,39.31149,41.623207,46.741573,49.684338,36.085636,1.0,37.716490513659004,38.0,39.0,39.0,39.0,39.0,0
Loundoungou,BIO_FP_FH__L2A_20260609T043753_20260621T043821_T_G01_M03_C___T033_F003,2026-06-09,23,28,17.051932334899902,2.3768346309661865,34.103275299072266,0.9920464607315513,8595,1.0101014375686646,23.99782145388475,24.91384,40.546406,41.696056,43.505245,45.377575,39.448444,1.0,38.65228194167179,39.0,40.0,40.0,40.0,40.0,0
Loundoungou,BIO_FP_FH__L2A_20260609T043753_20260621T043821_T_G01_M03_C___T033_F003,2026-06-09,23,29,17.05276584625244,2.3768346309661865,34.14947509765625,1.0,8649,1.0101014375686646,26.07069007255174,28.296309,37.799244,39.926617,43.628315,49.643738,35.81171,1.0,37.63668260498259,38.0,38.0,39.0,39.0,39.0,0
Loundoungou,BIO_FP_FH__L2A_20260609T043753_20260621T043821_T_G01_M03_C___T033_F003,2026-06-09,23,30,17.05359935760498,2.3768346309661865,34.10667419433594,0.9999999929430967,8649,1.0101014375686646,24.172138026112872,24.907148,35.72247,37.67215,43.19174,50.197002,33.380455,1.0,34.291164169505585,35.0,36.0,37.0,37.0,37.0,0
Loundoungou,BIO_FP_FH__L2A_20260609T043753_20260621T043821_T_G01_M03_C___T033_F003,2026-06-09,23,31,17.05443286895752,2.3768346309661865,34.06267166137695,1.0000000141138066,8649,1.0101014375686646,33.78542788734851,35.61908,41.649185,43.488644,45.304,46.85585,40.787014,1.0,30.6809264443378,31.0,33.0,33.0,33.0,33.84199,0
Loundoungou,BIO_FP_FH__L2A_20260609T043753_20260621T043821_T_G01_M03_C___T033_F003,2026-06-09,23,32,17.05526638031006,2.3768346309661865,34.00847244262695,1.0000000141138066,8649,1.0101014375686646,35.264534013137045,36.77063,40.68141,41.6766,44.80902,46.895355,40.197475,1.0,30.623563634603613,31.0,32.0,32.0,33.0,33.0,0
Loundoungou,BIO_FP_FH__L2A_20260609T043753_20260621T043821_T_G01_M03_C___T033_F003,2026-06-09,23,33,17.056099891662598,2.3768346309661865,34.02947235107422,1.0,8649,1.0101014375686646,32.484534655379235,34.060516,38.63553,40.419724,43.380257,45.098484,37.61592,1.0,32.532067117284164,32.0,34.0,35.0,35.0,35.0,0
Loundoungou,BIO_FP_FH__L2A_20260609T043753_20260621T043821_T_G01_M03_C___T033_F003,2026-06-09,24,19,17.04443073272705,2.3760011196136475,36.94536590576172,0.993356943902342,8599,1.0117014646530151,30.35789838151422,33.38127,43.660183,45.347473,49.086693,51.729122,41.280674,1.0,33.43055127201528,34.0,36.0,36.0,36.0,36.0,0
Loundoungou,BIO_FP_FH__L2A_20260609T043753_20260621T043821_T_G01_M03_C___T033_F003,2026-06-09,24,20,17.04526424407959,2.3760011196136475,36.47936248779297,1.0000000017642259,8649,1.0101014375686646,27.428096162268126,29.941929,43.773396,45.219337,48.856045,51.4318,42.38509,1.0,35.77389954500687,36.0,36.0,36.0,37.0,37.0,0
Loundoungou,BIO_FP_FH__L2A_20260609T043753_20260621T043821_T_G01_M03_C___T033_F003,2026-06-09,24,21,17.04609775543213,2.3760011196136475,36.55136489868164,0.9999999964715484,8649,1.0101014375686646,22.438589806174072,24.027826,36.66738,39.692097,42.41994,45.90141,34.393944,1.0,35.57222832441468,36.0,36.0,37.0,37.0,37.822132,0
Loundoungou,BIO_FP_FH__L2A_20260609T043753_20260621T043821_T_G01_M03_C___T033_F003,2026-06-09,24,22,17.046931266784668,2.3760011196136475,37.07256317138672,1.0,8649,1.0101014375686646,28.898096058792923,29.905739,43.48414,46.10674,49.88819,51.513367,40.514572,1.0,37.577479548282824,38.0,39.0,40.0,40.0,40.0,0
Loundoungou,BIO_FP_FH__L2A_20260609T043753_20260621T043821_T_G01_M03_C___T033_F003,2026-06-09,24,23,17.047764778137207,2.3760011196136475,37.41856384277344,0.9999999929430967,8649,1.0101014375686646,29.385127653911677,32.52602,41.443348,43.0548,46.967728,50.857285,39.950905,1.0,39.01322307006681,39.0,40.0,40.0,41.0,41.0,0
Loundoungou,BIO_FP_FH__L2A_20260609T043753_20260621T043821_T_G01_M03_C___T033_F003,2026-06-09,24,24,17.048598289489746,2.3760011196136475,37.100765228271484,1.000000017642258,8649,1.0101014375686646,28.306207960859254,30.7037,41.254955,42.666374,45.27299,47.95492,38.51703,1.0,37.477342994382084,37.091773986816406,38.0,39.0,39.0,39.0,0
Loundoungou,BIO_FP_FH__L2A_20260609T043753_20260621T043821_T_G01_M03_C___T033_F003,2026-06-09,24,25,17.049431800842285,2.3760011196136475,36.661163330078125,1.0,8649,1.0101014375686646,30.288505174008556,32.26329,40.40763,42.15876,44.16633,46.022865,39.011868,1.0,35.3996182901623,35.0,36.0,36.0,37.0,37.0,0
Loundoungou,BIO_FP_FH__L2A_20260609T043753_20260621T043821_T_G01_M03_C___T033_F003,2026-06-09,24,26,17.050265312194824,2.3760011196136475,35.755271911621094,1.0,8649,1.0101014375686646,31.715978838774713,34.9026,41.066,42.371464,43.793926,45.124466,39.59098,1.0,36.87616999927511,37.0,38.0,38.0,38.0,38.0,0
Loundoungou,BIO_FP_FH__L2A_20260609T043753_20260621T043821_T_G01_M03_C___T033_F003,2026-06-09,24,27,17.051098823547363,2.3760011196136475,34.743072509765625,1.0,8649,1.0119013786315918,26.45193785950688,29.981234,40.5718,43.102,46.145466,49.31901,37.998066,1.0,38.76558768882932,39.0,40.0,40.0,40.0,40.0,0
Loundoungou,BIO_FP_FH__L2A_20260609T043753_20260621T043821_T_G01_M03_C___T033_F003,2026-06-09,24,28,17.051932334899902,2.3760011196136475,34.102874755859375,1.0,8649,1.0101014375686646,28.906519968890912,33.07289,39.050503,40.145184,42.192837,44.15065,37.98214,1.0,39.50080370674217,39.1778678894043,40.0,40.0,41.0,41.0,0
Loundoungou,BIO_FP_FH__L2A_20260609T043753_20260621T043821_T_G01_M03_C___T033_F003,2026-06-09,24,29,17.05276584625244,2.3760011196136475,33.58027267456055,0.9902916982251381,8594,1.0101014375686646,28.989018880484995,32.517788,41.952404,43.75274,49.453484,50.67032,40.282776,1.0,38.08259533694582,38.0,39.0,39.0,39.0,40.0,0
Loundoungou,BIO_FP_FH__L2A_20260609T043753_20260621T043821_T_G01_M03_C___T033_F003,2026-06-09,24,30,17.05359935760498,2.3760011196136475,33.45087432861328,1.0,8649,1.0101014375686646,30.671632016707132,33.532787,41.40959,44.62914,50.96746,52.338085,40.734097,1.0,35.43504090496041,35.0,37.0,37.0,38.0,38.0,0
Loundoungou,BIO_FP_FH__L2A_20260609T043753_20260621T043821_T_G01_M03_C___T033_F003,2026-06-09,24,31,17.05443286895752,2.3760011196136475,33.33567428588867,1.0,8649,1.0101014375686646,37.607719055309865,38.547817,42.728474,43.564713,44.68939,46.05405,41.92456,1.0,33.12283221635257,33.0,35.0,35.0,36.0,36.0,0
Loundoungou,BIO_FP_FH__L2A_20260609T043753_20260621T043821_T_G01_M03_C___T033_F003,2026-06-09,24,32,17.05526638031006,2.3760011196136475,33.320472717285156,1.0,8649,1.0101014375686646,34.292203668776736,34.985317,39.651558,40.89745,42.84215,45.2568,38.568096,1.0,30.706484070512268,31.0,32.0,32.0,32.0,33.0,0
Loundoungou,BIO_FP_FH__L2A_20260609T043753_20260621T043821_T_G01_M03_C___T033_F003,2026-06-09,24,33,17.056099891662598,2.3760011196136475,33.80327224731445,1.0,8649,1.0101014375686646,31.05982492556943,31.98079,36.68893,38.10241,42.00865,45.63463,35.988464,1.0,30.93276866062044,30.710336685180664,33.0,33.0,33.0,33.822132,0
Loundoungou,BIO_FP_FH__L2A_20260609T043753_20260621T043821_T_G01_M03_C___T033_F003,2026-06-09,25,18,17.04359722137451,2.3751676082611084,37.21756362915039,0.9917321529294117,8594,1.012701392173767,24.96683807064439,27.116117,37.892685,40.694633,45.61479,47.728016,35.6872,1.0,36.88459671559479,37.0,39.0,39.0,39.0,39.0,0
Loundoungou,BIO_FP_FH__L2A_20260609T043753_20260621T043821_T_G01_M03_C___T033_F003,2026-06-09,25,19,17.04443073272705,2.3751676082611084,36.70736312866211,1.0000000070569033,8649,1.0101014375686646,29.444525278134254,32.397953,42.23451,45.099045,50.860294,53.008575,40.885494,1.0,36.79453589635332,37.0,39.0,39.0,39.0,39.0,0
Loundoungou,BIO_FP_FH__L2A_20260609T043753_20260621T043821_T_G01_M03_C___T033_F003,2026-06-09,25,20,17.04526424407959,2.3751676082611084,36.28516387939453,1.0,8649,1.0101014375686646,26.952172797930036,28.574202,40.688835,43.443493,50.419106,51.884518,39.28892,1.0,36.130277714159796,36.0,37.0,38.0,38.0,38.0,0
Loundoungou,BIO_FP_FH__L2A_20260609T043753_20260621T043821_T_G01_M03_C___T033_F003,2026-06-09,25,21,17.04609775543213,2.3751676082611084,36.58256530761719,1.0,8649,1.0101014375686646,25.99483584288104,28.31165,40.416504,42.92603,45.485302,46.727036,37.74914,1.0,35.632413281720694,36.0,37.0,37.0,38.0,38.0,0
Loundoungou,BIO_FP_FH__L2A_20260609T043753_20260621T043821_T_G01_M03_C___T033_F003,2026-06-09,25,22,17.046931266784668,2.3751676082611084,37.293365478515625,0.9999999929430967,8649,1.0101014375686646,24.081220384161586,25.138594,39.91539,42.600086,47.039577,49.762543,37.125137,1.0,37.562404322946726,37.888362884521484,39.0,40.0,40.0,40.0,0
Loundoungou,BIO_FP_FH__L2A_20260609T043753_20260621T043821_T_G01_M03_C___T033_F003,2026-06-09,25,23,17.047764778137207,2.3751676082611084,37.4759635925293,0.9999999858861935,8649,1.0101014375686646,24.93065165548531,25.436646,39.15262,41.816235,46.567917,49.23955,35.836864,1.0,38.146668750711335,38.0,39.0,39.0,40.0,40.0,0
Loundoungou,BIO_FP_FH__L2A_20260609T043753_20260621T043821_T_G01_M03_C___T033_F003,2026-06-09,25,24,17.048598289489746,2.3751676082611084,36.796363830566406,1.0,8649,1.0101014375686646,30.47556087137964,32.731094,44.271156,45.84979,48.114464,49.23793,42.954742,1.0,37.97680642538945,38.0,39.0,39.0,39.0,39.0,0
Loundoungou,BIO_FP_FH__L2A_20260609T043753_20260621T043821_T_G01_M03_C___T033_F003,2026-06-09,25,25,17.049431800842285,2.3751676082611084,36.32316589355469,1.0,8649,1.0167014598846436,30.35558832216875,35.101116,41.49349,42.86963,44.627117,46.51293,39.974655,1.0,36.80139057213674,37.0,38.0,38.0,38.0,38.0,0
Loundoungou,BIO_FP_FH__L2A_20260609T043753_20260621T043821_T_G01_M03_C___T033_F003,2026-06-09,25,26,17.050265312194824,2.3751676082611084,35.54307174682617,1.0,8649,1.0241014957427979,27.40374304923257,29.358263,38.528385,39.85959,41.811752,44.42179,37.391838,1.0,37.17190499933679,37.0,38.0,39.0,39.0,39.0,0
Loundoungou,BIO_FP_FH__L2A_20260609T043753_20260621T043821_T_G01_M03_C___T033_F003,2026-06-09,25,27,17.051098823547363,2.3751676082611084,34.88447189331055,1.0,8649,1.0229014158248901,27.10312055132819,31.767036,41.566696,42.973465,44.998867,46.118637,39.730057,1.0,37.94345536829075,38.0,39.0,39.0,39.0,39.0,0
Loundoungou,BIO_FP_FH__L2A_20260609T043753_20260621T043821_T_G01_M03_C___T033_F003,2026-06-09,25,28,17.051932334899902,2.3751676082611084,35.20607376098633,1.0000000141138066,8649,1.0109014511108398,28.440540051249208,30.994787,40.195553,42.345364,45.10286,47.431812,37.809666,1.0,37.71218546526544,38.0,39.0,39.0,39.0,39.0,0
Loundoungou,BIO_FP_FH__L2A_20260609T043753_20260621T043821_T_G01_M03_C___T033_F003,2026-06-09,25,29,17.05276584625244,2.3751676082611084,34.287872314453125,0.999999971772387,8649,1.0101014375686646,27.68658891671536,29.724096,37.290264,39.033215,41.13519,43.489773,36.04301,1.0,36.87848451005502,37.0,38.0,38.0,38.0,38.80227,0
Loundoungou,BIO_FP_FH__L2A_20260609T043753_20260621T043821_T_G01_M03_C___T033_F003,2026-06-09,25,30,17.05359935760498,2.3751676082611084,33.28767395019531,1.0,8649,1.0101014375686646,32.56207500505839,34.720253,40.66599,42.727234,44.846806,46.083714,39.385967,1.0,35.45712888666709,35.25999450683594,36.0,36.802268981933594,37.0,37.0,0
Loundoungou,BIO_FP_FH__L2A_20260609T043753_20260621T043821_T_G01_M03_C___T033_F003,2026-06-09,25,31,17.05443286895752,2.3751676082611084,32.611473083496094,1.0,8649,1.0101014375686646,33.51848615085559,36.48238,41.349236,42.21671,44.632328,45.902454,40.473404,1.0,34.482238851126695,35.0,36.0,36.0,36.0,36.0,0
Loundoungou,BIO_FP_FH__L2A_20260609T043753_20260621T043821_T_G01_M03_C___T033_F003,2026-06-09,25,32,17.05526638031006,2.3751676082611084,33.08727264404297,1.0,8649,1.0101014375686646,34.03375706367788,35.22279,39.354393,40.901505,43.224957,46.649765,38.831993,1.0,31.41894023241177,32.0,33.0,33.0,33.0,34.0,0
Loundoungou,BIO_FP_FH__L2A_20260609T043753_20260621T043821_T_G01_M03_C___T033_F003,2026-06-09,25,33,17.056099891662598,2.3751676082611084,33.560874938964844,1.0,8649,1.0101014375686646,32.631989608625275,33.25919,37.19718,38.182648,40.56936,44.79896,36.437366,1.0,29.462842914159207,30.0,30.5015811920166,31.0,31.0,31.0,0
Loundoungou,BIO_FP_FH__L2A_20260609T043753_20260621T043821_T_G01_M03_C___T033_F003,2026-06-09,25,34,17.056933403015137,2.3751676082611084,29.953800201416016,1.0,8649,8.270000457763672,31.615234600820905,32.10936,38.37608,39.379482,41.231445,43.746887,37.334282,1.0,32.27120740786634,33.0,34.0,35.0,35.0,35.0,0
Loundoungou,BIO_FP_FH__L2A_20260609T043753_20260621T043821_T_G01_M03_C___T033_F003,2026-06-09,26,17,17.042763710021973,2.3743340969085693,36.787471771240234,0.9980542709206085,8639,1.0101913213729858,23.99376931717427,26.421234,39.496502,42.46522,47.3028,48.952194,37.55836,1.0,39.102600963450065,39.0,40.0,40.0,40.0,40.0,0
Loundoungou,BIO_FP_FH__L2A_20260609T043753_20260621T043821_T_G01_M03_C___T033_F003,2026-06-09,26,18,17.04359722137451,2.3743340969085693,36.98916244506836,1.0000000035284515,8649,1.0101014375686646,23.82253960283812,25.520756,39.854862,44.11467,47.283978,48.92446,35.230164,1.0,38.586832058196784,39.0,39.62156677246094,40.0,40.0,40.0,0
Loundoungou,BIO_FP_FH__L2A_20260609T043753_20260621T043821_T_G01_M03_C___T033_F003,2026-06-09,26,19,17.04443073272705,2.3743340969085693,36.60236358642578,1.0000000070569033,8649,1.0101014375686646,22.429357248011552,24.195177,38.847828,41.12485,43.456337,45.40224,35.276146,1.0,38.501726532247055,38.0,40.0,40.0,40.0,40.0,0
Loundoungou,BIO_FP_FH__L2A_20260609T043753_20260621T043821_T_G01_M03_C___T033_F003,2026-06-09,26,20,17.04526424407959,2.3743340969085693,36.22056579589844,1.0,8649,1.0101014375686646,26.913139682875187,29.588219,41.10185,42.712185,44.684032,47.17905,38.56315,1.0,37.166728838866455,37.0,39.0,39.26656723022461,40.0,40.0,0
Loundoungou,BIO_FP_FH__L2A_20260609T043753_20260621T043821_T_G01_M03_C___T033_F003,2026-06-09,26,21,17.04609775543213,2.3743340969085693,36.020362854003906,1.000000017642258,8649,1.0101014375686646,30.626633894926037,33.428116,43.4231,45.454292,49.976982,51.977077,40.76025,1.0,36.25004352830244,36.0,37.0,37.0,38.0,38.0,0
Loundoungou,BIO_FP_FH__L2A_20260609T043753_20260621T043821_T_G01_M03_C___T033_F003,2026-06-09,26,22,17.046931266784668,2.3743340969085693,36.1181640625,1.0000000035284515,8649,1.0101014375686646,27.43818323724166,29.623596,41.64327,42.854637,47.163387,49.30649,39.7981,1.0,35.31672641376165,35.0,36.0,36.0,36.0,37.56481,0
Loundoungou,BIO_FP_FH__L2A_20260609T043753_20260621T043821_T_G01_M03_C___T033_F003,2026-06-09,26,23,17.047764778137207,2.3743340969085693,36.57316589355469,1.0,8649,1.0101014375686646,30.852574177650595,33.36846,40.702057,42.257942,44.597958,46.786125,39.96846,1.0,36.59284694970226,36.46452713012695,37.0,38.0,38.0,38.782406,0
Loundoungou,BIO_FP_FH__L2A_20260609T043753_20260621T043821_T_G01_M03_C___T033_F003,2026-06-09,26,24,17.048598289489746,2.3743340969085693,36.00936508178711,1.0,8649,1.0137014389038086,24.836543151664934,25.671356,37.585148,41.493847,47.183983,52.866344,35.16846,1.0,37.88646729930534,38.0,39.0,39.0,39.94892120361328,40.0,0
Loundoungou,BIO_FP_FH__L2A_20260609T043753_20260621T043821_T_G01_M03_C___T033_F003,2026-06-09,26,25,17.049431800842285,2.3743340969085693,35.8051643371582,1.0,8649,1.02890145778656,23.166702346369522,23.988966,37.996555,39.73532,42.347393,44.370148,35.724255,1.0,37.51470946515829,37.0,38.0,39.0,40.0,40.0,0
Loundoungou,BIO_FP_FH__L2A_20260609T043753_20260621T043821_T_G01_M03_C___T033_F003,2026-06-09,26,26,17.050265312194824,2.3743340969085693,35.49107360839844,1.0,8649,1.0373014211654663,26.939978836064864,29.141754,41.245377,42.143322,43.66349,45.243206,40.46026,1.0,37.78910830680008,38.0,39.0,39.0,39.0,39.0,0
Loundoungou,BIO_FP_FH__L2A_20260609T043753_20260621T043821_T_G01_M03_C___T033_F003,2026-06-09,26,27,17.051098823547363,2.3743340969085693,35.76967239379883,0.9999999929430967,8649,1.024701476097107,28.609476369659365,32.345844,42.556286,44.397217,46.078667,47.71613,40.76923,1.0,36.89528396355925,37.0,38.0,38.0,39.0,39.0,0
Loundoungou,BIO_FP_FH__L2A_20260609T043753_20260621T043821_T_G01_M03_C___T033_F003,2026-06-09,26,28,17.051932334899902,2.3743340969085693,35.93687438964844,0.9999999647154837,8649,1.0123014450073242,29.426264190100955,33.824253,39.557087,40.60095,41.787437,43.839905,37.840782,1.0,35.845518391150826,36.0,37.0,37.0,37.0,37.0,0
Loundoungou,BIO_FP_FH__L2A_20260609T043753_20260621T043821_T_G01_M03_C___T033_F003,2026-06-09,26,29,17.05276584625244,2.3743340969085693,34.9838752746582,1.0,8649,1.0101014375686646,32.87346825680714,35.154522,46.411755,48.85404,51.220825,52.4083,45.14911,1.0,35.50076082238215,35.0,37.0,37.0,37.0,37.0,0
Loundoungou,BIO_FP_FH__L2A_20260609T043753_20260621T043821_T_G01_M03_C___T033_F003,2026-06-09,26,30,17.05359935760498,2.3743340969085693,33.7818717956543,1.0,8649,1.0101014375686646,34.02424006749335,35.07042,40.570477,41.875217,43.60655,45.581585,39.879963,1.0,35.78070650950844,36.0,37.0,37.0,37.0,37.0,0
Loundoungou,BIO_FP_FH__L2A_20260609T043753_20260621T043821_T_G01_M03_C___T033_F003,2026-06-09,26,31,17.05443286895752,2.3743340969085693,32.49807357788086,1.0,8649,1.0101014375686646,32.56325333853625,33.865585,39.790157,41.313396,42.99623,45.18245,38.627293,1.0,34.55951375230253,34.0,36.0,36.0,36.0,36.0,0
Loundoungou,BIO_FP_FH__L2A_20260609T043753_20260621T043821_T_G01_M03_C___T033_F003,2026-06-09,26,32,17.05526638031006,2.3743340969085693,32.81847381591797,1.0,8649,1.0101014375686646,33.431042425424906,34.898193,38.636517,39.456707,40.92044,42.19967,37.959553,1.0,32.67315980604941,32.0,34.0,34.0,35.0,36.0,0
Loundoungou,BIO_FP_FH__L2A_20260609T043753_20260621T043821_T_G01_M03_C___T033_F003,2026-06-09,26,33,17.056099891662598,2.3743340969085693,33.64567184448242,1.0,8649,1.0101014375686646,33.275931466065444,34.692383,38.100925,39.10797,40.917202,43.307545,37.56471,1.0,30.839882132496804,31.0,32.0,33.0,33.0,33.0,0
Loundoungou,BIO_FP_FH__L2A_20260609T043753_20260621T043821_T_G01_M03_C___T033_F003,2026-06-09,26,34,17.056933403015137,2.3743340969085693,34.6265983581543,1.0,8649,1.010200023651123,31.04039981139438,31.89834,36.81743,38.321438,42.0629,44.33781,35.99852,1.0,32.39868738648795,33.0,33.0,34.0,34.0,34.0,0
Loundoungou,BIO_FP_FH__L2A_20260609T043753_20260621T043821_T_G01_M03_C___T033_F003,2026-06-09,27,16,17.041930198669434,2.3735005855560303,36.06083679199219,0.9979221551511201,8634,1.0221014022827148,31.550750226928844,34.168964,41.423714,44.007355,46.59262,47.985252,40.085938,1.0,37.97056493451518,38.0,39.0,39.0,39.0,39.0,0
Loundoungou,BIO_FP_FH__L2A_20260609T043753_20260621T043821_T_G01_M03_C___T033_F003,2026-06-09,27,17,17.042763710021973,2.3735005855560303,36.93083572387695,0.9999999973536613,8649,1.0101014375686646,24.959384426327464,25.371065,42.27234,44.50628,47.281944,49.582397,39.46155,1.0,39.166994817960685,39.0,40.0,40.0,40.0,40.0,0
Loundoungou,BIO_FP_FH__L2A_20260609T043753_20260621T043821_T_G01_M03_C___T033_F003,2026-06-09,27,18,17.04359722137451,2.3735005855560303,37.336055755615234,0.999999991178871,8649,1.0101014375686646,25.675019359158764,27.875252,41.95408,43.66872,47.07656,49.386078,40.06187,1.0,38.62136041934758,39.0,39.0,39.0,39.0,39.0,0
Loundoungou,BIO_FP_FH__L2A_20260609T043753_20260621T043821_T_G01_M03_C___T033_F003,2026-06-09,27,19,17.04443073272705,2.3735005855560303,36.785457611083984,1.0,8649,1.0101014375686646,29.575242452613743,33.582634,42.51478,43.851254,45.3326,47.160297,40.928898,1.0,38.40326623412719,38.0,39.0,40.0,40.0,40.0,0
Loundoungou,BIO_FP_FH__L2A_20260609T043753_20260621T043821_T_G01_M03_C___T033_F003,2026-06-09,27,20,17.04526424407959,2.3735005855560303,36.23505783081055,1.0000000141138066,8649,1.0101014375686646,29.115007465709557,32.909832,42.300182,43.970898,46.804825,49.438564,39.57099,1.0,37.89965560221509,38.0,39.0,39.0,39.0,39.0,0
Loundoungou,BIO_FP_FH__L2A_20260609T043753_20260621T043821_T_G01_M03_C___T033_F003,2026-06-09,27,21,17.04609775543213,2.3735005855560303,35.977657318115234,0.9999999788292903,8649,1.0101014375686646,37.74672041176072,39.207977,42.7798,43.52452,45.15872,46.782436,42.034657,1.0,36.24820299884021,36.0,37.0,37.0,38.0,38.0,0
Loundoungou,BIO_FP_FH__L2A_20260609T043753_20260621T043821_T_G01_M03_C___T033_F003,2026-06-09,27,22,17.046931266784668,2.3735005855560303,35.89485549926758,1.0,8649,1.0101014375686646,28.10394874949416,30.54582,43.300507,46.72321,50.152737,51.460804,40.346603,1.0,35.2952368272386,35.0,36.0,36.0,36.0,36.0,0
Loundoungou,BIO_FP_FH__L2A_20260609T043753_20260621T043821_T_G01_M03_C___T033_F003,2026-06-09,27,23,17.047764778137207,2.3735005855560303,35.81905746459961,1.0,8649,1.0101014375686646,35.86871506550613,38.734222,43.44691,44.451008,46.111015,48.35993,42.747128,1.0,35.88807996136148,36.0,37.0,37.0,37.0,37.0,0
Loundoungou,BIO_FP_FH__L2A_20260609T043753_20260621T043821_T_G01_M03_C___T033_F003,2026-06-09,27,24,17.048598289489746,2.3735005855560303,35.35325622558594,1.0,8649,1.019301414489746,23.20171316770725,23.724407,36.114166,38.883633,45.273815,48.199543,33.53299,1.0,36.453984787952336,37.0,37.0,38.0,38.0,38.0,0
Loundoungou,BIO_FP_FH__L2A_20260609T043753_20260621T043821_T_G01_M03_C___T033_F003,2026-06-09,27,25,17.049431800842285,2.3735005855560303,35.082454681396484,1.0,8649,1.0313013792037964,23.30449600387328,23.681072,39.758915,41.650425,43.238693,44.738586,37.16677,1.0,38.131574819288936,38.0,39.0,39.0,39.0,39.0,0
Loundoungou,BIO_FP_FH__L2A_20260609T043753_20260621T043821_T_G01_M03_C___T033_F003,2026-06-09,27,26,17.050265312194824,2.3735005855560303,36.00305938720703,1.0000000141138066,8649,1.0353014469146729,23.419191465482943,24.716507,40.088913,41.54261,44.316162,47.619247,37.117382,1.0,36.359245765607525,36.06452941894531,37.0,37.04540252685547,38.0,39.0,0
Loundoungou,BIO_FP_FH__L2A_20260609T043753_20260621T043821_T_G01_M03_C___T033_F003,2026-06-09,27,27,17.051098823547363,2.3735005855560303,36.22246170043945,0.9999999576585805,8649,1.022301435470581,24.803762232877677,26.893927,37.713425,40.336105,44.015034,45.596355,36.04548,1.0,36.629025502843874,37.0,37.0,37.0,38.0,38.0,0
Loundoungou,BIO_FP_FH__L2A_20260609T043753_20260621T043821_T_G01_M03_C___T033_F003,2026-06-09,27,28,17.051932334899902,2.3735005855560303,35.95486068725586,1.0,8649,1.0143014192581177,23.50338460371141,25.072384,38.97954,43.32442,47.17897,50.51965,34.27099,1.0,35.992537994772896,36.0,37.0,37.0,37.0,37.0,0
Loundoungou,BIO_FP_FH__L2A_20260609T043753_20260621T043821_T_G01_M03_C___T033_F003,2026-06-09,27,29,17.05276584625244,2.3735005855560303,35.228660583496094,1.0,8649,1.0101014375686646,21.296723925815122,23.227219,32.469437,34.207012,37.108086,40.205982,29.944263,1.0,35.931224229777115,36.0,37.0,37.0,37.0,37.0,0
Loundoungou,BIO_FP_FH__L2A_20260609T043753_20260621T043821_T_G01_M03_C___T033_F003,2026-06-09,27,30,17.05359935760498,2.3735005855560303,33.95545959472656,1.0,8649,1.0101014375686646,30.60628644749393,33.478058,37.707535,38.78241,41.46559,44.97315,37.01986,1.0,35.62610779223187,35.95459747314453,37.0,37.0,37.0,37.0,0
Loundoungou,BIO_FP_FH__L2A_20260609T043753_20260621T043821_T_G01_M03_C___T033_F003,2026-06-09,27,31,17.05443286895752,2.3735005855560303,32.66706085205078,1.0,8649,1.0101014375686646,30.207532572407214,32.205666,38.665638,39.843254,41.708668,43.817146,37.60946,1.0,34.76780355777447,35.0,36.0,36.0,37.0,37.0,0
Loundoungou,BIO_FP_FH__L2A_20260609T043753_20260621T043821_T_G01_M03_C___T033_F003,2026-06-09,27,32,17.05526638031006,2.3735005855560303,32.860660552978516,1.0,8649,1.0101014375686646,29.722365844317263,32.300697,39.126114,40.589806,42.91554,45.017307,38.014385,1.0,33.51811612433871,34.0,34.0,34.432186126708984,35.0,36.0,0
Loundoungou,BIO_FP_FH__L2A_20260609T043753_20260621T043821_T_G01_M03_C___T033_F003,2026-06-09,27,33,17.056099891662598,2.3735005855560303,33.803260803222656,1.0,8649,1.0101014375686646,31.598584825557868,33.46425,39.41243,40.805065,42.8254,44.426395,38.48426,1.0,32.71843233813108,33.0,34.0,34.0,34.0,34.0,0
Loundoungou,BIO_FP_FH__L2A_20260609T043753_20260621T043821_T_G01_M03_C___T033_F003,2026-06-09,27,34,17.056933403015137,2.3735005855560303,34.39120101928711,1.0,8649,1.010200023651123,30.971892072060353,31.906675,36.852493,37.735226,38.99077,40.93482,36.36612,1.0,32.487783076294804,33.0,33.0,34.0,34.0,34.0,0
Loundoungou,BIO_FP_FH__L2A_20260609T043753_20260621T043821_T_G01_M03_C___T033_F003,2026-06-09,28,15,17.041096687316895,2.372667074203491,34.55203628540039,0.9999198311689372,8649,1.0683014392852783,30.436318534410304,33.27669,39.188133,40.791706,46.009922,49.90337,37.97114,1.0,36.49510104351064,36.0,37.0,38.0,38.0,38.0,0
Loundoungou,BIO_FP_FH__L2A_20260609T043753_20260621T043821_T_G01_M03_C___T033_F003,2026-06-09,28,16,17.041930198669434,2.372667074203491,34.549835205078125,1.0,8649,1.0663014650344849,31.64300834205002,33.409473,39.24861,40.266453,41.51991,43.089497,38.659885,1.0,36.7639621615975,37.0,38.0,38.0,39.0,39.0,0
Loundoungou,BIO_FP_FH__L2A_20260609T043753_20260621T043821_T_G01_M03_C___T033_F003,2026-06-09,28,17,17.042763710021973,2.372667074203491,35.81123733520508,0.9999999982357742,8649,1.0439014434814453,30.814665620379607,33.95535,43.58263,45.367672,48.784653,50.45229,41.82212,1.0,37.75652337578738,37.5751953125,39.0,39.0,40.0,40.0,0
Loundoungou,BIO_FP_FH__L2A_20260609T043753_20260621T043821_T_G01_M03_C___T033_F003,2026-06-09,28,18,17.04359722137451,2.372667074203491,37.339256286621094,1.0,8649,1.015101432800293,24.241530304713695,25.045198,40.167866,42.16947,45.62996,47.840454,36.32873,1.0,37.56523821077976,37.0,39.0,39.0,39.0,39.0,0
Loundoungou,BIO_FP_FH__L2A_20260609T043753_20260621T043821_T_G01_M03_C___T033_F003,2026-06-09,28,19,17.04443073272705,2.372667074203491,36.78605651855469,0.9999999929430967,8649,1.0159014463424683,31.003778654158918,33.041595,41.492374,42.636307,45.08467,47.026756,40.54097,1.0,37.90408685141484,38.0,39.0,39.0,39.0,39.0,0
Loundoungou,BIO_FP_FH__L2A_20260609T043753_20260621T043821_T_G01_M03_C___T033_F003,2026-06-09,28,20,17.04526424407959,2.372667074203491,36.035255432128906,1.0000000035284515,8649,1.019301414489746,31.12153207147459,32.977093,40.79003,42.461735,45.50566,47.638054,39.562542,1.0,37.363829592112545,37.0,38.0,39.0,39.0,39.0,0
Loundoungou,BIO_FP_FH__L2A_20260609T043753_20260621T043821_T_G01_M03_C___T033_F003,2026-06-09,28,21,17.04609775543213,2.372667074203491,36.16725540161133,1.0,8649,1.0101014375686646,31.80916665763383,33.149067,40.726833,42.49059,44.130165,46.38982,39.841633,1.0,35.896551597737236,36.0,37.0,37.0,37.0,37.0,0
Loundoungou,BIO_FP_FH__L2A_20260609T043753_20260621T043821_T_G01_M03_C___T033_F003,2026-06-09,28,22,17.046931266784668,2.372667074203491,36.14205551147461,1.0,8649,1.0101014375686646,32.55985744377963,33.1971,42.95169,44.320282,46.582977,48.070347,41.20162,1.0,35.24761115753495,35.0,36.0,37.0,37.0,38.0,0
Loundoungou,BIO_FP_FH__L2A_20260609T043753_20260621T043821_T_G01_M03_C___T033_F003,2026-06-09,28,23,17.047764778137207,2.372667074203491,35.17705535888672,1.0,8649,1.0101014375686646,35.513038899005664,38.680477,43.7754,45.111156,47.687225,49.190044,43.10937,1.0,37.11098267900033,37.0,38.0,38.0,39.0,39.0,0
Loundoungou,BIO_FP_FH__L2A_20260609T043753_20260621T043821_T_G01_M03_C___T033_F003,2026-06-09,28,24,17.048598289489746,2.372667074203491,34.525455474853516,1.0,8649,1.0163013935089111,29.03814476384553,31.606503,40.01108,42.4052,47.443977,48.909737,38.890896,1.0,36.98773382837227,37.0,38.0,38.0,38.0,38.0,0
Loundoungou,BIO_FP_FH__L2A_20260609T043753_20260621T043821_T_G01_M03_C___T033_F003,2026-06-09,28,25,17.049431800842285,2.372667074203491,35.33445739746094,0.9999999929430967,8649,1.0241014957427979,23.548963106262534,24.605635,37.038696,38.798973,40.608696,43.08387,33.974583,1.0,37.57112210190273,37.0,39.0,39.0,39.0,39.0,0
Loundoungou,BIO_FP_FH__L2A_20260609T043753_20260621T043821_T_G01_M03_C___T033_F003,2026-06-09,28,26,17.050265312194824,2.372667074203491,36.37425994873047,0.9999999364878707,8649,1.0309014320373535,32.297250107400785,35.645565,44.20179,45.597836,46.774445,48.263664,42.349945,1.0,37.11515861693828,37.0,38.0,38.0,38.0,38.0,0
Loundoungou,BIO_FP_FH__L2A_20260609T043753_20260621T043821_T_G01_M03_C___T033_F003,2026-06-09,28,27,17.051098823547363,2.372667074203491,36.24966049194336,1.0,8649,1.0239014625549316,32.8175213536247,35.581306,44.385197,46.348896,48.504486,50.03723,42.27015,1.0,36.418794180095674,37.0,37.0,38.0,38.0,38.0,0
Loundoungou,BIO_FP_FH__L2A_20260609T043753_20260621T043821_T_G01_M03_C___T033_F003,2026-06-09,28,28,17.051932334899902,2.372667074203491,35.87266159057617,1.0,8649,1.0161014795303345,30.942525644221874,33.430286,43.582355,44.644302,46.98102,48.76332,40.163563,1.0,37.37330930844141,37.0,38.0,38.0,38.0,38.0,0
Loundoungou,BIO_FP_FH__L2A_20260609T043753_20260621T043821_T_G01_M03_C___T033_F003,2026-06-09,28,29,17.05276584625244,2.372667074203491,35.36785888671875,1.0,8649,1.0101014375686646,22.57528010824951,25.669441,35.53242,38.084526,41.222443,43.05376,32.295193,1.0,37.10727438175247,37.0,38.0,38.0,38.0,38.0,0
Loundoungou,BIO_FP_FH__L2A_20260609T043753_20260621T043821_T_G01_M03_C___T033_F003,2026-06-09,28,30,17.05359935760498,2.372667074203491,34.34706115722656,1.0,8649,1.0101014375686646,32.81331972988207,34.390446,43.980885,45.349472,47.100544,49.08739,40.56909,1.0,36.155038726220916,36.0,37.0,37.0,38.0,38.0,0
Loundoungou,BIO_FP_FH__L2A_20260609T043753_20260621T043821_T_G01_M03_C___T033_F003,2026-06-09,28,31,17.05443286895752,2.372667074203491,33.12565994262695,1.0,8649,1.0101014375686646,31.26258048257024,34.560097,39.430172,40.33881,43.079727,45.49153,38.561714,1.0,35.60166464249982,35.87321090698242,37.0,37.0,38.0,38.0,0
Loundoungou,BIO_FP_FH__L2A_20260609T043753_20260621T043821_T_G01_M03_C___T033_F003,2026-06-09,28,32,17.05526638031006,2.372667074203491,32.90285873413086,1.0,8649,1.0101014375686646,33.830521863076655,35.55167,39.460163,40.331406,41.909546,44.46396,38.898212,1.0,34.4768050686998,34.0,35.0,35.0,36.0,36.0,0
Loundoungou,BIO_FP_FH__L2A_20260609T043753_20260621T043821_T_G01_M03_C___T033_F003,2026-06-09,28,33,17.056099891662598,2.372667074203491,33.50946044921875,1.0,8649,1.0101014375686646,32.289538078824144,34.5756,39.479248,40.301914,41.819843,44.180054,38.768795,1.0,34.80390602911893,35.0,36.0,36.0,37.0,37.0,0
Loundoungou,BIO_FP_FH__L2A_20260609T043753_20260621T043821_T_G01_M03_C___T033_F003,2026-06-09,28,34,17.056933403015137,2.372667074203491,33.492801666259766,1.0,8649,1.010200023651123,31.538731898196325,32.75295,37.84064,38.92445,40.490524,42.168034,37.129913,1.0,34.467774548521206,35.0,35.0,36.0,36.0,37.0,0
Loundoungou,BIO_FP_FH__L2A_20260609T043753_20260621T043821_T_G01_M03_C___T033_F003,2026-06-09,29,14,17.040263175964355,2.371833562850952,33.81743621826172,0.9972175851641728,8632,1.0737013816833496,29.058518166522422,31.606125,37.330505,38.571537,40.3059,42.460556,36.257923,1.0,35.58492282801714,36.0,37.0,37.0,38.0,38.0,0
Loundoungou,BIO_FP_FH__L2A_20260609T043753_20260621T043821_T_G01_M03_C___T033_F003,2026-06-09,29,15,17.041096687316895,2.371833562850952,33.906436920166016,1.0000000017642259,8649,1.074501395225525,25.913743538710417,27.830696,35.787193,37.89933,40.753372,43.811096,34.152985,1.0,35.466184715988156,35.0,37.0,37.0,38.0,38.0,0
Loundoungou,BIO_FP_FH__L2A_20260609T043753_20260621T043821_T_G01_M03_C___T033_F003,2026-06-09,29,16,17.041930198669434,2.371833562850952,34.319034576416016,1.0000000141138066,8649,1.0793014764785767,29.891187041538583,32.738403,39.691284,41.273983,44.41344,47.50809,38.53088,1.0,36.278952122341074,36.0,37.0,37.0,38.0,38.0,0
Loundoungou,BIO_FP_FH__L2A_20260609T043753_20260621T043821_T_G01_M03_C___T033_F003,2026-06-09,29,17,17.042763710021973,2.371833562850952,35.95843505859375,1.0,8649,1.0477014780044556,28.566765192327146,30.973906,43.02455,45.142334,48.717545,50.592716,41.86191,1.0,36.463375695800075,36.0,37.0,37.0,37.92218017578125,38.0,0
Loundoungou,BIO_FP_FH__L2A_20260609T043753_20260621T043821_T_G01_M03_C___T033_F003,2026-06-09,29,18,17.04359722137451,2.371833562850952,36.510658264160156,1.0000000211707099,8649,1.0337014198303223,33.294701728663924,35.400993,41.46092,42.907288,44.601162,46.80433,39.85853,1.0,35.57210777442377,36.0,36.0,36.0,37.0,37.0,0
Loundoungou,BIO_FP_FH__L2A_20260609T043753_20260621T043821_T_G01_M03_C___T033_F003,2026-06-09,29,19,17.04443073272705,2.371833562850952,36.20085525512695,1.0000000035284515,8649,1.0315014123916626,35.22429908570091,38.024803,42.810715,43.999596,46.274944,48.69044,42.044872,1.0,36.306096128017614,36.0,37.0,37.85097885131836,38.0,38.0,0
Loundoungou,BIO_FP_FH__L2A_20260609T043753_20260621T043821_T_G01_M03_C___T033_F003,2026-06-09,29,20,17.04526424407959,2.371833562850952,36.2126579284668,1.0,8649,1.0225014686584473,31.180482841224418,32.506676,41.47858,42.864006,46.665405,49.3048,40.431484,1.0,37.24817056972342,37.0,38.0,38.0,38.0,38.0,0
Loundoungou,BIO_FP_FH__L2A_20260609T043753_20260621T043821_T_G01_M03_C___T033_F003,2026-06-09,29,21,17.04609775543213,2.371833562850952,36.410858154296875,1.0,8649,1.0103014707565308,33.38673207343334,34.74382,41.948997,43.53403,47.854958,49.83146,40.999725,1.0,37.184901073525054,37.0,38.0,39.0,39.0,39.0,0
Loundoungou,BIO_FP_FH__L2A_20260609T043753_20260621T043821_T_G01_M03_C___T033_F003,2026-06-09,29,22,17.046931266784668,2.371833562850952,35.60085678100586,1.0,8649,1.0101014375686646,29.30397097027113,31.525862,40.706482,42.748802,44.909897,46.514645,37.876663,1.0,36.5610073639597,37.0,37.0,38.0,38.0,38.0,0
Loundoungou,BIO_FP_FH__L2A_20260609T043753_20260621T043821_T_G01_M03_C___T033_F003,2026-06-09,29,23,17.047764778137207,2.371833562850952,34.416656494140625,1.0,8649,1.0133014917373657,33.21338404367557,34.074635,40.565258,42.11741,44.899853,47.20118,39.517906,1.0,37.1339340725997,37.0,38.0,38.0,39.0,39.0,0
Loundoungou,BIO_FP_FH__L2A_20260609T043753_20260621T043821_T_G01_M03_C___T033_F003,2026-06-09,29,24,17.048598289489746,2.371833562850952,34.70925521850586,0.999999971772387,8649,1.0167014598846436,28.77132982236391,31.492624,38.595974,41.126663,43.355595,46.39826,37.1323,1.0,37.13541140883269,37.0,38.0,38.0,38.0,38.0,0
Loundoungou,BIO_FP_FH__L2A_20260609T043753_20260621T043821_T_G01_M03_C___T033_F003,2026-06-09,29,25,17.049431800842285,2.371833562850952,35.827857971191406,1.0000000141138066,8649,1.0267014503479004,24.10168771625615,26.38483,36.25656,37.924053,41.845757,48.570534,34.54771,1.0,37.78479510900643,38.0,38.0,38.0,39.0,39.0,0
Loundoungou,BIO_FP_FH__L2A_20260609T043753_20260621T043821_T_G01_M03_C___T033_F003,2026-06-09,29,26,17.050265312194824,2.371833562850952,37.09246063232422,1.0,8649,1.024701476097107,26.17179234954908,29.635288,39.546864,41.22698,42.881184,48.216145,37.22137,1.0,37.43409205602213,37.0,38.0,38.0,39.0,39.0,0
Loundoungou,BIO_FP_FH__L2A_20260609T043753_20260621T043821_T_G01_M03_C___T033_F003,2026-06-09,29,27,17.051098823547363,2.371833562850952,36.67306137084961,1.0,8649,1.0199013948440552,32.67306846347844,35.510788,43.403664,44.588383,45.95896,48.203167,42.0472,1.0,37.4917871340918,37.0,39.0,39.0,39.0,39.0,0
Loundoungou,BIO_FP_FH__L2A_20260609T043753_20260621T043821_T_G01_M03_C___T033_F003,2026-06-09,29,28,17.051932334899902,2.371833562850952,35.536659240722656,1.0,8649,1.0175014734268188,30.485143016895016,33.194756,41.239536,43.017006,44.862793,46.089542,40.41548,1.0,37.41254591856379,37.107666015625,38.0,38.0,38.0,39.0,0
Loundoungou,BIO_FP_FH__L2A_20260609T043753_20260621T043821_T_G01_M03_C___T033_F003,2026-06-09,29,29,17.05276584625244,2.371833562850952,35.13505935668945,1.0,8649,1.0101014375686646,32.88666093984854,34.701664,40.38177,41.334293,42.33004,44.335922,39.80494,1.0,36.98499999860626,37.0,38.0,38.0,38.0,38.0,0
Loundoungou,BIO_FP_FH__L2A_20260609T043753_20260621T043821_T_G01_M03_C___T033_F003,2026-06-09,29,30,17.05359935760498,2.371833562850952,34.23286056518555,1.0,8649,1.0101014375686646,31.217331844721933,33.792133,39.4452,41.63772,43.558826,44.808693,38.04851,1.0,36.09362489389593,36.0,37.0,37.0,37.0,37.0,0
Loundoungou,BIO_FP_FH__L2A_20260609T043753_20260621T043821_T_G01_M03_C___T033_F003,2026-06-09,29,31,17.05443286895752,2.371833562850952,33.33086013793945,1.0,8649,1.0101014375686646,33.35184929254827,34.42469,39.416676,41.298897,43.64108,45.437984,38.347675,1.0,35.4376526408174,35.0,36.0,36.0,37.0,37.0,0
Loundoungou,BIO_FP_FH__L2A_20260609T043753_20260621T043821_T_G01_M03_C___T033_F003,2026-06-09,29,32,17.05526638031006,2.371833562850952,32.725460052490234,1.0,8649,1.0101014375686646,29.836941048098048,31.083082,37.92297,39.019073,40.838802,44.65106,37.072384,1.0,34.709997582675435,35.0,35.0,36.0,36.0,36.0,0
Loundoungou,BIO_FP_FH__L2A_20260609T043753_20260621T043821_T_G01_M03_C___T033_F003,2026-06-09,29,33,17.056099891662598,2.371833562850952,32.88446044921875,1.0,8649,1.0101014375686646,33.56323888599838,34.866985,39.178185,40.159977,41.53065,43.226574,38.246166,1.0,35.590896097466164,36.0,36.0,36.0,36.79643249511719,37.0,0
Loundoungou,BIO_FP_FH__L2A_20260609T043753_20260621T043821_T_G01_M03_C___T033_F003,2026-06-09,29,34,17.056933403015137,2.371833562850952,33.04359817504883,1.0,8649,1.010200023651123,32.274004310469415,34.621124,38.8853,39.81518,41.214832,42.86938,38.070953,1.0,35.01080575299712,35.0,36.0,36.0,36.0,36.0,0
Loundoungou,BIO_FP_FH__L2A_20260609T043753_20260621T043821_T_G01_M03_C___T033_F003,2026-06-09,30,13,17.039429664611816,2.371000051498413,34.3470344543457,0.9859426476553226,8557,1.05730140209198,29.938792342862637,31.63187,41.55089,43.486794,45.724083,47.581223,39.839485,1.0,35.10787353886112,36.0,37.0,37.0,38.0,38.0,0
Loundoungou,BIO_FP_FH__L2A_20260609T043753_20260621T043821_T_G01_M03_C___T033_F003,2026-06-09,30,14,17.040263175964355,2.371000051498413,34.211036682128906,1.0000000052926774,8649,1.0561014413833618,28.174612393019046,29.817743,39.939728,43.008724,47.66089,49.411568,36.893826,1.0,33.4611678518771,34.0,34.0,34.0,35.0,36.702953,0
Loundoungou,BIO_FP_FH__L2A_20260609T043753_20260621T043821_T_G01_M03_C___T033_F003,2026-06-09,30,15,17.041096687316895,2.371000051498413,34.433837890625,1.0000000035284515,8649,1.063901424407959,29.19873380949247,31.352568,40.53973,42.48332,44.33782,46.496735,39.86171,1.0,33.39269390298061,34.0,34.0,35.0,35.0,35.40591,0
Loundoungou,BIO_FP_FH__L2A_20260609T043753_20260621T043821_T_G01_M03_C___T033_F003,2026-06-09,30,16,17.041930198669434,2.371000051498413,34.722835540771484,1.0,8649,1.0755014419555664,28.970223481399582,31.298113,40.126694,41.589603,43.324257,46.03463,39.03343,1.0,35.24415730531401,35.0,37.0,37.0,37.0,37.0,0
Loundoungou,BIO_FP_FH__L2A_20260609T043753_20260621T043821_T_G01_M03_C___T033_F003,2026-06-09,30,17,17.042763710021973,2.371000051498413,35.380836486816406,0.9999999894146451,8649,1.0623013973236084,25.902880235928087,27.024286,39.151947,42.140015,45.41377,48.02691,37.26129,1.0,35.33539422606716,35.0,36.0,37.0,37.0,37.0,0
Loundoungou,BIO_FP_FH__L2A_20260609T043753_20260621T043821_T_G01_M03_C___T033_F003,2026-06-09,30,18,17.04359722137451,2.371000051498413,35.81025695800781,0.9999999788292903,8649,1.0459014177322388,25.654566709553585,25.895212,39.39225,42.544113,45.28045,48.098778,37.048325,1.0,35.18486254106906,35.0,36.0,36.0,36.0,36.0,0
Loundoungou,BIO_FP_FH__L2A_20260609T043753_20260621T043821_T_G01_M03_C___T033_F003,2026-06-09,30,19,17.04443073272705,2.371000051498413,35.95585632324219,1.0,8649,1.0453014373779297,29.689114054912416,30.629335,42.058826,48.35872,52.581497,54.146503,38.124386,1.0,36.890258966808254,37.0,38.0,38.0,38.0,38.0,0
Loundoungou,BIO_FP_FH__L2A_20260609T043753_20260621T043821_T_G01_M03_C___T033_F003,2026-06-09,30,20,17.04526424407959,2.371000051498413,35.9986572265625,1.0,8649,1.0381014347076416,35.22025419304255,36.36378,43.175648,45.072083,47.53356,49.599697,42.092552,1.0,37.49672909358538,37.0,38.0,39.0,39.0,39.0,0
Loundoungou,BIO_FP_FH__L2A_20260609T043753_20260621T043821_T_G01_M03_C___T033_F003,2026-06-09,30,21,17.04609775543213,2.371000051498413,35.497257232666016,1.0,8649,1.0273014307022095,36.87990324929183,39.4201,43.93927,44.74455,45.945496,47.583176,43.34342,1.0,37.6157032704957,38.0,39.0,39.0,39.0,39.0,0
Loundoungou,BIO_FP_FH__L2A_20260609T043753_20260621T043821_T_G01_M03_C___T033_F003,2026-06-09,30,22,17.046931266784668,2.371000051498413,34.395057678222656,1.0,8649,1.0257014036178589,29.313917703636257,32.278843,38.186237,39.344692,41.924316,44.546474,37.232056,1.0,37.60437053839641,38.0,38.0,38.0,38.0,38.0,0
Loundoungou,BIO_FP_FH__L2A_20260609T043753_20260621T043821_T_G01_M03_C___T033_F003,2026-06-09,30,23,17.047764778137207,2.371000051498413,34.26865768432617,1.0000000141138066,8649,1.0265014171600342,27.011582424579455,29.813618,38.20088,39.71572,43.714367,47.775597,36.196457,1.0,36.654869626499845,37.0,37.0,37.0,37.0,37.0,0
Loundoungou,BIO_FP_FH__L2A_20260609T043753_20260621T043821_T_G01_M03_C___T033_F003,2026-06-09,30,24,17.048598289489746,2.371000051498413,35.33525466918945,1.0000000211707099,8649,1.0249013900756836,27.260144427002366,30.13654,38.277164,40.927963,44.883183,48.197548,36.972736,1.0,36.709243433477425,37.0,37.0,37.0,38.0,38.0,0
Loundoungou,BIO_FP_FH__L2A_20260609T043753_20260621T043821_T_G01_M03_C___T033_F003,2026-06-09,30,25,17.049431800842285,2.371000051498413,36.5534553527832,1.0,8649,1.0267014503479004,31.562623298213666,32.669903,42.747295,44.679703,46.700356,47.932423,41.513004,1.0,37.45714544392636,37.0,39.0,39.0,39.0,39.0,0
Loundoungou,BIO_FP_FH__L2A_20260609T043753_20260621T043821_T_G01_M03_C___T033_F003,2026-06-09,30,26,17.050265312194824,2.371000051498413,37.92026138305664,1.0,8649,1.0159014463424683,25.464731291189732,25.891945,39.846893,43.295403,45.481018,47.642708,35.77132,1.0,35.67090741476305,35.0,37.0,38.0,39.0,39.0,0
Loundoungou,BIO_FP_FH__L2A_20260609T043753_20260621T043821_T_G01_M03_C___T033_F003,2026-06-09,30,27,17.051098823547363,2.371000051498413,37.91706085205078,1.0,8649,1.0101014375686646,28.7089407915655,31.499918,39.297604,40.507153,42.788666,45.281178,37.933567,1.0,36.02369319806831,36.0,37.0,37.0,37.0,37.702953,0
Loundoungou,BIO_FP_FH__L2A_20260609T043753_20260621T043821_T_G01_M03_C___T033_F003,2026-06-09,30,28,17.051932334899902,2.371000051498413,36.50785827636719,1.0,8649,1.0101014375686646,30.14830245909932,33.103508,39.827034,41.269947,43.91419,47.816166,38.693474,1.0,36.64939543756808,37.0,38.0,38.0,38.0,38.0,0
Loundoungou,BIO_FP_FH__L2A_20260609T043753_20260621T043821_T_G01_M03_C___T033_F003,2026-06-09,30,29,17.05276584625244,2.371000051498413,35.09865951538086,1.0,8649,1.0101014375686646,35.16789468074344,36.26477,42.31673,43.59429,45.18669,46.449562,41.539253,1.0,36.46663201206722,36.99903106689453,37.0,37.0,38.0,38.0,0
Loundoungou,BIO_FP_FH__L2A_20260609T043753_20260621T043821_T_G01_M03_C___T033_F003,2026-06-09,30,30,17.05359935760498,2.371000051498413,34.1668586730957,1.0,8649,1.0101014375686646,30.97417692796855,33.91876,39.435665,40.65241,42.785225,44.847115,38.31963,1.0,35.877827417093805,36.0,37.0,37.0,37.0,37.0,0
Loundoungou,BIO_FP_FH__L2A_20260609T043753_20260621T043821_T_G01_M03_C___T033_F003,2026-06-09,30,31,17.05443286895752,2.371000051498413,33.35145950317383,1.0,8649,1.0101014375686646,32.62878520999538,34.406597,39.42028,40.156277,41.366714,42.397934,39.122776,1.0,35.80853643780127,36.0,37.0,37.0,37.0,37.0,0
Loundoungou,BIO_FP_FH__L2A_20260609T043753_20260621T043821_T_G01_M03_C___T033_F003,2026-06-09,30,32,17.05526638031006,2.371000051498413,32.645660400390625,1.0,8649,1.0101014375686646,29.21852327581223,30.797037,38.11943,39.786083,41.7555,43.98438,36.802628,1.0,34.85827875727242,35.0,36.0,36.0,36.0,36.0,0
Loundoungou,BIO_FP_FH__L2A_20260609T043753_20260621T043821_T_G01_M03_C___T033_F003,2026-06-09,30,33,17.056099891662598,2.371000051498413,32.80485916137695,1.0,8649,1.0101014375686646,30.158206060671755,31.732462,38.903557,40.39815,42.242935,43.718742,37.96928,1.0,34.591025603108356,35.0,35.0,36.0,36.0,36.0,0
Loundoungou,BIO_FP_FH__L2A_20260609T043753_20260621T043821_T_G01_M03_C___T033_F003,2026-06-09,31,12,17.038596153259277,2.370166540145874,35.2302360534668,0.9986071562645824,8640,1.0443013906478882,30.560175696267653,32.469147,43.67281,47.270298,51.50257,52.96928,40.288063,1.0,35.0725019232002,35.0,36.0,36.0,37.0,37.68309,0
Loundoungou,BIO_FP_FH__L2A_20260609T043753_20260621T043821_T_G01_M03_C___T033_F003,2026-06-09,31,13,17.039429664611816,2.370166540145874,34.8896369934082,1.0000000008821128,8649,1.0407013893127441,30.611702339690424,32.576694,41.184013,42.63615,44.55167,46.25173,40.150093,1.0,31.290540644909996,31.0,34.0,35.0,35.80957794189453,36.0,0
Loundoungou,BIO_FP_FH__L2A_20260609T043753_20260621T043821_T_G01_M03_C___T033_F003,2026-06-09,31,14,17.040263175964355,2.370166540145874,34.64563751220703,1.0,8649,1.0373014211654663,32.59457893208391,33.199562,43.77208,46.205387,48.362377,49.9811,42.705776,1.0,32.261200236755926,32.0,34.0,34.0,35.0,35.0,0
Loundoungou,BIO_FP_FH__L2A_20260609T043753_20260621T043821_T_G01_M03_C___T033_F003,2026-06-09,31,15,17.041096687316895,2.370166540145874,34.81223678588867,1.0,8649,1.042501449584961,30.594354635470864,31.493683,42.120476,44.32819,47.10564,50.194252,40.044952,1.0,34.33526201057412,35.0,35.0,35.0,36.0,36.0,0
Loundoungou,BIO_FP_FH__L2A_20260609T043753_20260621T043821_T_G01_M03_C___T033_F003,2026-06-09,31,16,17.041930198669434,2.370166540145874,35.021236419677734,0.9999999964715484,8649,1.0483014583587646,27.703526494407683,29.297602,37.53331,39.72063,47.324444,50.57664,36.363293,1.0,34.94096922436151,35.0,36.0,36.0,36.0,36.0,0
Loundoungou,BIO_FP_FH__L2A_20260609T043753_20260621T043821_T_G01_M03_C___T033_F003,2026-06-09,31,17,17.042763710021973,2.370166540145874,35.428436279296875,1.0000000070569033,8649,1.0367014408111572,28.164118304832773,28.959074,36.48998,37.93258,41.45346,43.92317,35.862423,1.0,34.04257923143422,34.0,35.0,35.0,35.0,35.0,0
Loundoungou,BIO_FP_FH__L2A_20260609T043753_20260621T043821_T_G01_M03_C___T033_F003,2026-06-09,31,18,17.04359722137451,2.370166540145874,35.61805725097656,1.0,8649,1.0405014753341675,27.728114002521966,28.66237,40.61315,42.98804,46.028534,48.111942,39.529705,1.0,34.88566649736097,35.0,37.0,37.0,37.0,37.0,0
Loundoungou,BIO_FP_FH__L2A_20260609T043753_20260621T043821_T_G01_M03_C___T033_F003,2026-06-09,31,19,17.04443073272705,2.370166540145874,35.42665481567383,1.0,8649,1.0707014799118042,30.238603270609318,32.390915,39.64603,41.286755,44.332516,48.69007,38.350574,1.0,37.333521566083355,37.0,38.0,39.0,39.0,39.0,0
Loundoungou,BIO_FP_FH__L2A_20260609T043753_20260621T043821_T_G01_M03_C___T033_F003,2026-06-09,31,20,17.04526424407959,2.370166540145874,35.10145568847656,1.0,8649,1.0611014366149902,34.625768920178636,35.879887,43.312084,44.63949,46.84605,48.75638,42.131454,1.0,38.48390426265255,38.06719970703125,39.0,39.0,39.0,39.0,0
Loundoungou,BIO_FP_FH__L2A_20260609T043753_20260621T043821_T_G01_M03_C___T033_F003,2026-06-09,31,21,17.04609775543213,2.370166540145874,34.203857421875,1.0,8649,1.0477014780044556,28.882195331468957,31.770916,40.082603,41.30347,43.786488,45.73354,38.200512,1.0,38.118399728666304,38.0,39.0,39.0,39.0,39.0,0
Loundoungou,BIO_FP_FH__L2A_20260609T043753_20260621T043821_T_G01_M03_C___T033_F003,2026-06-09,31,22,17.046931266784668,2.370166540145874,33.842655181884766,1.0000000423414195,8649,1.0397014617919922,25.300100232015446,27.8128,35.430683,37.878212,43.35339,45.320602,33.51919,1.0,36.60218509528965,37.0,37.0,38.0,38.0,39.0,0
Loundoungou,BIO_FP_FH__L2A_20260609T043753_20260621T043821_T_G01_M03_C___T033_F003,2026-06-09,31,23,17.047764778137207,2.370166540145874,34.724857330322266,1.0,8649,1.0413014888763428,26.797734926003006,28.038399,37.71178,39.925117,43.69961,45.632015,35.32463,1.0,36.09339236584629,36.0,37.0,37.0,37.0,37.0,0
Loundoungou,BIO_FP_FH__L2A_20260609T043753_20260621T043821_T_G01_M03_C___T033_F003,2026-06-09,31,24,17.048598289489746,2.370166540145874,35.60005569458008,1.0,8649,1.0417014360427856,27.588358300092498,28.233946,40.521008,43.16535,46.00647,46.841732,38.60374,1.0,36.239321703496785,36.0,37.0,37.0,38.0,38.0,0
Loundoungou,BIO_FP_FH__L2A_20260609T043753_20260621T043821_T_G01_M03_C___T033_F003,2026-06-09,31,25,17.049431800842285,2.370166540145874,36.39005661010742,1.0,8649,1.0243014097213745,34.908351263513126,36.162018,42.31191,43.43237,45.300053,46.414017,41.754196,1.0,36.37144818958181,36.0,37.0,37.0,38.0,38.0,0
Loundoungou,BIO_FP_FH__L2A_20260609T043753_20260621T043821_T_G01_M03_C___T033_F003,2026-06-09,31,26,17.050265312194824,2.370166540145874,37.41086196899414,1.0,8649,1.0159014463424683,28.50741844252226,31.057364,40.050583,41.96927,44.404186,46.569687,38.487766,1.0,34.757460894646954,35.0,36.0,36.0,36.0,36.0,0
Loundoungou,BIO_FP_FH__L2A_20260609T043753_20260621T043821_T_G01_M03_C___T033_F003,2026-06-09,31,27,17.051098823547363,2.370166540145874,37.722259521484375,1.0,8649,1.0101014375686646,35.83186933641172,36.667904,41.397995,42.69111,44.898964,45.938786,40.84486,1.0,35.192465708178304,35.0,36.0,36.0,36.0,36.0,0
Loundoungou,BIO_FP_FH__L2A_20260609T043753_20260621T043821_T_G01_M03_C___T033_F003,2026-06-09,31,28,17.051932334899902,2.370166540145874,36.52526092529297,1.0,8649,1.0101014375686646,33.745758180136434,36.314198,41.024498,42.35571,44.09087,45.337746,40.40063,1.0,36.05182487160529,36.0,37.0,37.0,37.0,37.0,0
Loundoungou,BIO_FP_FH__L2A_20260609T043753_20260621T043821_T_G01_M03_C___T033_F003,2026-06-09,31,29,17.05276584625244,2.370166540145874,35.21385955810547,1.0,8649,1.0101014375686646,35.02254460414499,37.069202,41.000515,41.715454,42.926193,44.673668,40.431473,1.0,36.3921465596404,36.0,37.0,37.0,38.0,38.0,0
Loundoungou,BIO_FP_FH__L2A_20260609T043753_20260621T043821_T_G01_M03_C___T033_F003,2026-06-09,31,30,17.05359935760498,2.370166540145874,34.19845962524414,1.0,8649,1.0101014375686646,34.03064299340964,34.746918,38.907455,40.135303,42.161217,44.722908,38.006546,1.0,36.51697452336546,37.0,37.0,37.0,37.0,37.0,0
Loundoungou,BIO_FP_FH__L2A_20260609T043753_20260621T043821_T_G01_M03_C___T033_F003,2026-06-09,31,31,17.05443286895752,2.370166540145874,33.49126052856445,1.0,8649,1.0101014375686646,32.596518564284885,33.69247,38.714314,39.681644,41.712173,45.115395,38.132233,1.0,36.760962979037416,37.0,37.0,38.0,38.0,38.0,0
Loundoungou,BIO_FP_FH__L2A_20260609T043753_20260621T043821_T_G01_M03_C___T033_F003,2026-06-09,31,32,17.05526638031006,2.370166540145874,32.805259704589844,1.0,8649,1.0101014375686646,24.59973786709446,27.08896,34.075287,35.341633,38.499634,42.036213,32.990433,1.0,35.41337871077378,35.230812072753906,36.0,36.0,37.0,37.0,0
Loundoungou,BIO_FP_FH__L2A_20260609T043753_20260621T043821_T_G01_M03_C___T033_F003,2026-06-09,31,33,17.056099891662598,2.370166540145874,29.891260147094727,0.999999971772387,8649,5.431501388549805,30.459958748729722,32.837044,39.13727,40.28024,42.324944,44.1646,38.18046,1.0,35.090087154060726,35.0,36.0,37.0,37.0,37.0,0
Loundoungou,BIO_FP_FH__L2A_20260609T043753_20260621T043821_T_G01_M03_C___T033_F003,2026-06-09,31,34,17.056933403015137,2.370166540145874,23.997800827026367,1.0,8649,15.892200469970703,32.64532207480634,34.137962,38.560207,39.55926,41.78907,44.519627,37.742687,1.0,33.16860807367881,33.0,35.0,35.0,35.0,35.0,0
Loundoungou,BIO_FP_FH__L2A_20260609T043753_20260621T043821_T_G01_M03_C___T033_F003,2026-06-09,32,11,17.03776264190674,2.369333028793335,36.159236907958984,0.9902519111427107,8574,1.031901478767395,23.17068972626366,23.34367,39.675636,42.30479,44.85517,46.960922,36.738632,1.0,37.56486546735513,37.0,39.0,39.0,39.0,39.0,0
Loundoungou,BIO_FP_FH__L2A_20260609T043753_20260621T043821_T_G01_M03_C___T033_F003,2026-06-09,32,12,17.038596153259277,2.369333028793335,36.26663589477539,0.9999999982357742,8649,1.0285013914108276,26.719421158638614,28.792015,38.069077,40.040756,43.528694,46.294636,36.444153,1.0,36.63578414123091,37.0,37.0,38.0,38.0,38.0,0
Loundoungou,BIO_FP_FH__L2A_20260609T043753_20260621T043821_T_G01_M03_C___T033_F003,2026-06-09,32,13,17.039429664611816,2.369333028793335,36.05283737182617,1.0000000035284515,8649,1.0251014232635498,29.92686423791604,32.695904,39.0374,40.092823,43.427135,45.41452,37.537716,1.0,33.399151341710315,33.0,35.0,36.0,36.0,38.0,0
Loundoungou,BIO_FP_FH__L2A_20260609T043753_20260621T043821_T_G01_M03_C___T033_F003,2026-06-09,32,14,17.040263175964355,2.369333028793335,35.81223678588867,1.0,8649,1.021701455116272,28.66715602056596,30.360653,40.98591,45.49267,48.943188,50.38796,39.01308,1.0,34.94102638880632,35.0,37.0,37.0,37.0,37.0,0
Loundoungou,BIO_FP_FH__L2A_20260609T043753_20260621T043821_T_G01_M03_C___T033_F003,2026-06-09,32,15,17.041096687316895,2.369333028793335,35.55463790893555,1.0000000035284515,8649,1.0185014009475708,33.76076487628809,36.540295,43.36493,44.409187,46.213654,49.99828,42.654762,1.0,36.17734313366771,36.0,37.0,37.0,37.0,37.0,0
Loundoungou,BIO_FP_FH__L2A_20260609T043753_20260621T043821_T_G01_M03_C___T033_F003,2026-06-09,32,16,17.041930198669434,2.369333028793335,35.297237396240234,0.9999999929430967,8649,1.015101432800293,33.40299638231381,34.37595,42.877823,44.26439,47.008892,49.20033,41.52042,1.0,35.689575763393215,36.0,37.0,37.0,38.0,38.0,0
Loundoungou,BIO_FP_FH__L2A_20260609T043753_20260621T043821_T_G01_M03_C___T033_F003,2026-06-09,32,17,17.042763710021973,2.369333028793335,35.36923599243164,1.0,8649,1.0213013887405396,31.13395549250636,32.161083,41.490547,42.76247,44.540928,46.2153,40.341064,1.0,33.94200150067165,34.0,35.0,36.0,36.0,36.0,0
Loundoungou,BIO_FP_FH__L2A_20260609T043753_20260621T043821_T_G01_M03_C___T033_F003,2026-06-09,32,18,17.04359722137451,2.369333028793335,35.08905792236328,1.0,8649,1.0523014068603516,29.996416786803387,31.00898,43.124897,45.28193,47.938095,49.480022,41.550068,1.0,35.389665744114176,35.0,37.0,37.0,37.0,37.0,0
Loundoungou,BIO_FP_FH__L2A_20260609T043753_20260621T043821_T_G01_M03_C___T033_F003,2026-06-09,32,19,17.04443073272705,2.369333028793335,34.74885559082031,1.0,8649,1.0805014371871948,27.594567923314834,29.327654,42.304234,44.587387,46.7133,48.610718,40.644745,1.0,37.414682158294724,37.34535217285156,38.0,38.0,39.0,39.0,0
Loundoungou,BIO_FP_FH__L2A_20260609T043753_20260621T043821_T_G01_M03_C___T033_F003,2026-06-09,32,20,17.04526424407959,2.369333028793335,34.000858306884766,1.0,8649,1.0695013999938965,28.466773389625967,29.890015,40.2495,41.533295,44.733173,46.52011,38.4889,1.0,37.62283356730849,38.0,38.0,38.0,39.0,39.0,0
Loundoungou,BIO_FP_FH__L2A_20260609T043753_20260621T043821_T_G01_M03_C___T033_F003,2026-06-09,32,21,17.04609775543213,2.369333028793335,33.30845642089844,0.9999999929430967,8649,1.055701494216919,26.831901140688437,28.48601,37.94644,42.472336,46.647152,47.678616,34.46597,1.0,37.016651482592565,37.0,38.0,38.0,38.0,38.66323,0
Loundoungou,BIO_FP_FH__L2A_20260609T043753_20260621T043821_T_G01_M03_C___T033_F003,2026-06-09,32,22,17.046931266784668,2.369333028793335,33.52305603027344,1.0,8649,1.0685014724731445,21.589591733870968,23.973745,34.011276,35.688652,39.020878,43.876995,31.987505,1.0,36.33495762472498,36.0,37.0,37.0,37.0,37.326458,0
Loundoungou,BIO_FP_FH__L2A_20260609T043753_20260621T043821_T_G01_M03_C___T033_F003,2026-06-09,32,23,17.047764778137207,2.369333028793335,34.37985610961914,1.0,8649,1.0703014135360718,26.754306856283964,28.417265,37.573013,39.0037,44.989605,49.012653,36.05887,1.0,36.5910345764019,37.0,37.0,37.0,37.0,37.0,0
Loundoungou,BIO_FP_FH__L2A_20260609T043753_20260621T043821_T_G01_M03_C___T033_F003,2026-06-09,32,24,17.048598289489746,2.369333028793335,35.333656311035156,1.0,8649,1.0655014514923096,33.013601193057,34.977066,40.628082,41.718296,44.376995,45.45283,39.481224,1.0,36.08213143156283,36.0,37.0,37.0,37.0,37.0,0
Loundoungou,BIO_FP_FH__L2A_20260609T043753_20260621T043821_T_G01_M03_C___T033_F003,2026-06-09,32,25,17.049431800842285,2.369333028793335,36.152854919433594,1.0,8649,1.0505014657974243,33.53654527438143,35.17263,40.38485,41.56579,43.387325,45.633633,39.84656,1.0,35.91355278252425,36.0,37.0,37.0,37.0,37.0,0
Loundoungou,BIO_FP_FH__L2A_20260609T043753_20260621T043821_T_G01_M03_C___T033_F003,2026-06-09,32,26,17.050265312194824,2.369333028793335,36.88365936279297,1.0,8649,1.0291014909744263,30.933288214316683,33.446598,40.09048,41.138218,42.54083,44.612907,39.131287,1.0,35.38487566329245,35.0,36.0,36.0,36.0,36.0,0
Loundoungou,BIO_FP_FH__L2A_20260609T043753_20260621T043821_T_G01_M03_C___T033_F003,2026-06-09,32,27,17.051098823547363,2.369333028793335,37.39706039428711,1.0,8649,1.0101014375686646,29.765475054919644,31.906643,37.986828,38.821808,40.619213,43.307793,37.415985,1.0,34.94523961983164,35.0,36.0,36.0,37.0,37.0,0
Loundoungou,BIO_FP_FH__L2A_20260609T043753_20260621T043821_T_G01_M03_C___T033_F003,2026-06-09,32,28,17.051932334899902,2.369333028793335,36.26005935668945,1.0,8649,1.0101014375686646,32.82233133888311,33.807213,38.385063,39.347397,40.38279,42.022427,37.73849,1.0,35.49242060451042,35.0,36.0,36.40226745605469,37.0,37.0,0
Loundoungou,BIO_FP_FH__L2A_20260609T043753_20260621T043821_T_G01_M03_C___T033_F003,2026-06-09,32,29,17.05276584625244,2.369333028793335,35.1386604309082,1.0,8649,1.0101014375686646,31.333426371545844,34.320515,39.488247,40.517418,42.264065,43.72153,38.786728,1.0,36.70378692605782,37.0,37.0,37.0,38.0,38.0,0
Loundoungou,BIO_FP_FH__L2A_20260609T043753_20260621T043821_T_G01_M03_C___T033_F003,2026-06-09,32,30,17.05359935760498,2.369333028793335,34.48506164550781,1.0,8649,1.0101014375686646,32.02305992744826,36.06949,40.64514,41.67136,43.00189,45.139072,40.212605,1.0,37.317882614144565,37.0,38.0,38.0,38.0,38.0,0
Loundoungou,BIO_FP_FH__L2A_20260609T043753_20260621T043821_T_G01_M03_C___T033_F003,2026-06-09,32,31,17.05443286895752,2.369333028793335,33.8250617980957,1.0,8649,1.0101014375686646,31.12368617397965,33.811905,38.43386,39.659695,41.06333,42.596516,37.72902,1.0,36.53869537872198,36.749324798583984,37.0,37.0,38.0,38.0,0
Loundoungou,BIO_FP_FH__L2A_20260609T043753_20260621T043821_T_G01_M03_C___T033_F003,2026-06-09,32,32,17.05526638031006,2.369333028793335,33.08086013793945,1.0,8649,1.0101014375686646,32.413244576685166,34.007393,38.42075,39.563602,41.458385,43.245037,37.702347,1.0,37.00175598864335,37.0,38.0,38.0,38.0,38.0,0
Loundoungou,BIO_FP_FH__L2A_20260609T043753_20260621T043821_T_G01_M03_C___T033_F003,2026-06-09,32,33,17.056099891662598,2.369333028793335,32.33285903930664,1.0,8649,1.0101014375686646,32.632959735229505,34.07328,39.914738,41.215656,42.819714,44.213436,38.91034,1.0,35.8943626782235,36.0,37.0,37.0,38.0,38.0,0
Loundoungou,BIO_FP_FH__L2A_20260609T043753_20260621T043821_T_G01_M03_C___T033_F003,2026-06-09,32,34,17.056933403015137,2.369333028793335,31.594999313354492,1.0,8649,1.010200023651123,32.17616830702971,34.2288,39.32355,40.46676,42.1058,43.91023,38.551823,1.0,33.80474443906497,34.0,35.0,35.0,35.0,36.0,0
Loundoungou,BIO_FP_FH__L2A_20260609T043753_20260621T043821_T_G01_M03_C___T033_F003,2026-06-09,32,35,17.057766914367676,2.369333028793335,30.85740089416504,1.0,8649,1.010200023651123,32.26040040756157,33.264668,38.46241,40.204205,42.71702,44.06223,37.42864,1.0,33.26442079326847,33.0,34.153297424316406,35.0,35.0,35.0,0
Loundoungou,BIO_FP_FH__L2A_20260609T043753_20260621T043821_T_G01_M03_C___T033_F003,2026-06-09,33,10,17.0369291305542,2.368499517440796,36.06803512573242,0.9731274682368167,8442,1.0195014476776123,24.10778072217377,25.416798,35.848362,39.0253,48.397552,52.12628,33.37256,1.0,36.55744592792548,37.0,38.0,38.0,38.0,38.0,0
Loundoungou,BIO_FP_FH__L2A_20260609T043753_20260621T043821_T_G01_M03_C___T033_F003,2026-06-09,33,11,17.03776264190674,2.368499517440796,36.964237213134766,1.0000000035284515,8649,1.0163013935089111,26.444325809276048,27.519361,41.725723,46.094826,50.232624,52.631878,39.726795,1.0,36.985677072747976,37.0,38.0,38.0,38.0,38.0,0
Loundoungou,BIO_FP_FH__L2A_20260609T043753_20260621T043821_T_G01_M03_C___T033_F003,2026-06-09,33,12,17.038596153259277,2.368499517440796,37.32243728637695,0.999999991178871,8649,1.0129014253616333,26.40841246810926,28.459177,36.89069,38.380764,42.22779,43.69162,35.161938,1.0,36.402090102844205,36.0,38.0,38.0,38.0,38.0,0
Loundoungou,BIO_FP_FH__L2A_20260609T043753_20260621T043821_T_G01_M03_C___T033_F003,2026-06-09,33,13,17.039429664611816,2.368499517440796,37.10063552856445,1.0,8649,1.0101014375686646,33.09208123997355,34.76561,41.663883,43.71423,46.35855,49.629715,39.94144,1.0,35.848111645639776,36.0,38.0,38.0,39.0,39.0,0
Loundoungou,BIO_FP_FH__L2A_20260609T043753_20260621T043821_T_G01_M03_C___T033_F003,2026-06-09,33,14,17.040263175964355,2.368499517440796,36.71283721923828,0.9999999788292903,8649,1.0101014375686646,31.4932722199853,34.743034,40.55827,42.21885,44.82395,46.93278,39.702168,1.0,36.42452433305278,37.0,38.0,39.0,39.0,39.0,0
Loundoungou,BIO_FP_FH__L2A_20260609T043753_20260621T043821_T_G01_M03_C___T033_F003,2026-06-09,33,15,17.041096687316895,2.368499517440796,36.326236724853516,0.9773053202219458,8486,1.0101014375686646,34.125042742032385,36.836227,42.058018,43.060635,44.991714,47.3205,41.3368,1.0,36.28454930603966,36.0,38.0,38.0,38.0,38.0,0
Loundoungou,BIO_FP_FH__L2A_20260609T043753_20260621T043821_T_G01_M03_C___T033_F003,2026-06-09,33,16,17.041930198669434,2.368499517440796,35.88703536987305,1.0,8649,1.0101014375686646,33.63898294329547,35.56592,42.81219,44.065742,45.70987,48.023533,42.098145,1.0,38.125890889489206,38.0,39.0,39.0,39.0,39.0,0
Loundoungou,BIO_FP_FH__L2A_20260609T043753_20260621T043821_T_G01_M03_C___T033_F003,2026-06-09,33,17,17.042763710021973,2.368499517440796,35.284236907958984,1.0,8649,1.0167014598846436,29.334165935006936,31.333735,40.38129,41.987564,44.456005,46.95777,39.352436,1.0,36.46867794284298,37.0,38.0,38.0,38.0,38.0,0
Loundoungou,BIO_FP_FH__L2A_20260609T043753_20260621T043821_T_G01_M03_C___T033_F003,2026-06-09,33,18,17.04359722137451,2.368499517440796,34.24225616455078,1.0,8649,1.0409014225006104,28.293448167779513,30.960388,38.727848,40.04841,41.59549,42.987114,37.415466,1.0,36.98957311096791,37.0,38.0,38.0,38.0,38.0,0
Loundoungou,BIO_FP_FH__L2A_20260609T043753_20260621T043821_T_G01_M03_C___T033_F003,2026-06-09,33,19,17.04443073272705,2.368499517440796,33.702056884765625,1.0,8649,1.068101406097412,28.070146295814546,30.31615,38.284348,40.20433,42.273342,43.56586,36.06509,1.0,37.337195908600144,37.0,38.0,38.0,38.0,38.0,0
Loundoungou,BIO_FP_FH__L2A_20260609T043753_20260621T043821_T_G01_M03_C___T033_F003,2026-06-09,33,20,17.04526424407959,2.368499517440796,33.06345748901367,0.9999999788292903,8649,1.067501425743103,34.37271225865205,36.7911,41.217915,42.166283,43.546917,45.90058,40.27324,1.0,37.69719879833146,38.0,39.0,39.0,39.0,39.0,0
Loundoungou,BIO_FP_FH__L2A_20260609T043753_20260621T043821_T_G01_M03_C___T033_F003,2026-06-09,33,21,17.04609775543213,2.368499517440796,33.16105651855469,0.9999999929430967,8649,1.081701397895813,25.78329837755089,27.662874,35.941578,36.985012,39.153812,40.475735,34.71089,1.0,36.75442617219891,37.0,38.0,38.0,38.0,39.0,0
Loundoungou,BIO_FP_FH__L2A_20260609T043753_20260621T043821_T_G01_M03_C___T033_F003,2026-06-09,33,22,17.046931266784668,2.368499517440796,33.268856048583984,1.0,8649,1.0963014364242554,29.30814504386345,31.24688,38.926437,39.864544,41.311832,45.125656,37.944042,1.0,36.05417122048634,36.0,37.0,37.0,37.0,37.0,0
Loundoungou,BIO_FP_FH__L2A_20260609T043753_20260621T043821_T_G01_M03_C___T033_F003,2026-06-09,33,23,17.047764778137207,2.368499517440796,34.096256256103516,1.0,8649,1.0887014865875244,30.955453213521796,32.076645,40.044563,41.73498,45.305157,48.66347,38.218002,1.0,36.44411971486639,36.091033935546875,37.0,37.0,37.0,37.0,0
Loundoungou,BIO_FP_FH__L2A_20260609T043753_20260621T043821_T_G01_M03_C___T033_F003,2026-06-09,33,24,17.048598289489746,2.368499517440796,35.02745819091797,1.0,8649,1.0767014026641846,31.286481367065555,33.41256,40.128403,41.25856,42.869476,48.148403,39.666595,1.0,36.72241517956897,37.0,37.0,38.0,38.0,38.0,0
Loundoungou,BIO_FP_FH__L2A_20260609T043753_20260621T043821_T_G01_M03_C___T033_F003,2026-06-09,33,25,17.049431800842285,2.368499517440796,35.87065505981445,1.0,8649,1.0583014488220215,33.97635519640999,36.05411,42.525658,44.068584,46.431606,47.262127,41.716534,1.0,37.24582637937265,37.0,38.0,38.0,38.0,38.0,0
Loundoungou,BIO_FP_FH__L2A_20260609T043753_20260621T043821_T_G01_M03_C___T033_F003,2026-06-09,33,26,17.050265312194824,2.368499517440796,36.58086013793945,1.0,8649,1.029901385307312,32.89285882038386,34.37821,39.79052,42.23371,47.877613,50.14043,38.95507,1.0,37.14242875373409,37.0,38.0,38.0,39.0,39.0,0
Loundoungou,BIO_FP_FH__L2A_20260609T043753_20260621T043821_T_G01_M03_C___T033_F003,2026-06-09,33,27,17.051098823547363,2.368499517440796,37.12765884399414,1.0,8649,1.0123014450073242,32.19634585645739,33.724342,40.34741,41.78417,44.08098,46.103455,39.322342,1.0,35.66404806245805,36.0,37.0,37.0,37.531497955322266,38.0,0
Loundoungou,BIO_FP_FH__L2A_20260609T043753_20260621T043821_T_G01_M03_C___T033_F003,2026-06-09,33,28,17.051932334899902,2.368499517440796,36.20745849609375,1.0,8649,1.0101014375686646,34.78866686177593,35.339397,40.68304,42.52968,44.514545,46.015537,39.698574,1.0,34.928035948232136,35.0,36.0,36.0,36.0,36.0,0
Loundoungou,BIO_FP_FH__L2A_20260609T043753_20260621T043821_T_G01_M03_C___T033_F003,2026-06-09,33,29,17.05276584625244,2.368499517440796,35.495460510253906,1.0,8649,1.0101014375686646,33.168333676581106,34.589813,39.138462,40.12381,42.334465,46.276913,38.39714,1.0,35.75388266009559,36.0,37.0,37.0,37.0,37.0,0
Loundoungou,BIO_FP_FH__L2A_20260609T043753_20260621T043821_T_G01_M03_C___T033_F003,2026-06-09,33,30,17.05359935760498,2.368499517440796,34.8448600769043,1.0,8649,1.0101014375686646,36.261836628511965,38.315456,43.41115,45.37951,49.454857,52.211075,42.326256,1.0,36.63182386843121,37.0,37.0,38.0,38.0,38.0,0
Loundoungou,BIO_FP_FH__L2A_20260609T043753_20260621T043821_T_G01_M03_C___T033_F003,2026-06-09,33,31,17.05443286895752,2.368499517440796,34.10805892944336,1.0,8649,1.0101014375686646,32.74855745606428,34.041027,39.58959,40.88159,43.855324,45.72754,38.896454,1.0,36.07040434162635,36.0,37.0,37.0,37.0,37.0,0
Loundoungou,BIO_FP_FH__L2A_20260609T043753_20260621T043821_T_G01_M03_C___T033_F003,2026-06-09,33,32,17.05526638031006,2.368499517440796,33.372859954833984,0.9999999576585805,8649,1.0101014375686646,34.6104134350459,37.050568,41.46506,42.31081,43.539585,44.80161,40.734158,1.0,36.63164555901033,36.0,38.0,38.0,38.0,38.0,0
Loundoungou,BIO_FP_FH__L2A_20260609T043753_20260621T043821_T_G01_M03_C___T033_F003,2026-06-09,33,33,17.056099891662598,2.368499517440796,32.74665832519531,1.0,8649,1.0101014375686646,34.90609147372528,35.291733,38.942993,39.919422,41.1862,43.468388,38.6398,1.0,35.1309554842886,35.0,36.0,37.0,38.0,38.0,0
Loundoungou,BIO_FP_FH__L2A_20260609T043753_20260621T043821_T_G01_M03_C___T033_F003,2026-06-09,33,34,17.056933403015137,2.368499517440796,32.16339874267578,1.0,8649,1.010200023651123,32.708207776910626,34.12864,38.857883,40.123962,43.23725,45.843155,37.93559,1.0,34.99886165270021,35.0,35.0,35.988487243652344,36.0,36.0,0
Loundoungou,BIO_FP_FH__L2A_20260609T043753_20260621T043821_T_G01_M03_C___T033_F003,2026-06-09,33,35,17.057766914367676,2.368499517440796,31.55620002746582,1.0,8649,1.010200023651123,33.863471391201294,34.873367,40.101562,41.59249,44.12115,45.432934,39.190567,1.0,35.33711429022133,35.0,37.0,37.0,37.0,37.0,0
Loundoungou,BIO_FP_FH__L2A_20260609T043753_20260621T043821_T_G01_M03_C___T033_F003,2026-06-09,34,9,17.03609561920166,2.367666006088257,36.01693344116211,0.9937568875162129,8602,1.0101993083953857,29.279543493674954,32.38685,42.991394,44.564148,47.09475,48.888836,40.95556,1.0,37.68747778266327,38.0,40.0,40.0,40.0,40.0,0
Loundoungou,BIO_FP_FH__L2A_20260609T043753_20260621T043821_T_G01_M03_C___T033_F003,2026-06-09,34,10,17.0369291305542,2.367666006088257,36.45863723754883,0.9999999982357742,8649,1.0101014375686646,24.457935790553286,26.564054,39.390156,40.31678,42.10845,46.404156,36.299633,1.0,37.88218500148576,38.0,39.0,40.0,40.0,40.0,0
Loundoungou,BIO_FP_FH__L2A_20260609T043753_20260621T043821_T_G01_M03_C___T033_F003,2026-06-09,34,11,17.03776264190674,2.367666006088257,37.12823486328125,1.0000000052926774,8649,1.0101014375686646,27.660369504357007,29.587467,41.725357,43.361305,45.072002,47.992306,40.344856,1.0,36.31608415926271,36.637386322021484,37.0,37.0,38.0,38.0,0
Loundoungou,BIO_FP_FH__L2A_20260609T043753_20260621T043821_T_G01_M03_C___T033_F003,2026-06-09,34,12,17.038596153259277,2.367666006088257,37.515438079833984,1.0,8649,1.0101014375686646,30.45274759681394,33.806126,40.510605,41.45805,42.727486,44.228195,39.36688,1.0,32.14022582450317,35.78644943237305,38.0,38.0,38.0,38.0,0
Loundoungou,BIO_FP_FH__L2A_20260609T043753_20260621T043821_T_G01_M03_C___T033_F003,2026-06-09,34,13,17.039429664611816,2.367666006088257,37.21803665161133,1.000000017642258,8649,1.0101014375686646,31.82555911305412,33.665745,39.335243,40.895157,43.904636,47.177322,38.453926,1.0,36.746671749410055,37.0,38.0,38.0,39.0,39.0,0
Loundoungou,BIO_FP_FH__L2A_20260609T043753_20260621T043821_T_G01_M03_C___T033_F003,2026-06-09,34,14,17.040263175964355,2.367666006088257,36.83103561401367,1.0,8649,1.0101014375686646,32.34384969992918,35.6925,41.881878,43.345375,45.237133,46.98498,40.587654,1.0,37.28876504491197,37.0,38.0,38.0,39.0,39.0,0
Loundoungou,BIO_FP_FH__L2A_20260609T043753_20260621T043821_T_G01_M03_C___T033_F003,2026-06-09,34,16,17.041930198669434,2.367666006088257,36.14403533935547,0.9485459871851153,8247,1.0101014375686646,31.28337728488436,32.901123,40.463062,42.52081,45.53441,46.841534,38.648407,1.0,37.94196730424164,38.0,39.0,39.0,39.0,39.0,0
Loundoungou,BIO_FP_FH__L2A_20260609T043753_20260621T043821_T_G01_M03_C___T033_F003,2026-06-09,34,17,17.042763710021973,2.367666006088257,35.70883560180664,1.0,8649,1.0125014781951904,30.73656681769569,32.582287,38.495888,40.25667,43.847248,45.638847,37.402534,1.0,38.236284176811814,38.0,39.0,39.0,39.0,39.0,0
Loundoungou,BIO_FP_FH__L2A_20260609T043753_20260621T043821_T_G01_M03_C___T033_F003,2026-06-09,34,18,17.04359722137451,2.367666006088257,34.67385482788086,1.0,8649,1.0367014408111572,32.59120296602208,35.062847,40.843597,42.37278,44.86414,46.941616,39.79831,1.0,37.82305004500505,38.0,39.0,39.395694732666016,40.0,40.0,0
Loundoungou,BIO_FP_FH__L2A_20260609T043753_20260621T043821_T_G01_M03_C___T033_F003,2026-06-09,34,19,17.04443073272705,2.367666006088257,33.64885711669922,1.0000000493983228,8649,1.060901403427124,31.550932120547174,34.124325,40.32487,41.661873,43.257633,45.94932,39.30105,1.0,37.11482947547252,37.0,38.0,38.0,38.69040298461914,39.0,0
Loundoungou,BIO_FP_FH__L2A_20260609T043753_20260621T043821_T_G01_M03_C___T033_F003,2026-06-09,34,20,17.04526424407959,2.367666006088257,33.038856506347656,0.9999999929430967,8649,1.078101396560669,30.268456330276905,32.160038,39.686493,40.881424,42.685265,44.895397,38.82659,1.0,36.57990706831144,37.0,37.435420989990234,38.0,38.0,38.0,0
Loundoungou,BIO_FP_FH__L2A_20260609T043753_20260621T043821_T_G01_M03_C___T033_F003,2026-06-09,34,21,17.04609775543213,2.367666006088257,33.355655670166016,1.0,8649,1.091901421546936,26.111278670221992,28.793648,34.874676,36.851234,41.72394,43.480186,33.231167,1.0,37.197577817548364,37.0,38.0,38.0,38.15726852416992,39.0,0
Loundoungou,BIO_FP_FH__L2A_20260609T043753_20260621T043821_T_G01_M03_C___T033_F003,2026-06-09,34,22,17.046931266784668,2.367666006088257,33.56345748901367,1.0,8649,1.1019014120101929,28.537874682044166,32.095387,39.78282,40.839222,42.478565,43.679592,38.897774,1.0,36.51106302343169,36.0,38.0,38.0,38.0,38.0,0
Loundoungou,BIO_FP_FH__L2A_20260609T043753_20260621T043821_T_G01_M03_C___T033_F003,2026-06-09,34,23,17.047764778137207,2.367666006088257,34.055458068847656,1.0,8649,1.0899014472961426,34.32520513570933,35.459984,40.048687,40.904366,42.456066,44.78027,39.610226,1.0,35.32338705116896,35.0,36.0,36.0,36.0,36.0,0
Loundoungou,BIO_FP_FH__L2A_20260609T043753_20260621T043821_T_G01_M03_C___T033_F003,2026-06-09,34,24,17.048598289489746,2.367666006088257,34.673458099365234,1.0,8649,1.0683014392852783,30.676651563764597,33.06251,38.255634,39.99965,44.43908,49.97078,37.203735,1.0,36.7705749505544,37.0,38.0,38.72678756713867,39.0,39.0,0
Loundoungou,BIO_FP_FH__L2A_20260609T043753_20260621T043821_T_G01_M03_C___T033_F003,2026-06-09,34,25,17.049431800842285,2.367666006088257,35.54945755004883,1.0,8649,1.0531014204025269,31.454052220632445,33.379883,40.885895,43.59735,45.831757,49.801647,39.24852,1.0,38.456944056226554,38.0,39.0,39.0,40.0,40.0,0
Loundoungou,BIO_FP_FH__L2A_20260609T043753_20260621T043821_T_G01_M03_C___T033_F003,2026-06-09,34,26,17.050265312194824,2.367666006088257,36.13206100463867,1.0,8649,1.0331014394760132,31.926499360475198,34.234997,39.110382,40.33359,42.00393,44.325993,38.33445,1.0,37.58433090908594,38.0,39.0,39.0,39.0,39.0,0
Loundoungou,BIO_FP_FH__L2A_20260609T043753_20260621T043821_T_G01_M03_C___T033_F003,2026-06-09,34,27,17.051098823547363,2.367666006088257,36.66326141357422,1.0,8649,1.0163013935089111,33.41434432448838,35.42836,40.007843,40.982494,42.39189,44.789543,39.625107,1.0,36.12717802012666,36.0,37.0,37.0,37.0,38.0,0
Loundoungou,BIO_FP_FH__L2A_20260609T043753_20260621T043821_T_G01_M03_C___T033_F003,2026-06-09,34,28,17.051932334899902,2.367666006088257,36.44306182861328,1.0,8649,1.0101014375686646,34.39435194820211,34.79191,40.730556,43.065994,46.58795,48.109615,40.040882,1.0,35.50189754306574,35.18444061279297,36.0,36.0,36.0,37.0,0
Loundoungou,BIO_FP_FH__L2A_20260609T043753_20260621T043821_T_G01_M03_C___T033_F003,2026-06-09,34,29,17.05276584625244,2.367666006088257,35.7376594543457,1.0,8649,1.0101014375686646,33.23987148080703,35.152325,40.042133,41.357437,43.826523,46.71371,39.48711,1.0,35.78783283945949,36.0,36.99238586425781,37.0,37.0,37.0,0
Loundoungou,BIO_FP_FH__L2A_20260609T043753_20260621T043821_T_G01_M03_C___T033_F003,2026-06-09,34,30,17.05359935760498,2.367666006088257,35.32246017456055,1.0,8649,1.0101014375686646,33.34965431335993,34.51662,40.515965,42.056858,44.634724,47.837646,39.21365,1.0,36.297846493879234,36.0,37.0,37.0,37.0,37.0,0
Loundoungou,BIO_FP_FH__L2A_20260609T043753_20260621T043821_T_G01_M03_C___T033_F003,2026-06-09,34,31,17.05443286895752,2.367666006088257,34.66265869140625,1.000000084682839,8649,1.0101014375686646,33.27215608446006,34.65885,39.506123,40.45138,42.48108,44.737896,38.736233,1.0,35.37846904749787,35.0,36.0,36.84303283691406,37.0,37.0,0
Loundoungou,BIO_FP_FH__L2A_20260609T043753_20260621T043821_T_G01_M03_C___T033_F003,2026-06-09,34,32,17.05526638031006,2.367666006088257,33.959259033203125,1.0,8649,1.0101014375686646,29.28870705789687,32.76762,37.978714,38.829388,40.68041,43.31942,36.928585,1.0,35.48009598408149,35.0,36.0,36.0,37.0,37.0,0
Loundoungou,BIO_FP_FH__L2A_20260609T043753_20260621T043821_T_G01_M03_C___T033_F003,2026-06-09,34,33,17.056099891662598,2.367666006088257,33.253658294677734,1.0,8649,1.0101014375686646,31.43622907995144,33.214455,38.08623,39.41463,41.118427,42.439175,37.315945,1.0,34.27755992808691,34.0,35.0,35.0,36.0,37.0,0
Loundoungou,BIO_FP_FH__L2A_20260609T043753_20260621T043821_T_G01_M03_C___T033_F003,2026-06-09,34,34,17.056933403015137,2.367666006088257,32.79499816894531,1.0,8649,1.010200023651123,33.4999019937276,35.04018,41.116764,42.335308,44.02538,46.2265,39.892483,1.0,34.92114743459761,35.0,35.9254150390625,36.0,36.0,36.0,0
Loundoungou,BIO_FP_FH__L2A_20260609T043753_20260621T043821_T_G01_M03_C___T033_F003,2026-06-09,34,35,17.057766914367676,2.367666006088257,32.33660125732422,1.0,8649,1.010200023651123,29.35239984391259,31.081387,41.08766,43.10237,44.536945,45.781734,39.65433,1.0,35.71158583666744,36.0,36.0,37.0,37.0,37.0,0
Loundoungou,BIO_FP_FH__L2A_20260609T043753_20260621T043821_T_G01_M03_C___T033_F003,2026-06-09,34,36,17.058600425720215,2.367666006088257,26.492399215698242,1.0,8649,12.605799674987793,33.43384892762169,36.372917,41.711548,42.75458,45.918125,48.22962,40.160313,1.0,36.23576144287801,36.0,37.0,37.0,37.0,37.0,0
Loundoungou,BIO_FP_FH__L2A_20260609T043753_20260621T043821_T_G01_M03_C___T033_F003,2026-06-09,35,8,17.03526210784912,2.3668324947357178,36.339115142822266,0.9948527564932423,8620,1.0100747346878052,22.323184708747554,24.170475,34.743767,38.967518,43.843178,46.221107,33.007477,1.0,36.26563773682826,36.0,37.0,37.0,37.0,37.0,0
Loundoungou,BIO_FP_FH__L2A_20260609T043753_20260621T043821_T_G01_M03_C___T033_F003,2026-06-09,35,9,17.03609561920166,2.3668324947357178,36.5593147277832,0.9999999938252097,8649,1.0100747346878052,27.910448648704946,30.292946,37.88112,39.116135,41.493607,43.21784,37.035103,1.0,37.820242812198245,38.0,39.0,39.0,39.0,40.0,0
Loundoungou,BIO_FP_FH__L2A_20260609T043753_20260621T043821_T_G01_M03_C___T033_F003,2026-06-09,35,10,17.0369291305542,2.3668324947357178,36.81649398803711,0.9999999964715484,8649,1.0101014375686646,28.316013195717556,32.998966,40.508553,41.828693,43.44009,44.503975,39.51151,1.0,38.40795110798886,38.0,39.0,39.0,40.0,40.0,0
Loundoungou,BIO_FP_FH__L2A_20260609T043753_20260621T043821_T_G01_M03_C___T033_F003,2026-06-09,35,11,17.03776264190674,2.3668324947357178,37.088294982910156,1.0,8649,1.0101014375686646,28.57231022462857,31.047245,39.39864,41.600704,43.759735,46.49479,37.21057,1.0,36.963325859067176,37.0,38.0,38.0,38.0,38.0,0
Loundoungou,BIO_FP_FH__L2A_20260609T043753_20260621T043821_T_G01_M03_C___T033_F003,2026-06-09,35,12,17.038596153259277,2.3668324947357178,37.45449447631836,0.9999999964715484,8649,1.0101014375686646,33.009559454076694,34.411407,41.42651,42.610477,44.173763,45.920906,40.176258,1.0,37.3182363202495,37.0,38.0,38.0,39.0,39.0,0
Loundoungou,BIO_FP_FH__L2A_20260609T043753_20260621T043821_T_G01_M03_C___T033_F003,2026-06-09,35,13,17.039429664611816,2.3668324947357178,37.144493103027344,0.9999999929430967,8649,1.0105013847351074,30.821571104493227,32.729656,40.78582,41.987637,43.81871,46.522144,38.968277,1.0,37.39301015832049,37.0,38.0,39.0,39.0,39.0,0
Loundoungou,BIO_FP_FH__L2A_20260609T043753_20260621T043821_T_G01_M03_C___T033_F003,2026-06-09,35,14,17.040263175964355,2.3668324947357178,36.67109298706055,1.0,8649,1.0163013935089111,36.71207812138687,38.629204,42.795994,43.635365,44.898674,47.60982,42.083115,1.0,37.040377611258855,37.0,38.0,38.0,38.0,39.0,0
Loundoungou,BIO_FP_FH__L2A_20260609T043753_20260621T043821_T_G01_M03_C___T033_F003,2026-06-09,35,15,17.041096687316895,2.3668324947357178,36.3970947265625,1.0,8649,1.0101014375686646,31.012702200037577,33.048912,38.979836,40.486,42.965225,45.28046,38.271317,1.0,36.61060371050491,37.0,38.0,38.0,38.0,38.0,0
Loundoungou,BIO_FP_FH__L2A_20260609T043753_20260621T043821_T_G01_M03_C___T033_F003,2026-06-09,35,17,17.042763710021973,2.3668324947357178,36.078495025634766,0.9928048590674319,8597,1.0101014375686646,26.20562363488631,29.876335,39.354008,40.67717,42.410793,44.414455,38.137817,1.0,39.56719842311591,40.0,41.0,41.0,41.0,41.0,0
Loundoungou,BIO_FP_FH__L2A_20260609T043753_20260621T043821_T_G01_M03_C___T033_F003,2026-06-09,35,18,17.04359722137451,2.3668324947357178,35.17755889892578,0.9999999576585805,8649,1.031901478767395,29.39418179472724,34.247932,40.067547,41.2907,43.17545,45.12426,38.770985,1.0,39.13170115946897,39.0,40.0,40.0,41.0,41.0,0
Loundoungou,BIO_FP_FH__L2A_20260609T043753_20260621T043821_T_G01_M03_C___T033_F003,2026-06-09,35,19,17.04443073272705,2.3668324947357178,33.873958587646484,1.0000000070569033,8649,1.0479013919830322,30.408655229680075,32.811012,39.198914,40.147026,42.156113,45.252636,38.100746,1.0,37.44885346042943,37.0,38.0,38.0,38.0,39.0,0
Loundoungou,BIO_FP_FH__L2A_20260609T043753_20260621T043821_T_G01_M03_C___T033_F003,2026-06-09,35,20,17.04526424407959,2.3668324947357178,32.7757568359375,1.0,8649,1.0619014501571655,30.44942921508267,32.749,40.20508,41.167706,42.595547,43.465458,38.999676,1.0,37.90698701944747,38.0,39.0,39.0,39.0,39.0,0
Loundoungou,BIO_FP_FH__L2A_20260609T043753_20260621T043821_T_G01_M03_C___T033_F003,2026-06-09,35,21,17.04609775543213,2.3668324947357178,33.255157470703125,1.0,8649,1.0815014839172363,27.753943736270088,30.007568,37.64445,38.844322,40.93444,42.399677,36.221416,1.0,38.25096937901354,38.0,39.0,39.0,39.0,39.0,0
Loundoungou,BIO_FP_FH__L2A_20260609T043753_20260621T043821_T_G01_M03_C___T033_F003,2026-06-09,35,22,17.046931266784668,2.3668324947357178,33.73455810546875,1.0,8649,1.1011013984680176,28.707304041652215,31.357288,39.031433,40.38525,43.705498,46.890213,37.854885,1.0,37.02946931528265,37.0,38.0,38.0,38.0,38.0,0
Loundoungou,BIO_FP_FH__L2A_20260609T043753_20260621T043821_T_G01_M03_C___T033_F003,2026-06-09,35,23,17.047764778137207,2.3668324947357178,34.35575866699219,1.0,8649,1.0953013896942139,33.47113241053879,35.588257,39.479824,40.445953,41.956337,44.063053,38.999367,1.0,35.043681504726685,35.0,36.0,36.0,37.0,37.0,0
Loundoungou,BIO_FP_FH__L2A_20260609T043753_20260621T043821_T_G01_M03_C___T033_F003,2026-06-09,35,24,17.048598289489746,2.3668324947357178,35.05755615234375,1.0,8649,1.0663014650344849,33.38404774034571,35.233444,40.827255,42.157703,44.06546,46.32528,39.954178,1.0,35.74828560959605,36.0,37.0,37.0,37.0,38.0,0
Loundoungou,BIO_FP_FH__L2A_20260609T043753_20260621T043821_T_G01_M03_C___T033_F003,2026-06-09,35,25,17.049431800842285,2.3668324947357178,35.049556732177734,1.0,8649,1.0499014854431152,33.63847247514163,35.535866,41.081123,42.342808,43.663067,45.902542,40.027115,1.0,36.80575980791702,36.0,38.0,39.0,39.0,39.0,0
Loundoungou,BIO_FP_FH__L2A_20260609T043753_20260621T043821_T_G01_M03_C___T033_F003,2026-06-09,35,26,17.050265312194824,2.3668324947357178,35.4234619140625,1.0,8649,1.0332651138305664,31.41276448144294,33.0026,38.095383,39.52538,42.021965,44.73144,37.097733,1.0,36.454322627051354,36.0,37.0,38.0,38.0,38.0,0
Loundoungou,BIO_FP_FH__L2A_20260609T043753_20260621T043821_T_G01_M03_C___T033_F003,2026-06-09,35,27,17.051098823547363,2.3668324947357178,36.11246109008789,1.0,8649,1.0182651281356812,31.455121256792694,32.18032,38.407696,39.592495,42.771637,45.890392,37.86776,1.0,36.12025826910987,36.0,37.0,37.0,38.0,38.0,0
Loundoungou,BIO_FP_FH__L2A_20260609T043753_20260621T043821_T_G01_M03_C___T033_F003,2026-06-09,35,28,17.051932334899902,2.3668324947357178,36.53266143798828,1.0,8649,1.0100650787353516,32.15916986429067,34.152332,39.958443,40.929146,42.991558,45.480495,39.136543,1.0,35.630767260359704,36.0,36.0,36.0,37.0,37.0,0
Loundoungou,BIO_FP_FH__L2A_20260609T043753_20260621T043821_T_G01_M03_C___T033_F003,2026-06-09,35,29,17.05276584625244,2.3668324947357178,36.01966094970703,1.0,8649,1.0100650787353516,34.969018275234134,36.22515,40.31809,41.336716,42.79975,44.762295,39.801025,1.0,36.47239933682116,37.0,37.0,37.0,38.0,38.0,0
Loundoungou,BIO_FP_FH__L2A_20260609T043753_20260621T043821_T_G01_M03_C___T033_F003,2026-06-09,35,30,17.05359935760498,2.3668324947357178,35.78705978393555,1.0000000141138066,8649,1.0100650787353516,34.11554665545202,35.62311,40.45391,42.06198,44.6108,47.277596,39.94912,1.0,37.20855581764541,37.0,38.0,38.0,38.0,38.0,0
Loundoungou,BIO_FP_FH__L2A_20260609T043753_20260621T043821_T_G01_M03_C___T033_F003,2026-06-09,35,31,17.05443286895752,2.3668324947357178,35.25326156616211,1.0,8649,1.0100650787353516,34.75299257862181,36.267445,41.16527,42.255928,43.911625,45.664616,40.58491,1.0,36.27021893287259,36.0,37.0,38.0,38.0,38.0,0
Loundoungou,BIO_FP_FH__L2A_20260609T043753_20260621T043821_T_G01_M03_C___T033_F003,2026-06-09,35,32,17.05526638031006,2.3668324947357178,34.547061920166016,1.0,8649,1.0106650590896606,33.28511198910279,34.958427,40.909615,42.06364,43.912674,45.19571,39.923115,1.0,34.923870331015195,35.0,36.0,36.0,36.0,36.0,0
Loundoungou,BIO_FP_FH__L2A_20260609T043753_20260621T043821_T_G01_M03_C___T033_F003,2026-06-09,35,33,17.056099891662598,2.3668324947357178,33.92805862426758,1.0,8649,1.011465072631836,34.35960985374032,35.008827,40.760307,43.001446,46.02641,47.951332,39.752163,1.0,34.475770915694454,34.0,35.0,35.0,35.7103385925293,36.0,0
Loundoungou,BIO_FP_FH__L2A_20260609T043753_20260621T043821_T_G01_M03_C___T033_F003,2026-06-09,35,34,17.056933403015137,2.3668324947357178,33.58060073852539,1.0,8649,1.010200023651123,34.27290546594982,35.69685,40.084183,41.43579,43.660076,46.736847,39.3647,1.0,35.144529064124214,36.0,37.0,37.0,37.0,37.0,0
Loundoungou,BIO_FP_FH__L2A_20260609T043753_20260621T043821_T_G01_M03_C___T033_F003,2026-06-09,35,35,17.057766914367676,2.3668324947357178,33.24639892578125,1.0,8649,1.010200023651123,26.025283811712338,26.580275,39.928207,40.760197,41.85818,43.413765,39.218517,1.0,35.22546410932749,35.0,36.0,36.0,36.0,36.0,0
Loundoungou,BIO_FP_FH__L2A_20260609T043753_20260621T043821_T_G01_M03_C___T033_F003,2026-06-09,35,36,17.058600425720215,2.3668324947357178,32.84120178222656,1.0,8649,1.010200023651123,29.057630398022894,30.720863,37.171024,39.106476,45.309864,48.54999,36.01144,1.0,35.03746516597879,35.0,36.0,36.0,36.0,37.0,0
Loundoungou,BIO_FP_FH__L2A_20260609T043753_20260621T043821_T_G01_M03_C___T033_F003,2026-06-09,36,7,17.034428596496582,2.3659989833831787,36.65751647949219,0.999999998070378,8649,1.0100747346878052,18.35492899103473,19.787245,36.024517,39.994057,43.54844,47.609997,30.942831,1.0,35.665765274300135,36.0,37.0,37.0,37.0,37.0,0
Loundoungou,BIO_FP_FH__L2A_20260609T043753_20260621T043821_T_G01_M03_C___T033_F003,2026-06-09,36,8,17.03526210784912,2.3659989833831787,36.86991500854492,0.9999999947073226,8649,1.0100747346878052,21.236776872966924,21.775314,38.782856,42.29163,46.83104,49.05701,34.58467,1.0,35.75216243760216,36.0,37.0,37.0,37.0,37.0,0
Loundoungou,BIO_FP_FH__L2A_20260609T043753_20260621T043821_T_G01_M03_C___T033_F003,2026-06-09,36,9,17.03609561920166,2.3659989833831787,37.117713928222656,1.000000017642258,8649,1.0100747346878052,32.194200102800025,33.582962,42.584454,44.425888,46.34306,47.64048,41.436493,1.0,37.41566361122868,38.0,38.0,38.0,39.0,39.0,0
Loundoungou,BIO_FP_FH__L2A_20260609T043753_20260621T043821_T_G01_M03_C___T033_F003,2026-06-09,36,10,17.0369291305542,2.3659989833831787,36.80709457397461,1.0,8649,1.0199013948440552,31.76800741053879,34.285797,42.037373,43.611256,46.136208,48.50097,40.988457,1.0,38.36339703349381,38.0,39.0,39.0,39.0,39.0,0
Loundoungou,BIO_FP_FH__L2A_20260609T043753_20260621T043821_T_G01_M03_C___T033_F003,2026-06-09,36,11,17.03776264190674,2.3659989833831787,36.74289321899414,1.0000000070569033,8649,1.0257014036178589,31.671409303159248,33.18716,41.74877,42.87171,44.961662,46.468998,40.39387,1.0,37.97264215251258,38.0,39.0,39.0,39.0,39.0,0
Loundoungou,BIO_FP_FH__L2A_20260609T043753_20260621T043821_T_G01_M03_C___T033_F003,2026-06-09,36,12,17.038596153259277,2.3659989833831787,36.69149398803711,1.0,8649,1.0313013792037964,30.174187970610763,32.746197,41.64684,42.876114,44.523617,48.114494,40.438625,1.0,37.705210411944186,38.0,39.0,39.0,39.0,39.0,0
Loundoungou,BIO_FP_FH__L2A_20260609T043753_20260621T043821_T_G01_M03_C___T033_F003,2026-06-09,36,13,17.039429664611816,2.3659989833831787,36.264095306396484,1.0,8649,1.0371013879776,32.98102709218551,35.556133,43.365826,44.535294,46.28269,48.181973,42.425896,1.0,38.13177298198395,38.0,39.0,39.0,40.0,40.0,0
Loundoungou,BIO_FP_FH__L2A_20260609T043753_20260621T043821_T_G01_M03_C___T033_F003,2026-06-09,36,14,17.040263175964355,2.3659989833831787,36.16929626464844,1.0,8649,1.0241014957427979,33.446908602150536,35.596634,41.975998,42.95358,44.25954,46.92585,40.648407,1.0,37.41561129223006,37.471839904785156,38.0,38.0,38.0,38.0,0
Loundoungou,BIO_FP_FH__L2A_20260609T043753_20260621T043821_T_G01_M03_C___T033_F003,2026-06-09,36,15,17.041096687316895,2.3659989833831787,36.07249450683594,1.0,8649,1.0101014375686646,30.22804072363857,33.581615,39.768696,41.161053,43.895115,46.56306,38.7228,1.0,37.83271028640188,38.0,38.0,39.0,39.0,39.0,0
Loundoungou,BIO_FP_FH__L2A_20260609T043753_20260621T043821_T_G01_M03_C___T033_F003,2026-06-09,36,16,17.041930198669434,2.3659989833831787,36.084693908691406,0.9997480544400003,8649,1.0101014375686646,29.238194690214016,31.839075,40.173855,41.986176,45.093525,47.633175,38.609688,1.0,38.14381561870312,38.0,39.0,39.0,40.0,40.0,0
Loundoungou,BIO_FP_FH__L2A_20260609T043753_20260621T043821_T_G01_M03_C___T033_F003,2026-06-09,36,18,17.04359722137451,2.3659989833831787,35.43235778808594,0.9998830388854564,8649,1.0209014415740967,26.168938622476176,29.719345,37.87747,40.00118,43.41335,45.646507,36.516617,1.0,38.74588819608094,39.0,40.0,40.0,40.0,40.0,0
Loundoungou,BIO_FP_FH__L2A_20260609T043753_20260621T043821_T_G01_M03_C___T033_F003,2026-06-09,36,19,17.04443073272705,2.3659989833831787,33.97595977783203,1.0,8649,1.0363014936447144,27.848802742730374,29.88023,40.166084,41.122,43.88012,45.830517,39.2147,1.0,37.23571653936154,37.0,38.0,38.0,38.0,39.0,0
Loundoungou,BIO_FP_FH__L2A_20260609T043753_20260621T043821_T_G01_M03_C___T033_F003,2026-06-09,36,20,17.04526424407959,2.3659989833831787,32.62495803833008,1.0,8649,1.0541014671325684,30.017647000375767,32.096302,39.520683,41.545334,45.810783,46.81562,38.23495,1.0,36.97840746869544,37.0,38.0,38.0,38.0,38.0,0
Loundoungou,BIO_FP_FH__L2A_20260609T043753_20260621T043821_T_G01_M03_C___T033_F003,2026-06-09,36,21,17.04609775543213,2.3659989833831787,32.9803581237793,1.0,8649,1.077101469039917,26.564519742166723,29.018353,38.27928,41.01127,43.217262,46.104248,36.08355,1.0,37.73122244623303,38.0,38.0,39.0,39.0,39.0,0
Loundoungou,BIO_FP_FH__L2A_20260609T043753_20260621T043821_T_G01_M03_C___T033_F003,2026-06-09,36,22,17.046931266784668,2.3659989833831787,33.80475616455078,1.0,8649,1.08730149269104,26.310969837553476,27.426994,38.660217,40.7384,44.247677,45.715332,36.703102,1.0,37.09032073976373,37.0,38.0,38.0,39.0,39.0,0
Loundoungou,BIO_FP_FH__L2A_20260609T043753_20260621T043821_T_G01_M03_C___T033_F003,2026-06-09,36,23,17.047764778137207,2.3659989833831787,34.991756439208984,1.0,8649,1.0715014934539795,30.129006514481443,32.145473,39.24361,40.647438,42.93038,46.55031,38.206425,1.0,35.53786571007379,36.0,36.0,37.0,37.0,37.0,0
Loundoungou,BIO_FP_FH__L2A_20260609T043753_20260621T043821_T_G01_M03_C___T033_F003,2026-06-09,36,24,17.048598289489746,2.3659989833831787,35.219757080078125,1.0,8649,1.050701379776001,33.832565090617415,35.75187,40.182983,41.40509,42.859688,44.74798,39.506332,1.0,35.48973973018749,36.0,36.0,36.0,36.0,36.0,0
Loundoungou,BIO_FP_FH__L2A_20260609T043753_20260621T043821_T_G01_M03_C___T033_F003,2026-06-09,36,25,17.049431800842285,2.3659989833831787,34.57495880126953,1.0,8649,1.045501470565796,32.4061682528327,34.021145,40.533092,42.16178,44.2691,45.825676,39.5567,1.0,35.67053781077826,36.0,36.0,36.0,36.0,36.0,0
Loundoungou,BIO_FP_FH__L2A_20260609T043753_20260621T043821_T_G01_M03_C___T033_F003,2026-06-09,36,26,17.050265312194824,2.3659989833831787,34.773460388183594,1.0,8649,1.0338650941848755,33.907759838565156,35.33045,39.698994,40.65982,42.731216,45.47091,39.010216,1.0,36.309323837363195,36.0,37.0,37.0,38.0,38.0,0
Loundoungou,BIO_FP_FH__L2A_20260609T043753_20260621T043821_T_G01_M03_C___T033_F003,2026-06-09,36,27,17.051098823547363,2.3659989833831787,35.69845962524414,1.0,8649,1.0218651294708252,28.424653048762863,29.858826,37.654926,38.811554,40.80405,45.5244,36.745113,1.0,36.35570219765234,36.0,37.0,38.0,38.0,38.0,0
Loundoungou,BIO_FP_FH__L2A_20260609T043753_20260621T043821_T_G01_M03_C___T033_F003,2026-06-09,36,28,17.051932334899902,2.3659989833831787,36.2984619140625,0.9999999858861935,8649,1.0190651416778564,31.985438616253035,33.238438,40.86429,42.28485,44.055233,45.674507,39.7237,1.0,34.801056588753234,35.0,36.0,36.0,36.0,36.0,0
Loundoungou,BIO_FP_FH__L2A_20260609T043753_20260621T043821_T_G01_M03_C___T033_F003,2026-06-09,36,29,17.05276584625244,2.3659989833831787,35.6490592956543,0.9999999858861935,8649,1.0304651260375977,34.144715550127884,35.37309,40.994614,42.461624,44.652966,45.73215,40.13659,1.0,35.15646981195103,35.0,36.0,36.0,37.0,38.0,0
Loundoungou,BIO_FP_FH__L2A_20260609T043753_20260621T043821_T_G01_M03_C___T033_F003,2026-06-09,36,30,17.05359935760498,2.3659989833831787,35.10686111450195,1.0,8649,1.038865089416504,32.53629980705862,34.819714,40.13973,41.41272,43.90813,46.170193,39.286987,1.0,36.1936380675465,36.0,37.0,38.0,38.0,38.0,0
Loundoungou,BIO_FP_FH__L2A_20260609T043753_20260621T043821_T_G01_M03_C___T033_F003,2026-06-09,36,31,17.05443286895752,2.3659989833831787,36.10966110229492,1.0,8649,1.018665075302124,30.592324618453,31.77672,39.238323,40.905914,43.99484,46.421215,38.221222,1.0,35.43266398050231,35.0,37.0,37.0,38.0,38.0,0
Loundoungou,BIO_FP_FH__L2A_20260609T043753_20260621T043821_T_G01_M03_C___T033_F003,2026-06-09,36,32,17.05526638031006,2.3659989833831787,35.459259033203125,1.0,8649,1.0208650827407837,33.535380715978725,34.474773,39.518932,40.6172,42.9833,44.99635,38.922337,1.0,33.953542473605914,34.0,35.0,36.0,36.0,36.0,0
Loundoungou,BIO_FP_FH__L2A_20260609T043753_20260621T043821_T_G01_M03_C___T033_F003,2026-06-09,36,33,17.056099891662598,2.3659989833831787,35.034061431884766,1.0,8649,1.0136650800704956,32.795678149208,33.909435,38.404892,39.699787,41.544033,43.359306,37.78676,1.0,33.86111355279964,34.0,35.0,35.0,35.0,35.0,0
Loundoungou,BIO_FP_FH__L2A_20260609T043753_20260621T043821_T_G01_M03_C___T033_F003,2026-06-09,36,34,17.056933403015137,2.3659989833831787,34.66659927368164,1.0,8649,1.010200023651123,31.087408949011447,32.432327,37.943253,39.203445,42.02775,45.350384,37.005463,1.0,36.02202217939176,36.0,37.0,37.0,37.0,37.0,0
Loundoungou,BIO_FP_FH__L2A_20260609T043753_20260621T043821_T_G01_M03_C___T033_F003,2026-06-09,36,35,17.057766914367676,2.3659989833831787,34.26900100708008,1.0,8649,1.010200023651123,31.617782763903342,33.728733,38.4113,39.55727,42.759377,45.343315,38.05053,1.0,35.53517346487443,36.0,36.0,36.372596740722656,37.0,37.0,0
Loundoungou,BIO_FP_FH__L2A_20260609T043753_20260621T043821_T_G01_M03_C___T033_F003,2026-06-09,36,36,17.058600425720215,2.3659989833831787,33.857200622558594,0.9995320990865996,8648,1.010200023651123,30.39892856561903,33.214638,39.626926,41.59189,44.028366,46.264442,38.813553,1.0,34.9871691160084,35.0,36.0,36.0,36.0,36.0,0
Loundoungou,BIO_FP_FH__L2A_20260609T043753_20260621T043821_T_G01_M03_C___T033_F003,2026-06-09,37,6,17.033595085144043,2.3651654720306396,36.127315521240234,1.000000009703242,8649,1.0126746892929077,18.700315381436702,22.606907,34.148335,36.822334,39.08976,40.72872,31.838589,1.0,33.50637665835815,34.0,34.0,35.0,35.0,35.12783,0
Loundoungou,BIO_FP_FH__L2A_20260609T043753_20260621T043821_T_G01_M03_C___T033_F003,2026-06-09,37,7,17.034428596496582,2.3651654720306396,36.98051452636719,0.9999999982357742,8649,1.0110747814178467,16.108913104703415,16.558628,34.08578,38.443768,41.143684,42.950348,30.002426,1.0,34.12109674565543,34.0,36.0,36.0,37.0,37.0,0
Loundoungou,BIO_FP_FH__L2A_20260609T043753_20260621T043821_T_G01_M03_C___T033_F003,2026-06-09,37,8,17.03526210784912,2.3651654720306396,37.50991439819336,1.0000000017642259,8649,1.0100747346878052,25.52835956029953,27.667505,37.05325,39.229935,41.450584,42.755543,35.660442,1.0,37.345860695946435,38.0,38.0,39.0,39.0,39.0,0
Loundoungou,BIO_FP_FH__L2A_20260609T043753_20260621T043821_T_G01_M03_C___T033_F003,2026-06-09,37,9,17.03609561920166,2.3651654720306396,37.29371643066406,1.0,8649,1.0212746858596802,32.48725641828174,33.321293,41.125877,42.78903,44.35694,46.151745,39.412666,1.0,37.389415621881554,38.0,38.0,38.0,39.0,39.0,0
Loundoungou,BIO_FP_FH__L2A_20260609T043753_20260621T043821_T_G01_M03_C___T033_F003,2026-06-09,37,10,17.0369291305542,2.3651654720306396,36.674095153808594,1.0000000070569033,8649,1.0399014949798584,32.669278732341944,34.936928,43.363346,45.07698,48.289513,59.23871,42.420143,1.0,36.725590971277306,37.0,38.0,38.0,38.557854461669926,39.0,0
Loundoungou,BIO_FP_FH__L2A_20260609T043753_20260621T043821_T_G01_M03_C___T033_F003,2026-06-09,37,11,17.03776264190674,2.3651654720306396,36.2090950012207,0.985882206340238,8573,1.0489014387130737,31.06481441337268,33.700573,42.159283,43.47136,45.47576,50.306606,41.22537,1.0,37.56010996138985,38.0,38.0,38.0,38.0,38.563915,0
Loundoungou,BIO_FP_FH__L2A_20260609T043753_20260621T043821_T_G01_M03_C___T033_F003,2026-06-09,37,12,17.038596153259277,2.3651654720306396,35.744293212890625,1.0,8649,1.0577014684677124,34.57400263939473,36.067005,42.32775,43.722023,45.50825,48.361134,41.437504,1.0,38.24385447110147,38.0,39.0,39.6500129699707,40.0,40.0,0
Loundoungou,BIO_FP_FH__L2A_20260609T043753_20260621T043821_T_G01_M03_C___T033_F003,2026-06-09,37,13,17.039429664611816,2.3651654720306396,35.668094635009766,1.0,8649,1.049701452255249,31.78730471008209,33.119934,41.861767,45.61326,53.701508,56.948666,39.68769,1.0,38.53986112753606,39.0,39.0,40.0,40.0,40.0,0
Loundoungou,BIO_FP_FH__L2A_20260609T043753_20260621T043821_T_G01_M03_C___T033_F003,2026-06-09,37,14,17.040263175964355,2.3651654720306396,35.914093017578125,1.0,8649,1.0287014245986938,31.83546485684761,34.652496,41.830227,43.07601,45.80918,50.911247,40.092396,1.0,37.41402719519513,37.72385787963867,38.0,38.0,39.0,39.0,0
Loundoungou,BIO_FP_FH__L2A_20260609T043753_20260621T043821_T_G01_M03_C___T033_F003,2026-06-09,37,15,17.041096687316895,2.3651654720306396,36.09889602661133,1.0,8649,1.0101014375686646,30.20138685650075,33.00363,39.13437,40.543385,43.161148,45.336964,37.760593,1.0,36.89698039282125,37.0,37.0,38.0,38.0,38.0,0
Loundoungou,BIO_FP_FH__L2A_20260609T043753_20260621T043821_T_G01_M03_C___T033_F003,2026-06-09,37,16,17.041930198669434,2.3651654720306396,35.905296325683594,1.0000001270242587,8649,1.0101014375686646,28.64746554103993,32.67162,39.82316,41.085114,43.150417,46.2615,38.6405,1.0,36.94324486130772,37.0,38.0,38.0,38.0,38.0,0
Loundoungou,BIO_FP_FH__L2A_20260609T043753_20260621T043821_T_G01_M03_C___T033_F003,2026-06-09,37,17,17.042763710021973,2.3651654720306396,36.00269317626953,1.0,8649,1.0101014375686646,30.507965606573013,32.842663,39.255116,40.615337,42.166294,43.92257,38.22282,1.0,37.028166352923805,37.0,38.0,39.0,39.0,39.0,0
Loundoungou,BIO_FP_FH__L2A_20260609T043753_20260621T043821_T_G01_M03_C___T033_F003,2026-06-09,37,18,17.04359722137451,2.3651654720306396,35.36355972290039,1.0,8649,1.0173014402389526,27.695263045221992,30.833565,38.491547,39.857567,42.05318,44.08245,36.97378,1.0,37.65744707440762,37.0,39.0,39.0,39.0,39.0,0
Loundoungou,BIO_FP_FH__L2A_20260609T043753_20260621T043821_T_G01_M03_C___T033_F003,2026-06-09,37,19,17.04443073272705,2.3651654720306396,33.98615646362305,1.0,8649,1.0345014333724976,33.00492650884495,35.574062,42.33513,43.572792,45.093983,47.891716,41.182564,1.0,37.29050897683611,37.0,38.0,38.0,39.0,39.0,0
Loundoungou,BIO_FP_FH__L2A_20260609T043753_20260621T043821_T_G01_M03_C___T033_F003,2026-06-09,37,20,17.04526424407959,2.3651654720306396,32.752357482910156,1.0,8649,1.0549014806747437,30.543611887935022,32.90488,39.32035,40.455105,41.85455,43.317787,38.718307,1.0,36.722468309670404,37.0,38.0,38.0,38.0,38.0,0
Loundoungou,BIO_FP_FH__L2A_20260609T043753_20260621T043821_T_G01_M03_C___T033_F003,2026-06-09,37,21,17.04609775543213,2.3651654720306396,32.901756286621094,1.0,8649,1.069901466369629,27.694090808908545,29.662682,37.604927,38.646946,42.007275,45.23009,36.419952,1.0,36.25780405244575,36.0,37.0,37.0,37.0,37.563915,0
Loundoungou,BIO_FP_FH__L2A_20260609T043753_20260621T043821_T_G01_M03_C___T033_F003,2026-06-09,37,22,17.046931266784668,2.3651654720306396,34.290157318115234,1.0,8649,1.059301495552063,29.37951235330674,32.924923,40.141216,41.2719,43.58008,45.319893,39.15137,1.0,36.40056489522588,37.0,38.0,38.0,39.0,39.0,0
Loundoungou,BIO_FP_FH__L2A_20260609T043753_20260621T043821_T_G01_M03_C___T033_F003,2026-06-09,37,23,17.047764778137207,2.3651654720306396,35.48655700683594,1.0,8649,1.0499014854431152,31.021474213059314,33.343445,40.041206,41.37918,43.309956,45.417408,38.815334,1.0,35.48690452072879,36.0,38.0,38.0,38.0,38.0,0
Loundoungou,BIO_FP_FH__L2A_20260609T043753_20260621T043821_T_G01_M03_C___T033_F003,2026-06-09,37,24,17.048598289489746,2.3651654720306396,35.0169563293457,1.0,8649,1.0413014888763428,33.19170614016071,34.839813,41.195786,42.514084,44.748028,46.02436,40.599792,1.0,35.46567627360661,35.0,36.0,36.0,36.0,36.0,0
Loundoungou,BIO_FP_FH__L2A_20260609T043753_20260621T043821_T_G01_M03_C___T033_F003,2026-06-09,37,25,17.049431800842285,2.3651654720306396,34.41175842285156,1.0,8649,1.0345014333724976,30.332734907937333,32.597015,40.182278,41.60062,43.852684,45.711845,39.22338,1.0,35.13249995416541,35.0,36.0,36.0,36.0,36.0,0
Loundoungou,BIO_FP_FH__L2A_20260609T043753_20260621T043821_T_G01_M03_C___T033_F003,2026-06-09,37,26,17.050265312194824,2.3651654720306396,33.361061096191406,1.0,8649,1.0376651287078857,33.2457617932709,35.347378,39.931953,40.919315,42.68405,44.881462,39.3613,1.0,34.83351361780501,35.0,36.0,36.0,36.0,36.563915,0
Loundoungou,BIO_FP_FH__L2A_20260609T043753_20260621T043821_T_G01_M03_C___T033_F003,2026-06-09,37,27,17.051098823547363,2.3651654720306396,34.004859924316406,1.000000028227613,8649,1.025865077972412,34.274899851960285,36.184803,40.267494,41.73172,43.43327,45.635456,39.74,1.0,33.36213092272482,34.0,35.0,36.0,36.0,36.0,0
Loundoungou,BIO_FP_FH__L2A_20260609T043753_20260621T043821_T_G01_M03_C___T033_F003,2026-06-09,37,28,17.051932334899902,2.3651654720306396,34.286659240722656,1.000000028227613,8649,1.0584651231765747,31.464496452565403,32.149754,37.689648,38.790356,40.27362,42.40545,37.15203,1.0,33.476314747563706,33.40226745605469,34.0,34.0,35.0,35.563915,0
Loundoungou,BIO_FP_FH__L2A_20260609T043753_20260621T043821_T_G01_M03_C___T033_F003,2026-06-09,37,29,17.05276584625244,2.3651654720306396,34.062660217285156,1.0,8649,1.0804650783538818,31.30252865215632,32.001328,38.098797,39.267204,41.584908,42.922325,37.62156,1.0,33.09789026132249,33.0,34.86193084716797,35.0,35.0,36.0,0
Loundoungou,BIO_FP_FH__L2A_20260609T043753_20260621T043821_T_G01_M03_C___T033_F003,2026-06-09,37,30,17.05359935760498,2.3651654720306396,35.14986038208008,1.0,8649,1.0610650777816772,29.10633590227194,32.26134,37.713886,39.11418,42.548397,43.930504,36.832893,1.0,34.524362506529044,34.0,36.0,37.0,37.0,37.0,0
Loundoungou,BIO_FP_FH__L2A_20260609T043753_20260621T043821_T_G01_M03_C___T033_F003,2026-06-09,37,31,17.05443286895752,2.3651654720306396,36.80025863647461,1.0,8649,1.0320651531219482,31.074692522256907,31.712027,38.765575,40.31016,42.29061,43.716125,37.166763,1.0,35.12005789275251,35.0,36.0,36.0,37.0,37.0,0
Loundoungou,BIO_FP_FH__L2A_20260609T043753_20260621T043821_T_G01_M03_C___T033_F003,2026-06-09,37,32,17.05526638031006,2.3651654720306396,36.45486068725586,1.0,8649,1.0090651512145996,33.729568627876056,35.057327,39.396942,40.245922,42.079304,44.056995,38.907646,1.0,34.055596221401615,34.0,35.0,35.0,35.0,35.0,0
Loundoungou,BIO_FP_FH__L2A_20260609T043753_20260621T043821_T_G01_M03_C___T033_F003,2026-06-09,37,33,17.056099891662598,2.3651654720306396,35.36166000366211,1.0,8649,0.8920651078224182,32.348648507052836,33.25924,39.28521,40.459328,42.737957,44.703876,38.073833,1.0,33.44019530921854,33.0,34.0,34.3499870300293,35.0,35.0,0
Loundoungou,BIO_FP_FH__L2A_20260609T043753_20260621T043821_T_G01_M03_C___T033_F003,2026-06-09,37,34,17.056933403015137,2.3651654720306396,35.03559875488281,1.0,8649,1.0329999923706055,33.0899363365707,34.30723,39.50492,40.35806,41.76194,44.094418,39.16016,1.0,35.68571048753773,36.0,37.0,37.0,37.0,37.0,0
Loundoungou,BIO_FP_FH__L2A_20260609T043753_20260621T043821_T_G01_M03_C___T033_F003,2026-06-09,37,35,17.057766914367676,2.3651654720306396,34.31420135498047,1.0,8649,1.0437999963760376,33.5348242932709,35.317978,40.49789,41.385674,42.80083,45.57513,39.91022,1.0,36.61521189699891,36.0,38.0,38.0,38.0,38.0,0
Loundoungou,BIO_FP_FH__L2A_20260609T043753_20260621T043821_T_G01_M03_C___T033_F003,2026-06-09,37,36,17.058600425720215,2.3651654720306396,34.40060043334961,1.0,8649,1.031599998474121,34.28323361082206,35.480583,39.987827,40.663692,41.73934,43.40133,39.495857,1.0,35.48202877329159,35.0,36.0,36.05197525024414,37.0,37.0,0
Loundoungou,BIO_FP_FH__L2A_20260609T043753_20260621T043821_T_G01_M03_C___T033_F003,2026-06-09,38,5,17.032761573791504,2.3643319606781006,35.40071487426758,0.999631514754898,8649,1.0166747570037842,27.26277193506424,30.188766,40.0286,42.325775,43.936386,45.468616,37.002506,1.0,35.46610701507276,35.0,37.0,37.0,37.0,37.0,0
Loundoungou,BIO_FP_FH__L2A_20260609T043753_20260621T043821_T_G01_M03_C___T033_F003,2026-06-09,38,6,17.033595085144043,2.3643319606781006,36.07551574707031,1.0000000044105646,8649,1.016074776649475,18.541644637918424,17.39373,37.26845,42.779484,49.55078,51.251648,34.138306,1.0,32.28614319518944,32.0,35.0,35.0,36.94861602783203,37.0,0
Loundoungou,BIO_FP_FH__L2A_20260609T043753_20260621T043821_T_G01_M03_C___T033_F003,2026-06-09,38,7,17.034428596496582,2.3643319606781006,37.374515533447266,0.9999999982357742,8649,1.0120747089385986,13.506639878214928,11.173633,31.408869,36.428772,40.159573,44.385403,25.39375,1.0,30.358285116424366,31.0,32.0,33.0,34.0,34.544052,0
Loundoungou,BIO_FP_FH__L2A_20260609T043753_20260621T043821_T_G01_M03_C___T033_F003,2026-06-09,38,8,17.03526210784912,2.3643319606781006,37.871116638183594,1.0,8649,1.0168747901916504,28.425193720462627,30.225113,40.55325,41.55777,42.773884,44.397923,38.678383,1.0,35.74014148851091,36.0,38.0,38.0,38.0,38.0,0
Loundoungou,BIO_FP_FH__L2A_20260609T043753_20260621T043821_T_G01_M03_C___T033_F003,2026-06-09,38,9,17.03609561920166,2.3643319606781006,37.233516693115234,1.0,8649,1.037274718284607,30.11990672241733,31.280563,44.79328,47.4749,49.740192,50.79097,43.27491,1.0,36.96358395560048,37.0,38.0,38.0,38.0,38.0,0
Loundoungou,BIO_FP_FH__L2A_20260609T043753_20260621T043821_T_G01_M03_C___T033_F003,2026-06-09,38,10,17.0369291305542,2.3643319606781006,36.78829574584961,1.0000000141138066,8649,1.04910147190094,32.68264664749325,34.544315,40.451675,41.642765,44.31204,48.520374,39.492836,1.0,36.212045741227335,36.45594787597656,37.0,37.0,37.55128860473633,38.0,0
Loundoungou,BIO_FP_FH__L2A_20260609T043753_20260621T043821_T_G01_M03_C___T033_F003,2026-06-09,38,11,17.03776264190674,2.3643319606781006,36.476295471191406,0.9576117085203131,8351,1.0511014461517334,30.97912760674994,33.592495,42.24364,43.517612,46.046806,47.54381,41.025158,1.0,35.68028185753233,36.0,37.0,38.0,38.0,38.0,0
Loundoungou,BIO_FP_FH__L2A_20260609T043753_20260621T043821_T_G01_M03_C___T033_F003,2026-06-09,38,12,17.038596153259277,2.3643319606781006,36.31369400024414,0.9185202611031622,8043,1.0475014448165894,30.747236689813924,32.573135,40.020977,41.395924,43.08126,44.483463,38.866455,1.0,37.04502632113768,37.0,38.0,38.0,39.0,39.0,0
Loundoungou,BIO_FP_FH__L2A_20260609T043753_20260621T043821_T_G01_M03_C___T033_F003,2026-06-09,38,13,17.039429664611816,2.3643319606781006,36.37489318847656,1.0,8649,1.0375014543533325,30.64527871719274,33.71551,42.410095,48.112404,54.493942,56.817165,40.263664,1.0,38.97359253566573,39.0,40.0,40.0,40.0,40.0,0
Loundoungou,BIO_FP_FH__L2A_20260609T043753_20260621T043821_T_G01_M03_C___T033_F003,2026-06-09,38,14,17.040263175964355,2.3643319606781006,36.372894287109375,1.0,8649,1.0317014455795288,29.899472211382818,34.970734,42.05873,43.41628,46.091537,52.53422,40.642082,1.0,38.78992470141325,39.0,40.0,40.0,40.0,40.0,0
Loundoungou,BIO_FP_FH__L2A_20260609T043753_20260621T043821_T_G01_M03_C___T033_F003,2026-06-09,38,15,17.041096687316895,2.3643319606781006,36.606693267822266,0.9999999506016772,8649,1.0119013786315918,33.52942002294355,35.694588,42.053204,43.023132,44.633606,46.77389,41.152897,1.0,37.311489459834,37.0,39.0,39.0,39.0,39.0,0
Loundoungou,BIO_FP_FH__L2A_20260609T043753_20260621T043821_T_G01_M03_C___T033_F003,2026-06-09,38,16,17.041930198669434,2.3643319606781006,36.29329299926758,0.9999999576585805,8649,1.0101014375686646,30.40549027096463,33.68207,39.922012,41.209995,42.800426,46.745705,38.21413,1.0,36.87762861133849,37.0,38.0,38.0,38.0,38.0,0
Loundoungou,BIO_FP_FH__L2A_20260609T043753_20260621T043821_T_G01_M03_C___T033_F003,2026-06-09,38,17,17.042763710021973,2.3643319606781006,35.924293518066406,1.0,8649,1.0101014375686646,35.37764210457856,36.71835,41.23959,42.33248,44.779896,46.79855,40.330437,1.0,36.38263683824101,36.0,37.0,37.0,37.0,37.0,0
Loundoungou,BIO_FP_FH__L2A_20260609T043753_20260621T043821_T_G01_M03_C___T033_F003,2026-06-09,38,18,17.04359722137451,2.3643319606781006,35.35035705566406,1.0,8649,1.0149013996124268,32.41361560043069,34.116524,40.525795,41.676105,43.206432,46.680893,39.19817,1.0,37.1550864604377,37.0,38.0,38.0,38.0,38.0,0
Loundoungou,BIO_FP_FH__L2A_20260609T043753_20260621T043821_T_G01_M03_C___T033_F003,2026-06-09,38,19,17.04443073272705,2.3643319606781006,34.1303596496582,1.0,8649,1.0341014862060547,32.71787155668285,34.646084,39.263485,40.555717,43.98895,45.55394,38.091606,1.0,36.95592824190748,37.0,38.0,38.0,38.0,38.0,0
Loundoungou,BIO_FP_FH__L2A_20260609T043753_20260621T043821_T_G01_M03_C___T033_F003,2026-06-09,38,20,17.04526424407959,2.3643319606781006,32.94675827026367,1.0,8649,1.0529013872146606,32.40400940498902,35.342167,42.957592,44.104424,46.438828,48.250294,41.38567,1.0,35.902893573180116,36.0,37.0,37.0,37.0,37.0,0
Loundoungou,BIO_FP_FH__L2A_20260609T043753_20260621T043821_T_G01_M03_C___T033_F003,2026-06-09,38,21,17.04609775543213,2.3643319606781006,33.1241569519043,1.0,8649,1.0581014156341553,31.627872893542605,33.97983,41.451504,43.278564,46.929424,50.479267,40.08935,1.0,36.203551599063935,36.0,37.0,38.0,38.0,38.0,0
Loundoungou,BIO_FP_FH__L2A_20260609T043753_20260621T043821_T_G01_M03_C___T033_F003,2026-06-09,38,22,17.046931266784668,2.3643319606781006,34.428157806396484,1.0,8649,1.0523014068603516,26.747533132443056,28.4244,39.045727,41.181675,44.67439,47.30399,36.358376,1.0,35.64918321663968,36.0,36.0,36.0,36.63081359863281,37.0,0
Loundoungou,BIO_FP_FH__L2A_20260609T043753_20260621T043821_T_G01_M03_C___T033_F003,2026-06-09,38,23,17.047764778137207,2.3643319606781006,35.5595588684082,1.0,8649,1.031901478767395,32.46094608119436,34.70043,39.722076,41.28939,45.14378,47.090084,38.757538,1.0,36.29706022209867,36.0,37.0,37.0,38.0,38.0,0
Loundoungou,BIO_FP_FH__L2A_20260609T043753_20260621T043821_T_G01_M03_C___T033_F003,2026-06-09,38,24,17.048598289489746,2.3643319606781006,35.35795974731445,1.0,8649,1.021101474761963,33.20000280017921,36.053078,40.769737,41.657547,43.2707,45.07222,40.149914,1.0,35.78656633394497,36.0,36.485130310058594,37.0,37.0,37.0,0
Loundoungou,BIO_FP_FH__L2A_20260609T043753_20260621T043821_T_G01_M03_C___T033_F003,2026-06-09,38,25,17.049431800842285,2.3643319606781006,33.5439567565918,1.0,8649,1.0309014320373535,32.772484084142675,34.37505,40.16046,41.525623,44.0575,45.951427,39.311275,1.0,35.53736314344632,36.0,36.0,36.0,37.0,37.0,0
Loundoungou,BIO_FP_FH__L2A_20260609T043753_20260621T043821_T_G01_M03_C___T033_F003,2026-06-09,38,26,17.050265312194824,2.3643319606781006,31.64105987548828,1.0000000423414195,8649,1.0416650772094727,34.56773667804564,35.826218,39.785717,40.67212,42.22411,43.672066,39.21047,1.0,34.35667995629745,34.0,35.0,35.0,36.0,36.0,0
Loundoungou,BIO_FP_FH__L2A_20260609T043753_20260621T043821_T_G01_M03_C___T033_F003,2026-06-09,38,27,17.051098823547363,2.3643319606781006,32.006858825683594,1.0,8649,1.0634651184082031,30.327689165654988,31.994234,37.86335,39.60612,42.432816,45.46607,37.28094,1.0,34.2363348689737,34.0,35.0,35.0,35.0,35.0,0
Loundoungou,BIO_FP_FH__L2A_20260609T043753_20260621T043821_T_G01_M03_C___T033_F003,2026-06-09,38,28,17.051932334899902,2.3643319606781006,32.67885971069336,1.0,8649,1.0874651670455933,27.101622568360504,28.410473,35.8229,36.79983,38.198982,39.910473,35.086533,1.0,32.98629330712146,33.0,34.0,34.0,34.0,35.0,0
Loundoungou,BIO_FP_FH__L2A_20260609T043753_20260621T043821_T_G01_M03_C___T033_F003,2026-06-09,38,29,17.05276584625244,2.3643319606781006,32.50326156616211,1.0,8649,0.896665096282959,26.30281363813736,27.676565,33.690662,34.669296,36.50253,38.17716,32.903774,1.0,32.37889481715514,32.0,33.0,34.0,34.0,34.0,0
Loundoungou,BIO_FP_FH__L2A_20260609T043753_20260621T043821_T_G01_M03_C___T033_F003,2026-06-09,38,30,17.05359935760498,2.3643319606781006,33.57286071777344,1.0,8649,0.7470651268959045,28.474562178431032,31.251793,34.81065,35.640125,37.35052,41.152138,33.896378,1.0,34.48053906410192,35.0,35.0,35.0,35.0,36.088104,0
Loundoungou,BIO_FP_FH__L2A_20260609T043753_20260621T043821_T_G01_M03_C___T033_F003,2026-06-09,38,31,17.05443286895752,2.3643319606781006,34.478858947753906,1.0,8649,0.6160650849342346,23.674760991155047,25.872799,33.8155,35.552303,40.23731,41.925743,32.582077,1.0,34.76354554011265,35.0,36.0,36.0,36.0,36.0,0
Loundoungou,BIO_FP_FH__L2A_20260609T043753_20260621T043821_T_G01_M03_C___T033_F003,2026-06-09,38,32,17.05526638031006,2.3643319606781006,34.36825942993164,1.0,8649,0.5030651092529297,23.76396837784715,25.098688,32.67843,34.134434,36.955734,38.48439,31.87115,1.0,32.41423456229727,33.0,34.0,34.0,34.432186126708984,35.0,0
Loundoungou,BIO_FP_FH__L2A_20260609T043753_20260621T043821_T_G01_M03_C___T033_F003,2026-06-09,38,33,17.056099891662598,2.3643319606781006,33.81005859375,1.0,8649,0.5654650926589966,30.4031436076425,31.344631,37.943527,39.279316,42.40982,44.96839,36.678288,1.0,33.140250611434794,33.0,34.0,34.0,35.0,35.0,0
Loundoungou,BIO_FP_FH__L2A_20260609T043753_20260621T043821_T_G01_M03_C___T033_F003,2026-06-09,38,34,17.056933403015137,2.3643319606781006,34.39799880981445,1.0,8649,1.0124000310897827,30.902414657763902,32.10282,37.808933,39.212856,42.173817,45.010754,36.521866,1.0,35.19442366539281,35.0,36.0,36.0,36.0,36.544052,0
Loundoungou,BIO_FP_FH__L2A_20260609T043753_20260621T043821_T_G01_M03_C___T033_F003,2026-06-09,38,35,17.057766914367676,2.3643319606781006,34.34320068359375,1.0,8649,1.0808000564575195,31.855294867903805,33.039448,38.78347,40.124584,42.711098,45.286526,38.004448,1.0,35.56751920171026,35.0,37.0,37.0,37.0,37.0,0
Loundoungou,BIO_FP_FH__L2A_20260609T043753_20260621T043821_T_G01_M03_C___T033_F003,2026-06-09,38,36,17.058600425720215,2.3643319606781006,35.39419937133789,1.0,8649,1.0413999557495117,30.516548155856167,32.537308,39.32127,40.248817,43.107006,46.920242,38.81514,1.0,35.79505561434309,36.0,37.0,37.0,37.0,37.0,0
Loundoungou,BIO_FP_FH__L2A_20260609T043753_20260621T043821_T_G01_M03_C___T033_F003,2026-06-09,38,37,17.059433937072754,2.3643319606781006,31.12660026550293,1.0,8649,5.559199810028076,29.27788165539369,31.936687,39.929737,41.824863,45.180588,47.481823,37.990963,1.0,34.94111913151101,35.0,35.0,35.0,36.0,36.0,0
Loundoungou,BIO_FP_FH__L2A_20260609T043753_20260621T043821_T_G01_M03_C___T033_F003,2026-06-09,39,4,17.031928062438965,2.3634984493255615,36.09831619262695,0.9999999976844536,8649,1.016474723815918,30.06152837460788,32.098312,37.4112,38.288727,39.45082,41.45644,36.562588,1.0,35.43066756713458,35.0,37.0,37.0,38.0,38.0,0
Loundoungou,BIO_FP_FH__L2A_20260609T043753_20260621T043821_T_G01_M03_C___T033_F003,2026-06-09,39,5,17.032761573791504,2.3634984493255615,35.329715728759766,0.9999999991178871,8649,1.0212746858596802,24.3016087356848,25.389263,39.4943,41.921913,45.656143,47.722763,36.67557,1.0,36.447093953919804,37.0,37.0,37.2504333496094,38.0,38.0,0
Loundoungou,BIO_FP_FH__L2A_20260609T043753_20260621T043821_T_G01_M03_C___T033_F003,2026-06-09,39,6,17.033595085144043,2.3634984493255615,36.40211486816406,0.999999991178871,8649,1.0172747373580933,19.436077104565413,18.165394,34.586376,37.285015,41.58185,44.628998,31.369822,1.0,34.965293748431954,35.0,36.0,36.0,37.0,37.0,0
Loundoungou,BIO_FP_FH__L2A_20260609T043753_20260621T043821_T_G01_M03_C___T033_F003,2026-06-09,39,7,17.034428596496582,2.3634984493255615,37.618316650390625,1.0,8649,1.0142747163772583,23.142885636616228,25.591555,38.627705,40.38636,42.45405,45.52023,35.90895,1.0,33.6213349827398,34.0,36.0,36.0,37.0,37.0,0
Loundoungou,BIO_FP_FH__L2A_20260609T043753_20260621T043821_T_G01_M03_C___T033_F003,2026-06-09,39,8,17.03526210784912,2.3634984493255615,37.99151611328125,0.9999999964715484,8649,1.0240747928619385,16.805036565503123,15.100086,36.320194,38.15617,40.00354,41.605366,34.253452,1.0,33.36372235364646,34.0,35.0010025024414,36.0,36.0,36.0,0
Loundoungou,BIO_FP_FH__L2A_20260609T043753_20260621T043821_T_G01_M03_C___T033_F003,2026-06-09,39,9,17.03609561920166,2.3634984493255615,37.440914154052734,1.0000000035284515,8649,1.040474772453308,25.832995639931152,28.813913,39.92437,42.18933,44.507626,46.48901,37.983788,1.0,34.887247026690254,35.0,36.0,36.0,36.0,36.52419,0
Loundoungou,BIO_FP_FH__L2A_20260609T043753_20260621T043821_T_G01_M03_C___T033_F003,2026-06-09,39,10,17.0369291305542,2.3634984493255615,37.3256950378418,1.0,8649,1.0381014347076416,34.378799436712335,35.211586,40.317295,41.633537,45.009075,49.801197,39.596035,1.0,33.21017214598332,35.0,37.0,37.0,37.0,37.0,0
Loundoungou,BIO_FP_FH__L2A_20260609T043753_20260621T043821_T_G01_M03_C___T033_F003,2026-06-09,39,11,17.03776264190674,2.3634984493255615,37.12529373168945,1.0,8649,1.0367014408111572,35.86582975181379,36.353527,40.843678,42.603516,45.842457,48.783043,40.167027,1.0,35.06817230178739,35.0,37.0,37.0,38.0,38.0,0
Loundoungou,BIO_FP_FH__L2A_20260609T043753_20260621T043821_T_G01_M03_C___T033_F003,2026-06-09,39,13,17.039429664611816,2.3634984493255615,37.32969284057617,0.9709365461889561,8455,1.0109014511108398,28.410555657119744,31.657751,39.02763,40.28469,41.772823,43.6373,37.87667,1.0,39.57626787049603,39.0,41.0,41.0,41.0,41.0,0
Loundoungou,BIO_FP_FH__L2A_20260609T043753_20260621T043821_T_G01_M03_C___T033_F003,2026-06-09,39,14,17.040263175964355,2.3634984493255615,37.155094146728516,0.999999943544774,8649,1.0101014375686646,32.09485155972531,34.3394,42.27297,44.182022,47.13893,49.7743,41.34143,1.0,39.0149716150004,39.0,40.0,41.0,41.0,41.0,0
Loundoungou,BIO_FP_FH__L2A_20260609T043753_20260621T043821_T_G01_M03_C___T033_F003,2026-06-09,39,15,17.041096687316895,2.3634984493255615,37.02229309082031,1.000000028227613,8649,1.0101014375686646,34.42655055332471,37.337467,41.904907,42.664402,43.805492,46.077034,41.171597,1.0,38.029742829385334,38.0,39.0,39.0,39.0,39.0,0
Loundoungou,BIO_FP_FH__L2A_20260609T043753_20260621T043821_T_G01_M03_C___T033_F003,2026-06-09,39,16,17.041930198669434,2.3634984493255615,36.83549499511719,1.0,8649,1.0101014375686646,30.651923497297375,34.008926,41.04158,43.12099,46.020824,47.975098,39.589054,1.0,37.1348058356758,37.0,38.0,38.0,38.0,38.0,0
Loundoungou,BIO_FP_FH__L2A_20260609T043753_20260621T043821_T_G01_M03_C___T033_F003,2026-06-09,39,17,17.042763710021973,2.3634984493255615,36.41329574584961,1.0,8649,1.0101014375686646,32.70387359629726,35.771877,41.51338,42.809467,44.626793,46.209713,40.90243,1.0,36.90351325352766,37.0,37.79368591308594,38.0,38.0,38.0,0
Loundoungou,BIO_FP_FH__L2A_20260609T043753_20260621T043821_T_G01_M03_C___T033_F003,2026-06-09,39,18,17.04359722137451,2.3634984493255615,35.54215621948242,1.0,8649,1.0103014707565308,29.031329037316453,30.511347,40.796993,44.82075,48.200596,49.780193,38.02225,1.0,37.55342999556558,38.0,38.0,38.0,39.0,39.0,0
Loundoungou,BIO_FP_FH__L2A_20260609T043753_20260621T043821_T_G01_M03_C___T033_F003,2026-06-09,39,19,17.04443073272705,2.3634984493255615,34.321956634521484,1.0,8649,1.0297014713287354,29.1009694943057,32.785294,38.857464,40.55329,43.384014,45.36695,37.398796,1.0,38.128755099953416,38.0,39.0,39.0,39.283756256103516,40.0,0
Loundoungou,BIO_FP_FH__L2A_20260609T043753_20260621T043821_T_G01_M03_C___T033_F003,2026-06-09,39,20,17.04526424407959,2.3634984493255615,33.51795959472656,1.0,8649,1.0439014434814453,32.28154085732454,33.95401,43.12095,44.62062,46.344204,47.807865,42.340927,1.0,36.188383567511025,36.0,37.716243743896484,38.0,38.0,38.0,0
Loundoungou,BIO_FP_FH__L2A_20260609T043753_20260621T043821_T_G01_M03_C___T033_F003,2026-06-09,39,21,17.04609775543213,2.3634984493255615,33.22755813598633,1.0,8649,1.0535014867782593,30.55162672346514,31.953747,40.87529,45.75702,49.195835,50.785313,39.97234,1.0,35.72431537426611,36.0,37.0,37.0,37.0,37.52419,0
Loundoungou,BIO_FP_FH__L2A_20260609T043753_20260621T043821_T_G01_M03_C___T033_F003,2026-06-09,39,22,17.046931266784668,2.3634984493255615,34.38535690307617,1.0,8649,1.0351014137268066,29.027115219245,30.618055,39.83998,43.231125,46.366123,47.963306,38.28524,1.0,36.591262242686255,37.0,37.0,37.0,37.0,37.0,0
Loundoungou,BIO_FP_FH__L2A_20260609T043753_20260621T043821_T_G01_M03_C___T033_F003,2026-06-09,39,23,17.047764778137207,2.3634984493255615,35.66035842895508,1.0,8649,1.01470148563385,30.670488459648514,32.902477,39.296543,40.500874,42.503975,45.204754,38.330425,1.0,36.58926461553116,37.0,37.0,37.0,37.0,37.0,0
Loundoungou,BIO_FP_FH__L2A_20260609T043753_20260621T043821_T_G01_M03_C___T033_F003,2026-06-09,39,24,17.048598289489746,2.3634984493255615,34.919158935546875,1.0,8649,1.0167014598846436,30.325648196323275,31.536232,38.192654,39.555748,41.63668,43.60829,36.949516,1.0,36.69203513254939,37.0,37.0,38.0,38.0,38.0,0
Loundoungou,BIO_FP_FH__L2A_20260609T043753_20260621T043821_T_G01_M03_C___T033_F003,2026-06-09,39,25,17.049431800842285,2.3634984493255615,33.251556396484375,1.0000000141138066,8649,1.027701497077942,33.31876651147737,35.692535,40.860973,42.85229,45.47665,48.113037,39.860107,1.0,36.05182684400975,36.0,37.0,37.0,38.0,38.0,0
Loundoungou,BIO_FP_FH__L2A_20260609T043753_20260621T043821_T_G01_M03_C___T033_F003,2026-06-09,39,26,17.050265312194824,2.3634984493255615,31.948060989379883,1.0,8649,1.0300650596618652,35.60421228248931,37.51177,40.95449,41.811672,44.00914,47.908527,40.375477,1.0,35.03601968945871,35.0,36.0,36.0,36.0,37.0,0
Loundoungou,BIO_FP_FH__L2A_20260609T043753_20260621T043821_T_G01_M03_C___T033_F003,2026-06-09,39,27,17.051098823547363,2.3634984493255615,32.26966094970703,1.0,8649,1.0452650785446167,32.64710515666551,35.174484,39.349674,40.53611,42.625027,43.776127,38.79128,1.0,34.365528781946885,34.0,35.0,35.0,36.0,36.0,0
Loundoungou,BIO_FP_FH__L2A_20260609T043753_20260621T043821_T_G01_M03_C___T033_F003,2026-06-09,39,28,17.051932334899902,2.3634984493255615,32.036460876464844,1.0,8649,0.8674651384353638,30.420732346224998,32.44199,37.456394,38.694183,41.972267,44.64133,36.078773,1.0,34.1452901008598,34.0,35.0,35.0,35.29630661010742,36.0,0
Loundoungou,BIO_FP_FH__L2A_20260609T043753_20260621T043821_T_G01_M03_C___T033_F003,2026-06-09,39,29,17.05276584625244,2.3634984493255615,30.468660354614258,1.0,8649,0.4270651042461395,28.201409664412072,29.739231,36.211372,37.574844,39.19812,41.545868,35.469532,1.0,33.41152519021424,34.0,34.72014236450195,35.0,35.0,35.0,0
Loundoungou,BIO_FP_FH__L2A_20260609T043753_20260621T043821_T_G01_M03_C___T033_F003,2026-06-09,39,30,17.05359935760498,2.3634984493255615,30.848661422729492,1.0,8649,0.2158651053905487,27.151866816250433,28.42963,35.926632,36.794914,38.214794,40.044174,34.805546,1.0,34.14938619611222,34.0,35.0,35.0,35.0,35.0,0
Loundoungou,BIO_FP_FH__L2A_20260609T043753_20260621T043821_T_G01_M03_C___T033_F003,2026-06-09,39,31,17.05443286895752,2.3634984493255615,31.56085968017578,1.0,8649,0.1062651127576828,28.51368655335877,29.35676,33.39071,35.015717,36.824474,38.83728,32.85637,1.0,33.6826338638445,34.0,35.0,35.0,35.0,35.0,0
Loundoungou,BIO_FP_FH__L2A_20260609T043753_20260621T043821_T_G01_M03_C___T033_F003,2026-06-09,39,32,17.05526638031006,2.3634984493255615,32.29085922241211,1.0,8649,0.003065112279728055,23.74912833130998,25.123354,31.118235,32.16382,33.53806,36.84283,30.625284,1.0,31.052134283733775,31.0,33.0,33.0,34.0,34.0,0
Loundoungou,BIO_FP_FH__L2A_20260609T043753_20260621T043821_T_G01_M03_C___T033_F003,2026-06-09,39,33,17.056099891662598,2.3634984493255615,33.184059143066406,1.0,8649,0.4364651143550873,23.14023116834316,25.076235,30.80765,31.925976,33.22963,36.766705,29.985657,1.0,31.346171125592157,32.0,33.0,33.0,33.0,33.0,0
Loundoungou,BIO_FP_FH__L2A_20260609T043753_20260621T043821_T_G01_M03_C___T033_F003,2026-06-09,39,34,17.056933403015137,2.3634984493255615,34.07320022583008,1.0,8649,0.8748000264167786,20.379439638975605,20.662848,30.212933,34.1536,37.020744,41.24087,28.290133,1.0,33.55049763658665,34.0,34.0,35.0,35.0,35.52419,0
Loundoungou,BIO_FP_FH__L2A_20260609T043753_20260621T043821_T_G01_M03_C___T033_F003,2026-06-09,39,35,17.057766914367676,2.3634984493255615,34.98640060424805,1.0,8649,1.0579999685287476,23.933821829113192,22.87015,35.45704,36.743797,38.68045,41.738983,34.528324,1.0,33.80971786132064,34.0,35.0,35.0,35.0,35.52419,0
Loundoungou,BIO_FP_FH__L2A_20260609T043753_20260621T043821_T_G01_M03_C___T033_F003,2026-06-09,39,36,17.058600425720215,2.3634984493255615,35.840999603271484,1.0,8649,1.0108000040054321,22.687337408949013,24.501423,33.298687,34.737423,37.551903,45.80393,32.44762,1.0,33.73083361439215,34.0,35.0,35.0,36.0,36.0,0
Loundoungou,BIO_FP_FH__L2A_20260609T043753_20260621T043821_T_G01_M03_C___T033_F003,2026-06-09,39,37,17.059433937072754,2.3634984493255615,34.9203987121582,1.0,8649,1.0252000093460083,24.917071337726906,26.414776,33.94236,35.623302,39.833076,46.266792,32.44045,1.0,34.50546321324192,35.0,36.0,36.0,36.0,36.0,0
Loundoungou,BIO_FP_FH__L2A_20260609T043753_20260621T043821_T_G01_M03_C___T033_F003,2026-06-09,40,3,17.031094551086426,2.3626649379730225,36.607913970947266,0.9999999900762298,8649,1.0196747779846191,26.886834637121694,28.362707,38.66992,39.899155,41.672928,43.558052,36.27413,1.0,36.22919069454014,36.0,37.0,37.0,38.0,38.0,0
Loundoungou,BIO_FP_FH__L2A_20260609T043753_20260621T043821_T_G01_M03_C___T033_F003,2026-06-09,40,4,17.031928062438965,2.3626649379730225,35.687713623046875,0.9999999955894354,8649,1.0256747007369995,27.602178943443846,29.585907,38.415253,40.00599,42.074257,43.14355,37.046265,1.0,37.00202132467728,37.0,38.0,38.0,38.0,38.0,0
Loundoungou,BIO_FP_FH__L2A_20260609T043753_20260621T043821_T_G01_M03_C___T033_F003,2026-06-09,40,5,17.032761573791504,2.3626649379730225,35.86691665649414,1.0000000070569033,8649,1.0222747325897217,24.743369046179858,26.29569,39.374092,40.763977,42.837437,44.23045,35.62774,1.0,36.540392123339345,36.0,38.0,38.0,38.0,38.0,0
Loundoungou,BIO_FP_FH__L2A_20260609T043753_20260621T043821_T_G01_M03_C___T033_F003,2026-06-09,40,6,17.033595085144043,2.3626649379730225,36.65791320800781,1.0,8649,1.0182747840881348,21.6192943525805,24.22583,36.080765,37.962124,41.53787,58.49539,33.769817,1.0,37.105313877878004,37.0,38.0,38.0,38.0,38.0,0
Loundoungou,BIO_FP_FH__L2A_20260609T043753_20260621T043821_T_G01_M03_C___T033_F003,2026-06-09,40,7,17.034428596496582,2.3626649379730225,37.441715240478516,1.0000000211707099,8649,1.0234746932983398,26.936985517802277,30.196552,41.854763,44.753353,48.938866,51.75521,39.54293,1.0,36.68498270601768,37.0,37.0,37.0,38.0,38.0,0
Loundoungou,BIO_FP_FH__L2A_20260609T043753_20260621T043821_T_G01_M03_C___T033_F003,2026-06-09,40,8,17.03526210784912,2.3626649379730225,38.130714416503906,1.0000000105853548,8649,1.030274748802185,21.105976397799186,22.271494,36.86486,38.487003,41.53298,44.029938,34.363426,1.0,35.08894162636187,35.0,36.52201843261717,37.0,37.0,37.0,0
Loundoungou,BIO_FP_FH__L2A_20260609T043753_20260621T043821_T_G01_M03_C___T033_F003,2026-06-09,40,9,17.03609561920166,2.3626649379730225,37.9691162109375,1.0,8649,1.0298748016357422,23.318480979556885,28.504295,39.439957,41.50504,44.935913,46.841965,37.77625,1.0,33.34989416007982,34.70759201049805,36.0,36.0,36.3228874206543,37.0,0
Loundoungou,BIO_FP_FH__L2A_20260609T043753_20260621T043821_T_G01_M03_C___T033_F003,2026-06-09,40,10,17.0369291305542,2.3626649379730225,37.84549331665039,1.0,8649,1.0275014638900757,24.707300202696842,30.066305,41.496063,46.375195,48.55064,49.8693,39.71543,1.0,33.82114809402111,35.0,35.0,36.0,36.0,36.0,0
Loundoungou,BIO_FP_FH__L2A_20260609T043753_20260621T043821_T_G01_M03_C___T033_F003,2026-06-09,40,11,17.03776264190674,2.3626649379730225,37.81049346923828,1.0,8649,1.0209014415740967,33.318471833810264,34.923157,39.723766,40.729458,42.702793,45.49399,38.89444,1.0,31.82302382728629,36.0,37.0,38.0,39.0,39.0,0
Loundoungou,BIO_FP_FH__L2A_20260609T043753_20260621T043821_T_G01_M03_C___T033_F003,2026-06-09,40,12,17.038596153259277,2.3626649379730225,37.831092834472656,1.0,8649,1.0105013847351074,28.50009190910799,33.255287,40.600838,41.757763,43.04444,45.103985,39.441765,1.0,33.15423250391326,38.0,40.0,40.0,40.0,40.0,0
Loundoungou,BIO_FP_FH__L2A_20260609T043753_20260621T043821_T_G01_M03_C___T033_F003,2026-06-09,40,13,17.039429664611816,2.3626649379730225,37.38029479980469,0.9802304313201852,8519,1.0101014375686646,30.105769991187785,33.525158,40.455257,41.902702,44.058407,47.220654,39.103954,1.0,37.97125687887523,38.0,39.0,39.0,40.0,40.0,0
Loundoungou,BIO_FP_FH__L2A_20260609T043753_20260621T043821_T_G01_M03_C___T033_F003,2026-06-09,40,14,17.040263175964355,2.3626649379730225,37.177696228027344,0.9974264744072653,8640,1.0101014375686646,30.98961253393878,31.539837,41.25241,43.80737,50.122223,52.93258,40.25718,1.0,36.75539332431842,37.0,38.0,38.0,38.0,38.0,0
Loundoungou,BIO_FP_FH__L2A_20260609T043753_20260621T043821_T_G01_M03_C___T033_F003,2026-06-09,40,15,17.041096687316895,2.3626649379730225,37.40929412841797,1.0,8649,1.0101014375686646,30.259422603046595,33.12105,39.86551,40.875385,42.638584,44.729256,39.12118,1.0,36.81957726109743,37.0,37.0,37.564646911621104,38.0,38.0,0
Loundoungou,BIO_FP_FH__L2A_20260609T043753_20260621T043821_T_G01_M03_C___T033_F003,2026-06-09,40,16,17.041930198669434,2.3626649379730225,37.36449432373047,1.0,8649,1.0101014375686646,33.06794770349173,35.86686,42.10225,43.11458,44.43842,45.620052,41.13897,1.0,37.182888374588835,37.0,38.0,38.0,38.0,38.0,0
Loundoungou,BIO_FP_FH__L2A_20260609T043753_20260621T043821_T_G01_M03_C___T033_F003,2026-06-09,40,17,17.042763710021973,2.3626649379730225,36.523094177246094,1.0,8649,1.0101014375686646,33.58215048343739,36.346436,41.50041,42.7924,44.72209,47.256454,40.65952,1.0,37.930264673531845,38.0,39.0,39.0,39.0,40.0,0
Loundoungou,BIO_FP_FH__L2A_20260609T043753_20260621T043821_T_G01_M03_C___T033_F003,2026-06-09,40,18,17.04359722137451,2.3626649379730225,35.66395950317383,1.0,8649,1.0101014375686646,30.75689792533819,32.451992,40.035767,41.931286,43.75439,46.54677,38.891773,1.0,38.360252288190296,38.0,39.0,39.0,40.0,40.0,0
Loundoungou,BIO_FP_FH__L2A_20260609T043753_20260621T043821_T_G01_M03_C___T033_F003,2026-06-09,40,19,17.04443073272705,2.3626649379730225,34.6783561706543,1.0,8649,1.0219014883041382,28.80672982425714,31.198704,38.2476,39.45611,41.628242,45.901,37.031452,1.0,38.165042576396765,38.0,39.0,39.0,39.0,39.0,0
Loundoungou,BIO_FP_FH__L2A_20260609T043753_20260621T043821_T_G01_M03_C___T033_F003,2026-06-09,40,20,17.04526424407959,2.3626649379730225,33.70315933227539,1.0,8649,1.0373014211654663,27.48424176566655,28.899115,38.075195,43.483013,48.03562,49.747673,36.251247,1.0,36.85727946801549,37.0,38.0,39.0,39.0,39.0,0
Loundoungou,BIO_FP_FH__L2A_20260609T043753_20260621T043821_T_G01_M03_C___T033_F003,2026-06-09,40,21,17.04609775543213,2.3626649379730225,34.2115592956543,1.0,8649,1.0385013818740845,30.184041778673834,31.997353,42.29853,45.411373,48.5082,49.944073,40.0244,1.0,36.85952229874164,37.0,38.0,38.0,38.0,38.0,0
Loundoungou,BIO_FP_FH__L2A_20260609T043753_20260621T043821_T_G01_M03_C___T033_F003,2026-06-09,40,22,17.046931266784668,2.3626649379730225,35.66575622558594,1.0,8649,1.0179014205932617,33.61370172852353,36.749813,43.364384,44.714584,46.8989,48.93494,42.60949,1.0,37.75445812056417,38.0,38.0,39.0,39.0,39.0,0
Loundoungou,BIO_FP_FH__L2A_20260609T043753_20260621T043821_T_G01_M03_C___T033_F003,2026-06-09,40,23,17.047764778137207,2.3626649379730225,35.976356506347656,1.0,8649,1.0101014375686646,27.70412990302347,30.39903,37.51725,39.204025,41.942818,44.12037,35.26621,1.0,36.51758854672294,36.0,37.0,38.0,38.0,38.0,0
Loundoungou,BIO_FP_FH__L2A_20260609T043753_20260621T043821_T_G01_M03_C___T033_F003,2026-06-09,40,24,17.048598289489746,2.3626649379730225,35.146759033203125,1.000000084682839,8649,1.0139014720916748,27.332871698989116,29.574615,37.08405,39.757507,42.431965,44.08181,36.080223,1.0,36.94496286175874,37.0,38.0,38.0,38.0,38.0,0
Loundoungou,BIO_FP_FH__L2A_20260609T043753_20260621T043821_T_G01_M03_C___T033_F003,2026-06-09,40,25,17.049431800842285,2.3626649379730225,33.77955627441406,0.9999998588619349,8649,1.0179014205932617,31.776667159050398,34.034298,43.92647,45.221912,46.59943,47.528904,42.6435,1.0,36.96033093887666,37.0,38.0,38.0,39.0,39.0,0
Loundoungou,BIO_FP_FH__L2A_20260609T043753_20260621T043821_T_G01_M03_C___T033_F003,2026-06-09,40,26,17.050265312194824,2.3626649379730225,32.722259521484375,1.0,8649,1.014465093612671,34.31320410957914,35.435616,41.110672,42.117794,43.11035,45.68548,40.10927,1.0,35.00710081307099,35.0,36.0,36.0,37.0,37.0,0
Loundoungou,BIO_FP_FH__L2A_20260609T043753_20260621T043821_T_G01_M03_C___T033_F003,2026-06-09,40,27,17.051098823547363,2.3626649379730225,31.85186004638672,1.0,8649,0.8692651391029358,33.10274534989594,34.737106,39.478992,40.504753,42.062107,44.06743,38.66209,1.0,34.81149838990401,35.0,36.0,36.0,36.0,36.0,0
Loundoungou,BIO_FP_FH__L2A_20260609T043753_20260621T043821_T_G01_M03_C___T033_F003,2026-06-09,40,28,17.051932334899902,2.3626649379730225,30.840660095214844,1.0,8649,0.5692651271820068,30.69227791869002,32.935444,39.114574,40.195484,41.742878,43.49125,38.23358,1.0,34.96580821784993,35.0,36.0,36.0,36.0,36.0,0
Loundoungou,BIO_FP_FH__L2A_20260609T043753_20260621T043821_T_G01_M03_C___T033_F003,2026-06-09,40,29,17.05276584625244,2.3626649379730225,30.085861206054688,1.0,8649,0.33406510949134827,32.74911162056307,33.749138,38.831364,39.754707,41.033672,43.378716,38.05609,1.0,32.570051431848846,34.0,35.0,35.0,35.0,36.0,0
Loundoungou,BIO_FP_FH__L2A_20260609T043753_20260621T043821_T_G01_M03_C___T033_F003,2026-06-09,40,30,17.05359935760498,2.3626649379730225,29.942060470581055,1.0,8649,0.2896651029586792,31.56171053011909,33.064526,39.129906,40.46581,42.154076,43.641567,37.84089,1.0,34.67986053262147,35.0,35.0,35.0,35.0,36.0,0
Loundoungou,BIO_FP_FH__L2A_20260609T043753_20260621T043821_T_G01_M03_C___T033_F003,2026-06-09,40,31,17.05443286895752,2.3626649379730225,30.959659576416016,1.0,8649,0.3952651023864746,31.992640045091918,33.04151,39.16212,40.443752,42.14388,44.538597,38.270576,1.0,34.81502454495041,35.0,36.0,36.0,36.0,36.0,0
Loundoungou,BIO_FP_FH__L2A_20260609T043753_20260621T043821_T_G01_M03_C___T033_F003,2026-06-09,40,32,17.05526638031006,2.3626649379730225,32.3006591796875,1.0,8649,0.5024651288986206,30.705086932015263,31.875025,36.921234,38.162827,42.2178,44.446873,36.369194,1.0,34.32095099316951,35.0,35.0,35.70759201049805,36.0,36.0,0
Loundoungou,BIO_FP_FH__L2A_20260609T043753_20260621T043821_T_G01_M03_C___T033_F003,2026-06-09,40,33,17.056099891662598,2.3626649379730225,33.43305969238281,1.0,8649,0.609865128993988,30.15701327465603,30.871584,38.3448,39.86924,44.253525,47.35894,37.242065,1.0,33.41705182494835,33.0,34.0,35.0,35.412322998046875,36.0,0
Loundoungou,BIO_FP_FH__L2A_20260609T043753_20260621T043821_T_G01_M03_C___T033_F003,2026-06-09,40,34,17.056933403015137,2.3626649379730225,34.53799819946289,1.0,8649,0.7170000076293945,33.52425316510579,34.338615,39.227943,40.681473,42.34813,44.772934,38.38666,1.0,33.00895858331972,34.0,35.0,35.0,35.0,35.0,0
Loundoungou,BIO_FP_FH__L2A_20260609T043753_20260621T043821_T_G01_M03_C___T033_F003,2026-06-09,40,35,17.057766914367676,2.3626649379730225,35.44160079956055,1.0,8649,1.017799973487854,32.63368055555556,33.587856,39.433956,41.187508,43.45102,45.52306,38.22471,1.0,32.365672891629835,32.0,33.0,33.0,33.0,33.0,0
Loundoungou,BIO_FP_FH__L2A_20260609T043753_20260621T043821_T_G01_M03_C___T033_F003,2026-06-09,40,36,17.058600425720215,2.3626649379730225,34.80440139770508,1.0,8649,1.0224000215530396,33.89341975950977,35.21064,40.423656,41.466854,42.63832,45.515465,39.79378,1.0,32.7218005570363,33.0,33.4187026977539,34.0,34.0,34.0,0
Loundoungou,BIO_FP_FH__L2A_20260609T043753_20260621T043821_T_G01_M03_C___T033_F003,2026-06-09,40,37,17.059433937072754,2.3626649379730225,33.905601501464844,1.0,8649,1.0351999998092651,32.38239247311828,33.82032,38.961403,40.110157,41.760876,44.164246,38.492958,1.0,33.336184834755834,33.0,34.0,34.0,34.0,34.0,0
Loundoungou,BIO_FP_FH__L2A_20260609T043753_20260621T043821_T_G01_M03_C___T033_F003,2026-06-09,41,2,17.030261039733887,2.3618314266204834,35.74931335449219,0.9286928907930955,8068,1.0182747840881348,24.875897124515355,26.88504,36.528446,39.869625,43.730076,47.43049,35.31157,1.0,34.39194955383647,34.0,35.0,35.0,36.0,36.0,0
Loundoungou,BIO_FP_FH__L2A_20260609T043753_20260621T043821_T_G01_M03_C___T033_F003,2026-06-09,41,3,17.031094551086426,2.3618314266204834,36.09031677246094,0.9999999938252097,8649,1.0284746885299683,20.880855298020563,22.6169,37.17394,39.276283,42.61031,44.897774,34.87678,1.0,35.24863500172781,35.60768508911133,36.0,36.200260162353516,37.0,37.0,0
Loundoungou,BIO_FP_FH__L2A_20260609T043753_20260621T043821_T_G01_M03_C___T033_F003,2026-06-09,41,4,17.031928062438965,2.3618314266204834,36.13731384277344,0.9999999929430967,8649,1.0268747806549072,28.17568784606833,30.015903,43.682602,45.427975,47.914284,49.402092,42.088818,1.0,37.458208893665564,38.0,38.0,39.0,39.0,39.0,0
Loundoungou,BIO_FP_FH__L2A_20260609T043753_20260621T043821_T_G01_M03_C___T033_F003,2026-06-09,41,5,17.032761573791504,2.3618314266204834,36.29871368408203,1.0,8649,1.020674705505371,24.949394777394787,26.765114,37.46923,39.519253,43.852203,45.224712,36.183716,1.0,38.09410526788584,38.0,39.0,39.0,39.0,39.0,0
Loundoungou,BIO_FP_FH__L2A_20260609T043753_20260621T043821_T_G01_M03_C___T033_F003,2026-06-09,41,6,17.033595085144043,2.3618314266204834,36.6145133972168,0.9999999858861935,8649,1.01907479763031,27.42757555837007,29.385632,40.059772,41.90621,44.20816,55.558918,38.26839,1.0,37.226406896606406,37.0,38.0,38.0,38.0,38.0,0
Loundoungou,BIO_FP_FH__L2A_20260609T043753_20260621T043821_T_G01_M03_C___T033_F003,2026-06-09,41,7,17.034428596496582,2.3618314266204834,37.363914489746094,0.9999999929430967,8649,1.0222747325897217,24.56999663703273,27.85665,37.260735,38.920433,44.32386,52.904945,35.64214,1.0,36.559048117096125,36.0,37.17608947753905,38.0,38.0,38.0,0
Loundoungou,BIO_FP_FH__L2A_20260609T043753_20260621T043821_T_G01_M03_C___T033_F003,2026-06-09,41,8,17.03526210784912,2.3618314266204834,38.32051467895508,1.0,8649,1.0216747522354126,17.31517710681871,17.982193,31.215473,33.116127,37.39893,44.710125,29.26819,1.0,35.506880177998354,36.0,36.0,37.0,38.0,38.0,0
Loundoungou,BIO_FP_FH__L2A_20260609T043753_20260621T043821_T_G01_M03_C___T033_F003,2026-06-09,41,9,17.03609561920166,2.3618314266204834,38.46211624145508,1.0,8649,1.019474744796753,23.118933095589085,25.77361,36.840614,38.955708,43.51558,47.166927,33.9877,1.0,32.770458867087065,36.0,37.833412170410156,38.0,38.0,38.0,0
Loundoungou,BIO_FP_FH__L2A_20260609T043753_20260621T043821_T_G01_M03_C___T033_F003,2026-06-09,41,10,17.0369291305542,2.3618314266204834,38.353294372558594,1.0,8649,1.0173014402389526,23.288346421912937,24.674397,41.93001,44.71548,47.66348,49.27272,39.371616,1.0,36.20540854376525,37.0,38.0,38.0,39.0,39.0,0
Loundoungou,BIO_FP_FH__L2A_20260609T043753_20260621T043821_T_G01_M03_C___T033_F003,2026-06-09,41,11,17.03776264190674,2.3618314266204834,38.28789520263672,1.0,8649,1.0125014781951904,23.098607633469186,29.036472,40.80496,42.162155,43.878216,46.842274,39.489304,1.0,37.65409944622292,38.0,39.0,39.0,39.0,39.0,0
Loundoungou,BIO_FP_FH__L2A_20260609T043753_20260621T043821_T_G01_M03_C___T033_F003,2026-06-09,41,12,17.038596153259277,2.3618314266204834,37.93789291381836,0.9999999858861935,8649,1.0101014375686646,30.124182953493865,33.859734,41.88136,42.94464,44.797054,47.932816,40.482033,1.0,37.19048978452918,37.0,38.0,39.0,39.0,39.0,0
Loundoungou,BIO_FP_FH__L2A_20260609T043753_20260621T043821_T_G01_M03_C___T033_F003,2026-06-09,41,13,17.039429664611816,2.3618314266204834,37.472694396972656,1.0,8649,1.0101014375686646,28.43319969252226,29.709349,36.596294,37.960575,41.495995,44.16984,35.894447,1.0,35.92025221790354,36.0,37.0,37.0,37.56495666503906,38.0,0
Loundoungou,BIO_FP_FH__L2A_20260609T043753_20260621T043821_T_G01_M03_C___T033_F003,2026-06-09,41,14,17.040263175964355,2.3618314266204834,37.54729461669922,1.0,8649,1.0101014375686646,29.249562359087754,29.66379,37.777332,38.987595,41.33352,45.39302,36.685738,1.0,35.11231753856188,35.0,36.0,36.0,37.0,37.0,0
Loundoungou,BIO_FP_FH__L2A_20260609T043753_20260621T043821_T_G01_M03_C___T033_F003,2026-06-09,41,15,17.041096687316895,2.3618314266204834,37.815494537353516,1.0,8649,1.0101014375686646,36.43628237368482,37.3234,41.239624,42.23784,43.934795,45.025936,40.694527,1.0,36.22638235666639,36.0,37.0,38.0,38.0,38.0,0
Loundoungou,BIO_FP_FH__L2A_20260609T043753_20260621T043821_T_G01_M03_C___T033_F003,2026-06-09,41,16,17.041930198669434,2.3618314266204834,37.6818962097168,1.0,8649,1.0101014375686646,33.170259477251705,34.24993,42.866062,44.858677,46.180435,47.69015,41.647186,1.0,37.3052681693453,37.0,38.0,38.24855270385747,39.0,39.0,0
Loundoungou,BIO_FP_FH__L2A_20260609T043753_20260621T043821_T_G01_M03_C___T033_F003,2026-06-09,41,17,17.042763710021973,2.3618314266204834,36.88249588012695,1.0,8649,1.0101014375686646,29.686960288039078,32.766815,41.010113,43.042183,44.645462,46.01484,40.020668,1.0,38.08648529652571,38.0,39.0,40.0,40.0,40.0,0
Loundoungou,BIO_FP_FH__L2A_20260609T043753_20260621T043821_T_G01_M03_C___T033_F003,2026-06-09,41,18,17.04359722137451,2.3618314266204834,35.61275863647461,1.0,8649,1.0101014375686646,24.988644821655683,27.782234,35.79818,37.684097,40.28055,43.179047,34.5652,1.0,38.68264910455025,39.0,40.0,40.0,41.0,41.0,0
Loundoungou,BIO_FP_FH__L2A_20260609T043753_20260621T043821_T_G01_M03_C___T033_F003,2026-06-09,41,19,17.04443073272705,2.3618314266204834,34.393959045410156,1.0,8649,1.0179014205932617,28.300096561018616,31.958265,38.74137,40.222115,43.12782,45.14293,38.2289,1.0,38.11315995285946,38.0,39.0,39.0,40.0,40.0,0
Loundoungou,BIO_FP_FH__L2A_20260609T043753_20260621T043821_T_G01_M03_C___T033_F003,2026-06-09,41,20,17.04526424407959,2.3618314266204834,34.59855651855469,1.0,8649,1.0221014022827148,26.694326565932478,29.370481,40.76323,43.61988,46.91642,48.549583,37.08238,1.0,37.7123861940269,38.0,39.0,39.0,40.0,40.0,0
Loundoungou,BIO_FP_FH__L2A_20260609T043753_20260621T043821_T_G01_M03_C___T033_F003,2026-06-09,41,21,17.04609775543213,2.3618314266204834,35.74075698852539,1.0,8649,1.0175014734268188,27.446223461527346,29.217403,39.583405,41.403847,43.153297,45.244244,38.29306,1.0,38.24700874542967,38.0,39.0,40.0,40.0,40.0,0
Loundoungou,BIO_FP_FH__L2A_20260609T043753_20260621T043821_T_G01_M03_C___T033_F003,2026-06-09,41,22,17.046931266784668,2.3618314266204834,36.27655792236328,1.0,8649,1.0101014375686646,27.428255795467685,30.045132,37.946117,39.03874,41.51933,44.219425,36.887756,1.0,38.04601429376813,38.0,39.0,39.0,39.0,39.0,0
Loundoungou,BIO_FP_FH__L2A_20260609T043753_20260621T043821_T_G01_M03_C___T033_F003,2026-06-09,41,23,17.047764778137207,2.3618314266204834,35.92955780029297,0.999999943544774,8649,1.0101014375686646,31.715284084689394,33.160885,41.355923,43.36163,46.27176,48.309803,39.759296,1.0,36.86312382063269,37.0,38.0,38.0,38.0,38.0,0
Loundoungou,BIO_FP_FH__L2A_20260609T043753_20260621T043821_T_G01_M03_C___T033_F003,2026-06-09,41,24,17.048598289489746,2.3618314266204834,35.61615753173828,1.000000028227613,8649,1.0101014375686646,33.413131626343755,36.160927,43.765087,44.80324,46.113575,48.97893,42.83629,1.0,38.34691551597508,38.0,39.3530387878418,40.0,40.0,40.0,0
Loundoungou,BIO_FP_FH__L2A_20260609T043753_20260621T043821_T_G01_M03_C___T033_F003,2026-06-09,41,25,17.049431800842285,2.3618314266204834,34.768157958984375,1.0,8649,1.0101014375686646,34.33736559139785,36.115677,42.13845,43.344276,45.179028,48.264877,40.835167,1.0,38.375165179611315,39.0,40.0,40.0,40.0,40.0,0
Loundoungou,BIO_FP_FH__L2A_20260609T043753_20260621T043821_T_G01_M03_C___T033_F003,2026-06-09,41,26,17.050265312194824,2.3618314266204834,33.802459716796875,1.0,8649,1.0100650787353516,28.927628464995955,33.162388,39.85788,41.085766,44.1792,48.6477,38.6919,1.0,36.73020403100405,37.0,39.0,39.0,39.0,39.0,0
Loundoungou,BIO_FP_FH__L2A_20260609T043753_20260621T043821_T_G01_M03_C___T033_F003,2026-06-09,41,27,17.051098823547363,2.3618314266204834,33.08346176147461,1.0,8649,1.0130650997161865,29.50354448491155,31.700842,39.239723,40.378548,41.87484,43.513084,37.26283,1.0,36.89811983702844,37.0,38.0,39.0,39.0,39.0,0
Loundoungou,BIO_FP_FH__L2A_20260609T043753_20260621T043821_T_G01_M03_C___T033_F003,2026-06-09,41,28,17.051932334899902,2.3618314266204834,32.75926208496094,1.0,8649,1.0204651355743408,33.10832628772113,34.051445,40.715168,42.834476,46.728764,48.095654,39.226982,1.0,35.20805570108654,35.0,36.0,37.0,37.0,37.0,0
Loundoungou,BIO_FP_FH__L2A_20260609T043753_20260621T043821_T_G01_M03_C___T033_F003,2026-06-09,41,29,17.05276584625244,2.3618314266204834,32.119659423828125,1.0,8649,0.8500651121139526,31.043170633888312,32.6731,39.091377,40.569942,43.442432,45.10736,38.353897,1.0,33.833635957161945,34.0,35.0,35.0,35.0,35.0,0
Loundoungou,BIO_FP_FH__L2A_20260609T043753_20260621T043821_T_G01_M03_C___T033_F003,2026-06-09,41,30,17.05359935760498,2.3618314266204834,31.955659866333008,1.0,8649,0.7994651198387146,31.849316033645508,33.65851,39.8537,41.31591,44.46984,48.17292,38.75257,1.0,35.50122786941026,36.0,37.0,37.0,37.91950607299805,38.0,0
Loundoungou,BIO_FP_FH__L2A_20260609T043753_20260621T043821_T_G01_M03_C___T033_F003,2026-06-09,41,31,17.05443286895752,2.3618314266204834,32.27986145019531,1.0,8649,0.901465117931366,30.91038523239681,33.562904,40.80448,41.891327,44.05415,46.47948,40.19451,1.0,36.43991320465931,36.24013137817383,37.0,38.0,38.0,38.0,0
Loundoungou,BIO_FP_FH__L2A_20260609T043753_20260621T043821_T_G01_M03_C___T033_F003,2026-06-09,41,32,17.05526638031006,2.3618314266204834,32.603858947753906,1.0,8649,1.0034650564193726,32.221606182795696,34.23271,40.90237,42.564625,44.963287,46.653015,39.778004,1.0,35.61368359933907,36.0,37.0,37.0,37.0,37.0,0
Loundoungou,BIO_FP_FH__L2A_20260609T043753_20260621T043821_T_G01_M03_C___T033_F003,2026-06-09,41,33,17.056099891662598,2.3618314266204834,33.3542594909668,1.0,8649,1.0100650787353516,32.51182578910857,34.651646,40.601067,41.53254,42.65754,44.51816,39.53869,1.0,35.21979141632303,35.0,36.0,36.0,37.0,37.0,0
Loundoungou,BIO_FP_FH__L2A_20260609T043753_20260621T043821_T_G01_M03_C___T033_F003,2026-06-09,41,34,17.056933403015137,2.3618314266204834,34.334800720214844,1.0,8649,1.010200023651123,33.07022036507111,34.929993,39.369442,40.441128,41.705563,43.144524,38.547985,1.0,34.50743418691447,35.0,36.0,36.0,37.0,37.0,0
Loundoungou,BIO_FP_FH__L2A_20260609T043753_20260621T043821_T_G01_M03_C___T033_F003,2026-06-09,41,35,17.057766914367676,2.3618314266204834,35.05580139160156,1.0,8649,1.010200023651123,31.747970321713492,34.52787,40.452496,41.55664,43.156536,44.85495,39.393276,1.0,33.6686392175571,34.0,35.0,35.0,36.0,36.0,0
Loundoungou,BIO_FP_FH__L2A_20260609T043753_20260621T043821_T_G01_M03_C___T033_F003,2026-06-09,41,36,17.058600425720215,2.3618314266204834,34.08919906616211,1.0,8649,1.010200023651123,34.031203029251934,35.798412,40.263134,41.1259,43.23981,45.37052,39.289043,1.0,33.36211129041997,33.0,35.0,36.0,36.0,36.0,0
Loundoungou,BIO_FP_FH__L2A_20260609T043753_20260621T043821_T_G01_M03_C___T033_F003,2026-06-09,41,37,17.059433937072754,2.3618314266204834,33.24760055541992,1.0,8649,1.0182000398635864,34.38722142733264,35.944435,40.806007,41.710625,43.12963,45.167515,40.216957,1.0,33.98260840615422,34.0,35.0,35.0,36.0,36.0,0
Loundoungou,BIO_FP_FH__L2A_20260609T043753_20260621T043821_T_G01_M03_C___T033_F003,2026-06-09,42,3,17.031094551086426,2.3609979152679443,35.97471618652344,0.9696225084615093,8423,1.0198746919631958,16.838004343897648,14.712999,34.93077,38.946053,43.05574,46.054787,31.053003,1.0,34.49915143340595,35.0,37.0,37.0,38.0,38.0,0
Loundoungou,BIO_FP_FH__L2A_20260609T043753_20260621T043821_T_G01_M03_C___T033_F003,2026-06-09,42,4,17.031928062438965,2.3609979152679443,36.254913330078125,1.0,8649,1.0176748037338257,30.748153575377213,35.59315,44.062794,45.43682,47.55827,49.295246,42.703632,1.0,38.272592015949506,38.0,39.0,39.0,40.0,40.0,0
Loundoungou,BIO_FP_FH__L2A_20260609T043753_20260621T043821_T_G01_M03_C___T033_F003,2026-06-09,42,5,17.032761573791504,2.3609979152679443,36.41291427612305,0.999999961187032,8649,1.0140748023986816,22.333259340523686,24.737099,36.627056,39.74557,42.450596,44.535767,33.683426,1.0,38.10875741422955,38.0,39.0,39.0,39.0,39.0,0
Loundoungou,BIO_FP_FH__L2A_20260609T043753_20260621T043821_T_G01_M03_C___T033_F003,2026-06-09,42,6,17.033595085144043,2.3609979152679443,36.583316802978516,0.9999999964715484,8649,1.0130747556686401,25.697879835622565,30.171152,38.685593,40.704224,42.27132,44.664104,36.90282,1.0,37.43417144265529,37.0,38.0,38.0,38.94861602783203,39.0,0
Loundoungou,BIO_FP_FH__L2A_20260609T043753_20260621T043821_T_G01_M03_C___T033_F003,2026-06-09,42,7,17.034428596496582,2.3609979152679443,37.47491455078125,1.0,8649,1.0136747360229492,19.323069660329228,19.880161,36.19269,37.97418,40.78747,42.706482,32.507423,1.0,37.57696514899282,38.0,38.747314453125,39.0,39.0,39.0,0
Loundoungou,BIO_FP_FH__L2A_20260609T043753_20260621T043821_T_G01_M03_C___T033_F003,2026-06-09,42,8,17.03526210784912,2.3609979152679443,38.521114349365234,1.0,8649,1.0114747285842896,27.388447521931727,29.900742,41.13398,42.728397,45.71651,47.23431,39.161785,1.0,37.91213815966732,38.0,39.0,39.0,39.0,39.0,0
Loundoungou,BIO_FP_FH__L2A_20260609T043753_20260621T043821_T_G01_M03_C___T033_F003,2026-06-09,42,9,17.03609561920166,2.3609979152679443,38.79371643066406,1.0,8649,1.0114747285842896,21.189551357093304,22.939577,35.904118,37.61307,41.380005,43.455772,34.670395,1.0,38.34290699292255,38.0,39.0,40.0,40.0,40.0,0
Loundoungou,BIO_FP_FH__L2A_20260609T043753_20260621T043821_T_G01_M03_C___T033_F003,2026-06-09,42,10,17.0369291305542,2.3609979152679443,38.270694732666016,1.0,8649,1.0149013996124268,27.379266660163026,31.212133,39.13977,39.967888,42.095768,43.47288,38.462627,1.0,38.30818752465682,38.342750549316406,40.0,40.0,40.0,40.0,0
Loundoungou,BIO_FP_FH__L2A_20260609T043753_20260621T043821_T_G01_M03_C___T033_F003,2026-06-09,42,11,17.03776264190674,2.3609979152679443,37.97109603881836,0.9999999788292903,8649,1.0239014625549316,25.27736054424476,26.859915,38.875668,40.34965,42.270027,46.959084,37.41797,1.0,37.73112944021764,38.0,39.0,39.0,39.0,39.0,0
Loundoungou,BIO_FP_FH__L2A_20260609T043753_20260621T043821_T_G01_M03_C___T033_F003,2026-06-09,42,12,17.038596153259277,2.3609979152679443,37.28829574584961,0.9999999858861935,8649,1.0295014381408691,22.006064279328495,22.190405,43.66293,45.32878,64.601326,72.282036,39.775238,1.0,34.347639642901356,34.0,36.0,36.0,37.0,37.0,0
Loundoungou,BIO_FP_FH__L2A_20260609T043753_20260621T043821_T_G01_M03_C___T033_F003,2026-06-09,42,13,17.039429664611816,2.3609979152679443,37.389495849609375,1.0,8649,1.021701455116272,21.140439149395885,24.472172,36.576332,38.465458,40.55801,42.222206,34.980812,1.0,33.694686408455844,34.0,35.0,35.0,35.0,35.0,0
Loundoungou,BIO_FP_FH__L2A_20260609T043753_20260621T043821_T_G01_M03_C___T033_F003,2026-06-09,42,14,17.040263175964355,2.3609979152679443,37.985694885253906,1.0,8649,1.0101014375686646,26.699634712105446,26.149332,47.147038,50.8419,53.906258,54.651394,39.754593,1.0,34.57149881483544,34.0,36.0,36.0,36.0,36.0,0
Loundoungou,BIO_FP_FH__L2A_20260609T043753_20260621T043821_T_G01_M03_C___T033_F003,2026-06-09,42,15,17.041096687316895,2.3609979152679443,38.106693267822266,0.9398580359949489,8188,1.0101014375686646,26.45616522844026,27.779736,38.902287,40.49916,43.36594,45.66653,38.058865,1.0,36.20398031982994,37.0,38.0,38.0,38.84871292114258,39.0,0
Loundoungou,BIO_FP_FH__L2A_20260609T043753_20260621T043821_T_G01_M03_C___T033_F003,2026-06-09,42,16,17.041930198669434,2.3609979152679443,38.09009552001953,1.0,8649,1.0101014375686646,30.179963001503065,32.393562,40.674335,42.102146,44.20504,46.93702,39.307926,1.0,38.14335096418575,38.43211364746094,40.0,40.0,40.0,40.0,0
Loundoungou,BIO_FP_FH__L2A_20260609T043753_20260621T043821_T_G01_M03_C___T033_F003,2026-06-09,42,17,17.042763710021973,2.3609979152679443,36.93669509887695,1.0,8649,1.0101014375686646,31.658409751127298,35.465546,40.487324,41.909107,43.742775,45.67184,39.36981,1.0,39.01114381086015,39.0,40.0,40.0,40.0,40.0,0
Loundoungou,BIO_FP_FH__L2A_20260609T043753_20260621T043821_T_G01_M03_C___T033_F003,2026-06-09,42,18,17.04359722137451,2.3609979152679443,35.46255874633789,1.0,8649,1.0101014375686646,32.316152427303734,34.306816,42.757153,43.853,45.716984,47.202427,41.97206,1.0,38.25683451597505,38.0,40.0,40.0,40.0,40.0,0
Loundoungou,BIO_FP_FH__L2A_20260609T043753_20260621T043821_T_G01_M03_C___T033_F003,2026-06-09,42,19,17.04443073272705,2.3609979152679443,34.59575653076172,1.0,8649,1.0101014375686646,30.236788122181753,32.296963,39.116173,40.866867,46.005917,48.897396,38.386566,1.0,37.52212317558586,37.9884147644043,38.0,38.0,38.0,38.0,0
Loundoungou,BIO_FP_FH__L2A_20260609T043753_20260621T043821_T_G01_M03_C___T033_F003,2026-06-09,42,20,17.04526424407959,2.3609979152679443,35.34355926513672,1.0,8649,1.0101014375686646,24.646726229188346,26.012741,38.034195,39.66513,42.892696,44.56015,36.812183,1.0,37.30987127266367,37.0,39.0,39.0,40.0,40.0,0
Loundoungou,BIO_FP_FH__L2A_20260609T043753_20260621T043821_T_G01_M03_C___T033_F003,2026-06-09,42,21,17.04609775543213,2.3609979152679443,36.22855758666992,1.0,8649,1.0101014375686646,30.66846058792924,32.161297,42.20045,44.07267,46.001293,48.11824,41.324738,1.0,38.18241361877604,38.0,39.0,39.0,40.0,40.0,0
Loundoungou,BIO_FP_FH__L2A_20260609T043753_20260621T043821_T_G01_M03_C___T033_F003,2026-06-09,42,22,17.046931266784668,2.3609979152679443,36.626956939697266,1.0000000705690326,8649,1.0101014375686646,30.64662741513852,33.129845,40.895924,41.913338,43.509865,44.525085,40.17424,1.0,38.616036154545995,39.0,40.0,40.0,40.0,40.0,0
Loundoungou,BIO_FP_FH__L2A_20260609T043753_20260621T043821_T_G01_M03_C___T033_F003,2026-06-09,42,23,17.047764778137207,2.3609979152679443,36.4007568359375,0.9999998729757414,8649,1.0101014375686646,30.01255990623576,32.704975,42.43079,44.006096,45.55903,46.985825,40.877064,1.0,37.29846002678194,39.0,40.0,40.0,40.0,40.0,0
Loundoungou,BIO_FP_FH__L2A_20260609T043753_20260621T043821_T_G01_M03_C___T033_F003,2026-06-09,42,24,17.048598289489746,2.3609979152679443,36.132957458496094,1.0,8649,1.0101014375686646,31.193506384408604,34.289112,42.90642,45.42192,47.618958,48.84112,41.145008,1.0,39.16201567784915,39.0,40.0,40.0,41.0,41.0,0
Loundoungou,BIO_FP_FH__L2A_20260609T043753_20260621T043821_T_G01_M03_C___T033_F003,2026-06-09,42,25,17.049431800842285,2.3609979152679443,35.50175857543945,1.0,8649,1.0101014375686646,31.286431234824835,33.836548,43.40951,45.84247,49.81748,51.381126,41.20619,1.0,37.461805999258345,37.0,39.0,39.0,39.0,39.0,0
Loundoungou,BIO_FP_FH__L2A_20260609T043753_20260621T043821_T_G01_M03_C___T033_F003,2026-06-09,42,26,17.050265312194824,2.3609979152679443,34.853858947753906,1.0,8649,1.0100650787353516,35.936743048329284,37.986965,45.297737,46.226562,48.423294,51.23671,43.89352,1.0,37.81772576917705,38.0,39.0,39.0,39.0,39.0,0
Loundoungou,BIO_FP_FH__L2A_20260609T043753_20260621T043821_T_G01_M03_C___T033_F003,2026-06-09,42,27,17.051098823547363,2.3609979152679443,34.200260162353516,1.0,8649,1.012065052986145,31.303398514279106,32.962017,43.135128,47.808723,51.245903,53.686802,39.582302,1.0,38.381797596462505,39.0,39.0,39.0,39.0,39.0,0
Loundoungou,BIO_FP_FH__L2A_20260609T043753_20260621T043821_T_G01_M03_C___T033_F003,2026-06-09,42,28,17.051932334899902,2.3609979152679443,33.83406066894531,1.0,8649,1.0182651281356812,30.479131890247427,34.248783,39.602207,40.83302,42.442364,44.366528,38.552345,1.0,36.60472933693916,37.0,37.0,37.0,37.0,38.0,0
Loundoungou,BIO_FP_FH__L2A_20260609T043753_20260621T043821_T_G01_M03_C___T033_F003,2026-06-09,42,29,17.05276584625244,2.3609979152679443,33.437660217285156,1.0,8649,1.0234651565551758,32.42039271158515,34.602192,39.647327,41.951557,44.585953,45.564705,38.78346,1.0,35.59650678763653,36.0,37.0,37.0,37.0,37.0,0
Loundoungou,BIO_FP_FH__L2A_20260609T043753_20260621T043821_T_G01_M03_C___T033_F003,2026-06-09,42,30,17.05359935760498,2.3609979152679443,33.44626235961914,1.0,8649,1.025265097618103,25.74800283992369,28.225183,38.587402,40.73363,42.147213,44.236565,37.428673,1.0,36.70182876683946,37.0,37.0,38.0,38.0,38.0,0
Loundoungou,BIO_FP_FH__L2A_20260609T043753_20260621T043821_T_G01_M03_C___T033_F003,2026-06-09,42,31,17.05443286895752,2.3609979152679443,33.72026062011719,1.0,8649,1.0196651220321655,30.194497738177823,33.84658,39.299458,40.690086,42.484573,44.258972,38.843433,1.0,36.177187412070985,36.0,37.0,37.0,38.0,38.0,0
Loundoungou,BIO_FP_FH__L2A_20260609T043753_20260621T043821_T_G01_M03_C___T033_F003,2026-06-09,42,32,17.05526638031006,2.3609979152679443,33.88426208496094,1.0,8649,1.0122650861740112,30.981552238698114,33.276104,39.61433,41.005196,43.17065,45.775486,38.4409,1.0,35.83366042344553,36.0,37.0,37.0,37.0,37.0,0
Loundoungou,BIO_FP_FH__L2A_20260609T043753_20260621T043821_T_G01_M03_C___T033_F003,2026-06-09,42,33,17.056099891662598,2.3609979152679443,33.95246124267578,1.0,8649,1.0100650787353516,34.946850791999076,36.196476,40.124123,40.952164,42.38734,44.03091,39.553772,1.0,36.398513012834336,36.0,37.0,38.0,38.0,38.0,0
Loundoungou,BIO_FP_FH__L2A_20260609T043753_20260621T043821_T_G01_M03_C___T033_F003,2026-06-09,42,34,17.056933403015137,2.3609979152679443,33.983001708984375,1.0,8649,1.010200023651123,32.473850842582955,33.871475,39.44396,40.31152,41.388725,43.029896,38.64003,1.0,36.822781876727106,37.0,38.0,38.0,39.0,39.0,0
Loundoungou,BIO_FP_FH__L2A_20260609T043753_20260621T043821_T_G01_M03_C___T033_F003,2026-06-09,42,35,17.057766914367676,2.3609979152679443,34.654998779296875,1.0,8649,1.010200023651123,28.2625348667476,30.381544,37.196598,38.51322,40.919613,42.942223,35.555214,1.0,35.92364988217865,36.0,37.0,37.0,37.0,37.0,0
Loundoungou,BIO_FP_FH__L2A_20260609T043753_20260621T043821_T_G01_M03_C___T033_F003,2026-06-09,42,36,17.058600425720215,2.3609979152679443,33.68840026855469,1.0,8649,1.010200023651123,30.170955457278296,32.508293,39.32954,40.67251,42.42146,43.921963,37.975975,1.0,35.792082185951436,36.0,37.0,37.0,37.0,37.0,0
Loundoungou,BIO_FP_FH__L2A_20260609T043753_20260621T043821_T_G01_M03_C___T033_F003,2026-06-09,42,37,17.059433937072754,2.3609979152679443,32.742000579833984,1.0,8649,1.010200023651123,31.09426035524338,32.185818,39.65961,40.986767,43.02022,46.057384,38.694332,1.0,34.99646331781817,35.0,36.0,36.0,36.0,36.0,0
Loundoungou,BIO_FP_FH__L2A_20260609T043753_20260621T043821_T_G01_M03_C___T033_F003,2026-06-09,42,38,17.060267448425293,2.3609979152679443,24.2716007232666,1.0,8649,16.3257999420166,34.08274710226616,35.457417,39.869034,41.16873,43.52086,45.048084,39.239677,1.0,32.8219003038939,33.0,34.0,35.0,35.0,35.0,0
Loundoungou,BIO_FP_FH__L2A_20260609T043753_20260621T043821_T_G01_M03_C___T033_F003,2026-06-09,43,4,17.031928062438965,2.3601644039154053,36.35643768310547,0.9300494626817407,8091,1.0101014375686646,32.3523184488143,33.02245,44.595695,47.123238,50.71632,52.027763,41.97941,1.0,37.64058249097902,38.0,38.555259704589844,39.0,39.0,39.0,0
Loundoungou,BIO_FP_FH__L2A_20260609T043753_20260621T043821_T_G01_M03_C___T033_F003,2026-06-09,43,5,17.032761573791504,2.3601644039154053,36.29623794555664,0.9999999964715484,8649,1.0101014375686646,28.31152974747073,32.18388,41.480164,43.169487,46.50456,51.05546,39.529053,1.0,38.31468317784082,38.0,39.0,40.0,40.0,40.0,0
Loundoungou,BIO_FP_FH__L2A_20260609T043753_20260621T043821_T_G01_M03_C___T033_F003,2026-06-09,43,6,17.033595085144043,2.3601644039154053,36.60043716430664,1.0,8649,1.0101014375686646,27.967606781672735,30.550982,37.362804,38.78866,40.92962,42.907658,36.575016,1.0,38.16287115271043,38.0,39.0,39.0,39.0,39.0,0
Loundoungou,BIO_FP_FH__L2A_20260609T043753_20260621T043821_T_G01_M03_C___T033_F003,2026-06-09,43,7,17.034428596496582,2.3601644039154053,37.69023895263672,1.0,8649,1.0101014375686646,25.832167081273848,28.792898,42.6207,45.873695,48.76917,49.972683,39.99933,1.0,36.433483180234525,38.0,38.44653854370117,39.0,39.0,39.0,0
Loundoungou,BIO_FP_FH__L2A_20260609T043753_20260621T043821_T_G01_M03_C___T033_F003,2026-06-09,43,8,17.03526210784912,2.3601644039154053,38.17863845825195,1.0,8649,1.0145014524459839,23.442179122044458,24.786215,38.29712,40.00375,42.17618,43.57975,36.108562,1.0,38.3969990031983,38.0,39.0,40.0,40.0,40.0,0
Loundoungou,BIO_FP_FH__L2A_20260609T043753_20260621T043821_T_G01_M03_C___T033_F003,2026-06-09,43,9,17.03609561920166,2.3601644039154053,37.35023880004883,1.0,8649,1.0271013975143433,26.259622002904962,30.694407,38.41843,41.316013,43.06944,44.415188,36.666435,1.0,39.386908594370304,39.0,40.0,40.0,40.0,40.0,0
Loundoungou,BIO_FP_FH__L2A_20260609T043753_20260621T043821_T_G01_M03_C___T033_F003,2026-06-09,43,10,17.0369291305542,2.3601644039154053,36.95960235595703,0.9999999929430967,8649,1.0337014198303223,24.175851199266024,26.719925,37.503395,40.209698,43.042168,44.46857,34.185226,1.0,38.272531716034365,38.0,39.0,39.0,40.0,40.0,0
Loundoungou,BIO_FP_FH__L2A_20260609T043753_20260621T043821_T_G01_M03_C___T033_F003,2026-06-09,43,11,17.03776264190674,2.3601644039154053,36.88140106201172,0.9999999858861935,8649,1.0481014251708984,22.5562173033379,24.06647,35.541412,38.43717,41.050774,43.30632,34.15093,1.0,39.17965079748723,39.0,41.0,42.0,42.0,42.0,0
Loundoungou,BIO_FP_FH__L2A_20260609T043753_20260621T043821_T_G01_M03_C___T033_F003,2026-06-09,43,12,17.038596153259277,2.3601644039154053,36.789798736572266,1.0,8649,1.0489014387130737,25.208371497066135,27.541508,38.73609,42.264317,44.7955,47.554974,37.56611,1.0,38.24024349340112,39.0,39.0,40.0,40.0,40.0,0
Loundoungou,BIO_FP_FH__L2A_20260609T043753_20260621T043821_T_G01_M03_C___T033_F003,2026-06-09,43,13,17.039429664611816,2.3601644039154053,37.66080093383789,1.0,8649,1.0275014638900757,17.934707047057465,20.004492,35.363567,37.44824,39.04403,40.58719,32.839687,1.0,34.36550040018464,34.0,37.0,37.0,38.0,38.0,0
Loundoungou,BIO_FP_FH__L2A_20260609T043753_20260621T043821_T_G01_M03_C___T033_F003,2026-06-09,43,14,17.040263175964355,2.3601644039154053,38.32939910888672,1.0,8649,1.0101014375686646,22.76968796970748,23.494658,37.936954,39.25535,41.581753,42.92838,36.78697,1.0,33.53045895444491,34.0,35.0,36.0,36.0,36.0,0
Loundoungou,BIO_FP_FH__L2A_20260609T043753_20260621T043821_T_G01_M03_C___T033_F003,2026-06-09,43,15,17.041096687316895,2.3601644039154053,38.28839874267578,0.9779058662173734,8513,1.0101014375686646,26.23798523423835,28.775272,38.999958,42.357624,44.729343,47.843983,37.857212,1.0,37.209614432082724,37.0,39.0,39.0,39.0,39.0,0
Loundoungou,BIO_FP_FH__L2A_20260609T043753_20260621T043821_T_G01_M03_C___T033_F003,2026-06-09,43,16,17.041930198669434,2.3601644039154053,38.350799560546875,0.9628168239057622,8390,1.0101014375686646,26.904884559714173,30.03366,38.444843,39.809914,45.04906,51.038845,37.836357,1.0,37.624722403478785,38.0,39.0,39.0,39.0,39.44474,0
Loundoungou,BIO_FP_FH__L2A_20260609T043753_20260621T043821_T_G01_M03_C___T033_F003,2026-06-09,43,17,17.042763710021973,2.3601644039154053,37.45820236206055,1.0,8649,1.0101014375686646,30.643397177419356,34.034172,40.872917,42.38528,44.53497,47.056488,39.806065,1.0,37.94413400156703,38.0,39.0,39.0,39.76717758178711,40.0,0
Loundoungou,BIO_FP_FH__L2A_20260609T043753_20260621T043821_T_G01_M03_C___T033_F003,2026-06-09,43,18,17.04359722137451,2.3601644039154053,36.04756546020508,1.0,8649,1.0101014375686646,34.08420635694878,36.16808,42.00366,42.918053,44.196728,45.786297,41.004337,1.0,38.24495094538369,38.0,39.0,39.0,40.0,40.0,0
Loundoungou,BIO_FP_FH__L2A_20260609T043753_20260621T043821_T_G01_M03_C___T033_F003,2026-06-09,43,19,17.04443073272705,2.3601644039154053,34.328163146972656,1.0,8649,1.0101014375686646,28.20693008223494,27.737263,43.643684,45.647717,47.97385,49.531807,41.425632,1.0,36.409992364889376,36.584442138671875,38.0,38.0,38.0,38.0,0
Loundoungou,BIO_FP_FH__L2A_20260609T043753_20260621T043821_T_G01_M03_C___T033_F003,2026-06-09,43,20,17.04526424407959,2.3601644039154053,35.10496520996094,1.0,8649,1.0101014375686646,21.42241155046826,23.31301,35.26216,37.899433,41.19935,44.05958,33.624508,1.0,36.770269543659566,37.0,38.0,38.0,38.0,38.0,0
Loundoungou,BIO_FP_FH__L2A_20260609T043753_20260621T043821_T_G01_M03_C___T033_F003,2026-06-09,43,21,17.04609775543213,2.3601644039154053,36.3067626953125,0.9999999576585805,8649,1.0101014375686646,28.8311648668387,30.721376,39.458874,40.84858,42.908333,45.585915,38.25618,1.0,38.668414533696485,39.0,39.0,40.0,40.0,40.0,0
Loundoungou,BIO_FP_FH__L2A_20260609T043753_20260621T043821_T_G01_M03_C___T033_F003,2026-06-09,43,22,17.046931266784668,2.3601644039154053,36.981964111328125,0.9999999858861935,8649,1.0101014375686646,30.313441197724735,33.75814,39.827568,41.062054,42.900692,44.90098,38.858166,1.0,37.662121569108294,39.0,40.0,40.0,40.0,40.0,0
Loundoungou,BIO_FP_FH__L2A_20260609T043753_20260621T043821_T_G01_M03_C___T033_F003,2026-06-09,43,23,17.047764778137207,2.3601644039154053,36.74036407470703,1.0,8649,1.0101014375686646,29.631551064429413,32.51221,40.577423,41.79572,45.76128,48.41481,39.42896,1.0,39.23210457612054,40.0,41.0,41.0,41.0,41.0,0
Loundoungou,BIO_FP_FH__L2A_20260609T043753_20260621T043821_T_G01_M03_C___T033_F003,2026-06-09,43,24,17.048598289489746,2.3601644039154053,36.48996353149414,1.0,8649,1.0101014375686646,18.75080843883686,16.38384,36.165066,42.45928,47.502354,48.75911,31.848053,1.0,38.68284018784813,39.0,40.0,40.0,40.0,40.0,0
Loundoungou,BIO_FP_FH__L2A_20260609T043753_20260621T043821_T_G01_M03_C___T033_F003,2026-06-09,43,25,17.049431800842285,2.3601644039154053,35.985164642333984,1.0,8649,1.0101014375686646,25.592640316077002,27.14297,43.599674,45.24431,48.497528,50.374176,41.23857,1.0,37.87730243421315,38.0,40.0,40.0,40.0,40.0,0
Loundoungou,BIO_FP_FH__L2A_20260609T043753_20260621T043821_T_G01_M03_C___T033_F003,2026-06-09,43,26,17.050265312194824,2.3601644039154053,35.31499099731445,1.0,8649,1.0101014375686646,28.442627941091455,31.714529,41.51467,42.747066,46.163704,48.822533,40.452213,1.0,37.45624159311115,37.444740295410156,39.0,39.0,39.0,39.0,0
Loundoungou,BIO_FP_FH__L2A_20260609T043753_20260621T043821_T_G01_M03_C___T033_F003,2026-06-09,43,27,17.051098823547363,2.3601644039154053,34.68959045410156,1.0,8649,1.0101014375686646,32.48678676725633,35.87513,42.459293,44.080536,47.532703,49.01424,41.133904,1.0,37.40911877142899,38.0,38.0,38.0,38.0,38.44474,0
Loundoungou,BIO_FP_FH__L2A_20260609T043753_20260621T043821_T_G01_M03_C___T033_F003,2026-06-09,43,28,17.051932334899902,2.3601644039154053,34.488990783691406,1.0,8649,1.0101014375686646,32.989191308243726,35.45406,40.2925,41.14903,42.66593,44.32055,39.64574,1.0,37.21234933317486,37.0,38.0,38.0,38.0,38.0,0
Loundoungou,BIO_FP_FH__L2A_20260609T043753_20260621T043821_T_G01_M03_C___T033_F003,2026-06-09,43,29,17.05276584625244,2.3601644039154053,34.21839141845703,1.0,8649,1.0119013786315918,29.01878378280726,30.703005,38.129486,40.227066,45.716602,47.112667,37.244705,1.0,36.849800155292094,37.0,38.0,38.0,39.0,39.0,0
Loundoungou,BIO_FP_FH__L2A_20260609T043753_20260621T043821_T_G01_M03_C___T033_F003,2026-06-09,43,30,17.05359935760498,2.3601644039154053,34.08959197998047,1.0,8649,1.0149013996124268,25.827634516996184,29.981394,39.738728,41.177223,42.956303,45.088047,37.31178,1.0,37.59485470263141,38.0,38.0,38.0,39.0,39.0,0
Loundoungou,BIO_FP_FH__L2A_20260609T043753_20260621T043821_T_G01_M03_C___T033_F003,2026-06-09,43,31,17.05443286895752,2.3601644039154053,34.559391021728516,1.0,8649,1.012701392173767,29.920137985605272,32.4092,39.9726,41.372772,43.579304,46.92744,38.698338,1.0,37.28072115170058,37.0,38.0,38.0,38.0,38.0,0
Loundoungou,BIO_FP_FH__L2A_20260609T043753_20260621T043821_T_G01_M03_C___T033_F003,2026-06-09,43,32,17.05526638031006,2.3601644039154053,35.02919006347656,1.0,8649,1.0105013847351074,29.757777271938952,31.930038,38.732773,39.79559,43.613533,45.987946,38.058846,1.0,35.62436719425346,36.0,36.326229095458984,37.0,37.555259704589844,38.0,0
Loundoungou,BIO_FP_FH__L2A_20260609T043753_20260621T043821_T_G01_M03_C___T033_F003,2026-06-09,43,33,17.056099891662598,2.3601644039154053,34.86079025268555,1.0,8649,1.0199013948440552,30.60664708347786,32.014935,40.335445,42.589546,43.85,44.356964,39.057972,1.0,35.72704189528563,36.0,36.0,37.0,37.0,37.0,0
Loundoungou,BIO_FP_FH__L2A_20260609T043753_20260621T043821_T_G01_M03_C___T033_F003,2026-06-09,43,34,17.056933403015137,2.3601644039154053,34.44300079345703,1.0,8649,1.031999945640564,34.707357787027405,36.26546,40.629444,41.753647,43.459587,45.00347,40.020966,1.0,35.4849082998822,36.0,37.74275207519531,38.0,38.0,38.0,0
Loundoungou,BIO_FP_FH__L2A_20260609T043753_20260621T043821_T_G01_M03_C___T033_F003,2026-06-09,43,35,17.057766914367676,2.3601644039154053,34.34960174560547,1.0,8649,1.0230000019073486,25.005215559602266,26.586348,35.25788,36.79044,40.895123,46.320175,33.78468,1.0,34.65305710941508,35.0,37.0,38.0,38.0,38.0,0
Loundoungou,BIO_FP_FH__L2A_20260609T043753_20260621T043821_T_G01_M03_C___T033_F003,2026-06-09,43,36,17.058600425720215,2.3601644039154053,33.7218017578125,1.0,8649,1.0125999450683594,24.97803575557868,26.254715,35.29815,36.763268,40.179276,43.110558,34.2022,1.0,35.913619147406685,36.0,37.0,37.0,37.0,37.0,0
Loundoungou,BIO_FP_FH__L2A_20260609T043753_20260621T043821_T_G01_M03_C___T033_F003,2026-06-09,43,37,17.059433937072754,2.3601644039154053,32.91339874267578,1.0,8649,1.010200023651123,34.656319552838475,36.33862,42.44306,44.033478,45.894928,47.48265,41.38806,1.0,35.38889488196398,36.0,36.0,37.0,37.0,37.0,0
Loundoungou,BIO_FP_FH__L2A_20260609T043753_20260621T043821_T_G01_M03_C___T033_F003,2026-06-09,43,38,17.060267448425293,2.3601644039154053,32.63420104980469,1.0,8649,1.0266000032424927,32.501736111111114,33.027287,38.737865,39.80906,42.57507,45.037617,37.9205,1.0,32.865909286862454,33.0,34.0,34.61102294921875,35.0,35.0,0
Loundoungou,BIO_FP_FH__L2A_20260609T043753_20260621T043821_T_G01_M03_C___T033_F003,2026-06-09,44,5,17.032761573791504,2.359330892562866,35.5510368347168,0.9469337600106407,8255,1.0101014375686646,28.215093867142215,30.46567,38.74559,39.794273,41.63851,50.58449,38.298916,1.0,37.33907110774596,38.0,38.0,38.7228889465332,39.0,39.0,0
Loundoungou,BIO_FP_FH__L2A_20260609T043753_20260621T043821_T_G01_M03_C___T033_F003,2026-06-09,44,6,17.033595085144043,2.359330892562866,36.779640197753906,1.0,8649,1.0101014375686646,32.582040960298876,34.276844,38.41524,39.25929,40.93063,43.577404,37.978016,1.0,37.07214958304711,37.0,38.0,39.0,39.0,39.0,0
Loundoungou,BIO_FP_FH__L2A_20260609T043753_20260621T043821_T_G01_M03_C___T033_F003,2026-06-09,44,7,17.034428596496582,2.359330892562866,37.779239654541016,1.0,8649,1.011101484298706,24.948382873923286,27.429653,37.445316,38.790417,41.498585,45.34973,35.760494,1.0,37.43965409987096,37.01485061645508,38.0,38.0,39.0,39.0,0
Loundoungou,BIO_FP_FH__L2A_20260609T043753_20260621T043821_T_G01_M03_C___T033_F003,2026-06-09,44,8,17.03526210784912,2.359330892562866,36.84503936767578,1.0000000070569033,8649,1.0269014835357666,33.301819113688666,35.63356,40.140152,41.322502,42.828594,44.174038,39.55432,1.0,38.00344834430795,38.0,38.0,39.0,39.0,39.0,0
Loundoungou,BIO_FP_FH__L2A_20260609T043753_20260621T043821_T_G01_M03_C___T033_F003,2026-06-09,44,9,17.03609561920166,2.359330892562866,35.97943878173828,0.9999999223740642,8649,1.04310142993927,27.52617455371523,29.024878,40.038742,41.77873,44.139915,45.995274,37.874744,1.0,38.3235697596869,38.0,39.0,39.0,39.0,39.0,0
Loundoungou,BIO_FP_FH__L2A_20260609T043753_20260621T043821_T_G01_M03_C___T033_F003,2026-06-09,44,10,17.0369291305542,2.359330892562866,36.00740051269531,1.000000028227613,8649,1.0565013885498047,23.7465273332909,27.126457,36.843075,38.20998,40.252457,41.934082,35.121464,1.0,38.65289324679834,39.0,39.0,40.0,40.0,40.0,0
Loundoungou,BIO_FP_FH__L2A_20260609T043753_20260621T043821_T_G01_M03_C___T033_F003,2026-06-09,44,11,17.03776264190674,2.359330892562866,36.07760238647461,1.0,8649,1.0685014724731445,28.723174283154123,31.627798,41.07216,43.954117,46.396942,47.85436,38.405197,1.0,38.81862955559801,39.0,39.0,40.0,40.0,40.0,0
Loundoungou,BIO_FP_FH__L2A_20260609T043753_20260621T043821_T_G01_M03_C___T033_F003,2026-06-09,44,12,17.038596153259277,2.359330892562866,36.840599060058594,1.0,8649,1.0463014841079712,30.64020452147647,34.135887,40.695305,42.172813,45.338627,47.663612,39.477436,1.0,39.12698069940841,39.0,40.0,40.0,40.0,40.0,0
Loundoungou,BIO_FP_FH__L2A_20260609T043753_20260621T043821_T_G01_M03_C___T033_F003,2026-06-09,44,13,17.039429664611816,2.359330892562866,37.64099884033203,1.0,8649,1.0235013961791992,26.46326706844722,29.550571,40.034492,41.313164,42.69063,44.63954,38.556526,1.0,37.80818942208168,38.0,39.0,39.40560531616211,40.0,40.0,0
Loundoungou,BIO_FP_FH__L2A_20260609T043753_20260621T043821_T_G01_M03_C___T033_F003,2026-06-09,44,14,17.040263175964355,2.359330892562866,38.39120101928711,1.0,8649,1.0109014511108398,23.529476854260608,27.450375,41.689587,43.31427,46.40352,48.2612,38.92307,1.0,35.248922292669874,35.0,37.0,38.0,38.0,38.0,0
Loundoungou,BIO_FP_FH__L2A_20260609T043753_20260621T043821_T_G01_M03_C___T033_F003,2026-06-09,44,15,17.041096687316895,2.359330892562866,38.42940139770508,1.0,8649,1.0101014375686646,31.413755383570354,33.810734,39.227036,40.516525,44.55574,47.167294,38.39067,1.0,36.89372023715768,37.0,38.0,38.0,38.7228889465332,39.0,0
Loundoungou,BIO_FP_FH__L2A_20260609T043753_20260621T043821_T_G01_M03_C___T033_F003,2026-06-09,44,16,17.041930198669434,2.359330892562866,38.69280242919922,0.9028244097944849,7864,1.0101014375686646,32.11083734693625,35.410034,41.075226,43.3852,47.795593,51.832462,40.220257,1.0,36.00923257365311,37.0,38.0,39.0,39.0,39.0,0
Loundoungou,BIO_FP_FH__L2A_20260609T043753_20260621T043821_T_G01_M03_C___T033_F003,2026-06-09,44,17,17.042763710021973,2.359330892562866,38.10179901123047,0.9983073170715184,8641,1.0101014375686646,31.10190261850262,33.111473,40.95206,42.624577,45.757088,47.98563,40.187374,1.0,36.57365516100692,37.0,37.0,37.42487716674805,38.0,38.0,0
Loundoungou,BIO_FP_FH__L2A_20260609T043753_20260621T043821_T_G01_M03_C___T033_F003,2026-06-09,44,18,17.04359722137451,2.359330892562866,36.382564544677734,1.0,8649,1.0101014375686646,34.03665615244537,36.54786,43.021408,44.212738,45.45839,47.002064,42.377495,1.0,37.08740096544858,37.0,39.0,39.0,39.0,39.0,0
Loundoungou,BIO_FP_FH__L2A_20260609T043753_20260621T043821_T_G01_M03_C___T033_F003,2026-06-09,44,19,17.04443073272705,2.359330892562866,34.60276412963867,1.0,8649,1.0101014375686646,28.1884303821251,30.54896,40.50356,43.441093,46.730328,47.878456,38.553654,1.0,36.68099308929108,37.0,39.0,39.0,39.0,39.0,0
Loundoungou,BIO_FP_FH__L2A_20260609T043753_20260621T043821_T_G01_M03_C___T033_F003,2026-06-09,44,20,17.04526424407959,2.359330892562866,35.60836410522461,0.9999999576585805,8649,1.0101014375686646,28.616891983011776,32.311455,39.417057,40.455204,42.365013,46.87919,38.587482,1.0,37.899313107324154,38.0,39.0,39.0,39.0,39.0,0
Loundoungou,BIO_FP_FH__L2A_20260609T043753_20260621T043821_T_G01_M03_C___T033_F003,2026-06-09,44,21,17.04609775543213,2.359330892562866,37.03496551513672,1.000000028227613,8649,1.0101014375686646,27.912057325764007,30.285425,42.18948,44.83384,47.384937,49.04785,41.05564,1.0,37.332563788618764,37.0,38.0,38.42487716674805,39.0,39.0,0
Loundoungou,BIO_FP_FH__L2A_20260609T043753_20260621T043821_T_G01_M03_C___T033_F003,2026-06-09,44,22,17.046931266784668,2.359330892562866,36.82876205444336,1.0,8649,1.0101014375686646,20.36696077581223,19.057829,36.482544,38.84241,41.784706,44.670574,33.200264,1.0,37.050423081726926,37.0,38.0,39.0,39.0,39.0,0
Loundoungou,BIO_FP_FH__L2A_20260609T043753_20260621T043821_T_G01_M03_C___T033_F003,2026-06-09,44,23,17.047764778137207,2.359330892562866,36.48736572265625,1.0,8649,1.0101014375686646,30.918084821944735,35.16548,42.7844,44.67213,46.930145,48.543438,41.245205,1.0,37.63069906421087,38.0,38.0,38.0,38.0,38.424877,0
Loundoungou,BIO_FP_FH__L2A_20260609T043753_20260621T043821_T_G01_M03_C___T033_F003,2026-06-09,44,24,17.048598289489746,2.359330892562866,37.078163146972656,1.0,8649,1.0101014375686646,25.02768428792346,27.21156,38.603474,40.624084,44.19119,46.128044,36.226177,1.0,38.30142626727657,38.0,39.0,40.0,40.0,40.0,0
Loundoungou,BIO_FP_FH__L2A_20260609T043753_20260621T043821_T_G01_M03_C___T033_F003,2026-06-09,44,25,17.049431800842285,2.359330892562866,36.849761962890625,1.0,8649,1.0101014375686646,29.93708765102902,33.77756,43.39013,45.03653,48.289062,51.683044,40.87306,1.0,38.413851094143915,38.0,40.0,40.0,40.0,40.0,0
Loundoungou,BIO_FP_FH__L2A_20260609T043753_20260621T043821_T_G01_M03_C___T033_F003,2026-06-09,44,26,17.050265312194824,2.359330892562866,35.94858932495117,1.0,8649,1.0101014375686646,31.39784133281304,33.7779,40.83481,42.282307,45.72504,48.632717,39.440968,1.0,37.54622526165515,38.0,38.93793640136718,39.0,39.0,39.0,0
Loundoungou,BIO_FP_FH__L2A_20260609T043753_20260621T043821_T_G01_M03_C___T033_F003,2026-06-09,44,27,17.051098823547363,2.359330892562866,35.07398986816406,1.0,8649,1.0101014375686646,30.524216130477512,33.1188,39.485954,41.602757,44.962284,47.839054,38.061016,1.0,36.94211202809571,37.0,38.0,38.19101333618164,39.0,39.0,0
Loundoungou,BIO_FP_FH__L2A_20260609T043753_20260621T043821_T_G01_M03_C___T033_F003,2026-06-09,44,28,17.051932334899902,2.359330892562866,34.81938934326172,1.0,8649,1.0101014375686646,30.987952906405365,33.716194,40.40309,42.476524,44.594364,47.18995,39.0153,1.0,36.7783410483281,37.0,38.0,38.0,38.0,38.0,0
Loundoungou,BIO_FP_FH__L2A_20260609T043753_20260621T043821_T_G01_M03_C___T033_F003,2026-06-09,44,29,17.05276584625244,2.359330892562866,34.572792053222656,1.0,8649,1.0101014375686646,27.064101521852237,28.8664,39.716652,41.267063,43.658676,47.33671,38.096966,1.0,36.31046879962767,36.0,37.0,38.0,38.0,39.0,0
Loundoungou,BIO_FP_FH__L2A_20260609T043753_20260621T043821_T_G01_M03_C___T033_F003,2026-06-09,44,30,17.05359935760498,2.359330892562866,34.132991790771484,1.0,8649,1.0101014375686646,20.997849281708866,22.562206,34.583378,36.76727,39.69486,42.347935,31.60195,1.0,37.193108947115256,37.0,38.0,38.0,39.0,39.0,0
Loundoungou,BIO_FP_FH__L2A_20260609T043753_20260621T043821_T_G01_M03_C___T033_F003,2026-06-09,44,31,17.05443286895752,2.359330892562866,34.360191345214844,1.0,8649,1.0101014375686646,19.925926227020465,19.92737,35.238182,36.962097,39.253532,40.69075,33.283714,1.0,37.57500414760668,38.0,38.0,38.0,39.0,39.0,0
Loundoungou,BIO_FP_FH__L2A_20260609T043753_20260621T043821_T_G01_M03_C___T033_F003,2026-06-09,44,32,17.05526638031006,2.359330892562866,34.34959030151367,1.0,8649,1.0385013818740845,21.299046493814313,22.564695,32.776493,34.69273,37.041897,41.98596,31.062996,1.0,35.748373688128744,36.0,37.0,37.0,38.0,38.0,0
Loundoungou,BIO_FP_FH__L2A_20260609T043753_20260621T043821_T_G01_M03_C___T033_F003,2026-06-09,44,33,17.056099891662598,2.359330892562866,34.05018997192383,1.0,8649,1.0761014223098755,27.432860735345127,29.430527,36.07898,37.305607,39.558266,42.729862,35.43481,1.0,35.25988893644536,35.0,36.0,36.0,36.0,36.0,0
Loundoungou,BIO_FP_FH__L2A_20260609T043753_20260621T043821_T_G01_M03_C___T033_F003,2026-06-09,44,34,17.056933403015137,2.359330892562866,33.87120056152344,1.0,8649,1.07260000705719,27.48089916464331,30.323477,37.76762,38.928646,41.7912,43.18343,36.923004,1.0,34.896992305315,35.011512756347656,36.0,36.0,36.0,36.0,0
Loundoungou,BIO_FP_FH__L2A_20260609T043753_20260621T043821_T_G01_M03_C___T033_F003,2026-06-09,44,35,17.057766914367676,2.359330892562866,34.04999923706055,1.0,8649,1.045799970626831,23.152919593305583,24.618027,33.224342,35.244297,38.510616,40.419975,31.64362,1.0,31.637905233098476,36.0,37.0,37.0,37.0,37.0,0
Loundoungou,BIO_FP_FH__L2A_20260609T043753_20260621T043821_T_G01_M03_C___T033_F003,2026-06-09,44,36,17.058600425720215,2.359330892562866,33.63740158081055,1.0,8649,1.031000018119812,26.61346235836513,29.176615,35.13268,36.547596,39.20995,40.932537,33.647717,1.0,33.957972386404606,36.0,36.0,37.0,37.0,37.0,0
Loundoungou,BIO_FP_FH__L2A_20260609T043753_20260621T043821_T_G01_M03_C___T033_F003,2026-06-09,44,37,17.059433937072754,2.359330892562866,32.9119987487793,1.0,8649,1.0226000547409058,31.36271443953058,33.53129,39.49795,40.865654,43.146534,45.21534,38.081467,1.0,35.73131853920254,36.0,36.0,36.0,37.0,37.0,0
Loundoungou,BIO_FP_FH__L2A_20260609T043753_20260621T043821_T_G01_M03_C___T033_F003,2026-06-09,44,38,17.060267448425293,2.359330892562866,32.24720001220703,1.0,8649,1.0110000371932983,30.87086747745404,31.70983,41.221844,42.978714,45.136906,46.984245,40.12504,1.0,33.884092380771996,34.0,35.48902893066406,36.0,36.0,36.0,0
Loundoungou,BIO_FP_FH__L2A_20260609T043753_20260621T043821_T_G01_M03_C___T033_F003,2026-06-09,45,6,17.033595085144043,2.358497381210327,36.352439880371094,0.9067083176387805,7904,1.0101014375686646,31.492652178773014,34.22821,40.955746,43.215626,46.137207,47.957138,39.9092,1.0,34.80258688087036,35.0,36.0,37.0,37.0,37.0,0
Loundoungou,BIO_FP_FH__L2A_20260609T043753_20260621T043821_T_G01_M03_C___T033_F003,2026-06-09,45,7,17.034428596496582,2.358497381210327,37.37363815307617,1.0,8649,1.0303014516830444,29.695129585067637,31.341715,41.473385,44.10105,48.758762,50.38699,38.584347,1.0,36.39541646926744,37.0,37.0,37.0,38.0,38.0,0
Loundoungou,BIO_FP_FH__L2A_20260609T043753_20260621T043821_T_G01_M03_C___T033_F003,2026-06-09,45,8,17.03526210784912,2.358497381210327,36.75343704223633,1.0000000211707099,8649,1.0481014251708984,31.623226410595365,34.555237,42.63416,44.377365,46.86325,49.40273,40.742134,1.0,37.88530805960241,38.0,39.0,40.0,40.0,40.0,0
Loundoungou,BIO_FP_FH__L2A_20260609T043753_20260621T043821_T_G01_M03_C___T033_F003,2026-06-09,45,9,17.03609561920166,2.358497381210327,35.739437103271484,1.0000000070569033,8649,1.062901496887207,23.37212581241804,25.130814,36.21549,39.9787,43.598454,46.453712,33.685875,1.0,38.02348717001356,38.0,39.0,39.0,39.0,39.0,0
Loundoungou,BIO_FP_FH__L2A_20260609T043753_20260621T043821_T_G01_M03_C___T033_F003,2026-06-09,45,10,17.0369291305542,2.358497381210327,35.450599670410156,1.0,8649,1.076501488685608,25.568903603379002,26.874298,39.08419,42.281498,45.576797,48.362045,35.233234,1.0,38.42064193229839,38.0,39.0,39.40501403808594,40.0,40.0,0
Loundoungou,BIO_FP_FH__L2A_20260609T043753_20260621T043821_T_G01_M03_C___T033_F003,2026-06-09,45,11,17.03776264190674,2.358497381210327,36.05620193481445,1.0,8649,1.0619014501571655,29.77421771122384,31.391699,43.423943,45.39326,47.66836,48.929848,41.562515,1.0,38.32243811159358,38.0,40.0,40.0,40.0,40.0,0
Loundoungou,BIO_FP_FH__L2A_20260609T043753_20260621T043821_T_G01_M03_C___T033_F003,2026-06-09,45,12,17.038596153259277,2.358497381210327,36.80139923095703,1.0,8649,1.0405014753341675,29.43126418155278,31.770433,39.989117,41.253197,43.166096,45.020256,38.67306,1.0,37.976979943614076,38.0,39.0,39.0,40.0,40.0,0
Loundoungou,BIO_FP_FH__L2A_20260609T043753_20260621T043821_T_G01_M03_C___T033_F003,2026-06-09,45,13,17.039429664611816,2.358497381210327,37.559200286865234,1.0,8649,1.0265014171600342,29.43670240056654,31.629673,43.343967,45.118904,47.83906,62.219402,41.81543,1.0,37.185194787131195,37.0,38.0,38.0,38.0,38.405014,0
Loundoungou,BIO_FP_FH__L2A_20260609T043753_20260621T043821_T_G01_M03_C___T033_F003,2026-06-09,45,14,17.040263175964355,2.358497381210327,38.411399841308594,1.0,8649,1.012101411819458,21.103228154989015,24.696941,37.45727,41.76107,45.069332,58.956043,35.105732,1.0,35.46177998574873,36.0,37.0,37.0,37.0,38.0,0
Loundoungou,BIO_FP_FH__L2A_20260609T043753_20260621T043821_T_G01_M03_C___T033_F003,2026-06-09,45,15,17.041096687316895,2.358497381210327,38.582801818847656,1.0,8649,1.0101014375686646,25.175967778066827,26.852346,38.649273,39.835377,42.273193,46.258053,37.065533,1.0,35.555081048939655,36.0,37.0,38.0,39.0,39.0,0
Loundoungou,BIO_FP_FH__L2A_20260609T043753_20260621T043821_T_G01_M03_C___T033_F003,2026-06-09,45,16,17.041930198669434,2.358497381210327,38.72420120239258,1.0,8649,1.0101014375686646,27.929117528037924,30.096308,39.346508,40.537132,42.56664,47.574715,38.112133,1.0,37.825512670260494,38.0,39.0,39.0,39.0,39.0,0
Loundoungou,BIO_FP_FH__L2A_20260609T043753_20260621T043821_T_G01_M03_C___T033_F003,2026-06-09,45,17,17.042763710021973,2.358497381210327,38.1963996887207,1.0,8649,1.0101014375686646,30.492640045091918,33.492954,41.83413,43.24547,44.493076,45.546085,40.674355,1.0,37.76304376959208,38.0,39.0,39.0,39.0,39.0,0
Loundoungou,BIO_FP_FH__L2A_20260609T043753_20260621T043821_T_G01_M03_C___T033_F003,2026-06-09,45,18,17.04359722137451,2.358497381210327,36.40916442871094,1.0,8649,1.0101014375686646,29.68224017950052,31.612642,39.854897,41.057278,42.40722,44.366074,38.566982,1.0,38.72219209806645,39.0,40.0,40.0,40.0,40.0,0
Loundoungou,BIO_FP_FH__L2A_20260609T043753_20260621T043821_T_G01_M03_C___T033_F003,2026-06-09,45,19,17.04443073272705,2.358497381210327,36.032562255859375,0.999999971772387,8649,1.0101014375686646,29.445510247004886,32.226555,40.688824,42.378735,44.95913,46.062515,38.657806,1.0,36.63262769822813,38.0,39.0,39.0,40.0,40.0,0
Loundoungou,BIO_FP_FH__L2A_20260609T043753_20260621T043821_T_G01_M03_C___T033_F003,2026-06-09,45,20,17.04526424407959,2.358497381210327,36.73296356201172,1.000000056455226,8649,1.0101014375686646,27.467949494931815,30.820799,38.85827,40.198772,42.039787,43.507687,37.793823,1.0,38.289269604232494,38.0,39.0,39.0,39.0,39.0,0
Loundoungou,BIO_FP_FH__L2A_20260609T043753_20260621T043821_T_G01_M03_C___T033_F003,2026-06-09,45,21,17.04609775543213,2.358497381210327,36.827762603759766,1.0,8649,1.0101014375686646,27.543727508237946,28.614895,42.762955,44.594948,47.553967,52.26675,39.72124,1.0,37.52839618788274,37.0,39.0,39.0,39.0,39.0,0
Loundoungou,BIO_FP_FH__L2A_20260609T043753_20260621T043821_T_G01_M03_C___T033_F003,2026-06-09,45,22,17.046931266784668,2.358497381210327,36.56916427612305,1.0,8649,1.0101014375686646,27.807467806971903,29.892426,39.86318,41.05275,43.318184,44.801495,38.134632,1.0,36.635339147466524,37.0,37.41889572143555,38.0,38.0,38.0,0
Loundoungou,BIO_FP_FH__L2A_20260609T043753_20260621T043821_T_G01_M03_C___T033_F003,2026-06-09,45,23,17.047764778137207,2.358497381210327,36.96756362915039,0.9959057540972945,8629,1.0101014375686646,26.689868559116086,29.171984,42.26418,45.703323,48.072285,49.199398,39.655453,1.0,36.70852964359124,37.0,38.0,38.0,38.0,38.0,0
Loundoungou,BIO_FP_FH__L2A_20260609T043753_20260621T043821_T_G01_M03_C___T033_F003,2026-06-09,45,24,17.048598289489746,2.358497381210327,37.44436264038086,1.0,8649,1.0101014375686646,21.91412618149497,22.666527,38.902565,41.563114,44.739105,47.544712,35.695606,1.0,34.05273938258958,37.0,39.0,39.0,39.0,39.0,0
Loundoungou,BIO_FP_FH__L2A_20260609T043753_20260621T043821_T_G01_M03_C___T033_F003,2026-06-09,45,25,17.049431800842285,2.358497381210327,37.2979621887207,1.0,8649,1.0101014375686646,25.535843197190427,30.551777,42.066193,44.051945,45.741756,47.784515,41.06355,1.0,36.69710323573234,38.0,38.0,39.0,39.0,39.0,0
Loundoungou,BIO_FP_FH__L2A_20260609T043753_20260621T043821_T_G01_M03_C___T033_F003,2026-06-09,45,26,17.050265312194824,2.358497381210327,36.17839050292969,1.0,8649,1.0101014375686646,35.87080424760088,35.708973,45.67859,47.841183,50.122246,51.04588,44.244358,1.0,37.945224420144136,38.0,39.0,39.0,40.0,40.0,0
Loundoungou,BIO_FP_FH__L2A_20260609T043753_20260621T043821_T_G01_M03_C___T033_F003,2026-06-09,45,27,17.051098823547363,2.358497381210327,35.34659194946289,1.0,8649,1.0101014375686646,29.642069350502947,33.677452,40.27445,41.748295,45.081654,48.03587,38.970657,1.0,37.77905186681696,38.0,39.0,39.0,39.0,40.0,0
Loundoungou,BIO_FP_FH__L2A_20260609T043753_20260621T043821_T_G01_M03_C___T033_F003,2026-06-09,45,28,17.051932334899902,2.358497381210327,34.95738983154297,1.0,8649,1.0101014375686646,29.37488347641346,33.391857,41.48274,42.9611,45.67857,50.322807,40.284534,1.0,36.935476519879835,37.0,38.0,38.0,38.0,38.0,0
Loundoungou,BIO_FP_FH__L2A_20260609T043753_20260621T043821_T_G01_M03_C___T033_F003,2026-06-09,45,29,17.05276584625244,2.358497381210327,34.47978973388672,1.0,8649,1.0101014375686646,28.23320434443288,31.047869,40.48664,42.285187,44.789337,46.608902,39.442177,1.0,36.623694454373506,37.0,38.0,38.0,38.0,38.0,0
Loundoungou,BIO_FP_FH__L2A_20260609T043753_20260621T043821_T_G01_M03_C___T033_F003,2026-06-09,45,30,17.05359935760498,2.358497381210327,33.79779052734375,1.0,8649,1.0101014375686646,23.31860529396462,25.762148,36.454117,38.381775,41.80375,45.473522,34.47766,1.0,37.08207806726042,37.0,38.0,38.0,38.0,38.0,0
Loundoungou,BIO_FP_FH__L2A_20260609T043753_20260621T043821_T_G01_M03_C___T033_F003,2026-06-09,45,31,17.05443286895752,2.358497381210327,33.7117919921875,1.0,8649,1.0295014381408691,22.711229260608164,23.244722,38.049885,41.16835,46.107014,47.27003,35.034492,1.0,37.397885266446366,37.0,38.0,38.0,38.0,38.0,0
Loundoungou,BIO_FP_FH__L2A_20260609T043753_20260621T043821_T_G01_M03_C___T033_F003,2026-06-09,45,32,17.05526638031006,2.358497381210327,33.48759078979492,1.0,8649,1.0835014581680298,21.204183648398658,22.366583,33.73635,36.323032,39.453655,41.76779,31.01711,1.0,36.18018138575435,36.0,37.0,37.0,37.567813873291016,38.0,0
Loundoungou,BIO_FP_FH__L2A_20260609T043753_20260621T043821_T_G01_M03_C___T033_F003,2026-06-09,45,33,17.056099891662598,2.358497381210327,33.468990325927734,1.0,8649,1.1183013916015625,21.801944227656378,22.233479,32.49323,35.01642,42.102257,44.618713,30.659418,1.0,35.692011357842325,36.0,36.0,36.0,36.0,36.0,0
Loundoungou,BIO_FP_FH__L2A_20260609T043753_20260621T043821_T_G01_M03_C___T033_F003,2026-06-09,45,34,17.056933403015137,2.358497381210327,33.722999572753906,1.0,8649,1.0870000123977661,22.206200680714534,23.260168,36.16057,37.043274,38.328293,40.345226,34.782646,1.0,36.59454357920389,36.117469787597656,37.9254150390625,38.0,39.0,39.0,0
Loundoungou,BIO_FP_FH__L2A_20260609T043753_20260621T043821_T_G01_M03_C___T033_F003,2026-06-09,45,35,17.057766914367676,2.358497381210327,33.9900016784668,1.0,8649,1.0551999807357788,22.550692276563765,22.780252,37.993206,39.762363,45.63735,47.547253,35.509247,1.0,37.953528158677656,38.0,39.0,39.0,39.0,39.0,0
Loundoungou,BIO_FP_FH__L2A_20260609T043753_20260621T043821_T_G01_M03_C___T033_F003,2026-06-09,45,36,17.058600425720215,2.358497381210327,33.82040023803711,1.0,8649,1.034000039100647,24.2516322334952,25.988146,37.674225,39.16535,41.351616,43.254593,36.982212,1.0,36.79704130871583,37.0,38.0,38.0,38.0,38.0,0
Loundoungou,BIO_FP_FH__L2A_20260609T043753_20260621T043821_T_G01_M03_C___T033_F003,2026-06-09,45,37,17.059433937072754,2.358497381210327,33.12860107421875,1.0,8649,1.024999976158142,22.42017321366632,25.202862,35.883045,38.063217,41.918884,44.3369,34.30641,1.0,36.2066860139432,36.0,37.0,37.0,37.0,37.0,0
Loundoungou,BIO_FP_FH__L2A_20260609T043753_20260621T043821_T_G01_M03_C___T033_F003,2026-06-09,45,38,17.060267448425293,2.358497381210327,32.4640007019043,1.0,8649,1.0133999586105347,28.68715946207654,30.001959,37.91654,39.85209,42.48061,43.84105,36.861248,1.0,35.04265063715086,35.0,37.0,37.0,37.0,37.0,0
Loundoungou,BIO_FP_FH__L2A_20260609T043753_20260621T043821_T_G01_M03_C___T033_F003,2026-06-09,46,7,17.034428596496582,2.357663869857788,37.41343688964844,0.9368141819140942,8142,1.0529013872146606,26.06897605703097,26.65065,42.773415,44.973793,47.094833,48.398533,41.683163,1.0,35.289633685749436,35.0,36.0,37.0,37.0,37.0,0
Loundoungou,BIO_FP_FH__L2A_20260609T043753_20260621T043821_T_G01_M03_C___T033_F003,2026-06-09,46,8,17.03526210784912,2.357663869857788,36.599639892578125,1.0000000141138066,8649,1.0687013864517212,29.77267990230254,32.378384,41.504604,43.43965,45.865723,46.71643,40.33844,1.0,37.31143903208545,37.0,38.0,38.0,38.0,39.0,0
Loundoungou,BIO_FP_FH__L2A_20260609T043753_20260621T043821_T_G01_M03_C___T033_F003,2026-06-09,46,9,17.03609561920166,2.357663869857788,35.483238220214844,1.0,8649,1.0831013917922974,27.343547438648976,31.531519,38.010242,39.32583,41.166058,42.354847,36.930717,1.0,37.862407951606386,38.0,38.0,38.0,39.0,39.0,0
Loundoungou,BIO_FP_FH__L2A_20260609T043753_20260621T043821_T_G01_M03_C___T033_F003,2026-06-09,46,10,17.0369291305542,2.357663869857788,35.60240173339844,1.0,8649,1.070501446723938,23.132899666869,24.993856,35.774513,38.09099,41.229465,43.210712,33.48228,1.0,38.58921006699217,38.0,40.0,40.0,40.0,40.0,0
Loundoungou,BIO_FP_FH__L2A_20260609T043753_20260621T043821_T_G01_M03_C___T033_F003,2026-06-09,46,11,17.03776264190674,2.357663869857788,36.579002380371094,1.0,8649,1.0453014373779297,28.45687724014337,30.054749,44.937107,47.34198,49.031075,50.956768,42.085682,1.0,38.22148627939355,38.0,39.0,39.0,39.0,39.38515,0
Loundoungou,BIO_FP_FH__L2A_20260609T043753_20260621T043821_T_G01_M03_C___T033_F003,2026-06-09,46,12,17.038596153259277,2.357663869857788,37.3380012512207,1.0,8649,1.0311014652252197,26.936236306220373,29.70805,37.669777,39.88494,42.651688,44.062683,36.345478,1.0,37.85726234664502,38.0,39.0,39.0,39.0,39.0,0
Loundoungou,BIO_FP_FH__L2A_20260609T043753_20260621T043821_T_G01_M03_C___T033_F003,2026-06-09,46,13,17.039429664611816,2.357663869857788,38.26240158081055,1.0,8649,1.0155013799667358,28.910427686726788,32.285183,38.414627,39.47601,41.16717,60.17202,37.403008,1.0,37.35025928623897,37.0,38.0,38.0,39.0,39.0,0
Loundoungou,BIO_FP_FH__L2A_20260609T043753_20260621T043821_T_G01_M03_C___T033_F003,2026-06-09,46,14,17.040263175964355,2.357663869857788,38.43199920654297,1.0,8649,1.0101014375686646,24.544358903485954,26.293861,37.220592,39.524796,41.923283,55.33831,34.675694,1.0,35.279973765662234,35.0,36.0,36.78971481323242,37.78971481323242,38.0,0
Loundoungou,BIO_FP_FH__L2A_20260609T043753_20260621T043821_T_G01_M03_C___T033_F003,2026-06-09,46,15,17.041096687316895,2.357663869857788,38.35700225830078,0.9995320567451801,8649,1.0101014375686646,22.331364801702154,26.725477,39.83571,41.781826,45.026745,48.079697,37.69595,1.0,35.29857618517374,35.0,37.0,38.0,38.0,39.0,0
Loundoungou,BIO_FP_FH__L2A_20260609T043753_20260621T043821_T_G01_M03_C___T033_F003,2026-06-09,46,16,17.041930198669434,2.357663869857788,38.28160095214844,1.0,8649,1.0101014375686646,27.505916056046942,30.558332,36.921658,38.5129,40.50161,41.960403,35.14034,1.0,37.60437554174082,38.0,39.0,39.0,40.0,40.0,0
Loundoungou,BIO_FP_FH__L2A_20260609T043753_20260621T043821_T_G01_M03_C___T033_F003,2026-06-09,46,17,17.042763710021973,2.357663869857788,38.10219955444336,1.0,8649,1.0101014375686646,32.00684327667938,33.676266,44.122196,47.036987,48.632694,49.216183,42.707375,1.0,38.59516548600441,39.0,39.0,40.0,40.0,40.0,0
Loundoungou,BIO_FP_FH__L2A_20260609T043753_20260621T043821_T_G01_M03_C___T033_F003,2026-06-09,46,18,17.04359722137451,2.357663869857788,37.5655632019043,1.000000112910452,8649,1.0101014375686646,28.961325351769652,30.684536,40.89833,44.76819,52.66633,54.87518,38.556656,1.0,39.13208724749765,39.0,40.0,40.0,40.0,40.0,0
Loundoungou,BIO_FP_FH__L2A_20260609T043753_20260621T043821_T_G01_M03_C___T033_F003,2026-06-09,46,19,17.04443073272705,2.357663869857788,37.10836410522461,1.0000000141138066,8649,1.012701392173767,26.725279008427197,26.676504,40.77629,43.375473,45.269257,46.924232,37.15748,1.0,38.15191424702038,38.0,39.0,39.0,39.0,40.0,0
Loundoungou,BIO_FP_FH__L2A_20260609T043753_20260621T043821_T_G01_M03_C___T033_F003,2026-06-09,46,20,17.04526424407959,2.357663869857788,36.87476348876953,1.0,8649,1.0101014375686646,23.816716076280496,24.884602,43.62654,46.92084,50.173424,51.41066,38.5805,1.0,37.66487560477308,37.0,39.0,39.471248626708984,40.0,40.0,0
Loundoungou,BIO_FP_FH__L2A_20260609T043753_20260621T043821_T_G01_M03_C___T033_F003,2026-06-09,46,21,17.04609775543213,2.357663869857788,36.65016555786133,1.0,8649,1.0101014375686646,28.22686600329518,30.893393,40.594063,44.69506,48.17599,50.516476,37.305153,1.0,38.19839702301431,38.0,40.0,40.0,40.0,40.0,0
Loundoungou,BIO_FP_FH__L2A_20260609T043753_20260621T043821_T_G01_M03_C___T033_F003,2026-06-09,46,22,17.046931266784668,2.357663869857788,36.401363372802734,1.0,8649,1.0101014375686646,23.49776121155625,25.61104,36.739777,38.351517,41.434467,44.162735,34.963394,1.0,36.90157886063629,37.0,37.0,38.0,39.0,39.0,0
Loundoungou,BIO_FP_FH__L2A_20260609T043753_20260621T043821_T_G01_M03_C___T033_F003,2026-06-09,46,23,17.047764778137207,2.357663869857788,36.641963958740234,1.0,8649,1.0101014375686646,27.152410141345822,29.066528,36.40267,38.390015,40.479694,43.339405,34.07049,1.0,37.24375296681034,37.0,38.0,38.0,38.0,38.0,0
Loundoungou,BIO_FP_FH__L2A_20260609T043753_20260621T043821_T_G01_M03_C___T033_F003,2026-06-09,46,24,17.048598289489746,2.357663869857788,37.03756332397461,1.0,8649,1.0101014375686646,18.149005665394842,16.362928,35.479866,39.914726,46.785946,48.21703,30.637476,1.0,37.34329746747819,37.0,38.0,38.0,38.27321243286133,39.0,0
Loundoungou,BIO_FP_FH__L2A_20260609T043753_20260621T043821_T_G01_M03_C___T033_F003,2026-06-09,46,25,17.049431800842285,2.357663869857788,37.19456481933594,1.0,8649,1.0101014375686646,26.673313027517633,28.705647,40.137787,42.5585,47.57315,48.557945,38.536167,1.0,38.20355515464053,38.0,39.0,39.0446662902832,40.0,40.0,0
Loundoungou,BIO_FP_FH__L2A_20260609T043753_20260621T043821_T_G01_M03_C___T033_F003,2026-06-09,46,26,17.050265312194824,2.357663869857788,36.29399108886719,1.0,8649,1.0101014375686646,29.86488954647936,32.00118,40.199944,42.244186,46.152687,48.996735,38.58823,1.0,38.43446884702183,38.38515090942383,39.0,39.0,39.551361083984375,40.0,0
Loundoungou,BIO_FP_FH__L2A_20260609T043753_20260621T043821_T_G01_M03_C___T033_F003,2026-06-09,46,27,17.051098823547363,2.357663869857788,35.600589752197266,1.0,8649,1.0101014375686646,26.08132623713724,29.876143,36.144863,38.02363,42.91272,47.108685,34.41237,1.0,38.554772946748834,39.0,39.0,39.0,39.0,39.38515,0
Loundoungou,BIO_FP_FH__L2A_20260609T043753_20260621T043821_T_G01_M03_C___T033_F003,2026-06-09,46,28,17.051932334899902,2.357663869857788,34.94718933105469,1.0,8649,1.0101014375686646,28.494156658284194,30.703213,37.65513,39.669415,45.0979,49.81846,36.353565,1.0,38.73901026559601,39.0,39.0,40.0,40.0,40.0,0
Loundoungou,BIO_FP_FH__L2A_20260609T043753_20260621T043821_T_G01_M03_C___T033_F003,2026-06-09,46,29,17.05276584625244,2.357663869857788,34.34619140625,1.0,8649,1.0101014375686646,29.4285231674182,32.642647,38.564533,40.343647,44.325657,46.29033,37.70799,1.0,38.27829578094006,38.0,39.0,39.0,40.0,40.0,0
Loundoungou,BIO_FP_FH__L2A_20260609T043753_20260621T043821_T_G01_M03_C___T033_F003,2026-06-09,46,30,17.05359935760498,2.357663869857788,33.88119125366211,1.0,8649,1.0101014375686646,24.992608430165337,26.077587,38.00805,40.114082,43.944035,46.68196,36.424507,1.0,36.66901685979576,37.0,37.0,38.0,38.0,38.0,0
Loundoungou,BIO_FP_FH__L2A_20260609T043753_20260621T043821_T_G01_M03_C___T033_F003,2026-06-09,46,31,17.05443286895752,2.357663869857788,33.946189880371094,1.0,8649,1.0349013805389404,21.489661015724362,22.393337,33.572266,36.562576,39.704014,41.65801,31.509401,1.0,36.41756030217335,36.0,37.0,38.0,38.0,38.0,0
Loundoungou,BIO_FP_FH__L2A_20260609T043753_20260621T043821_T_G01_M03_C___T033_F003,2026-06-09,46,32,17.05526638031006,2.357663869857788,34.01979064941406,1.0,8649,1.0757014751434326,21.479525270262457,22.029182,34.11978,36.89973,41.69631,42.633953,32.270435,1.0,35.93190129906721,36.0,37.0,37.0,37.0,37.0,0
Loundoungou,BIO_FP_FH__L2A_20260609T043753_20260621T043821_T_G01_M03_C___T033_F003,2026-06-09,46,33,17.056099891662598,2.357663869857788,33.87718963623047,1.0,8649,1.1069014072418213,25.237527459821944,26.112669,37.723774,39.464825,41.867554,45.220222,36.3089,1.0,36.46511247599383,36.0,37.0,37.20356750488281,38.0,38.0,0
Loundoungou,BIO_FP_FH__L2A_20260609T043753_20260621T043821_T_G01_M03_C___T033_F003,2026-06-09,46,34,17.056933403015137,2.357663869857788,33.991798400878906,1.0,8649,1.0829999446868896,32.26994721210544,34.281384,40.0996,41.472694,43.23702,44.705036,39.111115,1.0,37.365565065456025,37.0,38.0,38.0,38.0,38.0,0
Loundoungou,BIO_FP_FH__L2A_20260609T043753_20260621T043821_T_G01_M03_C___T033_F003,2026-06-09,46,35,17.057766914367676,2.357663869857788,34.127201080322266,1.0,8649,1.054800033569336,28.73627099231125,32.363907,39.7478,41.679996,44.025467,45.97634,38.687145,1.0,37.672592207191585,38.0,38.0,38.0,39.0,39.0,0
Loundoungou,BIO_FP_FH__L2A_20260609T043753_20260621T043821_T_G01_M03_C___T033_F003,2026-06-09,46,36,17.058600425720215,2.357663869857788,34.10300064086914,1.0,8649,1.0299999713897705,31.107826771881143,33.95253,40.686867,42.07235,43.902668,46.63091,39.87318,1.0,37.166315413717726,37.0,38.0,38.0,38.0,38.0,0
Loundoungou,BIO_FP_FH__L2A_20260609T043753_20260621T043821_T_G01_M03_C___T033_F003,2026-06-09,46,37,17.059433937072754,2.357663869857788,33.408199310302734,1.0,8649,1.021399974822998,32.26808825442248,34.248783,39.497143,40.700226,43.230564,44.814285,38.841644,1.0,36.34317390705646,36.0,37.0,37.0,37.0,38.0,0
Loundoungou,BIO_FP_FH__L2A_20260609T043753_20260621T043821_T_G01_M03_C___T033_F003,2026-06-09,46,38,17.060267448425293,2.357663869857788,32.47880172729492,1.0,8649,1.013800024986267,27.755283305873512,29.742619,37.48807,40.04028,41.992073,43.45655,36.194237,1.0,35.29538879191645,36.0,37.0,37.0,38.0,38.0,0
Loundoungou,BIO_FP_FH__L2A_20260609T043753_20260621T043821_T_G01_M03_C___T033_F003,2026-06-09,47,8,17.03526210784912,2.356830358505249,36.04303741455078,0.963664993107946,8377,1.094301462173462,26.650077979526635,29.085314,39.148403,41.4224,44.553917,46.678608,37.84356,1.0,37.775104719416255,38.0,38.0,38.0,39.0,39.0,0
Loundoungou,BIO_FP_FH__L2A_20260609T043753_20260621T043821_T_G01_M03_C___T033_F003,2026-06-09,47,9,17.03609561920166,2.356830358505249,35.62723922729492,1.0,8649,1.088301420211792,25.068756819791304,27.047274,38.203766,40.564407,43.7497,52.82285,36.102814,1.0,37.94722484447926,38.0,38.0,39.0,39.0,39.0,0
Loundoungou,BIO_FP_FH__L2A_20260609T043753_20260621T043821_T_G01_M03_C___T033_F003,2026-06-09,47,10,17.0369291305542,2.356830358505249,36.732398986816406,1.0,8649,1.0427014827728271,23.462232808706208,26.82939,37.038456,38.462017,47.563805,52.70366,36.11938,1.0,37.81699382364302,38.0,39.0,39.0,40.0,40.0,0
Loundoungou,BIO_FP_FH__L2A_20260609T043753_20260621T043821_T_G01_M03_C___T033_F003,2026-06-09,47,11,17.03776264190674,2.356830358505249,37.57740020751953,1.0,8649,1.0241014957427979,29.26698940990288,31.09245,43.637794,45.6133,47.55272,48.92498,42.948067,1.0,38.01646599806531,38.0,39.87443542480467,40.0,40.0,40.0,0
Loundoungou,BIO_FP_FH__L2A_20260609T043753_20260621T043821_T_G01_M03_C___T033_F003,2026-06-09,47,12,17.038596153259277,2.356830358505249,38.206600189208984,1.0,8649,1.0167014598846436,28.045522332784138,31.40577,39.147724,41.211636,44.38465,50.892303,37.394554,1.0,38.60650514136685,39.0,39.0,39.0,39.0,39.0,0
Loundoungou,BIO_FP_FH__L2A_20260609T043753_20260621T043821_T_G01_M03_C___T033_F003,2026-06-09,47,13,17.039429664611816,2.356830358505249,38.54399871826172,1.0,8649,1.0101014375686646,30.66768421566077,32.532516,42.495502,46.227543,49.911808,51.7648,38.94092,1.0,38.59942070383986,38.193687438964844,40.0,40.0,40.0,40.0,0
Loundoungou,BIO_FP_FH__L2A_20260609T043753_20260621T043821_T_G01_M03_C___T033_F003,2026-06-09,47,14,17.040263175964355,2.356830358505249,38.3114013671875,1.0,8649,1.0101014375686646,25.509105098855358,28.966156,37.70241,39.40831,41.685303,45.97685,36.142445,1.0,37.51717704369823,38.0,38.0,39.0,39.0,40.0,0
Loundoungou,BIO_FP_FH__L2A_20260609T043753_20260621T043821_T_G01_M03_C___T033_F003,2026-06-09,47,15,17.041096687316895,2.356830358505249,38.10540008544922,1.0,8649,1.0101014375686646,18.3976376423575,19.026562,36.189457,37.98552,42.308228,47.18381,32.216953,1.0,35.50382519970189,35.0,37.0,38.0,38.54802322387695,39.0,0
Loundoungou,BIO_FP_FH__L2A_20260609T043753_20260621T043821_T_G01_M03_C___T033_F003,2026-06-09,47,16,17.041930198669434,2.356830358505249,38.00239944458008,1.0,8649,1.0101014375686646,27.213520891143485,29.626984,40.280106,43.22927,46.643745,48.25835,37.78945,1.0,37.212505617118566,37.0,38.0,38.0,39.0,39.0,0
Loundoungou,BIO_FP_FH__L2A_20260609T043753_20260621T043821_T_G01_M03_C___T033_F003,2026-06-09,47,17,17.042763710021973,2.356830358505249,37.53960037231445,0.9999999576585805,8649,1.0177013874053955,26.051934491328865,26.44423,40.65652,43.699245,46.559612,49.059757,36.764748,1.0,38.63168463484788,39.0,39.0,39.0,40.0,40.0,0
Loundoungou,BIO_FP_FH__L2A_20260609T043753_20260621T043821_T_G01_M03_C___T033_F003,2026-06-09,47,18,17.04359722137451,2.356830358505249,36.885562896728516,0.999999971772387,8649,1.0249013900756836,29.575639095053187,31.920326,39.65929,42.155354,44.03012,45.96958,37.64655,1.0,38.38155411698113,38.557342529296875,39.0,40.0,40.0,40.0,0
Loundoungou,BIO_FP_FH__L2A_20260609T043753_20260621T043821_T_G01_M03_C___T033_F003,2026-06-09,47,19,17.04443073272705,2.356830358505249,36.64116287231445,1.0,8649,1.0213013887405396,30.639751073100935,32.878307,43.234562,45.677036,47.96128,49.0348,41.732365,1.0,38.94347208521245,39.0,40.0,40.0,40.0,40.0,0
Loundoungou,BIO_FP_FH__L2A_20260609T043753_20260621T043821_T_G01_M03_C___T033_F003,2026-06-09,47,20,17.04526424407959,2.356830358505249,36.760562896728516,1.0,8649,1.0101014375686646,23.356590628251823,24.015865,40.6249,44.146168,46.39009,48.710747,34.72676,1.0,37.989321391669876,38.0,39.0,40.0,40.0,40.0,0
Loundoungou,BIO_FP_FH__L2A_20260609T043753_20260621T043821_T_G01_M03_C___T033_F003,2026-06-09,47,21,17.04609775543213,2.356830358505249,36.51856231689453,1.0,8649,1.0101014375686646,28.965477403457047,31.463661,39.2943,41.04956,44.26248,47.432236,37.826,1.0,38.12453811994825,38.0,39.0,40.0,40.0,40.0,0
Loundoungou,BIO_FP_FH__L2A_20260609T043753_20260621T043821_T_G01_M03_C___T033_F003,2026-06-09,47,22,17.046931266784668,2.356830358505249,36.25276565551758,1.0,8649,1.0101014375686646,26.04206185324893,29.87881,38.68322,40.60336,43.03063,46.769688,36.458523,1.0,38.21123908117116,38.0,39.0,39.0,39.0,39.0,0
Loundoungou,BIO_FP_FH__L2A_20260609T043753_20260621T043821_T_G01_M03_C___T033_F003,2026-06-09,47,23,17.047764778137207,2.356830358505249,36.26536560058594,1.0,8649,1.0101014375686646,24.921166825644583,26.298822,37.72263,40.32112,44.535255,47.107494,35.180916,1.0,37.92672185801897,38.0,39.0,40.0,40.0,40.0,0
Loundoungou,BIO_FP_FH__L2A_20260609T043753_20260621T043821_T_G01_M03_C___T033_F003,2026-06-09,47,24,17.048598289489746,2.356830358505249,36.670562744140625,1.0,8649,1.0101014375686646,23.284780935657302,22.831907,40.638622,45.15183,51.739445,54.038357,35.880672,1.0,39.38401297583499,39.0,41.0,41.0,41.0,41.0,0
Loundoungou,BIO_FP_FH__L2A_20260609T043753_20260621T043821_T_G01_M03_C___T033_F003,2026-06-09,47,25,17.049431800842285,2.356830358505249,36.82576370239258,1.0,8649,1.0101014375686646,28.867034845068794,30.991266,41.297977,43.247715,45.655575,49.513653,39.549843,1.0,39.64236438639634,40.0,41.0,41.0,41.0,41.0,0
Loundoungou,BIO_FP_FH__L2A_20260609T043753_20260621T043821_T_G01_M03_C___T033_F003,2026-06-09,47,26,17.050265312194824,2.356830358505249,36.026588439941406,1.0,8649,1.0101014375686646,29.37902864493005,31.169193,41.262207,43.71959,46.44509,48.29153,39.48695,1.0,39.06776401626952,39.0,40.0,40.0,41.0,41.0,0
Loundoungou,BIO_FP_FH__L2A_20260609T043753_20260621T043821_T_G01_M03_C___T033_F003,2026-06-09,47,27,17.051098823547363,2.356830358505249,35.33618927001953,1.0,8649,1.0101014375686646,22.425456519539832,22.770044,34.65933,37.946873,42.66112,46.436237,32.217125,1.0,39.13384608536569,39.0,40.0,40.0,41.0,41.0,0
Loundoungou,BIO_FP_FH__L2A_20260609T043753_20260621T043821_T_G01_M03_C___T033_F003,2026-06-09,47,28,17.051932334899902,2.356830358505249,35.07999038696289,1.0,8649,1.0101014375686646,31.57331140160712,33.07127,44.504883,45.880657,47.999447,49.835327,42.300083,1.0,39.12805423302132,39.0,40.0,40.0,40.0,40.0,0
Loundoungou,BIO_FP_FH__L2A_20260609T043753_20260621T043821_T_G01_M03_C___T033_F003,2026-06-09,47,29,17.05276584625244,2.356830358505249,34.540191650390625,1.0,8649,1.0101014375686646,26.353125180656722,28.519342,37.886047,38.957382,41.150124,44.670784,36.878155,1.0,38.818802490746,39.0,39.0,40.0,40.0,40.0,0
Loundoungou,BIO_FP_FH__L2A_20260609T043753_20260621T043821_T_G01_M03_C___T033_F003,2026-06-09,47,30,17.05359935760498,2.356830358505249,34.55398941040039,1.0,8649,1.0101014375686646,21.430657626604233,22.159998,35.350956,38.355232,41.372433,43.046,32.791187,1.0,36.659375864117806,36.0,38.0,38.0,39.0,39.0,0
Loundoungou,BIO_FP_FH__L2A_20260609T043753_20260621T043821_T_G01_M03_C___T033_F003,2026-06-09,47,31,17.05443286895752,2.356830358505249,34.59878921508789,1.0,8649,1.0251014232635498,23.96918899583767,26.117922,34.58742,37.030067,41.212524,44.047844,33.017323,1.0,36.22844461402889,36.0,37.0,37.0,37.0,37.0,0
Loundoungou,BIO_FP_FH__L2A_20260609T043753_20260621T043821_T_G01_M03_C___T033_F003,2026-06-09,47,32,17.05526638031006,2.356830358505249,34.4639892578125,1.0,8649,1.056701421737671,24.665990107237832,26.95201,34.273304,35.511147,37.605404,41.12602,31.810558,1.0,35.859989744925834,36.0,36.0,37.0,37.0,37.0,0
Loundoungou,BIO_FP_FH__L2A_20260609T043753_20260621T043821_T_G01_M03_C___T033_F003,2026-06-09,47,33,17.056099891662598,2.356830358505249,34.24079132080078,1.0,8649,1.0881013870239258,28.555635044513817,30.354792,38.285316,39.693737,41.66384,44.82462,37.19164,1.0,36.379722175770155,36.0,37.0,37.0,37.0,37.0,0
Loundoungou,BIO_FP_FH__L2A_20260609T043753_20260621T043821_T_G01_M03_C___T033_F003,2026-06-09,47,34,17.056933403015137,2.356830358505249,34.424598693847656,1.0,8649,1.0781999826431274,26.3477596759741,28.03019,38.20419,40.253647,42.280952,44.096207,35.344482,1.0,36.573669365229996,37.0,37.0,37.0,38.0,38.0,0
Loundoungou,BIO_FP_FH__L2A_20260609T043753_20260621T043821_T_G01_M03_C___T033_F003,2026-06-09,47,35,17.057766914367676,2.356830358505249,34.588401794433594,1.0,8649,1.0509999990463257,21.197362050526074,24.501513,34.586113,36.32462,40.239452,45.52699,33.578766,1.0,36.67887009095699,37.0,38.0,38.0,38.0,38.0,0
Loundoungou,BIO_FP_FH__L2A_20260609T043753_20260621T043821_T_G01_M03_C___T033_F003,2026-06-09,47,36,17.058600425720215,2.356830358505249,34.53820037841797,1.0,8649,1.0263999700546265,29.658000563648976,30.918451,39.176704,42.612076,45.822227,48.231934,38.36124,1.0,37.3283052862359,37.0,38.0,38.0,38.0,38.0,0
Loundoungou,BIO_FP_FH__L2A_20260609T043753_20260621T043821_T_G01_M03_C___T033_F003,2026-06-09,47,37,17.059433937072754,2.356830358505249,32.85179901123047,1.0,8649,1.0218000411987305,30.78365634755463,33.403454,39.759144,41.0934,42.817482,46.05001,38.412468,1.0,37.139224307470094,37.0,38.0,38.0,38.0,38.0,0
Loundoungou,BIO_FP_FH__L2A_20260609T043753_20260621T043821_T_G01_M03_C___T033_F003,2026-06-09,47,38,17.060267448425293,2.356830358505249,31.616199493408203,1.0,8649,1.0154000520706177,32.21728035755579,33.424397,40.274025,41.289726,42.889595,44.80254,39.422264,1.0,34.350214786509696,36.0,38.0,38.0,38.0,38.0,0
Loundoungou,BIO_FP_FH__L2A_20260609T043753_20260621T043821_T_G01_M03_C___T033_F003,2026-06-09,47,39,17.061100959777832,2.356830358505249,30.16200065612793,1.0,8649,4.9344000816345215,32.401171739507454,33.956516,38.53493,39.353436,40.42333,41.71606,38.047882,1.0,33.83059206404759,34.0,35.0,35.0,36.0,36.0,0
Loundoungou,BIO_FP_FH__L2A_20260609T043753_20260621T043821_T_G01_M03_C___T033_F003,2026-06-09,48,9,17.03609561920166,2.35599684715271,36.70943832397461,0.9562841356524237,8326,1.067501425743103,25.339533947381916,26.369152,38.73883,40.622665,42.367752,44.520252,37.219925,1.0,37.36698773979851,37.0,38.0,38.27046585083008,39.0,39.0,0
Loundoungou,BIO_FP_FH__L2A_20260609T043753_20260621T043821_T_G01_M03_C___T033_F003,2026-06-09,48,10,17.0369291305542,2.35599684715271,37.779998779296875,1.0,8649,1.0229014158248901,28.38416290900682,29.761953,42.018707,44.939804,49.15587,50.731796,40.321194,1.0,38.59555150302301,39.0,40.0,40.0,40.0,40.0,0
Loundoungou,BIO_FP_FH__L2A_20260609T043753_20260621T043821_T_G01_M03_C___T033_F003,2026-06-09,48,11,17.03776264190674,2.35599684715271,37.532798767089844,1.0,8649,1.0165014266967773,32.279852168603306,36.111347,44.778515,46.32381,48.337017,52.525253,43.69059,1.0,38.96952995849849,39.0,40.0,40.0,40.0,40.0,0
Loundoungou,BIO_FP_FH__L2A_20260609T043753_20260621T043821_T_G01_M03_C___T033_F003,2026-06-09,48,12,17.038596153259277,2.35599684715271,37.72560119628906,1.0,8649,1.0123014450073242,32.739862447970864,35.15891,48.255135,51.053795,53.760662,54.87954,47.02327,1.0,38.22982059901733,38.0,39.0,39.0,39.0,39.0,0
Loundoungou,BIO_FP_FH__L2A_20260609T043753_20260621T043821_T_G01_M03_C___T033_F003,2026-06-09,48,13,17.039429664611816,2.35599684715271,37.98740005493164,1.0,8649,1.0101014375686646,27.767698487541914,31.556635,41.114056,42.669064,45.546833,49.676678,39.197353,1.0,38.999415546831386,39.0,40.0,40.0,40.0,40.0,0
Loundoungou,BIO_FP_FH__L2A_20260609T043753_20260621T043821_T_G01_M03_C___T033_F003,2026-06-09,48,14,17.040263175964355,2.35599684715271,38.22600173950195,1.0,8649,1.0101014375686646,29.32336243713146,32.210274,43.380985,46.536182,49.439796,52.731766,40.100864,1.0,39.761422772451084,40.0,41.0,41.0,41.0,41.0,0
Loundoungou,BIO_FP_FH__L2A_20260609T043753_20260621T043821_T_G01_M03_C___T033_F003,2026-06-09,48,15,17.041096687316895,2.35599684715271,37.998199462890625,1.0,8649,1.0101014375686646,22.18474995302925,24.648737,38.541805,40.156967,43.83329,47.634686,36.780632,1.0,37.36098786317788,37.0,38.0,38.44699630737305,39.0,40.0,0
Loundoungou,BIO_FP_FH__L2A_20260609T043753_20260621T043821_T_G01_M03_C___T033_F003,2026-06-09,48,16,17.041930198669434,2.35599684715271,37.675601959228516,1.000000028227613,8649,1.01470148563385,23.50343000773013,27.179222,39.71391,41.557537,43.309895,46.25669,37.46195,1.0,38.04493085711467,38.0,40.0,40.0,40.0,40.0,0
Loundoungou,BIO_FP_FH__L2A_20260609T043753_20260621T043821_T_G01_M03_C___T033_F003,2026-06-09,48,17,17.042763710021973,2.35599684715271,36.825401306152344,1.000000028227613,8649,1.0303014516830444,25.42401506451209,25.976843,41.441994,44.042027,46.72056,49.553947,39.727596,1.0,38.945328270855605,39.0,40.0,40.0,41.0,41.0,0
Loundoungou,BIO_FP_FH__L2A_20260609T043753_20260621T043821_T_G01_M03_C___T033_F003,2026-06-09,48,18,17.04359722137451,2.35599684715271,36.295963287353516,1.0,8649,1.0363014936447144,29.228276480662505,31.650013,40.802055,43.70429,46.53695,47.869667,39.850002,1.0,37.45977254244121,38.0,38.133506774902344,39.0,39.0,39.0,0
Loundoungou,BIO_FP_FH__L2A_20260609T043753_20260621T043821_T_G01_M03_C___T033_F003,2026-06-09,48,19,17.04443073272705,2.35599684715271,36.31236267089844,1.0,8649,1.028301477432251,29.48782464013181,32.398113,42.69131,44.28425,46.761955,48.357265,41.052525,1.0,38.42039224715271,38.07451248168945,40.0,41.0,41.0,41.0,0
Loundoungou,BIO_FP_FH__L2A_20260609T043753_20260621T043821_T_G01_M03_C___T033_F003,2026-06-09,48,20,17.04526424407959,2.35599684715271,36.517364501953125,1.0,8649,1.0149013996124268,28.408199737686438,31.37699,37.385994,38.62913,41.151108,45.6959,35.825764,1.0,37.68264668535561,38.0,39.0,39.0,39.564579010009766,40.0,0
Loundoungou,BIO_FP_FH__L2A_20260609T043753_20260621T043821_T_G01_M03_C___T033_F003,2026-06-09,48,21,17.04609775543213,2.35599684715271,36.48016357421875,1.0,8649,1.0101014375686646,23.891120451063706,25.836294,35.084522,36.974457,40.005173,44.656055,33.55944,1.0,37.274094359201285,37.0,38.0,38.0,38.0,39.0,0
Loundoungou,BIO_FP_FH__L2A_20260609T043753_20260621T043821_T_G01_M03_C___T033_F003,2026-06-09,48,22,17.046931266784668,2.35599684715271,36.25556564331055,1.0,8649,1.0101014375686646,23.50375224014337,25.19753,39.270485,41.178417,44.466267,46.400677,38.576286,1.0,38.06310016183526,38.0,39.0,39.0,40.0,40.0,0
Loundoungou,BIO_FP_FH__L2A_20260609T043753_20260621T043821_T_G01_M03_C___T033_F003,2026-06-09,48,23,17.047764778137207,2.35599684715271,36.17936325073242,1.0,8649,1.0101014375686646,21.361980069950285,22.122171,38.027912,39.967743,43.174572,44.993732,36.06148,1.0,38.15554708480173,38.0,39.05854797363281,40.0,40.0,41.0,0
Loundoungou,BIO_FP_FH__L2A_20260609T043753_20260621T043821_T_G01_M03_C___T033_F003,2026-06-09,48,24,17.048598289489746,2.35599684715271,36.456764221191406,1.0,8649,1.0101014375686646,21.074286947913052,21.07912,36.889206,38.58853,41.10618,42.82519,35.318302,1.0,39.18839670040798,39.0,41.0,41.0,41.0,41.0,0
Loundoungou,BIO_FP_FH__L2A_20260609T043753_20260621T043821_T_G01_M03_C___T033_F003,2026-06-09,48,25,17.049431800842285,2.35599684715271,36.144962310791016,1.0,8649,1.0101014375686646,30.67306914094115,32.821423,40.253464,42.240444,45.539124,47.188488,38.940445,1.0,39.485402292372214,39.537479400634766,41.0,41.0,41.0,41.0,0
Loundoungou,BIO_FP_FH__L2A_20260609T043753_20260621T043821_T_G01_M03_C___T033_F003,2026-06-09,48,26,17.050265312194824,2.35599684715271,35.55339050292969,1.0,8649,1.0101014375686646,27.936233596369522,31.63478,41.090122,42.97271,47.095963,49.393562,39.629265,1.0,39.08058580038437,39.0,40.0,40.0,41.0,41.0,0
Loundoungou,BIO_FP_FH__L2A_20260609T043753_20260621T043821_T_G01_M03_C___T033_F003,2026-06-09,48,27,17.051098823547363,2.35599684715271,35.36079025268555,1.0,8649,1.0101014375686646,26.081179001907735,27.791689,36.202988,38.008762,41.899837,45.666813,34.632027,1.0,38.03808711423862,38.0,39.0,39.0,39.0,39.0,0
Loundoungou,BIO_FP_FH__L2A_20260609T043753_20260621T043821_T_G01_M03_C___T033_F003,2026-06-09,48,28,17.051932334899902,2.35599684715271,35.12078857421875,1.0,8649,1.0107014179229736,27.280313294889584,29.409348,39.457504,41.27405,42.908524,43.98711,36.494957,1.0,38.52176320383295,39.0,39.35655975341797,40.0,40.0,40.0,0
Loundoungou,BIO_FP_FH__L2A_20260609T043753_20260621T043821_T_G01_M03_C___T033_F003,2026-06-09,48,29,17.05276584625244,2.35599684715271,35.22079086303711,1.0,8649,1.0101014375686646,25.182600589663544,27.83682,38.25836,40.097004,41.706207,44.313267,36.454105,1.0,38.95959583140892,39.0,40.0,40.0,41.0,41.0,0
Loundoungou,BIO_FP_FH__L2A_20260609T043753_20260621T043821_T_G01_M03_C___T033_F003,2026-06-09,48,30,17.05359935760498,2.35599684715271,35.24079132080078,1.0,8649,1.0101014375686646,24.644245360735344,26.335981,36.647537,38.941204,43.566555,44.692505,34.98862,1.0,38.16502087818348,38.0,39.0,39.0,40.0,40.0,0
Loundoungou,BIO_FP_FH__L2A_20260609T043753_20260621T043821_T_G01_M03_C___T033_F003,2026-06-09,48,31,17.05443286895752,2.35599684715271,35.11119079589844,1.0,8649,1.0149013996124268,21.480800706729102,23.220625,35.745842,38.110683,40.665634,46.03962,32.508373,1.0,35.23550503206248,35.0,36.0,36.75006103515625,37.0,37.0,0
Loundoungou,BIO_FP_FH__L2A_20260609T043753_20260621T043821_T_G01_M03_C___T033_F003,2026-06-09,48,32,17.05526638031006,2.35599684715271,34.34558868408203,1.0,8649,1.0399014949798584,26.68415785061857,26.746767,39.00567,41.213654,47.312134,50.342236,37.410984,1.0,35.397856102911554,35.0,36.0,36.0,36.22026824951172,37.0,0
Loundoungou,BIO_FP_FH__L2A_20260609T043753_20260621T043821_T_G01_M03_C___T033_F003,2026-06-09,48,33,17.056099891662598,2.35599684715271,34.07099151611328,1.0,8649,1.0715014934539795,28.072106421262575,28.66708,40.812706,44.518105,47.11429,49.01705,38.706055,1.0,36.695362327029656,37.0,38.0,38.0,38.0,38.0,0
Loundoungou,BIO_FP_FH__L2A_20260609T043753_20260621T043821_T_G01_M03_C___T033_F003,2026-06-09,48,34,17.056933403015137,2.35599684715271,34.29180145263672,1.0,8649,1.0709999799728394,26.141628548098048,28.230165,39.068542,40.351,42.20358,43.57753,37.708775,1.0,36.95839221304669,37.0,38.0,38.0,38.0,38.0,0
Loundoungou,BIO_FP_FH__L2A_20260609T043753_20260621T043821_T_G01_M03_C___T033_F003,2026-06-09,48,35,17.057766914367676,2.35599684715271,34.860599517822266,1.0,8649,1.0476000308990479,29.16818147329171,30.99821,38.607384,39.95511,41.97032,43.361088,37.614758,1.0,36.31713873715135,36.0,37.0,37.0,37.0,37.0,0
Loundoungou,BIO_FP_FH__L2A_20260609T043753_20260621T043821_T_G01_M03_C___T033_F003,2026-06-09,48,36,17.058600425720215,2.35599684715271,35.27119827270508,1.0,8649,1.0226000547409058,23.812894734940457,24.434921,37.326305,39.853893,42.25995,44.676304,35.08196,1.0,36.61836309275306,37.0,37.0,38.0,38.0,38.0,0
Loundoungou,BIO_FP_FH__L2A_20260609T043753_20260621T043821_T_G01_M03_C___T033_F003,2026-06-09,48,37,17.059433937072754,2.35599684715271,33.65380096435547,1.0,8649,1.0169999599456787,33.81512042577177,35.275314,42.83675,44.12148,45.8087,46.890144,42.020176,1.0,37.58292175180058,38.0,39.0,39.0,39.0,39.0,0
Loundoungou,BIO_FP_FH__L2A_20260609T043753_20260621T043821_T_G01_M03_C___T033_F003,2026-06-09,48,38,17.060267448425293,2.35599684715271,31.878999710083008,1.0,8649,1.0133999586105347,29.038624407445948,32.346577,38.837364,39.957527,41.364548,42.36273,38.11256,1.0,36.505540151570706,36.0,38.0,38.0,38.0,38.0,0
Loundoungou,BIO_FP_FH__L2A_20260609T043753_20260621T043821_T_G01_M03_C___T033_F003,2026-06-09,48,39,17.061100959777832,2.35599684715271,33.48460006713867,1.000000028227613,8649,1.0221999883651733,34.87120251462861,37.02065,39.97712,40.677906,41.811264,43.149643,39.489494,1.0,34.837644863492535,35.0,36.0,36.0,36.0,36.0,0
Loundoungou,BIO_FP_FH__L2A_20260609T043753_20260621T043821_T_G01_M03_C___T033_F003,2026-06-09,49,10,17.0369291305542,2.355163335800171,38.59619903564453,0.9755437231047304,8472,1.0229014158248901,23.419396263737216,26.238354,39.260357,42.098743,45.70468,47.353424,37.783497,1.0,38.59815725220023,39.0,39.0,39.27305679321291,40.0,40.0,0
Loundoungou,BIO_FP_FH__L2A_20260609T043753_20260621T043821_T_G01_M03_C___T033_F003,2026-06-09,49,11,17.03776264190674,2.355163335800171,38.008399963378906,1.0,8649,1.0131014585494995,32.738316478061044,34.918198,43.127644,44.500553,47.615623,48.901363,41.44206,1.0,38.8053829026837,39.0,39.7803955078125,40.0,40.0,40.0,0
Loundoungou,BIO_FP_FH__L2A_20260609T043753_20260621T043821_T_G01_M03_C___T033_F003,2026-06-09,49,12,17.038596153259277,2.355163335800171,37.0072021484375,1.0,8649,1.0119013786315918,32.7668110113886,36.32387,43.88601,46.13657,47.88433,49.012142,42.72333,1.0,38.902264271186034,39.0,40.0,40.0,40.0,40.0,0
Loundoungou,BIO_FP_FH__L2A_20260609T043753_20260621T043821_T_G01_M03_C___T033_F003,2026-06-09,49,13,17.039429664611816,2.355163335800171,36.79880142211914,1.0,8649,1.0101014375686646,24.529193223204995,26.064838,39.083977,41.3589,45.24748,48.122295,37.253544,1.0,38.71881369428561,39.0,39.0,40.0,40.0,40.0,0
Loundoungou,BIO_FP_FH__L2A_20260609T043753_20260621T043821_T_G01_M03_C___T033_F003,2026-06-09,49,14,17.040263175964355,2.355163335800171,37.163002014160156,1.0,8649,1.0101014375686646,25.942928734535784,30.026031,40.854034,42.174355,44.381336,45.607777,39.32477,1.0,39.94957555099807,40.0,42.0,42.0,42.0,42.0,0
Loundoungou,BIO_FP_FH__L2A_20260609T043753_20260621T043821_T_G01_M03_C___T033_F003,2026-06-09,49,15,17.041096687316895,2.355163335800171,37.587799072265625,1.0000000987966455,8649,1.0101014375686646,23.759994744018975,25.91935,39.731945,41.75578,44.970352,47.93648,37.102993,1.0,37.92226712168097,38.0,39.0,40.0,40.0,41.0,0
Loundoungou,BIO_FP_FH__L2A_20260609T043753_20260621T043821_T_G01_M03_C___T033_F003,2026-06-09,49,16,17.041930198669434,2.355163335800171,36.864200592041016,1.0000000141138066,8649,1.0337014198303223,14.650055525831096,12.679508,32.635048,35.284824,37.65447,38.97669,29.476429,1.0,35.11837232119776,36.0,37.0,37.0,38.0,38.0,0
Loundoungou,BIO_FP_FH__L2A_20260609T043753_20260621T043821_T_G01_M03_C___T033_F003,2026-06-09,49,17,17.042763710021973,2.355163335800171,35.9724006652832,1.0,8649,1.052101492881775,22.23254043097468,24.66016,39.511948,41.56759,44.28619,46.21166,37.285072,1.0,36.2174169589142,37.0,37.0,37.0,38.0,38.0,0
Loundoungou,BIO_FP_FH__L2A_20260609T043753_20260621T043821_T_G01_M03_C___T033_F003,2026-06-09,49,18,17.04359722137451,2.355163335800171,35.25816345214844,1.0,8649,1.0655014514923096,22.260584225777546,23.106405,37.873173,39.78577,41.74619,46.40345,35.776035,1.0,35.79681125102339,36.0,37.0,37.0,38.0,38.0,0
Loundoungou,BIO_FP_FH__L2A_20260609T043753_20260621T043821_T_G01_M03_C___T033_F003,2026-06-09,49,19,17.04443073272705,2.355163335800171,35.28476333618164,1.0,8649,1.05730140209198,20.749142332206034,20.790035,37.83066,39.344704,42.131725,44.096336,35.881767,1.0,35.54293031898699,36.0,37.0,38.0,38.0,38.0,0
Loundoungou,BIO_FP_FH__L2A_20260609T043753_20260621T043821_T_G01_M03_C___T033_F003,2026-06-09,49,20,17.04526424407959,2.355163335800171,36.251163482666016,1.0,8649,1.0221014022827148,14.774067991964388,11.365746,34.601006,38.74599,44.600094,47.42382,29.147648,1.0,36.186477580419485,36.0,37.0,37.0,38.0,38.0,0
Loundoungou,BIO_FP_FH__L2A_20260609T043753_20260621T043821_T_G01_M03_C___T033_F003,2026-06-09,49,21,17.04609775543213,2.355163335800171,36.45756530761719,1.0,8649,1.0101014375686646,21.824496509712105,21.837454,37.391296,39.720036,42.16435,44.59335,34.804726,1.0,35.82697664557033,36.0,37.0,37.0,38.0,38.0,0
Loundoungou,BIO_FP_FH__L2A_20260609T043753_20260621T043821_T_G01_M03_C___T033_F003,2026-06-09,49,22,17.046931266784668,2.355163335800171,36.26676559448242,1.0,8649,1.0101014375686646,14.290142827205457,13.297312,31.759949,35.308357,38.00888,39.985394,24.690363,1.0,35.48211229174161,36.0,37.0,38.0,38.0,38.0,0
Loundoungou,BIO_FP_FH__L2A_20260609T043753_20260621T043821_T_G01_M03_C___T033_F003,2026-06-09,49,23,17.047764778137207,2.355163335800171,36.087764739990234,1.0,8649,1.0101014375686646,17.740718760839403,15.805796,35.071247,36.77459,40.621666,43.87096,31.040144,1.0,35.86576443796889,36.0,37.0,37.0,38.0,38.0,0
Loundoungou,BIO_FP_FH__L2A_20260609T043753_20260621T043821_T_G01_M03_C___T033_F003,2026-06-09,49,24,17.048598289489746,2.355163335800171,35.76356506347656,1.0,8649,1.0165014266967773,19.65191333535669,19.479595,34.81782,37.57202,45.66572,49.142204,31.103886,1.0,35.29548534005622,35.0,37.0,37.0,38.0,38.0,0
Loundoungou,BIO_FP_FH__L2A_20260609T043753_20260621T043821_T_G01_M03_C___T033_F003,2026-06-09,49,25,17.049431800842285,2.355163335800171,35.43836212158203,1.0,8649,1.0233014822006226,18.76866183951902,16.951904,36.91468,40.163414,49.941463,53.45423,33.482117,1.0,36.43710584063822,36.0,39.0,39.0,40.0,40.0,0
Loundoungou,BIO_FP_FH__L2A_20260609T043753_20260621T043821_T_G01_M03_C___T033_F003,2026-06-09,49,26,17.050265312194824,2.355163335800171,35.07659149169922,1.0,8649,1.0233014822006226,24.19107880968898,26.718248,38.127266,43.12245,52.75681,53.715588,36.503693,1.0,36.95979447706075,37.0,38.0,38.0,38.551361083984375,39.0,0
Loundoungou,BIO_FP_FH__L2A_20260609T043753_20260621T043821_T_G01_M03_C___T033_F003,2026-06-09,49,27,17.051098823547363,2.355163335800171,34.68218994140625,1.0,8649,1.018701434135437,18.89438807954677,16.925158,36.917313,39.658207,44.737038,46.531403,34.647076,1.0,37.4256573920857,37.0,38.0,39.0,39.0,39.0,0
Loundoungou,BIO_FP_FH__L2A_20260609T043753_20260621T043821_T_G01_M03_C___T033_F003,2026-06-09,49,28,17.051932334899902,2.355163335800171,34.3101921081543,1.0,8649,1.0209014415740967,22.955697551740087,24.657717,39.28201,41.478374,44.29681,46.1356,37.277287,1.0,38.10710969303699,38.0,39.0,39.482383728027344,40.0,40.0,0
Loundoungou,BIO_FP_FH__L2A_20260609T043753_20260621T043821_T_G01_M03_C___T033_F003,2026-06-09,49,29,17.05276584625244,2.355163335800171,34.822792053222656,1.0,8649,1.0175014734268188,25.08861031622153,26.218145,42.320065,44.085217,45.72581,46.82956,40.06992,1.0,38.38158703170108,38.482383728027344,39.0,39.29032516479492,40.0,40.0,0
Loundoungou,BIO_FP_FH__L2A_20260609T043753_20260621T043821_T_G01_M03_C___T033_F003,2026-06-09,49,30,17.05359935760498,2.355163335800171,35.680992126464844,1.0,8649,1.0119013786315918,23.74818169007978,24.713245,36.71614,39.96245,46.22475,49.105053,34.495716,1.0,37.34322167302931,37.0,39.0,39.0,39.0,39.0,0
Loundoungou,BIO_FP_FH__L2A_20260609T043753_20260621T043821_T_G01_M03_C___T033_F003,2026-06-09,49,31,17.05443286895752,2.355163335800171,35.91539001464844,1.0,8649,1.011501431465149,28.550710342236098,32.785248,39.166943,41.117863,43.79357,45.817963,38.313488,1.0,35.72182961273282,36.0,37.0,37.0,37.0,37.0,0
Loundoungou,BIO_FP_FH__L2A_20260609T043753_20260621T043821_T_G01_M03_C___T033_F003,2026-06-09,49,32,17.05526638031006,2.355163335800171,35.145790100097656,1.0,8649,1.036501407623291,32.42961975372876,33.12441,40.142647,42.01385,45.033024,47.082832,39.25002,1.0,36.16436197644976,36.0,37.0,37.0,37.0,37.0,0
Loundoungou,BIO_FP_FH__L2A_20260609T043753_20260621T043821_T_G01_M03_C___T033_F003,2026-06-09,49,33,17.056099891662598,2.355163335800171,34.30918884277344,1.0,8649,1.057901382446289,22.480424037460978,23.995745,37.169315,40.143166,46.311146,51.376213,34.652023,1.0,37.008303052690735,37.0,38.0,38.0,38.0,38.0,0
Loundoungou,BIO_FP_FH__L2A_20260609T043753_20260621T043821_T_G01_M03_C___T033_F003,2026-06-09,49,34,17.056933403015137,2.355163335800171,33.952999114990234,1.0,8649,1.0645999908447266,32.86274153803908,36.299553,41.045277,41.981224,43.607403,46.204643,40.22729,1.0,36.75352146705736,37.0,38.0,38.0,38.0,38.0,0
Loundoungou,BIO_FP_FH__L2A_20260609T043753_20260621T043821_T_G01_M03_C___T033_F003,2026-06-09,49,35,17.057766914367676,2.355163335800171,34.49039840698242,1.0,8649,1.042799949645996,31.166685635622617,33.50175,39.221077,40.495228,42.596306,45.016945,38.727676,1.0,35.94824160001281,36.0,36.62357711791992,37.0,37.0,37.0,0
Loundoungou,BIO_FP_FH__L2A_20260609T043753_20260621T043821_T_G01_M03_C___T033_F003,2026-06-09,49,36,17.058600425720215,2.355163335800171,35.027801513671875,1.0,8649,1.0210000276565552,28.83683626719852,32.29255,40.017082,41.536823,44.039055,46.58279,38.655865,1.0,36.77278927447879,37.0,38.0,39.0,39.0,39.0,0
Loundoungou,BIO_FP_FH__L2A_20260609T043753_20260621T043821_T_G01_M03_C___T033_F003,2026-06-09,49,37,17.059433937072754,2.355163335800171,33.855201721191406,1.0,8649,1.0154000520706177,30.709872528616025,32.916546,41.69555,43.933292,46.23834,48.39429,40.504322,1.0,35.22048173891849,35.0,37.0,37.0,38.0,38.0,0
Loundoungou,BIO_FP_FH__L2A_20260609T043753_20260621T043821_T_G01_M03_C___T033_F003,2026-06-09,49,38,17.060267448425293,2.355163335800171,32.196800231933594,1.000000084682839,8649,1.0140000581741333,31.794399117017758,33.896618,39.187138,40.325436,44.27931,50.794693,38.583652,1.0,35.511509242009836,35.0,37.0,37.0,38.0,38.0,0
Loundoungou,BIO_FP_FH__L2A_20260609T043753_20260621T043821_T_G01_M03_C___T033_F003,2026-06-09,49,39,17.061100959777832,2.355163335800171,30.406200408935547,0.9999998306343219,8649,1.0104000568389893,32.99156349895775,34.19879,39.75135,41.24723,47.915573,50.45148,38.953484,1.0,35.02093167172124,35.0,36.0,37.0,37.0,37.0,0
Loundoungou,BIO_FP_FH__L2A_20260609T043753_20260621T043821_T_G01_M03_C___T033_F003,2026-06-09,50,11,17.03776264190674,2.354329824447632,38.84000015258789,0.9215547859579142,8056,1.0101014375686646,28.927517146910862,32.560112,40.363274,42.73753,46.02143,48.029907,39.885784,1.0,39.10958969613723,39.0,40.0,40.0,40.0,40.0,0
Loundoungou,BIO_FP_FH__L2A_20260609T043753_20260621T043821_T_G01_M03_C___T033_F003,2026-06-09,50,12,17.038596153259277,2.354329824447632,37.725399017333984,1.0,8649,1.0101014375686646,20.829546316770724,21.104633,36.048172,39.592903,42.962692,44.33907,34.465195,1.0,38.033178069464995,39.0,40.0,40.0,40.0,40.0,0
Loundoungou,BIO_FP_FH__L2A_20260609T043753_20260621T043821_T_G01_M03_C___T033_F003,2026-06-09,50,13,17.039429664611816,2.354329824447632,36.73939895629883,1.0,8649,1.0101014375686646,23.34956082350561,25.264608,36.870415,40.80549,46.747395,50.81807,34.912502,1.0,38.9280584721031,39.0,39.10432815551758,40.0,40.0,40.0,0
Loundoungou,BIO_FP_FH__L2A_20260609T043753_20260621T043821_T_G01_M03_C___T033_F003,2026-06-09,50,14,17.040263175964355,2.354329824447632,36.57979965209961,0.999999943544774,8649,1.0101014375686646,21.799085210756687,22.487938,37.998447,43.901096,48.05085,49.23679,35.378357,1.0,37.76981903161737,39.0,41.0,41.0,42.0,42.0,0
Loundoungou,BIO_FP_FH__L2A_20260609T043753_20260621T043821_T_G01_M03_C___T033_F003,2026-06-09,50,15,17.041096687316895,2.354329824447632,36.821800231933594,1.0000000141138066,8649,1.0101014375686646,29.799296734436414,31.959997,40.216244,42.7843,45.310356,47.73544,37.130096,1.0,33.47637035507924,38.0,39.0,40.0,40.0,41.0,0
Loundoungou,BIO_FP_FH__L2A_20260609T043753_20260621T043821_T_G01_M03_C___T033_F003,2026-06-09,50,16,17.041930198669434,2.354329824447632,36.350799560546875,1.0,8649,1.0301014184951782,16.264612870707595,17.768892,32.507347,34.752697,39.300045,41.20131,31.17283,1.0,33.32852152276279,34.0,36.0,37.0,38.0,38.0,0
Loundoungou,BIO_FP_FH__L2A_20260609T043753_20260621T043821_T_G01_M03_C___T033_F003,2026-06-09,50,17,17.042763710021973,2.354329824447632,35.24760055541992,1.0,8649,1.0641014575958252,21.21171071077581,22.827,36.543846,38.824364,43.308414,45.564503,31.825611,1.0,34.34285781226112,35.0,36.0,37.0,38.0,38.0,0
Loundoungou,BIO_FP_FH__L2A_20260609T043753_20260621T043821_T_G01_M03_C___T033_F003,2026-06-09,50,18,17.04359722137451,2.354329824447632,34.17276382446289,1.0,8649,1.0961014032363892,22.958983245895478,22.932795,40.024788,43.22764,45.028316,46.331818,36.24584,1.0,36.640985993680715,37.0,38.0,38.0,38.0,38.0,0
Loundoungou,BIO_FP_FH__L2A_20260609T043753_20260621T043821_T_G01_M03_C___T033_F003,2026-06-09,50,19,17.04443073272705,2.354329824447632,35.04316329956055,1.0,8649,1.064501404762268,23.107006590357265,24.755869,36.36548,39.598057,43.74594,45.42281,35.07482,1.0,36.04884507435845,37.0,37.0,37.0,38.0,38.0,0
Loundoungou,BIO_FP_FH__L2A_20260609T043753_20260621T043821_T_G01_M03_C___T033_F003,2026-06-09,50,20,17.04526424407959,2.354329824447632,36.05256271362305,1.0,8649,1.029301404953003,20.571529223031565,20.738543,37.16633,40.62858,44.55798,48.51347,34.10365,1.0,35.524191401765336,36.0,36.0,36.0,37.0,37.0,0
Loundoungou,BIO_FP_FH__L2A_20260609T043753_20260621T043821_T_G01_M03_C___T033_F003,2026-06-09,50,21,17.04609775543213,2.354329824447632,36.484561920166016,1.0,8649,1.0137014389038086,24.084933951901952,26.049002,36.941566,38.691692,43.786514,46.922626,35.183216,1.0,34.695017180507314,35.0,36.0,36.0,36.0,36.0,0
Loundoungou,BIO_FP_FH__L2A_20260609T043753_20260621T043821_T_G01_M03_C___T033_F003,2026-06-09,50,22,17.046931266784668,2.354329824447632,36.27556228637695,1.0,8649,1.018101453781128,19.76987675598335,18.950262,34.45924,37.60173,44.424015,47.38047,31.642061,1.0,33.68632166431686,34.0,35.0,35.0,35.0,35.0,0
Loundoungou,BIO_FP_FH__L2A_20260609T043753_20260621T043821_T_G01_M03_C___T033_F003,2026-06-09,50,23,17.047764778137207,2.354329824447632,36.09536361694336,1.0,8649,1.0203014612197876,16.392719714706903,14.17959,35.251072,38.84051,42.834167,45.016582,29.593798,1.0,33.828202776336056,34.0,35.0,35.0,36.0,36.0,0
Loundoungou,BIO_FP_FH__L2A_20260609T043753_20260621T043821_T_G01_M03_C___T033_F003,2026-06-09,50,24,17.048598289489746,2.354329824447632,35.43576431274414,1.0,8649,1.0367014408111572,27.319285466527923,29.345688,38.17068,39.522003,41.978516,43.977913,37.16632,1.0,34.19538795196854,34.0,35.0,36.0,36.90621566772461,37.0,0
Loundoungou,BIO_FP_FH__L2A_20260609T043753_20260621T043821_T_G01_M03_C___T033_F003,2026-06-09,50,25,17.049431800842285,2.354329824447632,34.69476318359375,1.0,8649,1.055701494216919,28.022466470112153,30.226768,38.168247,41.163033,46.902767,49.147957,36.470142,1.0,36.0135055618736,36.0,37.0,37.0,38.0,38.0,0
Loundoungou,BIO_FP_FH__L2A_20260609T043753_20260621T043821_T_G01_M03_C___T033_F003,2026-06-09,50,26,17.050265312194824,2.354329824447632,34.34959030151367,1.0,8649,1.0587013959884644,34.45660535177477,35.44555,40.778217,42.41712,49.550903,52.614952,40.026875,1.0,37.16047633172515,37.0,38.0,38.0,38.0,38.0,0
Loundoungou,BIO_FP_FH__L2A_20260609T043753_20260621T043821_T_G01_M03_C___T033_F003,2026-06-09,50,27,17.051098823547363,2.354329824447632,33.93859100341797,1.0,8649,1.04910147190094,26.177687630072842,29.34884,38.10371,39.260715,40.64536,42.37225,37.101357,1.0,37.52063955385736,37.0,39.0,39.0,40.0,40.0,0
Loundoungou,BIO_FP_FH__L2A_20260609T043753_20260621T043821_T_G01_M03_C___T033_F003,2026-06-09,50,28,17.051932334899902,2.354329824447632,33.53059005737305,1.0,8649,1.0397014617919922,27.663305548329287,29.763138,40.236923,42.076637,45.133118,47.73497,38.674065,1.0,38.863554809090445,39.0,40.0,40.0,41.0,41.0,0
Loundoungou,BIO_FP_FH__L2A_20260609T043753_20260621T043821_T_G01_M03_C___T033_F003,2026-06-09,50,29,17.05276584625244,2.354329824447632,34.069190979003906,1.0,8649,1.0291014909744263,25.409127861602496,26.153053,38.161552,39.346363,41.75239,45.030205,35.879013,1.0,38.1539007053029,38.0,40.0,40.0,40.0,40.0,0
Loundoungou,BIO_FP_FH__L2A_20260609T043753_20260621T043821_T_G01_M03_C___T033_F003,2026-06-09,50,30,17.05359935760498,2.354329824447632,35.16598892211914,1.0,8649,1.0233014822006226,29.42808959128223,33.067757,39.55195,41.258595,44.837097,49.34145,38.23524,1.0,37.24737484169249,37.0,38.0,38.0,39.0,39.0,0
Loundoungou,BIO_FP_FH__L2A_20260609T043753_20260621T043821_T_G01_M03_C___T033_F003,2026-06-09,50,31,17.05443286895752,2.354329824447632,36.26279067993164,1.0,8649,1.0175014734268188,34.8425910871199,36.58835,41.393555,42.48617,44.159084,45.889637,40.58626,1.0,36.21346835161664,36.0,37.0,37.0,37.0,37.0,0
Loundoungou,BIO_FP_FH__L2A_20260609T043753_20260621T043821_T_G01_M03_C___T033_F003,2026-06-09,50,32,17.05526638031006,2.354329824447632,35.4103889465332,1.0,8649,1.0119013786315918,35.90583358625275,35.96042,43.4104,44.458958,45.990284,47.438282,42.26251,1.0,37.0668844332625,37.0,38.0,38.0,38.0,38.0,0
Loundoungou,BIO_FP_FH__L2A_20260609T043753_20260621T043821_T_G01_M03_C___T033_F003,2026-06-09,50,33,17.056099891662598,2.354329824447632,34.494991302490234,1.0,8649,1.021701455116272,32.22690574777431,34.33032,43.995277,47.348297,50.95317,52.149487,41.477528,1.0,38.11016196953187,38.0,39.0,39.0,39.0,39.0,0
Loundoungou,BIO_FP_FH__L2A_20260609T043753_20260621T043821_T_G01_M03_C___T033_F003,2026-06-09,50,34,17.056933403015137,2.354329824447632,33.940799713134766,1.0,8649,1.0326000452041626,20.83352302289282,21.83724,34.630302,37.94427,40.72414,43.35764,32.14713,1.0,36.7064734384054,37.0,37.0,38.0,38.0,38.0,0
Loundoungou,BIO_FP_FH__L2A_20260609T043753_20260621T043821_T_G01_M03_C___T033_F003,2026-06-09,50,35,17.057766914367676,2.354329824447632,34.27199935913086,1.0,8649,1.0257999897003174,29.19587705226038,31.104061,40.50556,41.9802,44.808094,46.150517,38.022923,1.0,36.951755772878535,37.0,38.0,38.0,38.0,38.0,0
Loundoungou,BIO_FP_FH__L2A_20260609T043753_20260621T043821_T_G01_M03_C___T033_F003,2026-06-09,50,36,17.058600425720215,2.354329824447632,34.60319900512695,1.0,8649,1.0188000202178955,25.495589266100126,26.402506,38.271206,40.32634,43.655895,47.139915,36.327404,1.0,37.1233672813427,37.0,38.0,38.0,38.34925079345703,39.0,0
Loundoungou,BIO_FP_FH__L2A_20260609T043753_20260621T043821_T_G01_M03_C___T033_F003,2026-06-09,50,37,17.059433937072754,2.354329824447632,33.81999969482422,1.000000112910452,8649,1.0104000568389893,32.70130661089493,34.81684,41.711834,43.11103,45.022068,46.49338,40.929764,1.0,36.423907283165924,36.0,38.0,38.0,38.0,38.0,0
Loundoungou,BIO_FP_FH__L2A_20260609T043753_20260621T043821_T_G01_M03_C___T033_F003,2026-06-09,50,38,17.060267448425293,2.354329824447632,32.19960021972656,1.000000084682839,8649,1.010200023651123,32.122064317909285,34.15972,39.110313,40.420284,43.74348,45.91362,38.306477,1.0,35.31408353160056,35.0,36.0,36.0,36.0,36.0,0
Loundoungou,BIO_FP_FH__L2A_20260609T043753_20260621T043821_T_G01_M03_C___T033_F003,2026-06-09,50,39,17.061100959777832,2.354329824447632,30.768999099731445,1.0,8649,1.010200023651123,34.827664325355535,36.28156,40.140766,40.935852,42.302887,43.753723,39.624798,1.0,34.68804936800986,35.0,36.0,36.0,36.0,36.0,0
Loundoungou,BIO_FP_FH__L2A_20260609T043753_20260621T043821_T_G01_M03_C___T033_F003,2026-06-09,51,12,17.038596153259277,2.3534963130950928,37.897403717041016,0.9518220133830501,8256,1.0101014375686646,22.19738966752093,22.674713,42.103523,45.57483,47.556572,48.74555,37.903687,1.0,39.598162171523384,40.0,41.0,42.0,42.0,42.0,0
Loundoungou,BIO_FP_FH__L2A_20260609T043753_20260621T043821_T_G01_M03_C___T033_F003,2026-06-09,51,13,17.039429664611816,2.3534963130950928,37.14000701904297,0.9999998870895479,8649,1.0101014375686646,26.27528452025755,29.687794,42.73089,44.69789,50.16904,52.706135,40.682037,1.0,37.792787197601285,40.0,41.0,41.0,41.0,41.0,0
Loundoungou,BIO_FP_FH__L2A_20260609T043753_20260621T043821_T_G01_M03_C___T033_F003,2026-06-09,51,14,17.040263175964355,2.3534963130950928,36.94080352783203,1.0,8649,1.0101014375686646,25.81102177636143,31.587702,40.452507,42.348213,44.54082,49.41439,38.706238,1.0,39.45717244496138,40.0,40.72021484375,41.0,41.0,41.0,0
Loundoungou,BIO_FP_FH__L2A_20260609T043753_20260621T043821_T_G01_M03_C___T033_F003,2026-06-09,51,15,17.041096687316895,2.3534963130950928,36.69660568237305,1.0,8649,1.0101014375686646,30.493743857671408,31.74611,43.638054,45.168217,47.25661,48.535168,42.17038,1.0,38.87009645961091,39.0,40.0,40.0,41.0,41.0,0
Loundoungou,BIO_FP_FH__L2A_20260609T043753_20260621T043821_T_G01_M03_C___T033_F003,2026-06-09,51,16,17.041930198669434,2.3534963130950928,36.38620376586914,1.0,8649,1.0101014375686646,23.271251553647822,23.404442,40.23323,45.10688,47.851013,49.329235,37.606945,1.0,36.15495115578526,36.0,38.0,38.0,39.0,39.0,0
Loundoungou,BIO_FP_FH__L2A_20260609T043753_20260621T043821_T_G01_M03_C___T033_F003,2026-06-09,51,17,17.042763710021973,2.3534963130950928,35.679603576660156,1.0,8649,1.0281014442443848,19.629037226124407,22.05734,38.284714,41.864124,45.610416,46.890125,35.35543,1.0,34.705691214640964,35.0,36.0,37.0,37.0,38.0,0
Loundoungou,BIO_FP_FH__L2A_20260609T043753_20260621T043821_T_G01_M03_C___T033_F003,2026-06-09,51,18,17.04359722137451,2.3534963130950928,34.85739517211914,1.0,8649,1.0530937910079956,25.111344158284194,25.405985,38.083588,40.335976,43.74844,45.268745,35.01717,1.0,38.25383047826553,38.0,39.0,40.0,40.0,40.0,0
Loundoungou,BIO_FP_FH__L2A_20260609T043753_20260621T043821_T_G01_M03_C___T033_F003,2026-06-09,51,19,17.04443073272705,2.3534963130950928,35.266197204589844,1.0,8649,1.0494937896728516,29.730225315065326,30.447306,43.823334,44.816437,48.02678,49.910763,41.927486,1.0,38.48722982875239,38.0,40.0,40.0,40.0,40.0,0
Loundoungou,BIO_FP_FH__L2A_20260609T043753_20260621T043821_T_G01_M03_C___T033_F003,2026-06-09,51,20,17.04526424407959,2.3534963130950928,35.985595703125,1.0,8649,1.036293864250183,23.195027062377154,25.05723,35.981956,37.58372,42.25773,44.223198,34.94085,1.0,37.13132290283866,37.0,39.0,39.0,39.0,39.0,0
Loundoungou,BIO_FP_FH__L2A_20260609T043753_20260621T043821_T_G01_M03_C___T033_F003,2026-06-09,51,21,17.04609775543213,2.3534963130950928,36.66799545288086,1.0,8649,1.0120937824249268,20.018777459821944,19.992199,35.65255,37.681297,39.61121,43.801052,33.485058,1.0,36.86153638259512,37.0,38.0,38.0,38.0,39.0,0
Loundoungou,BIO_FP_FH__L2A_20260609T043753_20260621T043821_T_G01_M03_C___T033_F003,2026-06-09,51,22,17.046931266784668,2.3534963130950928,36.40819549560547,1.0,8649,1.0200937986373901,25.580562059197597,27.926308,34.623005,36.276665,42.790585,45.290638,33.673267,1.0,35.798732022768306,36.0,37.0,37.0,38.0,38.0,0
Loundoungou,BIO_FP_FH__L2A_20260609T043753_20260621T043821_T_G01_M03_C___T033_F003,2026-06-09,51,23,17.047764778137207,2.3534963130950928,36.14839553833008,1.0,8649,1.0280938148498535,22.81010178199792,24.362608,36.061386,37.451813,38.51043,42.216743,34.210255,1.0,35.53590324041071,36.0,38.0,38.0,38.0,38.0,0
Loundoungou,BIO_FP_FH__L2A_20260609T043753_20260621T043821_T_G01_M03_C___T033_F003,2026-06-09,51,24,17.048598289489746,2.3534963130950928,35.28999710083008,1.0,8649,0.9488938450813293,29.44716874783212,30.49885,39.592262,41.97344,45.43635,47.48345,37.815117,1.0,36.73892900491398,37.0,38.0,38.0,38.0,38.0,0
Loundoungou,BIO_FP_FH__L2A_20260609T043753_20260621T043821_T_G01_M03_C___T033_F003,2026-06-09,51,25,17.049431800842285,2.3534963130950928,34.20039749145508,1.0,8649,0.8516938090324402,30.996345314487225,33.890244,43.70736,44.90262,46.793144,49.23753,40.66851,1.0,37.50627858989679,38.0,39.0,39.0,39.0,39.0,0
Loundoungou,BIO_FP_FH__L2A_20260609T043753_20260621T043821_T_G01_M03_C___T033_F003,2026-06-09,51,26,17.050265312194824,2.3534963130950928,33.17331314086914,1.0,8649,0.7753283381462097,32.248578231587466,35.473682,42.747368,44.314846,47.562325,49.564526,41.548054,1.0,38.0011835269176,38.0,39.0,40.0,40.0,40.0,0
Loundoungou,BIO_FP_FH__L2A_20260609T043753_20260621T043821_T_G01_M03_C___T033_F003,2026-06-09,51,27,17.051098823547363,2.3534963130950928,33.247314453125,1.0,8649,1.0623283386230469,30.614056718984855,33.890846,39.63731,40.96465,42.973793,44.764072,38.604805,1.0,38.442049923818615,38.33005142211914,39.77590560913086,40.0,40.0,40.0,0
Loundoungou,BIO_FP_FH__L2A_20260609T043753_20260621T043821_T_G01_M03_C___T033_F003,2026-06-09,51,28,17.051932334899902,2.3534963130950928,32.89231491088867,1.0,8649,1.0765283107757568,29.027476081049834,30.362709,40.85078,44.44319,48.404633,49.680164,38.80422,1.0,38.33095293709937,38.0,39.0,39.0,40.0,40.0,0
Loundoungou,BIO_FP_FH__L2A_20260609T043753_20260621T043821_T_G01_M03_C___T033_F003,2026-06-09,51,29,17.05276584625244,2.3534963130950928,33.20891571044922,1.0,8649,1.063528299331665,22.84458734391259,23.534515,35.346447,38.17336,43.14456,46.537178,33.316765,1.0,37.3082736100554,37.0,38.0,39.0,39.0,39.0,0
Loundoungou,BIO_FP_FH__L2A_20260609T043753_20260621T043821_T_G01_M03_C___T033_F003,2026-06-09,51,30,17.05359935760498,2.3534963130950928,34.90331268310547,1.0,8649,1.042728304862976,30.063993127818247,31.657263,40.28535,41.777565,43.36986,44.48774,39.25348,1.0,36.80135838295465,37.0,37.0,38.0,38.0,38.0,0
Loundoungou,BIO_FP_FH__L2A_20260609T043753_20260621T043821_T_G01_M03_C___T033_F003,2026-06-09,51,31,17.05443286895752,2.3534963130950928,36.34311294555664,1.0,8649,1.0285283327102661,31.792845451786334,34.55325,40.635273,42.20251,45.007755,47.269142,39.636517,1.0,36.617709518099176,37.0,37.0,37.0,37.0,37.0,0
Loundoungou,BIO_FP_FH__L2A_20260609T043753_20260621T043821_T_G01_M03_C___T033_F003,2026-06-09,51,32,17.05526638031006,2.3534963130950928,35.672115325927734,1.0,8649,1.0229283571243286,30.642053091397848,35.71948,42.545033,43.663097,45.303646,47.706417,41.186058,1.0,37.39575352725548,37.0,38.0,38.0,39.0,39.0,0
Loundoungou,BIO_FP_FH__L2A_20260609T043753_20260621T043821_T_G01_M03_C___T033_F003,2026-06-09,51,33,17.056099891662598,2.3534963130950928,34.67611312866211,1.0,8649,1.016728401184082,35.656899460920336,36.9672,43.79837,46.005363,48.523525,52.789574,42.54787,1.0,37.47682185486736,37.881866455078125,38.0,38.0,39.0,39.0,0
Loundoungou,BIO_FP_FH__L2A_20260609T043753_20260621T043821_T_G01_M03_C___T033_F003,2026-06-09,51,34,17.056933403015137,2.3534963130950928,33.73801803588867,1.0,8649,1.0100985765457153,30.228435006937218,32.51571,38.243935,39.424263,41.39171,44.192123,36.75132,1.0,37.38116366646306,38.0,38.0,38.0,38.0,39.0,0
Loundoungou,BIO_FP_FH__L2A_20260609T043753_20260621T043821_T_G01_M03_C___T033_F003,2026-06-09,51,35,17.057766914367676,2.3534963130950928,33.9310188293457,1.0,8649,1.0100985765457153,25.866976131633717,27.615963,36.734352,38.916668,42.10711,43.552265,34.222385,1.0,37.367991759826964,37.0,38.0,38.0,38.0,38.0,0
Loundoungou,BIO_FP_FH__L2A_20260609T043753_20260621T043821_T_G01_M03_C___T033_F003,2026-06-09,51,36,17.058600425720215,2.3534963130950928,34.20541763305664,1.000000197593291,8649,1.0100985765457153,28.136735320818474,30.6654,39.38032,41.19273,43.057156,45.34366,36.888504,1.0,37.20014448206691,38.0,38.0,38.0,38.0,39.0,0
Loundoungou,BIO_FP_FH__L2A_20260609T043753_20260621T043821_T_G01_M03_C___T033_F003,2026-06-09,51,37,17.059433937072754,2.3534963130950928,33.90242004394531,0.9999998870895479,8649,1.0100985765457153,34.48137728184992,35.67633,42.97239,44.63542,46.225292,48.465565,41.807972,1.0,36.656353965386145,36.0,38.0,38.0,39.0,39.0,0
Loundoungou,BIO_FP_FH__L2A_20260609T043753_20260621T043821_T_G01_M03_C___T033_F003,2026-06-09,51,38,17.060267448425293,2.3534963130950928,32.38901901245117,1.0,8649,1.0100985765457153,26.71095646895595,27.976143,37.15046,39.102932,41.4866,45.152287,36.446907,1.0,36.329114586456015,36.0,37.0,37.0,37.0,37.0,0
Loundoungou,BIO_FP_FH__L2A_20260609T043753_20260621T043821_T_G01_M03_C___T033_F003,2026-06-09,51,39,17.061100959777832,2.3534963130950928,31.906417846679688,1.0,8649,1.0100985765457153,27.971078665163603,31.47247,38.289524,39.61774,42.328175,45.83015,36.981476,1.0,34.85956966776368,35.0,36.0,36.0,37.0,37.0,0
Loundoungou,BIO_FP_FH__L2A_20260609T043753_20260621T043821_T_G01_M03_C___T033_F003,2026-06-09,52,13,17.039429664611816,2.3526628017425537,37.63200378417969,0.9552243299216311,8312,1.0101014375686646,23.420366049801764,23.905418,41.924454,45.1544,48.04949,49.455345,39.944008,1.0,40.143023137729806,40.0,41.948097229003906,42.0,42.0,42.0,0
Loundoungou,BIO_FP_FH__L2A_20260609T043753_20260621T043821_T_G01_M03_C___T033_F003,2026-06-09,52,14,17.040263175964355,2.3526628017425537,37.12080383300781,1.0,8649,1.0101014375686646,24.701099838131576,27.444849,41.193317,43.29098,46.732517,49.423992,39.241516,1.0,40.13232012662822,40.0,41.0,41.0,41.0,42.0,0
Loundoungou,BIO_FP_FH__L2A_20260609T043753_20260621T043821_T_G01_M03_C___T033_F003,2026-06-09,52,15,17.041096687316895,2.3526628017425537,36.682804107666016,1.0,8649,1.0101014375686646,24.327644904757776,27.854357,37.505386,38.955326,42.572098,46.23573,35.817413,1.0,39.06114223373048,39.0,40.0,40.0,40.26597595214844,41.0,0
Loundoungou,BIO_FP_FH__L2A_20260609T043753_20260621T043821_T_G01_M03_C___T033_F003,2026-06-09,52,16,17.041930198669434,2.3526628017425537,36.39600372314453,1.0,8649,1.0101014375686646,26.489247311827956,30.225199,38.13845,39.631474,45.320564,49.509533,36.674988,1.0,37.81377511229015,38.0,40.0,40.0,40.0,40.0,0
Loundoungou,BIO_FP_FH__L2A_20260609T043753_20260621T043821_T_G01_M03_C___T033_F003,2026-06-09,52,17,17.042763710021973,2.3526628017425537,35.99160385131836,1.0,8649,1.0101014375686646,19.36042777705515,22.324198,37.29427,40.077274,45.465153,49.847565,35.676426,1.0,35.400361732714906,36.0,37.0,37.0,37.0,37.0,0
Loundoungou,BIO_FP_FH__L2A_20260609T043753_20260621T043821_T_G01_M03_C___T033_F003,2026-06-09,52,18,17.04359722137451,2.3526628017425537,35.587196350097656,1.0,8649,1.0100938081741333,29.817836599606892,33.490204,41.481663,42.8738,43.96859,45.85198,39.62716,1.0,38.55258266834017,39.0,40.0,40.0,40.0,40.0,0
Loundoungou,BIO_FP_FH__L2A_20260609T043753_20260621T043821_T_G01_M03_C___T033_F003,2026-06-09,52,19,17.04443073272705,2.3526628017425537,35.785396575927734,1.0,8649,1.0100938081741333,22.252009806046942,22.505367,39.44212,42.45832,46.050747,49.681442,33.370964,1.0,39.54069774723395,40.0,40.0,41.0,41.0,41.0,0
Loundoungou,BIO_FP_FH__L2A_20260609T043753_20260621T043821_T_G01_M03_C___T033_F003,2026-06-09,52,20,17.04526424407959,2.3526628017425537,36.26119613647461,0.9644260942377731,8375,1.0100938081741333,22.09792574219579,22.681726,40.06688,42.399345,46.71629,48.704895,37.05981,1.0,38.25393798445288,38.0,40.0,40.0,40.0,40.0,0
Loundoungou,BIO_FP_FH__L2A_20260609T043753_20260621T043821_T_G01_M03_C___T033_F003,2026-06-09,52,21,17.04609775543213,2.3526628017425537,36.67779541015625,0.9419774922046624,8203,1.0114938020706177,24.209691706046677,25.81648,36.403557,37.57633,38.90281,41.27144,34.934055,1.0,37.55878722205963,37.859256744384766,38.0,38.0,39.0,40.0,0
Loundoungou,BIO_FP_FH__L2A_20260609T043753_20260621T043821_T_G01_M03_C___T033_F003,2026-06-09,52,22,17.046931266784668,2.3526628017425537,36.39959716796875,1.0,8649,1.027093768119812,28.197935635622617,30.464394,39.108,41.305885,45.001686,48.83251,36.837414,1.0,37.21007601265715,37.0,38.0,38.0,38.0,38.0,0
Loundoungou,BIO_FP_FH__L2A_20260609T043753_20260621T043821_T_G01_M03_C___T033_F003,2026-06-09,52,23,17.047764778137207,2.3526628017425537,36.08439636230469,1.0,8649,1.0374938249588013,33.926247795987976,35.405666,45.587753,48.09708,50.33571,52.65481,42.93169,1.0,37.4148905702596,37.0,38.0,38.0,38.0,38.0,0
Loundoungou,BIO_FP_FH__L2A_20260609T043753_20260621T043821_T_G01_M03_C___T033_F003,2026-06-09,52,24,17.048598289489746,2.3526628017425537,34.93779754638672,1.0,8649,0.8314937949180603,33.13670565238756,37.007957,41.484314,42.511295,44.03824,45.859535,40.754055,1.0,37.2626122020272,37.0,38.0,39.0,40.0,40.0,0
Loundoungou,BIO_FP_FH__L2A_20260609T043753_20260621T043821_T_G01_M03_C___T033_F003,2026-06-09,52,25,17.049431800842285,2.3526628017425537,33.07839584350586,1.0,8649,0.4400938153266907,30.351617600300614,33.626614,39.71616,40.92797,43.696075,45.217476,38.855133,1.0,38.43429053319039,38.73402404785156,39.862003326416016,40.0,40.0,40.0,0
Loundoungou,BIO_FP_FH__L2A_20260609T043753_20260621T043821_T_G01_M03_C___T033_F003,2026-06-09,52,26,17.050265312194824,2.3526628017425537,31.66751480102539,1.0,8649,0.22012834250926971,30.73361714504567,33.3043,43.884754,45.195877,46.72392,49.27795,41.38058,1.0,37.94116169169454,38.0,39.0,39.0,40.0,40.0,0
Loundoungou,BIO_FP_FH__L2A_20260609T043753_20260621T043821_T_G01_M03_C___T033_F003,2026-06-09,52,27,17.051098823547363,2.3526628017425537,31.60931396484375,1.0,8649,0.4635283350944519,30.705822204879176,33.136772,39.297424,40.38669,41.526627,43.936424,38.815918,1.0,37.62291585697523,38.0,39.0,39.0,39.0,39.0,0
Loundoungou,BIO_FP_FH__L2A_20260609T043753_20260621T043821_T_G01_M03_C___T033_F003,2026-06-09,52,28,17.051932334899902,2.3526628017425537,31.722314834594727,1.0,8649,0.7565283179283142,28.189641685454966,30.008469,39.67556,40.672905,42.228836,46.028343,39.1138,1.0,36.63715225512588,37.0,37.0,37.0,38.0,38.265976,0
Loundoungou,BIO_FP_FH__L2A_20260609T043753_20260621T043821_T_G01_M03_C___T033_F003,2026-06-09,52,29,17.05276584625244,2.3526628017425537,32.5233154296875,1.0,8649,1.0889283418655396,28.140519315816857,29.372995,38.755867,40.77542,43.846672,45.963676,37.371258,1.0,36.92487338557107,37.0,38.0,38.0,39.0,39.0,0
Loundoungou,BIO_FP_FH__L2A_20260609T043753_20260621T043821_T_G01_M03_C___T033_F003,2026-06-09,52,30,17.05359935760498,2.3526628017425537,34.23771286010742,1.0,8649,1.0623283386230469,27.168472330616257,29.46657,37.702965,39.38498,43.105732,45.222733,36.096226,1.0,36.886285109910844,37.0,38.0,38.0,39.0,39.0,0
Loundoungou,BIO_FP_FH__L2A_20260609T043753_20260621T043821_T_G01_M03_C___T033_F003,2026-06-09,52,31,17.05443286895752,2.3526628017425537,36.120113372802734,1.0,8649,1.0321283340454102,28.605757349115503,31.437222,38.758556,40.31904,42.82487,44.69858,37.14445,1.0,37.15000378320583,37.0,38.0,38.0,38.0,38.0,0
Loundoungou,BIO_FP_FH__L2A_20260609T043753_20260621T043821_T_G01_M03_C___T033_F003,2026-06-09,52,32,17.05526638031006,2.3526628017425537,35.62471389770508,1.0,8649,1.021928310394287,33.26137776043473,36.447117,41.91091,43.415146,46.00528,48.74664,40.321327,1.0,37.77345299916483,38.0,38.0,39.0,39.0,39.0,0
Loundoungou,BIO_FP_FH__L2A_20260609T043753_20260621T043821_T_G01_M03_C___T033_F003,2026-06-09,52,33,17.056099891662598,2.3526628017425537,34.28591537475586,1.0,8649,1.018328309059143,30.569075001445253,32.633045,40.387527,41.504562,43.75961,46.444862,39.59174,1.0,36.81006733637102,37.0,38.0,38.0,38.50157928466797,39.0,0
Loundoungou,BIO_FP_FH__L2A_20260609T043753_20260621T043821_T_G01_M03_C___T033_F003,2026-06-09,52,34,17.056933403015137,2.3526628017425537,33.20602035522461,1.0,8649,1.0108985900878906,31.05780382847728,32.136738,41.075043,42.557114,44.863533,46.575897,39.775368,1.0,36.18837957065744,36.0,37.0,38.0,38.0,38.0,0
Loundoungou,BIO_FP_FH__L2A_20260609T043753_20260621T043821_T_G01_M03_C___T033_F003,2026-06-09,52,35,17.057766914367676,2.3526628017425537,33.326419830322266,0.9999998306343219,8649,1.0100985765457153,21.434686288699993,22.183289,35.257458,38.17512,41.151176,42.826714,31.901608,1.0,36.59032368293345,36.031375885009766,37.29585647583008,38.0,38.0,38.0,0
Loundoungou,BIO_FP_FH__L2A_20260609T043753_20260621T043821_T_G01_M03_C___T033_F003,2026-06-09,52,36,17.058600425720215,2.3526628017425537,33.79741668701172,0.9999998870895479,8649,1.0100985765457153,24.270341074286616,25.258055,38.519936,40.760536,43.25862,45.10798,37.1075,1.0,36.6991127270855,37.0,38.0,38.0,38.0,38.0,0
Loundoungou,BIO_FP_FH__L2A_20260609T043753_20260621T043821_T_G01_M03_C___T033_F003,2026-06-09,52,37,17.059433937072754,2.3526628017425537,34.00901794433594,1.0,8649,1.0100985765457153,23.892832625158977,25.731348,34.189526,35.740314,39.08622,43.936436,32.882435,1.0,36.73158340683451,37.0,38.0,38.0,38.0,38.0,0
Loundoungou,BIO_FP_FH__L2A_20260609T043753_20260621T043821_T_G01_M03_C___T033_F003,2026-06-09,52,38,17.060267448425293,2.3526628017425537,33.303619384765625,1.0,8649,1.012298583984375,27.220226868713144,30.167486,36.75014,38.466324,43.780224,46.43495,35.68146,1.0,36.835676950310706,37.0,38.0,38.0,38.0,38.0,0
Loundoungou,BIO_FP_FH__L2A_20260609T043753_20260621T043821_T_G01_M03_C___T033_F003,2026-06-09,52,39,17.061100959777832,2.3526628017425537,32.47241973876953,1.0,8649,1.0154986381530762,25.711053120302925,27.481506,37.97035,39.97604,42.021133,44.035774,36.368683,1.0,35.31528365503144,35.0,36.0,36.0,36.0,37.0,0
Loundoungou,BIO_FP_FH__L2A_20260609T043753_20260621T043821_T_G01_M03_C___T033_F003,2026-06-09,52,40,17.06193447113037,2.3526628017425537,32.07141876220703,0.9964243518036767,8625,0.7928985953330994,31.805014624515067,33.794395,39.66416,40.671333,42.108402,44.022232,38.823326,1.0,34.199902077440115,34.0,35.0,35.0,35.0,35.265976,0
Loundoungou,BIO_FP_FH__L2A_20260609T043753_20260621T043821_T_G01_M03_C___T033_F003,2026-06-09,53,14,17.040263175964355,2.3518292903900146,37.628604888916016,0.9999377581132934,8649,1.0107014179229736,25.067272762533776,28.453434,38.599686,40.087418,42.326225,45.233143,37.430447,1.0,39.607858295067984,40.0,41.0,41.0,41.0,41.0,0
Loundoungou,BIO_FP_FH__L2A_20260609T043753_20260621T043821_T_G01_M03_C___T033_F003,2026-06-09,53,15,17.041096687316895,2.3518292903900146,36.888206481933594,1.0,8649,1.015101432800293,28.717535986819286,30.961557,43.467155,48.03773,51.95949,53.567154,40.701668,1.0,39.595143086952426,39.44206619262695,40.66779327392578,41.0,41.0,41.0,0
Loundoungou,BIO_FP_FH__L2A_20260609T043753_20260621T043821_T_G01_M03_C___T033_F003,2026-06-09,53,16,17.041930198669434,2.3518292903900146,36.253807067871094,1.0,8649,1.0179014205932617,33.62675237021621,36.073177,42.130188,42.82903,43.879925,45.78183,41.144066,1.0,39.725588063833165,40.0,41.0,41.0,41.0,41.0,0
Loundoungou,BIO_FP_FH__L2A_20260609T043753_20260621T043821_T_G01_M03_C___T033_F003,2026-06-09,53,17,17.042763710021973,2.3518292903900146,36.26820373535156,1.0,8649,1.0101014375686646,17.10686929124754,16.222334,35.656643,38.00543,41.042816,49.21912,32.950306,1.0,36.328760141140464,36.0,38.0,39.0,39.0,39.0,0
Loundoungou,BIO_FP_FH__L2A_20260609T043753_20260621T043821_T_G01_M03_C___T033_F003,2026-06-09,53,18,17.04359722137451,2.3518292903900146,35.949195861816406,1.0,8649,1.0100938081741333,16.09178445485027,12.543164,36.182076,40.444252,45.503067,48.938473,32.72337,1.0,35.03078086964174,35.0,38.0,38.0,38.0,38.0,0
Loundoungou,BIO_FP_FH__L2A_20260609T043753_20260621T043821_T_G01_M03_C___T033_F003,2026-06-09,53,19,17.04443073272705,2.3518292903900146,35.88419723510742,1.0,8649,1.0100938081741333,23.45443566452769,23.585705,42.970875,46.062077,47.527195,50.074997,37.397896,1.0,37.92650894110348,38.0,40.0,40.0,40.0,40.246113,0
Loundoungou,BIO_FP_FH__L2A_20260609T043753_20260621T043821_T_G01_M03_C___T033_F003,2026-06-09,53,20,17.04526424407959,2.3518292903900146,36.05239486694336,1.0,8649,1.0100938081741333,26.092686835183258,27.464447,39.356815,42.04045,45.132404,47.214523,35.587677,1.0,38.733831878672696,39.0,39.0,40.0,40.0,40.0,0
Loundoungou,BIO_FP_FH__L2A_20260609T043753_20260621T043821_T_G01_M03_C___T033_F003,2026-06-09,53,22,17.046931266784668,2.3518292903900146,36.24619674682617,0.9946025134318274,8621,1.0256937742233276,21.060116915832573,20.97849,34.737705,38.792896,41.40146,43.52803,31.855728,1.0,37.01136922422813,37.0,37.24611282348633,38.0,38.0,38.0,0
Loundoungou,BIO_FP_FH__L2A_20260609T043753_20260621T043821_T_G01_M03_C___T033_F003,2026-06-09,53,23,17.047764778137207,2.3518292903900146,35.97819519042969,1.0,8649,1.0428937673568726,29.945790337033184,32.75419,40.069565,40.96318,42.61363,44.231777,39.35458,1.0,36.722363264578064,37.0,38.0,38.0,38.0,38.0,0
Loundoungou,BIO_FP_FH__L2A_20260609T043753_20260621T043821_T_G01_M03_C___T033_F003,2026-06-09,53,24,17.048598289489746,2.3518292903900146,35.16539764404297,1.0,8649,0.9738938212394714,33.429114818187074,36.12451,40.71812,41.73079,43.759853,45.473854,39.866898,1.0,37.71840889708322,38.0,38.024803161621094,39.0,39.0,39.0,0
Loundoungou,BIO_FP_FH__L2A_20260609T043753_20260621T043821_T_G01_M03_C___T033_F003,2026-06-09,53,25,17.049431800842285,2.3518292903900146,33.48979568481445,1.0,8649,0.7062938213348389,30.127210335009828,30.91474,41.669434,43.551243,46.55584,48.304665,39.1005,1.0,37.23900972221446,37.0,38.0,38.534732818603516,39.0,39.0,0
Loundoungou,BIO_FP_FH__L2A_20260609T043753_20260621T043821_T_G01_M03_C___T033_F003,2026-06-09,53,26,17.050265312194824,2.3518292903900146,31.81411361694336,0.9987133007157619,8645,0.4385283291339874,31.77425807687752,32.478565,38.92812,40.128525,41.520763,44.249905,37.844025,1.0,36.963219874083535,37.0,38.0,38.0,38.0,39.0,0
Loundoungou,BIO_FP_FH__L2A_20260609T043753_20260621T043821_T_G01_M03_C___T033_F003,2026-06-09,53,27,17.051098823547363,2.3518292903900146,32.30431365966797,0.9922796349288935,8604,0.41272833943367004,32.430885050408506,35.90306,40.610176,41.651325,43.201553,45.467724,39.64763,1.0,36.590360929268826,36.438167572021484,38.0,38.0,38.0,38.0,0
Loundoungou,BIO_FP_FH__L2A_20260609T043753_20260621T043821_T_G01_M03_C___T033_F003,2026-06-09,53,28,17.051932334899902,2.3518292903900146,33.38291549682617,1.0,8649,0.6557283401489258,30.830251329633484,32.88269,40.279602,41.496216,43.10593,44.745907,39.427055,1.0,36.930549588943855,37.0,37.0,38.0,38.0,38.0,0
Loundoungou,BIO_FP_FH__L2A_20260609T043753_20260621T043821_T_G01_M03_C___T033_F003,2026-06-09,53,29,17.05276584625244,2.3518292903900146,34.1665153503418,1.0,8649,1.045128345489502,28.21447204879177,30.721832,41.89516,43.593662,45.80212,46.851532,40.038177,1.0,37.24296594743908,37.0,38.0,39.0,39.0,39.0,0
Loundoungou,BIO_FP_FH__L2A_20260609T043753_20260621T043821_T_G01_M03_C___T033_F003,2026-06-09,53,30,17.05359935760498,2.3518292903900146,35.07131576538086,1.0,8649,1.035528302192688,29.06574459475084,32.358128,39.99229,41.857464,44.47756,46.22286,38.290802,1.0,36.92304058121262,37.0,38.0,38.0,38.0,38.0,0
Loundoungou,BIO_FP_FH__L2A_20260609T043753_20260621T043821_T_G01_M03_C___T033_F003,2026-06-09,53,31,17.05443286895752,2.3518292903900146,35.976112365722656,1.0,8649,1.0261282920837402,26.424540589952596,28.96608,37.211098,38.491005,42.265385,45.250248,35.53625,1.0,37.090830922112985,37.0,38.0,38.0,39.0,39.0,0
Loundoungou,BIO_FP_FH__L2A_20260609T043753_20260621T043821_T_G01_M03_C___T033_F003,2026-06-09,53,32,17.05526638031006,2.3518292903900146,36.047515869140625,1.0,8649,1.011728286743164,28.820268239102788,31.250887,38.710495,40.449223,43.864017,47.100666,37.533466,1.0,37.37704743830672,37.0,38.0,39.0,39.0,39.0,0
Loundoungou,BIO_FP_FH__L2A_20260609T043753_20260621T043821_T_G01_M03_C___T033_F003,2026-06-09,53,33,17.056099891662598,2.3518292903900146,34.604312896728516,1.0,8649,1.0103282928466797,29.27029407301422,31.99402,39.84745,41.279182,43.36011,44.884926,38.813763,1.0,36.35250150257348,36.0,38.0,38.0,38.0,38.246113,0
Loundoungou,BIO_FP_FH__L2A_20260609T043753_20260621T043821_T_G01_M03_C___T033_F003,2026-06-09,53,34,17.056933403015137,2.3518292903900146,33.15401840209961,1.000000112910452,8649,1.0114985704421997,31.445435409187997,33.19951,40.56276,41.732964,43.09398,44.634907,39.441856,1.0,35.67899923360972,36.0,37.0,37.0,37.0,37.246113,0
Loundoungou,BIO_FP_FH__L2A_20260609T043753_20260621T043821_T_G01_M03_C___T033_F003,2026-06-09,53,35,17.057766914367676,2.3518292903900146,33.08961868286133,0.9999998870895479,8649,1.0126986503601074,22.495199780953698,23.872255,34.159298,37.400288,41.50029,45.252907,32.878784,1.0,35.48923201113853,35.0,36.0,36.0,37.0,37.246113,0
Loundoungou,BIO_FP_FH__L2A_20260609T043753_20260621T043821_T_G01_M03_C___T033_F003,2026-06-09,53,36,17.058600425720215,2.3518292903900146,33.63521957397461,1.0,8649,1.0136985778808594,17.529934819054226,17.80942,29.77634,32.50562,36.37014,38.51445,26.86127,1.0,36.231486213870205,36.0,38.0,38.0,38.0,38.0,0
Loundoungou,BIO_FP_FH__L2A_20260609T043753_20260621T043821_T_G01_M03_C___T033_F003,2026-06-09,53,37,17.059433937072754,2.3518292903900146,33.58081817626953,1.0,8649,1.0236985683441162,25.685143333044284,27.174719,39.275753,41.138187,43.34928,44.768127,37.415222,1.0,37.35471446539766,37.0,38.0,38.0,39.0,39.0,0
Loundoungou,BIO_FP_FH__L2A_20260609T043753_20260621T043821_T_G01_M03_C___T033_F003,2026-06-09,53,38,17.060267448425293,2.3518292903900146,32.818416595458984,1.0,8649,1.0278985500335693,30.90203256879408,32.74408,39.69096,40.97942,44.272003,46.185913,39.0478,1.0,37.31508839713423,38.0,38.0,38.0,38.0,38.0,0
Loundoungou,BIO_FP_FH__L2A_20260609T043753_20260621T043821_T_G01_M03_C___T033_F003,2026-06-09,53,39,17.061100959777832,2.3518292903900146,32.91581726074219,0.9931882817919702,8598,1.0204986333847046,24.674913706100245,26.498714,33.516365,35.002365,37.22901,39.800667,32.493233,1.0,34.51018374122516,34.18718719482422,35.0,36.0,36.0,37.0,0
Loundoungou,BIO_FP_FH__L2A_20260609T043753_20260621T043821_T_G01_M03_C___T033_F003,2026-06-09,54,16,17.041930198669434,2.3509957790374756,35.68500518798828,1.0,8649,1.0407013893127441,27.00858932391028,27.80321,41.690678,43.53775,45.537075,51.25801,38.32834,1.0,38.777479768281786,39.0,40.0,40.524261474609375,41.0,41.0,0
Loundoungou,BIO_FP_FH__L2A_20260609T043753_20260621T043821_T_G01_M03_C___T033_F003,2026-06-09,54,17,17.042763710021973,2.3509957790374756,35.83640670776367,1.0,8649,1.0295014381408691,29.98071579806914,34.290306,42.318497,43.34327,46.271706,49.53509,41.673832,1.0,35.25524804429217,35.0,38.0,38.0,38.0,38.0,0
Loundoungou,BIO_FP_FH__L2A_20260609T043753_20260621T043821_T_G01_M03_C___T033_F003,2026-06-09,54,18,17.04359722137451,2.3509957790374756,36.03079605102539,1.0,8649,1.0176937580108643,15.169560787374262,12.358942,37.95683,41.33525,45.704334,49.35431,33.705757,1.0,31.87458693343017,32.0,34.0,34.0,34.0,34.0,0
Loundoungou,BIO_FP_FH__L2A_20260609T043753_20260621T043821_T_G01_M03_C___T033_F003,2026-06-09,54,19,17.04443073272705,2.3509957790374756,36.204795837402344,1.0,8649,1.0100938081741333,27.622220596311713,30.59047,37.724533,39.149372,41.444294,43.4295,36.314552,1.0,36.18618228077434,36.0,38.0,38.0,38.524261474609375,39.0,0
Loundoungou,BIO_FP_FH__L2A_20260609T043753_20260621T043821_T_G01_M03_C___T033_F003,2026-06-09,54,20,17.04526424407959,2.3509957790374756,36.34379577636719,1.0,8649,1.0100938081741333,22.04514611515782,22.11186,37.684387,39.943203,42.659405,44.332115,34.27179,1.0,37.79509785211435,38.0,38.75663375854492,39.0,39.0,39.0,0
Loundoungou,BIO_FP_FH__L2A_20260609T043753_20260621T043821_T_G01_M03_C___T033_F003,2026-06-09,54,21,17.04609775543213,2.3509957790374756,36.48279571533203,1.0,8649,1.0100938081741333,31.698810917447105,32.913967,42.788116,44.535492,46.643345,48.25999,41.343357,1.0,37.49868380153699,38.0,38.0,38.0,39.0,39.0,0
Loundoungou,BIO_FP_FH__L2A_20260609T043753_20260621T043821_T_G01_M03_C___T033_F003,2026-06-09,54,22,17.046931266784668,2.3509957790374756,36.025394439697266,0.9169374823859695,8049,1.0192937850952148,26.650865513928736,31.75193,39.313046,40.533733,42.5696,44.22342,38.778027,1.0,36.60061582480845,37.0,37.0,38.0,38.0,38.0,0
Loundoungou,BIO_FP_FH__L2A_20260609T043753_20260621T043821_T_G01_M03_C___T033_F003,2026-06-09,54,23,17.047764778137207,2.3509957790374756,35.64219665527344,0.9332682291666666,8160,1.0342937707901,29.95037070079091,34.205772,41.091324,42.49212,44.467766,47.40489,40.221455,1.0,36.70205260034324,37.19699478149414,38.0,38.0,38.0,38.0,0
Loundoungou,BIO_FP_FH__L2A_20260609T043753_20260621T043821_T_G01_M03_C___T033_F003,2026-06-09,54,24,17.048598289489746,2.3509957790374756,35.15559768676758,1.0,8649,1.0526938438415527,31.399350719736386,34.235832,40.588684,42.255196,44.599293,48.03319,39.573357,1.0,35.9693417908043,37.0,38.0,38.0,39.0,39.0,0
Loundoungou,BIO_FP_FH__L2A_20260609T043753_20260621T043821_T_G01_M03_C___T033_F003,2026-06-09,54,25,17.049431800842285,2.3509957790374756,33.99799728393555,1.0,8649,1.0820938348770142,29.128401766100126,32.143566,40.370987,41.84635,43.5736,45.589027,39.17387,1.0,37.95081407765541,38.0,39.0,39.0,39.0,39.0,0
Loundoungou,BIO_FP_FH__L2A_20260609T043753_20260621T043821_T_G01_M03_C___T033_F003,2026-06-09,54,26,17.050265312194824,2.3509957790374756,32.76691436767578,1.0,8649,1.0689283609390259,32.61690206237715,35.701015,41.26584,42.417755,44.821625,47.306572,40.707726,1.0,37.33077979994752,37.0,39.0,39.0,39.0,39.0,0
Loundoungou,BIO_FP_FH__L2A_20260609T043753_20260621T043821_T_G01_M03_C___T033_F003,2026-06-09,54,27,17.051098823547363,2.3509957790374756,32.659912109375,1.0,8649,0.9765283465385437,28.933447869695918,30.806583,39.412777,40.585228,43.12176,44.459038,38.116196,1.0,36.777927543348156,37.0,38.0,38.0,38.0,38.0,0
Loundoungou,BIO_FP_FH__L2A_20260609T043753_20260621T043821_T_G01_M03_C___T033_F003,2026-06-09,54,28,17.051932334899902,2.3509957790374756,34.06571578979492,1.0,8649,1.0531283617019653,31.43948632067291,32.416695,45.681347,47.80192,50.822784,51.821445,43.71068,1.0,37.35526543311927,37.0,38.0,38.0,39.0,39.0,0
Loundoungou,BIO_FP_FH__L2A_20260609T043753_20260621T043821_T_G01_M03_C___T033_F003,2026-06-09,54,29,17.05276584625244,2.3509957790374756,35.376312255859375,1.0,8649,1.0159283876419067,28.400116704243263,29.147171,41.7713,44.24938,47.784748,49.682213,39.139957,1.0,37.67774684697386,38.0,39.0,39.0,39.0,39.0,0
Loundoungou,BIO_FP_FH__L2A_20260609T043753_20260621T043821_T_G01_M03_C___T033_F003,2026-06-09,54,30,17.05359935760498,2.3509957790374756,35.76091384887695,1.0,8649,1.010128378868103,25.706771555960227,27.503546,39.262875,41.729836,43.77913,44.846462,36.71697,1.0,36.67327660000356,37.0,38.0,38.0,39.0,39.0,0
Loundoungou,BIO_FP_FH__L2A_20260609T043753_20260621T043821_T_G01_M03_C___T033_F003,2026-06-09,54,31,17.05443286895752,2.3509957790374756,36.17671585083008,1.0,8649,1.010128378868103,29.997810440513355,31.670275,38.90464,40.40105,42.45088,45.9499,38.158146,1.0,35.78358966643472,36.0,36.0,36.0,37.0,37.0,0
Loundoungou,BIO_FP_FH__L2A_20260609T043753_20260621T043821_T_G01_M03_C___T033_F003,2026-06-09,54,32,17.05526638031006,2.3509957790374756,36.061912536621094,1.0,8649,1.0113283395767212,33.24256416926812,35.918945,41.39806,42.388954,43.862923,45.245525,40.371555,1.0,35.65249698492044,36.0,36.0,36.07774353027344,38.0,38.0,0
Loundoungou,BIO_FP_FH__L2A_20260609T043753_20260621T043821_T_G01_M03_C___T033_F003,2026-06-09,54,33,17.056099891662598,2.3509957790374756,34.90751266479492,1.000000056455226,8649,1.0149283409118652,34.54717203650869,35.880577,40.61195,41.688946,44.05757,46.42205,39.87704,1.0,36.025816538662205,36.0,37.0,37.0,38.0,38.0,0
Loundoungou,BIO_FP_FH__L2A_20260609T043753_20260621T043821_T_G01_M03_C___T033_F003,2026-06-09,54,34,17.056933403015137,2.3509957790374756,33.530616760253906,0.999999971772387,8649,1.0166985988616943,28.741207345288046,31.74756,38.121075,40.060646,42.818714,45.512745,36.85569,1.0,36.02156708631671,36.0,37.0,37.0,38.0,38.0,0
Loundoungou,BIO_FP_FH__L2A_20260609T043753_20260621T043821_T_G01_M03_C___T033_F003,2026-06-09,54,35,17.057766914367676,2.3509957790374756,33.02901840209961,1.0,8649,1.0176986455917358,23.8328256879408,24.131355,35.881493,38.291435,41.035667,42.563393,34.06715,1.0,36.074354724617194,36.0,38.0,38.0,39.0,39.0,0
Loundoungou,BIO_FP_FH__L2A_20260609T043753_20260621T043821_T_G01_M03_C___T033_F003,2026-06-09,54,36,17.058600425720215,2.3509957790374756,33.04501724243164,1.0,8649,1.0266985893249512,22.886623453578448,24.546082,33.89134,35.94879,39.332855,41.48094,32.249416,1.0,36.83220375379478,37.0,38.0,38.0,39.0,39.0,0
Loundoungou,BIO_FP_FH__L2A_20260609T043753_20260621T043821_T_G01_M03_C___T033_F003,2026-06-09,54,37,17.059433937072754,2.3509957790374756,32.93241882324219,1.0,8649,1.0376986265182495,28.354413263094,30.693014,37.819355,39.365948,43.202015,45.609985,36.832108,1.0,38.50944568441292,38.0,40.0,40.0,40.0,40.0,0
Loundoungou,BIO_FP_FH__L2A_20260609T043753_20260621T043821_T_G01_M03_C___T033_F003,2026-06-09,54,38,17.060267448425293,2.3509957790374756,33.0488166809082,0.9997381606616372,8649,1.0352985858917236,28.71123980250404,29.647537,39.034115,40.666046,43.506668,45.34636,38.027653,1.0,37.21732514772074,37.0,39.0,40.0,40.0,40.0,0
Loundoungou,BIO_FP_FH__L2A_20260609T043753_20260621T043821_T_G01_M03_C___T033_F003,2026-06-09,55,16,17.041930198669434,2.3501622676849365,35.888004302978516,0.9822577314302954,8507,1.046701431274414,31.3770045147445,32.906704,39.929977,41.76016,44.643566,51.417553,38.633545,1.0,38.41236276237355,38.89957046508789,39.0,39.0,40.0,40.0,0
Loundoungou,BIO_FP_FH__L2A_20260609T043753_20260621T043821_T_G01_M03_C___T033_F003,2026-06-09,55,17,17.042763710021973,2.3501622676849365,35.545204162597656,1.0,8649,1.0397014617919922,33.99370411319228,37.600986,42.561794,43.40615,44.598694,46.636974,41.837692,1.0,37.133378792228086,37.0,39.0,39.0,39.0,39.0,0
Loundoungou,BIO_FP_FH__L2A_20260609T043753_20260621T043821_T_G01_M03_C___T033_F003,2026-06-09,55,18,17.04359722137451,2.3501622676849365,35.79319763183594,1.0,8649,1.023493766784668,18.963794586079317,18.83627,38.707832,40.6302,43.68581,44.690456,37.516182,1.0,33.981447796971004,34.0,35.0,35.0,37.0,37.0,0
Loundoungou,BIO_FP_FH__L2A_20260609T043753_20260621T043821_T_G01_M03_C___T033_F003,2026-06-09,55,19,17.04443073272705,2.3501622676849365,36.08819580078125,1.0,8649,1.0100938081741333,26.34954908081859,28.63328,41.728653,43.16544,45.338642,46.76004,39.179146,1.0,35.8942108163118,36.0,38.0,38.0,39.0,39.0,0
Loundoungou,BIO_FP_FH__L2A_20260609T043753_20260621T043821_T_G01_M03_C___T033_F003,2026-06-09,55,20,17.04526424407959,2.3501622676849365,36.42119598388672,1.0,8649,1.0100938081741333,24.5399928821251,25.691305,40.0585,42.818695,45.516277,47.28869,37.687977,1.0,38.27720122348919,38.0,39.398441314697266,40.0,40.0,40.0,0
Loundoungou,BIO_FP_FH__L2A_20260609T043753_20260621T043821_T_G01_M03_C___T033_F003,2026-06-09,55,21,17.04609775543213,2.3501622676849365,36.67839431762695,1.0,8649,1.0100938081741333,31.585708065961384,33.982807,41.800816,42.75017,44.412598,47.1834,40.94539,1.0,38.87662476067571,39.0,40.0,40.0,40.0,40.0,0
Loundoungou,BIO_FP_FH__L2A_20260609T043753_20260621T043821_T_G01_M03_C___T033_F003,2026-06-09,55,22,17.046931266784668,2.3501622676849365,36.3345947265625,1.0,8649,1.0176937580108643,27.295964490114464,32.70016,40.93581,42.65305,45.032967,46.33078,39.32453,1.0,37.55391308161162,37.888511657714844,39.0,39.0,39.0,39.0,0
Loundoungou,BIO_FP_FH__L2A_20260609T043753_20260621T043821_T_G01_M03_C___T033_F003,2026-06-09,55,23,17.047764778137207,2.3501622676849365,35.69759750366211,0.9863780596474303,8548,1.029693841934204,24.0286149197185,23.845615,39.34381,41.371067,46.4634,50.07056,36.904827,1.0,36.71499036047304,37.0,37.40950393676758,38.0,38.0,38.0,0
Loundoungou,BIO_FP_FH__L2A_20260609T043753_20260621T043821_T_G01_M03_C___T033_F003,2026-06-09,55,24,17.048598289489746,2.3501622676849365,35.08819580078125,1.0,8649,1.039693832397461,25.759602808128108,26.76185,37.539246,38.944935,40.571964,43.013435,35.442814,1.0,36.37258887712715,37.0,38.0,39.0,39.0,39.0,0
Loundoungou,BIO_FP_FH__L2A_20260609T043753_20260621T043821_T_G01_M03_C___T033_F003,2026-06-09,55,25,17.049431800842285,2.3501622676849365,34.51439666748047,1.0,8649,1.0530937910079956,26.967150284714997,29.959778,39.329956,41.05892,44.167423,46.54532,38.12206,1.0,37.612860724724484,38.0,39.0,39.0,39.0,39.0,0
Loundoungou,BIO_FP_FH__L2A_20260609T043753_20260621T043821_T_G01_M03_C___T033_F003,2026-06-09,55,26,17.050265312194824,2.3501622676849365,33.78291320800781,1.0,8649,1.0717283487319946,28.08583362238409,29.990084,38.608963,40.42192,42.54054,45.640667,37.232155,1.0,37.153019191791785,37.0,38.0,38.0,38.551361083984375,39.0,0
Loundoungou,BIO_FP_FH__L2A_20260609T043753_20260621T043821_T_G01_M03_C___T033_F003,2026-06-09,55,27,17.051098823547363,2.3501622676849365,33.446712493896484,1.0,8649,1.0801283121109009,29.364627594230548,30.866169,38.396023,39.872227,43.140957,46.04939,37.277626,1.0,37.635296667555274,38.0,38.0,38.0,38.0,38.0,0
Loundoungou,BIO_FP_FH__L2A_20260609T043753_20260621T043821_T_G01_M03_C___T033_F003,2026-06-09,55,28,17.051932334899902,2.3501622676849365,33.960914611816406,1.0,8649,1.0663282871246338,27.93902835587929,29.546633,38.51999,39.46113,41.02165,44.82411,37.282257,1.0,38.06385670111818,38.0,39.0,39.0,39.0,39.0,0
Loundoungou,BIO_FP_FH__L2A_20260609T043753_20260621T043821_T_G01_M03_C___T033_F003,2026-06-09,55,29,17.05276584625244,2.3501622676849365,35.2667121887207,1.0,8649,1.0231283903121948,26.14946363018846,27.85548,38.557423,40.44044,42.454975,45.798607,37.54906,1.0,38.04288261167465,38.0,39.0,39.0,39.0,39.0,0
Loundoungou,BIO_FP_FH__L2A_20260609T043753_20260621T043821_T_G01_M03_C___T033_F003,2026-06-09,55,30,17.05359935760498,2.3501622676849365,35.6947135925293,1.0,8649,1.010128378868103,31.21960179645046,33.26814,40.3059,41.71735,43.76283,45.50282,39.064518,1.0,37.3069971410756,37.0,38.0,38.0,39.0,39.0,0
Loundoungou,BIO_FP_FH__L2A_20260609T043753_20260621T043821_T_G01_M03_C___T033_F003,2026-06-09,55,31,17.05443286895752,2.3501622676849365,35.73771286010742,1.0,8649,1.010128378868103,29.72173083593479,32.27366,39.7726,41.285614,43.899696,49.64022,38.41574,1.0,36.743635288538,37.0,37.0,37.0,38.0,38.0,0
Loundoungou,BIO_FP_FH__L2A_20260609T043753_20260621T043821_T_G01_M03_C___T033_F003,2026-06-09,55,32,17.05526638031006,2.3501622676849365,35.7479133605957,1.000000084682839,8649,1.010528326034546,31.518242756717488,35.51607,41.456055,42.586853,44.413235,46.529808,40.064137,1.0,36.128589911962024,36.0,37.0,37.0,37.0,37.0,0
Loundoungou,BIO_FP_FH__L2A_20260609T043753_20260621T043821_T_G01_M03_C___T033_F003,2026-06-09,55,33,17.056099891662598,2.3501622676849365,34.58031463623047,0.999999971772387,8649,1.01412832736969,25.494828517669482,29.205832,40.070587,41.745506,43.712612,45.447876,38.732315,1.0,36.53660269066948,36.693634033203125,37.0,37.0,38.0,38.0,0
Loundoungou,BIO_FP_FH__L2A_20260609T043753_20260621T043821_T_G01_M03_C___T033_F003,2026-06-09,55,34,17.056933403015137,2.3501622676849365,33.35762023925781,1.0,8649,1.0176986455917358,19.34446991704243,19.669436,35.381367,37.582882,41.074238,43.985355,32.859776,1.0,37.43148634565787,37.0,38.0,38.0,39.0,39.0,0
Loundoungou,BIO_FP_FH__L2A_20260609T043753_20260621T043821_T_G01_M03_C___T033_F003,2026-06-09,55,35,17.057766914367676,2.3501622676849365,32.49781799316406,1.0,8649,1.0408985614776611,28.236729860388483,30.526924,38.383343,39.633175,41.674805,45.40956,36.805103,1.0,37.91630098676114,38.0,39.0,39.0,39.0,39.0,0
Loundoungou,BIO_FP_FH__L2A_20260609T043753_20260621T043821_T_G01_M03_C___T033_F003,2026-06-09,55,36,17.058600425720215,2.3501622676849365,32.19481658935547,1.0,8649,1.0452985763549805,26.341344555728988,28.479445,37.827538,40.624382,42.802338,44.67957,35.765728,1.0,37.986384492455805,38.0,39.0,39.0,39.0,39.0,0
Loundoungou,BIO_FP_FH__L2A_20260609T043753_20260621T043821_T_G01_M03_C___T033_F003,2026-06-09,55,37,17.059433937072754,2.3501622676849365,32.01881790161133,0.9958685501033356,8620,1.0576986074447632,31.6273925847157,35.165695,41.24344,42.67864,44.853443,47.145084,40.32378,1.0,38.73349467293074,39.0,39.0,39.36911392211914,40.0,40.0,0
Loundoungou,BIO_FP_FH__L2A_20260609T043753_20260621T043821_T_G01_M03_C___T033_F003,2026-06-09,56,17,17.042763710021973,2.3493287563323975,36.398406982421875,0.9892691600004335,8573,1.0363014936447144,31.33625622215279,33.243607,40.816555,42.2636,44.139885,46.335743,40.08573,1.0,38.48884995436583,38.624168395996094,39.0,39.0,40.0,40.0,0
Loundoungou,BIO_FP_FH__L2A_20260609T043753_20260621T043821_T_G01_M03_C___T033_F003,2026-06-09,56,18,17.04359722137451,2.3493287563323975,36.18179702758789,1.0,8649,1.023093819618225,24.83331797751185,26.150015,37.7149,39.257835,41.44108,43.18484,35.971367,1.0,34.93212383630607,35.0,37.0,37.0,38.0,38.0,0
Loundoungou,BIO_FP_FH__L2A_20260609T043753_20260621T043821_T_G01_M03_C___T033_F003,2026-06-09,56,19,17.04443073272705,2.3493287563323975,35.92539596557617,1.0,8649,1.0102938413619995,16.657660025725516,16.688276,34.61296,36.387913,39.167664,41.459675,32.17771,1.0,32.19865106557722,32.0,35.0,35.0,35.0,35.0,0
Loundoungou,BIO_FP_FH__L2A_20260609T043753_20260621T043821_T_G01_M03_C___T033_F003,2026-06-09,56,20,17.04526424407959,2.3493287563323975,36.3257942199707,1.0,8649,1.0100938081741333,28.340750195109262,30.992064,36.989098,38.09407,40.317085,42.250645,36.042473,1.0,36.23629743452774,36.0,38.0,39.0,39.0,39.0,0
Loundoungou,BIO_FP_FH__L2A_20260609T043753_20260621T043821_T_G01_M03_C___T033_F003,2026-06-09,56,21,17.04609775543213,2.3493287563323975,36.73179626464844,1.0,8649,1.0100938081741333,33.06458477858712,35.16002,42.789257,44.453667,46.868942,48.87421,41.457108,1.0,39.24288452047877,39.0,41.0,41.0,41.0,41.0,0
Loundoungou,BIO_FP_FH__L2A_20260609T043753_20260621T043821_T_G01_M03_C___T033_F003,2026-06-09,56,22,17.046931266784668,2.3493287563323975,36.716796875,1.0,8649,1.0100938081741333,27.14553886287432,29.866732,38.407673,40.784008,44.007133,46.57877,37.19539,1.0,38.4086488478307,39.0,39.0,39.0,39.0,39.0,0
Loundoungou,BIO_FP_FH__L2A_20260609T043753_20260621T043821_T_G01_M03_C___T033_F003,2026-06-09,56,23,17.047764778137207,2.3493287563323975,36.17899703979492,1.0,8649,1.0134937763214111,26.18165756156781,28.738205,37.01656,38.371365,41.145893,43.701443,35.924084,1.0,37.76889133662871,38.0,39.0,39.0,39.0,39.0,0
Loundoungou,BIO_FP_FH__L2A_20260609T043753_20260621T043821_T_G01_M03_C___T033_F003,2026-06-09,56,24,17.048598289489746,2.3493287563323975,35.5823974609375,1.0,8649,1.0220937728881836,31.895500021678806,34.071926,38.709366,40.103073,43.849415,47.53573,38.006847,1.0,37.25079876911518,37.0,38.0,38.0,39.0,39.0,0
Loundoungou,BIO_FP_FH__L2A_20260609T043753_20260621T043821_T_G01_M03_C___T033_F003,2026-06-09,56,25,17.049431800842285,2.3493287563323975,35.438594818115234,1.0,8649,1.0206937789916992,33.49124266533703,36.870705,42.16643,42.96274,44.443455,46.664795,40.95591,1.0,38.07668454490765,38.0,39.0,39.0,40.0,40.0,0
Loundoungou,BIO_FP_FH__L2A_20260609T043753_20260621T043821_T_G01_M03_C___T033_F003,2026-06-09,56,26,17.050265312194824,2.3493287563323975,35.38211441040039,1.0,8649,1.0173283815383911,29.775356074401664,31.604712,39.063854,40.73158,43.046932,45.953373,37.176167,1.0,37.303854428160214,37.0,38.0,38.0,39.0,39.0,0
Loundoungou,BIO_FP_FH__L2A_20260609T043753_20260621T043821_T_G01_M03_C___T033_F003,2026-06-09,56,27,17.051098823547363,2.3493287563323975,35.05671310424805,1.0,8649,1.0239282846450806,29.966262356919874,32.14766,41.10197,44.94334,46.85503,48.16003,39.073742,1.0,37.75930060550841,38.0,38.468502044677734,39.0,39.0,39.0,0
Loundoungou,BIO_FP_FH__L2A_20260609T043753_20260621T043821_T_G01_M03_C___T033_F003,2026-06-09,56,28,17.051932334899902,2.3493287563323975,35.521915435791016,1.0,8649,1.0119283199310303,29.898991212856977,32.99975,39.30371,40.815636,45.10305,47.80637,38.054478,1.0,37.45833689618736,37.0,38.0,39.0,39.0,39.0,0
Loundoungou,BIO_FP_FH__L2A_20260609T043753_20260621T043821_T_G01_M03_C___T033_F003,2026-06-09,56,29,17.05276584625244,2.3493287563323975,35.64711380004883,1.0,8649,1.010128378868103,28.570711751358537,32.99555,40.675793,42.129604,43.7706,44.985886,39.517513,1.0,38.181111688489295,38.0,39.0,39.0,39.0,39.0,0
Loundoungou,BIO_FP_FH__L2A_20260609T043753_20260621T043821_T_G01_M03_C___T033_F003,2026-06-09,56,30,17.05359935760498,2.3493287563323975,35.66011428833008,1.0,8649,1.010128378868103,30.905654736096658,34.61311,40.861023,41.98214,43.529068,45.26697,40.357967,1.0,37.76029160378613,38.0,39.0,39.0,39.0,39.0,0
Loundoungou,BIO_FP_FH__L2A_20260609T043753_20260621T043821_T_G01_M03_C___T033_F003,2026-06-09,56,31,17.05443286895752,2.3493287563323975,35.62811279296875,0.999999971772387,8649,1.010128378868103,27.682636599139347,28.344917,39.374832,43.957344,50.962635,52.846985,36.363487,1.0,37.023623858260095,37.0,38.0,38.0,39.0,39.0,0
Loundoungou,BIO_FP_FH__L2A_20260609T043753_20260621T043821_T_G01_M03_C___T033_F003,2026-06-09,56,32,17.05526638031006,2.3493287563323975,35.097312927246094,1.000000056455226,8649,1.010128378868103,23.243711833799438,24.075932,37.082653,38.749626,43.0938,50.68048,35.054913,1.0,37.10257352444599,37.0,38.0,38.0,38.0,38.0,0
Loundoungou,BIO_FP_FH__L2A_20260609T043753_20260621T043821_T_G01_M03_C___T033_F003,2026-06-09,56,33,17.056099891662598,2.3493287563323975,33.947914123535156,1.0,8649,1.013128399848938,21.547554269279686,22.678488,33.659103,36.663677,39.19524,41.92329,31.367586,1.0,37.994043569645314,38.0,39.0,39.0,40.0,40.0,0
Loundoungou,BIO_FP_FH__L2A_20260609T043753_20260621T043821_T_G01_M03_C___T033_F003,2026-06-09,56,34,17.056933403015137,2.3493287563323975,32.924217224121094,1.0,8649,1.0452985763549805,17.816794210313333,16.446823,34.95831,37.624332,40.11129,43.585823,31.12846,1.0,38.3614275320677,38.0,39.0,39.0,40.0,40.0,0
Loundoungou,BIO_FP_FH__L2A_20260609T043753_20260621T043821_T_G01_M03_C___T033_F003,2026-06-09,56,35,17.057766914367676,2.3493287563323975,32.07461929321289,1.0,8649,1.094498634338379,32.67118850445138,34.37029,40.170277,41.35558,43.30815,45.63487,39.412308,1.0,38.04758548460912,38.0,38.862667083740234,39.0,39.0,39.0,0
Loundoungou,BIO_FP_FH__L2A_20260609T043753_20260621T043821_T_G01_M03_C___T033_F003,2026-06-09,56,36,17.058600425720215,2.3493287563323975,31.668018341064453,0.9987392418921263,8641,1.092498540878296,26.217592174924622,28.943586,39.318752,41.343193,43.25299,44.59106,38.14759,1.0,37.99019177159294,38.0,39.0,39.0,39.0,39.0,0
Loundoungou,BIO_FP_FH__L2A_20260609T043753_20260621T043821_T_G01_M03_C___T033_F003,2026-06-09,57,18,17.04359722137451,2.3484952449798584,36.43479537963867,0.9802646079026477,8495,1.0244938135147095,29.543470999291852,31.924334,39.45686,41.508522,45.043842,47.128174,38.10206,1.0,35.88613486270682,36.01655578613281,38.34326934814453,39.0,39.0,39.0,0
Loundoungou,BIO_FP_FH__L2A_20260609T043753_20260621T043821_T_G01_M03_C___T033_F003,2026-06-09,57,19,17.04443073272705,2.3484952449798584,36.06499481201172,1.0,8649,1.0124938488006592,13.49701374436351,10.875416,31.975004,34.128338,36.384823,38.73385,29.866371,1.0,30.33349770051866,30.0,32.0,33.0,33.0,34.0,0
Loundoungou,BIO_FP_FH__L2A_20260609T043753_20260621T043821_T_G01_M03_C___T033_F003,2026-06-09,57,20,17.04526424407959,2.3484952449798584,36.38619613647461,1.0,8649,1.0100938081741333,22.119054587235517,22.25715,36.183285,37.77557,40.66417,42.33066,34.054165,1.0,33.80718421517032,34.0,36.0,36.0,36.0,36.0,0
Loundoungou,BIO_FP_FH__L2A_20260609T043753_20260621T043821_T_G01_M03_C___T033_F003,2026-06-09,57,21,17.04609775543213,2.3484952449798584,36.87999725341797,1.0,8649,1.0100938081741333,28.360979231703087,31.84673,39.006775,40.452564,43.878464,46.111473,37.78136,1.0,38.216046513153756,38.0,40.0,40.0,40.0,40.0,0
Loundoungou,BIO_FP_FH__L2A_20260609T043753_20260621T043821_T_G01_M03_C___T033_F003,2026-06-09,57,22,17.046931266784668,2.3484952449798584,37.02019500732422,1.0,8649,1.0100938081741333,27.469293776737196,30.415808,40.35843,41.442936,43.210503,47.112774,38.86622,1.0,38.9662648259539,39.0,40.0,41.0,41.0,41.0,0
Loundoungou,BIO_FP_FH__L2A_20260609T043753_20260621T043821_T_G01_M03_C___T033_F003,2026-06-09,57,23,17.047764778137207,2.3484952449798584,36.51899719238281,1.0,8649,1.0100938081741333,28.609798640016187,31.52402,39.447826,40.59131,42.71133,45.419903,38.087788,1.0,38.34754119027983,38.0,39.0,39.0,39.0,39.0,0
Loundoungou,BIO_FP_FH__L2A_20260609T043753_20260621T043821_T_G01_M03_C___T033_F003,2026-06-09,57,24,17.048598289489746,2.3484952449798584,35.95539474487305,1.0,8649,1.0100938081741333,25.998675786218058,28.798525,37.288612,40.678608,45.866524,47.986755,36.26105,1.0,38.531191189091444,39.0,39.0,39.0,39.0,39.0,0
Loundoungou,BIO_FP_FH__L2A_20260609T043753_20260621T043821_T_G01_M03_C___T033_F003,2026-06-09,57,25,17.049431800842285,2.3484952449798584,35.91259765625,1.0,8649,1.0100938081741333,30.791247543068565,33.719715,38.927917,39.966488,41.496754,43.40748,38.142017,1.0,37.60247648805673,38.0,38.0,38.0,39.0,39.0,0
Loundoungou,BIO_FP_FH__L2A_20260609T043753_20260621T043821_T_G01_M03_C___T033_F003,2026-06-09,57,26,17.050265312194824,2.3484952449798584,35.9005126953125,1.0,8649,1.010128378868103,27.368530682737887,30.172464,38.737247,40.967976,43.220257,45.29706,37.789806,1.0,37.25753577412422,37.0,38.0,38.0,38.0,38.0,0
Loundoungou,BIO_FP_FH__L2A_20260609T043753_20260621T043821_T_G01_M03_C___T033_F003,2026-06-09,57,27,17.051098823547363,2.3484952449798584,35.88871383666992,1.0,8649,1.010128378868103,27.099723414556596,31.570105,38.792213,39.92843,45.41846,48.101387,38.17119,1.0,37.4584239250057,38.0,38.0,38.0,38.0,38.16666,0
Loundoungou,BIO_FP_FH__L2A_20260609T043753_20260621T043821_T_G01_M03_C___T033_F003,2026-06-09,57,28,17.051932334899902,2.3484952449798584,35.49331283569336,1.0,8649,1.010128378868103,33.833255650942306,35.001373,41.488316,42.59972,44.42767,46.863426,40.75155,1.0,36.62684259140115,37.0,38.0,38.0,38.0,38.0,0
Loundoungou,BIO_FP_FH__L2A_20260609T043753_20260621T043821_T_G01_M03_C___T033_F003,2026-06-09,57,29,17.05276584625244,2.3484952449798584,35.38551330566406,0.999999971772387,8649,1.010128378868103,34.09052082008105,35.779964,41.008396,42.54396,45.002705,47.590412,39.928207,1.0,37.31590171361441,37.0,38.0,38.0,38.0,38.16666,0
Loundoungou,BIO_FP_FH__L2A_20260609T043753_20260621T043821_T_G01_M03_C___T033_F003,2026-06-09,57,30,17.05359935760498,2.3484952449798584,35.41431427001953,0.9999998306343219,8649,1.010128378868103,29.779610164178035,32.48845,38.10169,39.05121,40.606365,43.113182,37.65871,1.0,37.21459998824249,37.0,38.0,38.0,39.0,39.0,0
Loundoungou,BIO_FP_FH__L2A_20260609T043753_20260621T043821_T_G01_M03_C___T033_F003,2026-06-09,57,31,17.05443286895752,2.3484952449798584,34.96751403808594,1.0,8649,1.010128378868103,32.35772018441438,35.156242,41.38299,42.602062,44.149933,46.407284,40.515903,1.0,37.269596059276324,37.0,38.0,38.0,39.0,39.0,0
Loundoungou,BIO_FP_FH__L2A_20260609T043753_20260621T043821_T_G01_M03_C___T033_F003,2026-06-09,57,32,17.05526638031006,2.3484952449798584,34.30711364746094,1.0,8649,1.010128378868103,16.34214396172968,15.132777,34.168774,36.641098,41.190105,43.21613,27.805967,1.0,36.88053323668763,37.0,38.0,38.0,38.0,38.0,0
Loundoungou,BIO_FP_FH__L2A_20260609T043753_20260621T043821_T_G01_M03_C___T033_F003,2026-06-09,57,33,17.056099891662598,2.3484952449798584,33.47871398925781,1.0,8649,1.0343283414840698,18.503357505202914,19.506878,30.528286,33.062042,35.876244,38.93545,27.204018,1.0,38.695500718195156,39.0,40.0,40.0,40.0,40.0,0
Loundoungou,BIO_FP_FH__L2A_20260609T043753_20260621T043821_T_G01_M03_C___T033_F003,2026-06-09,57,34,17.056933403015137,2.3484952449798584,32.63081741333008,1.0,8649,1.0760985612869263,23.023487180598913,26.118656,38.925617,40.39469,43.320606,45.42304,37.293945,1.0,39.36376466242781,39.0,40.0,40.0,40.0,40.0,0
Loundoungou,BIO_FP_FH__L2A_20260609T043753_20260621T043821_T_G01_M03_C___T033_F003,2026-06-09,57,35,17.057766914367676,2.3484952449798584,32.24761962890625,0.993993897867528,8613,1.0984985828399658,26.280466627458253,28.416018,38.485672,42.40551,47.03954,49.72923,37.488766,1.0,38.32040865471741,38.0,39.0,39.0,39.0,39.0,0
Loundoungou,BIO_FP_FH__L2A_20260609T043753_20260621T043821_T_G01_M03_C___T033_F003,2026-06-09,58,19,17.04443073272705,2.3476617336273193,36.11379623413086,0.9937441399475373,8609,1.0130938291549683,24.669055098978028,29.713396,38.7091,40.70641,44.45068,47.296246,36.99052,1.0,34.460675087508776,35.0,37.0,38.0,38.0,40.0,0
Loundoungou,BIO_FP_FH__L2A_20260609T043753_20260621T043821_T_G01_M03_C___T033_F003,2026-06-09,58,20,17.04526424407959,2.3476617336273193,36.26679611206055,1.0,8649,1.0100938081741333,27.49613394612094,32.805023,39.766037,40.754864,42.28724,44.062546,39.006767,1.0,35.39897270259974,36.0,37.0,37.36313247680664,38.0,38.0,0
Loundoungou,BIO_FP_FH__L2A_20260609T043753_20260621T043821_T_G01_M03_C___T033_F003,2026-06-09,58,21,17.04609775543213,2.3476617336273193,36.67219543457031,1.0,8649,1.0100938081741333,29.158436849635795,32.610596,40.09994,41.73283,43.986107,46.179234,38.832397,1.0,38.439395843234166,38.0,39.0,40.0,40.0,40.0,0
Loundoungou,BIO_FP_FH__L2A_20260609T043753_20260621T043821_T_G01_M03_C___T033_F003,2026-06-09,58,22,17.046931266784668,2.3476617336273193,36.94379425048828,1.0,8649,1.0100938081741333,30.993273246907158,34.627613,41.882877,43.798435,47.51148,49.169983,39.8267,1.0,38.08016115828792,38.0,39.0,40.0,40.0,40.0,0
Loundoungou,BIO_FP_FH__L2A_20260609T043753_20260621T043821_T_G01_M03_C___T033_F003,2026-06-09,58,23,17.047764778137207,2.3476617336273193,36.30659484863281,1.0,8649,1.0100938081741333,33.07565813244306,35.119183,40.611572,41.593933,43.35348,46.630966,39.471935,1.0,38.78419395655838,39.0,40.0,40.0,40.0,40.0,0
Loundoungou,BIO_FP_FH__L2A_20260609T043753_20260621T043821_T_G01_M03_C___T033_F003,2026-06-09,58,24,17.048598289489746,2.3476617336273193,35.68019485473633,1.0,8649,1.0100938081741333,27.907099989883225,32.084625,39.330276,41.21133,43.83318,45.427578,37.94407,1.0,38.02409480202196,38.0,39.0,40.0,40.0,40.0,0
Loundoungou,BIO_FP_FH__L2A_20260609T043753_20260621T043821_T_G01_M03_C___T033_F003,2026-06-09,58,25,17.049431800842285,2.3476617336273193,35.59379577636719,1.0,8649,1.0100938081741333,32.33753992513586,34.488045,38.92676,39.8262,42.03186,43.663147,38.204075,1.0,37.8779037851366,38.0,39.0,39.0,39.0,39.0,0
Loundoungou,BIO_FP_FH__L2A_20260609T043753_20260621T043821_T_G01_M03_C___T033_F003,2026-06-09,58,26,17.050265312194824,2.3476617336273193,36.11491394042969,1.0,8649,1.010128378868103,25.514126452480056,28.688644,38.423912,39.95631,44.12993,47.571064,37.048973,1.0,37.122073682171305,37.0,38.0,38.0,38.0,38.0,0
Loundoungou,BIO_FP_FH__L2A_20260609T043753_20260621T043821_T_G01_M03_C___T033_F003,2026-06-09,58,27,17.051098823547363,2.3476617336273193,36.50291442871094,1.0,8649,1.010128378868103,28.68801848479593,32.107285,42.477615,43.59342,45.409084,48.26114,41.581665,1.0,36.96092958700617,37.0,38.0,38.0,39.0,39.0,0
Loundoungou,BIO_FP_FH__L2A_20260609T043753_20260621T043821_T_G01_M03_C___T033_F003,2026-06-09,58,28,17.051932334899902,2.3476617336273193,36.17311477661133,1.000000056455226,8649,1.010128378868103,32.87910266455667,34.445274,41.466347,42.822647,44.31638,45.216873,40.32568,1.0,36.008414836243574,36.0,37.0,37.0,38.0,38.0,0
Loundoungou,BIO_FP_FH__L2A_20260609T043753_20260621T043821_T_G01_M03_C___T033_F003,2026-06-09,58,29,17.05276584625244,2.3476617336273193,35.73711395263672,0.9999997459514828,8649,1.010128378868103,30.899877054600264,32.06594,38.74459,39.592487,40.69449,42.25399,37.908382,1.0,36.445229203401375,36.63686752319336,37.0,37.0,37.0,38.0,0
Loundoungou,BIO_FP_FH__L2A_20260609T043753_20260621T043821_T_G01_M03_C___T033_F003,2026-06-09,58,30,17.05359935760498,2.3476617336273193,35.20851516723633,1.0,8649,1.010128378868103,27.47575406116314,29.890467,40.013176,42.806786,45.463917,46.873043,38.33714,1.0,37.310080282701094,37.0,38.0,38.143978118896484,39.0,39.0,0
Loundoungou,BIO_FP_FH__L2A_20260609T043753_20260621T043821_T_G01_M03_C___T033_F003,2026-06-09,58,31,17.05443286895752,2.3476617336273193,34.50251388549805,1.0,8649,1.010128378868103,36.96605550497167,39.226604,43.225735,44.0101,45.002365,45.87802,42.77645,1.0,37.95437432195509,38.0,39.0,39.0,39.0,39.0,0
Loundoungou,BIO_FP_FH__L2A_20260609T043753_20260621T043821_T_G01_M03_C___T033_F003,2026-06-09,58,32,17.05526638031006,2.3476617336273193,33.96071243286133,1.0,8649,1.010128378868103,24.01803676725633,27.547594,40.689648,42.89154,45.53338,48.564285,37.54176,1.0,37.62330534863656,38.0,39.0,39.0,39.0,39.0,0
Loundoungou,BIO_FP_FH__L2A_20260609T043753_20260621T043821_T_G01_M03_C___T033_F003,2026-06-09,58,33,17.056099891662598,2.3476617336273193,33.302913665771484,1.0,8649,1.0259283781051636,27.600872391316916,27.51161,41.23925,44.14255,46.652245,48.848904,39.328262,1.0,38.091356066861366,38.0,39.0,39.0,39.0,39.0,0
Loundoungou,BIO_FP_FH__L2A_20260609T043753_20260621T043821_T_G01_M03_C___T033_F003,2026-06-09,58,34,17.056933403015137,2.3476617336273193,32.77281951904297,0.9978150133866632,8632,1.054498553276062,26.663296377725835,29.517277,39.85958,41.739822,45.450718,47.56056,38.352272,1.0,39.104413439516584,39.0,40.0,40.0,40.0,40.0,0
Loundoungou,BIO_FP_FH__L2A_20260609T043753_20260621T043821_T_G01_M03_C___T033_F003,2026-06-09,59,20,17.04526424407959,2.3468282222747803,36.73713684082031,0.9825134171490201,8536,1.0101014375686646,24.773276293935393,31.08079,40.043003,41.599335,44.092396,46.27625,39.276215,1.0,36.41511347578059,36.0,37.0,38.0,38.0,38.0,0
Loundoungou,BIO_FP_FH__L2A_20260609T043753_20260621T043821_T_G01_M03_C___T033_F003,2026-06-09,59,21,17.04609775543213,2.3468282222747803,36.535335540771484,1.0,8649,1.0101014375686646,31.663339873106718,33.71442,41.25415,43.252068,45.593166,47.400284,39.631947,1.0,37.79632614273352,38.0,39.0,39.0,39.0,39.0,0
Loundoungou,BIO_FP_FH__L2A_20260609T043753_20260621T043821_T_G01_M03_C___T033_F003,2026-06-09,59,22,17.046931266784668,2.3468282222747803,36.648536682128906,1.0,8649,1.0101014375686646,35.158724093825874,37.302216,43.231766,44.091362,45.495724,46.58836,42.437084,1.0,37.75821592683998,38.0,38.0,38.0,38.0,39.0,0
Loundoungou,BIO_FP_FH__L2A_20260609T043753_20260621T043821_T_G01_M03_C___T033_F003,2026-06-09,59,23,17.047764778137207,2.3468282222747803,36.055938720703125,1.0,8649,1.0101014375686646,30.158272452017574,33.3203,39.563034,40.90624,42.695866,44.1852,38.682022,1.0,38.368844313130296,38.0,39.0,39.0,40.0,40.0,0
Loundoungou,BIO_FP_FH__L2A_20260609T043753_20260621T043821_T_G01_M03_C___T033_F003,2026-06-09,59,24,17.048598289489746,2.3468282222747803,35.462337493896484,1.0,8649,1.0101014375686646,30.543658407041278,32.900486,39.91505,41.110325,43.21231,45.447342,39.098644,1.0,39.013182499047886,39.0,40.0,40.0,40.0,40.0,0
Loundoungou,BIO_FP_FH__L2A_20260609T043753_20260621T043821_T_G01_M03_C___T033_F003,2026-06-09,59,25,17.049431800842285,2.3468282222747803,35.18573760986328,1.0,8649,1.0101014375686646,17.998726370100588,18.920998,35.496532,39.448277,42.72687,44.653137,31.6668,1.0,37.84878814023331,38.0,39.0,39.0,39.0,39.0,0
Loundoungou,BIO_FP_FH__L2A_20260609T043753_20260621T043821_T_G01_M03_C___T033_F003,2026-06-09,59,26,17.050265312194824,2.3468282222747803,35.669437408447266,1.0,8649,1.0101014375686646,28.21375664816742,31.221165,39.487396,40.40051,41.89984,43.188698,38.525684,1.0,37.67636087801101,38.0,39.0,39.0,39.0,39.0,0
Loundoungou,BIO_FP_FH__L2A_20260609T043753_20260621T043821_T_G01_M03_C___T033_F003,2026-06-09,59,27,17.051098823547363,2.3468282222747803,36.213436126708984,0.9999998024067088,8649,1.0101014375686646,29.68629636905037,31.30541,38.72299,40.46756,42.58661,44.94197,37.82984,1.0,37.24450178143054,37.0,38.0,38.0,39.0,39.0,0
Loundoungou,BIO_FP_FH__L2A_20260609T043753_20260621T043821_T_G01_M03_C___T033_F003,2026-06-09,59,28,17.051932334899902,2.3468282222747803,36.342437744140625,0.9999998588619349,8649,1.0101014375686646,31.395422253958845,33.333233,38.399708,39.783916,41.86534,43.578648,37.43744,1.0,37.125515100569764,37.0,38.0,38.0,39.0,39.0,0
Loundoungou,BIO_FP_FH__L2A_20260609T043753_20260621T043821_T_G01_M03_C___T033_F003,2026-06-09,59,29,17.05276584625244,2.3468282222747803,36.18883514404297,1.0,8649,1.0101014375686646,26.518208391143485,27.340048,40.78399,42.519962,43.949493,45.65663,37.98905,1.0,36.314954388746706,36.0,37.0,38.0,38.0,38.0,0
Loundoungou,BIO_FP_FH__L2A_20260609T043753_20260621T043821_T_G01_M03_C___T033_F003,2026-06-09,59,30,17.05359935760498,2.3468282222747803,35.740238189697266,1.0,8649,1.0101014375686646,27.319128295178633,28.371828,42.798367,44.687756,46.248997,47.422092,41.50675,1.0,37.48608866927665,37.0,39.0,39.0,39.0,39.0,0
Loundoungou,BIO_FP_FH__L2A_20260609T043753_20260621T043821_T_G01_M03_C___T033_F003,2026-06-09,59,31,17.05443286895752,2.3468282222747803,34.86383819580078,1.0,8649,1.0101014375686646,32.11585876979998,33.433315,42.035244,44.119366,46.592033,48.00849,40.000473,1.0,38.83096319166191,39.0,40.0,40.0,40.0,40.0,0
Loundoungou,BIO_FP_FH__L2A_20260609T043753_20260621T043821_T_G01_M03_C___T033_F003,2026-06-09,59,32,17.05526638031006,2.3468282222747803,33.97743606567383,1.0,8649,1.0101014375686646,28.831709229390682,31.032312,39.862656,43.114048,47.6233,49.058876,38.4234,1.0,38.172719294521244,38.0,39.0,39.0,40.0,40.0,0
Loundoungou,BIO_FP_FH__L2A_20260609T043753_20260621T043821_T_G01_M03_C___T033_F003,2026-06-09,59,33,17.056099891662598,2.3468282222747803,33.29783630371094,0.997871694433605,8637,1.0103014707565308,28.48550155970543,29.550436,39.74954,41.995926,44.924885,47.766052,38.257954,1.0,37.1545607811289,37.0,38.0,38.0,38.0,39.0,0
Loundoungou,BIO_FP_FH__L2A_20260609T043753_20260621T043821_T_G01_M03_C___T033_F003,2026-06-09,60,21,17.04609775543213,2.345994710922241,36.8281364440918,0.9353767189487224,8165,1.0101014375686646,30.66615179313479,32.709274,40.093105,41.786346,44.18747,47.665413,39.290794,1.0,35.85917425271417,36.0,37.0,38.0,38.0,38.0,0
Loundoungou,BIO_FP_FH__L2A_20260609T043753_20260621T043821_T_G01_M03_C___T033_F003,2026-06-09,60,22,17.046931266784668,2.345994710922241,36.62793731689453,1.0,8649,1.0101014375686646,31.802587365591396,34.702164,40.152954,41.73115,43.856617,45.972534,38.63642,1.0,37.16315038775637,37.0,38.0,39.0,39.0,39.0,0
Loundoungou,BIO_FP_FH__L2A_20260609T043753_20260621T043821_T_G01_M03_C___T033_F003,2026-06-09,60,23,17.047764778137207,2.345994710922241,36.251338958740234,1.0,8649,1.0101014375686646,31.34982096918719,34.071987,40.563343,42.439575,45.943676,49.11821,39.329166,1.0,37.44051191189038,37.21414566040039,38.0,38.0,39.0,39.0,0
Loundoungou,BIO_FP_FH__L2A_20260609T043753_20260621T043821_T_G01_M03_C___T033_F003,2026-06-09,60,24,17.048598289489746,2.345994710922241,35.82233810424805,1.0,8649,1.0101014375686646,26.80362975488496,29.203451,37.40988,39.502666,42.846176,47.44609,36.56206,1.0,37.15589668731742,37.0,39.0,39.0,40.0,40.0,0
Loundoungou,BIO_FP_FH__L2A_20260609T043753_20260621T043821_T_G01_M03_C___T033_F003,2026-06-09,60,25,17.049431800842285,2.345994710922241,35.581138610839844,1.0,8649,1.0101014375686646,30.916056046941844,32.764084,39.98256,41.414154,42.9385,44.60028,38.6852,1.0,38.48514053065979,39.0,39.0,39.0,40.0,40.0,0
Loundoungou,BIO_FP_FH__L2A_20260609T043753_20260621T043821_T_G01_M03_C___T033_F003,2026-06-09,60,26,17.050265312194824,2.345994710922241,35.74183654785156,0.999999971772387,8649,1.0101014375686646,26.852748366093973,29.733124,38.599976,40.2343,42.400223,45.933342,37.356686,1.0,38.96766965471123,39.0,40.0,40.0,40.0,40.0,0
Loundoungou,BIO_FP_FH__L2A_20260609T043753_20260621T043821_T_G01_M03_C___T033_F003,2026-06-09,60,27,17.051098823547363,2.345994710922241,35.90263748168945,0.9999998306343219,8649,1.0101014375686646,29.978425631715737,32.388077,39.97193,43.1859,46.390408,48.07631,38.690468,1.0,37.19118707802188,38.0,39.0,39.0,40.0,40.0,0
Loundoungou,BIO_FP_FH__L2A_20260609T043753_20260621T043821_T_G01_M03_C___T033_F003,2026-06-09,60,28,17.051932334899902,2.345994710922241,36.06483459472656,1.0,8649,1.0101014375686646,30.95788259480865,33.84877,40.881557,42.650574,44.55622,46.419544,39.077633,1.0,38.33275837081749,38.0,39.0,40.0,40.0,40.0,0
Loundoungou,BIO_FP_FH__L2A_20260609T043753_20260621T043821_T_G01_M03_C___T033_F003,2026-06-09,60,29,17.05276584625244,2.345994710922241,35.91763687133789,1.0,8649,1.0107014179229736,26.307230243380737,28.681568,39.747925,41.262653,45.03849,47.218716,38.369305,1.0,37.551320662042535,37.299129486083984,38.0,39.0,39.0,39.0,0
Loundoungou,BIO_FP_FH__L2A_20260609T043753_20260621T043821_T_G01_M03_C___T033_F003,2026-06-09,60,30,17.05359935760498,2.345994710922241,35.744834899902344,1.0,8649,1.0119013786315918,29.860617014972828,30.643206,46.148754,48.341587,53.04407,55.16619,43.745506,1.0,37.98719012705573,38.0,39.0,39.0,39.0,39.0,0
Loundoungou,BIO_FP_FH__L2A_20260609T043753_20260621T043821_T_G01_M03_C___T033_F003,2026-06-09,60,31,17.05443286895752,2.345994710922241,35.58783721923828,1.0,8649,1.0101014375686646,32.28284519886692,34.552643,42.967983,44.22764,45.194427,46.904648,42.181053,1.0,38.67999304229916,39.0,39.0,39.0,40.0,40.0,0
Loundoungou,BIO_FP_FH__L2A_20260609T043753_20260621T043821_T_G01_M03_C___T033_F003,2026-06-09,60,32,17.05526638031006,2.345994710922241,34.770835876464844,0.9809592894590415,8514,1.0101014375686646,32.06242123780659,34.59063,42.039635,43.362534,45.346035,48.064365,40.135815,1.0,38.68449902454543,39.0,40.0,40.0,40.0,40.0,0
Loundoungou,BIO_FP_FH__L2A_20260609T043753_20260621T043821_T_G01_M03_C___T033_F003,2026-06-09,61,22,17.046931266784668,2.345161199569702,36.75173568725586,0.9429405054504133,8208,1.0101014375686646,30.01289206190338,31.854126,38.774445,40.10012,41.824684,43.622993,37.99347,1.0,35.360942012272154,35.17713165283203,38.0,39.0,39.0,39.0,0
Loundoungou,BIO_FP_FH__L2A_20260609T043753_20260621T043821_T_G01_M03_C___T033_F003,2026-06-09,61,23,17.047764778137207,2.345161199569702,36.57413864135742,1.0,8649,1.0101014375686646,30.949541673892934,31.94658,45.15979,48.066547,51.533405,53.5524,44.424988,1.0,38.16156961408181,38.0,40.0,40.0,41.0,41.0,0
Loundoungou,BIO_FP_FH__L2A_20260609T043753_20260621T043821_T_G01_M03_C___T033_F003,2026-06-09,61,24,17.048598289489746,2.345161199569702,36.257537841796875,1.0,8649,1.0105013847351074,25.425953325528962,26.5036,40.276424,41.946358,43.653114,45.82344,37.780518,1.0,37.76146411179035,38.0,38.0,39.0,40.0,40.0,0
Loundoungou,BIO_FP_FH__L2A_20260609T043753_20260621T043821_T_G01_M03_C___T033_F003,2026-06-09,61,25,17.049431800842285,2.345161199569702,36.039737701416016,1.0,8649,1.0107014179229736,27.577573093710257,30.582943,40.807045,42.425602,46.035892,49.915653,39.52026,1.0,37.21356989251546,37.0,39.0,39.0,39.0,39.0,0
Loundoungou,BIO_FP_FH__L2A_20260609T043753_20260621T043821_T_G01_M03_C___T033_F003,2026-06-09,61,26,17.050265312194824,2.345161199569702,35.877037048339844,0.9999997741790958,8649,1.0101014375686646,24.71122400151571,28.998844,36.78539,38.4699,40.9469,43.677128,35.573948,1.0,37.33073053791118,37.0,38.0,38.0,38.385223388671875,39.0,0
Loundoungou,BIO_FP_FH__L2A_20260609T043753_20260621T043821_T_G01_M03_C___T033_F003,2026-06-09,61,27,17.051098823547363,2.345161199569702,35.92403793334961,1.0,8649,1.0101014375686646,31.067908862296218,35.256268,42.673534,46.454124,51.81625,53.24734,40.354256,1.0,37.85584645707396,38.0,39.0,39.0,39.0,39.0,0
Loundoungou,BIO_FP_FH__L2A_20260609T043753_20260621T043821_T_G01_M03_C___T033_F003,2026-06-09,61,28,17.051932334899902,2.345161199569702,35.838836669921875,1.0,8649,1.011101484298706,32.83814241530813,37.35001,43.663303,45.374706,49.000195,50.2696,42.018475,1.0,38.41435545984066,38.0,39.0,39.0,40.0,40.0,0
Loundoungou,BIO_FP_FH__L2A_20260609T043753_20260621T043821_T_G01_M03_C___T033_F003,2026-06-09,61,29,17.05276584625244,2.345161199569702,35.409034729003906,1.0,8649,1.0149013996124268,30.035368070008094,31.880417,39.46062,41.038944,42.829754,49.122242,38.12436,1.0,38.556236754457224,39.0,39.0,39.0,39.0,40.0,0
Loundoungou,BIO_FP_FH__L2A_20260609T043753_20260621T043821_T_G01_M03_C___T033_F003,2026-06-09,61,30,17.05359935760498,2.345161199569702,35.13823699951172,1.0,8649,1.0169014930725098,31.667794867903805,33.357975,39.50147,40.8749,42.737427,44.3784,38.50106,1.0,37.871240138842175,38.0,39.0,39.0,39.0,39.0,0
Loundoungou,BIO_FP_FH__L2A_20260609T043753_20260621T043821_T_G01_M03_C___T033_F003,2026-06-09,61,31,17.05443286895752,2.345161199569702,34.987037658691406,0.97590936948997,8458,1.0159014463424683,29.495596864384556,31.573586,39.116497,40.261955,43.900948,46.37954,37.42497,1.0,37.64296926400719,38.0,38.0,39.0,39.0,39.0,0
Loundoungou,BIO_FP_FH__L2A_20260609T043753_20260621T043821_T_G01_M03_C___T033_F003,2026-06-09,62,23,17.047764778137207,2.344327688217163,36.365936279296875,0.959471188414123,8339,1.0145014524459839,26.07891530220281,27.631865,38.827297,42.56004,44.895023,48.21413,36.948994,1.0,40.13808699356557,40.0,42.0,42.0,42.0,42.0,0
Loundoungou,BIO_FP_FH__L2A_20260609T043753_20260621T043821_T_G01_M03_C___T033_F003,2026-06-09,62,24,17.048598289489746,2.344327688217163,35.924537658691406,0.9999998588619349,8649,1.0155013799667358,29.413306989815673,31.442312,39.732143,41.089737,43.39589,48.992233,37.740334,1.0,38.40135027342607,38.0,40.0,41.0,41.0,41.0,0
Loundoungou,BIO_FP_FH__L2A_20260609T043753_20260621T043821_T_G01_M03_C___T033_F003,2026-06-09,62,25,17.049431800842285,2.344327688217163,36.9167366027832,0.9999997177238699,8649,1.011501431465149,27.797455528371103,29.020922,38.0833,39.72026,42.118206,45.331844,37.189587,1.0,36.28220481268311,36.0,37.0,37.0,38.0,38.0,0
Loundoungou,BIO_FP_FH__L2A_20260609T043753_20260621T043821_T_G01_M03_C___T033_F003,2026-06-09,62,26,17.050265312194824,2.344327688217163,36.864234924316406,1.0,8649,1.0101014375686646,29.67779150768875,30.950996,40.148586,43.517727,48.508087,50.800613,37.569363,1.0,36.35741323029351,36.0,37.16107177734372,38.0,39.0,39.0,0
Loundoungou,BIO_FP_FH__L2A_20260609T043753_20260621T043821_T_G01_M03_C___T033_F003,2026-06-09,62,27,17.051098823547363,2.344327688217163,36.25143814086914,1.0,8649,1.0101014375686646,31.27142679066944,33.941017,40.432304,41.508347,43.53756,46.855465,39.398422,1.0,37.54268771764901,38.0,39.0,39.0,39.0,39.0,0
Loundoungou,BIO_FP_FH__L2A_20260609T043753_20260621T043821_T_G01_M03_C___T033_F003,2026-06-09,62,28,17.051932334899902,2.344327688217163,35.79423522949219,1.0,8649,1.0105013847351074,32.654278131864956,34.038876,40.21464,41.80757,45.746662,49.759296,38.941395,1.0,37.689709841908716,38.0,38.998294830322266,39.0,39.0,39.0,0
Loundoungou,BIO_FP_FH__L2A_20260609T043753_20260621T043821_T_G01_M03_C___T033_F003,2026-06-09,62,29,17.05276584625244,2.344327688217163,35.29823684692383,1.0,8649,1.0167014598846436,25.575900212452307,29.267323,38.608234,40.291927,42.76453,48.192013,37.07169,1.0,37.64649766226672,38.0,38.54854202270508,39.0,39.0,39.0,0
Loundoungou,BIO_FP_FH__L2A_20260609T043753_20260621T043821_T_G01_M03_C___T033_F003,2026-06-09,62,30,17.05359935760498,2.344327688217163,34.74383544921875,0.9827861241183952,8522,1.0249013900756836,21.332325381543452,22.856695,34.92935,36.653442,40.76986,42.37844,33.540947,1.0,37.35636961662724,37.0,39.0,39.0,39.0,39.0,0
Loundoungou,BIO_FP_FH__L2A_20260609T043753_20260621T043821_T_G01_M03_C___T033_F003,2026-06-09,63,24,17.048598289489746,2.343494176864624,36.7281379699707,0.9751106974072147,8461,1.0165014266967773,23.01265078781706,22.596209,39.426083,41.34082,43.961685,47.601402,35.21678,1.0,38.660319331064706,39.0,40.0,40.0,40.0,40.0,0
Loundoungou,BIO_FP_FH__L2A_20260609T043753_20260621T043821_T_G01_M03_C___T033_F003,2026-06-09,63,25,17.049431800842285,2.343494176864624,37.51673889160156,1.0,8649,1.0123014450073242,30.025294651115736,31.863428,41.306744,42.699978,45.147564,47.879124,39.909542,1.0,36.7807584483164,37.0,38.0,39.0,39.0,39.0,0
Loundoungou,BIO_FP_FH__L2A_20260609T043753_20260621T043821_T_G01_M03_C___T033_F003,2026-06-09,63,26,17.050265312194824,2.343494176864624,37.56743621826172,1.0,8649,1.0101014375686646,31.086310556133657,34.20336,39.47064,40.404133,41.857243,43.655113,38.345585,1.0,37.546879457757576,38.0,38.63745880126953,39.0,39.0,39.0,0
Loundoungou,BIO_FP_FH__L2A_20260609T043753_20260621T043821_T_G01_M03_C___T033_F003,2026-06-09,63,27,17.051098823547363,2.343494176864624,36.74043655395508,1.0,8649,1.0101014375686646,31.88369591137704,34.426765,40.20653,41.671494,44.26157,45.694344,39.37038,1.0,37.14120129450634,37.0,38.0,38.0,38.0,38.0,0
Loundoungou,BIO_FP_FH__L2A_20260609T043753_20260621T043821_T_G01_M03_C___T033_F003,2026-06-09,63,28,17.051932334899902,2.343494176864624,35.90703582763672,1.0,8649,1.0101014375686646,29.957543863452422,33.772434,40.758774,42.605667,47.32999,49.495415,39.423073,1.0,36.25650476011765,36.0,37.0,37.0,37.0,38.0,0
Loundoungou,BIO_FP_FH__L2A_20260609T043753_20260621T043821_T_G01_M03_C___T033_F003,2026-06-09,63,29,17.05276584625244,2.343494176864624,35.002037048339844,0.9575102161377038,8309,1.0271013975143433,32.95368374231834,36.635406,42.40153,43.416992,44.81914,46.710526,41.3921,1.0,38.03238607938751,38.0,39.0,39.0,39.0,39.0,0
Loundoungou,BIO_FP_FH__L2A_20260609T043753_20260621T043821_T_G01_M03_C___T033_F003,2026-06-09,64,25,17.049431800842285,2.342660665512085,37.30613708496094,0.9374311810794601,8145,1.0131014585494995,29.985957485582084,31.239075,40.291824,42.091198,44.180317,46.431705,38.924103,1.0,33.00146974102033,38.0,40.0,40.0,40.0,40.0,0
Loundoungou,BIO_FP_FH__L2A_20260609T043753_20260621T043821_T_G01_M03_C___T033_F003,2026-06-09,64,26,17.050265312194824,2.342660665512085,37.66403579711914,1.0,8649,1.0101014375686646,30.778877977222802,33.388657,40.261444,41.45898,43.046528,45.364372,38.24707,1.0,37.321936511761855,37.0,38.0,38.0,39.0,39.0,0
Loundoungou,BIO_FP_FH__L2A_20260609T043753_20260621T043821_T_G01_M03_C___T033_F003,2026-06-09,64,27,17.051098823547363,2.342660665512085,36.864036560058594,1.0,8649,1.0101014375686646,32.06316662330905,33.891544,39.84264,40.87443,42.705566,44.30633,38.908745,1.0,36.1855440866411,36.0,37.0,37.0,38.0,38.0,0
Loundoungou,BIO_FP_FH__L2A_20260609T043753_20260621T043821_T_G01_M03_C___T033_F003,2026-06-09,64,28,17.051932334899902,2.342660665512085,36.06403732299805,0.94775989050396,8238,1.0101014375686646,32.987585817451524,36.08085,41.118225,42.33409,43.98779,45.56537,40.242733,1.0,36.99450368811759,37.0,38.0,38.0,38.0,38.0,0
Loundoungou,BIO_FP_FH__L2A_20260609T043753_20260621T043821_T_G01_M03_C___T033_F003,2026-06-09,65,26,17.050265312194824,2.341827154159546,37.825435638427734,0.9311669656535437,8100,1.0101014375686646,29.02155911924298,32.666077,40.94953,42.263752,44.20627,47.256218,39.65231,1.0,38.8313365816753,39.0,40.0,40.0,40.551361083984375,41.0,0
