site,scene,biomass_date,row,col,x,y,fh,coverage,n_fine,fh_quality,als_mean,als_p50,als_p90,als_p95,als_p99,als_max,als2_p90,eth_coverage,eth_mean,eth_p50,eth_p90,eth_p95,eth_p99,eth_max,reject_reason
Loundoungou,BIO_FP_FH__L2A_20260519T043740_20260531T043807_T_G01_M03_C___T033_F003,2026-05-19,3,41,17.06293773651123,2.393329381942749,39.49699020385742,0.9999999973536613,8649,0.9574000239372253,30.873935660757372,33.210392,41.446854,44.30724,48.738003,49.884632,38.763325,1.0,38.18138298870911,38.0,39.0,39.0,39.0,39.0,0
Loundoungou,BIO_FP_FH__L2A_20260519T043740_20260531T043807_T_G01_M03_C___T033_F003,2026-05-19,3,42,17.06377124786377,2.393329381942749,38.39699172973633,0.9999560733202055,8649,0.7900000214576721,24.786434654217437,28.60933,38.551785,40.063076,45.432934,46.977325,36.90018,1.0,37.371653270688356,37.0,38.0,38.0,39.0,39.0,0
Loundoungou,BIO_FP_FH__L2A_20260519T043740_20260531T043807_T_G01_M03_C___T033_F003,2026-05-19,4,40,17.06210422515869,2.39249587059021,40.60979080200195,1.0000000004410565,8649,1.0543999671936035,24.219785547528918,28.48244,39.97163,41.880272,44.3907,46.93806,38.442535,1.0,37.03371890876621,37.0,38.0,38.8694953918457,39.0,39.0,0
Loundoungou,BIO_FP_FH__L2A_20260519T043740_20260531T043807_T_G01_M03_C___T033_F003,2026-05-19,4,41,17.06293773651123,2.39249587059021,39.96559143066406,1.0000000141138066,8649,1.0507999658584595,26.88442112272817,31.124123,40.017467,41.378708,42.734535,46.300125,37.041603,1.0,37.33522661138317,38.0,39.0,39.0,39.0,39.0,0
Loundoungou,BIO_FP_FH__L2A_20260519T043740_20260531T043807_T_G01_M03_C___T033_F003,2026-05-19,4,42,17.06377124786377,2.39249587059021,39.55559158325195,0.9999999964715484,8649,1.0537999868392944,29.279555105718746,31.710938,40.299873,44.446575,47.84048,49.662704,37.62164,1.0,37.840432832938205,38.0,38.0,39.0,39.0,39.0,0
Loundoungou,BIO_FP_FH__L2A_20260519T043740_20260531T043807_T_G01_M03_C___T033_F003,2026-05-19,4,43,17.06460475921631,2.39249587059021,39.31719207763672,1.0000000052926774,8649,1.0260000228881836,29.36471209695249,31.899918,39.727814,41.945045,46.090446,48.034042,37.92968,1.0,32.949749594520924,36.0,38.0,38.0,38.0,38.0,0
Loundoungou,BIO_FP_FH__L2A_20260519T043740_20260531T043807_T_G01_M03_C___T033_F003,2026-05-19,5,39,17.061270713806152,2.391662359237671,40.53998947143555,0.9999999995589436,8649,0.7545999884605408,30.66727686238949,35.528503,47.708233,49.715744,54.03149,55.652485,46.818413,1.0,38.90904332475313,39.0,40.0,40.0,41.0,41.0,0
Loundoungou,BIO_FP_FH__L2A_20260519T043740_20260531T043807_T_G01_M03_C___T033_F003,2026-05-19,5,40,17.06210422515869,2.391662359237671,40.9551887512207,0.9999999858861935,8649,1.0321999788284302,27.07175232098376,31.221024,38.291615,39.71419,42.481247,44.692062,36.556736,1.0,37.35463575402193,38.0,39.0,39.0,39.0,39.0,0
Loundoungou,BIO_FP_FH__L2A_20260519T043740_20260531T043807_T_G01_M03_C___T033_F003,2026-05-19,5,41,17.06293773651123,2.391662359237671,40.2665901184082,1.0000000017642259,8649,1.0321999788284302,31.8447227802738,34.301384,43.468765,46.087276,49.137268,50.78031,41.79125,1.0,36.35164242957366,37.0,37.0,38.0,38.0,38.0,0
Loundoungou,BIO_FP_FH__L2A_20260519T043740_20260531T043807_T_G01_M03_C___T033_F003,2026-05-19,5,42,17.06377124786377,2.391662359237671,39.73579025268555,1.0000000088211292,8649,1.034999966621399,26.9141348075524,30.168156,40.33039,42.070587,44.663128,46.212147,38.617958,1.0,36.706777965833666,37.0,38.0,38.0,38.0,38.0,0
Loundoungou,BIO_FP_FH__L2A_20260519T043740_20260531T043807_T_G01_M03_C___T033_F003,2026-05-19,5,43,17.06460475921631,2.391662359237671,39.34259033203125,1.0000000017642259,8649,1.0573999881744385,25.34693315497481,26.884855,37.935455,40.555016,43.481285,45.44143,35.583874,1.0,38.35380724358799,38.0,39.0,40.0,40.0,40.0,0
Loundoungou,BIO_FP_FH__L2A_20260519T043740_20260531T043807_T_G01_M03_C___T033_F003,2026-05-19,5,44,17.065438270568848,2.391662359237671,39.18918991088867,1.0000000002205283,8649,1.0618000030517578,23.32279686706213,24.978697,40.499424,42.34943,45.061543,46.904827,38.148876,1.0,38.4037418213314,38.302696228027344,40.0,40.0,40.0,40.0,0
Loundoungou,BIO_FP_FH__L2A_20260519T043740_20260531T043807_T_G01_M03_C___T033_F003,2026-05-19,6,38,17.060437202453613,2.390828847885132,38.84619140625,1.0000000066158468,8649,1.0318000316619873,25.687004329596686,27.78818,40.562195,41.802563,44.421238,51.286354,38.54904,1.0,38.68179091145805,39.0,40.0,41.0,41.0,41.0,0
Loundoungou,BIO_FP_FH__L2A_20260519T043740_20260531T043807_T_G01_M03_C___T033_F003,2026-05-19,6,39,17.061270713806152,2.390828847885132,39.917388916015625,1.0000000105853548,8649,0.8633999824523926,24.677286028653107,26.863905,37.67348,39.798843,42.760536,45.82014,35.71641,1.0,39.366019060741564,39.0,40.0,41.0,41.0,41.0,0
Loundoungou,BIO_FP_FH__L2A_20260519T043740_20260531T043807_T_G01_M03_C___T033_F003,2026-05-19,6,40,17.06210422515869,2.390828847885132,39.862388610839844,1.0,8649,1.0537999868392944,25.670958618770957,27.649267,42.251476,44.945583,47.650745,49.26474,38.26073,1.0,38.40630384725923,39.0,40.0,40.0,41.0,41.0,0
Loundoungou,BIO_FP_FH__L2A_20260519T043740_20260531T043807_T_G01_M03_C___T033_F003,2026-05-19,6,41,17.06293773651123,2.390828847885132,38.62199020385742,1.0,8649,1.0707999467849731,30.622076748395767,33.447453,45.331966,46.819054,48.266354,49.804573,43.970413,1.0,36.52452721641524,37.0,37.0,38.0,38.0,38.0,0
Loundoungou,BIO_FP_FH__L2A_20260519T043740_20260531T043807_T_G01_M03_C___T033_F003,2026-05-19,6,42,17.06377124786377,2.390828847885132,38.51398849487305,1.0,8649,1.0703999996185303,19.564074197522835,21.669943,34.14304,36.204693,38.75223,40.867924,30.802916,1.0,36.31102763932486,36.0,38.0,39.0,39.0,39.0,0
Loundoungou,BIO_FP_FH__L2A_20260519T043740_20260531T043807_T_G01_M03_C___T033_F003,2026-05-19,6,43,17.06460475921631,2.390828847885132,38.16878890991211,0.9993494523165611,8647,1.0914000272750854,27.738408252404458,30.760202,39.39561,41.3767,44.676414,46.2213,36.787296,1.0,37.47732256288293,37.0,39.0,39.0,39.0,39.0,0
Loundoungou,BIO_FP_FH__L2A_20260519T043740_20260531T043807_T_G01_M03_C___T033_F003,2026-05-19,6,44,17.065438270568848,2.390828847885132,38.501991271972656,0.9999999982357742,8649,1.0895999670028687,23.008671563311882,26.539265,37.203094,39.048187,40.95172,42.490044,34.901665,1.0,36.60013498682716,37.0,39.0,41.0,41.0,41.0,0
Loundoungou,BIO_FP_FH__L2A_20260519T043740_20260531T043807_T_G01_M03_C___T033_F003,2026-05-19,6,45,17.066271781921387,2.390828847885132,37.57544708251953,1.0000000019847541,8649,0.6926000118255615,26.90414491823088,29.558826,39.47612,41.892036,45.39392,48.41708,37.52129,1.0,36.97420451825499,37.0,38.0,38.0,38.0,38.0,0
Loundoungou,BIO_FP_FH__L2A_20260519T043740_20260531T043807_T_G01_M03_C___T033_F003,2026-05-19,7,37,17.059603691101074,2.3899953365325928,37.399391174316406,1.0000000041900363,8649,0.6151999831199646,29.92112432356994,32.983025,41.501995,43.218292,46.16736,52.4333,39.819035,1.0,37.489780666621684,38.0,39.0,39.0,39.0,39.0,0
Loundoungou,BIO_FP_FH__L2A_20260519T043740_20260531T043807_T_G01_M03_C___T033_F003,2026-05-19,7,38,17.060437202453613,2.3899953365325928,37.06819152832031,0.9999999982357742,8649,0.4869999885559082,25.37921739129775,27.27427,41.65978,43.595245,48.719162,53.105843,39.248585,1.0,38.17868527066075,38.0,40.0,40.0,41.0,41.0,0
Loundoungou,BIO_FP_FH__L2A_20260519T043740_20260531T043807_T_G01_M03_C___T033_F003,2026-05-19,7,39,17.061270713806152,2.3899953365325928,37.7139892578125,0.9999999982357742,8649,0.5929999947547913,29.11471362690473,31.771282,39.22483,40.660778,44.973637,47.359085,38.04473,1.0,39.42731151918219,40.0,41.0,41.0,41.0,41.0,0
Loundoungou,BIO_FP_FH__L2A_20260519T043740_20260531T043807_T_G01_M03_C___T033_F003,2026-05-19,7,40,17.06210422515869,2.3899953365325928,37.64019012451172,0.9999999823577419,8649,1.1100000143051147,29.4885516262251,31.946068,42.936157,45.178783,48.37128,50.9423,40.807327,1.0,35.60866590692399,37.0,40.0,41.0,41.0,41.0,0
Loundoungou,BIO_FP_FH__L2A_20260519T043740_20260531T043807_T_G01_M03_C___T033_F003,2026-05-19,7,41,17.06293773651123,2.3899953365325928,37.17158889770508,1.0000000070569033,8649,1.1150000095367432,23.852902578738508,24.329727,40.592472,42.01024,43.908253,47.202217,38.086246,1.0,36.02768749286018,36.9089469909668,37.0,38.0,38.0,38.0,0
Loundoungou,BIO_FP_FH__L2A_20260519T043740_20260531T043807_T_G01_M03_C___T033_F003,2026-05-19,7,42,17.06377124786377,2.3899953365325928,37.18199157714844,0.9999999858861935,8649,1.1124000549316406,20.064957779182354,18.76262,37.37944,40.840443,44.252934,46.19086,34.67875,1.0,34.517928132184984,34.0,37.0,37.0,37.0,38.0,0
Loundoungou,BIO_FP_FH__L2A_20260519T043740_20260531T043807_T_G01_M03_C___T033_F003,2026-05-19,7,43,17.06460475921631,2.3899953365325928,37.36079025268555,0.9970242309217467,8632,1.0068000555038452,17.401378535732267,14.308575,33.5235,34.85025,41.26974,43.508236,30.54069,1.0,33.43181669716201,33.0,37.0,37.0,38.0,38.0,0
Loundoungou,BIO_FP_FH__L2A_20260519T043740_20260531T043807_T_G01_M03_C___T033_F003,2026-05-19,7,44,17.065438270568848,2.3899953365325928,37.591590881347656,0.9999999929430967,8649,0.8859999775886536,17.28008646682481,14.441812,37.334526,40.200268,43.181557,44.836468,34.15229,0.9833365858586651,34.239647238031274,35.0,37.0,37.0,37.0,37.0,0
Loundoungou,BIO_FP_FH__L2A_20260519T043740_20260531T043807_T_G01_M03_C___T033_F003,2026-05-19,7,45,17.066271781921387,2.3899953365325928,37.5948486328125,1.0000000017642259,8649,0.8185999989509583,13.516360220790391,9.533568,36.42414,40.007122,44.666275,48.874645,31.669874,0.9275458343650085,31.831896507815014,32.0,36.0,36.0,37.0,37.0,0
Loundoungou,BIO_FP_FH__L2A_20260519T043740_20260531T043807_T_G01_M03_C___T033_F003,2026-05-19,7,46,17.067105293273926,2.3899953365325928,36.5068473815918,0.9999999964715484,8649,0.31940001249313354,12.146838651467984,9.141953,29.739971,33.067295,38.85882,40.812862,24.887081,0.9100384398078503,29.458320162012832,30.0,34.0,35.0,36.0,36.0,0
Loundoungou,BIO_FP_FH__L2A_20260519T043740_20260531T043807_T_G01_M03_C___T033_F003,2026-05-19,8,36,17.058770179748535,2.3891618251800537,36.47124481201172,1.0000000112469396,8649,0.03660000115633011,27.359586371158414,29.87152,42.790382,44.00977,45.07661,46.116898,41.346794,1.0,34.555673192148056,35.0,37.0,37.0,38.0,38.0,0
Loundoungou,BIO_FP_FH__L2A_20260519T043740_20260531T043807_T_G01_M03_C___T033_F003,2026-05-19,8,37,17.059603691101074,2.3891618251800537,35.992591857910156,1.0000000070569033,8649,0.05959999933838844,23.345462997315053,24.747686,37.305187,39.644016,45.24747,47.469456,33.506344,1.0,34.39911670819337,34.0,38.0,38.0,38.0,38.0,0
Loundoungou,BIO_FP_FH__L2A_20260519T043740_20260531T043807_T_G01_M03_C___T033_F003,2026-05-19,8,38,17.060437202453613,2.3891618251800537,35.12858963012695,1.0,8649,0.0,23.71868614913935,25.023252,41.519337,44.132298,48.699356,50.770355,36.591984,1.0,34.073269646131095,34.0,37.0,38.0,39.0,39.0,0
Loundoungou,BIO_FP_FH__L2A_20260519T043740_20260531T043807_T_G01_M03_C___T033_F003,2026-05-19,8,39,17.061270713806152,2.3891618251800537,34.79899215698242,0.9999999894146451,8649,0.4968000054359436,25.97126970228749,28.549837,39.536304,41.734425,45.804497,48.369934,37.45904,1.0,33.882616740401076,34.85927200317383,38.0,38.0,38.0,38.0,0
Loundoungou,BIO_FP_FH__L2A_20260519T043740_20260531T043807_T_G01_M03_C___T033_F003,2026-05-19,8,40,17.06210422515869,2.3891618251800537,34.65679168701172,0.999999971772387,8649,0.8343999981880188,17.680048183407678,15.976519,32.801743,36.153603,39.933704,42.275055,29.645002,1.0,30.084104443798314,33.0,37.0,38.0,38.0,38.0,0
Loundoungou,BIO_FP_FH__L2A_20260519T043740_20260531T043807_T_G01_M03_C___T033_F003,2026-05-19,8,41,17.06293773651123,2.3891618251800537,34.4103889465332,1.0,8649,0.7053999900817871,17.587412787966816,13.567318,39.493362,42.279755,45.538826,47.12081,37.78722,0.9863219269783817,29.530334488606112,32.0,34.0,35.0,37.0,38.0,0
Loundoungou,BIO_FP_FH__L2A_20260519T043740_20260531T043807_T_G01_M03_C___T033_F003,2026-05-19,8,42,17.06377124786377,2.3891618251800537,35.080989837646484,0.9999999858861935,8649,0.579800009727478,9.45059672963057,3.216854,29.528221,35.356888,41.564667,45.93197,24.262259,0.8131687823473694,26.093766702588347,27.0,32.0,34.0,34.0,34.0,0
Loundoungou,BIO_FP_FH__L2A_20260519T043740_20260531T043807_T_G01_M03_C___T033_F003,2026-05-19,8,43,17.06460475921631,2.3891618251800537,36.14139175415039,1.000000028227613,8649,0.45879998803138733,11.908983790434819,6.863812,31.777863,35.50655,39.975735,43.648556,28.720108,0.8169496488015625,24.79415961560812,25.0,29.0,30.0,30.0,31.0,0
Loundoungou,BIO_FP_FH__L2A_20260519T043740_20260531T043807_T_G01_M03_C___T033_F003,2026-05-19,8,44,17.065438270568848,2.3891618251800537,37.25539016723633,1.0,8649,0.7770000100135803,12.877536533305873,6.9634347,33.406765,36.18665,40.652367,43.981144,28.21851,0.8666847738741981,30.009800595736415,30.0,34.0,35.0,36.0,36.0,0
Loundoungou,BIO_FP_FH__L2A_20260519T043740_20260531T043807_T_G01_M03_C___T033_F003,2026-05-19,8,45,17.066271781921387,2.3891618251800537,37.86804962158203,0.9999999894146451,8649,0.9459999799728394,20.256818086253276,20.824358,36.796616,40.36461,43.88363,48.33254,34.63053,0.9964004269410095,33.90196104342677,35.0,36.0,37.0,37.0,38.0,0
Loundoungou,BIO_FP_FH__L2A_20260519T043740_20260531T043807_T_G01_M03_C___T033_F003,2026-05-19,8,46,17.067105293273926,2.3891618251800537,36.794647216796875,1.0000000105853548,8649,0.42419999837875366,27.42778946724386,29.834602,40.668232,42.531227,46.537346,48.846985,38.141346,1.0,36.965641951916574,37.0,39.0,39.0,40.0,40.0,0
Loundoungou,BIO_FP_FH__L2A_20260519T043740_20260531T043807_T_G01_M03_C___T033_F003,2026-05-19,8,47,17.067938804626465,2.3891618251800537,35.53724670410156,1.0000000063953185,8649,0.0,29.724300395987914,31.658508,44.382225,45.695328,48.323483,50.144382,42.235607,1.0,38.23807133800212,38.0,40.0,40.0,40.0,40.0,0
Loundoungou,BIO_FP_FH__L2A_20260519T043740_20260531T043807_T_G01_M03_C___T033_F003,2026-05-19,9,35,17.057936668395996,2.3883283138275146,35.86264419555664,0.9999999977947177,8649,0.0,22.02662749995964,19.979982,40.381058,43.466503,45.051838,46.04434,37.76647,0.9832425389683516,28.372970950435953,28.740659713745117,31.0,31.0,31.0,31.0,0
Loundoungou,BIO_FP_FH__L2A_20260519T043740_20260531T043807_T_G01_M03_C___T033_F003,2026-05-19,9,36,17.058770179748535,2.3883283138275146,34.09624481201172,1.0000000052926774,8649,0.0,17.186184756320905,18.027897,32.0804,34.173782,37.68837,39.94457,29.139362,0.9867702743002139,29.351761438325962,30.0,31.0,32.0,32.0,32.0,0
Loundoungou,BIO_FP_FH__L2A_20260519T043740_20260531T043807_T_G01_M03_C___T033_F003,2026-05-19,9,37,17.059603691101074,2.3883283138275146,32.755191802978516,1.0000000088211292,8649,0.0,14.542062966986489,14.516695,32.44462,37.858875,41.041115,43.01367,28.122082,1.0,27.38210179905269,27.0,32.0,32.0,33.0,33.0,0
Loundoungou,BIO_FP_FH__L2A_20260519T043740_20260531T043807_T_G01_M03_C___T033_F003,2026-05-19,9,38,17.060437202453613,2.3883283138275146,31.625789642333984,1.0,8649,0.0,13.009787586082929,13.850074,25.16419,32.576546,39.016357,41.061977,20.358835,1.0,24.463553433611786,24.0,28.740659713745117,31.0,31.0,31.0,0
Loundoungou,BIO_FP_FH__L2A_20260519T043740_20260531T043807_T_G01_M03_C___T033_F003,2026-05-19,9,39,17.061270713806152,2.3883283138275146,31.043991088867188,1.0000000070569033,8649,0.3441999852657318,6.499146689849817,6.7184954,13.801783,14.823065,16.449701,20.024647,12.4650755,0.9531699398088653,17.454365617862422,17.0,24.0,27.0,29.0,29.0,0
Loundoungou,BIO_FP_FH__L2A_20260519T043740_20260531T043807_T_G01_M03_C___T033_F003,2026-05-19,9,40,17.06210422515869,2.3883283138275146,31.233789443969727,1.0,8649,0.2727999985218048,6.7051631465704125,6.942653,14.1297,15.147338,16.75608,25.535265,13.43481,0.9768599581306333,14.879543560153232,16.183732986450195,23.0,23.0,24.0,24.0,0
Loundoungou,BIO_FP_FH__L2A_20260519T043740_20260531T043807_T_G01_M03_C___T033_F003,2026-05-19,9,41,17.06293773651123,2.3883283138275146,31.454191207885742,1.0,8649,0.1485999971628189,7.803661369811539,6.670727,14.66527,23.477814,37.179653,39.090797,13.502533,0.9998983706349044,19.98142639781641,21.0,26.0,28.0,29.0,29.0,0
Loundoungou,BIO_FP_FH__L2A_20260519T043740_20260531T043807_T_G01_M03_C___T033_F003,2026-05-19,9,42,17.06377124786377,2.3883283138275146,33.427188873291016,1.0,8649,0.03060000017285347,15.359061334764135,12.093186,32.612865,35.81904,43.066723,45.19963,29.1802,0.9999541864738063,25.376505604841196,26.0,32.0,33.0,34.0,34.0,0
Loundoungou,BIO_FP_FH__L2A_20260519T043740_20260531T043807_T_G01_M03_C___T033_F003,2026-05-19,9,43,17.06460475921631,2.3883283138275146,35.36098861694336,1.0000000211707099,8649,0.06440000236034393,26.82115085683612,29.5226,38.824944,40.200085,42.050495,44.143536,36.115444,1.0,31.88938557777753,33.0,36.0,36.0,36.0,36.0,0
Loundoungou,BIO_FP_FH__L2A_20260519T043740_20260531T043807_T_G01_M03_C___T033_F003,2026-05-19,9,44,17.065438270568848,2.3883283138275146,36.84339141845703,0.9999999964715484,8649,0.4787999987602234,24.17458002454398,25.570166,37.22228,38.772995,41.004272,43.488544,34.17919,1.0,35.07613674220715,36.0,37.0,38.0,38.0,38.0,0
Loundoungou,BIO_FP_FH__L2A_20260519T043740_20260531T043807_T_G01_M03_C___T033_F003,2026-05-19,9,45,17.066271781921387,2.3883283138275146,37.894046783447266,1.0,8649,0.7964000105857849,27.437720852844258,29.112307,46.21324,48.578754,51.454044,52.648037,44.71558,1.0,37.77930488326202,38.0,39.0,39.0,40.0,40.0,0
Loundoungou,BIO_FP_FH__L2A_20260519T043740_20260531T043807_T_G01_M03_C___T033_F003,2026-05-19,9,46,17.067105293273926,2.3883283138275146,36.9006462097168,1.0000000105853548,8649,0.5004000067710876,31.19748276029427,33.28812,42.6193,44.29882,46.458416,49.323395,41.522366,1.0,37.77704624374942,38.0,38.0,39.0,39.0,39.0,0
Loundoungou,BIO_FP_FH__L2A_20260519T043740_20260531T043807_T_G01_M03_C___T033_F003,2026-05-19,9,47,17.067938804626465,2.3883283138275146,35.81564712524414,1.0000000035284515,8649,0.0,26.320105922141547,28.448689,37.25103,39.29182,43.49952,47.52295,35.290356,1.0,38.19899019013528,38.0,40.0,40.0,40.0,40.0,0
Loundoungou,BIO_FP_FH__L2A_20260519T043740_20260531T043807_T_G01_M03_C___T033_F003,2026-05-19,9,48,17.068772315979004,2.3883283138275146,35.286048889160156,0.9895290613160656,8589,0.0,27.356284206152623,29.150967,42.17073,44.419834,52.514793,53.860146,41.37424,1.0,39.214196410120145,39.0,40.0,40.0,40.0,40.0,0
Loundoungou,BIO_FP_FH__L2A_20260519T043740_20260531T043807_T_G01_M03_C___T033_F003,2026-05-19,10,34,17.057103157043457,2.3874948024749756,34.4388427734375,1.0000000026463387,8649,0.0,28.39836573376814,30.458927,42.4277,44.02895,47.119526,49.461777,41.113705,1.0,36.009830237124085,37.0,38.0,38.0,39.0,39.0,0
Loundoungou,BIO_FP_FH__L2A_20260519T043740_20260531T043807_T_G01_M03_C___T033_F003,2026-05-19,10,35,17.057936668395996,2.3874948024749756,33.56444549560547,0.9999999894146451,8649,0.0,25.628424054924245,27.832834,35.294994,37.205307,40.79312,43.16109,33.047207,1.0,35.093579232203425,35.0,37.0,37.0,37.0,37.0,0
Loundoungou,BIO_FP_FH__L2A_20260519T043740_20260531T043807_T_G01_M03_C___T033_F003,2026-05-19,10,36,17.058770179748535,2.3874948024749756,31.02144432067871,1.0000000035284515,8649,0.0,28.382978886313616,30.970879,40.02095,45.190125,51.663425,53.852345,38.710274,1.0,33.78065772359255,34.0,36.0,36.0,36.0,36.0,0
Loundoungou,BIO_FP_FH__L2A_20260519T043740_20260531T043807_T_G01_M03_C___T033_F003,2026-05-19,10,37,17.059603691101074,2.3874948024749756,29.27338981628418,1.0,8649,0.0,17.627350682701756,14.965788,37.099228,39.27398,42.83011,44.00168,34.347664,1.0,28.11415277247981,30.0,32.0,32.0,33.0,33.0,0
Loundoungou,BIO_FP_FH__L2A_20260519T043740_20260531T043807_T_G01_M03_C___T033_F003,2026-05-19,10,38,17.060437202453613,2.3874948024749756,28.549190521240234,1.0000000070569033,8649,0.0,11.277898568829686,11.570832,24.161089,32.008102,37.016518,39.928978,19.046085,1.0,22.416747949180994,23.0,28.0,29.0,32.0,32.0,0
Loundoungou,BIO_FP_FH__L2A_20260519T043740_20260531T043807_T_G01_M03_C___T033_F003,2026-05-19,10,39,17.061270713806152,2.3874948024749756,28.209190368652344,1.0000000035284515,8649,0.0,20.818745455288163,17.584362,41.052372,42.832245,44.57865,46.357788,36.832153,1.0,23.7725441962229,25.0,34.0,34.0,35.0,35.0,0
Loundoungou,BIO_FP_FH__L2A_20260519T043740_20260531T043807_T_G01_M03_C___T033_F003,2026-05-19,10,40,17.06210422515869,2.3874948024749756,28.889591217041016,1.0,8649,0.0,25.169765494023874,27.516935,42.686047,44.543266,46.021294,47.383366,41.030922,1.0,30.06410544372622,32.0,36.0,37.0,38.0,38.0,0
Loundoungou,BIO_FP_FH__L2A_20260519T043740_20260531T043807_T_G01_M03_C___T033_F003,2026-05-19,10,41,17.06293773651123,2.3874948024749756,29.997591018676758,1.0,8649,0.0,27.109146469245,30.751095,40.50345,42.4999,44.05163,46.10678,38.404984,1.0,34.783572170166266,35.0,38.0,39.0,39.0,39.0,0
Loundoungou,BIO_FP_FH__L2A_20260519T043740_20260531T043807_T_G01_M03_C___T033_F003,2026-05-19,10,42,17.06377124786377,2.3874948024749756,32.28858947753906,1.0,8649,0.0,28.122276712806393,29.71624,41.753624,43.610546,45.814236,48.805225,39.22558,1.0,36.36069065838939,37.0,38.0,38.0,39.0,39.0,0
Loundoungou,BIO_FP_FH__L2A_20260519T043740_20260531T043807_T_G01_M03_C___T033_F003,2026-05-19,10,43,17.06460475921631,2.3874948024749756,34.34299087524414,1.0,8649,0.0,30.511059465870332,33.620003,39.168488,40.049843,41.34734,42.65668,38.543995,1.0,37.23091692378141,37.0,38.0,39.0,39.0,39.0,0
Loundoungou,BIO_FP_FH__L2A_20260519T043740_20260531T043807_T_G01_M03_C___T033_F003,2026-05-19,10,44,17.065438270568848,2.3874948024749756,36.18659210205078,0.9999999894146451,8649,0.0,25.64180191124865,27.343443,38.821888,42.720844,45.445908,46.827408,35.97134,1.0,36.33749161886885,36.0,38.0,38.0,38.0,38.0,0
Loundoungou,BIO_FP_FH__L2A_20260519T043740_20260531T043807_T_G01_M03_C___T033_F003,2026-05-19,10,45,17.066271781921387,2.3874948024749756,37.62044906616211,1.0000000070569033,8649,0.24079999327659607,30.214063720745017,33.206676,40.115204,42.664112,44.8357,46.669415,38.85642,1.0,36.09628319913961,37.0,38.0,38.0,38.0,38.117287,0
Loundoungou,BIO_FP_FH__L2A_20260519T043740_20260531T043807_T_G01_M03_C___T033_F003,2026-05-19,10,46,17.067105293273926,2.3874948024749756,36.72184753417969,1.0,8649,0.12139999866485596,26.791009132649005,28.46696,41.160923,43.323303,45.04246,48.096714,39.3158,1.0,36.78160013575294,37.0,38.0,38.0,38.0,38.0,0
Loundoungou,BIO_FP_FH__L2A_20260519T043740_20260531T043807_T_G01_M03_C___T033_F003,2026-05-19,10,47,17.067938804626465,2.3874948024749756,35.82304763793945,0.9999999982357742,8649,0.0020000000949949026,25.992459885866975,27.058083,38.764046,41.20723,44.30537,47.66068,35.7918,1.0,37.11927270685294,37.0,38.0,38.0,40.0,40.0,0
Loundoungou,BIO_FP_FH__L2A_20260519T043740_20260531T043807_T_G01_M03_C___T033_F003,2026-05-19,10,48,17.068772315979004,2.3874948024749756,35.82264709472656,1.0000000008821128,8649,0.11479999870061874,22.72764111350033,23.819744,37.726326,40.15933,45.078735,47.258553,34.24552,1.0,37.77921512606847,38.0,38.905372619628906,39.0,39.0,40.0,0
Loundoungou,BIO_FP_FH__L2A_20260519T043740_20260531T043807_T_G01_M03_C___T033_F003,2026-05-19,10,49,17.069605827331543,2.3874948024749756,35.85444641113281,0.9911477461290134,8592,0.23160000145435333,24.25905386236566,26.222618,37.30868,38.900043,41.275883,45.094604,35.0996,1.0,38.16117874059061,38.0,39.0,39.0,39.117286682128906,40.0,0
Loundoungou,BIO_FP_FH__L2A_20260519T043740_20260531T043807_T_G01_M03_C___T033_F003,2026-05-19,11,33,17.056269645690918,2.3866612911224365,33.46235275268555,1.0000000015436976,8649,0.0,25.935603177278857,27.43436,43.633987,47.301174,51.49567,53.467632,39.251507,1.0,39.12200450158447,39.0,40.0,40.0,40.0,40.0,0
Loundoungou,BIO_FP_FH__L2A_20260519T043740_20260531T043807_T_G01_M03_C___T033_F003,2026-05-19,11,34,17.057103157043457,2.3866612911224365,32.987552642822266,0.9999999929430967,8649,0.0,24.12968050611264,26.637861,36.06804,37.4158,39.785637,41.686867,34.627647,1.0,37.09208924029656,37.0,39.0,39.0479850769043,40.0,40.0,0
Loundoungou,BIO_FP_FH__L2A_20260519T043740_20260531T043807_T_G01_M03_C___T033_F003,2026-05-19,11,35,17.057936668395996,2.3866612911224365,32.04075241088867,1.0000000017642259,8649,0.0,18.47745728273429,15.2137785,36.095882,38.42833,41.089542,42.837067,34.03868,1.0,30.584513461028845,33.0,35.0,36.0,36.0,36.0,0
Loundoungou,BIO_FP_FH__L2A_20260519T043740_20260531T043807_T_G01_M03_C___T033_F003,2026-05-19,11,36,17.058770179748535,2.3866612911224365,30.25555419921875,1.0,8649,0.0,13.559443457607093,13.541127,31.00444,36.89299,48.390015,52.75077,21.67139,1.0,26.739571986053427,26.622577667236328,33.0,33.0,33.0,33.19485,0
Loundoungou,BIO_FP_FH__L2A_20260519T043740_20260531T043807_T_G01_M03_C___T033_F003,2026-05-19,11,37,17.059603691101074,2.3866612911224365,29.525482177734375,1.000000028227613,8649,0.0,20.52545846934926,17.906898,39.08668,42.387238,45.839252,47.355083,34.882763,1.0,28.969739331084327,29.0,34.0,35.0,35.0,35.0,0
Loundoungou,BIO_FP_FH__L2A_20260519T043740_20260531T043807_T_G01_M03_C___T033_F003,2026-05-19,11,38,17.060437202453613,2.3866612911224365,30.076881408691406,0.9999999788292903,8649,0.0,20.793497159486996,21.2161,37.941753,39.860497,41.700325,43.370617,33.88894,1.0,32.94793342548873,34.0,35.0,36.0,37.0,37.0,0
Loundoungou,BIO_FP_FH__L2A_20260519T043740_20260531T043807_T_G01_M03_C___T033_F003,2026-05-19,11,39,17.061270713806152,2.3866612911224365,29.66208267211914,1.0,8649,0.0,29.578481006655394,32.42017,40.910397,42.40647,45.23621,47.601437,39.169224,1.0,36.01336245978412,36.0,37.0,37.0,37.0,37.0,0
Loundoungou,BIO_FP_FH__L2A_20260519T043740_20260531T043807_T_G01_M03_C___T033_F003,2026-05-19,11,40,17.06210422515869,2.3866612911224365,28.441082000732422,1.0,8649,0.0,29.668945199589547,33.0943,40.177628,42.772526,46.53341,48.361732,38.93538,1.0,36.497469656039335,37.0,37.0,38.0,38.0,38.0,0
Loundoungou,BIO_FP_FH__L2A_20260519T043740_20260531T043807_T_G01_M03_C___T033_F003,2026-05-19,11,41,17.06293773651123,2.3866612911224365,28.42148208618164,1.0,8649,0.0,25.753609972973756,27.592865,39.54717,41.604378,47.566177,49.897034,37.319725,1.0,37.586181005944766,37.0,39.0,39.0,40.0,40.0,0
Loundoungou,BIO_FP_FH__L2A_20260519T043740_20260531T043807_T_G01_M03_C___T033_F003,2026-05-19,11,42,17.06377124786377,2.3866612911224365,30.81928253173828,1.0,8649,0.0,26.245848282677187,29.49001,36.583076,37.760815,38.965332,41.820442,35.20834,1.0,37.67602581183391,38.0,38.0,39.0,39.0,39.0,0
Loundoungou,BIO_FP_FH__L2A_20260519T043740_20260531T043807_T_G01_M03_C___T033_F003,2026-05-19,11,43,17.06460475921631,2.3866612911224365,33.407283782958984,1.0,8649,0.0,19.87307792537432,20.836903,32.053017,35.635815,41.185715,43.976223,28.576458,1.0,36.06578893878719,36.0,38.0,38.0,39.0,39.0,0
Loundoungou,BIO_FP_FH__L2A_20260519T043740_20260531T043807_T_G01_M03_C___T033_F003,2026-05-19,11,44,17.065438270568848,2.3866612911224365,35.3002815246582,1.0,8649,0.0,23.14371208467019,24.877813,33.85724,35.83305,39.297012,43.192703,32.368385,1.0,34.86714731887498,35.0,36.0,36.0,37.0,37.0,0
Loundoungou,BIO_FP_FH__L2A_20260519T043740_20260531T043807_T_G01_M03_C___T033_F003,2026-05-19,11,45,17.066271781921387,2.3866612911224365,37.25852584838867,0.9999999964715484,8649,0.0,27.25189992742363,30.156002,36.13914,37.11954,39.365612,43.409122,35.531246,1.0,35.43873031859674,36.0,37.0,37.0,37.0,37.0,0
Loundoungou,BIO_FP_FH__L2A_20260519T043740_20260531T043807_T_G01_M03_C___T033_F003,2026-05-19,11,46,17.067105293273926,2.3866612911224365,38.10712432861328,1.0000000141138066,8649,0.4153999984264374,25.25203666106353,27.460825,36.72323,38.433846,41.467995,44.457016,34.852783,1.0,35.47726201112456,35.0,36.652442932128906,37.0,37.0,37.0,0
Loundoungou,BIO_FP_FH__L2A_20260519T043740_20260531T043807_T_G01_M03_C___T033_F003,2026-05-19,11,47,17.067938804626465,2.3866612911224365,37.66472625732422,1.0,8649,0.5297999978065491,27.828246322280755,30.263186,39.3854,43.949787,49.32199,51.48203,37.973255,1.0,30.803104175144654,34.0,36.0,36.0,37.0,37.0,0
Loundoungou,BIO_FP_FH__L2A_20260519T043740_20260531T043807_T_G01_M03_C___T033_F003,2026-05-19,11,48,17.068772315979004,2.3866612911224365,38.09092712402344,0.9999999964715484,8649,0.6531999707221985,28.653649152384233,30.20581,38.229706,40.771797,43.41884,45.640846,37.053154,1.0,34.17018062473791,35.0,37.0,38.0,38.0,38.0,0
Loundoungou,BIO_FP_FH__L2A_20260519T043740_20260531T043807_T_G01_M03_C___T033_F003,2026-05-19,11,49,17.069605827331543,2.3866612911224365,38.45112609863281,0.9999999920609839,8649,0.7748000025749207,29.834296978620632,32.59563,41.526016,43.168976,44.89458,47.111053,40.040794,1.0,36.55468077036063,37.0,37.0,37.0,38.0,38.0,0
Loundoungou,BIO_FP_FH__L2A_20260519T043740_20260531T043807_T_G01_M03_C___T033_F003,2026-05-19,11,50,17.070439338684082,2.3866612911224365,37.974525451660156,0.9927012525771943,8597,0.8956000208854675,31.389901341699908,34.341625,40.682346,42.35183,44.93699,47.95636,39.517506,1.0,38.05746759394164,38.0,39.0,39.0,40.0,40.0,0
Loundoungou,BIO_FP_FH__L2A_20260519T043740_20260531T043807_T_G01_M03_C___T033_F003,2026-05-19,12,32,17.05543613433838,2.3858277797698975,34.19415283203125,0.9999999949278507,8649,0.0,34.05787683552241,35.76157,50.28205,52.4604,53.98785,55.708786,48.235638,1.0,37.98260788570761,38.0,41.0,42.0,42.0,42.0,0
Loundoungou,BIO_FP_FH__L2A_20260519T043740_20260531T043807_T_G01_M03_C___T033_F003,2026-05-19,12,33,17.056269645690918,2.3858277797698975,33.39275360107422,0.9999999938252097,8649,0.0,27.252893470387722,25.872604,47.55026,49.734035,52.126804,53.195496,44.3939,1.0,35.44234665998463,37.0,38.96188735961914,39.0,39.0,39.0,0
Loundoungou,BIO_FP_FH__L2A_20260519T043740_20260531T043807_T_G01_M03_C___T033_F003,2026-05-19,12,34,17.057103157043457,2.3858277797698975,32.37855529785156,0.9999999894146451,8649,0.0,12.696926745769119,13.234638,26.985706,38.844994,43.45752,45.996128,20.323837,1.0,28.729837640336047,29.0,35.0,37.0,38.0,38.077564,0
Loundoungou,BIO_FP_FH__L2A_20260519T043740_20260531T043807_T_G01_M03_C___T033_F003,2026-05-19,12,35,17.057936668395996,2.3858277797698975,31.62275505065918,1.0,8649,0.0,19.522600890005346,17.746016,37.32555,39.40944,44.782505,48.403744,31.787413,1.0,26.494895458938153,26.084365844726562,31.0,32.0,34.0,34.0,0
Loundoungou,BIO_FP_FH__L2A_20260519T043740_20260531T043807_T_G01_M03_C___T033_F003,2026-05-19,12,36,17.058770179748535,2.3858277797698975,30.434154510498047,1.0,8649,0.0,20.859155389170713,19.257671,35.539673,38.801872,42.043427,44.47661,32.233624,1.0,30.679695957698552,31.0,34.0,34.0,35.0,35.0,0
Loundoungou,BIO_FP_FH__L2A_20260519T043740_20260531T043807_T_G01_M03_C___T033_F003,2026-05-19,12,37,17.059603691101074,2.3858277797698975,29.6038818359375,0.9999999964715484,8649,0.0,25.8285705228683,27.737406,37.76972,40.416416,44.835114,47.13444,35.52333,1.0,34.848942176112274,35.0,36.0,37.0,37.0,37.0,0
Loundoungou,BIO_FP_FH__L2A_20260519T043740_20260531T043807_T_G01_M03_C___T033_F003,2026-05-19,12,38,17.060437202453613,2.3858277797698975,30.646081924438477,1.0,8649,0.0,33.093004339374495,35.03648,40.98783,42.14914,44.20124,46.039394,40.140022,1.0,36.00536552805861,36.0,36.0,37.0,37.0,37.0,0
Loundoungou,BIO_FP_FH__L2A_20260519T043740_20260531T043807_T_G01_M03_C___T033_F003,2026-05-19,12,39,17.061270713806152,2.3858277797698975,31.522682189941406,1.0,8649,0.0,26.391692003772114,29.766754,38.99212,40.69817,43.801422,48.12584,36.46583,1.0,35.89003477781298,36.0,36.0,37.0,37.0,37.0,0
Loundoungou,BIO_FP_FH__L2A_20260519T043740_20260531T043807_T_G01_M03_C___T033_F003,2026-05-19,12,40,17.06210422515869,2.3858277797698975,30.413482666015625,1.0,8649,0.0,34.125213400754426,36.126232,46.207787,49.82081,55.776543,57.405975,43.493366,1.0,36.05434043135364,36.0,37.0,37.24031448364258,38.0,38.0,0
Loundoungou,BIO_FP_FH__L2A_20260519T043740_20260531T043807_T_G01_M03_C___T033_F003,2026-05-19,12,41,17.06293773651123,2.3858277797698975,29.332881927490234,0.999999971772387,8649,0.0,27.65665206442795,28.572401,40.830105,42.7912,47.43014,49.344723,39.073456,1.0,36.817484288122465,37.0,37.07756423950195,38.0,38.0,38.0,0
Loundoungou,BIO_FP_FH__L2A_20260519T043740_20260531T043807_T_G01_M03_C___T033_F003,2026-05-19,12,42,17.06377124786377,2.3858277797698975,30.586881637573242,1.0000000070569033,8649,0.0,25.523041004199584,26.191843,41.073505,42.98636,46.67976,48.17721,38.985012,1.0,36.93665653290066,37.0,38.0,38.0,39.0,39.0,0
Loundoungou,BIO_FP_FH__L2A_20260519T043740_20260531T043807_T_G01_M03_C___T033_F003,2026-05-19,12,43,17.06460475921631,2.3858277797698975,33.24028396606445,1.0,8649,0.0,24.33949338886721,25.49145,38.47039,40.966938,44.27657,45.886993,36.81893,1.0,33.94921681111583,36.0,37.0,37.0,38.0,38.0,0
Loundoungou,BIO_FP_FH__L2A_20260519T043740_20260531T043807_T_G01_M03_C___T033_F003,2026-05-19,12,44,17.065438270568848,2.3858277797698975,35.01748275756836,1.0,8649,0.0,24.437896541507687,26.057152,36.89109,38.61627,40.721943,42.263298,36.156498,1.0,33.91721157162627,34.0,35.0,36.0,36.0,36.0,0
Loundoungou,BIO_FP_FH__L2A_20260519T043740_20260531T043807_T_G01_M03_C___T033_F003,2026-05-19,12,45,17.066271781921387,2.3858277797698975,36.71852493286133,1.0,8649,0.0,26.7361485973812,28.463175,37.56861,39.40556,42.215366,44.126125,35.158188,1.0,34.54791332760468,34.0,36.0,37.0,37.0,37.0,0
Loundoungou,BIO_FP_FH__L2A_20260519T043740_20260531T043807_T_G01_M03_C___T033_F003,2026-05-19,12,46,17.067105293273926,2.3858277797698975,37.96732711791992,0.9999999894146451,8649,0.40700000524520874,33.92136839113991,36.20572,41.25638,42.43771,45.685726,47.23834,40.03472,1.0,34.17039730496759,36.0,37.0,37.0,38.0,38.0,0
Loundoungou,BIO_FP_FH__L2A_20260519T043740_20260531T043807_T_G01_M03_C___T033_F003,2026-05-19,12,47,17.067938804626465,2.3858277797698975,39.019325256347656,1.0000000070569033,8649,0.9269999861717224,32.86311120076828,35.190926,43.182217,44.25965,45.992558,47.796074,41.641018,1.0,36.15581848580295,36.0,37.0,37.0,37.0,37.0,0
Loundoungou,BIO_FP_FH__L2A_20260519T043740_20260531T043807_T_G01_M03_C___T033_F003,2026-05-19,12,48,17.068772315979004,2.3858277797698975,39.68032455444336,1.0,8649,1.0789999961853027,34.168970435075586,35.101486,42.02474,44.54048,46.530502,48.613556,39.84021,1.0,35.129366245858584,35.0,36.0,36.0,36.0,37.0,0
Loundoungou,BIO_FP_FH__L2A_20260519T043740_20260531T043807_T_G01_M03_C___T033_F003,2026-05-19,12,49,17.069605827331543,2.3858277797698975,40.125526428222656,0.9999999929430967,8649,1.0851999521255493,31.117507820724875,33.631283,41.001125,42.83489,44.41345,46.074036,39.744583,1.0,36.37697298665421,37.0,37.0,37.0,38.0,38.0,0
Loundoungou,BIO_FP_FH__L2A_20260519T043740_20260531T043807_T_G01_M03_C___T033_F003,2026-05-19,12,50,17.070439338684082,2.3858277797698975,39.52952575683594,1.0000000008821128,8649,1.0880000591278076,30.004514585048412,35.6426,41.56751,42.61389,44.501095,46.141674,40.78873,1.0,37.38931539136146,37.0,38.0,39.0,39.0,39.0,0
Loundoungou,BIO_FP_FH__L2A_20260519T043740_20260531T043807_T_G01_M03_C___T033_F003,2026-05-19,12,51,17.07127285003662,2.3858277797698975,38.439125061035156,1.0000000027290368,8649,1.0886000394821167,33.82400838667521,36.509155,41.279358,42.401222,45.03757,48.484722,40.409904,1.0,37.696880716797324,38.0,38.0,39.0,39.0,39.0,0
Loundoungou,BIO_FP_FH__L2A_20260519T043740_20260531T043807_T_G01_M03_C___T033_F003,2026-05-19,13,31,17.05460262298584,2.3849942684173584,36.04255294799805,1.0000000079390161,8649,0.5473999977111816,30.531723268759645,34.475037,41.070198,42.70237,45.157204,47.127785,40.13512,1.0,36.03153404322287,36.0,38.0,38.0,38.0,38.0,0
Loundoungou,BIO_FP_FH__L2A_20260519T043740_20260531T043807_T_G01_M03_C___T033_F003,2026-05-19,13,32,17.05543613433838,2.3849942684173584,35.03655242919922,0.9999999929430967,8649,0.17219999432563782,15.468068327619418,14.968372,33.31134,35.355946,38.94163,40.82722,30.57616,1.0,28.696281328354562,32.0,36.0,36.0,36.0,36.0577,0
Loundoungou,BIO_FP_FH__L2A_20260519T043740_20260531T043807_T_G01_M03_C___T033_F003,2026-05-19,13,33,17.056269645690918,2.3849942684173584,34.04355239868164,0.9999999964715484,8649,0.0,18.354592234468605,16.32304,39.2137,41.1566,43.13725,44.518513,36.202335,1.0,26.6394542586474,27.0,33.0,33.0,34.0,34.0,0
Loundoungou,BIO_FP_FH__L2A_20260519T043740_20260531T043807_T_G01_M03_C___T033_F003,2026-05-19,13,34,17.057103157043457,2.3849942684173584,32.855552673339844,1.0,8649,0.0,28.04666041368583,29.219835,46.102833,48.121902,50.022552,52.024006,43.924088,1.0,32.18835309911069,33.0,35.0,36.0,36.0,36.0,0
Loundoungou,BIO_FP_FH__L2A_20260519T043740_20260531T043807_T_G01_M03_C___T033_F003,2026-05-19,13,35,17.057936668395996,2.3849942684173584,32.14955520629883,1.0000000070569033,8649,0.0,26.056605325970462,26.885616,39.27989,41.50326,44.80695,47.429577,37.91561,1.0,34.5057358335437,34.0,37.0,37.0,37.0,37.0,0
Loundoungou,BIO_FP_FH__L2A_20260519T043740_20260531T043807_T_G01_M03_C___T033_F003,2026-05-19,13,36,17.058770179748535,2.3849942684173584,32.087554931640625,1.0000000070569033,8649,0.0,20.892446436887358,19.540516,33.612316,35.564716,39.324608,41.43354,30.324429,1.0,34.26234083719261,34.0,36.0,36.0,36.0,37.0,0
Loundoungou,BIO_FP_FH__L2A_20260519T043740_20260531T043807_T_G01_M03_C___T033_F003,2026-05-19,13,37,17.059603691101074,2.3849942684173584,31.789081573486328,1.0,8649,0.0,23.894771071800207,22.799349,38.154236,40.360706,42.85099,45.269993,36.774345,1.0,34.381542080109455,35.0,35.2235221862793,36.0,37.0,37.0,0
Loundoungou,BIO_FP_FH__L2A_20260519T043740_20260531T043807_T_G01_M03_C___T033_F003,2026-05-19,13,38,17.060437202453613,2.3849942684173584,32.93488311767578,1.0,8649,0.0,29.943312968804197,33.18716,40.205914,41.064846,42.048965,45.015896,38.623474,1.0,33.60901703284867,35.0,37.0,37.0,38.0,38.0,0
Loundoungou,BIO_FP_FH__L2A_20260519T043740_20260531T043807_T_G01_M03_C___T033_F003,2026-05-19,13,39,17.061270713806152,2.3849942684173584,34.12868118286133,1.0,8649,0.0,33.74406791066886,34.444317,47.825874,51.90389,55.01085,55.990074,44.664417,1.0,37.25600200295379,37.0,39.0,39.0,40.0,40.0,0
Loundoungou,BIO_FP_FH__L2A_20260519T043740_20260531T043807_T_G01_M03_C___T033_F003,2026-05-19,13,40,17.06210422515869,2.3849942684173584,32.86048126220703,0.999999971772387,8649,0.0,32.18323131262102,35.21574,42.0596,45.39762,47.969814,49.279564,40.99417,1.0,37.77697111904477,38.0,38.0,39.0,39.0,39.0,0
Loundoungou,BIO_FP_FH__L2A_20260519T043740_20260531T043807_T_G01_M03_C___T033_F003,2026-05-19,13,41,17.06293773651123,2.3849942684173584,31.63728141784668,0.999999971772387,8649,0.0,27.417677989148345,29.020292,42.13599,44.217415,46.622913,49.82453,39.95191,1.0,36.94144550887597,37.0,38.0,38.0,38.0,39.0,0
Loundoungou,BIO_FP_FH__L2A_20260519T043740_20260531T043807_T_G01_M03_C___T033_F003,2026-05-19,13,42,17.06377124786377,2.3849942684173584,32.57368087768555,0.999999971772387,8649,0.0,28.087913548303362,30.050224,42.372746,44.638916,48.02742,50.45232,40.443146,1.0,36.18892043884785,37.0,38.0,38.0,38.0,38.0,0
Loundoungou,BIO_FP_FH__L2A_20260519T043740_20260531T043807_T_G01_M03_C___T033_F003,2026-05-19,13,43,17.06460475921631,2.3849942684173584,33.57868194580078,1.0,8649,0.0,25.873547068302695,29.776295,38.019085,39.367367,41.566895,44.06062,36.29833,1.0,36.530541694650815,36.359291076660156,37.0,37.0,38.0,38.0,0
Loundoungou,BIO_FP_FH__L2A_20260519T043740_20260531T043807_T_G01_M03_C___T033_F003,2026-05-19,13,44,17.065438270568848,2.3849942684173584,34.41168212890625,1.0,8649,0.0,26.99857777994566,28.89666,37.86894,40.189793,42.941746,45.37504,34.77065,1.0,35.50308735591991,36.0,36.0,37.0,37.0,37.0,0
Loundoungou,BIO_FP_FH__L2A_20260519T043740_20260531T043807_T_G01_M03_C___T033_F003,2026-05-19,13,45,17.066271781921387,2.3849942684173584,35.5765266418457,1.0,8649,0.0,26.184677125787662,29.43207,40.089478,41.979874,44.507805,46.032223,38.406708,1.0,36.12984361140242,36.0,37.0,37.0,38.0,38.0,0
Loundoungou,BIO_FP_FH__L2A_20260519T043740_20260531T043807_T_G01_M03_C___T033_F003,2026-05-19,13,46,17.067105293273926,2.3849942684173584,37.791526794433594,1.0,8649,0.3314000070095062,26.680357397712164,30.42499,39.82707,42.000435,46.191643,48.830357,38.263645,1.0,36.13326238133147,37.0,37.750244140625,38.0,38.0,38.0,0
Loundoungou,BIO_FP_FH__L2A_20260519T043740_20260531T043807_T_G01_M03_C___T033_F003,2026-05-19,13,47,17.067938804626465,2.3849942684173584,39.29332733154297,1.0000000035284515,8649,0.8582000136375427,30.566411674760047,33.011116,41.324757,42.87594,44.725895,46.57434,39.46161,1.0,36.436932950036926,36.750244140625,37.0,37.0,37.0,37.0,0
Loundoungou,BIO_FP_FH__L2A_20260519T043740_20260531T043807_T_G01_M03_C___T033_F003,2026-05-19,13,48,17.068772315979004,2.3849942684173584,40.29952621459961,0.9999999929430967,8649,1.07260000705719,29.480499443863092,31.589836,39.658054,41.41634,46.27534,48.61323,37.99081,1.0,35.37469869096068,35.0,36.0,36.0,37.0,37.0,0
Loundoungou,BIO_FP_FH__L2A_20260519T043740_20260531T043807_T_G01_M03_C___T033_F003,2026-05-19,13,49,17.069605827331543,2.3849942684173584,41.080726623535156,1.0,8649,1.0612000226974487,30.61564683688143,33.01128,42.39973,44.00271,48.70012,50.476105,41.061436,1.0,35.814501483311666,36.0,37.0,37.0,38.0,38.0,0
Loundoungou,BIO_FP_FH__L2A_20260519T043740_20260531T043807_T_G01_M03_C___T033_F003,2026-05-19,13,50,17.070439338684082,2.3849942684173584,40.665924072265625,0.9999999894146451,8649,1.0643999576568604,30.66167437331673,34.58963,40.177,41.1284,42.886467,44.864555,39.17495,1.0,36.46029638695516,37.0,37.0,37.0,37.0,38.0,0
Loundoungou,BIO_FP_FH__L2A_20260519T043740_20260531T043807_T_G01_M03_C___T033_F003,2026-05-19,13,51,17.07127285003662,2.3849942684173584,39.40512466430664,0.9999999947073226,8649,1.0648000240325928,33.35834774789632,36.449245,42.36783,43.639366,45.4792,47.34923,41.71638,1.0,36.13802405745601,36.0,37.0,37.0,37.0,37.0577,0
Loundoungou,BIO_FP_FH__L2A_20260519T043740_20260531T043807_T_G01_M03_C___T033_F003,2026-05-19,13,52,17.07210636138916,2.3849942684173584,38.9421272277832,0.9999999956996996,8649,1.059000015258789,33.706337900714956,36.502953,42.55675,43.55768,45.131226,47.43285,41.44235,1.0,36.80472811997619,37.0,37.0,38.0,38.0,38.0,0
Loundoungou,BIO_FP_FH__L2A_20260519T043740_20260531T043807_T_G01_M03_C___T033_F003,2026-05-19,14,30,17.0537691116333,2.3841607570648193,36.890953063964844,0.9999999969126048,8649,0.8263999819755554,27.713887752196968,30.301441,44.14548,47.14505,49.754017,50.827312,42.06408,1.0,33.89605761274518,35.0,37.0,37.0,37.0,39.0,0
Loundoungou,BIO_FP_FH__L2A_20260519T043740_20260531T043807_T_G01_M03_C___T033_F003,2026-05-19,14,31,17.05460262298584,2.3841607570648193,37.491554260253906,0.9999999955894354,8649,0.8876000046730042,14.089571697953463,11.120857,38.314297,42.25925,47.13205,49.348022,33.397987,1.0,26.696016936401975,27.0,33.0,35.0,36.0,36.0,0
Loundoungou,BIO_FP_FH__L2A_20260519T043740_20260531T043807_T_G01_M03_C___T033_F003,2026-05-19,14,32,17.05543613433838,2.3841607570648193,36.61735534667969,1.0000000017642259,8649,0.3952000141143799,22.910583349820758,23.247091,39.77479,41.377167,46.477974,48.184586,38.612537,1.0,28.37813290095299,30.0,35.0,36.0,37.0,37.0,0
Loundoungou,BIO_FP_FH__L2A_20260519T043740_20260531T043807_T_G01_M03_C___T033_F003,2026-05-19,14,33,17.056269645690918,2.3841607570648193,35.45215606689453,1.0,8649,0.0,30.258574250364926,32.629097,41.452,43.225754,45.83768,47.18404,40.024208,1.0,35.355387332301866,36.0,38.0,38.0,39.0,39.0,0
Loundoungou,BIO_FP_FH__L2A_20260519T043740_20260531T043807_T_G01_M03_C___T033_F003,2026-05-19,14,34,17.057103157043457,2.3841607570648193,33.92255401611328,1.0000000141138066,8649,0.0,34.61253188291203,36.68908,45.869205,47.95239,49.54857,50.69403,45.53117,1.0,36.99681676811036,37.0,39.0,39.0,39.0,39.0,0
Loundoungou,BIO_FP_FH__L2A_20260519T043740_20260531T043807_T_G01_M03_C___T033_F003,2026-05-19,14,35,17.057936668395996,2.3841607570648193,32.73835372924805,0.9999999964715484,8649,0.0,31.83301063467209,32.505787,44.70036,46.29668,51.42645,54.213146,43.74939,1.0,37.15896654277885,38.0,39.0,39.0,39.0,39.0,0
Loundoungou,BIO_FP_FH__L2A_20260519T043740_20260531T043807_T_G01_M03_C___T033_F003,2026-05-19,14,36,17.058770179748535,2.3841607570648193,33.757755279541016,1.0,8649,0.0,24.66712993825153,24.553747,38.290268,40.50144,44.050945,47.25977,35.031174,1.0,36.30989781720526,37.0,38.0,38.0,38.0,39.0,0
Loundoungou,BIO_FP_FH__L2A_20260519T043740_20260531T043807_T_G01_M03_C___T033_F003,2026-05-19,14,37,17.059603691101074,2.3841607570648193,34.528282165527344,1.0,8649,0.0,21.653675980424037,20.960968,34.20569,36.42649,39.839645,41.79792,30.89543,1.0,35.98162005818473,36.0,38.0,38.0,38.0,38.0,0
Loundoungou,BIO_FP_FH__L2A_20260519T043740_20260531T043807_T_G01_M03_C___T033_F003,2026-05-19,14,38,17.060437202453613,2.3841607570648193,35.416481018066406,1.0,8649,0.0,22.899462049442132,24.089912,36.065254,37.227936,39.066402,49.8289,34.146717,1.0,36.45996335096091,37.0,38.0,38.64735794067383,40.0,40.0,0
Loundoungou,BIO_FP_FH__L2A_20260519T043740_20260531T043807_T_G01_M03_C___T033_F003,2026-05-19,14,39,17.061270713806152,2.3841607570648193,35.70268249511719,1.0,8649,0.0,25.064851021433114,25.967875,39.363056,42.17264,45.580154,50.51471,36.677296,1.0,38.39321867525681,38.0,39.0,39.0,40.0,40.0,0
Loundoungou,BIO_FP_FH__L2A_20260519T043740_20260531T043807_T_G01_M03_C___T033_F003,2026-05-19,14,40,17.06210422515869,2.3841607570648193,34.86848068237305,0.9999999788292903,8649,0.0,25.411873026858935,26.538225,41.073235,42.791546,46.96233,48.388897,38.14247,1.0,37.01747478348821,37.0,38.0,38.928810119628906,39.0,39.0,0
Loundoungou,BIO_FP_FH__L2A_20260519T043740_20260531T043807_T_G01_M03_C___T033_F003,2026-05-19,14,41,17.06293773651123,2.3841607570648193,33.326683044433594,1.0,8649,0.0,30.306982517848883,33.288395,39.885033,42.06073,45.051903,49.148834,37.64366,1.0,34.38402520809467,37.0,38.0,38.0,38.0,38.0,0
Loundoungou,BIO_FP_FH__L2A_20260519T043740_20260531T043807_T_G01_M03_C___T033_F003,2026-05-19,14,42,17.06377124786377,2.3841607570648193,32.4616813659668,1.0,8649,0.0,28.59143398080703,31.557924,43.183804,45.539692,48.60196,50.50985,40.874798,1.0,35.7835633029468,37.0,37.0,38.0,38.0,38.0,0
Loundoungou,BIO_FP_FH__L2A_20260519T043740_20260531T043807_T_G01_M03_C___T033_F003,2026-05-19,14,43,17.06460475921631,2.3841607570648193,32.704681396484375,1.0000000635121293,8649,0.0,26.75262233979022,28.620275,37.677254,40.056835,44.574623,46.886456,35.841213,1.0,36.349021533635714,36.86922073364258,37.0,37.0,38.0,38.0,0
Loundoungou,BIO_FP_FH__L2A_20260519T043740_20260531T043807_T_G01_M03_C___T033_F003,2026-05-19,14,44,17.065438270568848,2.3841607570648193,33.298683166503906,0.9999999929430967,8649,0.0,28.240073789803713,30.565922,38.068363,39.96892,44.36315,49.5176,36.155422,1.0,35.51016666837091,35.0,37.0,37.0,37.0,37.0,0
Loundoungou,BIO_FP_FH__L2A_20260519T043740_20260531T043807_T_G01_M03_C___T033_F003,2026-05-19,14,45,17.066271781921387,2.3841607570648193,33.76832580566406,1.0,8649,0.0,30.029795487556363,32.43059,39.274372,40.12574,41.44981,42.78965,38.47376,1.0,35.425037342573894,35.0,37.0,38.0,38.0,38.0,0
Loundoungou,BIO_FP_FH__L2A_20260519T043740_20260531T043807_T_G01_M03_C___T033_F003,2026-05-19,14,46,17.067105293273926,2.3841607570648193,35.55332565307617,1.0,8649,0.22540000081062317,27.198840725806452,30.841984,37.7285,39.011036,43.741997,45.422028,36.710728,1.0,36.69975075494045,37.0,38.0,38.0,39.0,39.0,0
Loundoungou,BIO_FP_FH__L2A_20260519T043740_20260531T043807_T_G01_M03_C___T033_F003,2026-05-19,14,47,17.067938804626465,2.3841607570648193,38.45272445678711,1.0,8649,0.7728000283241272,24.20563793502139,25.549479,36.35071,39.040825,42.846504,47.262127,32.9552,1.0,37.1647986126354,37.0,38.0,38.0,38.0,38.0,0
Loundoungou,BIO_FP_FH__L2A_20260519T043740_20260531T043807_T_G01_M03_C___T033_F003,2026-05-19,14,48,17.068772315979004,2.3841607570648193,40.37012481689453,1.0,8649,1.082800030708313,30.296727426039137,31.472063,39.90972,42.45643,46.262833,47.997833,38.61376,1.0,37.183663278580376,37.0,38.0,38.0,38.0,38.0,0
Loundoungou,BIO_FP_FH__L2A_20260519T043740_20260531T043807_T_G01_M03_C___T033_F003,2026-05-19,14,49,17.069605827331543,2.3841607570648193,40.881324768066406,0.9999999894146451,8649,1.0700000524520874,28.663566674887605,30.901058,40.097183,42.385914,45.105576,47.095345,37.410618,1.0,36.56157970130754,36.0,38.0,38.0,39.0,39.0,0
Loundoungou,BIO_FP_FH__L2A_20260519T043740_20260531T043807_T_G01_M03_C___T033_F003,2026-05-19,14,50,17.070439338684082,2.3841607570648193,41.309326171875,1.0,8649,1.0571999549865723,31.433510930183402,33.682804,43.118244,46.519386,48.70167,49.8562,40.508152,1.0,36.93662039229382,37.0,38.0,38.0,38.0,38.0,0
Loundoungou,BIO_FP_FH__L2A_20260519T043740_20260531T043807_T_G01_M03_C___T033_F003,2026-05-19,14,51,17.07127285003662,2.3841607570648193,40.603126525878906,1.0,8649,1.0551999807357788,32.04138331788718,33.748333,40.610245,41.80001,43.235928,44.393845,39.641666,1.0,36.71971401488496,37.0,38.0,38.0,38.0,39.0,0
Loundoungou,BIO_FP_FH__L2A_20260519T043740_20260531T043807_T_G01_M03_C___T033_F003,2026-05-19,14,52,17.07210636138916,2.3841607570648193,39.506526947021484,1.0000000105853548,8649,1.0592000484466553,31.503461670350987,34.735687,43.496346,44.613274,46.108368,47.72904,42.313564,1.0,36.55077343315648,36.0,37.28003692626953,38.0,39.0,39.0,0
Loundoungou,BIO_FP_FH__L2A_20260519T043740_20260531T043807_T_G01_M03_C___T033_F003,2026-05-19,14,53,17.0729398727417,2.3841607570648193,39.037261962890625,0.9999999934944173,8649,1.0629832744598389,29.236190795560507,30.635376,39.483925,43.111233,45.684273,47.78231,37.818882,1.0,36.85247561035438,37.0,37.28003692626953,38.0,38.0,38.0,0
Loundoungou,BIO_FP_FH__L2A_20260519T043740_20260531T043807_T_G01_M03_C___T033_F003,2026-05-19,15,29,17.05293560028076,2.3833272457122803,36.7773551940918,1.0000000035284515,8649,0.5982000231742859,17.363562984994275,12.726063,39.013515,43.04366,45.2777,46.723606,35.662403,1.0,30.18404880393129,33.0,35.0,36.0,36.0,36.0,0
Loundoungou,BIO_FP_FH__L2A_20260519T043740_20260531T043807_T_G01_M03_C___T033_F003,2026-05-19,15,30,17.0537691116333,2.3833272457122803,36.60155487060547,0.9999999929430967,8649,0.7214000225067139,15.270883149925005,11.9385395,36.261093,38.126606,40.605225,43.33776,33.941246,1.0,27.963031377581753,29.0,34.0,35.0,36.0,37.0,0
Loundoungou,BIO_FP_FH__L2A_20260519T043740_20260531T043807_T_G01_M03_C___T033_F003,2026-05-19,15,31,17.05460262298584,2.3833272457122803,37.44495391845703,1.0000000017642259,8649,0.9800000190734863,25.9023952479237,29.229856,40.87154,42.58125,44.421837,46.506405,39.625027,1.0,32.442487386764576,33.0,36.0,37.0,37.0,37.0,0
Loundoungou,BIO_FP_FH__L2A_20260519T043740_20260531T043807_T_G01_M03_C___T033_F003,2026-05-19,15,32,17.05543613433838,2.3833272457122803,37.270755767822266,1.0,8649,0.490200012922287,31.94624519678937,34.21859,43.34367,44.592236,46.653954,50.39123,40.688522,1.0,36.37690874325332,37.0,38.0,38.0,39.0,39.0,0
Loundoungou,BIO_FP_FH__L2A_20260519T043740_20260531T043807_T_G01_M03_C___T033_F003,2026-05-19,15,33,17.056269645690918,2.3833272457122803,37.05055236816406,0.9999999929430967,8649,0.00019999999494757503,33.18039116626724,35.6514,47.436615,48.70826,50.99049,52.373573,46.465824,1.0,38.00372810244684,38.0,39.0,39.0,39.0,39.0,0
Loundoungou,BIO_FP_FH__L2A_20260519T043740_20260531T043807_T_G01_M03_C___T033_F003,2026-05-19,15,34,17.057103157043457,2.3833272457122803,35.69095230102539,0.9999999823577419,8649,0.0,30.867520452943673,32.766773,40.41419,42.121353,43.912758,48.070972,38.51696,1.0,38.479759886714405,38.0,39.0,40.0,40.0,40.0,0
Loundoungou,BIO_FP_FH__L2A_20260519T043740_20260531T043807_T_G01_M03_C___T033_F003,2026-05-19,15,35,17.057936668395996,2.3833272457122803,34.36455535888672,1.0,8649,0.0,29.8876571487672,31.832027,44.04325,45.965797,48.08428,50.279903,42.33791,1.0,38.03748950391494,38.0,39.0,39.0,39.0,40.0,0
Loundoungou,BIO_FP_FH__L2A_20260519T043740_20260531T043807_T_G01_M03_C___T033_F003,2026-05-19,15,36,17.058770179748535,2.3833272457122803,34.09515380859375,1.0,8649,0.0,24.85793923069141,26.907427,38.506104,40.3681,42.949837,44.54044,36.171425,1.0,37.66806823778103,38.0,39.0,39.0,40.0,40.0,0
Loundoungou,BIO_FP_FH__L2A_20260519T043740_20260531T043807_T_G01_M03_C___T033_F003,2026-05-19,15,37,17.059603691101074,2.3833272457122803,35.02608108520508,1.0,8649,0.0,25.242037554919644,27.442266,41.733112,43.5276,47.04118,49.092625,38.95952,1.0,37.22824488029079,37.0,38.0,38.0,39.0,39.0,0
Loundoungou,BIO_FP_FH__L2A_20260519T043740_20260531T043807_T_G01_M03_C___T033_F003,2026-05-19,15,38,17.060437202453613,2.3833272457122803,34.5850830078125,1.0000000070569033,8649,0.0,25.73160760905507,24.776812,41.60932,43.288956,47.86122,49.405422,40.30895,1.0,35.83059853721263,36.0,37.0,37.0,37.0,37.0,0
Loundoungou,BIO_FP_FH__L2A_20260519T043740_20260531T043807_T_G01_M03_C___T033_F003,2026-05-19,15,39,17.061270713806152,2.3833272457122803,34.42828369140625,1.0000000070569033,8649,0.0,31.90917641373782,35.75503,42.748405,43.988045,47.49532,51.367023,41.91871,1.0,37.06644937208945,37.0,39.0,39.0,39.0,39.0,0
Loundoungou,BIO_FP_FH__L2A_20260519T043740_20260531T043807_T_G01_M03_C___T033_F003,2026-05-19,15,40,17.06210422515869,2.3833272457122803,34.49468231201172,1.0,8649,0.0,23.46287820485027,24.318987,40.5767,42.6477,45.225273,48.538136,38.936333,1.0,37.4531889293687,37.41887664794922,38.0,38.0,39.0,39.0,0
Loundoungou,BIO_FP_FH__L2A_20260519T043740_20260531T043807_T_G01_M03_C___T033_F003,2026-05-19,15,41,17.06293773651123,2.3833272457122803,34.46868133544922,1.0,8649,0.0,27.333796943649556,27.858114,40.221645,43.519176,47.970863,50.3956,37.351276,1.0,36.89117000353572,37.0,38.0,39.0,39.0,39.0,0
Loundoungou,BIO_FP_FH__L2A_20260519T043740_20260531T043807_T_G01_M03_C___T033_F003,2026-05-19,15,42,17.06377124786377,2.3833272457122803,33.637882232666016,1.0,8649,0.0,30.878042710862527,31.647242,46.449295,48.20448,50.841442,53.50192,43.985516,1.0,36.15483496078578,36.0,37.0,37.0,37.0,37.0,0
Loundoungou,BIO_FP_FH__L2A_20260519T043740_20260531T043807_T_G01_M03_C___T033_F003,2026-05-19,15,43,17.06460475921631,2.3833272457122803,33.14848327636719,1.0,8649,0.0,31.386418634018384,31.458483,45.221386,48.65677,53.82043,55.418926,43.264137,1.0,36.20276982738236,36.0,37.0,37.0,37.0,37.0,0
Loundoungou,BIO_FP_FH__L2A_20260519T043740_20260531T043807_T_G01_M03_C___T033_F003,2026-05-19,15,44,17.065438270568848,2.3833272457122803,33.105281829833984,1.000000056455226,8649,0.0,29.84250607444084,33.641907,40.256413,42.092373,45.000916,47.2205,38.913727,1.0,36.14758124314563,36.0,37.0,37.0,37.0,37.0,0
Loundoungou,BIO_FP_FH__L2A_20260519T043740_20260531T043807_T_G01_M03_C___T033_F003,2026-05-19,15,45,17.066271781921387,2.3833272457122803,34.026126861572266,0.9999999858861935,8649,0.0,29.13363377017306,32.002007,41.2228,43.197712,45.638336,47.614952,39.27569,1.0,36.39360377134953,36.0,38.0,38.0,38.0,38.0,0
Loundoungou,BIO_FP_FH__L2A_20260519T043740_20260531T043807_T_G01_M03_C___T033_F003,2026-05-19,15,46,17.067105293273926,2.3833272457122803,35.063724517822266,1.0,8649,0.13539999723434448,23.417389745201756,26.062029,36.652863,38.816532,42.184593,44.087555,34.91974,1.0,38.13986040173356,38.0,39.0,39.0,39.0,39.0,0
Loundoungou,BIO_FP_FH__L2A_20260519T043740_20260531T043807_T_G01_M03_C___T033_F003,2026-05-19,15,47,17.067938804626465,2.3833272457122803,37.07552719116211,1.0,8649,0.6901999711990356,25.76421971651347,26.850904,37.255272,39.352184,42.886864,50.27011,35.61808,1.0,37.41897286397347,37.68400955200195,38.0,39.0,39.59791564941406,40.0,0
Loundoungou,BIO_FP_FH__L2A_20260519T043740_20260531T043807_T_G01_M03_C___T033_F003,2026-05-19,15,48,17.068772315979004,2.3833272457122803,39.493927001953125,1.0,8649,1.1100000143051147,31.65493391577061,34.475002,40.88191,42.79585,46.071594,47.305252,39.598347,1.0,37.61544193484381,37.19394302368164,39.0,39.0,40.0,40.0,0
Loundoungou,BIO_FP_FH__L2A_20260519T043740_20260531T043807_T_G01_M03_C___T033_F003,2026-05-19,15,49,17.069605827331543,2.3833272457122803,39.6837272644043,1.0000000070569033,8649,1.0920000076293945,32.039129455621946,35.119877,42.793343,43.92913,45.758545,47.48754,41.46345,1.0,38.10929889747319,38.0,39.0,39.0,40.0,40.0,0
Loundoungou,BIO_FP_FH__L2A_20260519T043740_20260531T043807_T_G01_M03_C___T033_F003,2026-05-19,15,50,17.070439338684082,2.3833272457122803,40.076324462890625,0.9999999858861935,8649,1.0776000022888184,30.39028884286502,32.394268,41.60559,42.557903,44.674587,47.189606,40.492626,1.0,38.17518105155706,38.0,39.0,39.0,40.0,40.0,0
Loundoungou,BIO_FP_FH__L2A_20260519T043740_20260531T043807_T_G01_M03_C___T033_F003,2026-05-19,15,51,17.07127285003662,2.3833272457122803,40.34512710571289,1.0,8649,1.065000057220459,29.451810778793067,31.484144,39.730263,41.006973,44.335316,46.616875,37.841736,1.0,38.78202721777369,39.0,40.0,40.0,40.0,40.0,0
Loundoungou,BIO_FP_FH__L2A_20260519T043740_20260531T043807_T_G01_M03_C___T033_F003,2026-05-19,15,52,17.07210636138916,2.3833272457122803,40.59072494506836,1.000000017642258,8649,1.0528000593185425,33.28456852843426,35.117104,40.47174,41.704525,43.580067,46.66926,39.419884,1.0,38.21195596903787,38.0,39.0,39.988468170166016,40.0,40.0,0
Loundoungou,BIO_FP_FH__L2A_20260519T043740_20260531T043807_T_G01_M03_C___T033_F003,2026-05-19,15,53,17.0729398727417,2.3833272457122803,40.13426208496094,1.0000000035284515,8649,1.0543832778930664,35.95530441181747,37.304432,43.58383,44.70268,46.737663,49.50862,42.879406,1.0,37.85990236723185,38.0,39.0,39.0,39.0,39.0,0
Loundoungou,BIO_FP_FH__L2A_20260519T043740_20260531T043807_T_G01_M03_C___T033_F003,2026-05-19,15,54,17.07377338409424,2.3833272457122803,39.67786407470703,0.9974536882658089,8634,1.055983304977417,33.02465312580561,35.46376,41.25033,42.398323,43.9024,46.07294,40.11733,1.0,37.61391151173292,38.0,39.0,39.0,39.0,39.0,0
Loundoungou,BIO_FP_FH__L2A_20260519T043740_20260531T043807_T_G01_M03_C___T033_F003,2026-05-19,16,27,17.051268577575684,2.382493734359741,37.99767303466797,0.933974114218562,8148,0.9071999788284302,19.81007493899094,16.265844,39.083298,41.56562,44.161182,45.1737,35.72372,1.0,32.97935282887717,34.0,35.0,35.0,36.0,36.0,0
Loundoungou,BIO_FP_FH__L2A_20260519T043740_20260531T043807_T_G01_M03_C___T033_F003,2026-05-19,16,28,17.052102088928223,2.382493734359741,38.48127365112305,1.0000000079390161,8649,1.0121999979019165,10.321266539606949,7.498756,30.944584,36.275444,42.197777,45.082638,22.208935,1.0,25.387089168616065,26.043500900268555,33.0,34.0,35.0,35.0,0
Loundoungou,BIO_FP_FH__L2A_20260519T043740_20260531T043807_T_G01_M03_C___T033_F003,2026-05-19,16,29,17.05293560028076,2.382493734359741,38.5467529296875,0.9994873442061583,8649,1.0670000314712524,18.065794273167533,14.666807,38.39456,40.18137,43.08245,46.422443,32.619644,1.0,27.895311523082007,29.0,34.0,34.0,36.0,36.02175,0
Loundoungou,BIO_FP_FH__L2A_20260519T043740_20260531T043807_T_G01_M03_C___T033_F003,2026-05-19,16,30,17.0537691116333,2.382493734359741,37.849754333496094,0.999999991178871,8649,1.0770000219345093,22.83619067730886,24.765022,35.477974,38.763504,42.711327,48.11979,33.166153,1.0,35.5828424595535,36.0,37.0,38.0,38.0,39.0,0
Loundoungou,BIO_FP_FH__L2A_20260519T043740_20260531T043807_T_G01_M03_C___T033_F003,2026-05-19,16,31,17.05460262298584,2.382493734359741,37.07015609741211,1.0,8649,1.0931999683380127,31.77098943203333,33.61579,43.5931,47.10754,50.783165,52.169098,41.952877,1.0,38.339918653735374,38.19016647338867,39.0,39.0,39.0,39.0,0
Loundoungou,BIO_FP_FH__L2A_20260519T043740_20260531T043807_T_G01_M03_C___T033_F003,2026-05-19,16,32,17.05543613433838,2.382493734359741,36.7591552734375,1.000000028227613,8649,0.6161999702453613,33.270605105443536,36.0925,41.687172,42.711735,44.233063,45.79036,41.114735,1.0,38.023044148212584,38.0,39.0,39.0,39.0,39.0,0
Loundoungou,BIO_FP_FH__L2A_20260519T043740_20260531T043807_T_G01_M03_C___T033_F003,2026-05-19,16,33,17.056269645690918,2.382493734359741,37.321754455566406,1.000000017642258,8649,0.11800000071525574,34.519036770688864,36.378,43.98311,45.56884,47.845406,49.30863,42.89965,1.0,34.75472488936999,38.0,38.0,39.0,39.0,39.0,0
Loundoungou,BIO_FP_FH__L2A_20260519T043740_20260531T043807_T_G01_M03_C___T033_F003,2026-05-19,16,34,17.057103157043457,2.382493734359741,37.52995300292969,1.0,8649,0.0,31.03369767278009,32.71206,40.491993,42.07202,44.178905,48.206703,39.69779,1.0,37.66963555526425,38.0,38.0,39.0,39.0,39.0,0
Loundoungou,BIO_FP_FH__L2A_20260519T043740_20260531T043807_T_G01_M03_C___T033_F003,2026-05-19,16,35,17.057936668395996,2.382493734359741,36.907955169677734,1.0,8649,0.0,31.52957644127934,33.059113,39.8317,41.11841,42.770557,44.533657,38.978226,1.0,37.37685248121001,37.0,38.0,39.0,39.0,39.0,0
Loundoungou,BIO_FP_FH__L2A_20260519T043740_20260531T043807_T_G01_M03_C___T033_F003,2026-05-19,16,36,17.058770179748535,2.382493734359741,36.11435317993164,1.0,8649,0.0,32.99049689180107,34.33879,40.306,41.45374,44.225906,46.38538,39.3844,1.0,38.19652246957515,38.0,39.0,39.0,39.0,39.0,0
Loundoungou,BIO_FP_FH__L2A_20260519T043740_20260531T043807_T_G01_M03_C___T033_F003,2026-05-19,16,37,17.059603691101074,2.382493734359741,35.57228088378906,0.9999999858861935,8649,0.0,32.153076089352645,33.748146,42.77194,45.181446,48.71761,51.9037,41.43683,1.0,37.630277138140066,38.0,38.0,38.0,39.0,39.0,0
Loundoungou,BIO_FP_FH__L2A_20260519T043740_20260531T043807_T_G01_M03_C___T033_F003,2026-05-19,16,38,17.060437202453613,2.382493734359741,35.091880798339844,1.0000000141138066,8649,0.0,26.010414041351673,24.914423,39.457325,42.10213,48.008137,50.02271,38.095356,1.0,34.602257718763155,35.0,36.0,36.0,36.0,36.0,0
Loundoungou,BIO_FP_FH__L2A_20260519T043740_20260531T043807_T_G01_M03_C___T033_F003,2026-05-19,16,39,17.061270713806152,2.382493734359741,34.56428146362305,1.0,8649,0.0,23.796090046537174,23.69584,38.244762,40.524963,42.794506,44.8347,36.17468,1.0,34.433984136123826,35.0,36.0,36.0,36.0,36.0,0
Loundoungou,BIO_FP_FH__L2A_20260519T043740_20260531T043807_T_G01_M03_C___T033_F003,2026-05-19,16,40,17.06210422515869,2.382493734359741,34.18688201904297,1.0,8649,0.0,24.19621984839288,26.2903,36.63463,38.957787,43.06532,44.80517,34.548206,1.0,36.91748091554019,37.0,38.0,38.29612731933594,39.0,39.0,0
Loundoungou,BIO_FP_FH__L2A_20260519T043740_20260531T043807_T_G01_M03_C___T033_F003,2026-05-19,16,41,17.06293773651123,2.382493734359741,34.59288024902344,1.0,8649,0.0,29.300734279251937,30.092821,42.361362,43.825356,46.04887,48.801945,40.717827,1.0,36.67636209444471,37.0,38.0,38.0,38.0,38.0,0
Loundoungou,BIO_FP_FH__L2A_20260519T043740_20260531T043807_T_G01_M03_C___T033_F003,2026-05-19,16,42,17.06377124786377,2.382493734359741,34.95328140258789,1.0,8649,0.0,24.80232586498439,25.744974,43.43564,47.61419,49.780663,50.782352,41.22664,1.0,36.9256808240919,37.0,38.0,38.0,39.0,39.0,0
Loundoungou,BIO_FP_FH__L2A_20260519T043740_20260531T043807_T_G01_M03_C___T033_F003,2026-05-19,16,43,17.06460475921631,2.382493734359741,35.03548049926758,1.0,8649,0.0,30.308690401346976,31.903692,39.57678,40.7866,43.97477,45.78811,37.51051,1.0,36.954952360839705,37.0,38.0,39.0,39.0,39.02175,0
Loundoungou,BIO_FP_FH__L2A_20260519T043740_20260531T043807_T_G01_M03_C___T033_F003,2026-05-19,16,44,17.065438270568848,2.382493734359741,34.85188293457031,1.0,8649,0.0,37.192507126907735,39.618896,43.731903,44.60543,46.611305,49.11176,42.769527,1.0,37.46722524446454,38.0,38.0,38.0,39.0,39.02175,0
Loundoungou,BIO_FP_FH__L2A_20260519T043740_20260531T043807_T_G01_M03_C___T033_F003,2026-05-19,16,45,17.066271781921387,2.382493734359741,35.45052719116211,0.9999999576585805,8649,0.0,27.428021877247843,29.870516,40.568703,42.54505,47.491993,50.3923,38.157955,1.0,37.741806091139225,38.0,38.0,38.0,39.0,39.0,0
Loundoungou,BIO_FP_FH__L2A_20260519T043740_20260531T043807_T_G01_M03_C___T033_F003,2026-05-19,16,46,17.067105293273926,2.382493734359741,36.25132751464844,0.9999999929430967,8649,0.04899999871850014,30.947878495509144,33.955788,42.658157,44.38648,47.82457,50.006332,40.828068,1.0,39.02680272236768,39.0,40.0,40.0,40.0,40.0,0
Loundoungou,BIO_FP_FH__L2A_20260519T043740_20260531T043807_T_G01_M03_C___T033_F003,2026-05-19,16,47,17.067938804626465,2.382493734359741,37.65292739868164,1.0,8649,0.6050000190734863,27.80415049788993,29.394655,37.64316,39.24796,41.71249,43.266068,36.753113,1.0,37.97013805096984,38.0,39.0,39.0,39.0,39.0,0
Loundoungou,BIO_FP_FH__L2A_20260519T043740_20260531T043807_T_G01_M03_C___T033_F003,2026-05-19,16,48,17.068772315979004,2.382493734359741,38.918724060058594,1.0,8649,1.1327999830245972,31.523922563302115,33.105495,43.966656,49.355755,51.854248,53.12846,42.1735,1.0,39.02227136040991,39.0,40.0,40.0,41.0,41.0,0
Loundoungou,BIO_FP_FH__L2A_20260519T043740_20260531T043807_T_G01_M03_C___T033_F003,2026-05-19,16,49,17.069605827331543,2.382493734359741,39.40252685546875,1.0,8649,1.1055999994277954,23.32884864308735,23.341286,38.696346,40.162167,41.897835,43.7587,37.334293,1.0,39.13344334966117,39.0,40.0,41.0,41.0,41.0,0
Loundoungou,BIO_FP_FH__L2A_20260519T043740_20260531T043807_T_G01_M03_C___T033_F003,2026-05-19,16,50,17.070439338684082,2.382493734359741,39.634124755859375,0.9999999858861935,8649,1.087399959564209,30.38467899988493,33.107788,40.878056,42.30364,43.586296,45.01664,40.183537,1.0,38.82108582500943,39.0,39.0,40.0,40.0,40.0,0
Loundoungou,BIO_FP_FH__L2A_20260519T043740_20260531T043807_T_G01_M03_C___T033_F003,2026-05-19,16,51,17.07127285003662,2.382493734359741,39.84192657470703,1.0000000105853548,8649,1.0853999853134155,29.667428046536113,31.49108,40.05903,40.99625,42.181973,42.850483,38.55269,1.0,38.61172363796404,39.0,40.0,40.0,40.0,40.0,0
Loundoungou,BIO_FP_FH__L2A_20260519T043740_20260531T043807_T_G01_M03_C___T033_F003,2026-05-19,16,52,17.07210636138916,2.382493734359741,40.30972671508789,1.0,8649,1.0728000402450562,30.241748278341426,31.728634,39.247883,40.61467,43.355732,45.099564,37.742764,1.0,37.53891632948077,37.0,38.0,39.0,40.0,40.0,0
Loundoungou,BIO_FP_FH__L2A_20260519T043740_20260531T043807_T_G01_M03_C___T033_F003,2026-05-19,16,53,17.0729398727417,2.382493734359741,40.74726486206055,1.0,8649,1.0519832372665405,30.357414140634035,32.05667,42.905067,44.644955,46.45027,48.05284,41.074062,1.0,38.098524998014184,38.0,39.0,39.0,39.0,39.0,0
Loundoungou,BIO_FP_FH__L2A_20260519T043740_20260531T043807_T_G01_M03_C___T033_F003,2026-05-19,16,54,17.07377338409424,2.382493734359741,40.82166290283203,1.0,8649,1.038783311843872,32.28225447960928,35.0647,42.20209,44.002052,45.996,49.923843,41.232647,1.0,38.50721521032437,39.0,40.0,40.0,40.0,40.0,0
Loundoungou,BIO_FP_FH__L2A_20260519T043740_20260531T043807_T_G01_M03_C___T033_F003,2026-05-19,16,55,17.074606895446777,2.382493734359741,40.37586212158203,0.9981554193136416,8638,1.0307832956314087,37.60608854957676,39.61213,44.996277,46.177135,48.712166,50.90196,44.003365,1.0,37.9674824399195,38.0,39.0,39.0,39.0,39.0,0
Loundoungou,BIO_FP_FH__L2A_20260519T043740_20260531T043807_T_G01_M03_C___T033_F003,2026-05-19,17,26,17.050435066223145,2.381660223007202,37.43007278442383,0.9601898098532238,8333,0.7540000081062317,15.109464224062542,12.174481,34.952576,37.639416,40.859802,42.640526,32.402355,1.0,30.597401671553502,33.0,35.0,35.0,36.0,36.0,0
Loundoungou,BIO_FP_FH__L2A_20260519T043740_20260531T043807_T_G01_M03_C___T033_F003,2026-05-19,17,27,17.051268577575684,2.381660223007202,37.886470794677734,1.0000000044105646,8649,1.0881999731063843,11.880097473440491,8.678246,35.144615,39.45981,46.305775,47.759624,27.664173,1.0,26.463713940671035,27.0,33.0,34.0,34.0,35.0,0
Loundoungou,BIO_FP_FH__L2A_20260519T043740_20260531T043807_T_G01_M03_C___T033_F003,2026-05-19,17,28,17.052102088928223,2.381660223007202,38.046871185302734,1.0000000070569033,8649,1.0734000205993652,29.442409646781037,32.65694,40.979805,43.148033,46.486523,48.687397,39.981274,1.0,32.46931627480635,34.0,36.0,36.0,36.0,36.083225,0
Loundoungou,BIO_FP_FH__L2A_20260519T043740_20260531T043807_T_G01_M03_C___T033_F003,2026-05-19,17,29,17.05293560028076,2.381660223007202,38.14615249633789,0.9999277408391234,8649,1.0645999908447266,27.586560318177547,29.94629,41.05729,42.736572,45.714127,48.09711,39.060673,1.0,36.5400486479799,37.0,38.0,38.0,38.0,38.041615,0
Loundoungou,BIO_FP_FH__L2A_20260519T043740_20260531T043807_T_G01_M03_C___T033_F003,2026-05-19,17,30,17.0537691116333,2.381660223007202,37.410953521728516,1.0,8649,1.0776000022888184,29.061595756644554,29.560396,42.455887,45.804974,50.136578,51.715206,40.221157,1.0,38.3234666001109,38.0,39.0,39.0,39.0,39.0,0
Loundoungou,BIO_FP_FH__L2A_20260519T043740_20260531T043807_T_G01_M03_C___T033_F003,2026-05-19,17,31,17.05460262298584,2.381660223007202,36.54795455932617,1.0000000458698712,8649,1.100000023841858,34.132975219032595,35.508953,44.177444,45.95797,48.27071,49.799274,42.663273,1.0,38.97611590828809,39.0,40.0,40.0,40.0,40.0,0
Loundoungou,BIO_FP_FH__L2A_20260519T043740_20260531T043807_T_G01_M03_C___T033_F003,2026-05-19,17,32,17.05543613433838,2.381660223007202,36.55195236206055,0.9999999894146451,8649,0.7440000176429749,31.966905042862766,33.937046,41.76943,43.602062,45.284508,51.58707,41.08295,1.0,37.485804529682945,37.127708435058594,38.0,38.72023391723633,39.0,39.0,0
Loundoungou,BIO_FP_FH__L2A_20260519T043740_20260531T043807_T_G01_M03_C___T033_F003,2026-05-19,17,33,17.056269645690918,2.381660223007202,37.5649528503418,1.0,8649,0.23659999668598175,34.812629282467626,35.493908,44.39778,48.521057,52.622192,54.172092,42.786804,1.0,37.83078600384759,38.0,39.0,39.0,39.0,39.0,0
Loundoungou,BIO_FP_FH__L2A_20260519T043740_20260531T043807_T_G01_M03_C___T033_F003,2026-05-19,17,34,17.057103157043457,2.381660223007202,37.90715408325195,1.0,8649,0.0,28.944401312651753,31.511961,39.344322,41.60304,43.488102,45.434814,37.44579,1.0,36.6036750761701,37.34599685668945,38.0,38.076544952392595,39.0,39.0,0
Loundoungou,BIO_FP_FH__L2A_20260519T043740_20260531T043807_T_G01_M03_C___T033_F003,2026-05-19,17,35,17.057936668395996,2.381660223007202,37.719154357910156,1.0,8649,0.0,31.820465154931206,33.042076,40.68556,42.206924,43.858795,45.312733,39.65499,1.0,36.206169640043456,37.0,37.0,37.885780334472656,38.0,38.0,0
Loundoungou,BIO_FP_FH__L2A_20260519T043740_20260531T043807_T_G01_M03_C___T033_F003,2026-05-19,17,36,17.058770179748535,2.381660223007202,37.90415573120117,1.0000000211707099,8649,0.329800009727478,29.047591592233452,31.817888,40.50144,41.617645,43.555084,45.905903,39.699352,1.0,37.56559353953139,38.0,39.0,39.0,39.0,39.0,0
Loundoungou,BIO_FP_FH__L2A_20260519T043740_20260531T043807_T_G01_M03_C___T033_F003,2026-05-19,17,37,17.059603691101074,2.381660223007202,37.093482971191406,1.0000000423414195,8649,0.33219999074935913,31.650697078756913,33.67012,40.846695,42.799763,45.01339,46.47056,39.50526,1.0,37.07084406167872,37.0,38.0,38.0,38.0,39.0,0
Loundoungou,BIO_FP_FH__L2A_20260519T043740_20260531T043807_T_G01_M03_C___T033_F003,2026-05-19,17,38,17.060437202453613,2.381660223007202,36.5136833190918,1.0,8649,0.0,27.585846494175627,29.680319,37.89036,39.361496,41.918568,44.930435,36.489548,1.0,35.4744116304265,36.0,37.0,37.0,37.0,37.041615,0
Loundoungou,BIO_FP_FH__L2A_20260519T043740_20260531T043807_T_G01_M03_C___T033_F003,2026-05-19,17,39,17.061270713806152,2.381660223007202,36.49208068847656,1.0,8649,0.0,18.766828851240028,18.012018,32.980938,36.54727,40.08821,44.008614,28.846964,1.0,33.89816126105055,34.0,35.0,35.0,36.0,36.0,0
Loundoungou,BIO_FP_FH__L2A_20260519T043740_20260531T043807_T_G01_M03_C___T033_F003,2026-05-19,17,40,17.06210422515869,2.381660223007202,36.04328155517578,1.0,8649,0.0,27.631944670265348,29.982655,39.048973,41.060284,43.970737,46.2623,38.31133,1.0,34.996951534673926,35.0,37.0,37.0,37.0,37.0,0
Loundoungou,BIO_FP_FH__L2A_20260519T043740_20260531T043807_T_G01_M03_C___T033_F003,2026-05-19,17,41,17.06293773651123,2.381660223007202,35.791481018066406,1.0,8649,0.0,28.961437241660885,30.947048,38.079777,39.819744,41.50846,42.998676,36.90638,1.0,36.67303122728736,37.0,38.0,38.531681060791016,39.0,39.0,0
Loundoungou,BIO_FP_FH__L2A_20260519T043740_20260531T043807_T_G01_M03_C___T033_F003,2026-05-19,17,42,17.06377124786377,2.381660223007202,35.782283782958984,1.0,8649,0.0,31.107681569039773,33.25671,42.103146,44.52646,46.67113,49.10835,40.186356,1.0,37.60839466690838,38.0,38.0,38.36235809326172,39.0,39.0,0
Loundoungou,BIO_FP_FH__L2A_20260519T043740_20260531T043807_T_G01_M03_C___T033_F003,2026-05-19,17,43,17.06460475921631,2.381660223007202,36.050880432128906,1.0,8649,0.038600001484155655,30.09039633375289,32.273815,41.980267,43.910927,46.835766,48.03324,41.18744,1.0,38.22235581028295,38.0,39.0,39.0,40.0,40.0,0
Loundoungou,BIO_FP_FH__L2A_20260519T043740_20260531T043807_T_G01_M03_C___T033_F003,2026-05-19,17,44,17.065438270568848,2.381660223007202,36.33168029785156,1.0,8649,0.1581999957561493,32.043919681827376,35.097794,40.166893,41.8082,44.88719,46.86514,39.401844,1.0,38.360177534855175,38.0,40.0,40.0,40.0,40.0,0
Loundoungou,BIO_FP_FH__L2A_20260519T043740_20260531T043807_T_G01_M03_C___T033_F003,2026-05-19,17,45,17.066271781921387,2.381660223007202,36.81452560424805,1.0,8649,0.2709999978542328,29.87168788479882,32.680466,39.90026,41.72,43.746105,44.893597,38.618828,1.0,37.71679111789011,38.0,38.0,38.0,39.0,39.0,0
Loundoungou,BIO_FP_FH__L2A_20260519T043740_20260531T043807_T_G01_M03_C___T033_F003,2026-05-19,17,46,17.067105293273926,2.381660223007202,37.243927001953125,0.9999999647154837,8649,0.387800008058548,30.46508848570149,32.960274,40.896896,41.948666,45.479015,48.32119,40.27492,1.0,38.49069520754268,39.0,39.0,39.0,40.0,40.0,0
Loundoungou,BIO_FP_FH__L2A_20260519T043740_20260531T043807_T_G01_M03_C___T033_F003,2026-05-19,17,47,17.067938804626465,2.381660223007202,38.46412658691406,1.000000028227613,8649,0.9955999851226807,27.460450984092187,28.645155,40.187286,41.7077,44.937866,48.133335,37.770367,1.0,37.804793892960866,38.0,39.0,39.0,39.0,39.0,0
Loundoungou,BIO_FP_FH__L2A_20260519T043740_20260531T043807_T_G01_M03_C___T033_F003,2026-05-19,17,48,17.068772315979004,2.381660223007202,39.438724517822266,1.0,8649,1.1152000427246094,25.955479408746676,28.635729,38.85581,40.41415,42.548393,45.675594,37.799118,1.0,37.90492850885955,38.0,38.66394805908203,39.0,39.0,39.0,0
Loundoungou,BIO_FP_FH__L2A_20260519T043740_20260531T043807_T_G01_M03_C___T033_F003,2026-05-19,17,49,17.069605827331543,2.381660223007202,39.941925048828125,1.0,8649,1.0944000482559204,26.74206871820442,29.066116,39.210754,40.94507,42.603783,43.992447,36.93604,1.0,38.61304192306513,39.0,39.0,39.0,40.0,40.0,0
Loundoungou,BIO_FP_FH__L2A_20260519T043740_20260531T043807_T_G01_M03_C___T033_F003,2026-05-19,17,50,17.070439338684082,2.381660223007202,39.8203239440918,1.0,8649,1.0886000394821167,27.901322700781883,29.392931,39.72076,41.815113,49.475853,52.121944,38.262188,1.0,38.303284378131146,38.0,39.0,40.0,40.0,40.0,0
Loundoungou,BIO_FP_FH__L2A_20260519T043740_20260531T043807_T_G01_M03_C___T033_F003,2026-05-19,17,51,17.07127285003662,2.381660223007202,39.92872619628906,1.0000000105853548,8649,1.0870000123977661,25.178899231427383,26.648079,38.46932,40.50824,41.802963,42.847103,36.93035,1.0,37.73307155600751,38.0,38.0,38.0,38.0416145324707,39.0,0
Loundoungou,BIO_FP_FH__L2A_20260519T043740_20260531T043807_T_G01_M03_C___T033_F003,2026-05-19,17,52,17.07210636138916,2.381660223007202,40.134525299072266,1.0000000246991614,8649,1.0870000123977661,29.252868670797266,32.07942,41.511677,43.183647,48.1281,49.632114,39.708633,1.0,38.32981838729564,38.0,39.0,39.0,40.0,40.0,0
Loundoungou,BIO_FP_FH__L2A_20260519T043740_20260531T043807_T_G01_M03_C___T033_F003,2026-05-19,17,53,17.0729398727417,2.381660223007202,40.22746276855469,1.0,8649,1.0727832317352295,29.21750888831079,31.003794,41.823196,43.401466,45.690224,48.639046,40.17805,1.0,37.88550716086555,38.0,39.0,39.0,39.0,39.0,0
Loundoungou,BIO_FP_FH__L2A_20260519T043740_20260531T043807_T_G01_M03_C___T033_F003,2026-05-19,17,54,17.07377338409424,2.381660223007202,40.41486358642578,0.9999999982357742,8649,1.0475832223892212,24.261433863276835,26.629519,35.447376,37.609806,42.70402,45.456226,33.619457,1.0,37.88542923236503,38.0,39.0,39.0,39.0,39.0,0
Loundoungou,BIO_FP_FH__L2A_20260519T043740_20260531T043807_T_G01_M03_C___T033_F003,2026-05-19,17,55,17.074606895446777,2.381660223007202,41.12486267089844,0.9999999955894354,8649,1.0267832279205322,30.538721927403866,33.120373,40.384098,42.457592,45.421886,47.050304,39.5703,1.0,38.61565003277649,39.0,40.0,40.0,40.0,40.0,0
Loundoungou,BIO_FP_FH__L2A_20260519T043740_20260531T043807_T_G01_M03_C___T033_F003,2026-05-19,17,56,17.075440406799316,2.381660223007202,40.51946258544922,0.9986213070076316,8641,1.0187833309173584,32.38510269967562,34.296085,41.470634,42.840614,47.245056,50.083214,39.477554,1.0,38.916020887685605,39.0,40.0,40.0,40.0,40.0,0
Loundoungou,BIO_FP_FH__L2A_20260519T043740_20260531T043807_T_G01_M03_C___T033_F003,2026-05-19,18,25,17.049601554870605,2.380826711654663,37.012271881103516,0.996154583461866,8628,0.1509999930858612,10.888116301632412,9.522955,26.500935,32.37878,37.142128,40.010124,22.14118,1.0,27.906814694280555,29.0,35.0,35.0,35.0,35.0,0
Loundoungou,BIO_FP_FH__L2A_20260519T043740_20260531T043807_T_G01_M03_C___T033_F003,2026-05-19,18,26,17.050435066223145,2.380826711654663,36.999473571777344,1.0000000026463387,8649,0.6625999808311462,11.315449558022665,7.5172234,33.766006,36.751846,40.70048,44.612885,27.239717,1.0,27.20355490070228,28.0,35.0,35.40900421142578,36.0,36.0,0
Loundoungou,BIO_FP_FH__L2A_20260519T043740_20260531T043807_T_G01_M03_C___T033_F003,2026-05-19,18,27,17.051268577575684,2.380826711654663,37.32747268676758,1.0000000105853548,8649,1.1044000387191772,32.057449853601895,34.72249,42.81839,44.455067,46.256634,46.994625,41.05212,1.0,35.69287286437113,36.0,38.0,38.0,39.0,39.0,0
Loundoungou,BIO_FP_FH__L2A_20260519T043740_20260531T043807_T_G01_M03_C___T033_F003,2026-05-19,18,28,17.052102088928223,2.380826711654663,37.479270935058594,1.0000000070569033,8649,1.0859999656677246,23.321810995850633,24.27951,37.78554,41.30945,43.892048,45.327408,33.68392,1.0,36.602547291731305,37.0,38.0,38.0,38.0,38.0,0
Loundoungou,BIO_FP_FH__L2A_20260519T043740_20260531T043807_T_G01_M03_C___T033_F003,2026-05-19,18,29,17.05293560028076,2.380826711654663,37.561553955078125,1.0,8649,1.021399974822998,25.240302685823504,27.668459,37.547085,40.05769,42.19497,43.77101,35.851612,1.0,37.67552932384648,38.0,39.0,39.0,39.0,39.0,0
Loundoungou,BIO_FP_FH__L2A_20260519T043740_20260531T043807_T_G01_M03_C___T033_F003,2026-05-19,18,30,17.0537691116333,2.380826711654663,36.9305534362793,1.0000000070569033,8649,1.0878000259399414,26.995680645970854,30.385723,40.313934,41.573963,44.176216,46.51243,38.361954,1.0,38.33560697670437,38.0,39.0,40.0,40.0,40.0,0
Loundoungou,BIO_FP_FH__L2A_20260519T043740_20260531T043807_T_G01_M03_C___T033_F003,2026-05-19,18,31,17.05460262298584,2.380826711654663,36.08735275268555,0.9999999964715484,8649,1.0723999738693237,30.60224029651188,32.076187,39.04875,41.07596,48.328373,50.327938,37.76343,1.0,37.552822409427044,38.0,38.0,38.0,39.0,39.0,0
Loundoungou,BIO_FP_FH__L2A_20260519T043740_20260531T043807_T_G01_M03_C___T033_F003,2026-05-19,18,32,17.05543613433838,2.380826711654663,35.94415283203125,1.0,8649,0.4668000042438507,34.272033119797086,35.1163,41.611923,42.981457,45.11162,47.081867,40.452488,1.0,36.95052581550703,37.0,38.0,38.0,38.0,38.0,0
Loundoungou,BIO_FP_FH__L2A_20260519T043740_20260531T043807_T_G01_M03_C___T033_F003,2026-05-19,18,33,17.056269645690918,2.380826711654663,36.834354400634766,1.0,8649,0.0,31.86710484954908,34.919075,43.297474,45.010868,47.535816,51.985092,41.01688,1.0,37.55997921549691,37.0,39.0,39.0,39.0,39.0,0
Loundoungou,BIO_FP_FH__L2A_20260519T043740_20260531T043807_T_G01_M03_C___T033_F003,2026-05-19,18,34,17.057103157043457,2.380826711654663,37.68815231323242,1.0,8649,0.0,27.55813668849,30.686056,37.913612,40.326927,43.769623,46.053215,36.745586,1.0,37.72979738312879,38.0,39.0,39.0,39.0,39.0,0
Loundoungou,BIO_FP_FH__L2A_20260519T043740_20260531T043807_T_G01_M03_C___T033_F003,2026-05-19,18,35,17.057936668395996,2.380826711654663,38.362754821777344,1.0,8649,0.3540000021457672,30.850542015334142,33.280415,40.645554,42.25801,44.25051,48.240807,39.489998,1.0,38.083172298329515,39.0,40.0,40.0,41.0,41.0,0
Loundoungou,BIO_FP_FH__L2A_20260519T043740_20260531T043807_T_G01_M03_C___T033_F003,2026-05-19,18,36,17.058770179748535,2.380826711654663,39.25155258178711,0.9999999858861935,8649,0.8916000127792358,29.49114891425237,30.98439,42.048805,44.039425,45.808723,47.85454,38.630684,1.0,38.010994381374786,38.0,39.0,40.0,40.0,41.0,0
Loundoungou,BIO_FP_FH__L2A_20260519T043740_20260531T043807_T_G01_M03_C___T033_F003,2026-05-19,18,37,17.059603691101074,2.380826711654663,38.29728317260742,1.0,8649,0.45159998536109924,32.559332861819286,34.599678,40.682602,42.06219,44.078793,45.74186,39.432564,1.0,37.298526316243716,38.0,38.0,38.0,38.04921325683595,39.0,0
Loundoungou,BIO_FP_FH__L2A_20260519T043740_20260531T043807_T_G01_M03_C___T033_F003,2026-05-19,18,38,17.060437202453613,2.380826711654663,37.48548126220703,1.0,8649,0.0,30.172876289889004,34.01802,40.17264,41.592907,44.571075,48.859234,38.791252,1.0,37.745545964941755,38.0,39.0,39.0,39.0,39.061478,0
Loundoungou,BIO_FP_FH__L2A_20260519T043740_20260531T043807_T_G01_M03_C___T033_F003,2026-05-19,18,39,17.061270713806152,2.380826711654663,37.78788375854492,1.0,8649,0.10660000145435333,25.60367234470748,22.894756,42.57944,44.10092,45.37246,47.812565,40.074238,1.0,36.730039011055176,36.0,38.0,39.0,39.0,39.061478,0
Loundoungou,BIO_FP_FH__L2A_20260519T043740_20260531T043807_T_G01_M03_C___T033_F003,2026-05-19,18,40,17.06210422515869,2.380826711654663,37.896881103515625,1.0,8649,0.16500000655651093,25.710486309833506,29.128017,41.454723,44.298325,47.51916,48.964645,39.059666,1.0,34.61820250012886,36.0,38.0,38.0,38.0,38.12295,0
Loundoungou,BIO_FP_FH__L2A_20260519T043740_20260531T043807_T_G01_M03_C___T033_F003,2026-05-19,18,41,17.06293773651123,2.380826711654663,36.93728256225586,1.0,8649,0.0,29.881201945311595,32.23784,42.59195,44.032898,45.79711,46.767086,42.110916,1.0,36.77109877874926,37.0,38.0,38.0,38.0,38.061478,0
Loundoungou,BIO_FP_FH__L2A_20260519T043740_20260531T043807_T_G01_M03_C___T033_F003,2026-05-19,18,42,17.06377124786377,2.380826711654663,36.44148254394531,1.0,8649,0.0,25.9717967756388,26.45647,38.801693,41.70287,47.346478,49.70206,36.137684,1.0,37.5687623316738,38.0,38.0,38.34249496459961,39.0,39.0,0
Loundoungou,BIO_FP_FH__L2A_20260519T043740_20260531T043807_T_G01_M03_C___T033_F003,2026-05-19,18,43,17.06460475921631,2.380826711654663,36.77748107910156,1.0,8649,0.5180000066757202,23.90062028485909,23.217777,39.26141,43.676517,48.57272,50.96242,36.996788,1.0,37.450390896778984,37.315006256103516,38.55134582519531,39.0,39.0,39.0,0
Loundoungou,BIO_FP_FH__L2A_20260519T043740_20260531T043807_T_G01_M03_C___T033_F003,2026-05-19,18,44,17.065438270568848,2.380826711654663,37.05928039550781,1.0,8649,0.7211999893188477,29.84802998359637,32.25417,40.851803,43.56181,46.02294,47.725815,39.089737,1.0,37.91549589554276,38.0,39.0,39.0,40.0,40.0,0
Loundoungou,BIO_FP_FH__L2A_20260519T043740_20260531T043807_T_G01_M03_C___T033_F003,2026-05-19,18,45,17.066271781921387,2.380826711654663,37.614524841308594,1.0,8649,0.8271999955177307,29.916778673835125,32.59262,41.58336,42.743122,46.369884,48.73798,40.51223,1.0,38.16471404226574,38.0,39.0,40.0,40.0,40.0,0
Loundoungou,BIO_FP_FH__L2A_20260519T043740_20260531T043807_T_G01_M03_C___T033_F003,2026-05-19,18,46,17.067105293273926,2.380826711654663,38.21292495727539,1.0,8649,0.9309999942779541,29.10204620837669,30.183926,37.44471,38.877968,42.35299,47.501957,36.40093,1.0,37.69305548974993,38.0,38.0,38.0,39.0,39.0,0
Loundoungou,BIO_FP_FH__L2A_20260519T043740_20260531T043807_T_G01_M03_C___T033_F003,2026-05-19,18,47,17.067938804626465,2.380826711654663,39.04612731933594,0.9999999858861935,8649,1.100600004196167,26.163669037612124,27.622564,38.187828,40.657547,43.29669,47.153244,36.09262,1.0,37.59355944288247,37.445587158203125,39.0,39.0,39.0,39.0,0
Loundoungou,BIO_FP_FH__L2A_20260519T043740_20260531T043807_T_G01_M03_C___T033_F003,2026-05-19,18,48,17.068772315979004,2.380826711654663,39.85792541503906,0.9999999647154837,8649,1.1003999710083008,27.127409562941196,27.785427,36.39317,38.293964,40.916687,42.621048,34.52227,1.0,37.05742954885302,37.0,38.0,38.0,38.0,38.0,0
Loundoungou,BIO_FP_FH__L2A_20260519T043740_20260531T043807_T_G01_M03_C___T033_F003,2026-05-19,18,49,17.069605827331543,2.380826711654663,39.683326721191406,1.0,8649,1.1016000509262085,25.572476767545382,26.21542,38.59909,40.47787,42.95799,46.177925,36.59874,1.0,37.17298149376167,37.0,38.0,38.0,38.0,38.0,0
Loundoungou,BIO_FP_FH__L2A_20260519T043740_20260531T043807_T_G01_M03_C___T033_F003,2026-05-19,18,50,17.070439338684082,2.380826711654663,39.27712631225586,1.0,8649,1.0997999906539917,33.001361474231125,34.053417,41.615547,43.168755,46.558617,48.141243,40.249413,1.0,37.25148628835582,37.0,38.0,38.0,38.0,38.0,0
Loundoungou,BIO_FP_FH__L2A_20260519T043740_20260531T043807_T_G01_M03_C___T033_F003,2026-05-19,18,51,17.07127285003662,2.380826711654663,39.032325744628906,1.0,8649,1.1008000373840332,30.413819968348943,31.909143,38.966503,41.612267,45.656704,48.22456,37.422115,1.0,38.2577391289358,38.0,39.0,40.0,40.0,40.0,0
Loundoungou,BIO_FP_FH__L2A_20260519T043740_20260531T043807_T_G01_M03_C___T033_F003,2026-05-19,18,52,17.07210636138916,2.380826711654663,38.8995246887207,1.0000000035284515,8649,1.1002000570297241,29.175885589222467,32.59084,40.819286,42.593845,45.40991,47.8611,38.44786,1.0,38.063257044733625,38.0,39.0,39.0,40.0,40.0,0
Loundoungou,BIO_FP_FH__L2A_20260519T043740_20260531T043807_T_G01_M03_C___T033_F003,2026-05-19,18,53,17.0729398727417,2.380826711654663,38.7984619140625,1.0000000423414195,8649,1.0853832960128784,27.182730979384797,26.937725,40.604633,42.64794,45.372234,47.563198,37.410065,1.0,37.27907311382949,37.0,38.0,39.0,39.0,39.0,0
Loundoungou,BIO_FP_FH__L2A_20260519T043740_20260531T043807_T_G01_M03_C___T033_F003,2026-05-19,18,54,17.07377338409424,2.380826711654663,40.037261962890625,1.0,8649,1.0567833185195923,26.694942153717193,27.431797,40.52351,44.0482,48.14781,49.91927,38.940006,1.0,37.93916831544154,38.0,39.0,39.0,40.0,40.0,0
Loundoungou,BIO_FP_FH__L2A_20260519T043740_20260531T043807_T_G01_M03_C___T033_F003,2026-05-19,18,55,17.074606895446777,2.380826711654663,41.63846206665039,0.9999999841219677,8649,1.0293833017349243,24.30700362286423,26.770517,38.539494,42.663837,46.211933,50.217663,36.355854,1.0,37.855353299062756,38.0,39.0,39.0,39.0,39.0,0
Loundoungou,BIO_FP_FH__L2A_20260519T043740_20260531T043807_T_G01_M03_C___T033_F003,2026-05-19,18,56,17.075440406799316,2.380826711654663,40.771461486816406,0.9999999991178871,8649,1.028983235359192,24.47204127658226,26.043245,36.67194,40.12094,45.158123,47.612522,35.449203,1.0,38.16041466585817,39.0,40.0,40.0,41.0,41.0,0
Loundoungou,BIO_FP_FH__L2A_20260519T043740_20260531T043807_T_G01_M03_C___T033_F003,2026-05-19,18,57,17.076273918151855,2.380826711654663,39.700462341308594,0.9934163773896474,8598,1.0145832300186157,27.607937327111443,29.22702,43.709293,46.8613,53.98391,57.340378,41.2812,1.0,39.94040372074236,40.0,41.32276153564453,42.0,42.0,42.0,0
Loundoungou,BIO_FP_FH__L2A_20260519T043740_20260531T043807_T_G01_M03_C___T033_F003,2026-05-19,19,24,17.048768043518066,2.379993200302124,36.62983322143555,0.9999719801831485,8649,0.0,7.856551773089877,6.350002,16.042093,26.365995,33.32581,42.571873,14.820183,1.0,23.125082763251108,24.0,32.0,32.0,35.0,35.0,0
Loundoungou,BIO_FP_FH__L2A_20260519T043740_20260531T043807_T_G01_M03_C___T033_F003,2026-05-19,19,25,17.049601554870605,2.379993200302124,37.22343444824219,0.9999999973536613,8649,0.049400001764297485,13.38673165016046,10.401203,35.068462,37.70835,39.435055,42.05374,28.842075,1.0,28.13578430464232,29.0,33.0,33.0,34.0,34.081337,0
Loundoungou,BIO_FP_FH__L2A_20260519T043740_20260531T043807_T_G01_M03_C___T033_F003,2026-05-19,19,26,17.050435066223145,2.379993200302124,37.0604362487793,1.0000000052926774,8649,0.5580000281333923,25.739552781849156,27.177282,42.977512,45.654095,47.948498,49.449993,38.878696,1.0,35.57738324625256,35.0,38.0,39.0,39.0,39.0,0
Loundoungou,BIO_FP_FH__L2A_20260519T043740_20260531T043807_T_G01_M03_C___T033_F003,2026-05-19,19,27,17.051268577575684,2.379993200302124,36.363033294677734,1.0,8649,0.7523999810218811,30.13942718946916,31.65704,40.49422,42.775814,46.98411,49.53593,38.750446,1.0,37.97337373108764,38.0,39.0,39.0,40.0,40.0,0
Loundoungou,BIO_FP_FH__L2A_20260519T043740_20260531T043807_T_G01_M03_C___T033_F003,2026-05-19,19,28,17.052102088928223,2.379993200302124,36.19183349609375,1.0,8649,0.6161999702453613,26.59732045431553,28.098864,40.039707,43.480717,45.78267,47.120834,38.11764,1.0,36.70171759414981,37.0,38.0,38.0,38.0,38.0,0
Loundoungou,BIO_FP_FH__L2A_20260519T043740_20260531T043807_T_G01_M03_C___T033_F003,2026-05-19,19,29,17.05293560028076,2.379993200302124,36.728050231933594,0.9999999788292903,8649,0.8953999876976013,24.88622574527304,25.978857,37.05018,38.71508,40.60418,42.71924,34.934223,1.0,36.93377629003437,37.0,37.0,37.0,37.081336975097656,38.0,0
Loundoungou,BIO_FP_FH__L2A_20260519T043740_20260531T043807_T_G01_M03_C___T033_F003,2026-05-19,19,30,17.0537691116333,2.379993200302124,36.548851013183594,0.9999999964715484,8649,1.1061999797821045,30.17288960687548,31.778498,40.983017,44.049084,48.03786,50.550777,38.75739,1.0,37.146513856536515,37.0,38.0,38.0,38.0,38.0,0
Loundoungou,BIO_FP_FH__L2A_20260519T043740_20260531T043807_T_G01_M03_C___T033_F003,2026-05-19,19,31,17.05460262298584,2.379993200302124,35.58945083618164,1.0,8649,0.6380000114440918,29.992441774338072,31.673748,41.04453,42.350586,45.024197,47.37341,39.907234,1.0,36.69261357191326,37.0,38.0,38.0,38.0,38.0,0
Loundoungou,BIO_FP_FH__L2A_20260519T043740_20260531T043807_T_G01_M03_C___T033_F003,2026-05-19,19,32,17.05543613433838,2.379993200302124,35.017250061035156,1.0,8649,0.041600000113248825,34.629841600184996,36.825996,41.746006,42.95227,45.16872,46.623486,40.802494,1.0,36.81916002477989,37.0,37.0,37.0,38.0,38.0,0
Loundoungou,BIO_FP_FH__L2A_20260519T043740_20260531T043807_T_G01_M03_C___T033_F003,2026-05-19,19,33,17.056269645690918,2.379993200302124,36.25564956665039,1.0,8649,0.0,32.307860057882415,35.306946,41.071033,42.715843,45.552902,47.69338,40.28255,1.0,35.446421746394996,36.0,37.0691032409668,38.0,38.0,38.0,0
Loundoungou,BIO_FP_FH__L2A_20260519T043740_20260531T043807_T_G01_M03_C___T033_F003,2026-05-19,19,34,17.057103157043457,2.379993200302124,37.687049865722656,1.000000028227613,8649,0.025800000876188278,30.25613808722078,32.71499,39.818466,41.019264,42.9168,44.42512,38.71635,1.0,36.10967479974414,37.0,38.0,38.0,39.0,39.0,0
Loundoungou,BIO_FP_FH__L2A_20260519T043740_20260531T043807_T_G01_M03_C___T033_F003,2026-05-19,19,35,17.057936668395996,2.379993200302124,39.22344970703125,1.0,8649,0.5946000218391418,32.502484933229276,34.776985,41.46592,42.99255,45.230423,47.928864,40.0946,1.0,38.04473091299265,38.0,39.0,39.885780334472656,40.0,40.0,0
Loundoungou,BIO_FP_FH__L2A_20260519T043740_20260531T043807_T_G01_M03_C___T033_F003,2026-05-19,19,36,17.058770179748535,2.379993200302124,40.71345138549805,1.0,8649,1.1205999851226807,31.376787598277257,34.665653,41.853203,42.82183,44.097794,45.88702,40.791878,1.0,38.16232989837509,38.0,39.0,39.0,39.0,40.0,0
Loundoungou,BIO_FP_FH__L2A_20260519T043740_20260531T043807_T_G01_M03_C___T033_F003,2026-05-19,19,37,17.059603691101074,2.379993200302124,41.31034469604492,1.0,8649,0.9214000105857849,31.995568942218753,34.7623,39.90521,41.045918,42.546318,45.14542,39.28121,1.0,37.95009326173992,38.0,38.0,39.0,39.0,39.0,0
Loundoungou,BIO_FP_FH__L2A_20260519T043740_20260531T043807_T_G01_M03_C___T033_F003,2026-05-19,19,38,17.060437202453613,2.379993200302124,40.81154251098633,1.0,8649,0.5067999958992004,30.687768952696842,32.9813,39.88051,42.01536,46.448757,49.323616,38.305202,1.0,38.359382214801464,38.0,39.0,40.0,40.0,40.0,0
Loundoungou,BIO_FP_FH__L2A_20260519T043740_20260531T043807_T_G01_M03_C___T033_F003,2026-05-19,19,39,17.061270713806152,2.379993200302124,40.133544921875,1.0,8649,0.6164000034332275,32.73098497658689,35.401028,42.52504,44.43806,47.096733,48.181465,41.01853,1.0,38.72031327387765,39.0,39.0,40.0,40.0,40.0,0
Loundoungou,BIO_FP_FH__L2A_20260519T043740_20260531T043807_T_G01_M03_C___T033_F003,2026-05-19,19,40,17.06210422515869,2.379993200302124,40.202144622802734,1.0,8649,0.7257999777793884,26.70165445427217,29.372047,41.257835,42.898243,46.238186,48.333252,38.91851,1.0,38.92331822580899,39.0,40.0,40.0,41.0,41.0,0
Loundoungou,BIO_FP_FH__L2A_20260519T043740_20260531T043807_T_G01_M03_C___T033_F003,2026-05-19,19,41,17.06293773651123,2.379993200302124,38.760345458984375,1.0,8649,0.38679999113082886,31.62109645985085,34.036213,40.212036,41.194588,42.5053,45.061543,39.366547,1.0,37.97607807005495,38.0,39.0,40.0,40.0,40.0,0
Loundoungou,BIO_FP_FH__L2A_20260519T043740_20260531T043807_T_G01_M03_C___T033_F003,2026-05-19,19,42,17.06377124786377,2.379993200302124,37.29154586791992,1.0,8649,0.0406000018119812,26.87921968941496,27.579796,39.59526,41.693867,44.012646,45.67344,38.079605,1.0,37.8390162438516,38.0,39.0,39.0,39.0,39.0,0
Loundoungou,BIO_FP_FH__L2A_20260519T043740_20260531T043807_T_G01_M03_C___T033_F003,2026-05-19,19,43,17.06460475921631,2.379993200302124,37.275943756103516,1.0,8649,0.37439998984336853,29.036533983336223,30.987247,39.031094,41.45621,44.70766,47.840855,37.61581,1.0,38.176916668243884,38.0,39.0,39.0,40.0,40.0,0
Loundoungou,BIO_FP_FH__L2A_20260519T043740_20260531T043807_T_G01_M03_C___T033_F003,2026-05-19,19,44,17.065438270568848,2.379993200302124,37.43034362792969,1.0,8649,0.7996000051498413,34.0556233018268,36.86346,46.05432,47.282104,49.134575,50.030506,44.926846,1.0,38.80374241525802,39.0,40.0,40.0,40.0,40.0,0
Loundoungou,BIO_FP_FH__L2A_20260519T043740_20260531T043807_T_G01_M03_C___T033_F003,2026-05-19,19,45,17.066271781921387,2.379993200302124,37.7009391784668,1.0,8649,0.8578411936759949,28.11486289961267,30.171951,41.578186,43.13644,45.02011,47.123177,39.941246,1.0,38.71674038890001,39.0,39.918663024902344,40.0,40.0,40.0,0
Loundoungou,BIO_FP_FH__L2A_20260519T043740_20260531T043807_T_G01_M03_C___T033_F003,2026-05-19,19,46,17.067105293273926,2.379993200302124,37.9875373840332,1.0,8649,0.7234411835670471,25.895687678850155,27.284636,35.136227,37.336826,43.6506,51.962086,33.66251,1.0,38.154954659978785,38.0,39.0,39.0,39.0,39.081337,0
Loundoungou,BIO_FP_FH__L2A_20260519T043740_20260531T043807_T_G01_M03_C___T033_F003,2026-05-19,19,47,17.067938804626465,2.379993200302124,38.60813903808594,1.0,8649,0.8654412031173706,28.7355336870592,32.134373,41.493156,43.278355,46.485287,47.8694,39.619766,1.0,37.60159934056344,38.0,39.0,39.37935256958008,40.0,40.081337,0
Loundoungou,BIO_FP_FH__L2A_20260519T043740_20260531T043807_T_G01_M03_C___T033_F003,2026-05-19,19,48,17.068772315979004,2.379993200302124,39.651336669921875,1.000000028227613,8649,1.1126412153244019,29.88289362946545,32.870228,39.800735,42.01076,45.410984,47.702267,38.41144,1.0,37.39347748321417,37.0,38.0,38.0,39.0,39.0,0
Loundoungou,BIO_FP_FH__L2A_20260519T043740_20260531T043807_T_G01_M03_C___T033_F003,2026-05-19,19,49,17.069605827331543,2.379993200302124,39.57413864135742,1.0,8649,1.1152411699295044,32.632984575528965,35.692585,41.391407,42.835476,44.421513,47.508537,40.738728,1.0,37.39108143124033,37.0,38.0,38.0,38.0,38.081337,0
Loundoungou,BIO_FP_FH__L2A_20260519T043740_20260531T043807_T_G01_M03_C___T033_F003,2026-05-19,19,50,17.070439338684082,2.379993200302124,38.369136810302734,1.0,8649,1.117841124534607,35.42810946352179,37.571514,43.229523,44.361523,45.97207,48.924984,42.30245,1.0,37.664921527129955,38.0,39.0,39.0,39.0,39.0,0
Loundoungou,BIO_FP_FH__L2A_20260519T043740_20260531T043807_T_G01_M03_C___T033_F003,2026-05-19,19,51,17.07127285003662,2.379993200302124,37.82313919067383,1.0,8649,1.1188411712646484,31.992566879118975,33.984604,39.30402,41.081028,43.532265,45.97649,38.57437,1.0,38.28176316653722,38.0,39.0,39.0,39.0,39.0,0
Loundoungou,BIO_FP_FH__L2A_20260519T043740_20260531T043807_T_G01_M03_C___T033_F003,2026-05-19,19,52,17.07210636138916,2.379993200302124,37.581539154052734,1.0,8649,1.1090412139892578,35.119342283067404,36.677097,43.462536,44.446663,46.099213,47.769337,42.726734,1.0,38.916111122984354,39.0,40.0,40.0,40.0,40.0,0
Loundoungou,BIO_FP_FH__L2A_20260519T043740_20260531T043807_T_G01_M03_C___T033_F003,2026-05-19,19,53,17.0729398727417,2.379993200302124,37.64663314819336,1.0000000070569033,8649,1.0986000299453735,33.915171718766004,36.491077,41.672386,43.102787,44.790413,47.66219,40.95835,1.0,38.765896507736876,39.0,40.0,40.0,40.0,40.0,0
Loundoungou,BIO_FP_FH__L2A_20260519T043740_20260531T043807_T_G01_M03_C___T033_F003,2026-05-19,19,54,17.07377338409424,2.379993200302124,39.58603286743164,0.9999999647154837,8649,1.069200038909912,30.556050504028395,30.564356,46.061764,49.731567,51.918213,54.133564,44.910103,1.0,38.256494567303015,38.0,39.0,39.0,39.438812255859375,40.0,0
Loundoungou,BIO_FP_FH__L2A_20260519T043740_20260531T043807_T_G01_M03_C___T033_F003,2026-05-19,19,55,17.074606895446777,2.379993200302124,39.71703338623047,1.0,8649,0.7738000154495239,28.366651231807868,31.925016,41.535778,43.47906,47.082516,50.35962,40.308556,1.0,37.23650659805282,37.0,38.46544647216797,39.0,39.0,39.0,0
Loundoungou,BIO_FP_FH__L2A_20260519T043740_20260531T043807_T_G01_M03_C___T033_F003,2026-05-19,19,56,17.075440406799316,2.379993200302124,37.94923400878906,1.0000000035284515,8649,0.6144000291824341,24.926290726919007,26.193972,36.90654,39.46381,44.48064,47.98,35.206944,1.0,36.17987397381688,38.0,39.0,39.0,40.0,40.0,0
Loundoungou,BIO_FP_FH__L2A_20260519T043740_20260531T043807_T_G01_M03_C___T033_F003,2026-05-19,19,57,17.076273918151855,2.379993200302124,38.01223373413086,1.0000000017642259,8649,0.9147999882698059,27.35806696882974,29.01319,40.621094,42.552197,45.435028,47.423065,37.726288,1.0,39.36416062196151,40.0,41.0,42.0,42.0,42.0,0
Loundoungou,BIO_FP_FH__L2A_20260519T043740_20260531T043807_T_G01_M03_C___T033_F003,2026-05-19,19,58,17.077107429504395,2.379993200302124,38.23463439941406,0.9999999969126048,8649,1.1059999465942383,25.42729771587549,27.354351,39.328804,41.161087,48.83805,59.64948,37.347843,1.0,39.93724705853453,40.0,41.0,41.0,41.0,41.0,0
Loundoungou,BIO_FP_FH__L2A_20260519T043740_20260531T043807_T_G01_M03_C___T033_F003,2026-05-19,20,23,17.047934532165527,2.379159688949585,35.7844352722168,1.0000000030873952,8649,0.0,10.78843976290229,8.720491,29.434004,38.218136,44.124184,47.527008,20.467949,1.0,23.81981826051837,24.591270446777344,31.0,31.0,32.0,33.0,0
Loundoungou,BIO_FP_FH__L2A_20260519T043740_20260531T043807_T_G01_M03_C___T033_F003,2026-05-19,20,24,17.048768043518066,2.379159688949585,36.145233154296875,1.0000000035284515,8649,0.0,24.47401639586077,27.86956,39.222305,41.91254,46.632065,48.877457,36.128895,1.0,32.51256587500103,33.0,35.0,36.0,37.0,37.0,0
Loundoungou,BIO_FP_FH__L2A_20260519T043740_20260531T043807_T_G01_M03_C___T033_F003,2026-05-19,20,25,17.049601554870605,2.379159688949585,36.78863525390625,0.9999999876504193,8649,0.0,25.890297343098652,27.969172,38.304737,40.420967,44.202473,47.612427,35.43951,1.0,35.40455229211535,36.0,37.0,37.0,37.0,38.0,0
Loundoungou,BIO_FP_FH__L2A_20260519T043740_20260531T043807_T_G01_M03_C___T033_F003,2026-05-19,20,26,17.050435066223145,2.379159688949585,36.5168342590332,1.0,8649,0.32120001316070557,19.960140888532994,20.153389,35.318264,37.682384,41.40101,46.721344,31.70728,1.0,37.03326757172792,37.0,38.0,38.0,38.0,38.0,0
Loundoungou,BIO_FP_FH__L2A_20260519T043740_20260531T043807_T_G01_M03_C___T033_F003,2026-05-19,20,27,17.051268577575684,2.379159688949585,35.28803634643555,0.9999999929430967,8649,0.20319999754428864,23.87324779825499,26.036442,36.81919,40.485683,44.45876,46.25724,34.241016,1.0,37.31599565643371,37.0,38.0,38.0,38.0,38.0,0
Loundoungou,BIO_FP_FH__L2A_20260519T043740_20260531T043807_T_G01_M03_C___T033_F003,2026-05-19,20,28,17.052102088928223,2.379159688949585,35.09563446044922,0.9999999964715484,8649,0.29600000381469727,27.85843692535085,30.533426,37.45448,39.41757,43.499657,46.753807,35.521534,1.0,37.57026604396482,38.0,38.0,38.0,39.0,39.0,0
Loundoungou,BIO_FP_FH__L2A_20260519T043740_20260531T043807_T_G01_M03_C___T033_F003,2026-05-19,20,29,17.05293560028076,2.379159688949585,35.930049896240234,1.0,8649,0.79339998960495,26.870431304377675,29.170383,39.985813,41.46948,45.53179,48.04057,37.390396,1.0,37.887127626974575,38.0,39.0,39.0,39.0,39.0,0
Loundoungou,BIO_FP_FH__L2A_20260519T043740_20260531T043807_T_G01_M03_C___T033_F003,2026-05-19,20,30,17.0537691116333,2.379159688949585,36.40645217895508,1.0,8649,0.9368000030517578,27.03714968403139,29.369696,39.073906,40.443817,42.74438,44.750034,37.440044,1.0,36.72572037591757,37.0,38.0,38.0,38.0,38.0,0
Loundoungou,BIO_FP_FH__L2A_20260519T043740_20260531T043807_T_G01_M03_C___T033_F003,2026-05-19,20,31,17.05460262298584,2.379159688949585,35.67005157470703,1.0,8649,0.46239998936653137,30.250587811813503,32.727173,39.18474,40.38374,41.80164,43.06001,37.918457,1.0,36.66657904683269,37.0,37.0,37.0,37.0,37.0,0
Loundoungou,BIO_FP_FH__L2A_20260519T043740_20260531T043807_T_G01_M03_C___T033_F003,2026-05-19,20,32,17.05543613433838,2.379159688949585,34.596649169921875,1.0,8649,0.39579999446868896,34.598230512559255,36.490005,41.60943,42.570183,44.126133,45.817066,40.67675,1.0,35.67338602280173,36.0,36.0,37.0,37.0,37.0,0
Loundoungou,BIO_FP_FH__L2A_20260519T043740_20260531T043807_T_G01_M03_C___T033_F003,2026-05-19,20,33,17.056269645690918,2.379159688949585,35.9056510925293,0.9999999647154837,8649,0.5166000127792358,35.197970524880695,36.538258,40.964798,42.063183,43.919304,46.392765,40.37184,1.0,34.574350245027325,35.0,36.0,36.0,36.0,36.0,0
Loundoungou,BIO_FP_FH__L2A_20260519T043740_20260531T043807_T_G01_M03_C___T033_F003,2026-05-19,20,34,17.057103157043457,2.379159688949585,38.04104995727539,0.9999999788292903,8649,0.08540000021457672,30.628478516171455,33.406597,39.57181,41.09869,45.51671,47.358833,38.160954,1.0,33.22841891036142,36.0,37.0,37.0,38.0,38.0,0
Loundoungou,BIO_FP_FH__L2A_20260519T043740_20260531T043807_T_G01_M03_C___T033_F003,2026-05-19,20,35,17.057936668395996,2.379159688949585,39.94364929199219,1.0,8649,0.4763999879360199,32.002279662027405,33.664257,40.20116,41.0424,42.654945,45.242184,39.47821,1.0,36.495180054804756,37.0,38.0,38.0,38.0,38.0,0
Loundoungou,BIO_FP_FH__L2A_20260519T043740_20260531T043807_T_G01_M03_C___T033_F003,2026-05-19,20,36,17.058770179748535,2.379159688949585,41.62644958496094,1.0,8649,1.0435999631881714,33.696128390926695,35.61729,40.246387,41.205566,43.10172,45.29493,39.66377,1.0,33.413363528508015,36.0,38.0,38.0,38.0,38.0,0
Loundoungou,BIO_FP_FH__L2A_20260519T043740_20260531T043807_T_G01_M03_C___T033_F003,2026-05-19,20,37,17.059603691101074,2.379159688949585,42.968544006347656,1.0,8649,1.0670000314712524,35.043166343291134,35.870872,42.27274,43.419567,45.437916,46.75376,41.667946,1.0,36.96943963741426,37.0,38.0,38.0,38.0,38.0,0
Loundoungou,BIO_FP_FH__L2A_20260519T043740_20260531T043807_T_G01_M03_C___T033_F003,2026-05-19,20,38,17.060437202453613,2.379159688949585,44.29374313354492,1.0,8649,1.0329999923706055,33.56857480814256,36.511276,42.526066,43.496395,45.346947,47.462116,41.51331,1.0,37.252684513920784,37.0,38.0,38.0,39.0,39.0,0
Loundoungou,BIO_FP_FH__L2A_20260519T043740_20260531T043807_T_G01_M03_C___T033_F003,2026-05-19,20,39,17.061270713806152,2.379159688949585,43.17194366455078,1.0,8649,1.0290000438690186,32.65591759162909,36.07966,42.0669,43.463047,45.46468,47.5683,40.779713,1.0,37.437920816372774,37.0,39.0,39.0,39.0,39.0,0
Loundoungou,BIO_FP_FH__L2A_20260519T043740_20260531T043807_T_G01_M03_C___T033_F003,2026-05-19,20,40,17.06210422515869,2.379159688949585,41.90974426269531,1.0,8649,1.0268000364303589,30.105473266418084,33.08568,40.040257,41.415367,43.29898,44.512444,39.236774,1.0,39.03641376810717,39.0,40.0,40.0,40.0,40.0,0
Loundoungou,BIO_FP_FH__L2A_20260519T043740_20260531T043807_T_G01_M03_C___T033_F003,2026-05-19,20,41,17.06293773651123,2.379159688949585,40.458744049072266,1.0,8649,0.9768000245094299,24.030567569227657,24.009094,38.752716,40.62191,44.874413,76.39691,36.693356,1.0,38.93248485292172,39.0,40.0,40.0,40.0,40.0,0
Loundoungou,BIO_FP_FH__L2A_20260519T043740_20260531T043807_T_G01_M03_C___T033_F003,2026-05-19,20,42,17.06377124786377,2.379159688949585,38.768943786621094,1.0,8649,0.6384000182151794,28.62203271331946,31.182734,40.24483,41.825005,43.6565,44.87328,38.48753,1.0,37.082422241253276,38.0,39.0,39.0,40.0,40.0,0
Loundoungou,BIO_FP_FH__L2A_20260519T043740_20260531T043807_T_G01_M03_C___T033_F003,2026-05-19,20,43,17.06460475921631,2.379159688949585,37.53054428100586,1.0,8649,0.27959999442100525,33.37283573245462,35.903572,41.564587,42.728275,44.416283,47.29592,40.393642,1.0,38.060367298423934,38.0,39.0,40.0,40.0,40.0,0
Loundoungou,BIO_FP_FH__L2A_20260519T043740_20260531T043807_T_G01_M03_C___T033_F003,2026-05-19,20,44,17.065438270568848,2.379159688949585,36.904144287109375,1.0,8649,0.10779999941587448,33.735570947508386,35.244617,42.34942,43.87622,46.506783,48.06417,41.531544,1.0,38.941270427988336,39.0,40.0,40.0,40.0,40.0,0
Loundoungou,BIO_FP_FH__L2A_20260519T043740_20260531T043807_T_G01_M03_C___T033_F003,2026-05-19,20,45,17.066271781921387,2.379159688949585,37.1323356628418,1.0,8649,0.30004116892814636,31.95311257985027,33.54175,42.80698,44.434692,47.288033,49.04423,41.03307,1.0,38.4575459430336,38.42552185058594,39.0,39.0,39.0,39.0,0
Loundoungou,BIO_FP_FH__L2A_20260519T043740_20260531T043807_T_G01_M03_C___T033_F003,2026-05-19,20,46,17.067105293273926,2.379159688949585,37.224937438964844,1.0,8649,0.1802411675453186,30.4716551859319,32.865906,43.57037,45.044373,48.43452,49.653416,42.963352,1.0,38.2892874970107,38.0,39.0,39.0,40.0,40.0,0
Loundoungou,BIO_FP_FH__L2A_20260519T043740_20260531T043807_T_G01_M03_C___T033_F003,2026-05-19,20,47,17.067938804626465,2.379159688949585,37.571739196777344,1.0,8649,0.19784116744995117,29.436899090574055,32.575687,40.92008,42.206917,43.523037,45.118904,39.557686,1.0,38.18210571858907,38.0,40.0,41.0,41.0,41.0,0
Loundoungou,BIO_FP_FH__L2A_20260519T043740_20260531T043807_T_G01_M03_C___T033_F003,2026-05-19,20,48,17.068772315979004,2.379159688949585,38.937137603759766,0.9999999929430967,8649,0.691841185092926,33.324041489933876,35.52861,43.31157,44.919945,46.618225,48.94036,42.40243,1.0,37.70043697968041,38.0,38.0,38.60078430175781,39.0,39.0,0
Loundoungou,BIO_FP_FH__L2A_20260519T043740_20260531T043807_T_G01_M03_C___T033_F003,2026-05-19,20,49,17.069605827331543,2.379159688949585,39.543338775634766,1.0000000211707099,8649,0.9496411681175232,36.87168552345274,39.090515,43.42859,44.848095,47.215054,48.448627,42.64474,1.0,38.10482517189064,38.0,39.0,39.0,39.0,39.0,0
Loundoungou,BIO_FP_FH__L2A_20260519T043740_20260531T043807_T_G01_M03_C___T033_F003,2026-05-19,20,50,17.070439338684082,2.379159688949585,38.21773910522461,1.0,8649,0.8302412033081055,37.4661821904989,38.6711,49.839924,52.8251,55.359108,58.887974,48.441025,1.0,37.488543266643056,38.0,38.077762603759766,39.0,39.0,39.0,0
Loundoungou,BIO_FP_FH__L2A_20260519T043740_20260531T043807_T_G01_M03_C___T033_F003,2026-05-19,20,51,17.07127285003662,2.379159688949585,37.748538970947266,1.0,8649,1.1278411149978638,33.764942117585846,36.25849,43.257317,44.886158,47.041588,48.425713,42.26535,1.0,38.2604645817166,38.0,40.0,40.0,40.0,40.0,0
Loundoungou,BIO_FP_FH__L2A_20260519T043740_20260531T043807_T_G01_M03_C___T033_F003,2026-05-19,20,52,17.07210636138916,2.379159688949585,37.09813690185547,1.0,8649,1.1230411529541016,36.04283054760666,38.131367,46.47622,48.0741,50.79946,52.58078,44.786808,1.0,38.30827028801819,38.0,39.0,40.0,40.0,40.0,0
Loundoungou,BIO_FP_FH__L2A_20260519T043740_20260531T043807_T_G01_M03_C___T033_F003,2026-05-19,20,53,17.0729398727417,2.379159688949585,37.04363250732422,1.0,8649,1.1145999431610107,32.44430387093161,34.77635,41.65142,47.201717,51.481064,53.246143,39.71397,1.0,38.27775163989023,38.0,39.0,39.0,39.0,39.0,0
Loundoungou,BIO_FP_FH__L2A_20260519T043740_20260531T043807_T_G01_M03_C___T033_F003,2026-05-19,20,54,17.07377338409424,2.379159688949585,38.08503341674805,1.0,8649,0.9900000095367432,31.029565263144583,33.902714,41.444656,42.62128,44.311962,45.818817,40.44015,1.0,37.91978404926887,38.0,38.0,39.0,39.0,39.0,0
Loundoungou,BIO_FP_FH__L2A_20260519T043740_20260531T043807_T_G01_M03_C___T033_F003,2026-05-19,20,55,17.074606895446777,2.379159688949585,36.23463439941406,1.0000000105853548,8649,0.4032000005245209,27.54791303291285,28.822805,37.31457,39.122257,42.93697,44.723576,35.23721,1.0,37.086770903514235,37.0,38.0,38.0,38.0,38.0,0
Loundoungou,BIO_FP_FH__L2A_20260519T043740_20260531T043807_T_G01_M03_C___T033_F003,2026-05-19,20,56,17.075440406799316,2.379159688949585,35.30763244628906,1.0,8649,0.30000001192092896,28.607062989128078,31.026678,40.601063,42.425575,45.444984,50.554707,38.95265,1.0,37.9572313837763,38.0,39.0,39.0,39.0,39.0,0
Loundoungou,BIO_FP_FH__L2A_20260519T043740_20260531T043807_T_G01_M03_C___T033_F003,2026-05-19,20,57,17.076273918151855,2.379159688949585,36.4376335144043,1.0000000158780322,8649,0.8379999995231628,28.468509839086323,30.871105,40.22455,42.30293,44.144684,46.174416,39.16502,1.0,39.168614174371676,39.0,40.0,40.0,41.0,41.0,0
Loundoungou,BIO_FP_FH__L2A_20260519T043740_20260531T043807_T_G01_M03_C___T033_F003,2026-05-19,20,58,17.077107429504395,2.379159688949585,37.631832122802734,1.0000000123495807,8649,1.1208000183105469,23.278524844580044,24.93909,38.3553,40.82088,42.99552,45.182117,35.723858,1.0,38.514523250241545,39.0,40.0,40.0,40.0,40.0,0
Loundoungou,BIO_FP_FH__L2A_20260519T043740_20260531T043807_T_G01_M03_C___T033_F003,2026-05-19,20,59,17.077940940856934,2.379159688949585,38.3752326965332,1.000000001047509,8649,1.0928000211715698,19.592847507403587,19.664637,35.093323,37.395687,40.573822,42.411777,32.534687,1.0,37.23606019511307,37.0,38.0,38.0,38.0,38.0,0
Loundoungou,BIO_FP_FH__L2A_20260519T043740_20260531T043807_T_G01_M03_C___T033_F003,2026-05-19,21,22,17.04710102081299,2.378326177597046,36.00023651123047,1.0000000013231694,8649,0.0,26.1171309025988,29.83995,45.699764,47.097237,49.764107,52.497948,44.08675,1.0,26.406409636083016,26.0,33.4190788269043,34.0,34.0,36.0,0
Loundoungou,BIO_FP_FH__L2A_20260519T043740_20260531T043807_T_G01_M03_C___T033_F003,2026-05-19,21,23,17.047934532165527,2.378326177597046,35.889434814453125,0.9999999982357742,8649,0.0,26.66350647717778,28.084946,39.37781,41.985855,45.819485,49.453403,35.834415,1.0,33.35581098709345,33.0,37.0,38.0,38.0,38.0,0
Loundoungou,BIO_FP_FH__L2A_20260519T043740_20260531T043807_T_G01_M03_C___T033_F003,2026-05-19,21,24,17.048768043518066,2.378326177597046,36.063236236572266,1.0000000017642259,8649,0.0,20.565103961019503,20.405922,40.3658,42.67454,44.87573,46.86518,33.147655,1.0,36.04500009724413,36.0,37.0,37.0,37.0,37.0,0
Loundoungou,BIO_FP_FH__L2A_20260519T043740_20260531T043807_T_G01_M03_C___T033_F003,2026-05-19,21,25,17.049601554870605,2.378326177597046,36.52643585205078,1.0,8649,0.10779999941587448,26.73017348916782,27.927189,40.564945,42.984005,46.168766,48.61604,37.54382,1.0,36.811338506498586,37.0,38.0,38.0,38.0,38.0,0
Loundoungou,BIO_FP_FH__L2A_20260519T043740_20260531T043807_T_G01_M03_C___T033_F003,2026-05-19,21,26,17.050435066223145,2.378326177597046,36.09483337402344,1.0000000035284515,8649,0.2231999933719635,24.48922921620179,26.415964,38.400158,42.119766,48.036797,50.80292,35.8429,1.0,37.73313029281858,38.0,39.0,39.0,40.0,40.0,0
Loundoungou,BIO_FP_FH__L2A_20260519T043740_20260531T043807_T_G01_M03_C___T033_F003,2026-05-19,21,27,17.051268577575684,2.378326177597046,35.136234283447266,1.0000000035284515,8649,0.29260000586509705,18.929029052363784,18.278938,35.83182,39.110504,45.938686,48.315197,33.450527,1.0,37.191595670956104,37.0,38.0,39.0,39.0,39.0,0
Loundoungou,BIO_FP_FH__L2A_20260519T043740_20260531T043807_T_G01_M03_C___T033_F003,2026-05-19,21,28,17.052102088928223,2.378326177597046,34.3126335144043,1.0,8649,0.17299999296665192,24.650319830146604,26.47171,36.326138,37.80635,41.21039,43.468143,34.2165,1.0,36.97791047702154,37.0,38.0,38.0,39.0,39.0,0
Loundoungou,BIO_FP_FH__L2A_20260519T043740_20260531T043807_T_G01_M03_C___T033_F003,2026-05-19,21,29,17.05293560028076,2.378326177597046,35.4234504699707,1.0,8649,0.6672000288963318,20.570631472027113,20.167479,36.680447,38.60557,40.83421,42.635242,34.901566,1.0,37.061758925479495,37.0,38.0,38.80318832397461,39.0,39.0,0
Loundoungou,BIO_FP_FH__L2A_20260519T043740_20260531T043807_T_G01_M03_C___T033_F003,2026-05-19,21,30,17.0537691116333,2.378326177597046,37.08985137939453,1.0,8649,1.030400037765503,22.45890601514626,24.20312,34.910686,36.75886,39.49515,41.48656,32.75836,1.0,36.39247948713476,36.0,37.0,38.0,38.0,38.0,0
Loundoungou,BIO_FP_FH__L2A_20260519T043740_20260531T043807_T_G01_M03_C___T033_F003,2026-05-19,21,31,17.05460262298584,2.378326177597046,36.142452239990234,1.0,8649,0.8112000226974487,32.027957757038386,33.869286,38.654324,39.652794,41.110508,42.90065,37.93485,1.0,35.59851996070843,36.0,36.0,37.0,37.0,37.0,0
Loundoungou,BIO_FP_FH__L2A_20260519T043740_20260531T043807_T_G01_M03_C___T033_F003,2026-05-19,21,32,17.05543613433838,2.378326177597046,34.89725112915039,1.0000000070569033,8649,0.9526000022888184,31.378452128547956,33.185497,38.318314,39.547546,41.678196,44.074753,37.22297,1.0,34.90061370076879,35.0,36.0,36.0,37.0,37.0,0
Loundoungou,BIO_FP_FH__L2A_20260519T043740_20260531T043807_T_G01_M03_C___T033_F003,2026-05-19,21,33,17.056269645690918,2.378326177597046,36.07665252685547,0.999999971772387,8649,0.7369999885559082,35.05852405767567,36.281147,41.12011,42.05099,45.577938,48.576267,39.99893,1.0,34.51540149464223,34.0,35.0,36.0,36.0,36.0,0
Loundoungou,BIO_FP_FH__L2A_20260519T043740_20260531T043807_T_G01_M03_C___T033_F003,2026-05-19,21,34,17.057103157043457,2.378326177597046,38.225650787353516,1.0,8649,0.13660000264644623,35.893969407590475,37.81519,42.12053,42.98818,44.554832,46.26611,41.304214,1.0,35.82378716214652,36.0,37.0,37.0,38.0,38.0,0
Loundoungou,BIO_FP_FH__L2A_20260519T043740_20260531T043807_T_G01_M03_C___T033_F003,2026-05-19,21,35,17.057936668395996,2.378326177597046,39.74885177612305,1.0,8649,0.35120001435279846,33.727741059298765,35.92179,41.687943,42.740406,44.413265,46.429653,40.915497,1.0,36.45058940967282,36.0,37.0,38.0,38.0,38.0,0
Loundoungou,BIO_FP_FH__L2A_20260519T043740_20260531T043807_T_G01_M03_C___T033_F003,2026-05-19,21,36,17.058770179748535,2.378326177597046,41.32925033569336,1.0,8649,0.9205999970436096,35.71346217770841,37.26195,41.520668,42.621,44.337955,45.734665,41.033466,1.0,34.95237178209269,36.0,37.0,37.0,37.0,37.0,0
Loundoungou,BIO_FP_FH__L2A_20260519T043740_20260531T043807_T_G01_M03_C___T033_F003,2026-05-19,21,37,17.059603691101074,2.378326177597046,43.42234420776367,1.0,8649,1.0585999488830566,31.57580446438895,34.185364,39.487682,40.663296,42.88815,45.296764,38.66583,1.0,36.686486398461156,37.0,37.819549560546875,38.0,38.0,38.0,0
Loundoungou,BIO_FP_FH__L2A_20260519T043740_20260531T043807_T_G01_M03_C___T033_F003,2026-05-19,21,38,17.060437202453613,2.378326177597046,44.62174606323242,1.0,8649,1.0276000499725342,36.56049019395306,38.957157,43.661213,44.943073,46.843163,48.501102,42.749737,1.0,37.20788226578053,37.0,38.0,38.0,39.0,39.0,0
Loundoungou,BIO_FP_FH__L2A_20260519T043740_20260531T043807_T_G01_M03_C___T033_F003,2026-05-19,21,39,17.061270713806152,2.378326177597046,43.97234344482422,1.0,8649,1.0188000202178955,34.73535370779859,36.763412,41.802246,43.0265,45.06658,46.602425,41.036163,1.0,36.968572700157345,37.0,38.0,38.0,38.0,38.0,0
Loundoungou,BIO_FP_FH__L2A_20260519T043740_20260531T043807_T_G01_M03_C___T033_F003,2026-05-19,21,40,17.06210422515869,2.378326177597046,42.73634338378906,1.0,8649,1.0163999795913696,35.194503609521334,37.313118,42.77303,43.797287,45.90478,49.069653,42.04311,1.0,37.86803444460894,38.0,39.0,39.68708038330078,40.0,40.0,0
Loundoungou,BIO_FP_FH__L2A_20260519T043740_20260531T043807_T_G01_M03_C___T033_F003,2026-05-19,21,41,17.06293773651123,2.378326177597046,41.36734390258789,1.0,8649,1.0332000255584717,25.30414507818823,28.901512,42.164223,44.24531,46.305656,47.993553,38.955326,1.0,38.09134259148407,38.0,39.0,40.0,40.0,40.0,0
Loundoungou,BIO_FP_FH__L2A_20260519T043740_20260531T043807_T_G01_M03_C___T033_F003,2026-05-19,21,42,17.06377124786377,2.378326177597046,39.94134521484375,1.0,8649,1.059999942779541,24.59984400291941,28.45847,37.901627,39.66367,42.18949,44.73205,36.046703,1.0,37.36503058288094,38.0,39.0,39.11091613769531,40.0,40.0,0
Loundoungou,BIO_FP_FH__L2A_20260519T043740_20260531T043807_T_G01_M03_C___T033_F003,2026-05-19,21,43,17.06460475921631,2.378326177597046,38.70974349975586,1.0,8649,0.8763999938964844,29.879577841368945,32.184772,40.71788,42.28935,44.437664,46.153103,39.22983,1.0,37.680314552826694,38.0,40.0,40.0,41.0,41.0,0
Loundoungou,BIO_FP_FH__L2A_20260519T043740_20260531T043807_T_G01_M03_C___T033_F003,2026-05-19,21,44,17.065438270568848,2.378326177597046,37.839744567871094,1.0,8649,0.38679999113082886,31.629827147647127,33.47197,42.96348,44.078552,45.59415,47.283886,42.452824,1.0,36.68749840844779,38.0,39.0,39.0,39.3625602722168,40.0,0
Loundoungou,BIO_FP_FH__L2A_20260519T043740_20260531T043807_T_G01_M03_C___T033_F003,2026-05-19,21,45,17.066271781921387,2.378326177597046,36.87653732299805,1.0,8649,0.25464117527008057,31.783173542461558,32.878494,42.278553,43.838997,48.10205,49.71501,41.836086,1.0,37.540209112918255,38.0,39.0,40.0,40.0,40.0,0
Loundoungou,BIO_FP_FH__L2A_20260519T043740_20260531T043807_T_G01_M03_C___T033_F003,2026-05-19,21,46,17.067105293273926,2.378326177597046,37.148338317871094,1.0,8649,0.37544116377830505,27.814253725142496,30.59545,41.160713,43.268764,47.284607,49.849934,39.970398,1.0,37.941021125238606,38.0,39.0,39.0,40.0,40.0,0
Loundoungou,BIO_FP_FH__L2A_20260519T043740_20260531T043807_T_G01_M03_C___T033_F003,2026-05-19,21,47,17.067938804626465,2.378326177597046,37.301536560058594,1.0,8649,0.004441173747181892,23.61428841123251,24.38221,35.487434,38.878223,43.972908,45.762226,32.67691,1.0,37.283268111581016,37.0,38.0,38.0,38.0,38.0,0
Loundoungou,BIO_FP_FH__L2A_20260519T043740_20260531T043807_T_G01_M03_C___T033_F003,2026-05-19,21,48,17.068772315979004,2.378326177597046,38.696937561035156,1.0,8649,0.5136411786079407,29.814039195282692,31.805798,39.5644,40.80868,43.45701,48.619305,38.722176,1.0,36.95977399131166,37.0,38.0,38.0,38.634063720703125,39.0,0
Loundoungou,BIO_FP_FH__L2A_20260519T043740_20260531T043807_T_G01_M03_C___T033_F003,2026-05-19,21,49,17.069605827331543,2.378326177597046,39.104736328125,0.9999999858861935,8649,0.39424118399620056,32.61393342943612,34.415413,41.398357,42.776676,44.384335,47.803574,40.25785,1.0,37.19132001376011,37.0,38.0,38.0,39.0,39.0,0
Loundoungou,BIO_FP_FH__L2A_20260519T043740_20260531T043807_T_G01_M03_C___T033_F003,2026-05-19,21,50,17.070439338684082,2.378326177597046,38.289737701416016,1.0000000493983228,8649,0.5224411487579346,34.341626038724065,34.69413,45.94292,48.837894,50.963837,52.116646,44.123184,1.0,37.025711416384986,37.0,38.50517272949219,39.0,40.0,40.0,0
Loundoungou,BIO_FP_FH__L2A_20260519T043740_20260531T043807_T_G01_M03_C___T033_F003,2026-05-19,21,51,17.07127285003662,2.378326177597046,38.28193664550781,1.0,8649,1.0714411735534668,33.864517619450226,37.21519,43.40119,44.623848,46.0698,47.590176,42.644596,1.0,37.6351775889287,37.20358657836914,39.0,39.0,40.0,40.0,0
Loundoungou,BIO_FP_FH__L2A_20260519T043740_20260531T043807_T_G01_M03_C___T033_F003,2026-05-19,21,52,17.07210636138916,2.378326177597046,37.67473602294922,1.0,8649,1.1308411359786987,28.94108806834605,31.993,40.773586,42.81752,46.062527,47.511803,39.42689,1.0,38.18358906112884,38.0,39.0,39.0,39.0,39.0,0
Loundoungou,BIO_FP_FH__L2A_20260519T043740_20260531T043807_T_G01_M03_C___T033_F003,2026-05-19,21,53,17.0729398727417,2.378326177597046,36.991634368896484,1.0,8649,1.1217999458312988,34.47435577812464,36.82247,43.473137,46.16969,50.40179,51.638073,42.232677,1.0,38.67664890948686,39.0,40.0,40.0,41.0,41.0,0
Loundoungou,BIO_FP_FH__L2A_20260519T043740_20260531T043807_T_G01_M03_C___T033_F003,2026-05-19,21,54,17.07377338409424,2.378326177597046,35.975833892822266,1.0,8649,0.6000000238418579,30.615389626871604,33.060963,39.30748,40.426098,41.97682,44.460033,38.043583,1.0,38.477564761977426,38.0,39.0,39.0,40.0,41.0,0
Loundoungou,BIO_FP_FH__L2A_20260519T043740_20260531T043807_T_G01_M03_C___T033_F003,2026-05-19,21,55,17.074606895446777,2.378326177597046,34.933834075927734,1.0,8649,0.0015999999595806003,26.6571040546595,29.085365,38.615234,40.048553,41.886772,43.358738,36.788208,1.0,37.73223590442853,38.0,39.0,39.0,39.0,39.0,0
Loundoungou,BIO_FP_FH__L2A_20260519T043740_20260531T043807_T_G01_M03_C___T033_F003,2026-05-19,21,56,17.075440406799316,2.378326177597046,34.47663116455078,0.9999999894146451,8649,0.17679999768733978,29.759094574462537,31.410587,39.73133,41.59799,43.809242,47.639202,37.998756,1.0,38.34504913090144,38.0,39.0,40.0,40.0,40.0,0
Loundoungou,BIO_FP_FH__L2A_20260519T043740_20260531T043807_T_G01_M03_C___T033_F003,2026-05-19,21,57,17.076273918151855,2.378326177597046,36.03023147583008,1.0,8649,0.699999988079071,26.294540294127213,28.231743,38.69776,40.55926,43.191326,49.019196,37.416935,1.0,38.771276599479584,39.0,40.0,40.0,41.0,41.0,0
Loundoungou,BIO_FP_FH__L2A_20260519T043740_20260531T043807_T_G01_M03_C___T033_F003,2026-05-19,21,58,17.077107429504395,2.378326177597046,38.116233825683594,0.9999999894146451,8649,1.1017999649047852,30.06684299539309,32.268715,41.675095,44.28314,48.67662,49.818115,40.79046,1.0,38.74427059154618,39.0,40.0,41.0,41.0,41.0,0
Loundoungou,BIO_FP_FH__L2A_20260519T043740_20260531T043807_T_G01_M03_C___T033_F003,2026-05-19,21,59,17.077940940856934,2.378326177597046,38.52783203125,0.9999999964715484,8649,1.0870000123977661,28.776925744133955,30.20579,37.85533,39.66728,42.48347,44.132214,34.937393,1.0,38.28577025174571,38.0,40.0,40.0,41.0,41.0,0
Loundoungou,BIO_FP_FH__L2A_20260519T043740_20260531T043807_T_G01_M03_C___T033_F003,2026-05-19,21,60,17.078774452209473,2.378326177597046,38.57703399658203,0.993070615603891,8600,1.0867999792099,30.15373339272804,32.573395,42.31957,44.436752,46.71752,47.724556,39.02275,1.0,38.30397173153457,38.0,40.0,40.0,40.0,40.0,0
Loundoungou,BIO_FP_FH__L2A_20260519T043740_20260531T043807_T_G01_M03_C___T033_F003,2026-05-19,22,21,17.04626750946045,2.377492666244507,35.68323516845703,1.0000000059542622,8649,0.0,26.906825867456888,29.83509,40.907265,42.409958,44.93677,47.17366,38.660248,1.0,30.846762015979706,33.0,36.0,37.0,38.0,38.0,0
Loundoungou,BIO_FP_FH__L2A_20260519T043740_20260531T043807_T_G01_M03_C___T033_F003,2026-05-19,22,22,17.04710102081299,2.377492666244507,36.831634521484375,0.9999999964715484,8649,0.3052000105381012,32.94703529101933,33.961224,43.887497,48.016277,52.859016,55.082706,41.281292,1.0,35.90722901918445,36.0,39.0,39.0,39.0,39.0,0
Loundoungou,BIO_FP_FH__L2A_20260519T043740_20260531T043807_T_G01_M03_C___T033_F003,2026-05-19,22,23,17.047934532165527,2.377492666244507,37.29243469238281,0.9999999964715484,8649,0.42340001463890076,28.988169062838764,32.62728,45.720676,47.570045,49.842815,50.87363,43.750126,1.0,37.363715353639485,37.0,39.0,39.0,41.0,41.0,0
Loundoungou,BIO_FP_FH__L2A_20260519T043740_20260531T043807_T_G01_M03_C___T033_F003,2026-05-19,22,24,17.048768043518066,2.377492666244507,37.00963592529297,1.0,8649,0.534600019454956,26.066251619135883,30.140537,38.77566,40.40371,43.2917,45.68804,36.494976,1.0,36.385648674710744,37.0,37.0,37.0,38.0,38.0,0
Loundoungou,BIO_FP_FH__L2A_20260519T043740_20260531T043807_T_G01_M03_C___T033_F003,2026-05-19,22,25,17.049601554870605,2.377492666244507,36.75383377075195,1.0,8649,0.6452000141143799,26.764443787305613,28.589872,39.72217,41.520355,43.361202,45.853497,38.073505,1.0,36.305720431720026,37.0,37.0,37.0,37.0,37.0,0
Loundoungou,BIO_FP_FH__L2A_20260519T043740_20260531T043807_T_G01_M03_C___T033_F003,2026-05-19,22,26,17.050435066223145,2.377492666244507,36.59163284301758,0.9999999823577419,8649,0.7605999708175659,27.466075805319612,30.143766,36.88952,38.258476,41.180073,43.7949,35.528435,1.0,36.96011824204834,37.0,38.0,38.0,38.0,38.0,0
Loundoungou,BIO_FP_FH__L2A_20260519T043740_20260531T043807_T_G01_M03_C___T033_F003,2026-05-19,22,27,17.051268577575684,2.377492666244507,35.0162353515625,1.0,8649,0.4090000092983246,20.45524128060325,19.505356,35.45162,37.45661,39.790825,42.85447,33.288773,1.0,37.497510976413174,37.22702407836914,38.0,38.518256378173874,39.0,39.0,0
Loundoungou,BIO_FP_FH__L2A_20260519T043740_20260531T043807_T_G01_M03_C___T033_F003,2026-05-19,22,28,17.052102088928223,2.377492666244507,33.53263473510742,1.0,8649,0.04560000076889992,22.10141187745688,21.705334,37.273445,40.187572,43.741737,46.90605,33.398335,1.0,37.03182851875403,37.0,38.0,38.0,38.0,38.0,0
Loundoungou,BIO_FP_FH__L2A_20260519T043740_20260531T043807_T_G01_M03_C___T033_F003,2026-05-19,22,29,17.05293560028076,2.377492666244507,35.497249603271484,1.0,8649,0.5429999828338623,27.8634798594852,29.636219,42.075825,43.924927,47.300312,49.476307,37.383724,1.0,36.78128268448848,37.0,38.0,38.0,38.0,38.0,0
Loundoungou,BIO_FP_FH__L2A_20260519T043740_20260531T043807_T_G01_M03_C___T033_F003,2026-05-19,22,30,17.0537691116333,2.377492666244507,37.63105010986328,1.0,8649,1.0384000539779663,25.78582332495086,26.935448,35.802658,37.856365,41.602512,43.31809,34.366417,1.0,34.68064175562881,35.0,36.0,37.0,37.0,37.0,0
Loundoungou,BIO_FP_FH__L2A_20260519T043740_20260531T043807_T_G01_M03_C___T033_F003,2026-05-19,22,31,17.05460262298584,2.377492666244507,36.798851013183594,1.000000028227613,8649,1.0884000062942505,30.164119910332168,31.55771,40.904858,42.429935,44.521294,46.288128,40.158474,1.0,32.716560476459456,33.0,34.0,35.0,35.0,35.0,0
Loundoungou,BIO_FP_FH__L2A_20260519T043740_20260531T043807_T_G01_M03_C___T033_F003,2026-05-19,22,32,17.05543613433838,2.377492666244507,35.4046516418457,0.9999999929430967,8649,0.9570000171661377,33.95504810461633,35.760597,41.207626,42.759834,44.58603,46.728577,40.032978,1.0,32.72892370674979,33.0,34.0,34.82305145263672,35.0,35.0,0
Loundoungou,BIO_FP_FH__L2A_20260519T043740_20260531T043807_T_G01_M03_C___T033_F003,2026-05-19,22,33,17.056269645690918,2.377492666244507,35.219451904296875,1.0,8649,0.37560001015663147,36.041348710833404,37.32287,41.62511,42.63671,43.977024,45.78581,40.785225,1.0,33.44231391044032,34.0,35.0,35.0,35.0,35.0,0
Loundoungou,BIO_FP_FH__L2A_20260519T043740_20260531T043807_T_G01_M03_C___T033_F003,2026-05-19,22,34,17.057103157043457,2.377492666244507,36.927852630615234,1.0,8649,0.0,32.494669497557524,35.242043,41.248238,42.30645,44.3622,45.859154,40.28157,1.0,36.26548110930158,36.0,38.0,38.0,39.0,39.0,0
Loundoungou,BIO_FP_FH__L2A_20260519T043740_20260531T043807_T_G01_M03_C___T033_F003,2026-05-19,22,35,17.057936668395996,2.377492666244507,38.270851135253906,1.0,8649,0.20440000295639038,29.299411194574517,31.535091,37.22896,38.632652,42.267303,44.653767,36.042763,1.0,37.48527729168064,37.0,39.0,39.0,39.0,39.0,0
Loundoungou,BIO_FP_FH__L2A_20260519T043740_20260531T043807_T_G01_M03_C___T033_F003,2026-05-19,22,36,17.058770179748535,2.377492666244507,40.405452728271484,1.0,8649,0.8109999895095825,26.807049586657417,28.560202,37.60344,39.798492,44.097427,46.11145,36.22943,1.0,36.27327078992279,36.0,37.0,37.0,38.0,38.0,0
Loundoungou,BIO_FP_FH__L2A_20260519T043740_20260531T043807_T_G01_M03_C___T033_F003,2026-05-19,22,37,17.059603691101074,2.377492666244507,42.58474349975586,1.0,8649,1.0973999500274658,33.90532503757703,35.161438,40.503967,43.614452,46.687675,49.46533,39.565018,1.0,36.00672857355335,37.0,37.0,37.22702407836914,38.0,38.0,0
Loundoungou,BIO_FP_FH__L2A_20260519T043740_20260531T043807_T_G01_M03_C___T033_F003,2026-05-19,22,38,17.060437202453613,2.377492666244507,44.5621452331543,1.0,8649,1.0368000268936157,30.106169246444676,33.746994,40.425114,41.502514,43.091236,44.856293,39.523876,1.0,36.0245163501074,36.0,37.0,38.0,39.0,39.0,0
Loundoungou,BIO_FP_FH__L2A_20260519T043740_20260531T043807_T_G01_M03_C___T033_F003,2026-05-19,22,39,17.061270713806152,2.377492666244507,44.516143798828125,1.0,8649,1.0135999917984009,30.601380488351253,33.26118,40.80718,41.964424,43.821163,48.128517,40.057343,1.0,37.95989637080473,38.0,39.0,39.0,39.0,39.0,0
Loundoungou,BIO_FP_FH__L2A_20260519T043740_20260531T043807_T_G01_M03_C___T033_F003,2026-05-19,22,40,17.06210422515869,2.377492666244507,43.01494598388672,1.0,8649,1.0180000066757202,31.626145363625852,34.822,40.41121,41.340054,42.749332,44.798203,39.75819,1.0,38.315996601617684,38.0,39.0,39.0,40.0,40.0,0
Loundoungou,BIO_FP_FH__L2A_20260519T043740_20260531T043807_T_G01_M03_C___T033_F003,2026-05-19,22,41,17.06293773651123,2.377492666244507,41.67394256591797,1.0,8649,1.0226000547409058,20.059693497803213,21.351904,33.354916,35.03529,39.111168,42.340675,31.418392,1.0,37.01808929399254,37.0,38.0,39.0,39.0,40.0,0
Loundoungou,BIO_FP_FH__L2A_20260519T043740_20260531T043807_T_G01_M03_C___T033_F003,2026-05-19,22,42,17.06377124786377,2.377492666244507,40.141944885253906,1.0,8649,1.0492000579833984,32.41509404989016,36.301426,39.623974,40.30874,41.631714,43.87811,39.196095,1.0,36.96706999215188,37.0,38.0,38.0,39.0,39.0,0
Loundoungou,BIO_FP_FH__L2A_20260519T043740_20260531T043807_T_G01_M03_C___T033_F003,2026-05-19,22,43,17.06460475921631,2.377492666244507,39.98914337158203,1.0,8649,0.9508000016212463,30.576355467395075,34.45734,41.30605,42.396503,43.974396,45.464764,40.78997,1.0,34.189710264771584,39.0,40.0,40.0,40.0,40.0,0
Loundoungou,BIO_FP_FH__L2A_20260519T043740_20260531T043807_T_G01_M03_C___T033_F003,2026-05-19,22,44,17.065438270568848,2.377492666244507,38.92094421386719,1.0,8649,0.6363999843597412,31.714695611486878,33.053444,39.681213,41.020863,42.990074,44.642956,38.79061,1.0,38.01355994038533,39.0,40.0,40.0,40.0,40.0,0
Loundoungou,BIO_FP_FH__L2A_20260519T043740_20260531T043807_T_G01_M03_C___T033_F003,2026-05-19,22,45,17.066271781921387,2.377492666244507,37.2989387512207,1.0,8649,0.8118411898612976,35.213108090530696,37.278297,43.962048,45.10743,46.45215,50.036415,42.473106,1.0,38.292499158296685,39.0,39.0,40.0,40.0,40.0,0
Loundoungou,BIO_FP_FH__L2A_20260519T043740_20260531T043807_T_G01_M03_C___T033_F003,2026-05-19,22,46,17.067105293273926,2.377492666244507,37.3453369140625,1.0,8649,0.6582411527633667,31.413664603566026,34.301205,42.626522,44.32396,46.2673,48.305115,41.71948,1.0,37.33680617259353,37.0,38.0,38.0,39.0,39.0,0
Loundoungou,BIO_FP_FH__L2A_20260519T043740_20260531T043807_T_G01_M03_C___T033_F003,2026-05-19,22,47,17.067938804626465,2.377492666244507,37.46213912963867,1.0,8649,0.13684117794036865,30.624976514625967,32.89489,41.74414,43.48996,45.784058,47.29698,39.34642,1.0,36.73134253928945,37.0,37.0,37.0,38.0,38.0,0
Loundoungou,BIO_FP_FH__L2A_20260519T043740_20260531T043807_T_G01_M03_C___T033_F003,2026-05-19,22,48,17.068772315979004,2.377492666244507,38.03113555908203,1.0,8649,0.04104117304086685,25.893581447277143,26.751377,35.551754,37.124645,39.74094,41.5751,33.989796,1.0,37.18760276306625,37.0,38.0,38.0,38.0,38.0,0
Loundoungou,BIO_FP_FH__L2A_20260519T043740_20260531T043807_T_G01_M03_C___T033_F003,2026-05-19,22,49,17.069605827331543,2.377492666244507,38.88153839111328,1.0,8649,0.15784117579460144,29.361397452017574,31.315657,38.18806,39.383442,45.030582,48.994267,36.821518,1.0,37.051645193145184,37.0,38.0,38.0,39.0,39.0,0
Loundoungou,BIO_FP_FH__L2A_20260519T043740_20260531T043807_T_G01_M03_C___T033_F003,2026-05-19,22,50,17.070439338684082,2.377492666244507,38.953739166259766,1.0000000141138066,8649,0.679841160774231,28.27522989308693,29.67104,40.879326,44.545483,50.511177,53.55312,39.02716,1.0,37.26523111497533,37.0,39.0,39.0,39.0,39.0,0
Loundoungou,BIO_FP_FH__L2A_20260519T043740_20260531T043807_T_G01_M03_C___T033_F003,2026-05-19,22,51,17.07127285003662,2.377492666244507,38.872737884521484,0.9999999858861935,8649,1.120841145515442,31.660077659527758,34.122387,42.50063,45.54874,49.942886,52.070473,41.1372,1.0,37.074998423134964,37.0,38.0,38.0,38.0,38.0,0
Loundoungou,BIO_FP_FH__L2A_20260519T043740_20260531T043807_T_G01_M03_C___T033_F003,2026-05-19,22,52,17.07210636138916,2.377492666244507,38.29933547973633,1.0,8649,1.1100411415100098,29.28036365295121,31.024721,38.19798,40.6996,48.01023,49.73225,36.927162,1.0,35.996080079455226,36.0,37.0,37.0,38.0,38.0,0
Loundoungou,BIO_FP_FH__L2A_20260519T043740_20260531T043807_T_G01_M03_C___T033_F003,2026-05-19,22,53,17.0729398727417,2.377492666244507,37.36723327636719,1.0,8649,0.7824000120162964,26.566047872225113,28.86181,36.47913,38.611225,40.87611,44.863266,35.04569,1.0,36.7414631494581,37.0,38.0,38.0,38.0,38.0,0
Loundoungou,BIO_FP_FH__L2A_20260519T043740_20260531T043807_T_G01_M03_C___T033_F003,2026-05-19,22,54,17.07377338409424,2.377492666244507,36.256431579589844,1.0,8649,0.1762000024318695,33.47398746422997,35.505074,40.407913,42.4944,45.686455,48.20823,39.304317,1.0,38.33145919051773,39.0,39.0,39.438941955566406,40.0,40.0,0
Loundoungou,BIO_FP_FH__L2A_20260519T043740_20260531T043807_T_G01_M03_C___T033_F003,2026-05-19,22,55,17.074606895446777,2.377492666244507,34.98903274536133,1.0,8649,0.0,31.493326088998728,32.57271,43.613365,45.719833,49.32463,51.113113,41.311787,1.0,39.02143393181448,39.0,40.0,40.0,40.0,40.0,0
Loundoungou,BIO_FP_FH__L2A_20260519T043740_20260531T043807_T_G01_M03_C___T033_F003,2026-05-19,22,56,17.075440406799316,2.377492666244507,33.840232849121094,0.9999999894146451,8649,0.041600000113248825,26.67765674918053,27.98688,39.420067,40.794327,42.612915,47.683815,37.121906,1.0,38.59087003940984,39.0,40.0,40.0,41.0,41.0,0
Loundoungou,BIO_FP_FH__L2A_20260519T043740_20260531T043807_T_G01_M03_C___T033_F003,2026-05-19,22,57,17.076273918151855,2.377492666244507,36.125831604003906,1.000000017642258,8649,0.5564000010490417,25.296041387494842,27.430017,35.713875,38.713867,42.63859,45.12932,33.452583,1.0,37.903626213819116,38.0,39.0,39.0,40.0,40.0,0
Loundoungou,BIO_FP_FH__L2A_20260519T043740_20260531T043807_T_G01_M03_C___T033_F003,2026-05-19,22,58,17.077107429504395,2.377492666244507,38.55723190307617,1.0,8649,1.079200029373169,33.29332114352093,36.288586,41.582237,42.470985,44.27391,46.92814,40.687527,1.0,39.79381235691423,40.0,41.0,41.0,41.0,42.0,0
Loundoungou,BIO_FP_FH__L2A_20260519T043740_20260531T043807_T_G01_M03_C___T033_F003,2026-05-19,22,59,17.077940940856934,2.377492666244507,38.02043151855469,1.0000000035284515,8649,1.0920000076293945,31.176199416766,33.88508,43.984722,45.865047,49.28266,52.079487,42.009373,1.0,40.347971158574005,40.0,41.0,41.0,42.0,42.0,0
Loundoungou,BIO_FP_FH__L2A_20260519T043740_20260531T043807_T_G01_M03_C___T033_F003,2026-05-19,22,60,17.078774452209473,2.377492666244507,37.799034118652344,0.9999999991178871,8649,1.0944000482559204,25.85037157158207,30.317125,40.576508,42.815773,44.921955,46.80621,38.93384,1.0,39.180689171843895,39.0,40.0,40.0,40.0,40.0,0
Loundoungou,BIO_FP_FH__L2A_20260519T043740_20260531T043807_T_G01_M03_C___T033_F003,2026-05-19,22,61,17.07960796356201,2.377492666244507,38.206939697265625,0.9804609593579859,8513,1.081070899963379,29.88464973200809,31.251526,40.18857,42.55042,45.22856,49.51276,38.1958,1.0,37.90530117862775,38.0,39.0,39.0,40.0,40.0,0
Loundoungou,BIO_FP_FH__L2A_20260519T043740_20260531T043807_T_G01_M03_C___T033_F003,2026-05-19,23,20,17.04543399810791,2.3766591548919678,36.16128921508789,1.0000000030873952,8649,0.31279999017715454,22.680761531228086,24.56079,39.542244,42.896523,45.942917,48.914284,36.707676,1.0,34.181354307469526,35.0,36.0,36.0,37.0,37.0,0
Loundoungou,BIO_FP_FH__L2A_20260519T043740_20260531T043807_T_G01_M03_C___T033_F003,2026-05-19,23,21,17.04626750946045,2.3766591548919678,35.84223556518555,1.0000000044105646,8649,0.0,23.739132052577673,25.601889,40.403038,43.08705,46.10443,48.54995,36.042263,1.0,37.09928182883543,37.0,38.0,39.0,39.0,39.0,0
Loundoungou,BIO_FP_FH__L2A_20260519T043740_20260531T043807_T_G01_M03_C___T033_F003,2026-05-19,23,22,17.04710102081299,2.3766591548919678,36.918033599853516,0.9999999982357742,8649,0.2680000066757202,31.895201260437727,33.879623,43.960007,47.558018,50.652393,52.167816,41.65093,1.0,38.21921722300963,38.0,39.0,39.0,39.0,39.16079,0
Loundoungou,BIO_FP_FH__L2A_20260519T043740_20260531T043807_T_G01_M03_C___T033_F003,2026-05-19,23,23,17.047934532165527,2.3766591548919678,38.7938346862793,1.0,8649,0.8187999725341797,25.763426577042868,27.934832,41.09393,42.583973,44.405144,46.05804,39.572716,1.0,38.524596703536304,39.0,40.0,41.0,41.0,41.0,0
Loundoungou,BIO_FP_FH__L2A_20260519T043740_20260531T043807_T_G01_M03_C___T033_F003,2026-05-19,23,24,17.048768043518066,2.3766591548919678,39.194435119628906,1.0000000035284515,8649,1.0856000185012817,30.44623091909958,34.022972,41.9747,43.475742,47.551945,50.824852,40.281067,1.0,36.54790563425696,36.75311279296875,38.0,38.0,39.0,39.0,0
Loundoungou,BIO_FP_FH__L2A_20260519T043740_20260531T043807_T_G01_M03_C___T033_F003,2026-05-19,23,25,17.049601554870605,2.3766591548919678,38.26223373413086,1.0000000070569033,8649,1.0908000469207764,31.99439060878048,34.96477,40.424004,41.50602,43.27224,45.29685,38.64647,1.0,34.995786509192435,35.0,36.0,36.0,37.0,37.0,0
Loundoungou,BIO_FP_FH__L2A_20260519T043740_20260531T043807_T_G01_M03_C___T033_F003,2026-05-19,23,26,17.050435066223145,2.3766591548919678,37.54023361206055,1.0,8649,1.0815999507904053,31.562905461433402,34.55912,40.993023,42.27579,44.27013,47.119305,39.796337,1.0,36.44667582710929,36.0,38.0,38.0,38.0,38.0,0
Loundoungou,BIO_FP_FH__L2A_20260519T043740_20260531T043807_T_G01_M03_C___T033_F003,2026-05-19,23,27,17.051268577575684,2.3766591548919678,36.86163330078125,1.0,8649,0.8046000003814697,25.36745012971153,26.434324,41.091003,43.72582,47.1428,50.004375,38.26469,1.0,38.29384971527795,38.0,39.0,39.0,40.0,40.0,0
Loundoungou,BIO_FP_FH__L2A_20260519T043740_20260531T043807_T_G01_M03_C___T033_F003,2026-05-19,23,28,17.052102088928223,2.3766591548919678,35.83623504638672,0.9920454304236761,8600,0.45260000228881836,25.851890863273837,30.211468,40.185432,41.309933,43.04903,45.126484,39.039837,1.0,39.00884436127602,39.0,40.0,40.0,41.0,41.0,0
Loundoungou,BIO_FP_FH__L2A_20260519T043740_20260531T043807_T_G01_M03_C___T033_F003,2026-05-19,23,29,17.05293560028076,2.3766591548919678,36.362449645996094,0.9989265744459258,8645,0.5212000012397766,25.12435371075503,25.734175,37.676495,48.31192,50.919495,52.345695,35.785725,1.0,37.41002679772564,38.0,38.0,38.0,38.413699951172084,39.0,0
Loundoungou,BIO_FP_FH__L2A_20260519T043740_20260531T043807_T_G01_M03_C___T033_F003,2026-05-19,23,30,17.0537691116333,2.3766591548919678,38.06285095214844,0.9999999929430967,8649,0.9016000032424927,28.51803200044543,30.474543,39.146202,41.088795,43.762924,50.23499,38.167942,1.0,33.231016385099046,34.0,36.0,36.0,36.0,36.0,0
Loundoungou,BIO_FP_FH__L2A_20260519T043740_20260531T043807_T_G01_M03_C___T033_F003,2026-05-19,23,31,17.05460262298584,2.3766591548919678,37.795650482177734,1.0000000070569033,8649,1.0160000324249268,35.576171398121495,37.45706,42.276173,43.889046,45.512447,46.82952,41.420788,1.0,30.765797099125482,31.0,33.0,33.0,34.0,34.16079,0
Loundoungou,BIO_FP_FH__L2A_20260519T043740_20260531T043807_T_G01_M03_C___T033_F003,2026-05-19,23,32,17.05543613433838,2.3766591548919678,35.571651458740234,1.0,8649,0.5027999877929688,34.23508814241531,35.607113,40.14548,41.18171,43.648403,46.14933,39.539993,1.0,30.64094817705934,31.0,32.0,32.0,33.0,33.0,0
Loundoungou,BIO_FP_FH__L2A_20260519T043740_20260531T043807_T_G01_M03_C___T033_F003,2026-05-19,23,33,17.056269645690918,2.3766591548919678,34.18205261230469,1.0,8649,0.0,32.29834870722049,33.45156,38.987114,41.31027,43.627193,45.076603,37.65898,1.0,33.260879149201536,33.0,35.0,36.0,36.0,36.0,0
Loundoungou,BIO_FP_FH__L2A_20260519T043740_20260531T043807_T_G01_M03_C___T033_F003,2026-05-19,23,34,17.057103157043457,2.3766591548919678,35.508052825927734,1.0,8649,0.0,31.84302375997225,32.842144,38.755142,40.63936,46.18954,47.8455,37.7843,1.0,35.83472114833797,36.0,37.0,37.0,37.0,37.0,0
Loundoungou,BIO_FP_FH__L2A_20260519T043740_20260531T043807_T_G01_M03_C___T033_F003,2026-05-19,23,35,17.057936668395996,2.3766591548919678,37.28165054321289,1.0,8649,0.06620000302791595,20.300932098363973,20.81042,33.740074,36.745773,39.288494,43.059692,31.418297,1.0,36.86722890637985,37.0,38.0,38.0,38.0,38.0,0
Loundoungou,BIO_FP_FH__L2A_20260519T043740_20260531T043807_T_G01_M03_C___T033_F003,2026-05-19,23,36,17.058770179748535,2.3766591548919678,39.780452728271484,1.0,8649,0.6800000071525574,27.543595628829923,28.315641,35.438385,37.45759,40.83478,43.587555,34.363934,1.0,36.22044237418896,36.0,37.0,37.0,37.0,37.0,0
Loundoungou,BIO_FP_FH__L2A_20260519T043740_20260531T043807_T_G01_M03_C___T033_F003,2026-05-19,23,37,17.059603691101074,2.3766591548919678,42.16514587402344,1.0,8649,0.7062000036239624,33.67949600387285,35.47456,40.15012,40.968327,42.012413,43.508366,39.583534,1.0,34.61263752722412,36.0,37.0,37.0,37.0,37.0,0
Loundoungou,BIO_FP_FH__L2A_20260519T043740_20260531T043807_T_G01_M03_C___T033_F003,2026-05-19,23,38,17.060437202453613,2.3766591548919678,43.987945556640625,1.0,8649,0.6743999719619751,31.108536752803793,34.729645,40.79072,42.223503,45.395,47.689064,39.52871,1.0,33.680086499294774,36.0,36.0,36.0,37.0,37.0,0
Loundoungou,BIO_FP_FH__L2A_20260519T043740_20260531T043807_T_G01_M03_C___T033_F003,2026-05-19,23,39,17.061270713806152,2.3766591548919678,43.9637451171875,1.0,8649,1.034600019454956,28.687554648658804,31.89478,39.378983,40.587135,42.94803,45.675507,38.332275,1.0,36.64448265572313,37.0,38.0,38.30171585083008,39.0,39.0,0
Loundoungou,BIO_FP_FH__L2A_20260519T043740_20260531T043807_T_G01_M03_C___T033_F003,2026-05-19,23,40,17.06210422515869,2.3766591548919678,42.730743408203125,1.0,8649,1.0260000228881836,35.898208969245,38.742588,43.22198,44.31566,46.76646,48.18322,42.2605,1.0,37.5882969716337,37.75311279296875,38.0,39.0,39.0,39.0,0
Loundoungou,BIO_FP_FH__L2A_20260519T043740_20260531T043807_T_G01_M03_C___T033_F003,2026-05-19,23,41,17.06293773651123,2.3766591548919678,41.60394287109375,1.000000084682839,8649,1.0154000520706177,32.34728993908397,34.348225,39.496162,40.474907,41.883026,43.70404,38.66341,1.0,36.61568987693438,37.0,37.0,37.0,37.0,37.0,0
Loundoungou,BIO_FP_FH__L2A_20260519T043740_20260531T043807_T_G01_M03_C___T033_F003,2026-05-19,23,42,17.06377124786377,2.3766591548919678,41.22614288330078,1.0000000423414195,8649,1.0169999599456787,37.05772954506927,37.607693,42.377087,44.026646,48.339306,52.155178,41.496162,1.0,36.56176978517149,37.0,38.0,38.0,38.0,39.0,0
Loundoungou,BIO_FP_FH__L2A_20260519T043740_20260531T043807_T_G01_M03_C___T033_F003,2026-05-19,23,43,17.06460475921631,2.3766591548919678,41.240142822265625,1.0,8649,1.010200023651123,30.061413801451035,34.695755,41.804905,42.84372,44.388973,45.72703,41.09739,1.0,38.372823251880156,38.0,39.30171585083008,40.0,40.0,40.0,0
Loundoungou,BIO_FP_FH__L2A_20260519T043740_20260531T043807_T_G01_M03_C___T033_F003,2026-05-19,23,44,17.065438270568848,2.3766591548919678,39.5727424621582,1.0,8649,1.062999963760376,27.026001922187536,32.51872,40.512066,41.768635,44.495304,46.527878,38.28891,1.0,37.85537108422318,38.0,39.0,39.0,40.0,40.0,0
Loundoungou,BIO_FP_FH__L2A_20260519T043740_20260531T043807_T_G01_M03_C___T033_F003,2026-05-19,23,45,17.066271781921387,2.3766591548919678,37.9775390625,1.0,8649,1.1152411699295044,32.958115190339925,34.3362,42.561604,43.825188,45.426617,48.355045,40.876297,1.0,36.67698959251789,37.0,38.0,39.0,39.0,39.0,0
Loundoungou,BIO_FP_FH__L2A_20260519T043740_20260531T043807_T_G01_M03_C___T033_F003,2026-05-19,23,46,17.067105293273926,2.3766591548919678,37.898338317871094,1.0,8649,0.7776411771774292,27.77020193808533,29.374517,39.973064,44.538727,47.328846,49.79773,37.98313,1.0,35.71177108125999,36.0,37.0,37.0,38.0,38.0,0
Loundoungou,BIO_FP_FH__L2A_20260519T043740_20260531T043807_T_G01_M03_C___T033_F003,2026-05-19,23,47,17.067938804626465,2.3766591548919678,38.42153549194336,1.0,8649,0.4674411714076996,26.51281172317609,28.71975,36.165215,38.54619,42.454258,44.835068,35.045284,1.0,36.35407896788358,36.0,37.0,38.0,38.0,38.0,0
Loundoungou,BIO_FP_FH__L2A_20260519T043740_20260531T043807_T_G01_M03_C___T033_F003,2026-05-19,23,48,17.068772315979004,2.3766591548919678,39.39013671875,1.0,8649,0.5842411518096924,25.632308016100126,27.937864,38.042995,40.697376,44.35139,46.696453,36.07051,1.0,37.029119542960224,37.0,38.0,38.0,38.0,38.0,0
Loundoungou,BIO_FP_FH__L2A_20260519T043740_20260531T043807_T_G01_M03_C___T033_F003,2026-05-19,23,49,17.069605827331543,2.3766591548919678,39.727935791015625,1.0,8649,0.7010411620140076,33.851980268672676,34.913692,40.917454,42.799393,46.255516,49.30857,39.735256,1.0,37.48888943729848,37.24688720703125,38.0,38.0,38.0,38.0,0
Loundoungou,BIO_FP_FH__L2A_20260519T043740_20260531T043807_T_G01_M03_C___T033_F003,2026-05-19,23,50,17.070439338684082,2.3766591548919678,39.80073547363281,1.0,8649,1.0914411544799805,32.081729553272055,34.054016,41.159767,43.007214,44.799446,47.163677,39.28977,1.0,37.244019941810045,37.0,38.0,38.0,39.0,39.0,0
Loundoungou,BIO_FP_FH__L2A_20260519T043740_20260531T043807_T_G01_M03_C___T033_F003,2026-05-19,23,51,17.07127285003662,2.3766591548919678,39.4161376953125,1.0,8649,1.0980411767959595,32.8845804518586,33.889717,42.62083,44.113235,45.661926,47.585236,40.145584,1.0,36.82710792470053,37.0,38.0,38.0,39.0,39.0,0
Loundoungou,BIO_FP_FH__L2A_20260519T043740_20260531T043807_T_G01_M03_C___T033_F003,2026-05-19,23,52,17.07210636138916,2.3766591548919678,38.8353385925293,1.0000000070569033,8649,0.9736411571502686,28.580668670794246,29.97582,37.306587,38.69071,40.878387,43.16557,36.08088,1.0,35.76080863089048,36.0,36.0,37.0,38.0,38.0,0
Loundoungou,BIO_FP_FH__L2A_20260519T043740_20260531T043807_T_G01_M03_C___T033_F003,2026-05-19,23,53,17.0729398727417,2.3766591548919678,37.75163269042969,0.9999999929430967,8649,0.49900001287460327,32.775887888106304,34.304043,41.958595,43.36838,46.123077,49.091778,40.801083,1.0,37.028945405492344,37.0,38.0,38.0,39.0,39.0,0
Loundoungou,BIO_FP_FH__L2A_20260519T043740_20260531T043807_T_G01_M03_C___T033_F003,2026-05-19,23,54,17.07377338409424,2.3766591548919678,36.881832122802734,1.0,8649,0.18639999628067017,31.93759619970517,34.0317,40.89176,42.165043,43.74829,45.88658,40.048824,1.0,38.587393516005086,38.0,40.0,40.0,41.0,41.0,0
Loundoungou,BIO_FP_FH__L2A_20260519T043740_20260531T043807_T_G01_M03_C___T033_F003,2026-05-19,23,55,17.074606895446777,2.3766591548919678,36.327632904052734,1.0,8649,0.2994000017642975,33.02411022047347,34.955658,43.855587,46.926483,48.999203,49.855762,42.249844,1.0,39.24625417149429,39.0,40.0,40.0,40.0,40.0,0
Loundoungou,BIO_FP_FH__L2A_20260519T043740_20260531T043807_T_G01_M03_C___T033_F003,2026-05-19,23,56,17.075440406799316,2.3766591548919678,35.46143341064453,1.0,8649,0.4147999882698059,27.18659897459244,29.620464,41.397957,44.152184,47.262997,49.745876,37.887753,1.0,38.48321588820344,39.0,40.0,40.0,40.0,40.0,0
Loundoungou,BIO_FP_FH__L2A_20260519T043740_20260531T043807_T_G01_M03_C___T033_F003,2026-05-19,23,57,17.076273918151855,2.3766591548919678,36.43623352050781,0.9999999858861935,8649,0.5353999733924866,23.388024776561856,27.198225,35.899258,37.45515,41.832554,44.19527,34.71046,1.0,38.08997180456646,38.0,39.0,39.0,40.0,40.0,0
Loundoungou,BIO_FP_FH__L2A_20260519T043740_20260531T043807_T_G01_M03_C___T033_F003,2026-05-19,23,58,17.077107429504395,2.3766591548919678,38.64003372192383,0.9999999964715484,8649,0.9829999804496765,29.70017464177245,32.38737,41.086315,42.889957,46.986244,48.925617,39.732258,1.0,39.85923165312419,40.0,41.0,41.0,41.0,41.0,0
Loundoungou,BIO_FP_FH__L2A_20260519T043740_20260531T043807_T_G01_M03_C___T033_F003,2026-05-19,23,59,17.077940940856934,2.3766591548919678,38.032833099365234,1.0,8649,1.0995999574661255,29.417619348606053,32.14441,41.33803,43.029114,45.298603,47.60228,39.04846,1.0,39.47259695216512,40.0,40.0,40.554542541503906,41.0,41.0,0
Loundoungou,BIO_FP_FH__L2A_20260519T043740_20260531T043807_T_G01_M03_C___T033_F003,2026-05-19,23,60,17.078774452209473,2.3766591548919678,36.60503387451172,0.9999999982357742,8649,1.1064000129699707,34.957547876991256,36.397816,43.40838,44.542156,45.864574,47.185028,42.573715,1.0,38.29348095106464,38.0,40.0,40.0,40.0,40.0,0
Loundoungou,BIO_FP_FH__L2A_20260519T043740_20260531T043807_T_G01_M03_C___T033_F003,2026-05-19,23,61,17.07960796356201,2.3766591548919678,37.06874084472656,1.0000000061747905,8649,1.095470905303955,31.730036248180294,34.736977,41.04669,42.307014,45.370018,47.759727,40.11843,1.0,36.41205464209941,36.0,37.0,37.0,38.0,38.0,0
Loundoungou,BIO_FP_FH__L2A_20260519T043740_20260531T043807_T_G01_M03_C___T033_F003,2026-05-19,23,62,17.08044147491455,2.3766591548919678,38.60274124145508,0.9999999961407561,8649,1.0700708627700806,25.73837453044547,27.942286,36.840237,39.889683,43.8298,46.000454,35.071854,1.0,36.82771722037388,37.0,37.0,38.0,38.0,38.0,0
Loundoungou,BIO_FP_FH__L2A_20260519T043740_20260531T043807_T_G01_M03_C___T033_F003,2026-05-19,24,19,17.04460048675537,2.3758256435394287,38.300086975097656,0.9999999964715484,8649,1.1363999843597412,33.22906050695078,34.741234,46.353313,49.288258,51.257824,52.97232,43.974564,1.0,34.80550614289844,35.0,36.0,36.0,36.0,36.0,0
Loundoungou,BIO_FP_FH__L2A_20260519T043740_20260531T043807_T_G01_M03_C___T033_F003,2026-05-19,24,20,17.04543399810791,2.3758256435394287,37.60608673095703,0.999999991178871,8649,0.9038000106811523,26.26647468525854,27.620369,43.282608,44.628376,45.851624,46.961346,41.344074,1.0,35.734368462661244,36.0,36.0,36.0,37.0,37.0,0
Loundoungou,BIO_FP_FH__L2A_20260519T043740_20260531T043807_T_G01_M03_C___T033_F003,2026-05-19,24,21,17.04626750946045,2.3758256435394287,37.01463317871094,1.0000000017642259,8649,0.36980000138282776,23.371723890227646,24.691303,36.532238,39.160038,43.105797,45.96275,34.65067,1.0,35.51419877956363,36.0,36.0,36.0,37.0,37.0,0
Loundoungou,BIO_FP_FH__L2A_20260519T043740_20260531T043807_T_G01_M03_C___T033_F003,2026-05-19,24,22,17.04710102081299,2.3758256435394287,37.50963592529297,1.0,8649,0.44440001249313354,27.56933988936582,28.038206,43.3835,45.76562,49.62335,51.34518,41.50242,1.0,38.33420371105112,38.0,40.0,40.0,40.0,41.0,0
Loundoungou,BIO_FP_FH__L2A_20260519T043740_20260531T043807_T_G01_M03_C___T033_F003,2026-05-19,24,23,17.047934532165527,2.3758256435394287,39.68683624267578,1.0000000070569033,8649,1.111199975013733,28.17613976766995,31.017902,40.609257,42.331043,45.905323,48.852,38.374275,1.0,38.679615863610834,38.329280853271484,40.0,40.0,41.0,41.0,0
Loundoungou,BIO_FP_FH__L2A_20260519T043740_20260531T043807_T_G01_M03_C___T033_F003,2026-05-19,24,24,17.048768043518066,2.3758256435394287,40.444034576416016,1.0000000035284515,8649,1.085800051689148,31.72011700783083,34.52162,43.08943,44.526665,46.242092,47.54029,42.125904,1.0,37.03807126619813,37.0,38.0,38.0,38.0,38.180653,0
Loundoungou,BIO_FP_FH__L2A_20260519T043740_20260531T043807_T_G01_M03_C___T033_F003,2026-05-19,24,25,17.049601554870605,2.3758256435394287,39.351036071777344,1.0,8649,1.0770000219345093,30.579442890796624,33.060635,41.115543,42.394325,44.314434,46.069294,39.487564,1.0,35.64997952289561,36.0,37.0,37.0,37.0,37.0,0
Loundoungou,BIO_FP_FH__L2A_20260519T043740_20260531T043807_T_G01_M03_C___T033_F003,2026-05-19,24,26,17.050435066223145,2.3758256435394287,38.0068359375,1.0,8649,1.0859999656677246,26.19348515724361,30.068617,39.422382,40.832527,43.388226,44.84555,38.210358,1.0,37.53405816101011,38.0,38.0,39.0,39.0,39.0,0
Loundoungou,BIO_FP_FH__L2A_20260519T043740_20260531T043807_T_G01_M03_C___T033_F003,2026-05-19,24,27,17.051268577575684,2.3758256435394287,38.518035888671875,1.0,8649,1.0657999515533447,28.992097849101054,31.860128,41.05409,42.37043,43.757954,45.787975,39.698803,1.0,39.10455115321937,39.0,40.0,40.0,40.0,40.0,0
Loundoungou,BIO_FP_FH__L2A_20260519T043740_20260531T043807_T_G01_M03_C___T033_F003,2026-05-19,24,28,17.052102088928223,2.3758256435394287,38.95103454589844,1.0,8649,1.0285999774932861,29.985651113929357,33.547337,38.422794,39.53952,41.56703,44.01201,37.512646,1.0,39.05184965148001,39.0,40.0,40.0,40.0,40.0,0
Loundoungou,BIO_FP_FH__L2A_20260519T043740_20260531T043807_T_G01_M03_C___T033_F003,2026-05-19,24,29,17.05293560028076,2.3758256435394287,39.20505142211914,0.9913641710972728,8603,1.030400037765503,27.36762696553141,29.173336,41.45188,43.248024,45.22985,46.7388,39.60102,1.0,37.63489033591749,38.0,39.0,39.0,39.0,39.0,0
Loundoungou,BIO_FP_FH__L2A_20260519T043740_20260531T043807_T_G01_M03_C___T033_F003,2026-05-19,24,30,17.0537691116333,2.3758256435394287,39.04344940185547,1.0000000141138066,8649,1.0166000127792358,31.763150457875163,35.533955,41.405975,42.856346,44.465393,47.329193,40.32325,1.0,35.215526322351465,35.0,36.0,36.0,36.0,37.0,0
Loundoungou,BIO_FP_FH__L2A_20260519T043740_20260531T043807_T_G01_M03_C___T033_F003,2026-05-19,24,31,17.05460262298584,2.3758256435394287,37.75825119018555,1.0,8649,0.8040000200271606,36.95459125513065,38.411438,42.383488,43.38181,44.93658,46.722416,41.546665,1.0,33.01399354342574,33.0,35.0,36.0,36.0,36.0,0
Loundoungou,BIO_FP_FH__L2A_20260519T043740_20260531T043807_T_G01_M03_C___T033_F003,2026-05-19,24,32,17.05543613433838,2.3758256435394287,35.43564987182617,1.0,8649,0.4075999855995178,34.24621095104926,34.710735,39.02179,40.132618,42.632717,43.933228,38.462845,1.0,30.684648639274506,31.0,32.0,32.0,32.0,32.0,0
Loundoungou,BIO_FP_FH__L2A_20260519T043740_20260531T043807_T_G01_M03_C___T033_F003,2026-05-19,24,33,17.056269645690918,2.3758256435394287,33.299652099609375,1.0,8649,0.03240000084042549,31.3481349903168,32.309227,37.513363,39.197453,42.41671,45.837296,36.507797,1.0,30.797237392270727,30.0,33.0,33.0,34.0,34.0,0
Loundoungou,BIO_FP_FH__L2A_20260519T043740_20260531T043807_T_G01_M03_C___T033_F003,2026-05-19,24,34,17.057103157043457,2.3758256435394287,34.3608512878418,1.0,8649,0.0,33.119159368135044,34.731724,39.07109,39.768845,41.18003,42.997192,38.665104,1.0,34.17166696183047,34.0,36.0,36.0,36.0,36.0,0
Loundoungou,BIO_FP_FH__L2A_20260519T043740_20260531T043807_T_G01_M03_C___T033_F003,2026-05-19,24,35,17.057936668395996,2.3758256435394287,36.91645050048828,1.0,8649,0.0,25.543570788530467,26.867197,35.361313,36.992702,39.26589,42.7329,34.233997,1.0,35.43613158971509,35.0,36.0,36.0,36.0,36.0,0
Loundoungou,BIO_FP_FH__L2A_20260519T043740_20260531T043807_T_G01_M03_C___T033_F003,2026-05-19,24,36,17.058770179748535,2.3758256435394287,39.42805099487305,1.0,8649,0.28299999237060547,31.25845608957683,33.60704,39.847015,41.14051,43.43762,44.807842,39.0948,1.0,36.161886643696306,36.0,37.0,37.0,38.0,38.0,0
Loundoungou,BIO_FP_FH__L2A_20260519T043740_20260531T043807_T_G01_M03_C___T033_F003,2026-05-19,24,37,17.059603691101074,2.3758256435394287,41.89674377441406,1.0,8649,0.15919999778270721,28.995457838333913,31.474922,38.96124,40.156754,42.207497,43.53656,38.105698,1.0,36.64695619822844,37.0,37.0,38.0,38.0,38.0,0
Loundoungou,BIO_FP_FH__L2A_20260519T043740_20260531T043807_T_G01_M03_C___T033_F003,2026-05-19,24,38,17.060437202453613,2.3758256435394287,42.923744201660156,1.0,8649,0.5722000002861023,34.951490959937566,36.098457,42.44763,43.748905,45.794266,48.643375,41.37434,1.0,36.32208375845883,36.0,37.0,37.0,37.0,37.0,0
Loundoungou,BIO_FP_FH__L2A_20260519T043740_20260531T043807_T_G01_M03_C___T033_F003,2026-05-19,24,39,17.061270713806152,2.3758256435394287,43.50254440307617,1.0,8649,1.0501999855041504,33.74110039816742,35.760574,40.84767,41.84574,43.65652,46.649437,40.149975,1.0,36.80318701094955,37.0,38.0,38.0,38.0,38.0,0
Loundoungou,BIO_FP_FH__L2A_20260519T043740_20260531T043807_T_G01_M03_C___T033_F003,2026-05-19,24,40,17.06210422515869,2.3758256435394287,42.461143493652344,1.000000056455226,8649,1.0307999849319458,35.00380852578872,36.535408,41.706898,42.64385,44.1545,48.564507,40.783825,1.0,36.32619298043341,36.0,38.0,38.0,39.0,39.0,0
Loundoungou,BIO_FP_FH__L2A_20260519T043740_20260531T043807_T_G01_M03_C___T033_F003,2026-05-19,24,41,17.06293773651123,2.3758256435394287,41.70354461669922,1.0,8649,1.0113999843597412,32.81334547346514,35.325897,41.08314,42.188614,43.78843,46.137436,40.404278,1.0,36.56855654267166,37.0,37.0,38.0,38.0,38.0,0
Loundoungou,BIO_FP_FH__L2A_20260519T043740_20260531T043807_T_G01_M03_C___T033_F003,2026-05-19,24,42,17.06377124786377,2.3758256435394287,41.47734451293945,0.999999943544774,8649,1.010200023651123,31.68161147612867,35.102764,41.65454,43.58049,46.67845,48.495674,39.638172,1.0,37.526066468153154,37.670719146728516,39.0,39.0,39.0,39.0,0
Loundoungou,BIO_FP_FH__L2A_20260519T043740_20260531T043807_T_G01_M03_C___T033_F003,2026-05-19,24,43,17.06460475921631,2.3758256435394287,41.19114303588867,0.999999971772387,8649,1.010200023651123,34.82441800376404,37.410458,41.874245,42.948578,44.952106,46.734528,41.011414,1.0,38.06784741210585,38.0,38.0,39.0,39.0,39.0,0
Loundoungou,BIO_FP_FH__L2A_20260519T043740_20260531T043807_T_G01_M03_C___T033_F003,2026-05-19,24,44,17.065438270568848,2.3758256435394287,39.890342712402344,1.0,8649,1.0484000444412231,30.041492332928662,35.72223,41.539356,42.610065,44.83921,47.143475,40.689785,1.0,36.580441550665995,36.0,38.0,38.0,39.0,39.0,0
Loundoungou,BIO_FP_FH__L2A_20260519T043740_20260531T043807_T_G01_M03_C___T033_F003,2026-05-19,24,45,17.066271781921387,2.3758256435394287,38.99013900756836,1.0,8649,1.0870411396026611,24.08769528991791,27.039333,35.646915,36.569054,40.2831,43.332066,33.792244,1.0,36.545735657235795,37.0,38.0,38.0,38.0,38.180653,0
Loundoungou,BIO_FP_FH__L2A_20260519T043740_20260531T043807_T_G01_M03_C___T033_F003,2026-05-19,24,46,17.067105293273926,2.3758256435394287,38.67173767089844,1.0,8649,0.8940411806106567,29.583235327060933,30.618046,39.800236,42.93381,49.897575,52.188637,38.379906,1.0,37.368554417308815,38.0,38.0,39.0,39.0,39.0,0
Loundoungou,BIO_FP_FH__L2A_20260519T043740_20260531T043807_T_G01_M03_C___T033_F003,2026-05-19,24,47,17.067938804626465,2.3758256435394287,39.741336822509766,1.0,8649,1.0108411312103271,31.949381341050987,34.683823,41.147907,43.46409,46.051785,52.266293,40.459953,1.0,37.24504340051957,37.0,38.0,38.72555160522461,39.0,39.0,0
Loundoungou,BIO_FP_FH__L2A_20260519T043740_20260531T043807_T_G01_M03_C___T033_F003,2026-05-19,24,48,17.068772315979004,2.3758256435394287,40.432735443115234,1.0,8649,1.0988411903381348,26.019839269713263,26.810423,39.33859,41.251804,44.426064,46.034367,36.888424,1.0,36.809579788156846,37.0,38.0,38.0,38.0,38.0,0
Loundoungou,BIO_FP_FH__L2A_20260519T043740_20260531T043807_T_G01_M03_C___T033_F003,2026-05-19,24,49,17.069605827331543,2.3758256435394287,40.22933578491211,1.0,8649,1.0988411903381348,33.91846600763094,35.41967,42.60942,45.000072,46.382668,47.2327,41.848503,1.0,37.00449936331207,37.0,37.0,38.0,38.0,38.0,0
Loundoungou,BIO_FP_FH__L2A_20260519T043740_20260531T043807_T_G01_M03_C___T033_F003,2026-05-19,24,50,17.070439338684082,2.3758256435394287,40.52873611450195,1.0,8649,1.0892411470413208,31.29113418097468,34.38685,40.99197,42.64379,44.551777,45.902847,40.247814,1.0,37.40585039403207,37.0,38.0,38.0,38.0,38.0,0
Loundoungou,BIO_FP_FH__L2A_20260519T043740_20260531T043807_T_G01_M03_C___T033_F003,2026-05-19,24,51,17.07127285003662,2.3758256435394287,40.36113739013672,1.0,8649,1.0838412046432495,30.622930577234364,32.541286,41.410385,43.292282,45.260548,46.88597,40.440247,1.0,37.85293148012985,38.0,39.0,39.0,39.0,39.0,0
Loundoungou,BIO_FP_FH__L2A_20260519T043740_20260531T043807_T_G01_M03_C___T033_F003,2026-05-19,24,52,17.07210636138916,2.3758256435394287,39.96413803100586,1.0,8649,1.0790411233901978,32.806095719158286,35.239418,40.38314,41.46162,43.558395,49.079685,39.475456,1.0,36.7346532378173,37.0,38.0,38.0,38.0,38.0,0
Loundoungou,BIO_FP_FH__L2A_20260519T043740_20260531T043807_T_G01_M03_C___T033_F003,2026-05-19,24,53,17.0729398727417,2.3758256435394287,38.668434143066406,0.9999999858861935,8649,1.0981999635696411,33.298634388992916,34.77509,41.71713,43.275806,48.59843,50.337486,40.514984,1.0,36.64028857448691,36.0,38.0,38.0,39.0,39.0,0
Loundoungou,BIO_FP_FH__L2A_20260519T043740_20260531T043807_T_G01_M03_C___T033_F003,2026-05-19,24,54,17.07377338409424,2.3758256435394287,37.59843444824219,1.0000000141138066,8649,0.7730000019073486,32.81924593630702,33.877956,39.979267,41.416416,43.73242,46.38667,39.218815,1.0,36.72593416700695,37.0,38.0,38.0,38.0,38.0,0
Loundoungou,BIO_FP_FH__L2A_20260519T043740_20260531T043807_T_G01_M03_C___T033_F003,2026-05-19,24,55,17.074606895446777,2.3758256435394287,37.65723419189453,1.0,8649,0.8452000021934509,32.747986354997686,34.640293,41.129738,42.62304,45.35554,46.77734,40.46058,1.0,37.10361735731732,37.0,39.0,39.0,39.0,39.0,0
Loundoungou,BIO_FP_FH__L2A_20260519T043740_20260531T043807_T_G01_M03_C___T033_F003,2026-05-19,24,56,17.075440406799316,2.3758256435394287,37.80043411254883,1.0,8649,0.9524000287055969,34.057420610402936,35.94651,41.92395,44.574413,49.145752,51.577087,40.539497,1.0,38.74394320724934,39.0,40.0,40.0,40.0,40.0,0
Loundoungou,BIO_FP_FH__L2A_20260519T043740_20260531T043807_T_G01_M03_C___T033_F003,2026-05-19,24,57,17.076273918151855,2.3758256435394287,38.42283248901367,1.0,8649,1.0717999935150146,28.735147872044458,33.00603,41.314598,42.47737,44.017895,46.364513,39.24779,1.0,39.02718372016383,39.0,40.0,40.0,40.0,40.0,0
Loundoungou,BIO_FP_FH__L2A_20260519T043740_20260531T043807_T_G01_M03_C___T033_F003,2026-05-19,24,58,17.077107429504395,2.3758256435394287,39.26283264160156,1.0000000105853548,8649,1.094599962234497,23.753636594220676,25.342096,40.20789,42.47675,44.888084,46.793713,37.956284,1.0,39.08659247236178,39.0,40.0,40.0,40.6406364440918,41.0,0
Loundoungou,BIO_FP_FH__L2A_20260519T043740_20260531T043807_T_G01_M03_C___T033_F003,2026-05-19,24,59,17.077940940856934,2.3758256435394287,38.32943344116211,1.0000000035284515,8649,1.1067999601364136,30.804704666606256,31.89248,39.997284,41.336327,43.4519,45.514194,38.545082,1.0,38.452917407518015,39.0,39.06447219848633,40.0,40.0,40.0,0
Loundoungou,BIO_FP_FH__L2A_20260519T043740_20260531T043807_T_G01_M03_C___T033_F003,2026-05-19,24,60,17.078774452209473,2.3758256435394287,36.606834411621094,1.0,8649,1.1145999431610107,28.734767476731413,31.243507,38.61422,39.744965,41.336895,44.871704,37.272106,1.0,37.522516693210505,37.0,39.0,39.0,39.0,39.0,0
Loundoungou,BIO_FP_FH__L2A_20260519T043740_20260531T043807_T_G01_M03_C___T033_F003,2026-05-19,24,61,17.07960796356201,2.3758256435394287,36.383941650390625,1.0,8649,1.109070897102356,26.381072606388745,28.703074,36.8869,38.457943,41.89024,46.968967,35.064987,1.0,35.49045375736204,36.0,37.0,37.0,37.0,37.0,0
Loundoungou,BIO_FP_FH__L2A_20260519T043740_20260531T043807_T_G01_M03_C___T033_F003,2026-05-19,24,62,17.08044147491455,2.3758256435394287,37.694541931152344,1.0000000008821128,8649,0.9966709017753601,25.224403968636903,26.596863,37.89318,42.158974,44.82229,46.60132,35.213055,1.0,36.06094953638651,36.0,38.124061584472656,39.0,39.0,39.0,0
Loundoungou,BIO_FP_FH__L2A_20260519T043740_20260531T043807_T_G01_M03_C___T033_F003,2026-05-19,24,63,17.08127498626709,2.3758256435394287,37.65874099731445,0.9975405493999908,8633,0.399870902299881,27.737726184679776,28.37875,43.350636,47.784256,51.49072,53.030018,38.728683,1.0,38.33443390150155,38.0,40.0,40.0,40.0,40.0,0
Loundoungou,BIO_FP_FH__L2A_20260519T043740_20260531T043807_T_G01_M03_C___T033_F003,2026-05-19,25,18,17.043766975402832,2.3749921321868896,38.7050895690918,1.0000000008821128,8649,0.7580000162124634,25.615804197341788,26.92477,40.012787,42.37514,46.610046,48.422623,37.32892,1.0,37.77901770831781,38.0,39.0,39.0,39.0,39.200516,0
Loundoungou,BIO_FP_FH__L2A_20260519T043740_20260531T043807_T_G01_M03_C___T033_F003,2026-05-19,25,19,17.04460048675537,2.3749921321868896,37.9744873046875,1.0000000070569033,8649,0.7139999866485596,25.562553847258847,26.292814,40.726997,42.00782,45.9181,48.20407,39.504925,1.0,37.31318100307261,37.35606002807617,39.0,39.0,39.0,39.0,0
Loundoungou,BIO_FP_FH__L2A_20260519T043740_20260531T043807_T_G01_M03_C___T033_F003,2026-05-19,25,20,17.04543399810791,2.3749921321868896,38.75328826904297,1.0000000035284515,8649,0.9850000143051147,26.30710216655997,28.454132,39.771572,40.861423,42.51773,44.09508,37.619724,1.0,36.05147507943533,36.0,37.0,37.0,37.3260612487793,38.0,0
Loundoungou,BIO_FP_FH__L2A_20260519T043740_20260531T043807_T_G01_M03_C___T033_F003,2026-05-19,25,21,17.04626750946045,2.3749921321868896,38.460636138916016,1.0,8649,0.7085999846458435,25.8900781746806,28.697443,40.63676,43.172802,45.868244,47.544533,38.594807,1.0,36.10152234180992,36.0,37.0,37.690582275390625,38.0,38.0,0
Loundoungou,BIO_FP_FH__L2A_20260519T043740_20260531T043807_T_G01_M03_C___T033_F003,2026-05-19,25,22,17.04710102081299,2.3749921321868896,38.75603485107422,0.9999999964715484,8649,0.8727999925613403,24.837026383125608,25.225313,39.95155,42.539818,46.068512,49.6496,37.425255,1.0,37.2149897202796,37.0,38.0,38.690582275390625,39.0,39.0,0
Loundoungou,BIO_FP_FH__L2A_20260519T043740_20260531T043807_T_G01_M03_C___T033_F003,2026-05-19,25,23,17.047934532165527,2.3749921321868896,40.4022331237793,0.9999999894146451,8649,1.0928000211715698,25.90665517111228,27.47069,38.492943,40.920753,44.767433,49.168102,36.053837,1.0,38.009708212240405,38.0,39.0,39.0,39.0,39.0,0
Loundoungou,BIO_FP_FH__L2A_20260519T043740_20260531T043807_T_G01_M03_C___T033_F003,2026-05-19,25,24,17.048768043518066,2.3749921321868896,41.65763473510742,1.0,8649,1.0648000240325928,29.945376294405424,33.033844,43.71276,45.666794,48.134747,49.517117,41.376705,1.0,38.139816981931,38.0,39.0,39.0,39.0,39.200516,0
Loundoungou,BIO_FP_FH__L2A_20260519T043740_20260531T043807_T_G01_M03_C___T033_F003,2026-05-19,25,25,17.049601554870605,2.3749921321868896,39.85503387451172,1.0,8649,1.080199956893921,29.116261973024336,32.24076,40.13338,41.519485,43.258728,45.187134,39.19783,1.0,36.94450651917076,37.0,38.0,38.0,38.0,38.0,0
Loundoungou,BIO_FP_FH__L2A_20260519T043740_20260531T043807_T_G01_M03_C___T033_F003,2026-05-19,25,26,17.050435066223145,2.3749921321868896,38.30503463745117,1.0,8649,1.0936000347137451,29.443766530090183,31.605303,41.490368,43.1135,44.93907,46.108315,39.62552,1.0,37.41070558625379,37.99496841430664,38.69923706054687,39.0,39.0,39.0,0
Loundoungou,BIO_FP_FH__L2A_20260519T043740_20260531T043807_T_G01_M03_C___T033_F003,2026-05-19,25,27,17.051268577575684,2.3749921321868896,38.75323486328125,1.0,8649,1.0776000022888184,23.899994083492313,26.23049,39.254425,41.086666,42.85022,46.654247,36.585865,1.0,37.37011735289617,37.0,39.0,39.0,39.0,39.0,0
Loundoungou,BIO_FP_FH__L2A_20260519T043740_20260531T043807_T_G01_M03_C___T033_F003,2026-05-19,25,28,17.052102088928223,2.3749921321868896,39.681034088134766,0.9999999858861935,8649,1.0476000308990479,31.22736663733488,33.85814,40.95771,42.26163,45.193756,47.47782,39.069504,1.0,37.04756932077221,37.309417724609375,38.0,38.0,38.0,38.0,0
Loundoungou,BIO_FP_FH__L2A_20260519T043740_20260531T043807_T_G01_M03_C___T033_F003,2026-05-19,25,29,17.05293560028076,2.3749921321868896,39.42485046386719,1.0000000070569033,8649,1.0257999897003174,28.551037581065206,30.646276,37.22932,38.791523,45.36854,49.109356,36.175434,1.0,36.36072844479839,36.817325592041016,37.0,38.0,38.0,38.0,0
Loundoungou,BIO_FP_FH__L2A_20260519T043740_20260531T043807_T_G01_M03_C___T033_F003,2026-05-19,25,30,17.0537691116333,2.3749921321868896,38.25685119628906,1.0,8649,1.0197999477386475,34.082024475372876,35.39352,40.220013,41.273373,43.698025,46.094738,39.33089,1.0,35.34205356985589,35.0,36.0,36.0,37.0,37.0,0
Loundoungou,BIO_FP_FH__L2A_20260519T043740_20260531T043807_T_G01_M03_C___T033_F003,2026-05-19,25,31,17.05460262298584,2.3749921321868896,37.465450286865234,1.0,8649,0.894599974155426,33.492596235836515,36.27737,41.296967,42.209408,43.718353,45.56608,40.545357,1.0,33.98472376980111,34.0,36.0,36.0,36.0,36.0,0
Loundoungou,BIO_FP_FH__L2A_20260519T043740_20260531T043807_T_G01_M03_C___T033_F003,2026-05-19,25,32,17.05543613433838,2.3749921321868896,35.28784942626953,1.0,8649,0.5145999789237976,32.90158454012025,33.97188,37.664566,38.39609,39.582226,41.879265,37.189693,1.0,30.882080384659236,31.0,32.0,33.0,33.0,33.0,0
Loundoungou,BIO_FP_FH__L2A_20260519T043740_20260531T043807_T_G01_M03_C___T033_F003,2026-05-19,25,33,17.056269645690918,2.3749921321868896,33.18645095825195,1.0,8649,0.14319999516010284,31.881271949791884,32.845287,36.75081,37.71159,38.886826,40.339787,35.962433,1.0,29.764638384720786,30.0,31.0,31.0,32.0,32.0,0
Loundoungou,BIO_FP_FH__L2A_20260519T043740_20260531T043807_T_G01_M03_C___T033_F003,2026-05-19,25,34,17.057103157043457,2.3749921321868896,34.0046501159668,1.0,8649,0.0,31.74828782590473,32.33957,38.4273,39.496887,42.237583,44.240814,37.49897,1.0,33.149906364641154,33.0,35.0,35.0,35.0,35.0,0
Loundoungou,BIO_FP_FH__L2A_20260519T043740_20260531T043807_T_G01_M03_C___T033_F003,2026-05-19,25,35,17.057936668395996,2.3749921321868896,36.91385269165039,1.0,8649,0.0,27.984040785061858,30.226295,36.887447,38.73905,41.93796,43.91993,35.965984,1.0,35.52388254360376,36.0,36.0,36.690582275390625,37.0,37.0,0
Loundoungou,BIO_FP_FH__L2A_20260519T043740_20260531T043807_T_G01_M03_C___T033_F003,2026-05-19,25,36,17.058770179748535,2.3749921321868896,38.8072509765625,1.0,8649,0.0,32.1418331418372,33.163204,38.919315,40.41915,42.887802,46.65698,38.2131,1.0,36.37935450978742,36.0,37.0,37.0,38.0,38.0,0
Loundoungou,BIO_FP_FH__L2A_20260519T043740_20260531T043807_T_G01_M03_C___T033_F003,2026-05-19,25,37,17.059603691101074,2.3749921321868896,41.17854309082031,1.0,8649,0.0,31.339991436871315,33.109985,40.513367,41.763763,44.743633,46.973854,39.372425,1.0,36.487784466945804,36.0,37.0,37.0,38.0,38.0,0
Loundoungou,BIO_FP_FH__L2A_20260519T043740_20260531T043807_T_G01_M03_C___T033_F003,2026-05-19,25,38,17.060437202453613,2.3749921321868896,42.34074401855469,1.0,8649,0.446399986743927,32.92968433850734,35.35464,40.847336,42.178745,44.31699,47.549427,39.68508,1.0,37.346705039866,37.73345184326172,38.0,38.0,38.0,38.0,0
Loundoungou,BIO_FP_FH__L2A_20260519T043740_20260531T043807_T_G01_M03_C___T033_F003,2026-05-19,25,39,17.061270713806152,2.3749921321868896,42.92814254760742,0.999999943544774,8649,0.9778000116348267,35.537054700205516,37.748066,42.166077,43.295982,45.394054,47.541367,41.26935,1.0,35.22968912935075,35.0,36.0,37.0,37.0,37.0,0
Loundoungou,BIO_FP_FH__L2A_20260519T043740_20260531T043807_T_G01_M03_C___T033_F003,2026-05-19,25,40,17.06210422515869,2.3749921321868896,42.1777458190918,1.0,8649,1.0360000133514404,35.822405408139666,36.74767,41.329536,42.936115,45.460266,46.606594,40.944454,1.0,34.53924602579555,34.0,36.0,36.0,36.0,36.0,0
Loundoungou,BIO_FP_FH__L2A_20260519T043740_20260531T043807_T_G01_M03_C___T033_F003,2026-05-19,25,41,17.06293773651123,2.3749921321868896,41.7767448425293,1.0,8649,1.0166000127792358,36.157618023037344,37.837925,41.622772,42.446888,44.313126,45.822662,41.030445,1.0,34.41945802695435,34.0,36.0,36.0,36.0,36.0,0
Loundoungou,BIO_FP_FH__L2A_20260519T043740_20260531T043807_T_G01_M03_C___T033_F003,2026-05-19,25,42,17.06377124786377,2.3749921321868896,41.464542388916016,1.0,8649,1.010200023651123,30.09491794571627,32.7764,39.974464,41.70219,43.86201,46.326153,38.72477,1.0,36.81482667511688,37.0,39.0,39.0,39.0,39.0,0
Loundoungou,BIO_FP_FH__L2A_20260519T043740_20260531T043807_T_G01_M03_C___T033_F003,2026-05-19,25,43,17.06460475921631,2.3749921321868896,41.13954544067383,1.000000028227613,8649,1.010200023651123,34.46431751773153,35.753475,42.365467,43.895138,45.852886,47.87746,41.490597,1.0,36.99172403787875,37.0,39.0,39.0,39.0,39.0,0
Loundoungou,BIO_FP_FH__L2A_20260519T043740_20260531T043807_T_G01_M03_C___T033_F003,2026-05-19,25,44,17.065438270568848,2.3749921321868896,40.635345458984375,1.0000000141138066,8649,1.0277999639511108,36.71174496905259,36.94085,41.841396,43.789776,46.094177,50.03835,40.55297,1.0,35.88521267629273,36.0,37.0,37.0,38.0,38.0,0
Loundoungou,BIO_FP_FH__L2A_20260519T043740_20260531T043807_T_G01_M03_C___T033_F003,2026-05-19,25,45,17.066271781921387,2.3749921321868896,39.80453872680664,1.0,8649,1.0672411918640137,33.44553380448607,37.805786,42.775574,43.61501,45.07697,46.677513,42.029358,1.0,36.46898193438765,36.0,37.0,38.0,39.0,39.0,0
Loundoungou,BIO_FP_FH__L2A_20260519T043740_20260531T043807_T_G01_M03_C___T033_F003,2026-05-19,25,46,17.067105293273926,2.3749921321868896,39.14673614501953,1.0,8649,1.0988411903381348,25.473976399005664,29.617289,39.52407,40.90902,43.06105,45.213158,37.851707,1.0,37.73436226537702,38.0,39.0,39.0,39.0,39.0,0
Loundoungou,BIO_FP_FH__L2A_20260519T043740_20260531T043807_T_G01_M03_C___T033_F003,2026-05-19,25,47,17.067938804626465,2.3749921321868896,39.43473815917969,1.0,8649,1.0988411903381348,32.44552928806799,33.381683,42.262356,44.419064,46.852467,48.086662,40.349953,1.0,36.68281926280681,37.0,37.0,38.0,38.0,38.0,0
Loundoungou,BIO_FP_FH__L2A_20260519T043740_20260531T043807_T_G01_M03_C___T033_F003,2026-05-19,25,48,17.068772315979004,2.3749921321868896,39.98973846435547,1.0,8649,1.0988411903381348,33.90018174066366,35.414135,41.83177,43.013664,44.950943,48.468067,40.952995,1.0,34.57022802159061,37.0,38.0,38.0,39.0,39.0,0
Loundoungou,BIO_FP_FH__L2A_20260519T043740_20260531T043807_T_G01_M03_C___T033_F003,2026-05-19,25,49,17.069605827331543,2.3749921321868896,40.1291389465332,1.0,8649,1.0910412073135376,33.21733952263268,34.347637,42.235207,43.64547,45.38797,46.64788,41.316475,1.0,38.00550300491409,38.0,39.0,39.0,39.0,39.0,0
Loundoungou,BIO_FP_FH__L2A_20260519T043740_20260531T043807_T_G01_M03_C___T033_F003,2026-05-19,25,50,17.070439338684082,2.3749921321868896,41.080936431884766,1.0,8649,1.0652412176132202,32.148178709243844,32.66961,43.09797,45.38081,47.167377,48.688545,42.132908,1.0,38.06835117664264,38.0,40.0,40.0,40.0,40.0,0
Loundoungou,BIO_FP_FH__L2A_20260519T043740_20260531T043807_T_G01_M03_C___T033_F003,2026-05-19,25,51,17.07127285003662,2.3749921321868896,41.15373611450195,1.0,8649,1.065641164779663,30.608451844143833,32.932785,39.72171,41.024826,43.34176,45.56826,38.94011,1.0,37.54190312938093,38.0,38.0,38.0,39.0,39.0,0
Loundoungou,BIO_FP_FH__L2A_20260519T043740_20260531T043807_T_G01_M03_C___T033_F003,2026-05-19,25,52,17.07210636138916,2.3749921321868896,41.20733642578125,1.0,8649,1.0654411315917969,33.868763729910974,35.262302,48.194996,51.29661,54.200127,55.955574,44.944336,1.0,36.752134946994474,37.0,37.0,37.0,37.0,37.0,0
Loundoungou,BIO_FP_FH__L2A_20260519T043740_20260531T043807_T_G01_M03_C___T033_F003,2026-05-19,25,53,17.0729398727417,2.3749921321868896,39.79763412475586,1.0,8649,1.0853999853134155,35.55688676978552,37.934956,42.641098,43.924187,46.827614,50.493824,41.53385,1.0,36.710520395117285,37.0,37.0,37.0,38.0,38.0,0
Loundoungou,BIO_FP_FH__L2A_20260519T043740_20260531T043807_T_G01_M03_C___T033_F003,2026-05-19,25,54,17.07377338409424,2.3749921321868896,38.17603302001953,1.0000000211707099,8649,1.1088000535964966,33.29811992316246,37.293915,41.216434,42.05127,43.080574,44.305733,40.346043,1.0,36.211974011334206,36.0,37.0,37.0,37.0,37.0,0
Loundoungou,BIO_FP_FH__L2A_20260519T043740_20260531T043807_T_G01_M03_C___T033_F003,2026-05-19,25,55,17.074606895446777,2.3749921321868896,38.17523193359375,1.0,8649,1.097000002861023,30.688764145421437,33.140705,39.859375,41.2096,46.439384,50.609383,39.146717,1.0,36.768104544842586,37.0,38.0,38.0,38.0,38.0,0
Loundoungou,BIO_FP_FH__L2A_20260519T043740_20260531T043807_T_G01_M03_C___T033_F003,2026-05-19,25,56,17.075440406799316,2.3749921321868896,38.167633056640625,1.0,8649,1.083799958229065,34.569366084590705,36.168114,41.70138,43.26591,45.39945,49.388428,40.41663,1.0,37.51188161185965,38.0,39.0,39.0,39.0,39.0,0
Loundoungou,BIO_FP_FH__L2A_20260519T043740_20260531T043807_T_G01_M03_C___T033_F003,2026-05-19,25,57,17.076273918151855,2.3749921321868896,38.36003112792969,1.0,8649,1.0786000490188599,32.21053079655162,33.458973,40.12053,41.796352,45.031395,47.16291,37.860477,1.0,37.92182633383093,38.0,39.0,39.0,39.0,39.0,0
Loundoungou,BIO_FP_FH__L2A_20260519T043740_20260531T043807_T_G01_M03_C___T033_F003,2026-05-19,25,58,17.077107429504395,2.3749921321868896,38.55463409423828,1.0,8649,1.093999981880188,25.241151433691755,28.440594,37.37206,38.72235,40.54049,42.246796,36.18745,1.0,38.37647373985867,38.0,39.0,39.0,40.0,40.0,0
Loundoungou,BIO_FP_FH__L2A_20260519T043740_20260531T043807_T_G01_M03_C___T033_F003,2026-05-19,25,59,17.077940940856934,2.3749921321868896,37.7950325012207,1.0,8649,1.1172000169754028,28.44481095177188,30.695017,37.829605,38.987236,40.45129,42.3909,36.632843,1.0,37.74889902473667,38.0,39.0,39.0,39.0,39.0,0
Loundoungou,BIO_FP_FH__L2A_20260519T043740_20260531T043807_T_G01_M03_C___T033_F003,2026-05-19,25,60,17.078774452209473,2.3749921321868896,36.6346321105957,1.0000000105853548,8649,1.121000051498413,27.02063319581017,29.39454,37.447388,38.666542,40.96588,42.75897,36.434647,1.0,37.1828717948357,37.0,38.0,38.0,38.0,38.0,0
Loundoungou,BIO_FP_FH__L2A_20260519T043740_20260531T043807_T_G01_M03_C___T033_F003,2026-05-19,25,61,17.07960796356201,2.3749921321868896,35.80234146118164,1.0,8649,1.122270941734314,27.389094385911665,30.40915,39.074,41.233646,44.76483,46.885754,37.433784,1.0,35.49808808246339,36.0,36.0,37.0,37.51169204711914,38.0,0
Loundoungou,BIO_FP_FH__L2A_20260519T043740_20260531T043807_T_G01_M03_C___T033_F003,2026-05-19,25,62,17.08044147491455,2.3749921321868896,36.03153991699219,0.9999999947073226,8649,0.6432709097862244,25.129409850707663,28.631601,37.308792,38.908848,41.655087,43.51268,35.258152,1.0,35.93480725508368,36.0,37.0,37.0,38.0,38.0,0
Loundoungou,BIO_FP_FH__L2A_20260519T043740_20260531T043807_T_G01_M03_C___T033_F003,2026-05-19,25,63,17.08127498626709,2.3749921321868896,36.45133972167969,0.9999999947073226,8649,0.13807091116905212,27.266595962494048,29.131634,37.590897,39.164043,41.0866,43.141296,35.43959,1.0,37.48484750995334,37.0,38.0,38.0,39.0,39.0,0
Loundoungou,BIO_FP_FH__L2A_20260519T043740_20260531T043807_T_G01_M03_C___T033_F003,2026-05-19,25,64,17.08210849761963,2.3749921321868896,36.8509407043457,0.9969865890689937,8628,0.2474709153175354,21.826688882785888,23.81964,35.89011,38.989624,40.946514,43.41467,31.941944,1.0,35.40915426765236,35.0,37.0,37.0,37.0,37.200516,0
Loundoungou,BIO_FP_FH__L2A_20260519T043740_20260531T043807_T_G01_M03_C___T033_F003,2026-05-19,26,17,17.042933464050293,2.3741586208343506,37.620689392089844,0.9999999918404556,8649,0.0,25.72762271324976,28.044287,41.180836,43.832302,47.430866,48.99198,38.335495,1.0,39.42815224996728,40.0,40.0,40.0,40.0,40.0,0
Loundoungou,BIO_FP_FH__L2A_20260519T043740_20260531T043807_T_G01_M03_C___T033_F003,2026-05-19,26,18,17.043766975402832,2.3741586208343506,38.00408935546875,0.9999999947073226,8649,0.19619999825954437,23.97023354438608,26.21437,40.81188,42.93372,47.196,49.744602,36.52309,1.0,38.50683427956879,39.0,39.0,40.0,40.0,40.0,0
Loundoungou,BIO_FP_FH__L2A_20260519T043740_20260531T043807_T_G01_M03_C___T033_F003,2026-05-19,26,19,17.04460048675537,2.3741586208343506,38.74928665161133,1.0000000017642259,8649,0.576200008392334,25.46059872372553,28.14032,40.709103,42.253242,44.42145,45.916954,38.177486,1.0,38.78208524360176,39.0,40.0,40.0,40.0,40.0,0
Loundoungou,BIO_FP_FH__L2A_20260519T043740_20260531T043807_T_G01_M03_C___T033_F003,2026-05-19,26,20,17.04543399810791,2.3741586208343506,39.83308792114258,1.0,8649,1.0751999616622925,30.380888505896635,33.458054,42.78225,44.364445,46.056873,48.081104,39.562256,1.0,37.18726237951255,37.0,39.0,39.0,39.0,40.0,0
Loundoungou,BIO_FP_FH__L2A_20260519T043740_20260531T043807_T_G01_M03_C___T033_F003,2026-05-19,26,21,17.04626750946045,2.3741586208343506,39.514034271240234,1.0000000035284515,8649,1.0867999792099,30.707392455097093,34.42702,42.382168,44.178764,49.90214,51.867306,40.636402,1.0,35.92545553157338,36.0,37.0,37.0,38.0,38.0,0
Loundoungou,BIO_FP_FH__L2A_20260519T043740_20260531T043807_T_G01_M03_C___T033_F003,2026-05-19,26,22,17.04710102081299,2.3741586208343506,39.23763656616211,1.0,8649,1.0995999574661255,30.859600595083247,32.973274,42.70572,44.443775,47.468197,49.155376,41.82453,1.0,35.45022828940891,36.0,36.0,36.0,36.0,36.0,0
Loundoungou,BIO_FP_FH__L2A_20260519T043740_20260531T043807_T_G01_M03_C___T033_F003,2026-05-19,26,23,17.047934532165527,2.3741586208343506,40.084632873535156,1.0,8649,1.0781999826431274,30.885100065759048,33.017918,41.814735,43.365032,46.139156,52.658604,41.037666,1.0,36.55206846796663,36.54146957397461,37.0,37.647430419921875,38.0,38.0,0
Loundoungou,BIO_FP_FH__L2A_20260519T043740_20260531T043807_T_G01_M03_C___T033_F003,2026-05-19,26,24,17.048768043518066,2.3741586208343506,39.93523406982422,1.0,8649,1.090399980545044,23.029679076880274,23.857302,35.978367,37.069893,40.887146,44.344723,33.22805,1.0,37.7311721904965,38.0,39.0,39.0,40.0,40.0,0
Loundoungou,BIO_FP_FH__L2A_20260519T043740_20260531T043807_T_G01_M03_C___T033_F003,2026-05-19,26,25,17.049601554870605,2.3741586208343506,38.287235260009766,1.0,8649,1.1128000020980835,21.84459547346514,21.535975,37.561127,39.810535,42.8472,44.419666,34.526924,1.0,37.47559004285347,37.008460998535156,38.0,38.0,39.0,39.0,0
Loundoungou,BIO_FP_FH__L2A_20260519T043740_20260531T043807_T_G01_M03_C___T033_F003,2026-05-19,26,26,17.050435066223145,2.3741586208343506,38.345436096191406,1.0,8649,1.1086000204086304,22.689182365735924,23.363558,40.36666,41.58618,43.69417,45.317993,38.90632,1.0,37.41498922973661,37.00503158569336,39.0,39.0,39.0,39.0,0
Loundoungou,BIO_FP_FH__L2A_20260519T043740_20260531T043807_T_G01_M03_C___T033_F003,2026-05-19,26,27,17.051268577575684,2.3741586208343506,38.89363479614258,0.9999999858861935,8649,1.0931999683380127,29.583023247119193,33.455513,42.252277,44.36751,46.085682,47.622654,40.468834,1.0,36.503623831408575,36.0,37.0,37.0,38.0,39.0,0
Loundoungou,BIO_FP_FH__L2A_20260519T043740_20260531T043807_T_G01_M03_C___T033_F003,2026-05-19,26,28,17.052102088928223,2.3741586208343506,40.69343566894531,1.0000000423414195,8649,1.0413999557495117,27.507104967521943,31.346077,38.170673,39.73388,42.86119,45.114407,37.0994,1.0,35.7533002009432,36.0,37.0,37.0,37.0,37.0,0
Loundoungou,BIO_FP_FH__L2A_20260519T043740_20260531T043807_T_G01_M03_C___T033_F003,2026-05-19,26,29,17.05293560028076,2.3741586208343506,41.084049224853516,1.0,8649,1.010200023651123,33.75708716325587,35.27941,46.183247,48.832054,51.26142,52.493122,44.887295,1.0,35.899677714580385,36.0,37.0,37.0,37.0,37.0,0
Loundoungou,BIO_FP_FH__L2A_20260519T043740_20260531T043807_T_G01_M03_C___T033_F003,2026-05-19,26,30,17.0537691116333,2.3741586208343506,39.28485107421875,1.0,8649,1.010200023651123,32.973788064371604,33.765835,40.02482,41.57675,43.387325,45.616188,39.209057,1.0,35.33644492839276,35.0,36.0,36.0,36.0,36.0,0
Loundoungou,BIO_FP_FH__L2A_20260519T043740_20260531T043807_T_G01_M03_C___T033_F003,2026-05-19,26,31,17.05460262298584,2.3741586208343506,37.466651916503906,1.0,8649,0.9869999885559082,30.791933135333565,32.818737,38.174923,39.473988,41.645287,44.981575,37.356434,1.0,34.5435484732792,34.0,36.0,36.0,36.0,36.0,0
Loundoungou,BIO_FP_FH__L2A_20260519T043740_20260531T043807_T_G01_M03_C___T033_F003,2026-05-19,26,32,17.05543613433838,2.3741586208343506,35.46245193481445,1.0,8649,0.6105999946594238,33.11592245129495,34.560467,38.758244,39.69471,41.15586,42.223198,37.95376,1.0,32.48264333319424,32.0,34.0,34.0,34.0,34.0,0
Loundoungou,BIO_FP_FH__L2A_20260519T043740_20260531T043807_T_G01_M03_C___T033_F003,2026-05-19,26,33,17.056269645690918,2.3741586208343506,33.68545150756836,1.0,8649,0.23280000686645508,32.99954022863915,34.815727,38.50813,39.459167,41.26779,43.427452,37.96113,1.0,30.90740903769908,31.0,32.0,32.0,33.0,33.0,0
Loundoungou,BIO_FP_FH__L2A_20260519T043740_20260531T043807_T_G01_M03_C___T033_F003,2026-05-19,26,34,17.057103157043457,2.3741586208343506,34.272850036621094,1.0,8649,0.0,30.587930595300033,31.635183,35.275986,36.06728,37.287712,38.579357,34.77538,1.0,32.65466387586961,33.0,34.0,34.0,34.0,34.0,0
Loundoungou,BIO_FP_FH__L2A_20260519T043740_20260531T043807_T_G01_M03_C___T033_F003,2026-05-19,26,35,17.057936668395996,2.3741586208343506,37.87125015258789,1.0,8649,0.0,30.268315881893862,31.743864,37.367027,38.569252,40.837406,49.884396,36.443737,1.0,34.83040138012633,35.0,36.0,36.0,37.0,37.0,0
Loundoungou,BIO_FP_FH__L2A_20260519T043740_20260531T043807_T_G01_M03_C___T033_F003,2026-05-19,26,36,17.058770179748535,2.3741586208343506,39.824851989746094,1.0,8649,0.0,31.77548479231703,33.95421,39.149635,40.31355,41.799984,43.920803,38.59092,1.0,36.442452106879394,36.48160934448242,37.0,37.0,37.0,37.0,0
Loundoungou,BIO_FP_FH__L2A_20260519T043740_20260531T043807_T_G01_M03_C___T033_F003,2026-05-19,26,37,17.059603691101074,2.3741586208343506,40.569942474365234,1.0,8649,0.0,28.927057138108452,31.286226,38.37682,40.09544,42.45901,46.815804,37.338135,1.0,36.47106241487963,37.0,37.0,37.0,38.0,38.0,0
Loundoungou,BIO_FP_FH__L2A_20260519T043740_20260531T043807_T_G01_M03_C___T033_F003,2026-05-19,26,38,17.060437202453613,2.3741586208343506,41.645145416259766,0.9999999858861935,8649,0.31060001254081726,29.70639259611153,31.879276,39.255066,40.64613,43.053146,45.460033,37.98587,1.0,37.0535342701323,37.0,38.0,38.0,38.0,38.0,0
Loundoungou,BIO_FP_FH__L2A_20260519T043740_20260531T043807_T_G01_M03_C___T033_F003,2026-05-19,26,39,17.061270713806152,2.3741586208343506,42.092742919921875,1.000000056455226,8649,0.8370000123977661,32.551165114420904,34.83472,40.760334,42.141235,44.11018,46.129974,39.78199,1.0,35.936204139532165,36.0,37.0,37.0,37.0,37.0,0
Loundoungou,BIO_FP_FH__L2A_20260519T043740_20260531T043807_T_G01_M03_C___T033_F003,2026-05-19,26,40,17.06210422515869,2.3741586208343506,41.609745025634766,1.0,8649,1.0551999807357788,33.17018540799514,34.625767,39.488365,40.460354,42.489235,45.21556,38.95175,1.0,33.969608102234574,34.0,35.0,36.0,36.02247863769533,37.0,0
Loundoungou,BIO_FP_FH__L2A_20260519T043740_20260531T043807_T_G01_M03_C___T033_F003,2026-05-19,26,41,17.06293773651123,2.3741586208343506,40.7955436706543,1.0,8649,1.0449999570846558,35.87710916724477,38.078457,42.7162,43.772816,45.396915,47.55968,42.099426,1.0,34.11306439665566,34.0,35.0,35.70694351196289,36.0,36.0,0
Loundoungou,BIO_FP_FH__L2A_20260519T043740_20260531T043807_T_G01_M03_C___T033_F003,2026-05-19,26,42,17.06377124786377,2.3741586208343506,41.121543884277344,1.0,8649,1.030400037765503,36.464637349693604,38.496517,42.537117,43.28046,44.454575,47.85126,41.938038,1.0,32.374607489968824,35.0,36.0,36.0,37.0,37.0,0
Loundoungou,BIO_FP_FH__L2A_20260519T043740_20260531T043807_T_G01_M03_C___T033_F003,2026-05-19,26,43,17.06460475921631,2.3741586208343506,40.955142974853516,1.0,8649,1.0326000452041626,34.82605241574171,38.197365,42.44637,43.335373,45.38367,47.841908,41.770447,1.0,33.66104024379209,36.0,36.0,37.0,37.0,37.22038,0
Loundoungou,BIO_FP_FH__L2A_20260519T043740_20260531T043807_T_G01_M03_C___T033_F003,2026-05-19,26,44,17.065438270568848,2.3741586208343506,41.44754409790039,0.9999999576585805,8649,1.0288000106811523,32.96976488020447,35.233433,40.20123,41.271244,42.923397,45.174744,39.51779,1.0,36.021969309293105,36.0,37.0,37.0,37.0,37.22038,0
Loundoungou,BIO_FP_FH__L2A_20260519T043740_20260531T043807_T_G01_M03_C___T033_F003,2026-05-19,26,45,17.066271781921387,2.3741586208343506,40.41173553466797,0.999999971772387,8649,1.0624412298202515,28.08087854947777,29.839062,39.138588,40.81107,43.134964,44.80068,37.477074,1.0,36.46110543533204,37.0,37.0,37.0,38.0,38.0,0
Loundoungou,BIO_FP_FH__L2A_20260519T043740_20260531T043807_T_G01_M03_C___T033_F003,2026-05-19,26,46,17.067105293273926,2.3741586208343506,39.520137786865234,1.0,8649,1.0988411903381348,28.211696709879757,31.045387,39.653698,41.029648,44.11836,46.18065,38.15988,1.0,36.275720279193884,36.0,37.0,37.991539001464844,38.0,38.0,0
Loundoungou,BIO_FP_FH__L2A_20260519T043740_20260531T043807_T_G01_M03_C___T033_F003,2026-05-19,26,47,17.067938804626465,2.3741586208343506,39.54353713989258,1.0,8649,1.0988411903381348,23.067772014828304,21.261202,39.315804,40.757664,44.411144,46.346256,37.345207,1.0,35.976367302086466,36.0,37.0,37.0,37.0,37.0,0
Loundoungou,BIO_FP_FH__L2A_20260519T043740_20260531T043807_T_G01_M03_C___T033_F003,2026-05-19,26,48,17.068772315979004,2.3741586208343506,39.57453918457031,1.0,8649,1.0984411239624023,26.11000233047173,28.452238,38.359657,40.386044,42.535614,43.838608,36.862255,1.0,36.668087361106736,37.0,37.0,38.0,38.0,38.0,0
Loundoungou,BIO_FP_FH__L2A_20260519T043740_20260531T043807_T_G01_M03_C___T033_F003,2026-05-19,26,49,17.069605827331543,2.3741586208343506,40.30733871459961,1.0,8649,1.0790411233901978,27.09379245432998,29.058987,37.07549,39.027584,42.062393,43.63071,35.061157,1.0,37.556920821549014,38.0,38.0,38.0,39.0,39.0,0
Loundoungou,BIO_FP_FH__L2A_20260519T043740_20260531T043807_T_G01_M03_C___T033_F003,2026-05-19,26,50,17.070439338684082,2.3741586208343506,41.1207389831543,1.0,8649,1.0600411891937256,28.42185061134235,30.924719,39.167534,41.261013,43.938213,45.9319,37.742912,1.0,37.26782362496099,37.0,38.0,39.0,39.0,39.0,0
Loundoungou,BIO_FP_FH__L2A_20260519T043740_20260531T043807_T_G01_M03_C___T033_F003,2026-05-19,26,51,17.07127285003662,2.3741586208343506,41.1843376159668,1.0,8649,1.064441204071045,34.110671663631635,35.643284,41.192,42.830414,45.07798,48.468845,40.139893,1.0,37.191727001689905,37.0,38.0,39.0,39.0,39.0,0
Loundoungou,BIO_FP_FH__L2A_20260519T043740_20260531T043807_T_G01_M03_C___T033_F003,2026-05-19,26,52,17.07210636138916,2.3741586208343506,40.71473693847656,1.0,8649,1.07564115524292,35.94675323736848,37.019318,41.773865,42.684937,43.9049,44.984814,41.011993,1.0,36.748393776927024,37.0,37.0,37.0,38.0,38.0,0
Loundoungou,BIO_FP_FH__L2A_20260519T043740_20260531T043807_T_G01_M03_C___T033_F003,2026-05-19,26,53,17.0729398727417,2.3741586208343506,39.29763412475586,1.0,8649,1.0973999500274658,31.274488470487917,34.366306,41.727055,43.424896,45.441933,47.481014,39.953518,1.0,36.27953517339122,36.0,37.0,37.0,37.0,37.22038,0
Loundoungou,BIO_FP_FH__L2A_20260519T043740_20260531T043807_T_G01_M03_C___T033_F003,2026-05-19,26,54,17.07377338409424,2.3741586208343506,38.67243194580078,1.0,8649,1.0981999635696411,34.035960172418775,35.906925,40.85455,42.37898,46.38509,48.830086,39.91912,1.0,36.64340570524588,37.0,37.0,38.0,38.0,38.0,0
Loundoungou,BIO_FP_FH__L2A_20260519T043740_20260531T043807_T_G01_M03_C___T033_F003,2026-05-19,26,55,17.074606895446777,2.3741586208343506,38.593631744384766,0.999999971772387,8649,1.0875999927520752,33.01134210927965,36.012844,42.072273,43.46847,45.799053,47.403564,41.128765,1.0,37.46063464990943,37.008460998535156,38.0,38.0,38.0,38.0,0
Loundoungou,BIO_FP_FH__L2A_20260519T043740_20260531T043807_T_G01_M03_C___T033_F003,2026-05-19,26,56,17.075440406799316,2.3741586208343506,38.289031982421875,1.0,8649,1.0748000144958496,32.13048722214996,34.096725,39.696262,40.78661,43.477783,45.733902,38.596157,1.0,37.12635009850308,37.0,38.0,38.0,38.0,38.0,0
Loundoungou,BIO_FP_FH__L2A_20260519T043740_20260531T043807_T_G01_M03_C___T033_F003,2026-05-19,26,57,17.076273918151855,2.3741586208343506,38.051631927490234,1.0,8649,1.0693999528884888,34.56075101709735,36.50773,41.603962,42.93937,45.1188,48.561966,40.66715,1.0,37.27654117412658,37.0,38.0,38.0,39.0,39.0,0
Loundoungou,BIO_FP_FH__L2A_20260519T043740_20260531T043807_T_G01_M03_C___T033_F003,2026-05-19,26,58,17.077107429504395,2.3741586208343506,37.69923400878906,1.0,8649,1.100000023841858,27.97322915763383,30.33902,39.66763,41.643406,44.744694,47.70694,37.72556,1.0,37.78193758980968,38.0,39.0,39.0,39.0,39.0,0
Loundoungou,BIO_FP_FH__L2A_20260519T043740_20260531T043807_T_G01_M03_C___T033_F003,2026-05-19,26,59,17.077940940856934,2.3741586208343506,37.773033142089844,1.0,8649,1.121399998664856,24.920380291435425,27.615318,36.092484,38.15403,41.69616,48.96864,34.583702,1.0,37.779064941053406,38.0,38.0,38.0,39.0,39.0,0
Loundoungou,BIO_FP_FH__L2A_20260519T043740_20260531T043807_T_G01_M03_C___T033_F003,2026-05-19,26,60,17.078774452209473,2.3741586208343506,37.15443420410156,1.0000000141138066,8649,1.1200000047683716,28.039747019054726,32.044735,41.54723,42.946865,47.063583,51.632923,38.631454,1.0,37.345640812985316,37.319637298583984,38.0,38.0,39.0,39.0,0
Loundoungou,BIO_FP_FH__L2A_20260519T043740_20260531T043807_T_G01_M03_C___T033_F003,2026-05-19,26,61,17.07960796356201,2.3741586208343506,36.43394088745117,1.0,8649,1.1220709085464478,24.89484768154194,28.023188,35.174606,36.423008,39.28233,44.10252,33.7134,1.0,36.3934943527414,36.0,38.0,38.0,38.0,38.0,0
Loundoungou,BIO_FP_FH__L2A_20260519T043740_20260531T043807_T_G01_M03_C___T033_F003,2026-05-19,26,62,17.08044147491455,2.3741586208343506,36.51774215698242,1.0,8649,0.7598708868026733,20.71138248009163,19.851816,37.009766,38.84695,44.543972,46.6367,33.537643,1.0,36.39206858218261,36.0,37.0,37.0,37.0,38.0,0
Loundoungou,BIO_FP_FH__L2A_20260519T043740_20260531T043807_T_G01_M03_C___T033_F003,2026-05-19,26,63,17.08127498626709,2.3741586208343506,36.63334274291992,1.0,8649,0.2474709153175354,29.1266886040384,30.59448,39.378754,41.327415,44.53174,46.25656,37.362354,1.0,36.14834202142213,36.0,37.0,37.0,38.0,38.0,0
Loundoungou,BIO_FP_FH__L2A_20260519T043740_20260531T043807_T_G01_M03_C___T033_F003,2026-05-19,26,64,17.08210849761963,2.3741586208343506,37.00714111328125,1.0000000008821128,8649,0.2734709084033966,26.72886621660343,28.646275,40.393063,46.5964,51.60666,53.257755,38.41134,1.0,35.58980998448215,36.0,36.0,37.0,38.0,38.0,0
Loundoungou,BIO_FP_FH__L2A_20260519T043740_20260531T043807_T_G01_M03_C___T033_F003,2026-05-19,26,65,17.082942008972168,2.3741586208343506,37.74734115600586,0.980947888480513,8489,0.7992709279060364,33.89050571171613,35.840706,45.82317,46.989697,50.430885,52.846695,44.316307,1.0,35.49359586779431,35.0,37.0,37.0,37.0,37.0,0
Loundoungou,BIO_FP_FH__L2A_20260519T043740_20260531T043807_T_G01_M03_C___T033_F003,2026-05-19,27,16,17.042099952697754,2.3733251094818115,36.37483215332031,1.000000001102641,8649,0.0,29.825256314769696,31.36832,39.938786,43.006638,46.527405,48.146313,38.732224,1.0,38.36177732203238,38.46174621582031,39.0,39.0,39.0,39.0,0
Loundoungou,BIO_FP_FH__L2A_20260519T043740_20260531T043807_T_G01_M03_C___T033_F003,2026-05-19,27,17,17.042933464050293,2.3733251094818115,37.61543273925781,0.9999999982357742,8649,0.2393999993801117,26.500030786622617,28.389938,42.701935,44.7232,46.941658,49.53586,40.352997,1.0,38.96496736356903,39.0,40.0,40.0,40.0,40.0,0
Loundoungou,BIO_FP_FH__L2A_20260519T043740_20260531T043807_T_G01_M03_C___T033_F003,2026-05-19,27,18,17.043766975402832,2.3733251094818115,38.55363082885742,1.0000000052926774,8649,0.35740000009536743,25.4028735607576,27.04987,42.266365,44.028397,46.16182,48.01668,40.904255,1.0,38.55315254768039,39.0,39.0,39.0,39.0,39.0,0
Loundoungou,BIO_FP_FH__L2A_20260519T043740_20260531T043807_T_G01_M03_C___T033_F003,2026-05-19,27,19,17.04460048675537,2.3733251094818115,38.85183334350586,1.0,8649,0.4812000095844269,30.931721468883687,34.045254,42.775616,44.092937,45.57226,46.97183,40.884132,1.0,38.12796634546607,38.0,39.0,39.0,39.0,39.0,0
Loundoungou,BIO_FP_FH__L2A_20260519T043740_20260531T043807_T_G01_M03_C___T033_F003,2026-05-19,27,20,17.04543399810791,2.3733251094818115,39.859031677246094,1.0000000246991614,8649,0.995199978351593,31.167840504280083,35.185024,41.729584,43.009007,46.8187,49.531284,40.241657,1.0,37.499741717340875,37.3260612487793,38.0,38.0,39.0,39.0,0
Loundoungou,BIO_FP_FH__L2A_20260519T043740_20260531T043807_T_G01_M03_C___T033_F003,2026-05-19,27,21,17.04626750946045,2.3733251094818115,39.39497375488281,1.0000000141138066,8649,1.0751999616622925,37.7474771606505,39.665283,43.802105,45.167305,49.98576,52.64599,42.99854,1.0,35.714660468549724,36.0,36.09777069091797,37.0,37.0,37.0,0
Loundoungou,BIO_FP_FH__L2A_20260519T043740_20260531T043807_T_G01_M03_C___T033_F003,2026-05-19,27,22,17.04710102081299,2.3733251094818115,38.78257369995117,1.0,8649,1.0786000490188599,28.673776186192047,31.033367,41.73536,43.250904,48.55038,50.8765,40.77488,1.0,35.4009787133559,35.0,36.0,36.0,37.0,37.0,0
Loundoungou,BIO_FP_FH__L2A_20260519T043740_20260531T043807_T_G01_M03_C___T033_F003,2026-05-19,27,23,17.047934532165527,2.3733251094818115,38.81777572631836,1.0,8649,1.083400011062622,34.23291472912331,37.177803,44.51274,46.579376,47.99331,49.137295,43.03446,1.0,35.99335960223228,36.0,37.0,37.0,38.0,38.0,0
Loundoungou,BIO_FP_FH__L2A_20260519T043740_20260531T043807_T_G01_M03_C___T033_F003,2026-05-19,27,24,17.048768043518066,2.3733251094818115,38.002376556396484,1.0,8649,1.117799997329712,22.87300769507313,24.191677,34.9144,37.220745,42.040714,44.72954,32.0544,1.0,36.73210504077352,37.0,38.0,38.0,39.0,39.0,0
Loundoungou,BIO_FP_FH__L2A_20260519T043740_20260531T043807_T_G01_M03_C___T033_F003,2026-05-19,27,25,17.049601554870605,2.3733251094818115,37.97797393798828,1.0,8649,1.1267999410629272,22.171733410293097,21.436178,38.644875,40.611202,42.901268,46.10834,36.96762,1.0,38.09155067375925,38.0,39.0,39.0,39.0,39.0,0
Loundoungou,BIO_FP_FH__L2A_20260519T043740_20260531T043807_T_G01_M03_C___T033_F003,2026-05-19,27,26,17.050435066223145,2.3733251094818115,38.739776611328125,0.999999943544774,8649,1.1073999404907227,28.531443784338542,31.687874,40.874344,42.270786,44.65312,48.020313,38.97416,1.0,36.430115267863535,37.0,37.0,37.0,38.0,38.0,0
Loundoungou,BIO_FP_FH__L2A_20260519T043740_20260531T043807_T_G01_M03_C___T033_F003,2026-05-19,27,27,17.051268577575684,2.3733251094818115,39.409576416015625,1.0000000070569033,8649,1.0872000455856323,25.715262692127983,28.02426,38.847874,41.68399,45.09246,47.42328,36.643116,1.0,36.71881580826919,37.0,37.0,37.0,38.0,38.0,0
Loundoungou,BIO_FP_FH__L2A_20260519T043740_20260531T043807_T_G01_M03_C___T033_F003,2026-05-19,27,28,17.052102088928223,2.3733251094818115,40.50017547607422,1.0,8649,1.049399971961975,24.112459261908892,25.540388,40.46635,43.997185,47.330944,50.48666,34.13072,1.0,36.08899791486857,36.0,37.0,37.0,37.55126953125,38.0,0
Loundoungou,BIO_FP_FH__L2A_20260519T043740_20260531T043807_T_G01_M03_C___T033_F003,2026-05-19,27,29,17.05293560028076,2.3733251094818115,41.37857437133789,1.0,8649,1.010200023651123,21.685898252326858,24.154749,33.628384,34.968384,37.27052,39.15177,31.113888,1.0,36.16410454855804,36.0,37.0,37.0,38.0,38.0,0
Loundoungou,BIO_FP_FH__L2A_20260519T043740_20260531T043807_T_G01_M03_C___T033_F003,2026-05-19,27,30,17.0537691116333,2.3733251094818115,39.570377349853516,1.0,8649,1.010200023651123,31.35518805461614,33.466476,38.151234,39.40843,41.822575,45.049644,37.339775,1.0,35.52694685255975,35.0,36.0,37.0,37.0,37.0,0
Loundoungou,BIO_FP_FH__L2A_20260519T043740_20260531T043807_T_G01_M03_C___T033_F003,2026-05-19,27,31,17.05460262298584,2.3733251094818115,37.7703742980957,1.0,8649,1.010200023651123,30.74243545135276,33.39438,39.263645,40.082905,41.96482,44.000145,38.234333,1.0,34.67404545336214,34.0,36.0,37.0,38.0,38.0,0
Loundoungou,BIO_FP_FH__L2A_20260519T043740_20260531T043807_T_G01_M03_C___T033_F003,2026-05-19,27,32,17.05543613433838,2.3733251094818115,35.94297409057617,1.0,8649,0.6972000002861023,30.700267462278877,32.969795,40.176632,41.58315,43.231632,44.972862,38.947735,1.0,33.5855351996182,34.0,34.0,34.0,35.0,35.0,0
Loundoungou,BIO_FP_FH__L2A_20260519T043740_20260531T043807_T_G01_M03_C___T033_F003,2026-05-19,27,33,17.056269645690918,2.3733251094818115,34.514373779296875,1.0,8649,0.3174000084400177,31.99553777893398,33.598564,37.85879,38.85544,40.190308,42.310715,37.265015,1.0,33.03673868160576,33.0,34.0,34.0,34.0,34.0,0
Loundoungou,BIO_FP_FH__L2A_20260519T043740_20260531T043807_T_G01_M03_C___T033_F003,2026-05-19,27,34,17.057103157043457,2.3733251094818115,33.9223747253418,1.0,8649,0.024000000208616257,30.011615775667707,30.625639,36.26163,37.50956,39.211582,41.162594,35.680275,1.0,33.182669741581705,33.0,34.0,34.0,34.0,34.0,0
Loundoungou,BIO_FP_FH__L2A_20260519T043740_20260531T043807_T_G01_M03_C___T033_F003,2026-05-19,27,35,17.057936668395996,2.3733251094818115,37.60397720336914,1.0,8649,0.1420000046491623,28.51962970791421,29.721989,36.43052,38.288265,40.444714,41.72865,35.43617,1.0,34.50408323051778,34.0,35.0,35.885780334472656,36.0,36.0,0
Loundoungou,BIO_FP_FH__L2A_20260519T043740_20260531T043807_T_G01_M03_C___T033_F003,2026-05-19,27,36,17.058770179748535,2.3733251094818115,40.27597427368164,1.0,8649,0.0,29.710528312521678,32.034355,37.7132,39.444107,41.86174,44.892982,36.690636,1.0,35.502796520207134,36.0,36.0,36.0,36.0,36.0,0
Loundoungou,BIO_FP_FH__L2A_20260519T043740_20260531T043807_T_G01_M03_C___T033_F003,2026-05-19,27,37,17.059603691101074,2.3733251094818115,40.60197448730469,1.0000000141138066,8649,0.0,32.54046709839577,33.73515,39.96894,41.264515,42.704964,44.509808,39.491993,1.0,36.34049291894097,36.0,37.0,37.6705207824707,38.0,38.0,0
Loundoungou,BIO_FP_FH__L2A_20260519T043740_20260531T043807_T_G01_M03_C___T033_F003,2026-05-19,27,38,17.060437202453613,2.3733251094818115,40.347774505615234,0.999999943544774,8649,0.16140000522136688,33.502964661679904,35.237953,39.192474,40.193153,42.128773,44.02577,38.644512,1.0,36.556709904383474,37.0,37.0,38.0,38.0,38.0,0
Loundoungou,BIO_FP_FH__L2A_20260519T043740_20260531T043807_T_G01_M03_C___T033_F003,2026-05-19,27,39,17.061270713806152,2.3733251094818115,40.40617370605469,1.0,8649,0.6949999928474426,34.68572324112614,36.22795,41.222668,42.116707,43.660168,45.843697,40.538418,1.0,35.98595127401662,36.0,38.0,38.0,38.0,38.0,0
Loundoungou,BIO_FP_FH__L2A_20260519T043740_20260531T043807_T_G01_M03_C___T033_F003,2026-05-19,27,40,17.06210422515869,2.3733251094818115,39.7603759765625,1.0,8649,1.1030000448226929,35.16148407691641,36.31622,42.640903,43.784885,45.65801,49.442562,41.78052,1.0,35.32143797815459,36.0,36.0,36.0,37.0,37.0,0
Loundoungou,BIO_FP_FH__L2A_20260519T043740_20260531T043807_T_G01_M03_C___T033_F003,2026-05-19,27,41,17.06293773651123,2.3733251094818115,39.944374084472656,1.0,8649,1.0820000171661377,36.52840014018962,37.683266,43.213932,44.25939,45.861385,47.93998,42.47527,1.0,32.70865620496108,35.0,36.0,37.0,39.0,39.0,0
Loundoungou,BIO_FP_FH__L2A_20260519T043740_20260531T043807_T_G01_M03_C___T033_F003,2026-05-19,27,42,17.06377124786377,2.3733251094818115,40.688175201416016,1.0,8649,1.0570000410079956,35.11895522603769,37.20875,41.76914,42.89296,45.432884,48.84308,41.06984,1.0,35.275698548342426,37.0,38.0,39.0,39.0,39.0,0
Loundoungou,BIO_FP_FH__L2A_20260519T043740_20260531T043807_T_G01_M03_C___T033_F003,2026-05-19,27,43,17.06460475921631,2.3733251094818115,41.380374908447266,1.0,8649,1.0463999509811401,34.218612249248466,35.692436,41.51288,42.919132,45.810177,49.140152,41.030247,1.0,37.02611688531635,37.0,38.0,38.0,39.0,39.0,0
Loundoungou,BIO_FP_FH__L2A_20260519T043740_20260531T043807_T_G01_M03_C___T033_F003,2026-05-19,27,44,17.065438270568848,2.3733251094818115,42.09077453613281,1.0,8649,1.0362000465393066,30.787846228610245,34.027504,40.08286,40.79469,41.946953,43.804996,39.200813,1.0,37.23944324851105,37.0,38.0,38.0,39.0,39.0,0
Loundoungou,BIO_FP_FH__L2A_20260519T043740_20260531T043807_T_G01_M03_C___T033_F003,2026-05-19,27,45,17.066271781921387,2.3733251094818115,40.92584228515625,1.0000000423414195,8649,1.0717999935150146,26.319487139295404,26.478018,37.864086,39.652298,41.91061,44.498478,35.657257,1.0,36.051471739094275,36.0,37.0,37.0,38.0,38.0,0
Loundoungou,BIO_FP_FH__L2A_20260519T043740_20260531T043807_T_G01_M03_C___T033_F003,2026-05-19,27,46,17.067105293273926,2.3733251094818115,40.081844329833984,0.999999971772387,8649,1.0906000137329102,30.939673722092877,33.453648,39.05781,40.26939,42.32324,44.141647,38.091152,1.0,34.47666727781213,36.0,37.0,37.0,37.0,37.0,0
Loundoungou,BIO_FP_FH__L2A_20260519T043740_20260531T043807_T_G01_M03_C___T033_F003,2026-05-19,27,47,17.067938804626465,2.3733251094818115,40.12204360961914,1.0,8649,1.0848000049591064,26.38053351543531,28.058071,38.79851,40.640545,45.580246,47.70119,35.58379,1.0,35.53647041298748,36.0,36.91221618652344,37.0,37.0,37.0,0
Loundoungou,BIO_FP_FH__L2A_20260519T043740_20260531T043807_T_G01_M03_C___T033_F003,2026-05-19,27,48,17.068772315979004,2.3733251094818115,39.67284393310547,1.0,8649,1.093400001525879,21.493512617065555,19.382313,35.49793,38.454506,41.388206,46.554493,33.00349,1.0,34.98922261222551,35.0,36.0,36.0,37.0,37.0,0
Loundoungou,BIO_FP_FH__L2A_20260519T043740_20260531T043807_T_G01_M03_C___T033_F003,2026-05-19,27,49,17.069605827331543,2.3733251094818115,39.97304153442383,1.0,8649,1.0844000577926636,29.650464468435658,31.581997,39.882687,42.750427,45.21156,46.908474,37.31269,1.0,37.27723069223507,37.0,39.0,39.0,39.0,39.0,0
Loundoungou,BIO_FP_FH__L2A_20260519T043740_20260531T043807_T_G01_M03_C___T033_F003,2026-05-19,27,50,17.070439338684082,2.3733251094818115,40.70064163208008,1.0,8649,1.0740000009536743,30.960991245375187,33.141068,41.346043,43.07597,45.930565,47.181168,39.722298,1.0,37.23630812441301,37.0,38.0,39.0,39.0,39.0,0
Loundoungou,BIO_FP_FH__L2A_20260519T043740_20260531T043807_T_G01_M03_C___T033_F003,2026-05-19,27,51,17.07127285003662,2.3733251094818115,40.84584426879883,1.0,8649,1.0753999948501587,31.006117488293444,32.927834,40.551968,42.054287,44.50566,48.566402,38.787197,1.0,36.1589810233238,36.0,37.0,37.0,37.0,37.0,0
Loundoungou,BIO_FP_FH__L2A_20260519T043740_20260531T043807_T_G01_M03_C___T033_F003,2026-05-19,27,52,17.07210636138916,2.3733251094818115,40.004241943359375,1.0,8649,1.0901999473571777,32.11404136316337,33.072533,39.894913,41.521866,44.573296,47.38583,39.067905,1.0,36.77283971193057,37.0,38.0,38.0,38.0,38.0,0
Loundoungou,BIO_FP_FH__L2A_20260519T043740_20260531T043807_T_G01_M03_C___T033_F003,2026-05-19,27,53,17.0729398727417,2.3733251094818115,39.29544448852539,1.0,8649,1.0519685745239258,29.978733542172506,30.447884,40.750652,43.269863,46.08851,48.03345,39.180676,1.0,36.96542014859566,37.0,38.0,38.0,38.0,38.0,0
Loundoungou,BIO_FP_FH__L2A_20260519T043740_20260531T043807_T_G01_M03_C___T033_F003,2026-05-19,27,54,17.07377338409424,2.3733251094818115,38.758243560791016,1.0,8649,0.9297685027122498,29.50293138115678,31.623571,40.293026,41.457096,45.411983,49.54123,38.8586,1.0,37.55197517085398,37.0,38.134281158447266,39.0,39.0,39.0,0
Loundoungou,BIO_FP_FH__L2A_20260519T043740_20260531T043807_T_G01_M03_C___T033_F003,2026-05-19,27,55,17.074606895446777,2.3733251094818115,38.08824157714844,0.9999999858861935,8649,0.8097684979438782,27.651544960088767,32.066883,43.72784,45.77216,49.15744,50.52732,42.445972,1.0,38.505159433404344,38.0,39.87906265258789,40.0,40.0,40.0,0
Loundoungou,BIO_FP_FH__L2A_20260519T043740_20260531T043807_T_G01_M03_C___T033_F003,2026-05-19,27,56,17.075440406799316,2.3733251094818115,37.491641998291016,1.0000000070569033,8649,0.6841685175895691,29.34100652059973,32.102474,39.8253,41.345234,42.915676,45.997375,38.79018,1.0,36.55701284489062,36.0,38.0,38.0,38.0,38.0,0
Loundoungou,BIO_FP_FH__L2A_20260519T043740_20260531T043807_T_G01_M03_C___T033_F003,2026-05-19,27,57,17.076273918151855,2.3733251094818115,37.556644439697266,1.0,8649,1.0625685453414917,31.307152335168805,32.5502,41.976345,43.99546,46.44132,47.92017,39.990788,1.0,35.7789560640626,36.0,36.0,37.0,37.0,37.0,0
Loundoungou,BIO_FP_FH__L2A_20260519T043740_20260531T043807_T_G01_M03_C___T033_F003,2026-05-19,27,58,17.077107429504395,2.3733251094818115,37.25884246826172,1.0,8649,1.115768551826477,26.30291277351428,28.666368,39.888195,41.87839,44.488213,46.84202,38.052425,1.0,36.952046790306575,37.0,38.0,38.0,38.0,38.0,0
Loundoungou,BIO_FP_FH__L2A_20260519T043740_20260531T043807_T_G01_M03_C___T033_F003,2026-05-19,27,59,17.077940940856934,2.3733251094818115,38.226043701171875,1.0,8649,1.115168571472168,26.972644507312985,27.068132,41.340954,45.975708,49.336773,51.326206,38.224575,1.0,38.11235176674795,38.0,39.0,39.0,39.0,39.0,0
Loundoungou,BIO_FP_FH__L2A_20260519T043740_20260531T043807_T_G01_M03_C___T033_F003,2026-05-19,27,60,17.078774452209473,2.3733251094818115,37.97684097290039,1.0,8649,1.115168571472168,28.59374796761186,30.4115,42.867264,50.262234,53.510635,55.31245,38.10558,1.0,38.14309830168848,38.0,39.0,40.0,40.0,40.0,0
Loundoungou,BIO_FP_FH__L2A_20260519T043740_20260531T043807_T_G01_M03_C___T033_F003,2026-05-19,27,61,17.07960796356201,2.3733251094818115,37.1970100402832,1.0000000352845162,8649,1.1208000183105469,22.217704907287786,23.503761,37.05879,40.521763,47.964706,52.7665,33.40252,1.0,37.45263362209264,37.0,38.0,38.0,39.0,40.0,0
Loundoungou,BIO_FP_FH__L2A_20260519T043740_20260531T043807_T_G01_M03_C___T033_F003,2026-05-19,27,62,17.08044147491455,2.3733251094818115,36.8314094543457,1.0000000035284515,8649,0.8723999857902527,22.828784203579406,23.397102,38.7925,41.250965,44.02419,47.08424,34.657124,1.0,36.47555531495044,36.0,38.0,38.0,38.0,38.0,0
Loundoungou,BIO_FP_FH__L2A_20260519T043740_20260531T043807_T_G01_M03_C___T033_F003,2026-05-19,27,63,17.08127498626709,2.3733251094818115,36.992610931396484,1.0,8649,0.4659999907016754,30.142342932528326,31.964636,40.258965,41.663757,43.72521,46.795864,39.031013,1.0,36.03339128232937,36.0,37.47196578979492,38.0,38.0,38.0,0
Loundoungou,BIO_FP_FH__L2A_20260519T043740_20260531T043807_T_G01_M03_C___T033_F003,2026-05-19,27,64,17.08210849761963,2.3733251094818115,37.531410217285156,0.9999999982357742,8649,0.21940000355243683,30.91443789711036,33.44265,42.00221,43.32483,45.395508,46.687336,39.81469,1.0,36.816086774727474,37.0,38.0,38.0,39.0,39.0,0
Loundoungou,BIO_FP_FH__L2A_20260519T043740_20260531T043807_T_G01_M03_C___T033_F003,2026-05-19,27,65,17.082942008972168,2.3733251094818115,38.601409912109375,0.999999990296758,8649,0.6736000180244446,29.88559877070932,32.585796,41.35431,43.43697,46.66813,48.370396,39.448814,1.0,36.181159189387216,36.0,37.0,37.0,39.0,39.0,0
Loundoungou,BIO_FP_FH__L2A_20260519T043740_20260531T043807_T_G01_M03_C___T033_F003,2026-05-19,27,66,17.083775520324707,2.3733251094818115,39.19540786743164,0.927226871627647,8050,1.0908000469207764,29.152814858058814,30.223217,40.583675,42.053375,43.964783,46.01193,39.52732,1.0,35.101230421980375,35.0,36.0,36.0,36.0,36.0,0
Loundoungou,BIO_FP_FH__L2A_20260519T043740_20260531T043807_T_G01_M03_C___T033_F003,2026-05-19,28,15,17.041266441345215,2.3724915981292725,36.8148307800293,1.0000000052926774,8649,0.07100000232458115,29.849701591878762,32.7907,38.88391,40.202522,42.39839,45.580246,37.89443,1.0,36.41852681167361,36.0,37.0,37.0,38.0,38.0,0
Loundoungou,BIO_FP_FH__L2A_20260519T043740_20260531T043807_T_G01_M03_C___T033_F003,2026-05-19,28,16,17.042099952697754,2.3724915981292725,36.315032958984375,1.0000000220528227,8649,0.0,33.915332107567494,35.29595,40.566372,41.84517,44.346405,46.124226,39.942894,1.0,36.67805659364367,37.0,37.0,38.0,38.0,39.0,0
Loundoungou,BIO_FP_FH__L2A_20260519T043740_20260531T043807_T_G01_M03_C___T033_F003,2026-05-19,28,17,17.042933464050293,2.3724915981292725,37.85163116455078,0.9999999964715484,8649,0.43860000371932983,28.71489121725375,30.872826,42.02605,45.17731,48.746296,50.37251,39.18886,1.0,37.38046743238795,37.0,39.0,39.0,39.0,39.0,0
Loundoungou,BIO_FP_FH__L2A_20260519T043740_20260531T043807_T_G01_M03_C___T033_F003,2026-05-19,28,18,17.043766975402832,2.3724915981292725,39.66343307495117,1.0,8649,0.9067999720573425,25.590694699622066,28.544384,38.903618,40.654533,42.92583,44.809242,36.818188,1.0,36.99651596805018,37.0,39.0,39.0,39.0,39.0,0
Loundoungou,BIO_FP_FH__L2A_20260519T043740_20260531T043807_T_G01_M03_C___T033_F003,2026-05-19,28,19,17.04460048675537,2.3724915981292725,40.0460319519043,0.9999999964715484,8649,1.0118000507354736,33.57575264405141,36.207584,41.969284,42.83581,44.6107,46.948887,41.507492,1.0,37.761712889682904,38.0,39.0,39.0,39.0,39.0,0
Loundoungou,BIO_FP_FH__L2A_20260519T043740_20260531T043807_T_G01_M03_C___T033_F003,2026-05-19,28,20,17.04543399810791,2.3724915981292725,40.155433654785156,0.9999999964715484,8649,1.0815999507904053,28.771393470694097,30.579836,39.883038,41.83243,45.68838,47.568703,38.2259,1.0,37.1085575270038,37.0,38.0,38.0,38.0,39.0,0
Loundoungou,BIO_FP_FH__L2A_20260519T043740_20260531T043807_T_G01_M03_C___T033_F003,2026-05-19,28,21,17.04626750946045,2.3724915981292725,39.32597351074219,1.0,8649,1.0817999839782715,31.00545289737253,32.283974,38.66338,40.307182,42.6768,44.65462,37.01227,1.0,35.579706374393446,35.0,36.94222640991211,37.0,37.0,37.0,0
Loundoungou,BIO_FP_FH__L2A_20260519T043740_20260531T043807_T_G01_M03_C___T033_F003,2026-05-19,28,22,17.04710102081299,2.3724915981292725,38.30157470703125,1.0,8649,1.0870000123977661,33.968395461180485,36.261127,43.05384,44.469677,46.648026,48.286655,41.541077,1.0,35.858467220253914,36.0,37.0,38.0,39.0,39.0,0
Loundoungou,BIO_FP_FH__L2A_20260519T043740_20260531T043807_T_G01_M03_C___T033_F003,2026-05-19,28,23,17.047934532165527,2.3724915981292725,37.41117477416992,1.0,8649,0.7129999995231628,35.33038772545959,38.520058,43.17615,44.018005,45.367123,46.854595,42.43618,1.0,37.509230233628095,37.0514030456543,38.0,38.154144287109375,39.0,39.0,0
Loundoungou,BIO_FP_FH__L2A_20260519T043740_20260531T043807_T_G01_M03_C___T033_F003,2026-05-19,28,24,17.048768043518066,2.3724915981292725,36.97837448120117,1.0,8649,0.6208000183105469,26.801866545265348,29.212458,37.57977,39.953957,44.193848,48.84083,36.3595,1.0,37.17354968165039,37.0,38.0,38.0,38.0,38.0,0
Loundoungou,BIO_FP_FH__L2A_20260519T043740_20260531T043807_T_G01_M03_C___T033_F003,2026-05-19,28,25,17.049601554870605,2.3724915981292725,38.03597640991211,1.000000028227613,8649,0.5917999744415283,23.237322435969542,22.512829,38.025333,40.514263,44.445187,46.663414,34.760517,1.0,37.60402552419101,38.0,38.0,39.0,39.0,39.0,0
Loundoungou,BIO_FP_FH__L2A_20260519T043740_20260531T043807_T_G01_M03_C___T033_F003,2026-05-19,28,26,17.050435066223145,2.3724915981292725,39.63417434692383,1.0000000635121293,8649,0.9923999905586243,31.57669829041237,34.902622,43.645767,45.423595,46.77525,48.29564,41.427097,1.0,37.04735534752652,37.0,38.0,38.0,38.0,38.0,0
Loundoungou,BIO_FP_FH__L2A_20260519T043740_20260531T043807_T_G01_M03_C___T033_F003,2026-05-19,28,27,17.051268577575684,2.3724915981292725,40.518375396728516,1.0,8649,1.055400013923645,35.22495962322234,38.36496,45.58638,46.831806,48.492367,50.00409,44.34455,1.0,36.75633112898258,37.0,38.0,39.0,39.0,39.0,0
Loundoungou,BIO_FP_FH__L2A_20260519T043740_20260531T043807_T_G01_M03_C___T033_F003,2026-05-19,28,28,17.052102088928223,2.3724915981292725,40.998374938964844,1.0,8649,1.0338000059127808,28.338024085154352,30.971565,40.63439,43.104164,44.13744,45.595207,37.733788,1.0,37.50775726517717,37.64421081542969,38.0,38.0,38.0,38.0,0
Loundoungou,BIO_FP_FH__L2A_20260519T043740_20260531T043807_T_G01_M03_C___T033_F003,2026-05-19,28,29,17.05293560028076,2.3724915981292725,41.47857666015625,1.0,8649,1.0121999979019165,23.549473069502255,27.474947,37.512123,39.85545,43.83079,46.309326,34.033234,1.0,37.098053033206625,37.0,38.0,38.0,38.0,38.0,0
Loundoungou,BIO_FP_FH__L2A_20260519T043740_20260531T043807_T_G01_M03_C___T033_F003,2026-05-19,28,30,17.0537691116333,2.3724915981292725,39.92357635498047,1.0,8649,1.010200023651123,34.936178947710715,35.749073,43.804485,45.385735,47.18374,49.25324,41.755856,1.0,35.955290938267225,36.0,37.0,37.0,37.0,37.0,0
Loundoungou,BIO_FP_FH__L2A_20260519T043740_20260531T043807_T_G01_M03_C___T033_F003,2026-05-19,28,31,17.05460262298584,2.3724915981292725,38.19577407836914,1.0,8649,1.010200023651123,32.32155180512198,35.183327,39.272766,40.253487,42.526924,45.38965,38.525238,1.0,35.47673324001002,36.0,36.0,37.0,38.0,38.0,0
Loundoungou,BIO_FP_FH__L2A_20260519T043740_20260531T043807_T_G01_M03_C___T033_F003,2026-05-19,28,32,17.05543613433838,2.3724915981292725,36.495174407958984,1.0,8649,1.0332000255584717,34.033415622470805,35.534515,39.607037,40.507103,41.88652,44.233997,39.065567,1.0,34.61272348162893,35.0,35.0,35.0,36.0,36.0,0
Loundoungou,BIO_FP_FH__L2A_20260519T043740_20260531T043807_T_G01_M03_C___T033_F003,2026-05-19,28,33,17.056269645690918,2.3724915981292725,34.91597366333008,1.0,8649,0.8537999987602234,32.3320804789571,34.722946,39.409084,40.18536,41.7922,44.151604,38.677555,1.0,35.37522080873861,35.04818344116211,36.0,36.45195770263672,37.0,37.0,0
Loundoungou,BIO_FP_FH__L2A_20260519T043740_20260531T043807_T_G01_M03_C___T033_F003,2026-05-19,28,34,17.057103157043457,2.3724915981292725,33.3765754699707,1.0,8649,0.5910000205039978,30.056475549919067,31.488783,36.991943,38.515472,40.984367,42.827534,35.876343,1.0,34.82106832697676,35.0,36.0,36.0,36.0,36.0,0
Loundoungou,BIO_FP_FH__L2A_20260519T043740_20260531T043807_T_G01_M03_C___T033_F003,2026-05-19,28,35,17.057936668395996,2.3724915981292725,36.66677474975586,1.0,8649,0.5676000118255615,27.596453527864494,28.844814,34.503178,35.579815,37.168392,38.682774,33.458317,1.0,33.83483830439947,34.0,35.0,35.0,35.0,36.0,0
Loundoungou,BIO_FP_FH__L2A_20260519T043740_20260531T043807_T_G01_M03_C___T033_F003,2026-05-19,28,36,17.058770179748535,2.3724915981292725,39.56377410888672,0.999999971772387,8649,0.02879999950528145,30.808096007082646,31.55038,40.174534,41.64449,43.287605,45.337486,38.849617,1.0,34.64829409181734,35.0,36.0,36.0,36.0,36.0,0
Loundoungou,BIO_FP_FH__L2A_20260519T043740_20260531T043807_T_G01_M03_C___T033_F003,2026-05-19,28,37,17.059603691101074,2.3724915981292725,39.55077362060547,0.9999998870895479,8649,0.0,34.29562150153981,35.18776,39.552696,40.50185,42.199707,44.32764,38.888863,1.0,35.60644549906688,36.0,36.0,36.0,37.0,37.0,0
Loundoungou,BIO_FP_FH__L2A_20260519T043740_20260531T043807_T_G01_M03_C___T033_F003,2026-05-19,28,38,17.060437202453613,2.3724915981292725,38.9937744140625,1.0,8649,0.01119999960064888,31.71813576714071,33.630054,40.905457,42.68702,46.416656,48.85818,39.034294,1.0,35.11801620670406,35.0,37.0,37.0,38.0,38.0,0
Loundoungou,BIO_FP_FH__L2A_20260519T043740_20260531T043807_T_G01_M03_C___T033_F003,2026-05-19,28,39,17.061270713806152,2.3724915981292725,38.64057540893555,1.0,8649,0.5546000003814697,33.47010086064863,34.154236,40.484116,41.94718,44.052002,46.07874,39.603645,1.0,35.72173547937713,36.0,37.0,37.0,38.0,38.0,0
Loundoungou,BIO_FP_FH__L2A_20260519T043740_20260531T043807_T_G01_M03_C___T033_F003,2026-05-19,28,40,17.06210422515869,2.3724915981292725,38.37837600708008,1.0,8649,0.9617999792098999,33.87146183807376,34.25939,39.507187,40.73321,42.52838,44.372234,38.761925,1.0,35.23019213438833,35.0,36.0,36.35578918457031,37.0,37.0,0
Loundoungou,BIO_FP_FH__L2A_20260519T043740_20260531T043807_T_G01_M03_C___T033_F003,2026-05-19,28,41,17.06293773651123,2.3724915981292725,39.16637420654297,1.0,8649,0.8095999956130981,30.54926554009134,32.91202,38.367825,39.78339,41.356194,43.214775,37.424904,1.0,35.75362198426415,35.0,37.0,38.0,39.0,39.0,0
Loundoungou,BIO_FP_FH__L2A_20260519T043740_20260531T043807_T_G01_M03_C___T033_F003,2026-05-19,28,42,17.06377124786377,2.3724915981292725,39.908573150634766,1.0,8649,0.9797999858856201,34.87537170120823,36.38915,41.26087,42.74434,44.29698,45.57249,40.255493,1.0,37.0840578867612,37.0,38.54784393310547,39.0,39.0,39.0,0
Loundoungou,BIO_FP_FH__L2A_20260519T043740_20260531T043807_T_G01_M03_C___T033_F003,2026-05-19,28,43,17.06460475921631,2.3724915981292725,40.504573822021484,1.0,8649,1.0795999765396118,24.601579662388716,26.98108,35.671333,36.88666,38.45239,39.568027,33.924164,1.0,38.11083795205887,38.0,39.0,39.0,39.0,39.0,0
Loundoungou,BIO_FP_FH__L2A_20260519T043740_20260531T043807_T_G01_M03_C___T033_F003,2026-05-19,28,44,17.065438270568848,2.3724915981292725,41.425575256347656,1.0,8649,1.068600058555603,23.46632468348942,24.992264,34.407166,37.21253,39.302483,42.721066,33.18367,1.0,36.40408908183733,36.0,37.0,37.0,38.0,38.0,0
Loundoungou,BIO_FP_FH__L2A_20260519T043740_20260531T043807_T_G01_M03_C___T033_F003,2026-05-19,28,45,17.066271781921387,2.3724915981292725,40.87944412231445,1.0,8649,1.0906000137329102,30.07887246719274,31.594767,40.80409,42.375843,44.632465,46.700138,39.917725,1.0,35.08601945931546,35.0,36.0,36.0,37.0,37.0,0
Loundoungou,BIO_FP_FH__L2A_20260519T043740_20260531T043807_T_G01_M03_C___T033_F003,2026-05-19,28,46,17.067105293273926,2.3724915981292725,40.751644134521484,1.0000000705690326,8649,1.075600028038025,36.76406514464047,38.03304,42.599064,43.774643,45.639587,47.666412,41.93511,1.0,35.80446522430762,36.0,37.0,37.0,37.0,37.0,0
Loundoungou,BIO_FP_FH__L2A_20260519T043740_20260531T043807_T_G01_M03_C___T033_F003,2026-05-19,28,47,17.067938804626465,2.3724915981292725,40.48644256591797,1.0,8649,1.0736000537872314,34.08836733292866,35.676575,40.826187,42.36417,46.219913,48.001507,39.70286,1.0,35.50119987423399,36.0,36.0,37.0,37.0,37.0,0
Loundoungou,BIO_FP_FH__L2A_20260519T043740_20260531T043807_T_G01_M03_C___T033_F003,2026-05-19,28,48,17.068772315979004,2.3724915981292725,39.72784423828125,1.0,8649,1.0895999670028687,27.362635402214128,30.97416,37.50172,38.943832,41.531563,44.515194,35.84327,1.0,36.1512975720315,36.0,38.0,38.0,38.0,38.0,0
Loundoungou,BIO_FP_FH__L2A_20260519T043740_20260531T043807_T_G01_M03_C___T033_F003,2026-05-19,28,49,17.069605827331543,2.3724915981292725,39.56944274902344,1.0,8649,1.0928000211715698,26.832491021360852,30.97675,42.1384,43.44877,45.344025,47.159794,40.840973,1.0,36.961354903918995,37.0,38.0,38.0,38.0,38.0,0
Loundoungou,BIO_FP_FH__L2A_20260519T043740_20260531T043807_T_G01_M03_C___T033_F003,2026-05-19,28,50,17.070439338684082,2.3724915981292725,40.28224182128906,1.0,8649,1.080399990081787,30.995161109665858,34.03549,40.389774,41.562862,43.272133,44.98416,39.645996,1.0,37.21200027315861,37.0,38.0,39.0,39.0,39.0,0
Loundoungou,BIO_FP_FH__L2A_20260519T043740_20260531T043807_T_G01_M03_C___T033_F003,2026-05-19,28,51,17.07127285003662,2.3724915981292725,39.8658447265625,1.0,8649,1.0942000150680542,26.277177545814546,29.099916,38.04651,39.875637,42.31627,43.9452,36.71668,1.0,37.12153126521115,37.0,39.0,39.0,40.0,40.0,0
Loundoungou,BIO_FP_FH__L2A_20260519T043740_20260531T043807_T_G01_M03_C___T033_F003,2026-05-19,28,52,17.07210636138916,2.3724915981292725,38.95864486694336,1.0,8649,1.0707999467849731,30.179630141490346,31.371174,41.03822,42.555912,45.57328,47.819103,39.627335,1.0,35.70746134090788,36.0,36.58449935913086,37.0,37.0,37.0,0
Loundoungou,BIO_FP_FH__L2A_20260519T043740_20260531T043807_T_G01_M03_C___T033_F003,2026-05-19,28,53,17.0729398727417,2.3724915981292725,38.408843994140625,1.0,8649,0.5103685259819031,31.43766981731992,33.772247,40.473007,41.86585,43.586422,45.592487,39.055454,1.0,36.16494228853933,36.0,37.0,37.0,37.0,37.0,0
Loundoungou,BIO_FP_FH__L2A_20260519T043740_20260531T043807_T_G01_M03_C___T033_F003,2026-05-19,28,54,17.07377338409424,2.3724915981292725,37.790042877197266,1.0,8649,0.38996851444244385,26.2413713832524,31.247267,38.7664,40.20265,42.26833,43.853893,37.44913,1.0,36.50987645631196,37.0,37.0,38.0,38.0,38.0,0
Loundoungou,BIO_FP_FH__L2A_20260519T043740_20260531T043807_T_G01_M03_C___T033_F003,2026-05-19,28,55,17.074606895446777,2.3724915981292725,36.96524429321289,1.0,8649,0.2745685279369354,24.91989590559602,27.718483,39.0534,40.905674,43.5082,45.15617,37.19193,1.0,38.19456775721297,38.0,39.0,39.0,39.0,39.0,0
Loundoungou,BIO_FP_FH__L2A_20260519T043740_20260531T043807_T_G01_M03_C___T033_F003,2026-05-19,28,56,17.075440406799316,2.3724915981292725,36.732242584228516,1.0,8649,0.4421685039997101,26.05447951894728,27.127066,36.72086,38.427517,41.20347,43.311886,35.120853,1.0,36.49794936491611,36.0,38.0,38.0,38.0,39.0,0
Loundoungou,BIO_FP_FH__L2A_20260519T043740_20260531T043807_T_G01_M03_C___T033_F003,2026-05-19,28,57,17.076273918151855,2.3724915981292725,36.95824432373047,1.0000000352845162,8649,0.9433684945106506,27.898019424421914,28.14791,38.916485,41.245808,44.037567,47.019806,35.62596,1.0,35.46582462515,35.0,36.0,37.0,37.0,38.0,0
Loundoungou,BIO_FP_FH__L2A_20260519T043740_20260531T043807_T_G01_M03_C___T033_F003,2026-05-19,28,58,17.077107429504395,2.3724915981292725,37.728641510009766,1.0,8649,1.1079685688018799,28.704357530494853,29.01601,39.98263,41.681236,43.199413,45.78792,37.60202,1.0,36.42495054927971,36.0,38.0,38.0,38.0,38.0,0
Loundoungou,BIO_FP_FH__L2A_20260519T043740_20260531T043807_T_G01_M03_C___T033_F003,2026-05-19,28,59,17.077940940856934,2.3724915981292725,38.79404067993164,1.0,8649,1.1029685735702515,26.670007461122673,28.84436,37.975464,40.25116,43.167713,45.31444,36.6092,1.0,36.36795472255234,36.0,37.0,37.0,38.0,39.0,0
Loundoungou,BIO_FP_FH__L2A_20260519T043740_20260531T043807_T_G01_M03_C___T033_F003,2026-05-19,28,60,17.078774452209473,2.3724915981292725,38.12784194946289,1.0,8649,1.113768458366394,25.666468170091918,27.704107,39.915363,41.93387,51.150833,55.818623,37.271873,1.0,38.12103096340857,38.0,40.0,40.0,41.0,41.0,0
Loundoungou,BIO_FP_FH__L2A_20260519T043740_20260531T043807_T_G01_M03_C___T033_F003,2026-05-19,28,61,17.07960796356201,2.3724915981292725,37.16640853881836,1.0,8649,1.0706000328063965,27.767125918639437,28.764254,42.131336,43.412586,44.881493,46.841713,41.106045,1.0,38.7381413689458,39.0,40.0,40.0,40.0,41.0,0
Loundoungou,BIO_FP_FH__L2A_20260519T043740_20260531T043807_T_G01_M03_C___T033_F003,2026-05-19,28,62,17.08044147491455,2.3724915981292725,37.1366081237793,1.0000000035284515,8649,0.7035999894142151,20.940916935122146,21.212042,35.533966,38.248528,44.3969,46.03172,32.639088,1.0,37.40682091008915,37.0,38.0,39.0,39.0,39.0,0
Loundoungou,BIO_FP_FH__L2A_20260519T043740_20260531T043807_T_G01_M03_C___T033_F003,2026-05-19,28,63,17.08127498626709,2.3724915981292725,38.053409576416016,1.0000000035284515,8649,1.0997999906539917,29.77854399594386,32.991673,41.171383,42.650227,44.706593,46.369766,39.22051,1.0,37.59207603947691,38.0,38.0,38.0,38.0,38.0,0
Loundoungou,BIO_FP_FH__L2A_20260519T043740_20260531T043807_T_G01_M03_C___T033_F003,2026-05-19,28,64,17.08210849761963,2.3724915981292725,38.39020919799805,1.0,8649,0.7684000134468079,30.461274086057635,32.830574,43.378002,44.52913,46.735756,48.422558,42.42337,1.0,37.31374360057078,37.0,38.0,39.0,39.0,39.0,0
Loundoungou,BIO_FP_FH__L2A_20260519T043740_20260531T043807_T_G01_M03_C___T033_F003,2026-05-19,28,65,17.082942008972168,2.3724915981292725,39.716209411621094,0.9437616325993251,8203,0.8528000116348267,25.30497199309451,28.201546,37.797466,39.542065,42.298717,45.383198,35.930965,1.0,36.74477134322635,37.0,38.0,38.0,39.0,39.0,0
Loundoungou,BIO_FP_FH__L2A_20260519T043740_20260531T043807_T_G01_M03_C___T033_F003,2026-05-19,29,14,17.040432929992676,2.3716580867767334,37.135833740234375,1.000000005733734,8649,0.13760000467300415,25.58266351475789,27.294634,36.40532,38.436264,47.73163,49.50335,34.804424,1.0,34.875511030941865,35.0,36.0,37.0,37.0,37.0,0
Loundoungou,BIO_FP_FH__L2A_20260519T043740_20260531T043807_T_G01_M03_C___T033_F003,2026-05-19,29,15,17.041266441345215,2.3716580867767334,36.63083267211914,1.0000000070569033,8649,0.0,26.50976811954637,28.79029,36.989273,38.49366,41.361214,44.203995,35.584362,1.0,34.99350694243323,35.0,36.0,37.0,37.0,37.0,0
Loundoungou,BIO_FP_FH__L2A_20260519T043740_20260531T043807_T_G01_M03_C___T033_F003,2026-05-19,29,16,17.042099952697754,2.3716580867767334,36.29963302612305,0.9999999982357742,8649,0.11140000075101852,26.958714623036027,28.840353,39.42699,41.44215,44.381954,47.482147,37.128113,1.0,36.26457104444201,36.0,37.0,37.0,38.0,38.0,0
Loundoungou,BIO_FP_FH__L2A_20260519T043740_20260531T043807_T_G01_M03_C___T033_F003,2026-05-19,29,17,17.042933464050293,2.3716580867767334,36.962032318115234,1.0,8649,0.3142000138759613,31.412656030953723,35.695652,43.440434,45.17369,48.717552,50.634613,42.301468,1.0,36.24816477203634,36.0,37.0,37.0,37.0,37.0,0
Loundoungou,BIO_FP_FH__L2A_20260519T043740_20260531T043807_T_G01_M03_C___T033_F003,2026-05-19,29,18,17.043766975402832,2.3716580867767334,38.847633361816406,0.9999999788292903,8649,0.8564000129699707,33.64805081659205,35.66866,42.957935,44.329178,46.54519,48.60954,41.83331,1.0,35.52059172525449,35.74989700317383,36.0,36.0,37.0,37.0,0
Loundoungou,BIO_FP_FH__L2A_20260519T043740_20260531T043807_T_G01_M03_C___T033_F003,2026-05-19,29,19,17.04460048675537,2.3716580867767334,39.83283233642578,0.9999999964715484,8649,1.1125999689102173,32.85028401795134,35.487965,41.31664,42.69044,45.31561,47.79901,40.49838,1.0,36.45888463361151,36.0,37.0,38.0,38.0,38.0,0
Loundoungou,BIO_FP_FH__L2A_20260519T043740_20260531T043807_T_G01_M03_C___T033_F003,2026-05-19,29,20,17.04543399810791,2.3716580867767334,39.30143356323242,1.0,8649,1.104200005531311,32.261402600734186,33.04655,43.29689,45.29097,48.181686,49.755146,41.670315,1.0,37.31910224770766,37.0,38.0,38.0,39.0,39.0,0
Loundoungou,BIO_FP_FH__L2A_20260519T043740_20260531T043807_T_G01_M03_C___T033_F003,2026-05-19,29,21,17.04626750946045,2.3716580867767334,38.2797737121582,1.0,8649,1.1055999994277954,33.60037535950688,34.564404,41.613785,42.68772,44.453457,46.259945,40.54411,1.0,37.15373288244026,37.0,38.0,38.93195343017578,39.0,39.0,0
Loundoungou,BIO_FP_FH__L2A_20260519T043740_20260531T043807_T_G01_M03_C___T033_F003,2026-05-19,29,22,17.04710102081299,2.3716580867767334,37.23077392578125,1.0,8649,0.7131999731063843,29.362340480113307,31.76859,39.534847,40.89825,44.460365,46.4511,37.363705,1.0,36.913825550800475,37.0,38.0,38.0,38.0,38.0,0
Loundoungou,BIO_FP_FH__L2A_20260519T043740_20260531T043807_T_G01_M03_C___T033_F003,2026-05-19,29,23,17.047934532165527,2.3716580867767334,36.22737503051758,1.0,8649,0.17399999499320984,29.052233052592786,31.784286,37.321575,39.503857,44.653362,47.072704,36.380547,1.0,36.788170789704736,37.0,37.0,38.0,38.0,38.0,0
Loundoungou,BIO_FP_FH__L2A_20260519T043740_20260531T043807_T_G01_M03_C___T033_F003,2026-05-19,29,24,17.048768043518066,2.3716580867767334,36.89237594604492,1.0000000352845162,8649,0.05900000035762787,28.797339174962367,32.150692,40.12854,41.796566,43.796734,48.96755,37.699787,1.0,37.222716506250556,37.0,38.0,38.0,38.0,38.0,0
Loundoungou,BIO_FP_FH__L2A_20260519T043740_20260531T043807_T_G01_M03_C___T033_F003,2026-05-19,29,25,17.049601554870605,2.3716580867767334,37.97697448730469,1.0,8649,0.05959999933838844,26.927565912605502,29.378574,39.78486,42.7715,46.567795,47.648453,36.570534,1.0,37.78358672988085,38.0,38.0,39.0,39.0,39.0,0
Loundoungou,BIO_FP_FH__L2A_20260519T043740_20260531T043807_T_G01_M03_C___T033_F003,2026-05-19,29,26,17.050435066223145,2.3716580867767334,39.749176025390625,1.0,8649,0.4936000108718872,29.07435966224419,31.626902,42.126442,44.132614,45.82948,48.14032,39.923386,1.0,37.148345653963084,37.0,38.0,38.0,38.0,38.0,0
Loundoungou,BIO_FP_FH__L2A_20260519T043740_20260531T043807_T_G01_M03_C___T033_F003,2026-05-19,29,27,17.051268577575684,2.3716580867767334,41.58317565917969,1.0,8649,1.0176000595092773,29.608375968320036,33.188168,39.908268,41.527283,43.971878,45.685307,38.74717,1.0,37.40402751609016,37.0,39.0,39.0,39.0,39.0,0
Loundoungou,BIO_FP_FH__L2A_20260519T043740_20260531T043807_T_G01_M03_C___T033_F003,2026-05-19,29,28,17.052102088928223,2.3716580867767334,40.7525749206543,1.0,8649,1.0318000316619873,30.307082782330326,32.74427,40.814888,42.65973,44.800907,45.89561,40.17933,1.0,37.07890161176213,37.0,38.0,38.0,38.0,38.0,0
Loundoungou,BIO_FP_FH__L2A_20260519T043740_20260531T043807_T_G01_M03_C___T033_F003,2026-05-19,29,29,17.05293560028076,2.3716580867767334,40.84677505493164,1.0,8649,1.0185999870300293,34.468229482815936,35.90028,40.902397,41.606457,42.888718,44.311905,40.3738,1.0,36.65314711845187,37.0,37.0,38.0,38.0,38.0,0
Loundoungou,BIO_FP_FH__L2A_20260519T043740_20260531T043807_T_G01_M03_C___T033_F003,2026-05-19,29,30,17.0537691116333,2.3716580867767334,40.03437423706055,1.0,8649,1.0130000114440918,32.46035849520176,34.477364,39.073395,40.31154,43.614464,45.561115,38.212006,1.0,35.836034796612566,36.0,36.47201919555664,37.0,37.0,37.0,0
Loundoungou,BIO_FP_FH__L2A_20260519T043740_20260531T043807_T_G01_M03_C___T033_F003,2026-05-19,29,31,17.05460262298584,2.3716580867767334,38.823177337646484,1.0,8649,1.010200023651123,32.18491796378194,33.48758,39.146374,40.71263,42.304325,44.52137,38.39128,1.0,35.13467007364782,35.0,36.0,36.0,37.0,37.0,0
Loundoungou,BIO_FP_FH__L2A_20260519T043740_20260531T043807_T_G01_M03_C___T033_F003,2026-05-19,29,32,17.05543613433838,2.3716580867767334,37.11297607421875,1.0,8649,1.024999976158142,31.63007329243265,32.6629,38.833706,40.10968,42.140327,44.515316,37.96512,1.0,34.72835752919639,35.0,35.0,36.0,36.0,36.0,0
Loundoungou,BIO_FP_FH__L2A_20260519T043740_20260531T043807_T_G01_M03_C___T033_F003,2026-05-19,29,33,17.056269645690918,2.3716580867767334,35.42997360229492,1.0,8649,1.062999963760376,32.471976980720314,34.467594,38.96739,40.110058,41.944973,43.599815,38.226498,1.0,35.49754264691287,35.44208526611328,36.0,36.0,36.0,36.0,0
Loundoungou,BIO_FP_FH__L2A_20260519T043740_20260531T043807_T_G01_M03_C___T033_F003,2026-05-19,29,34,17.057103157043457,2.3716580867767334,33.7525749206543,1.0,8649,1.101199984550476,33.61948455023702,34.637016,38.670124,39.630634,40.959827,42.518795,37.84929,1.0,34.45478147572211,34.0,36.0,36.0,36.0,36.0,0
Loundoungou,BIO_FP_FH__L2A_20260519T043740_20260531T043807_T_G01_M03_C___T033_F003,2026-05-19,29,35,17.057936668395996,2.3716580867767334,35.64137649536133,1.0,8649,0.6984000205993652,28.22887851919297,29.965858,35.558926,36.656727,38.44298,40.456665,34.72617,1.0,33.416836916662966,33.0,34.0,34.0,35.0,35.0,0
Loundoungou,BIO_FP_FH__L2A_20260519T043740_20260531T043807_T_G01_M03_C___T033_F003,2026-05-19,29,36,17.058770179748535,2.3716580867767334,38.485374450683594,1.000000028227613,8649,0.15880000591278076,28.066329581930717,29.189365,35.479977,36.671665,39.812443,42.166317,34.659935,1.0,33.84573014014883,34.0,34.0,35.0,35.0,35.0,0
Loundoungou,BIO_FP_FH__L2A_20260519T043740_20260531T043807_T_G01_M03_C___T033_F003,2026-05-19,29,37,17.059603691101074,2.3716580867767334,38.4931755065918,1.0,8649,0.0,33.30836115446873,35.09831,39.587532,40.54203,41.906826,44.398987,38.90912,1.0,33.940696308331376,34.0,35.0,35.0,35.0,35.0,0
Loundoungou,BIO_FP_FH__L2A_20260519T043740_20260531T043807_T_G01_M03_C___T033_F003,2026-05-19,29,38,17.060437202453613,2.3716580867767334,38.38957595825195,1.0,8649,0.0,31.960904981789803,33.07362,39.13725,40.0782,41.71467,43.614006,38.72604,1.0,34.15699375437951,34.0,35.0,35.0,35.0,35.0,0
Loundoungou,BIO_FP_FH__L2A_20260519T043740_20260531T043807_T_G01_M03_C___T033_F003,2026-05-19,29,39,17.061270713806152,2.3716580867767334,38.36277389526367,1.0,8649,0.37380000948905945,29.65073184038617,31.213793,37.25486,38.54434,40.964115,43.61039,36.44969,1.0,35.11640501689437,35.0,37.0,37.0,37.0,37.0,0
Loundoungou,BIO_FP_FH__L2A_20260519T043740_20260531T043807_T_G01_M03_C___T033_F003,2026-05-19,29,40,17.06210422515869,2.3716580867767334,38.02357482910156,1.0,8649,0.4000000059604645,35.433509292981846,36.92124,40.317265,41.198246,42.68738,44.399364,39.715958,1.0,35.642628220633036,36.0,36.0,36.0,36.0,37.0,0
Loundoungou,BIO_FP_FH__L2A_20260519T043740_20260531T043807_T_G01_M03_C___T033_F003,2026-05-19,29,41,17.06293773651123,2.3716580867767334,38.392574310302734,1.0,8649,0.3046000003814697,33.00913084243843,36.770638,42.267094,43.257175,45.26139,47.57356,41.47867,1.0,35.388711049634196,35.0,36.0,36.0,36.0,36.0,0
Loundoungou,BIO_FP_FH__L2A_20260519T043740_20260531T043807_T_G01_M03_C___T033_F003,2026-05-19,29,42,17.06377124786377,2.3716580867767334,38.9765739440918,1.0,8649,0.8501999974250793,31.312907832552895,33.265186,41.960598,43.38318,45.224873,47.392815,40.74901,1.0,36.445347455047106,36.0,37.0,37.0,38.0,38.0,0
Loundoungou,BIO_FP_FH__L2A_20260519T043740_20260531T043807_T_G01_M03_C___T033_F003,2026-05-19,29,43,17.06460475921631,2.3716580867767334,39.72417449951172,1.0,8649,1.1128000020980835,27.744786246964967,31.191341,38.77768,39.914772,41.783043,43.4927,37.219524,1.0,37.600945287804365,38.0,38.0,38.0,38.0,38.0,0
Loundoungou,BIO_FP_FH__L2A_20260519T043740_20260531T043807_T_G01_M03_C___T033_F003,2026-05-19,29,44,17.065438270568848,2.3716580867767334,40.840576171875,1.0,8649,1.014799952507019,34.88247151043473,36.682747,42.09944,43.35159,45.05021,49.858234,41.170433,1.0,37.12813081365332,37.0,38.0,38.0,38.0,38.0,0
Loundoungou,BIO_FP_FH__L2A_20260519T043740_20260531T043807_T_G01_M03_C___T033_F003,2026-05-19,29,45,17.066271781921387,2.3716580867767334,41.309444427490234,1.0,8649,1.0820000171661377,28.785708156289743,29.198725,40.23522,42.80187,46.54925,48.738228,39.55043,1.0,35.384164572671764,35.0,37.0,37.0,38.0,38.0,0
Loundoungou,BIO_FP_FH__L2A_20260519T043740_20260531T043807_T_G01_M03_C___T033_F003,2026-05-19,29,46,17.067105293273926,2.3716580867767334,41.039642333984375,1.0,8649,1.0706000328063965,34.4435605814256,35.77145,39.820126,40.615173,41.682545,43.34585,39.3878,1.0,34.511777283925106,34.001686096191406,35.0,35.0,36.0,36.0,0
Loundoungou,BIO_FP_FH__L2A_20260519T043740_20260531T043807_T_G01_M03_C___T033_F003,2026-05-19,29,47,17.067938804626465,2.3716580867767334,40.584442138671875,0.9999999858861935,8649,1.0700000524520874,34.63615423494579,36.041748,41.699276,43.055946,45.26564,47.58068,40.829926,1.0,35.920170273584,36.0,37.0,37.87599182128906,38.0,38.0,0
Loundoungou,BIO_FP_FH__L2A_20260519T043740_20260531T043807_T_G01_M03_C___T033_F003,2026-05-19,29,48,17.068772315979004,2.3716580867767334,39.7872428894043,0.999999971772387,8649,1.0845999717712402,30.47640573728509,33.602093,41.176537,42.367603,44.4744,45.966965,39.854557,1.0,36.71711616370565,37.0,38.0,38.0,38.0,38.0,0
Loundoungou,BIO_FP_FH__L2A_20260519T043740_20260531T043807_T_G01_M03_C___T033_F003,2026-05-19,29,49,17.069605827331543,2.3716580867767334,39.1534423828125,1.0,8649,1.0895999670028687,25.932778988177823,29.955856,39.09627,40.34938,42.6786,44.775627,38.321136,1.0,34.728873259594764,35.0,36.0,36.0,36.0,36.0,0
Loundoungou,BIO_FP_FH__L2A_20260519T043740_20260531T043807_T_G01_M03_C___T033_F003,2026-05-19,29,50,17.070439338684082,2.3716580867767334,39.274845123291016,1.0,8649,1.093400001525879,22.775771133223493,21.039728,37.07798,39.21888,42.65262,45.119423,35.482548,1.0,35.25659936893219,36.0,38.0,38.0,38.0,39.0,0
Loundoungou,BIO_FP_FH__L2A_20260519T043740_20260531T043807_T_G01_M03_C___T033_F003,2026-05-19,29,51,17.07127285003662,2.3716580867767334,38.742244720458984,1.0,8649,1.1150000095367432,30.759540029916753,31.626026,41.605915,42.439213,43.78789,45.63798,40.555584,1.0,36.939434599746846,37.0,38.0,38.0,39.0,39.0,0
Loundoungou,BIO_FP_FH__L2A_20260519T043740_20260531T043807_T_G01_M03_C___T033_F003,2026-05-19,29,52,17.07210636138916,2.3716580867767334,38.07624435424805,1.0,8649,0.6769999861717224,25.340831490634756,25.62264,39.2722,40.674755,42.50997,45.301285,37.026314,1.0,36.763682109273944,37.0,38.0,38.0,38.0,38.0,0
Loundoungou,BIO_FP_FH__L2A_20260519T043740_20260531T043807_T_G01_M03_C___T033_F003,2026-05-19,29,53,17.0729398727417,2.3716580867767334,37.616641998291016,1.0,8649,0.07236851751804352,28.41124561004162,30.612244,43.21873,45.06143,49.7099,52.24887,40.857525,1.0,35.74543954287117,36.0,36.0,36.0,37.0,37.0,0
Loundoungou,BIO_FP_FH__L2A_20260519T043740_20260531T043807_T_G01_M03_C___T033_F003,2026-05-19,29,54,17.07377338409424,2.3716580867767334,37.16564178466797,1.0,8649,0.14736852049827576,22.311284180252052,23.712559,36.180557,38.66063,42.288372,44.153633,34.23572,1.0,35.47730620233485,35.0,36.0,37.0,38.0,38.0,0
Loundoungou,BIO_FP_FH__L2A_20260519T043740_20260531T043807_T_G01_M03_C___T033_F003,2026-05-19,29,55,17.074606895446777,2.3716580867767334,36.91044235229492,1.0,8649,0.25996851921081543,21.48435603104405,22.6305,36.758553,39.200943,41.973686,44.126423,34.92566,1.0,37.84720474888871,38.0,39.0,39.0,39.0,39.0,0
Loundoungou,BIO_FP_FH__L2A_20260519T043740_20260531T043807_T_G01_M03_C___T033_F003,2026-05-19,29,56,17.075440406799316,2.3716580867767334,37.7076416015625,1.0,8649,0.6941685080528259,29.55657152380333,31.41267,38.56143,39.634975,41.8359,43.43181,37.354015,1.0,36.247604371881415,36.0,38.0,38.0,38.61100387573242,39.0,0
Loundoungou,BIO_FP_FH__L2A_20260519T043740_20260531T043807_T_G01_M03_C___T033_F003,2026-05-19,29,57,17.076273918151855,2.3716580867767334,38.11504364013672,1.0,8649,1.0867685079574585,23.828973634957798,25.198738,36.520954,39.3236,42.73894,45.45699,34.064568,1.0,35.31227066696331,35.0,36.0,36.0,36.0,36.0,0
Loundoungou,BIO_FP_FH__L2A_20260519T043740_20260531T043807_T_G01_M03_C___T033_F003,2026-05-19,29,58,17.077107429504395,2.3716580867767334,38.51164245605469,0.9999999858861935,8649,1.0845685005187988,30.6228144858523,32.24247,40.353962,42.024925,44.51784,45.499615,37.547604,1.0,35.78852547054443,36.0,36.0,36.0,36.0,36.0,0
Loundoungou,BIO_FP_FH__L2A_20260519T043740_20260531T043807_T_G01_M03_C___T033_F003,2026-05-19,29,59,17.077940940856934,2.3716580867767334,38.55964279174805,1.0000000070569033,8649,1.0947685241699219,29.593598265334155,31.285175,38.62423,41.046944,45.566692,48.7076,37.095894,1.0,35.88833920905212,36.0,37.0,37.0,38.0,38.0,0
Loundoungou,BIO_FP_FH__L2A_20260519T043740_20260531T043807_T_G01_M03_C___T033_F003,2026-05-19,29,60,17.078774452209473,2.3716580867767334,37.80484390258789,1.0,8649,1.1123684644699097,31.075914213348366,33.519547,41.127525,43.212685,45.771446,47.8897,39.67853,1.0,36.97482329620104,37.0,38.0,38.0,39.0,39.0,0
Loundoungou,BIO_FP_FH__L2A_20260519T043740_20260531T043807_T_G01_M03_C___T033_F003,2026-05-19,29,61,17.07960796356201,2.3716580867767334,37.30120849609375,1.0,8649,0.6377999782562256,23.50886730944329,25.050709,36.449505,37.78433,43.429676,45.51407,35.447193,1.0,36.94197938742424,37.0,37.89580154418945,39.0,39.48830795288086,40.0,0
Loundoungou,BIO_FP_FH__L2A_20260519T043740_20260531T043807_T_G01_M03_C___T033_F003,2026-05-19,29,62,17.08044147491455,2.3716580867767334,36.95941162109375,1.0,8649,0.017999999225139618,21.153810682593363,21.42796,36.04281,39.24266,43.32483,44.638817,33.285786,1.0,37.3988106002393,37.06804656982422,38.0,38.0,38.0,38.0,0
Loundoungou,BIO_FP_FH__L2A_20260519T043740_20260531T043807_T_G01_M03_C___T033_F003,2026-05-19,29,63,17.08127498626709,2.3716580867767334,37.74620819091797,1.0,8649,0.5368000268936157,24.42202788075211,27.065979,40.050255,42.120064,45.584328,47.282566,37.684513,1.0,37.8907626153472,38.0,38.0,39.0,39.0,39.0,0
Loundoungou,BIO_FP_FH__L2A_20260519T043740_20260531T043807_T_G01_M03_C___T033_F003,2026-05-19,29,64,17.08210849761963,2.3716580867767334,38.793609619140625,0.9315913642868305,8080,1.073199987411499,24.203488403692667,24.451574,39.091293,41.854336,44.90447,46.975388,35.14607,1.0,37.548908839654146,37.0,39.0,39.0,40.0,40.0,0
Loundoungou,BIO_FP_FH__L2A_20260519T043740_20260531T043807_T_G01_M03_C___T033_F003,2026-05-19,30,13,17.039599418640137,2.3708245754241943,39.17463302612305,0.9999999933841532,8649,0.7039999961853027,30.53811438126231,31.35324,41.730232,43.801098,45.84204,47.596973,40.374126,1.0,33.853072378921816,34.0,36.0,36.0,37.0,37.0,0
Loundoungou,BIO_FP_FH__L2A_20260519T043740_20260531T043807_T_G01_M03_C___T033_F003,2026-05-19,30,14,17.040432929992676,2.3708245754241943,37.89023208618164,1.0,8649,0.40860000252723694,28.333283172865,30.527855,39.0616,40.552303,42.764385,44.666443,36.74974,1.0,33.148513779831504,33.0,34.0,34.0,34.0,34.0,0
Loundoungou,BIO_FP_FH__L2A_20260519T043740_20260531T043807_T_G01_M03_C___T033_F003,2026-05-19,30,15,17.041266441345215,2.3708245754241943,36.79043197631836,0.9999999982357742,8649,0.5523999929428101,32.06408402084522,33.068344,41.11587,42.826096,44.296627,46.38375,40.43949,1.0,33.5708768180594,34.0,35.0,35.0,35.0,35.0,0
Loundoungou,BIO_FP_FH__L2A_20260519T043740_20260531T043807_T_G01_M03_C___T033_F003,2026-05-19,30,16,17.042099952697754,2.3708245754241943,35.93223190307617,1.0,8649,0.3490000069141388,27.314930510391374,28.875608,39.133232,40.933174,43.190716,46.18084,37.769913,1.0,35.24938705811295,35.0,36.0,37.0,37.0,37.0,0
Loundoungou,BIO_FP_FH__L2A_20260519T043740_20260531T043807_T_G01_M03_C___T033_F003,2026-05-19,30,17,17.042933464050293,2.3708245754241943,35.56023406982422,0.9999999858861935,8649,0.16619999706745148,24.42117631606696,24.995375,36.35799,39.058624,43.826057,47.984867,34.63609,1.0,34.796502441378024,35.0,36.0,36.0,36.0,36.0,0
Loundoungou,BIO_FP_FH__L2A_20260519T043740_20260531T043807_T_G01_M03_C___T033_F003,2026-05-19,30,18,17.043766975402832,2.3708245754241943,37.75743103027344,0.9999999929430967,8649,0.7300000190734863,26.017378457101948,26.435995,39.029823,41.37521,44.742825,46.60036,35.619705,1.0,35.3160799387935,35.0,36.0,37.0,38.0,38.0,0
Loundoungou,BIO_FP_FH__L2A_20260519T043740_20260531T043807_T_G01_M03_C___T033_F003,2026-05-19,30,19,17.04460048675537,2.3708245754241943,39.27443313598633,1.0,8649,1.1303999423980713,30.257080049897386,31.316858,42.001347,48.13524,52.572563,54.124874,40.037132,1.0,37.34647240111119,37.0,38.0,38.0,38.0,38.299828,0
Loundoungou,BIO_FP_FH__L2A_20260519T043740_20260531T043807_T_G01_M03_C___T033_F003,2026-05-19,30,20,17.04543399810791,2.3708245754241943,38.20003128051758,1.0,8649,1.1089999675750732,36.702403728032145,38.011246,44.18947,45.455685,47.743134,49.486496,43.326145,1.0,37.8505529716175,38.0,39.0,39.0,39.0,39.0,0
Loundoungou,BIO_FP_FH__L2A_20260519T043740_20260531T043807_T_G01_M03_C___T033_F003,2026-05-19,30,21,17.04626750946045,2.3708245754241943,37.04257583618164,1.0,8649,0.9345999956130981,36.260606356226155,38.675186,43.714817,44.449677,45.740288,47.489937,43.03979,1.0,37.90955811437809,38.0,39.0,39.0,39.0,39.0,0
Loundoungou,BIO_FP_FH__L2A_20260519T043740_20260531T043807_T_G01_M03_C___T033_F003,2026-05-19,30,22,17.04710102081299,2.3708245754241943,35.826175689697266,1.0000000211707099,8649,0.3188000023365021,27.30624576360875,30.465431,38.221073,39.631462,43.67457,47.6694,36.19136,1.0,37.23467485619936,37.0,38.0,38.0,38.0,38.0,0
Loundoungou,BIO_FP_FH__L2A_20260519T043740_20260531T043807_T_G01_M03_C___T033_F003,2026-05-19,30,23,17.047934532165527,2.3708245754241943,36.851776123046875,1.000000028227613,8649,0.3206000030040741,26.818558243655385,28.780611,37.734585,39.27502,42.65384,48.156178,35.799377,1.0,36.62441297723649,37.0,37.0,37.0,37.0,37.0,0
Loundoungou,BIO_FP_FH__L2A_20260519T043740_20260531T043807_T_G01_M03_C___T033_F003,2026-05-19,30,24,17.048768043518066,2.3708245754241943,37.975975036621094,1.0,8649,0.4864000082015991,27.116859833868077,29.34958,38.76439,42.436165,45.136135,46.35833,37.395775,1.0,36.68895995772661,37.0,37.0,37.0,38.0,38.0,0
Loundoungou,BIO_FP_FH__L2A_20260519T043740_20260531T043807_T_G01_M03_C___T033_F003,2026-05-19,30,25,17.049601554870605,2.3708245754241943,39.18757629394531,1.0,8649,0.6029999852180481,30.136042868033876,30.938417,40.594,41.985588,44.925434,47.912544,39.509174,1.0,36.9277859953652,37.0,39.0,39.0,39.0,39.0,0
Loundoungou,BIO_FP_FH__L2A_20260519T043740_20260531T043807_T_G01_M03_C___T033_F003,2026-05-19,30,26,17.050435066223145,2.3708245754241943,40.7337760925293,1.0,8649,0.6851999759674072,24.489998617976067,25.426119,36.956184,39.391895,42.52357,44.99941,34.684734,1.0,35.00396299191273,35.0,36.0,36.0,37.0,37.0,0
Loundoungou,BIO_FP_FH__L2A_20260519T043740_20260531T043807_T_G01_M03_C___T033_F003,2026-05-19,30,27,17.051268577575684,2.3708245754241943,42.43877410888672,1.0,8649,0.9061999917030334,30.372953159324776,32.553608,39.024124,40.19773,42.030914,45.8724,38.12954,1.0,35.96035015217788,36.0,37.0,37.0,37.0,37.0,0
Loundoungou,BIO_FP_FH__L2A_20260519T043740_20260531T043807_T_G01_M03_C___T033_F003,2026-05-19,30,28,17.052102088928223,2.3708245754241943,41.92577362060547,1.0,8649,1.0180000066757202,32.06185076490057,34.79933,40.727192,42.176407,44.213863,47.64533,39.57237,1.0,36.42514324155153,37.0,38.0,38.0,38.0,38.0,0
Loundoungou,BIO_FP_FH__L2A_20260519T043740_20260531T043807_T_G01_M03_C___T033_F003,2026-05-19,30,29,17.05293560028076,2.3708245754241943,40.783775329589844,1.0,8649,1.0191999673843384,36.20298453939762,37.89983,42.61151,43.73124,45.204926,46.584064,41.90834,1.0,36.25108973714489,36.0,37.0,37.0,37.0,38.0,0
Loundoungou,BIO_FP_FH__L2A_20260519T043740_20260531T043807_T_G01_M03_C___T033_F003,2026-05-19,30,30,17.0537691116333,2.3708245754241943,39.59697723388672,1.0,8649,1.017199993133545,30.291497300988553,33.350296,38.66088,39.886925,41.57448,43.190643,37.620846,1.0,36.078317267975514,36.0,37.0,37.0,37.0,37.0,0
Loundoungou,BIO_FP_FH__L2A_20260519T043740_20260531T043807_T_G01_M03_C___T033_F003,2026-05-19,30,31,17.05460262298584,2.3708245754241943,38.49937438964844,1.0,8649,1.0118000507354736,32.12470146476471,33.967705,39.24026,40.033398,41.64595,44.98922,38.480053,1.0,35.84439079019152,36.0,37.0,37.0,37.0,37.0,0
Loundoungou,BIO_FP_FH__L2A_20260519T043740_20260531T043807_T_G01_M03_C___T033_F003,2026-05-19,30,32,17.05543613433838,2.3708245754241943,37.889976501464844,1.0,8649,1.0160000324249268,27.82818597164412,29.307234,35.91335,37.802338,41.24727,44.008488,34.226856,1.0,34.76549671652524,35.0,35.50811767578125,36.0,36.0,36.0,0
Loundoungou,BIO_FP_FH__L2A_20260519T043740_20260531T043807_T_G01_M03_C___T033_F003,2026-05-19,30,33,17.056269645690918,2.3708245754241943,36.264774322509766,1.0,8649,1.0537999868392944,29.954728780061277,31.76158,38.945595,40.18188,41.87899,43.212498,38.046097,1.0,34.627277331485104,35.0,35.0,36.0,36.0,36.0,0
Loundoungou,BIO_FP_FH__L2A_20260519T043740_20260531T043807_T_G01_M03_C___T033_F003,2026-05-19,30,34,17.057103157043457,2.3708245754241943,34.5109748840332,0.999999971772387,8649,1.0776000022888184,33.80774335950325,35.22774,39.937416,41.006493,42.67084,44.888,39.258358,1.0,33.39509124085453,33.0,35.0,35.0,35.0,35.0,0
Loundoungou,BIO_FP_FH__L2A_20260519T043740_20260531T043807_T_G01_M03_C___T033_F003,2026-05-19,30,35,17.057936668395996,2.3708245754241943,35.411773681640625,1.000000028227613,8649,0.7806000113487244,29.053301494468588,30.835058,36.236183,37.561092,40.153343,42.619137,35.41854,1.0,32.61265167036088,32.50811767578125,34.0,34.0,34.0,34.0,0
Loundoungou,BIO_FP_FH__L2A_20260519T043740_20260531T043807_T_G01_M03_C___T033_F003,2026-05-19,30,36,17.058770179748535,2.3708245754241943,36.91037368774414,1.0,8649,0.30320000648498535,28.229937619233436,29.67482,36.4379,38.24181,42.05327,43.402935,34.96085,1.0,33.507119544738565,33.799686431884766,34.0,34.0,34.0,34.0,0
Loundoungou,BIO_FP_FH__L2A_20260519T043740_20260531T043807_T_G01_M03_C___T033_F003,2026-05-19,30,37,17.059603691101074,2.3708245754241943,37.44537353515625,1.0,8649,0.0,26.84904459691872,28.749592,37.429394,39.035034,41.637177,43.892574,36.26799,1.0,33.17008292499974,33.0,34.0,34.0,34.0,34.0,0
Loundoungou,BIO_FP_FH__L2A_20260519T043740_20260531T043807_T_G01_M03_C___T033_F003,2026-05-19,30,38,17.060437202453613,2.3708245754241943,37.88477325439453,1.0,8649,0.0,23.57313706786912,28.181625,36.78392,38.452896,41.00437,43.706947,35.662846,1.0,34.19347053269373,34.0,35.0,35.0,36.0,36.0,0
Loundoungou,BIO_FP_FH__L2A_20260519T043740_20260531T043807_T_G01_M03_C___T033_F003,2026-05-19,30,39,17.061270713806152,2.3708245754241943,38.04557418823242,1.0,8649,0.0,26.719480304804023,31.25588,37.61111,38.578007,39.877228,41.758545,36.63853,1.0,35.52379905426346,36.0,36.0,36.0,37.0,37.0,0
Loundoungou,BIO_FP_FH__L2A_20260519T043740_20260531T043807_T_G01_M03_C___T033_F003,2026-05-19,30,40,17.06210422515869,2.3708245754241943,37.6995735168457,1.0,8649,0.0,34.820513028962885,36.54076,41.159546,42.135437,43.794903,45.818035,40.262886,1.0,36.42012159550641,36.0,37.0,38.0,38.0,38.0,0
Loundoungou,BIO_FP_FH__L2A_20260519T043740_20260531T043807_T_G01_M03_C___T033_F003,2026-05-19,30,41,17.06293773651123,2.3708245754241943,38.39737319946289,1.0,8649,0.17319999635219574,34.70453547736732,35.40928,40.93517,42.366447,44.483456,46.31422,40.167553,1.0,35.55003993025211,36.0,36.0,36.0,36.0,36.0,0
Loundoungou,BIO_FP_FH__L2A_20260519T043740_20260531T043807_T_G01_M03_C___T033_F003,2026-05-19,30,42,17.06377124786377,2.3708245754241943,39.38177490234375,1.0,8649,0.7182000279426575,31.670987975488497,32.91041,39.863155,41.306248,43.0998,45.36135,38.465675,1.0,36.18368815681068,36.0,37.0,37.0,37.0,37.0,0
Loundoungou,BIO_FP_FH__L2A_20260519T043740_20260531T043807_T_G01_M03_C___T033_F003,2026-05-19,30,43,17.06460475921631,2.3708245754241943,39.56437301635742,1.0,8649,0.600600004196167,26.69868445774078,28.271507,35.338264,37.438484,40.90077,43.9769,34.25403,1.0,35.91571438652971,36.0,37.0,37.0,37.0,37.0,0
Loundoungou,BIO_FP_FH__L2A_20260519T043740_20260531T043807_T_G01_M03_C___T033_F003,2026-05-19,30,44,17.065438270568848,2.3708245754241943,40.54837417602539,1.0,8649,0.6815999746322632,30.226683540004625,31.556938,38.703022,40.807663,43.81209,49.61057,37.213657,1.0,35.95379980799366,36.0,37.0,37.0,37.0,37.0,0
Loundoungou,BIO_FP_FH__L2A_20260519T043740_20260531T043807_T_G01_M03_C___T033_F003,2026-05-19,30,45,17.066271781921387,2.3708245754241943,41.005245208740234,1.0,8649,1.0978000164031982,29.390965989565267,31.877218,39.88168,41.976143,44.637707,47.925858,38.344215,1.0,35.7750460999262,36.0,37.0,37.0,37.0,37.299828,0
Loundoungou,BIO_FP_FH__L2A_20260519T043740_20260531T043807_T_G01_M03_C___T033_F003,2026-05-19,30,46,17.067105293273926,2.3708245754241943,40.94804382324219,1.0,8649,1.0773999691009521,32.3221565535033,35.96731,42.24915,43.710793,46.168774,48.865395,41.23613,1.0,35.82958901500493,36.0,37.0,37.0,37.0,37.0,0
Loundoungou,BIO_FP_FH__L2A_20260519T043740_20260531T043807_T_G01_M03_C___T033_F003,2026-05-19,30,47,17.067938804626465,2.3708245754241943,40.693443298339844,1.0,8649,1.06659996509552,34.67960846268355,36.504467,40.96347,41.890324,43.788097,45.830765,40.526905,1.0,35.32154862775129,35.0,36.0,36.0,38.0,38.0,0
Loundoungou,BIO_FP_FH__L2A_20260519T043740_20260531T043807_T_G01_M03_C___T033_F003,2026-05-19,30,48,17.068772315979004,2.3708245754241943,39.7508430480957,0.9999999576585805,8649,1.076200008392334,28.59949925623765,31.400745,37.84503,39.74379,43.36293,44.732876,36.27565,1.0,36.611707181706706,36.0,38.0,38.0,38.0,38.0,0
Loundoungou,BIO_FP_FH__L2A_20260519T043740_20260531T043807_T_G01_M03_C___T033_F003,2026-05-19,30,49,17.069605827331543,2.3708245754241943,38.805843353271484,1.0,8649,1.0895999670028687,29.063921768412534,31.18573,40.85718,42.137123,43.753124,44.88699,39.887833,1.0,35.16938381744183,35.0,36.0,37.0,37.0,37.0,0
Loundoungou,BIO_FP_FH__L2A_20260519T043740_20260531T043807_T_G01_M03_C___T033_F003,2026-05-19,30,50,17.070439338684082,2.3708245754241943,38.63124465942383,1.0,8649,1.107800006866455,28.314960544571626,29.88113,40.815277,42.90057,45.01314,46.62845,37.83218,1.0,34.160321243926546,35.0,36.0,36.0,37.0,37.0,0
Loundoungou,BIO_FP_FH__L2A_20260519T043740_20260531T043807_T_G01_M03_C___T033_F003,2026-05-19,30,51,17.07127285003662,2.3708245754241943,38.607242584228516,1.0,8649,1.1197999715805054,25.149035925396,27.151672,36.942394,38.12361,40.28072,44.082542,35.00357,1.0,35.74616527127343,36.0,37.0,37.0,37.0,37.0,0
Loundoungou,BIO_FP_FH__L2A_20260519T043740_20260531T043807_T_G01_M03_C___T033_F003,2026-05-19,30,52,17.07210636138916,2.3708245754241943,38.504642486572266,1.0,8649,0.7052000164985657,27.277852750317955,30.012177,38.671017,40.08856,41.542053,44.58136,37.741463,1.0,36.656017394765485,37.0,38.0,38.0,38.0,38.0,0
Loundoungou,BIO_FP_FH__L2A_20260519T043740_20260531T043807_T_G01_M03_C___T033_F003,2026-05-19,30,53,17.0729398727417,2.3708245754241943,38.17584228515625,1.0,8649,0.573368489742279,27.771247940513355,30.888208,38.31683,39.333168,40.80855,42.165745,37.504925,1.0,35.59893043518949,35.0,37.458675384521484,38.0,38.0,38.0,0
Loundoungou,BIO_FP_FH__L2A_20260519T043740_20260531T043807_T_G01_M03_C___T033_F003,2026-05-19,30,54,17.07377338409424,2.3708245754241943,37.73124313354492,1.0,8649,0.6847684979438782,30.47475954590126,32.69627,40.9475,43.0297,45.639637,47.464,38.305565,1.0,35.82627581524593,36.0,36.89585494995117,37.0,37.0,37.0,0
Loundoungou,BIO_FP_FH__L2A_20260519T043740_20260531T043807_T_G01_M03_C___T033_F003,2026-05-19,30,55,17.074606895446777,2.3708245754241943,38.48944091796875,1.0,8649,0.7837685346603394,26.84551049976876,29.96317,41.02799,42.053043,43.340523,45.165913,40.25586,1.0,37.18011230572839,37.0,38.0,38.0,38.0,38.299828,0
Loundoungou,BIO_FP_FH__L2A_20260519T043740_20260531T043807_T_G01_M03_C___T033_F003,2026-05-19,30,56,17.075440406799316,2.3708245754241943,39.29124069213867,1.0,8649,1.0621684789657593,32.42328547736732,34.491695,42.20344,43.39451,44.937084,46.149853,41.23545,1.0,36.815071869866806,37.0,38.0,38.0,38.0,38.0,0
Loundoungou,BIO_FP_FH__L2A_20260519T043740_20260531T043807_T_G01_M03_C___T033_F003,2026-05-19,30,57,17.076273918151855,2.3708245754241943,39.16944122314453,1.0,8649,1.0621684789657593,30.19345128410799,32.0722,39.52701,41.212173,42.834072,44.289047,38.083244,1.0,35.35031204144243,35.0,36.0,36.0,36.0,36.0,0
Loundoungou,BIO_FP_FH__L2A_20260519T043740_20260531T043807_T_G01_M03_C___T033_F003,2026-05-19,30,58,17.077107429504395,2.3708245754241943,38.81264114379883,1.0,8649,1.0695685148239136,30.558879187622846,31.487553,39.769405,42.216785,45.968826,48.848843,38.112026,1.0,36.4906948335268,36.0,37.38592529296875,38.0,38.0,38.0,0
Loundoungou,BIO_FP_FH__L2A_20260519T043740_20260531T043807_T_G01_M03_C___T033_F003,2026-05-19,30,59,17.077940940856934,2.3708245754241943,38.096641540527344,0.9999999647154837,8649,1.0933685302734375,27.722010928730068,29.590572,38.692883,40.03997,41.921684,44.238422,37.07976,1.0,35.8574457718797,36.0,37.0,37.0,38.0,38.0,0
Loundoungou,BIO_FP_FH__L2A_20260519T043740_20260531T043807_T_G01_M03_C___T033_F003,2026-05-19,30,60,17.078774452209473,2.3708245754241943,37.38064193725586,1.0000000070569033,8649,1.1171685457229614,26.54543068798942,27.423113,37.98735,39.77077,42.37817,44.355053,35.243965,1.0,36.47828394863038,36.0,38.0,38.0,39.0,39.0,0
Loundoungou,BIO_FP_FH__L2A_20260519T043740_20260531T043807_T_G01_M03_C___T033_F003,2026-05-19,30,61,17.07960796356201,2.3708245754241943,36.8668098449707,1.0,8649,0.6304000020027161,27.818017369240664,30.208527,38.72434,42.085857,46.58541,48.452667,36.480427,1.0,38.07308731758329,38.0,39.0,39.0,39.0,39.0,0
Loundoungou,BIO_FP_FH__L2A_20260519T043740_20260531T043807_T_G01_M03_C___T033_F003,2026-05-19,30,62,17.08044147491455,2.3708245754241943,36.31721115112305,1.0,8649,0.11840000003576279,23.21139817464447,24.55129,36.08146,38.50953,41.74768,43.94242,33.75946,1.0,37.694744565718736,38.0,39.0,39.0,39.0,39.0,0
Loundoungou,BIO_FP_FH__L2A_20260519T043740_20260531T043807_T_G01_M03_C___T033_F003,2026-05-19,31,12,17.038765907287598,2.3699910640716553,40.60793685913086,1.0000000004410565,8649,1.062088131904602,30.93321456894483,33.659557,41.946896,43.886417,47.142372,48.90438,39.621883,1.0,35.010597084557915,35.0,36.0,37.0,38.0,38.0,0
Loundoungou,BIO_FP_FH__L2A_20260519T043740_20260531T043807_T_G01_M03_C___T033_F003,2026-05-19,31,13,17.039599418640137,2.3699910640716553,40.29143142700195,1.0000000070569033,8649,0.7928000092506409,31.203377558075367,33.176464,41.312893,42.875923,44.78816,46.402225,40.37954,1.0,30.938933934072686,31.0,35.0,35.0,36.0,36.0,0
Loundoungou,BIO_FP_FH__L2A_20260519T043740_20260531T043807_T_G01_M03_C___T033_F003,2026-05-19,31,14,17.040432929992676,2.3699910640716553,38.40583419799805,1.0,8649,0.9599999785423279,33.75532920397228,33.103184,46.05785,47.818447,49.06852,50.275402,45.255184,1.0,33.39926771379397,33.0,36.0,36.0,36.0,36.31969,0
Loundoungou,BIO_FP_FH__L2A_20260519T043740_20260531T043807_T_G01_M03_C___T033_F003,2026-05-19,31,15,17.041266441345215,2.3699910640716553,36.75583267211914,1.0,8649,0.993399977684021,28.04899952306625,29.582201,40.73883,43.808876,46.984055,50.10454,37.63254,1.0,35.03754058883761,35.0,36.0,37.0,37.0,37.0,0
Loundoungou,BIO_FP_FH__L2A_20260519T043740_20260531T043807_T_G01_M03_C___T033_F003,2026-05-19,31,16,17.042099952697754,2.3699910640716553,35.62443161010742,1.0000000105853548,8649,0.4803999960422516,28.11957751661473,28.504694,39.221245,43.819878,47.94538,50.64373,36.95129,1.0,34.7112015013971,35.0,36.0,36.0,36.0,36.0,0
Loundoungou,BIO_FP_FH__L2A_20260519T043740_20260531T043807_T_G01_M03_C___T033_F003,2026-05-19,31,17,17.042933464050293,2.3699910640716553,34.785430908203125,1.0000000035284515,8649,0.03840000182390213,30.82258426245021,31.431322,38.432655,40.337696,43.075226,46.94096,37.00773,1.0,33.829723184378054,34.0,34.0,35.0,35.0,35.0,0
Loundoungou,BIO_FP_FH__L2A_20260519T043740_20260531T043807_T_G01_M03_C___T033_F003,2026-05-19,31,18,17.043766975402832,2.3699910640716553,37.359432220458984,1.0,8649,0.6151999831199646,27.727386859210604,28.786463,41.562943,44.664135,47.01471,48.81675,40.16085,1.0,35.43383938448321,36.0,37.0,37.0,37.0,37.0,0
Loundoungou,BIO_FP_FH__L2A_20260519T043740_20260531T043807_T_G01_M03_C___T033_F003,2026-05-19,31,19,17.04460048675537,2.3699910640716553,36.968631744384766,1.0,8649,0.6754000186920166,32.54607581982021,34.14345,40.945442,42.70369,45.535034,48.090656,39.85716,1.0,37.64960413092698,38.0,39.0,39.0,39.0,39.0,0
Loundoungou,BIO_FP_FH__L2A_20260519T043740_20260531T043807_T_G01_M03_C___T033_F003,2026-05-19,31,20,17.04543399810791,2.3699910640716553,35.61863327026367,1.0,8649,0.548799991607666,31.3888895663516,33.100452,40.8746,42.340984,44.510906,48.132153,39.52838,1.0,38.344441778963876,38.0,39.0,39.0,39.0,39.0,0
Loundoungou,BIO_FP_FH__L2A_20260519T043740_20260531T043807_T_G01_M03_C___T033_F003,2026-05-19,31,21,17.04626750946045,2.3699910640716553,35.091773986816406,1.0,8649,0.4291999936103821,27.24553281087409,29.896963,39.299736,41.182594,45.515827,47.493656,37.097847,1.0,37.75543051949125,38.0,39.0,39.0,39.0,39.0,0
Loundoungou,BIO_FP_FH__L2A_20260519T043740_20260531T043807_T_G01_M03_C___T033_F003,2026-05-19,31,22,17.04710102081299,2.3699910640716553,34.60977554321289,0.9999999858861935,8649,0.08160000294446945,22.81102209831178,24.979738,34.020237,37.655212,43.981598,45.111164,32.037605,1.0,36.344896046381244,36.0,37.0,37.0,37.286338806152344,38.0,0
Loundoungou,BIO_FP_FH__L2A_20260519T043740_20260531T043807_T_G01_M03_C___T033_F003,2026-05-19,31,23,17.047934532165527,2.3699910640716553,38.04097366333008,1.0,8649,0.746399998664856,28.890674680598913,29.569035,38.31058,39.948036,43.360523,45.803097,36.835827,1.0,36.079593256644834,36.0,37.0,37.0,37.0,37.0,0
Loundoungou,BIO_FP_FH__L2A_20260519T043740_20260531T043807_T_G01_M03_C___T033_F003,2026-05-19,31,24,17.048768043518066,2.3699910640716553,39.778175354003906,1.0,8649,1.044800043106079,29.93775856493525,32.43691,42.172955,43.872925,46.050213,46.86557,40.641636,1.0,36.22339003870895,36.0,37.0,37.0,38.0,38.0,0
Loundoungou,BIO_FP_FH__L2A_20260519T043740_20260531T043807_T_G01_M03_C___T033_F003,2026-05-19,31,25,17.049601554870605,2.3699910640716553,40.550376892089844,1.0,8649,1.1008000373840332,35.483867580428374,35.956955,42.38256,43.37363,45.092514,46.371716,41.909935,1.0,35.99547288850327,36.0,37.0,37.0,37.0,37.0,0
Loundoungou,BIO_FP_FH__L2A_20260519T043740_20260531T043807_T_G01_M03_C___T033_F003,2026-05-19,31,26,17.050435066223145,2.3699910640716553,41.46837615966797,1.0,8649,1.07260000705719,31.504974157055727,33.97444,40.323227,41.63889,44.138252,46.748672,39.28561,1.0,34.73637438829351,35.0,36.0,36.0,36.0,36.0,0
Loundoungou,BIO_FP_FH__L2A_20260519T043740_20260531T043807_T_G01_M03_C___T033_F003,2026-05-19,31,27,17.051268577575684,2.3699910640716553,42.822975158691406,1.0,8649,1.0282000303268433,35.464797682535554,36.827732,41.326603,42.651623,44.85502,46.04419,40.7741,1.0,35.261744059142465,35.0,36.0,36.0,36.0,36.0,0
Loundoungou,BIO_FP_FH__L2A_20260519T043740_20260531T043807_T_G01_M03_C___T033_F003,2026-05-19,31,28,17.052102088928223,2.3699910640716553,42.56697463989258,1.0,8649,1.0127999782562256,34.08585846268355,36.2301,40.77579,42.04946,43.8398,45.42472,40.27204,1.0,36.36032273946077,36.0,37.0,37.0,37.0,37.0,0
Loundoungou,BIO_FP_FH__L2A_20260519T043740_20260531T043807_T_G01_M03_C___T033_F003,2026-05-19,31,29,17.05293560028076,2.3699910640716553,40.994773864746094,1.0,8649,1.0155999660491943,33.87660784483755,35.542698,40.13652,41.085384,42.421375,44.74393,39.4914,1.0,36.723969662750456,37.0,37.0,38.0,38.0,38.0,0
Loundoungou,BIO_FP_FH__L2A_20260519T043740_20260531T043807_T_G01_M03_C___T033_F003,2026-05-19,31,30,17.0537691116333,2.3699910640716553,39.27617645263672,1.0,8649,1.013200044631958,32.886991541652215,34.78669,39.08646,40.066235,41.455193,43.333733,38.272545,1.0,36.67469368770448,37.0,37.619117736816406,38.0,38.0,38.0,0
Loundoungou,BIO_FP_FH__L2A_20260519T043740_20260531T043807_T_G01_M03_C___T033_F003,2026-05-19,31,31,17.05460262298584,2.3699910640716553,38.651973724365234,1.0,8649,1.010200023651123,32.1290367744826,33.2219,37.892746,38.808514,40.488167,44.26831,37.314472,1.0,36.653054818126805,37.0,37.0,38.0,38.0,38.0,0
Loundoungou,BIO_FP_FH__L2A_20260519T043740_20260531T043807_T_G01_M03_C___T033_F003,2026-05-19,31,32,17.05543613433838,2.3699910640716553,38.623775482177734,1.0,8649,1.010200023651123,24.25903012631518,26.127586,35.015625,37.39177,39.85596,42.39323,33.069508,1.0,35.73104185081656,36.0,37.0,37.0,37.0,37.0,0
Loundoungou,BIO_FP_FH__L2A_20260519T043740_20260531T043807_T_G01_M03_C___T033_F003,2026-05-19,31,33,17.056269645690918,2.3699910640716553,37.056575775146484,1.0,8649,1.034000039100647,32.91447801046364,35.185352,39.685997,40.73226,42.476562,44.253567,38.908665,1.0,34.798540570747235,35.0,36.0,36.0,37.0,37.0,0
Loundoungou,BIO_FP_FH__L2A_20260519T043740_20260531T043807_T_G01_M03_C___T033_F003,2026-05-19,31,34,17.057103157043457,2.3699910640716553,35.23357391357422,0.9999999153171609,8649,1.0501999855041504,34.04066961436364,35.13559,39.2856,40.402206,42.217728,43.701416,38.364162,1.0,32.69995683459881,33.0,34.0,34.0,34.0,34.0,0
Loundoungou,BIO_FP_FH__L2A_20260519T043740_20260531T043807_T_G01_M03_C___T033_F003,2026-05-19,31,35,17.057936668395996,2.3699910640716553,34.73517608642578,1.0,8649,0.8898000121116638,31.67587473985432,33.176804,38.410305,39.81887,41.571476,44.458206,37.66887,1.0,32.90059302977598,33.0,33.40578842163086,34.0,34.0,34.0,0
Loundoungou,BIO_FP_FH__L2A_20260519T043740_20260531T043807_T_G01_M03_C___T033_F003,2026-05-19,31,36,17.058770179748535,2.3699910640716553,36.344974517822266,1.0,8649,0.41359999775886536,29.93103248930512,32.177063,37.099476,38.176426,39.547825,40.9681,36.51887,1.0,33.352683326332176,33.0,34.0,34.0,35.0,35.0,0
Loundoungou,BIO_FP_FH__L2A_20260519T043740_20260531T043807_T_G01_M03_C___T033_F003,2026-05-19,31,37,17.059603691101074,2.3699910640716553,35.22257614135742,1.0,8649,0.0015999999595806003,23.68847328809689,23.337906,32.951557,34.68286,39.62215,42.41114,31.660622,1.0,32.13443789910493,32.0,33.180450439453125,34.0,34.0,34.31969,0
Loundoungou,BIO_FP_FH__L2A_20260519T043740_20260531T043807_T_G01_M03_C___T033_F003,2026-05-19,31,38,17.060437202453613,2.3699910640716553,35.078773498535156,1.0,8649,0.0,25.644252587004278,26.666574,34.25063,37.44203,39.539505,42.319515,32.68705,1.0,32.33979544571775,32.0,34.0,34.0,35.0,35.0,0
Loundoungou,BIO_FP_FH__L2A_20260519T043740_20260531T043807_T_G01_M03_C___T033_F003,2026-05-19,31,39,17.061270713806152,2.3699910640716553,37.7979736328125,1.0,8649,0.0,28.9188119652561,29.76051,36.38765,37.8145,39.208466,42.00944,35.5035,1.0,34.06867288630716,34.0,35.0,35.0,36.0,36.0,0
Loundoungou,BIO_FP_FH__L2A_20260519T043740_20260531T043807_T_G01_M03_C___T033_F003,2026-05-19,31,40,17.06210422515869,2.3699910640716553,37.83657455444336,1.0,8649,0.0,33.303236826511736,33.908264,39.41753,40.392372,42.52655,43.988323,38.64887,1.0,35.55220036722219,36.0,36.0,36.0,37.0,37.0,0
Loundoungou,BIO_FP_FH__L2A_20260519T043740_20260531T043807_T_G01_M03_C___T033_F003,2026-05-19,31,41,17.06293773651123,2.3699910640716553,39.32797622680664,1.0,8649,0.04019999876618385,31.684334894207424,32.710373,38.39796,39.789177,41.58714,43.609875,37.512165,1.0,35.46528281376036,36.0,36.0,36.0,36.0,36.0,0
Loundoungou,BIO_FP_FH__L2A_20260519T043740_20260531T043807_T_G01_M03_C___T033_F003,2026-05-19,31,42,17.06377124786377,2.3699910640716553,39.57377624511719,1.0,8649,0.16940000653266907,34.612743344606315,35.958294,41.090767,42.29608,44.616093,46.053894,40.646145,1.0,34.724839845962336,35.0,35.0,35.3196907043457,36.0,36.0,0
Loundoungou,BIO_FP_FH__L2A_20260519T043740_20260531T043807_T_G01_M03_C___T033_F003,2026-05-19,31,43,17.06460475921631,2.3699910640716553,39.440975189208984,1.0,8649,0.04899999871850014,28.82042360388484,30.651981,37.82771,39.59753,42.558914,44.906067,36.660152,1.0,35.370700966734354,35.0,36.0,36.0,36.0,36.0,0
Loundoungou,BIO_FP_FH__L2A_20260519T043740_20260531T043807_T_G01_M03_C___T033_F003,2026-05-19,31,44,17.065438270568848,2.3699910640716553,40.088375091552734,1.0,8649,0.574400007724762,33.404977273384205,34.56338,40.75699,41.96773,44.872524,47.319782,39.93059,1.0,35.760468055477226,36.0,36.0,37.0,38.0,38.0,0
Loundoungou,BIO_FP_FH__L2A_20260519T043740_20260531T043807_T_G01_M03_C___T033_F003,2026-05-19,31,45,17.066271781921387,2.3699910640716553,40.41804504394531,1.0,8649,0.923799991607666,32.03279777647705,34.125633,40.11555,41.573917,43.509037,47.554058,38.542305,1.0,36.94875723734827,37.0,38.0,38.0,38.0,38.0,0
Loundoungou,BIO_FP_FH__L2A_20260519T043740_20260531T043807_T_G01_M03_C___T033_F003,2026-05-19,31,46,17.067105293273926,2.3699910640716553,40.196044921875,1.0,8649,0.7829999923706055,31.230912262255753,33.011047,41.662228,43.48362,47.752724,49.15182,40.877613,1.0,35.53201375320228,35.59421157836914,36.0,36.0,37.0,37.0,0
Loundoungou,BIO_FP_FH__L2A_20260519T043740_20260531T043807_T_G01_M03_C___T033_F003,2026-05-19,31,47,17.067938804626465,2.3699910640716553,39.55824279785156,1.0,8649,1.0371999740600586,32.88429027199676,34.956615,40.403625,41.71976,44.66281,47.389553,39.495052,1.0,35.26171067954902,35.0,36.0,37.0,37.0,37.0,0
Loundoungou,BIO_FP_FH__L2A_20260519T043740_20260531T043807_T_G01_M03_C___T033_F003,2026-05-19,31,48,17.068772315979004,2.3699910640716553,38.33684158325195,1.0,8649,1.1022000312805176,25.942857375130075,28.61422,36.121666,38.400414,41.478268,43.707756,34.773815,1.0,35.72202951230814,36.0,37.0,37.0,37.0,37.0,0
Loundoungou,BIO_FP_FH__L2A_20260519T043740_20260531T043807_T_G01_M03_C___T033_F003,2026-05-19,31,49,17.069605827331543,2.3699910640716553,38.7314453125,1.000000112910452,8649,1.1030000448226929,29.519324226504214,31.468374,40.46281,42.17995,45.828564,47.43439,39.240364,1.0,36.17597953266237,36.0,37.0,38.0,38.0,38.0,0
Loundoungou,BIO_FP_FH__L2A_20260519T043740_20260531T043807_T_G01_M03_C___T033_F003,2026-05-19,31,50,17.070439338684082,2.3699910640716553,38.84004211425781,1.0,8649,1.114799976348877,21.12457726326743,22.739365,33.25172,35.005367,41.034523,44.81848,31.279821,1.0,33.779069475334275,34.0,36.0,36.0,36.0,37.0,0
Loundoungou,BIO_FP_FH__L2A_20260519T043740_20260531T043807_T_G01_M03_C___T033_F003,2026-05-19,31,51,17.07127285003662,2.3699910640716553,39.161842346191406,1.0,8649,1.1136000156402588,20.749805794022432,18.154583,36.38238,38.77977,42.72262,44.20078,34.787468,1.0,32.611118979778766,33.0,34.0,35.0,35.0,35.0,0
Loundoungou,BIO_FP_FH__L2A_20260519T043740_20260531T043807_T_G01_M03_C___T033_F003,2026-05-19,31,52,17.07210636138916,2.3699910640716553,39.11904525756836,1.0,8649,1.0088000297546387,27.1158926429356,30.396828,39.850624,41.929638,44.6132,45.997753,37.7747,1.0,34.68434332059096,34.0,36.0,37.0,37.0,37.0,0
Loundoungou,BIO_FP_FH__L2A_20260519T043740_20260531T043807_T_G01_M03_C___T033_F003,2026-05-19,31,53,17.0729398727417,2.3699910640716553,38.71824264526367,1.0,8649,1.0933685302734375,31.75969539469881,32.821373,40.284924,42.22702,45.42557,46.870693,38.492218,1.0,36.14684057130967,36.0,37.0,37.0,38.0,38.0,0
Loundoungou,BIO_FP_FH__L2A_20260519T043740_20260531T043807_T_G01_M03_C___T033_F003,2026-05-19,31,54,17.07377338409424,2.3699910640716553,38.9742431640625,1.0,8649,1.0749685764312744,32.933741436871315,35.711853,41.294754,42.392937,44.088394,45.88528,40.577522,1.0,35.94686920434178,36.0,36.0,37.0,37.0,37.0,0
Loundoungou,BIO_FP_FH__L2A_20260519T043740_20260531T043807_T_G01_M03_C___T033_F003,2026-05-19,31,55,17.074606895446777,2.3699910640716553,39.83304214477539,1.0,8649,1.0547685623168945,29.0277244840444,32.60331,38.757496,40.225143,43.440693,46.3245,37.975525,1.0,37.327573369811596,37.0,39.0,39.0,39.0,39.0,0
Loundoungou,BIO_FP_FH__L2A_20260519T043740_20260531T043807_T_G01_M03_C___T033_F003,2026-05-19,31,56,17.075440406799316,2.3699910640716553,40.11844253540039,1.0,8649,1.044168472290039,32.873708756070066,37.17389,42.85518,44.49936,46.025913,48.19931,41.181126,1.0,37.23112031917019,37.0,38.0,38.0,38.0,38.0,0
Loundoungou,BIO_FP_FH__L2A_20260519T043740_20260531T043807_T_G01_M03_C___T033_F003,2026-05-19,31,57,17.076273918151855,2.3699910640716553,38.95924377441406,1.0,8649,1.0587685108184814,36.134795207538446,38.28411,43.891663,45.23607,48.654587,50.59659,43.069527,1.0,35.80757945335618,36.0,36.453468322753906,38.0,38.0,38.31969,0
Loundoungou,BIO_FP_FH__L2A_20260519T043740_20260531T043807_T_G01_M03_C___T033_F003,2026-05-19,31,58,17.077107429504395,2.3699910640716553,38.52564239501953,1.0,8649,1.064368486404419,32.222307808344894,35.611526,41.422478,42.668747,44.995014,48.54822,40.271297,1.0,36.233643806026166,36.0,37.0,37.0,38.0,38.0,0
Loundoungou,BIO_FP_FH__L2A_20260519T043740_20260531T043807_T_G01_M03_C___T033_F003,2026-05-19,31,59,17.077940940856934,2.3699910640716553,37.63764190673828,1.0,8649,1.09596848487854,36.67696319661233,38.695087,44.076645,45.204002,47.282166,48.68675,43.257343,1.0,36.07861400414153,36.0,37.0,37.0,37.0,37.31969,0
Loundoungou,BIO_FP_FH__L2A_20260519T043740_20260531T043807_T_G01_M03_C___T033_F003,2026-05-19,31,60,17.078774452209473,2.3699910640716553,36.81064224243164,0.9999999576585805,8649,1.1247684955596924,29.222091580119038,29.492907,41.895,44.147564,47.023167,49.94708,38.989376,1.0,36.79629071046333,37.0,38.0,38.0,38.0,38.0,0
Loundoungou,BIO_FP_FH__L2A_20260519T043740_20260531T043807_T_G01_M03_C___T033_F003,2026-05-19,31,61,17.07960796356201,2.3699910640716553,36.22581100463867,1.0,8649,0.7549999952316284,28.773975179572783,30.720613,42.53351,44.040627,45.808,47.458527,41.162186,1.0,38.73292422595087,39.0,40.0,40.0,40.0,40.0,0
Loundoungou,BIO_FP_FH__L2A_20260519T043740_20260531T043807_T_G01_M03_C___T033_F003,2026-05-19,32,11,17.03793239593506,2.369157552719116,40.87793731689453,1.0000000022052822,8649,1.0742881298065186,22.715346659515017,23.20644,36.26205,38.848713,42.4782,45.1847,33.320606,1.0,37.144400511163965,37.0,38.0,38.0,39.0,39.0,0
Loundoungou,BIO_FP_FH__L2A_20260519T043740_20260531T043807_T_G01_M03_C___T033_F003,2026-05-19,32,12,17.038765907287598,2.369157552719116,41.5511360168457,1.0000000017642259,8649,1.0452880859375,26.735824412532875,28.595165,36.653748,38.406982,41.36822,44.13218,35.680668,1.0,36.04591553990504,36.0,37.0,37.0,38.0,38.0,0
Loundoungou,BIO_FP_FH__L2A_20260519T043740_20260531T043807_T_G01_M03_C___T033_F003,2026-05-19,32,13,17.039599418640137,2.369157552719116,41.45703125,1.0,8649,1.0338000059127808,31.79394858690311,34.399532,39.856712,41.68774,45.06063,46.87345,38.809322,1.0,33.11757236519967,33.0,35.0,36.0,36.0,36.0,0
Loundoungou,BIO_FP_FH__L2A_20260519T043740_20260531T043807_T_G01_M03_C___T033_F003,2026-05-19,32,14,17.040432929992676,2.369157552719116,39.84623336791992,1.0,8649,1.0681999921798706,27.43610284606602,30.218153,39.81488,42.143658,44.868782,47.552517,38.41092,1.0,35.77221182616877,36.0,37.0,37.0,38.0,38.0,0
Loundoungou,BIO_FP_FH__L2A_20260519T043740_20260531T043807_T_G01_M03_C___T033_F003,2026-05-19,32,15,17.041266441345215,2.369157552719116,38.21663284301758,0.9999999753008386,8649,1.0434000492095947,36.723527357894476,37.895588,43.347466,44.561825,46.259464,47.313213,42.864235,1.0,36.216244715102796,36.0,37.0,38.0,38.0,38.0,0
Loundoungou,BIO_FP_FH__L2A_20260519T043740_20260531T043807_T_G01_M03_C___T033_F003,2026-05-19,32,16,17.042099952697754,2.369157552719116,36.51283264160156,1.0000000070569033,8649,0.5663999915122986,35.238441334167675,35.803856,43.11353,44.115658,45.4832,46.936806,42.232346,1.0,35.938503874920876,36.0,38.0,38.0,38.0,38.339554,0
Loundoungou,BIO_FP_FH__L2A_20260519T043740_20260531T043807_T_G01_M03_C___T033_F003,2026-05-19,32,17,17.042933464050293,2.369157552719116,35.273231506347656,1.0,8649,0.06120000034570694,29.87892318656781,31.06219,40.474117,41.857456,44.349274,46.234856,39.50958,1.0,34.429997865692535,35.0,36.0,36.0,36.0,36.0,0
Loundoungou,BIO_FP_FH__L2A_20260519T043740_20260531T043807_T_G01_M03_C___T033_F003,2026-05-19,32,18,17.043766975402832,2.369157552719116,35.840232849121094,1.0,8649,0.23440000414848328,26.842826392502023,27.604778,41.713425,44.7717,47.84594,49.184505,38.89728,1.0,36.04914294007004,36.0,37.0,37.0,38.0,38.0,0
Loundoungou,BIO_FP_FH__L2A_20260519T043740_20260531T043807_T_G01_M03_C___T033_F003,2026-05-19,32,19,17.04460048675537,2.369157552719116,34.40983200073242,1.0,8649,0.1136000007390976,27.741184177722857,29.577728,42.049137,43.81935,46.13344,47.436214,40.438904,1.0,37.514276392708794,37.33955383300781,38.0,39.0,39.0,39.0,0
Loundoungou,BIO_FP_FH__L2A_20260519T043740_20260531T043807_T_G01_M03_C___T033_F003,2026-05-19,32,20,17.04543399810791,2.369157552719116,33.58843231201172,0.9999999858861935,8649,0.0,27.199556736140988,28.984993,39.192585,40.93138,44.6737,46.71616,37.132942,1.0,37.71424381619093,38.0,39.0,39.0,39.0,39.0,0
Loundoungou,BIO_FP_FH__L2A_20260519T043740_20260531T043807_T_G01_M03_C___T033_F003,2026-05-19,32,21,17.04626750946045,2.369157552719116,33.732975006103516,1.0,8649,0.0,26.86505326663487,27.929852,36.829296,39.184776,46.295246,47.74152,34.41146,1.0,36.67336455923048,37.0,37.0,38.0,38.0,38.0,0
Loundoungou,BIO_FP_FH__L2A_20260519T043740_20260531T043807_T_G01_M03_C___T033_F003,2026-05-19,32,22,17.04710102081299,2.369157552719116,35.46837615966797,1.0,8649,0.2685999870300293,22.203141484926004,23.854391,35.216145,37.43219,44.703503,48.884174,33.08909,1.0,36.26486056183705,36.0,37.0,37.0,37.0,37.0,0
Loundoungou,BIO_FP_FH__L2A_20260519T043740_20260531T043807_T_G01_M03_C___T033_F003,2026-05-19,32,23,17.047934532165527,2.369157552719116,38.738975524902344,1.0,8649,0.8173999786376953,29.397225519207424,30.67238,39.690144,41.30329,44.250847,45.4486,38.222004,1.0,36.68194008601278,37.0,37.0,37.0,37.0,37.0,0
Loundoungou,BIO_FP_FH__L2A_20260519T043740_20260531T043807_T_G01_M03_C___T033_F003,2026-05-19,32,24,17.048768043518066,2.369157552719116,40.7603759765625,1.0,8649,1.0925999879837036,33.77393182195919,35.57434,39.778828,40.568836,41.854862,45.33502,39.097878,1.0,35.987255318727996,36.0,37.0,37.0,37.0,37.0,0
Loundoungou,BIO_FP_FH__L2A_20260519T043740_20260531T043807_T_G01_M03_C___T033_F003,2026-05-19,32,25,17.049601554870605,2.369157552719116,41.40837478637695,1.0,8649,1.0693999528884888,31.22278474209446,33.814137,39.530056,40.423588,42.371445,45.51361,38.75423,1.0,35.87973304692962,36.0,37.0,37.0,37.0,37.339554,0
Loundoungou,BIO_FP_FH__L2A_20260519T043740_20260531T043807_T_G01_M03_C___T033_F003,2026-05-19,32,26,17.050435066223145,2.369157552719116,42.06437683105469,1.0,8649,1.0507999658584595,31.622930125592983,33.079063,39.551727,40.80083,42.4631,43.956455,38.551735,1.0,35.70341963761941,36.0,36.0,37.0,37.0,37.0,0
Loundoungou,BIO_FP_FH__L2A_20260519T043740_20260531T043807_T_G01_M03_C___T033_F003,2026-05-19,32,27,17.051268577575684,2.369157552719116,42.726173400878906,1.0,8649,1.033400058746338,30.44448509220719,32.372047,38.15699,39.081898,40.31815,42.05537,37.405575,1.0,34.79307174682617,35.0,35.0,36.0,36.0,37.0,0
Loundoungou,BIO_FP_FH__L2A_20260519T043740_20260531T043807_T_G01_M03_C___T033_F003,2026-05-19,32,28,17.052102088928223,2.369157552719116,42.89857482910156,1.0,8649,1.0116000175476074,32.701853176667825,33.695953,37.8412,38.70072,40.77348,44.017727,37.195175,1.0,35.30978052794472,35.0,36.0,37.0,37.0,37.0,0
Loundoungou,BIO_FP_FH__L2A_20260519T043740_20260531T043807_T_G01_M03_C___T033_F003,2026-05-19,32,29,17.05293560028076,2.369157552719116,40.88877487182617,1.0,8649,1.0104000568389893,30.606683214822525,34.11169,39.663776,40.556946,42.119354,44.116932,39.099514,1.0,36.70554580979574,37.0,37.0,37.0,38.0,38.0,0
Loundoungou,BIO_FP_FH__L2A_20260519T043740_20260531T043807_T_G01_M03_C___T033_F003,2026-05-19,32,30,17.0537691116333,2.369157552719116,39.18597412109375,1.0,8649,1.0108000040054321,34.04949813562261,36.773796,41.198067,42.178104,43.5401,45.097137,40.660477,1.0,37.121909448626084,37.0,38.0,38.0,38.0,38.0,0
Loundoungou,BIO_FP_FH__L2A_20260519T043740_20260531T043807_T_G01_M03_C___T033_F003,2026-05-19,32,31,17.05460262298584,2.369157552719116,39.18677520751953,1.0,8649,1.0119999647140503,31.23507188331021,33.476505,38.38832,39.64012,41.17417,42.712505,37.594852,1.0,36.7847526308594,37.0,37.0,38.0,38.0,38.0,0
Loundoungou,BIO_FP_FH__L2A_20260519T043740_20260531T043807_T_G01_M03_C___T033_F003,2026-05-19,32,32,17.05543613433838,2.369157552719116,38.96597671508789,0.999999971772387,8649,1.0116000175476074,32.17713301893229,33.666733,38.76393,40.211414,42.487797,44.08184,37.74201,1.0,37.06890751466763,37.0,38.0,38.0,38.0,38.0,0
Loundoungou,BIO_FP_FH__L2A_20260519T043740_20260531T043807_T_G01_M03_C___T033_F003,2026-05-19,32,33,17.056269645690918,2.369157552719116,38.018775939941406,1.0000000987966455,8649,1.0157999992370605,33.35888980244413,34.767044,39.558044,40.72761,42.732388,44.168938,38.733845,1.0,35.60023985814326,36.0,37.0,37.0,38.0,38.0,0
Loundoungou,BIO_FP_FH__L2A_20260519T043740_20260531T043807_T_G01_M03_C___T033_F003,2026-05-19,32,34,17.057103157043457,2.369157552719116,36.582176208496094,1.0,8649,1.0302000045776367,30.057839959821944,31.59772,38.613155,39.64333,41.33667,42.889404,37.63353,1.0,33.90640147422308,34.0,35.0,35.0,35.0,35.339554,0
Loundoungou,BIO_FP_FH__L2A_20260519T043740_20260531T043807_T_G01_M03_C___T033_F003,2026-05-19,32,35,17.057936668395996,2.369157552719116,35.518375396728516,1.0,8649,0.9545999765396118,33.79663833969245,34.44194,40.395435,42.089657,44.031563,45.38669,38.92345,1.0,33.880273397540286,34.0,35.0,35.0,35.0,35.0,0
Loundoungou,BIO_FP_FH__L2A_20260519T043740_20260531T043807_T_G01_M03_C___T033_F003,2026-05-19,32,36,17.058770179748535,2.369157552719116,35.38157653808594,1.0,8649,0.5194000005722046,29.05981995750954,31.923382,38.189327,39.36176,40.878708,42.0884,37.106262,1.0,34.77986842770841,35.0,35.0,35.0,36.0,36.0,0
Loundoungou,BIO_FP_FH__L2A_20260519T043740_20260531T043807_T_G01_M03_C___T033_F003,2026-05-19,32,37,17.059603691101074,2.369157552719116,32.89077377319336,1.0,8649,0.13940000534057617,27.93454310108105,27.932043,35.364727,37.008442,39.927094,41.83624,34.121426,1.0,33.87939233567098,34.0,35.0,35.0,35.0,35.0,0
Loundoungou,BIO_FP_FH__L2A_20260519T043740_20260531T043807_T_G01_M03_C___T033_F003,2026-05-19,32,38,17.060437202453613,2.369157552719116,33.17337417602539,1.0,8649,0.0,20.113662887328015,20.436283,28.987684,30.436348,33.98804,38.4562,27.204222,1.0,29.437617511773524,29.0,32.0,32.0,32.0,32.0,0
Loundoungou,BIO_FP_FH__L2A_20260519T043740_20260531T043807_T_G01_M03_C___T033_F003,2026-05-19,32,39,17.061270713806152,2.369157552719116,36.37617492675781,1.0,8649,0.0,23.468551277604348,23.401598,27.608366,29.3066,32.328857,36.334793,27.048845,1.0,29.578370531496525,29.0,32.0,32.0,33.0,33.0,0
Loundoungou,BIO_FP_FH__L2A_20260519T043740_20260531T043807_T_G01_M03_C___T033_F003,2026-05-19,32,40,17.06210422515869,2.369157552719116,37.953575134277344,1.0,8649,0.0,29.54040297288704,29.646357,36.333736,37.990444,40.912888,44.58613,35.68513,1.0,33.17921127855661,34.0,34.0,35.0,35.0,35.0,0
Loundoungou,BIO_FP_FH__L2A_20260519T043740_20260531T043807_T_G01_M03_C___T033_F003,2026-05-19,32,41,17.06293773651123,2.369157552719116,39.28197479248047,1.0,8649,0.0,31.53949878598682,32.424263,38.332985,42.420994,45.407402,47.138493,37.275772,1.0,35.52381106555386,35.57434844970703,36.0,36.70694351196289,37.0,37.0,0
Loundoungou,BIO_FP_FH__L2A_20260519T043740_20260531T043807_T_G01_M03_C___T033_F003,2026-05-19,32,42,17.06377124786377,2.369157552719116,39.575775146484375,1.0,8649,0.0,33.387352403457044,34.613403,41.431847,43.385212,46.846233,48.801147,40.21632,1.0,35.59237521027455,36.0,36.0,36.0,37.0,37.0,0
Loundoungou,BIO_FP_FH__L2A_20260519T043740_20260531T043807_T_G01_M03_C___T033_F003,2026-05-19,32,43,17.06460475921631,2.369157552719116,39.24757385253906,1.0,8649,0.0,35.426087011502496,36.268047,40.31862,41.932823,44.783283,46.095257,39.80502,1.0,34.96155987608459,35.0,36.0,37.0,37.0,37.0,0
Loundoungou,BIO_FP_FH__L2A_20260519T043740_20260531T043807_T_G01_M03_C___T033_F003,2026-05-19,32,44,17.065438270568848,2.369157552719116,39.69257354736328,1.0,8649,0.4465999901294708,32.25167197797433,32.975082,39.01288,40.999584,44.621277,46.041122,37.928844,1.0,34.972940641878,35.0,36.0,36.93558120727539,37.0,37.339554,0
Loundoungou,BIO_FP_FH__L2A_20260519T043740_20260531T043807_T_G01_M03_C___T033_F003,2026-05-19,32,45,17.066271781921387,2.369157552719116,39.363243103027344,1.0,8649,0.375,30.927796024106833,33.068634,41.7046,43.3143,46.6453,47.84894,39.805256,1.0,35.456337246347374,35.0,37.0,37.0,37.0,37.339554,0
Loundoungou,BIO_FP_FH__L2A_20260519T043740_20260531T043807_T_G01_M03_C___T033_F003,2026-05-19,32,46,17.067105293273926,2.369157552719116,38.93024444580078,1.0,8649,0.4027999937534332,31.203604643600418,33.088486,40.414177,42.648766,44.288578,45.150383,39.380154,1.0,35.19841895675174,35.0,36.0,36.0,36.0,36.0,0
Loundoungou,BIO_FP_FH__L2A_20260519T043740_20260531T043807_T_G01_M03_C___T033_F003,2026-05-19,32,47,17.067938804626465,2.369157552719116,38.02024459838867,1.0,8649,0.9157999753952026,31.172235861804833,32.241768,39.955902,41.515446,43.94592,47.035778,38.77729,1.0,36.13045431845642,36.0,37.0,37.0,37.0,37.0,0
Loundoungou,BIO_FP_FH__L2A_20260519T043740_20260531T043807_T_G01_M03_C___T033_F003,2026-05-19,32,48,17.068772315979004,2.369157552719116,37.841644287109375,1.0,8649,1.1196000576019287,27.10411021144063,30.224442,35.84164,36.97889,39.00739,40.122734,35.039333,1.0,36.33769763325085,36.0,37.0,37.634063720703125,38.0,38.0,0
Loundoungou,BIO_FP_FH__L2A_20260519T043740_20260531T043807_T_G01_M03_C___T033_F003,2026-05-19,32,49,17.069605827331543,2.369157552719116,38.80964279174805,1.0,8649,1.1141999959945679,26.89612644886692,28.98863,37.630013,39.022,41.578156,43.293705,36.19808,1.0,35.20164992638662,35.0,36.0,37.0,37.0,37.0,0
Loundoungou,BIO_FP_FH__L2A_20260519T043740_20260531T043807_T_G01_M03_C___T033_F003,2026-05-19,32,50,17.070439338684082,2.369157552719116,38.94884490966797,0.9999999576585805,8649,1.111199975013733,36.5183445266409,37.676334,42.713818,43.89017,46.41728,50.11064,41.809162,1.0,33.942286474744165,34.0,35.0,35.42565155029297,36.0,36.0,0
Loundoungou,BIO_FP_FH__L2A_20260519T043740_20260531T043807_T_G01_M03_C___T033_F003,2026-05-19,32,51,17.07127285003662,2.369157552719116,39.0262451171875,1.0,8649,1.111199975013733,24.964539795063015,31.16947,39.641647,40.61116,42.197773,44.083538,38.856228,1.0,32.35338419745431,33.0,34.0,34.0,34.0,34.339554,0
Loundoungou,BIO_FP_FH__L2A_20260519T043740_20260531T043807_T_G01_M03_C___T033_F003,2026-05-19,32,52,17.07210636138916,2.369157552719116,39.14044189453125,1.0,8649,1.1050000190734863,29.92754626618684,32.363804,40.55285,42.447155,45.326283,47.244102,39.8705,1.0,34.60945211298715,35.0,36.0,36.0,36.0,36.0,0
Loundoungou,BIO_FP_FH__L2A_20260519T043740_20260531T043807_T_G01_M03_C___T033_F003,2026-05-19,32,53,17.0729398727417,2.369157552719116,39.10504150390625,1.0,8649,1.0897685289382935,33.25942892603191,35.0303,41.218655,42.961575,44.55047,46.64337,40.277378,1.0,35.37769333946042,35.0,36.0,36.0,36.0,36.0,0
Loundoungou,BIO_FP_FH__L2A_20260519T043740_20260531T043807_T_G01_M03_C___T033_F003,2026-05-19,32,54,17.07377338409424,2.369157552719116,39.11104202270508,1.0,8649,1.0729684829711914,37.10463863235634,38.55694,43.06461,44.100094,45.776806,47.905373,42.488453,1.0,35.147853598151954,35.0,36.0,36.0,36.0,36.0,0
Loundoungou,BIO_FP_FH__L2A_20260519T043740_20260531T043807_T_G01_M03_C___T033_F003,2026-05-19,32,55,17.074606895446777,2.369157552719116,40.63144302368164,1.0,8649,1.0411685705184937,32.075075514510345,33.788628,40.799778,42.19766,44.761215,46.33887,39.94837,1.0,36.25984897276117,36.0,37.0,37.0,37.0,37.0,0
Loundoungou,BIO_FP_FH__L2A_20260519T043740_20260531T043807_T_G01_M03_C___T033_F003,2026-05-19,32,56,17.075440406799316,2.369157552719116,41.57664108276367,1.0,8649,1.019168496131897,33.14902689255983,34.928226,43.59692,44.9381,47.40709,49.27071,42.21652,1.0,36.476560726512,36.0,37.0,37.0,37.0,37.0,0
Loundoungou,BIO_FP_FH__L2A_20260519T043740_20260531T043807_T_G01_M03_C___T033_F003,2026-05-19,32,57,17.076273918151855,2.369157552719116,40.06804275512695,1.0,8649,1.0385684967041016,34.7191908024049,37.977654,42.63269,43.581432,44.852764,46.01238,41.853844,1.0,37.37374858302675,37.0,38.0,39.0,39.0,39.0,0
Loundoungou,BIO_FP_FH__L2A_20260519T043740_20260531T043807_T_G01_M03_C___T033_F003,2026-05-19,32,58,17.077107429504395,2.369157552719116,38.378440856933594,1.0,8649,1.0623685121536255,31.678425612787606,34.297817,40.67621,41.579357,42.953766,46.36897,39.785732,1.0,37.28795078589415,37.0,38.0,38.0,39.0,39.0,0
Loundoungou,BIO_FP_FH__L2A_20260519T043740_20260531T043807_T_G01_M03_C___T033_F003,2026-05-19,32,59,17.077940940856934,2.369157552719116,37.56144332885742,1.0,8649,1.0947685241699219,31.992312378959994,34.67034,40.478085,41.859325,44.835423,48.638588,39.4501,1.0,36.69485786297732,37.0,37.055686187744136,38.0,38.0,38.0,0
Loundoungou,BIO_FP_FH__L2A_20260519T043740_20260531T043807_T_G01_M03_C___T033_F003,2026-05-19,32,60,17.078774452209473,2.369157552719116,36.850643157958984,1.0,8649,1.1277685165405273,27.134388955731875,28.414804,38.022594,40.15812,45.036022,48.05193,37.114105,1.0,36.9051591549213,37.0,38.0,38.0,38.0,38.0,0
Loundoungou,BIO_FP_FH__L2A_20260519T043740_20260531T043807_T_G01_M03_C___T033_F003,2026-05-19,33,10,17.03709888458252,2.368324041366577,39.22693634033203,0.9999999991178871,8649,0.6612880825996399,22.44148083656416,22.58938,35.92248,39.82683,48.412006,52.134407,32.54234,1.0,36.665397843400484,37.0,38.0,38.0,38.0,38.0,0
Loundoungou,BIO_FP_FH__L2A_20260519T043740_20260531T043807_T_G01_M03_C___T033_F003,2026-05-19,33,11,17.03793239593506,2.368324041366577,41.571537017822266,1.0000000052926774,8649,1.0688880681991577,26.692638977950683,28.57805,41.879578,45.996822,50.237453,52.46221,39.912033,1.0,36.83502333066907,37.0,38.0,38.0,38.0,38.0,0
Loundoungou,BIO_FP_FH__L2A_20260519T043740_20260531T043807_T_G01_M03_C___T033_F003,2026-05-19,33,12,17.038765907287598,2.368324041366577,42.77473831176758,0.9999999982357742,8649,1.0398881435394287,30.147214168438257,32.602768,40.118565,41.491077,42.98155,44.77157,38.78912,1.0,36.547052546834266,36.0,38.0,38.0,38.0,38.0,0
Loundoungou,BIO_FP_FH__L2A_20260519T043740_20260531T043807_T_G01_M03_C___T033_F003,2026-05-19,33,13,17.039599418640137,2.368324041366577,43.16903305053711,1.0,8649,1.0190000534057617,31.323640874306278,33.531067,40.121284,42.704273,46.324654,49.60554,38.13409,1.0,36.68072713974763,37.0,38.49363327026367,39.0,39.0,39.0,0
Loundoungou,BIO_FP_FH__L2A_20260519T043740_20260531T043807_T_G01_M03_C___T033_F003,2026-05-19,33,14,17.040432929992676,2.368324041366577,41.57663345336914,0.9924408287130376,8603,1.041599988937378,31.42777439334354,35.51282,40.341026,41.533558,43.435215,45.61821,39.656048,1.0,36.64197693550321,36.0,38.0,38.0,39.0,39.0,0
Loundoungou,BIO_FP_FH__L2A_20260519T043740_20260531T043807_T_G01_M03_C___T033_F003,2026-05-19,33,15,17.041266441345215,2.368324041366577,39.98283386230469,0.9704665670175472,8434,1.065000057220459,34.10503944641228,35.977905,42.020504,43.1454,44.638973,46.283176,40.90633,1.0,36.52128778114279,36.0,38.0,38.0,38.0,38.0,0
Loundoungou,BIO_FP_FH__L2A_20260519T043740_20260531T043807_T_G01_M03_C___T033_F003,2026-05-19,33,16,17.042099952697754,2.368324041366577,38.43143081665039,1.0,8649,0.6841999888420105,33.685486806639496,35.83345,42.65421,43.92899,45.77148,47.95961,41.790653,1.0,38.17283144900256,38.0,39.0,39.0,39.0,39.0,0
Loundoungou,BIO_FP_FH__L2A_20260519T043740_20260531T043807_T_G01_M03_C___T033_F003,2026-05-19,33,17,17.042933464050293,2.368324041366577,36.93903350830078,1.0,8649,0.3269999921321869,29.48611111111111,32.098297,39.15429,40.375504,42.42568,45.184208,38.088615,1.0,36.94574551246582,37.0,38.0,38.0,39.0,39.0,0
Loundoungou,BIO_FP_FH__L2A_20260519T043740_20260531T043807_T_G01_M03_C___T033_F003,2026-05-19,33,18,17.043766975402832,2.368324041366577,35.07223129272461,1.0,8649,0.0,31.391192036290324,33.340984,39.81742,40.75228,42.14174,43.627705,38.62546,1.0,37.23500547652741,37.0,38.0,38.0,38.0,38.0,0
Loundoungou,BIO_FP_FH__L2A_20260519T043740_20260531T043807_T_G01_M03_C___T033_F003,2026-05-19,33,19,17.04460048675537,2.368324041366577,34.30183410644531,0.9999999858861935,8649,0.0,29.0479900619606,31.071142,38.990635,40.33548,42.533638,46.133198,37.325222,1.0,37.31182228809065,37.0,38.0,38.0,38.0,38.0,0
Loundoungou,BIO_FP_FH__L2A_20260519T043740_20260531T043807_T_G01_M03_C___T033_F003,2026-05-19,33,20,17.04543399810791,2.368324041366577,34.189231872558594,1.0000000141138066,8649,0.0,34.68321772032417,35.988163,40.69581,41.971764,43.490776,45.542805,39.899734,1.0,37.43234131286318,37.0,38.0,39.0,39.0,39.0,0
Loundoungou,BIO_FP_FH__L2A_20260519T043740_20260531T043807_T_G01_M03_C___T033_F003,2026-05-19,33,21,17.04626750946045,2.368324041366577,34.63497543334961,1.0,8649,0.0,24.54707304493294,26.466047,34.971706,36.523594,39.65585,42.879208,33.779594,1.0,36.55256316217746,36.0,37.0,38.0,38.0,38.0,0
Loundoungou,BIO_FP_FH__L2A_20260519T043740_20260531T043807_T_G01_M03_C___T033_F003,2026-05-19,33,22,17.04710102081299,2.368324041366577,35.719974517822266,1.0,8649,0.15760000050067902,32.58277374913285,34.58492,39.776966,40.54315,41.758152,44.257656,39.066746,1.0,36.08387562018183,36.0,37.0,37.0,38.0,38.0,0
Loundoungou,BIO_FP_FH__L2A_20260519T043740_20260531T043807_T_G01_M03_C___T033_F003,2026-05-19,33,23,17.047934532165527,2.368324041366577,39.12577438354492,1.0,8649,0.7044000029563904,30.77402169867904,31.983961,39.32361,41.442986,45.326687,48.56964,38.221996,1.0,36.318540127873625,36.0,37.0,37.0,37.0,37.0,0
Loundoungou,BIO_FP_FH__L2A_20260519T043740_20260531T043807_T_G01_M03_C___T033_F003,2026-05-19,33,24,17.048768043518066,2.368324041366577,41.62897491455078,1.0,8649,1.0721999406814575,33.70678713760261,35.43056,41.404224,42.71014,46.66559,50.13357,40.563812,1.0,36.99291103855697,37.0,38.0,38.0,38.05954742431642,39.0,0
Loundoungou,BIO_FP_FH__L2A_20260519T043740_20260531T043807_T_G01_M03_C___T033_F003,2026-05-19,33,25,17.049601554870605,2.368324041366577,42.18677520751953,1.0,8649,1.0460000038146973,33.456695228494624,35.39662,43.038536,44.802105,46.471264,46.85603,42.21947,1.0,37.85878814130949,38.0,39.0,39.0,39.0,39.359417,0
Loundoungou,BIO_FP_FH__L2A_20260519T043740_20260531T043807_T_G01_M03_C___T033_F003,2026-05-19,33,26,17.050435066223145,2.368324041366577,42.75437545776367,1.0,8649,1.0255999565124512,32.40155879653674,34.356533,39.388,41.362385,47.878307,50.120533,38.648926,1.0,37.27610805007347,37.0,38.0,38.0,39.0,39.0,0
Loundoungou,BIO_FP_FH__L2A_20260519T043740_20260531T043807_T_G01_M03_C___T033_F003,2026-05-19,33,27,17.051268577575684,2.368324041366577,43.28877639770508,1.0,8649,1.0133999586105347,33.26182172433229,35.0714,41.726997,43.30164,44.696743,46.49485,40.53744,1.0,35.469590516872714,35.0,36.0,36.0,37.0,37.0,0
Loundoungou,BIO_FP_FH__L2A_20260519T043740_20260531T043807_T_G01_M03_C___T033_F003,2026-05-19,33,28,17.052102088928223,2.368324041366577,42.95557403564453,1.0,8649,1.010200023651123,34.21698769366401,34.903824,39.494923,40.46496,42.454582,44.3515,38.657597,1.0,35.143555384810256,35.0,36.0,36.0,36.0,36.0,0
Loundoungou,BIO_FP_FH__L2A_20260519T043740_20260531T043807_T_G01_M03_C___T033_F003,2026-05-19,33,29,17.05293560028076,2.368324041366577,40.995174407958984,1.0,8649,1.010200023651123,33.86822582451728,35.164394,40.238342,41.54882,43.247307,46.464233,39.496063,1.0,35.89274643302474,36.0,37.0,37.0,38.0,38.0,0
Loundoungou,BIO_FP_FH__L2A_20260519T043740_20260531T043807_T_G01_M03_C___T033_F003,2026-05-19,33,30,17.0537691116333,2.368324041366577,39.95337677001953,1.0,8649,1.0152000188827515,36.36639532026824,38.111053,43.876663,45.58587,49.556023,52.327797,42.659103,1.0,36.4915119135417,36.108253479003906,37.0,37.0,38.0,38.0,0
Loundoungou,BIO_FP_FH__L2A_20260519T043740_20260531T043807_T_G01_M03_C___T033_F003,2026-05-19,33,31,17.05460262298584,2.368324041366577,39.78117370605469,0.9999999576585805,8649,1.016800045967102,32.2988098461588,34.55174,40.095234,41.104633,42.992485,45.027546,39.483555,1.0,35.746678095550834,36.0,36.0,36.256473541259766,37.0,37.0,0
Loundoungou,BIO_FP_FH__L2A_20260519T043740_20260531T043807_T_G01_M03_C___T033_F003,2026-05-19,33,32,17.05543613433838,2.368324041366577,38.96637725830078,1.0000000423414195,8649,1.0124000310897827,32.99168252246907,36.30621,41.266983,42.172318,43.516056,44.57768,40.562355,1.0,36.34780388526771,36.0,37.0,38.0,38.0,38.0,0
Loundoungou,BIO_FP_FH__L2A_20260519T043740_20260531T043807_T_G01_M03_C___T033_F003,2026-05-19,33,33,17.056269645690918,2.368324041366577,38.06037521362305,1.0,8649,1.0140000581741333,34.29914946814661,34.690582,38.67831,39.707584,41.133083,45.391376,38.227104,1.0,34.58130684785449,35.0,35.0,36.0,36.0,36.0,0
Loundoungou,BIO_FP_FH__L2A_20260519T043740_20260531T043807_T_G01_M03_C___T033_F003,2026-05-19,33,34,17.057103157043457,2.368324041366577,37.050376892089844,1.0,8649,1.0226000547409058,33.23251333246618,34.67887,39.42534,41.10797,44.166504,46.42852,38.437542,1.0,35.01938009818919,35.0,35.0,35.0,36.0,36.0,0
Loundoungou,BIO_FP_FH__L2A_20260519T043740_20260531T043807_T_G01_M03_C___T033_F003,2026-05-19,33,35,17.057936668395996,2.368324041366577,36.28877639770508,1.0,8649,1.0241999626159668,33.79125115620303,35.479027,40.1843,41.318634,43.001755,45.34132,39.61221,1.0,35.8918179584688,36.0,37.0,37.0,37.0,37.0,0
Loundoungou,BIO_FP_FH__L2A_20260519T043740_20260531T043807_T_G01_M03_C___T033_F003,2026-05-19,33,36,17.058770179748535,2.368324041366577,34.075775146484375,1.0,8649,0.6317999958992004,33.28458718132154,35.821228,40.37047,41.21381,42.54876,45.357178,39.842995,1.0,35.64077439905247,35.849483489990234,37.0,37.0,37.0,37.0,0
Loundoungou,BIO_FP_FH__L2A_20260519T043740_20260531T043807_T_G01_M03_C___T033_F003,2026-05-19,33,37,17.059603691101074,2.368324041366577,32.12837600708008,1.0,8649,0.23819999396800995,30.096478819805757,32.013397,37.107597,37.93538,39.620705,41.242546,36.473763,1.0,34.70022325210316,35.0,36.0,36.0,37.0,37.0,0
Loundoungou,BIO_FP_FH__L2A_20260519T043740_20260531T043807_T_G01_M03_C___T033_F003,2026-05-19,33,38,17.060437202453613,2.368324041366577,32.25837326049805,1.0,8649,0.0,25.794418971846458,26.75996,33.54692,34.814537,36.51368,38.90902,32.459576,1.0,30.433040378741246,31.0,32.0,33.0,34.0,34.0,0
Loundoungou,BIO_FP_FH__L2A_20260519T043740_20260531T043807_T_G01_M03_C___T033_F003,2026-05-19,33,39,17.061270713806152,2.368324041366577,34.86317443847656,1.0,8649,0.0,22.905826359983813,23.687563,29.327555,30.902563,33.625843,36.24587,28.406487,1.0,29.388494517820007,29.0,31.0,31.0,32.0,32.0,0
Loundoungou,BIO_FP_FH__L2A_20260519T043740_20260531T043807_T_G01_M03_C___T033_F003,2026-05-19,33,40,17.06210422515869,2.368324041366577,36.186973571777344,1.0,8649,0.0,30.78789545756735,31.674553,36.508305,37.911602,40.265217,42.473072,35.918797,1.0,32.937962243482275,33.0,34.0,34.0,34.0,34.0,0
Loundoungou,BIO_FP_FH__L2A_20260519T043740_20260531T043807_T_G01_M03_C___T033_F003,2026-05-19,33,41,17.06293773651123,2.368324041366577,38.39717483520508,1.0,8649,0.0,32.95555754277951,33.56521,38.2391,39.198277,41.192474,42.962906,37.58953,1.0,35.29315124195922,35.0,37.0,37.0,37.0,37.0,0
Loundoungou,BIO_FP_FH__L2A_20260519T043740_20260531T043807_T_G01_M03_C___T033_F003,2026-05-19,33,42,17.06377124786377,2.368324041366577,39.476375579833984,1.0,8649,0.0,31.754120779858944,34.372253,39.31372,40.39874,42.50012,43.916862,38.273853,1.0,36.69037009636258,37.0,38.0,38.0,38.0,38.0,0
Loundoungou,BIO_FP_FH__L2A_20260519T043740_20260531T043807_T_G01_M03_C___T033_F003,2026-05-19,33,43,17.06460475921631,2.368324041366577,39.08957290649414,1.0,8649,0.0,33.75000090328534,35.917698,41.74771,43.07737,45.165257,46.969902,40.738785,1.0,35.41412159671314,36.0,36.0,36.0,37.0,37.0,0
Loundoungou,BIO_FP_FH__L2A_20260519T043740_20260531T043807_T_G01_M03_C___T033_F003,2026-05-19,33,44,17.065438270568848,2.368324041366577,38.699974060058594,1.0,8649,0.0,31.153160770031217,32.308445,38.475075,39.572426,40.98868,42.604378,37.79275,1.0,35.28158492283375,35.0,37.0,37.0,38.0,38.0,0
Loundoungou,BIO_FP_FH__L2A_20260519T043740_20260531T043807_T_G01_M03_C___T033_F003,2026-05-19,33,45,17.066271781921387,2.368324041366577,38.270442962646484,1.0,8649,0.0,34.482292027980115,36.21579,41.724087,43.023293,44.972748,47.118073,40.93555,1.0,35.62345372796651,35.0,37.0,37.0,38.0,38.0,0
Loundoungou,BIO_FP_FH__L2A_20260519T043740_20260531T043807_T_G01_M03_C___T033_F003,2026-05-19,33,46,17.067105293273926,2.368324041366577,38.11264419555664,1.0,8649,0.27160000801086426,31.924815188172044,34.36616,41.653873,42.982166,44.338917,45.34437,40.493984,1.0,35.63352263044079,36.0,37.0,37.0,37.0,37.0,0
Loundoungou,BIO_FP_FH__L2A_20260519T043740_20260531T043807_T_G01_M03_C___T033_F003,2026-05-19,33,47,17.067938804626465,2.368324041366577,37.47664260864258,1.0,8649,0.7085999846458435,28.735743474679154,30.401402,37.373688,39.041092,42.282333,44.75602,36.126156,1.0,35.91811211892863,36.0,37.0,37.0,37.0,37.0,0
Loundoungou,BIO_FP_FH__L2A_20260519T043740_20260531T043807_T_G01_M03_C___T033_F003,2026-05-19,33,48,17.068772315979004,2.368324041366577,37.71084213256836,1.0,8649,0.7811999917030334,20.362273185483872,20.530823,32.69356,35.17467,39.9624,42.39153,30.20757,1.0,35.555558788058306,35.0,37.0,37.0,37.0,37.0,0
Loundoungou,BIO_FP_FH__L2A_20260519T043740_20260531T043807_T_G01_M03_C___T033_F003,2026-05-19,33,49,17.069605827331543,2.368324041366577,39.598243713378906,1.0,8649,1.1152000427246094,29.63236311640074,32.275776,41.619747,43.201492,45.340034,49.296215,40.221252,1.0,35.480014719429946,35.35591506958008,36.0,36.0,36.0,36.359417,0
Loundoungou,BIO_FP_FH__L2A_20260519T043740_20260531T043807_T_G01_M03_C___T033_F003,2026-05-19,33,50,17.070439338684082,2.368324041366577,39.97864532470703,0.9999999858861935,8649,1.111199975013733,36.298543425508676,37.16625,42.372845,43.283855,44.7085,46.521122,41.562542,1.0,33.94914507151945,34.0,35.0,35.0,35.0,36.0,0
Loundoungou,BIO_FP_FH__L2A_20260519T043740_20260531T043807_T_G01_M03_C___T033_F003,2026-05-19,33,51,17.07127285003662,2.368324041366577,38.99344253540039,0.9999999858861935,8649,1.111199975013733,32.062498645956666,34.798157,40.807045,42.245632,43.950165,45.775387,39.70907,1.0,35.138923550192395,35.0,37.0,37.0,38.0,38.0,0
Loundoungou,BIO_FP_FH__L2A_20260519T043740_20260531T043807_T_G01_M03_C___T033_F003,2026-05-19,33,52,17.07210636138916,2.368324041366577,38.537445068359375,1.0,8649,1.1083999872207642,26.1833977374552,31.072992,39.730755,41.026012,42.681732,44.263447,38.24225,1.0,36.91933084612072,37.0,38.0,38.0,38.0,38.0,0
Loundoungou,BIO_FP_FH__L2A_20260519T043740_20260531T043807_T_G01_M03_C___T033_F003,2026-05-19,33,53,17.0729398727417,2.368324041366577,38.729244232177734,1.0,8649,1.0915684700012207,29.517951406954563,32.02677,38.52059,40.109642,42.364235,43.98622,37.145767,1.0,36.6568930885367,37.0,37.0,37.65742874145508,38.0,38.0,0
Loundoungou,BIO_FP_FH__L2A_20260519T043740_20260531T043807_T_G01_M03_C___T033_F003,2026-05-19,33,54,17.07377338409424,2.368324041366577,39.07444381713867,1.0,8649,1.0723685026168823,32.73110962972598,35.358566,40.39639,41.472095,43.649082,46.175385,39.309536,1.0,35.90551188011668,36.0,37.0,37.0,37.0,37.0,0
Loundoungou,BIO_FP_FH__L2A_20260519T043740_20260531T043807_T_G01_M03_C___T033_F003,2026-05-19,33,55,17.074606895446777,2.368324041366577,40.5560417175293,1.0,8649,1.0397685766220093,32.58624732628049,34.22864,40.121674,41.51091,43.22405,47.2816,39.49362,1.0,35.97110053935841,36.0,37.0,37.0,37.0,37.0,0
Loundoungou,BIO_FP_FH__L2A_20260519T043740_20260531T043807_T_G01_M03_C___T033_F003,2026-05-19,33,56,17.075440406799316,2.368324041366577,41.34804153442383,1.0,8649,1.0295685529708862,35.59693768788299,37.10277,43.419933,44.97838,47.597363,49.013725,42.509552,1.0,35.45404691472331,36.0,36.0,36.0,36.0,36.0,0
Loundoungou,BIO_FP_FH__L2A_20260519T043740_20260531T043807_T_G01_M03_C___T033_F003,2026-05-19,33,57,17.076273918151855,2.368324041366577,39.74044418334961,1.0,8649,1.0571684837341309,28.94086834460631,30.732006,39.3209,41.38653,44.11917,45.733994,38.29207,1.0,35.48364785448335,35.216800689697266,37.0,37.0,37.0,37.0,0
Loundoungou,BIO_FP_FH__L2A_20260519T043740_20260531T043807_T_G01_M03_C___T033_F003,2026-05-19,33,58,17.077107429504395,2.368324041366577,38.6092414855957,1.0,8649,1.078168511390686,31.393935986096658,33.437477,38.948425,39.973824,42.64757,45.81311,38.1641,1.0,36.22492584314963,36.0,37.0,37.0,38.0,38.0,0
Loundoungou,BIO_FP_FH__L2A_20260519T043740_20260531T043807_T_G01_M03_C___T033_F003,2026-05-19,33,59,17.077940940856934,2.368324041366577,37.92584228515625,1.0,8649,1.1043685674667358,33.376445253786564,36.30184,41.341866,42.660007,44.956146,47.34564,40.66313,1.0,35.929847556740604,36.0,37.0,37.0,37.0,37.0,0
Loundoungou,BIO_FP_FH__L2A_20260519T043740_20260531T043807_T_G01_M03_C___T033_F003,2026-05-19,34,9,17.03626537322998,2.367490530014038,37.23293685913086,0.9999999991178871,8649,0.19288809597492218,28.801957572967847,32.21511,42.462307,44.2283,46.971954,48.963593,40.543175,1.0,38.32302934071248,38.03462219238281,40.0,40.0,40.0,40.0,0
Loundoungou,BIO_FP_FH__L2A_20260519T043740_20260531T043807_T_G01_M03_C___T033_F003,2026-05-19,34,10,17.03709888458252,2.367490530014038,39.36773681640625,0.9999999991178871,8649,0.5308880805969238,24.39240028432722,26.437199,39.76305,40.754627,42.592896,44.346035,37.377594,1.0,37.59502294670296,37.0,39.0,39.1207160949707,40.0,40.0,0
Loundoungou,BIO_FP_FH__L2A_20260519T043740_20260531T043807_T_G01_M03_C___T033_F003,2026-05-19,34,11,17.03793239593506,2.367490530014038,42.00213623046875,0.9999999876504193,8649,1.0556881427764893,30.561243260672747,32.43537,41.48495,43.175766,45.025444,48.366703,40.270985,1.0,35.625816311474026,37.0,37.0,37.0,38.0,38.0,0
Loundoungou,BIO_FP_FH__L2A_20260519T043740_20260531T043807_T_G01_M03_C___T033_F003,2026-05-19,34,12,17.038765907287598,2.367490530014038,42.988338470458984,1.0,8649,1.0374881029129028,32.196241414289226,34.635902,40.922005,42.041058,43.09548,44.156334,39.344105,1.0,33.025053762841026,36.0,38.0,38.0,38.0,38.0,0
Loundoungou,BIO_FP_FH__L2A_20260519T043740_20260531T043807_T_G01_M03_C___T033_F003,2026-05-19,34,13,17.039599418640137,2.367490530014038,44.00523376464844,1.0,8649,1.0108000040054321,31.01112461520118,33.980175,40.399242,42.289055,44.897526,47.120903,38.995106,1.0,37.260103333105256,37.0,38.0,38.0,39.0,39.0,0
Loundoungou,BIO_FP_FH__L2A_20260519T043740_20260531T043807_T_G01_M03_C___T033_F003,2026-05-19,34,14,17.040432929992676,2.367490530014038,42.66303253173828,1.0000000035284515,8649,1.0219999551773071,33.083034342634804,35.517395,42.001854,43.128162,44.985558,47.398537,40.96007,1.0,36.99436294391591,37.0,38.0,38.0,38.0,38.0,0
Loundoungou,BIO_FP_FH__L2A_20260519T043740_20260531T043807_T_G01_M03_C___T033_F003,2026-05-19,34,16,17.042099952697754,2.367490530014038,40.385833740234375,0.9829234161712156,8529,1.0570000410079956,28.91155077839292,31.062141,39.158684,41.03172,43.907642,46.501686,37.82828,1.0,38.04612721127711,38.0,39.0,39.0,39.0,39.0,0
Loundoungou,BIO_FP_FH__L2A_20260519T043740_20260531T043807_T_G01_M03_C___T033_F003,2026-05-19,34,17,17.042933464050293,2.367490530014038,39.690433502197266,1.0,8649,0.9174000024795532,30.818628327696842,33.163944,39.301754,41.5629,44.817833,46.87845,38.0015,1.0,38.47869665485708,38.0,39.0,40.0,40.0,40.0,0
Loundoungou,BIO_FP_FH__L2A_20260519T043740_20260531T043807_T_G01_M03_C___T033_F003,2026-05-19,34,18,17.043766975402832,2.367490530014038,37.805030822753906,1.0,8649,0.5616000294685364,31.297049559558907,34.697407,40.92593,42.181976,43.9281,45.803158,40.125755,1.0,38.00676015297489,38.0,39.0,39.55784225463867,40.0,40.0,0
Loundoungou,BIO_FP_FH__L2A_20260519T043740_20260531T043807_T_G01_M03_C___T033_F003,2026-05-19,34,19,17.04460048675537,2.367490530014038,35.63383102416992,1.0000000070569033,8649,0.20720000565052032,32.52848662586643,34.08951,40.01385,41.421967,43.233047,45.13619,38.98244,1.0,37.0915104564676,37.0,38.0,38.0,38.0,38.0,0
Loundoungou,BIO_FP_FH__L2A_20260519T043740_20260531T043807_T_G01_M03_C___T033_F003,2026-05-19,34,20,17.04543399810791,2.367490530014038,34.44463348388672,1.0,8649,0.0,29.34434413479882,31.204226,39.7168,41.003407,42.11184,43.39168,38.060654,1.0,36.908548176695206,37.0,38.0,38.0,38.0,38.0,0
Loundoungou,BIO_FP_FH__L2A_20260519T043740_20260531T043807_T_G01_M03_C___T033_F003,2026-05-19,34,21,17.04626750946045,2.367490530014038,35.51077651977539,1.0,8649,0.10899999737739563,24.18670736862643,26.797714,34.27118,35.852222,38.958447,41.643867,33.033947,1.0,37.47824835802092,37.0,38.0,39.0,39.0,39.0,0
Loundoungou,BIO_FP_FH__L2A_20260519T043740_20260531T043807_T_G01_M03_C___T033_F003,2026-05-19,34,22,17.04710102081299,2.367490530014038,36.53337478637695,1.0,8649,0.22139999270439148,29.393817655942883,33.080215,39.80056,40.920467,42.610775,43.745567,39.168026,1.0,36.099976049046774,36.0,37.0,37.88236618041992,38.0,38.0,0
Loundoungou,BIO_FP_FH__L2A_20260519T043740_20260531T043807_T_G01_M03_C___T033_F003,2026-05-19,34,23,17.047934532165527,2.367490530014038,38.50297546386719,1.0,8649,0.5723999738693237,32.65106244218985,34.034058,39.593903,40.583817,42.770226,44.671997,38.924343,1.0,35.2599645321983,35.0,36.0,36.0,36.0,36.0,0
Loundoungou,BIO_FP_FH__L2A_20260519T043740_20260531T043807_T_G01_M03_C___T033_F003,2026-05-19,34,24,17.048768043518066,2.367490530014038,41.35897445678711,1.0,8649,1.0592000484466553,31.326256557839056,34.17153,38.90815,40.51855,43.607796,44.623043,37.999126,1.0,37.28531399825113,37.0,39.0,39.0,39.0,39.0,0
Loundoungou,BIO_FP_FH__L2A_20260519T043740_20260531T043807_T_G01_M03_C___T033_F003,2026-05-19,34,25,17.049601554870605,2.367490530014038,41.7891731262207,1.0,8649,1.034999966621399,31.715308489420742,33.200073,38.980583,40.83961,44.41597,46.606297,37.975323,1.0,38.276281975393196,38.0,39.0,39.0,40.0,40.0,0
Loundoungou,BIO_FP_FH__L2A_20260519T043740_20260531T043807_T_G01_M03_C___T033_F003,2026-05-19,34,26,17.050435066223145,2.367490530014038,43.01337432861328,1.0,8649,1.017799973487854,31.588720516822754,33.934887,39.276726,40.449875,41.72538,42.68729,38.556835,1.0,36.96767667677102,37.0,38.0,38.0,39.0,39.0,0
Loundoungou,BIO_FP_FH__L2A_20260519T043740_20260531T043807_T_G01_M03_C___T033_F003,2026-05-19,34,27,17.051268577575684,2.367490530014038,43.21597671508789,1.0,8649,1.010200023651123,33.37728350098277,35.141563,39.91456,41.04459,42.71499,44.756023,39.499348,1.0,36.18500423354212,36.0,37.0,37.0,37.0,37.0,0
Loundoungou,BIO_FP_FH__L2A_20260519T043740_20260531T043807_T_G01_M03_C___T033_F003,2026-05-19,34,28,17.052102088928223,2.367490530014038,42.84317398071289,1.0,8649,1.010200023651123,34.10825537995722,35.306442,41.903507,43.975403,46.67754,48.102806,40.929356,1.0,35.57065003565218,36.0,36.0,36.0,36.0,36.0,0
Loundoungou,BIO_FP_FH__L2A_20260519T043740_20260531T043807_T_G01_M03_C___T033_F003,2026-05-19,34,29,17.05293560028076,2.367490530014038,41.72837448120117,1.0,8649,1.0133999586105347,32.744927159209155,34.722324,39.823547,41.116646,42.94611,44.526554,39.09091,1.0,36.13250008339495,36.0,37.0,37.0,37.0,37.0,0
Loundoungou,BIO_FP_FH__L2A_20260519T043740_20260531T043807_T_G01_M03_C___T033_F003,2026-05-19,34,30,17.0537691116333,2.367490530014038,40.768775939941406,0.9999999858861935,8649,1.0185999870300293,33.64666347421768,34.81966,39.39369,40.514866,42.31709,45.68796,38.551823,1.0,36.23420832388414,36.0,37.0,37.0,37.0,38.0,0
Loundoungou,BIO_FP_FH__L2A_20260519T043740_20260531T043807_T_G01_M03_C___T033_F003,2026-05-19,34,31,17.05460262298584,2.367490530014038,40.140174865722656,1.0000000423414195,8649,1.0161999464035034,32.732909391299636,33.94106,38.848675,40.098972,41.611248,43.43196,37.997883,1.0,35.305299506406314,35.0,36.0,37.0,38.0,38.0,0
Loundoungou,BIO_FP_FH__L2A_20260519T043740_20260531T043807_T_G01_M03_C___T033_F003,2026-05-19,34,32,17.05543613433838,2.367490530014038,39.55797576904297,1.0,8649,1.0108000040054321,31.13143183099202,33.934143,38.667942,39.911346,41.817997,43.603992,37.773476,1.0,35.26204592082553,35.0,36.0,36.0,36.0,36.0,0
Loundoungou,BIO_FP_FH__L2A_20260519T043740_20260531T043807_T_G01_M03_C___T033_F003,2026-05-19,34,33,17.056269645690918,2.367490530014038,38.79297637939453,1.0,8649,1.0119999647140503,32.45125700948086,33.88439,38.25758,39.52793,42.393555,47.203545,37.540775,1.0,34.32704022870972,34.0,35.0,35.0,35.0,35.0,0
Loundoungou,BIO_FP_FH__L2A_20260519T043740_20260531T043807_T_G01_M03_C___T033_F003,2026-05-19,34,34,17.057103157043457,2.367490530014038,37.97797393798828,1.0,8649,1.020400047302246,32.284917331483406,34.39785,40.00762,41.926834,43.73273,44.98929,39.029015,1.0,35.20967753535269,35.0,36.0,36.0,36.0,36.0,0
Loundoungou,BIO_FP_FH__L2A_20260519T043740_20260531T043807_T_G01_M03_C___T033_F003,2026-05-19,34,35,17.057936668395996,2.367490530014038,37.70257568359375,1.0,8649,1.0185999870300293,29.480236606110534,31.032286,41.795437,43.304684,44.513607,45.659355,40.266373,1.0,35.736144738137234,36.0,36.0,36.0,37.0,37.0,0
Loundoungou,BIO_FP_FH__L2A_20260519T043740_20260531T043807_T_G01_M03_C___T033_F003,2026-05-19,34,36,17.058770179748535,2.367490530014038,35.41097640991211,1.0,8649,0.7021999955177307,31.763271042895134,34.951912,41.381702,42.982704,46.46318,48.59141,39.584496,1.0,36.16728809006932,36.0,37.0,37.0,37.0,37.0,0
Loundoungou,BIO_FP_FH__L2A_20260519T043740_20260531T043807_T_G01_M03_C___T033_F003,2026-05-19,34,37,17.059603691101074,2.367490530014038,32.640174865722656,1.0,8649,0.3118000030517578,33.566211592380625,34.554638,39.56813,40.780506,42.317318,44.18896,38.814808,1.0,35.13510885601416,35.0,36.0,36.0,36.0,37.0,0
Loundoungou,BIO_FP_FH__L2A_20260519T043740_20260531T043807_T_G01_M03_C___T033_F003,2026-05-19,34,38,17.060437202453613,2.367490530014038,31.41397476196289,1.0,8649,0.0,28.49993044716152,28.942947,34.28936,35.478497,38.812607,42.109417,33.635464,1.0,33.082538135011205,33.0,34.0,34.0,34.0,34.0,0
Loundoungou,BIO_FP_FH__L2A_20260519T043740_20260531T043807_T_G01_M03_C___T033_F003,2026-05-19,34,39,17.061270713806152,2.367490530014038,32.982574462890625,1.0,8649,0.0,19.625742499132848,20.38624,26.82508,29.12551,32.53205,34.202377,25.984415,1.0,31.844355703489065,32.0,32.763389587402344,33.0,33.0,33.0,0
Loundoungou,BIO_FP_FH__L2A_20260519T043740_20260531T043807_T_G01_M03_C___T033_F003,2026-05-19,34,40,17.06210422515869,2.367490530014038,34.93317413330078,1.0,8649,0.0,23.836905820037,26.221739,33.12318,34.66451,36.795433,38.86178,32.550724,1.0,32.238726248616,32.0,33.0,33.0,33.0,33.0,0
Loundoungou,BIO_FP_FH__L2A_20260519T043740_20260531T043807_T_G01_M03_C___T033_F003,2026-05-19,34,41,17.06293773651123,2.367490530014038,37.693973541259766,1.0,8649,0.0,28.218097829228814,28.539713,34.433067,35.44522,37.435364,39.412987,34.06094,1.0,33.865790984715765,34.0,35.0,35.0,35.0,35.0,0
Loundoungou,BIO_FP_FH__L2A_20260519T043740_20260531T043807_T_G01_M03_C___T033_F003,2026-05-19,34,42,17.06377124786377,2.367490530014038,38.86237335205078,1.0,8649,0.0,31.743294925713954,33.949043,38.926346,40.129936,41.76314,43.703968,38.500835,1.0,35.760612228010714,36.0,36.236610412597656,37.0,37.0,37.0,0
Loundoungou,BIO_FP_FH__L2A_20260519T043740_20260531T043807_T_G01_M03_C___T033_F003,2026-05-19,34,43,17.06460475921631,2.367490530014038,38.2807731628418,1.0,8649,0.0,32.34881832437276,33.039745,39.61329,41.795002,44.799362,46.46483,38.65027,1.0,36.68441434523483,37.0,38.0,38.0,38.0,38.0,0
Loundoungou,BIO_FP_FH__L2A_20260519T043740_20260531T043807_T_G01_M03_C___T033_F003,2026-05-19,34,44,17.065438270568848,2.367490530014038,37.517574310302734,1.0,8649,0.0,28.3889548285929,28.96494,37.592255,39.378754,41.967316,43.397453,36.313435,1.0,36.46131611123969,36.0,38.0,38.0,38.0,38.0,0
Loundoungou,BIO_FP_FH__L2A_20260519T043740_20260531T043807_T_G01_M03_C___T033_F003,2026-05-19,34,45,17.066271781921387,2.367490530014038,37.59544372558594,1.0,8649,0.0,21.77813367152272,23.016724,32.61634,35.027172,38.464443,44.19756,30.98573,1.0,35.63631739325848,36.0,37.0,37.0,37.0,37.0,0
Loundoungou,BIO_FP_FH__L2A_20260519T043740_20260531T043807_T_G01_M03_C___T033_F003,2026-05-19,34,46,17.067105293273926,2.367490530014038,37.928043365478516,1.0,8649,0.13179999589920044,31.1465062796277,33.257896,43.198536,44.611275,48.689873,50.491867,40.947838,1.0,34.680232615343535,36.0,37.0,37.0,38.0,38.0,0
Loundoungou,BIO_FP_FH__L2A_20260519T043740_20260531T043807_T_G01_M03_C___T033_F003,2026-05-19,34,47,17.067938804626465,2.367490530014038,37.196044921875,1.0,8649,0.15299999713897705,26.379332148225227,28.165192,36.205776,37.674736,39.54118,41.34978,34.907936,1.0,35.454167097755246,36.0,37.0,37.0,37.0,37.0,0
Loundoungou,BIO_FP_FH__L2A_20260519T043740_20260531T043807_T_G01_M03_C___T033_F003,2026-05-19,34,48,17.068772315979004,2.367490530014038,36.6612434387207,1.0,8649,0.07779999822378159,22.70301886417505,24.619547,36.201065,38.50771,42.144783,44.27793,33.58895,1.0,34.23205076789481,34.0,35.0,36.0,37.0,37.0,0
Loundoungou,BIO_FP_FH__L2A_20260519T043740_20260531T043807_T_G01_M03_C___T033_F003,2026-05-19,34,49,17.069605827331543,2.367490530014038,38.86164474487305,1.0,8649,0.6136000156402588,22.677422967973175,22.494036,38.197094,40.691017,43.629284,44.848206,36.208473,1.0,34.91001500519924,35.0,36.0,37.0,37.0,37.0,0
Loundoungou,BIO_FP_FH__L2A_20260519T043740_20260531T043807_T_G01_M03_C___T033_F003,2026-05-19,34,50,17.070439338684082,2.367490530014038,40.11884307861328,1.0,8649,0.9082000255584717,28.67409527112961,30.417828,39.588066,40.920475,43.514072,45.518505,38.622936,1.0,35.28605853285951,35.0,36.0,37.0,37.0,37.0,0
Loundoungou,BIO_FP_FH__L2A_20260519T043740_20260531T043807_T_G01_M03_C___T033_F003,2026-05-19,34,51,17.07127285003662,2.367490530014038,38.57344436645508,1.0,8649,0.7901999950408936,30.52298269669904,33.426113,43.299873,44.383648,45.301273,46.936867,42.45505,1.0,35.324702927219704,35.0,37.0,37.0,37.0,37.0,0
Loundoungou,BIO_FP_FH__L2A_20260519T043740_20260531T043807_T_G01_M03_C___T033_F003,2026-05-19,34,52,17.07210636138916,2.367490530014038,38.68684387207031,0.999999971772387,8649,1.067199945449829,22.29043160388483,22.515385,37.45085,39.120888,42.489872,45.1132,34.983677,1.0,35.41551205673333,36.0,37.0,37.0,37.0,37.0,0
Loundoungou,BIO_FP_FH__L2A_20260519T043740_20260531T043807_T_G01_M03_C___T033_F003,2026-05-19,34,53,17.0729398727417,2.367490530014038,39.14764404296875,0.9999999858861935,8649,1.09596848487854,30.050372938288636,32.129623,40.35577,42.13363,44.09538,49.036736,38.917423,1.0,36.6373621393372,36.0,38.0,39.0,39.0,39.0,0
Loundoungou,BIO_FP_FH__L2A_20260519T043740_20260531T043807_T_G01_M03_C___T033_F003,2026-05-19,34,54,17.07377338409424,2.367490530014038,39.2596435546875,1.0,8649,1.0683685541152954,32.006781401751645,34.47398,39.803688,40.91452,43.016438,44.87831,38.944366,1.0,36.57217413269036,36.0,38.0,39.0,39.0,39.0,0
Loundoungou,BIO_FP_FH__L2A_20260519T043740_20260531T043807_T_G01_M03_C___T033_F003,2026-05-19,34,55,17.074606895446777,2.367490530014038,40.2236442565918,1.0,8649,1.0417685508728027,32.257616487455195,34.10457,39.898422,41.159252,43.212006,44.39622,38.80004,1.0,34.71738872777273,35.0,36.0,36.0,36.0,36.0,0
Loundoungou,BIO_FP_FH__L2A_20260519T043740_20260531T043807_T_G01_M03_C___T033_F003,2026-05-19,34,56,17.075440406799316,2.367490530014038,40.17264175415039,1.0,8649,1.0585684776306152,26.422743507197364,28.375763,36.052147,38.27793,39.755047,41.86776,34.364395,1.0,34.789431013693246,35.0,36.0,36.0,36.0,36.0,0
Loundoungou,BIO_FP_FH__L2A_20260519T043740_20260531T043807_T_G01_M03_C___T033_F003,2026-05-19,34,57,17.076273918151855,2.367490530014038,39.523841857910156,1.0,8649,1.078168511390686,25.651603509076192,27.053782,36.252617,39.192272,42.851643,44.032036,34.532894,1.0,34.65868664636876,35.0,35.0,35.0,36.0,36.0,0
Loundoungou,BIO_FP_FH__L2A_20260519T043740_20260531T043807_T_G01_M03_C___T033_F003,2026-05-19,34,58,17.077107429504395,2.367490530014038,38.8486442565918,0.9982407140186004,8639,1.0927685499191284,32.12597044014758,34.91968,43.099888,45.526505,48.173054,50.879932,42.130264,1.0,36.07426666063937,36.0,37.0,37.0,38.0,38.0,0
Loundoungou,BIO_FP_FH__L2A_20260519T043740_20260531T043807_T_G01_M03_C___T033_F003,2026-05-19,35,8,17.03543186187744,2.366657018661499,36.91832733154297,1.0000000008821128,8649,0.243599995970726,22.779584028526884,24.034033,36.316387,38.369442,43.367676,45.45391,34.48363,1.0,36.09573772411454,36.0,37.0,37.0,38.0,38.0,0
Loundoungou,BIO_FP_FH__L2A_20260519T043740_20260531T043807_T_G01_M03_C___T033_F003,2026-05-19,35,9,17.03626537322998,2.366657018661499,37.590328216552734,0.9999999982357742,8649,0.3643999993801117,28.54640139101584,31.367352,39.928368,41.60749,43.987488,45.644512,38.984104,1.0,38.1087927172702,38.0,39.0,39.0,40.0,40.0,0
Loundoungou,BIO_FP_FH__L2A_20260519T043740_20260531T043807_T_G01_M03_C___T033_F003,2026-05-19,35,10,17.03709888458252,2.366657018661499,39.398529052734375,0.9999999947073226,8649,0.44200000166893005,30.95985886094619,34.378075,40.729122,42.261414,43.977104,45.82859,39.39148,1.0,38.30942267899652,38.0,39.0,39.0,39.0,39.0,0
Loundoungou,BIO_FP_FH__L2A_20260519T043740_20260531T043807_T_G01_M03_C___T033_F003,2026-05-19,35,11,17.03793239593506,2.366657018661499,41.985328674316406,1.0,8649,0.9491999745368958,29.15973481173763,31.31561,38.97401,41.03357,43.410435,46.62084,36.78868,1.0,36.89006469731855,37.0,38.0,38.0,38.0,38.0,0
Loundoungou,BIO_FP_FH__L2A_20260519T043740_20260531T043807_T_G01_M03_C___T033_F003,2026-05-19,35,12,17.038765907287598,2.366657018661499,42.895328521728516,1.0000000211707099,8649,1.0343999862670898,34.16119599659911,35.969032,41.972397,43.069805,44.375942,45.868786,40.930817,1.0,37.569206831454956,37.620994567871094,39.0,39.0,39.0,39.0,0
Loundoungou,BIO_FP_FH__L2A_20260519T043740_20260531T043807_T_G01_M03_C___T033_F003,2026-05-19,35,13,17.039599418640137,2.366657018661499,43.606658935546875,0.9999999964715484,8649,1.0159846544265747,31.65438291154499,33.609825,41.83863,43.07027,44.749023,47.34696,40.957497,1.0,37.64328982692493,38.0,38.0,39.0,39.0,39.0,0
Loundoungou,BIO_FP_FH__L2A_20260519T043740_20260531T043807_T_G01_M03_C___T033_F003,2026-05-19,35,14,17.040432929992676,2.366657018661499,42.8194580078125,1.0,8649,1.0175846815109253,36.351632504480285,38.35454,42.55236,43.330723,44.509117,45.96401,41.822968,1.0,36.640410352378986,37.0,37.0,38.0,38.0,38.0,0
Loundoungou,BIO_FP_FH__L2A_20260519T043740_20260531T043807_T_G01_M03_C___T033_F003,2026-05-19,35,15,17.041266441345215,2.366657018661499,41.52545928955078,1.0,8649,1.026984691619873,28.778191707495086,31.55644,36.900234,38.30461,40.841095,44.10934,36.19423,1.0,36.92334373430898,37.0,38.0,38.0,39.0,39.0,0
Loundoungou,BIO_FP_FH__L2A_20260519T043740_20260531T043807_T_G01_M03_C___T033_F003,2026-05-19,35,17,17.042933464050293,2.366657018661499,40.61725997924805,0.9840540590968789,8545,1.0567846298217773,27.336171921905056,33.23059,40.879936,42.077328,43.496204,44.40951,39.83662,1.0,39.86542614502278,40.0,41.0,41.0,41.0,41.0,0
Loundoungou,BIO_FP_FH__L2A_20260519T043740_20260531T043807_T_G01_M03_C___T033_F003,2026-05-19,35,18,17.043766975402832,2.366657018661499,39.3022575378418,1.0000000352845162,8649,0.8751846551895142,29.753763158804148,33.02623,39.013645,40.1271,41.447186,43.68774,37.933395,1.0,38.66262319650605,39.0,40.0,40.0,41.0,41.0,0
Loundoungou,BIO_FP_FH__L2A_20260519T043740_20260531T043807_T_G01_M03_C___T033_F003,2026-05-19,35,19,17.04460048675537,2.366657018661499,36.61445999145508,1.0,8649,0.41478464007377625,29.69318594454561,33.135895,39.247795,40.300137,42.268364,45.096416,38.170284,1.0,37.42749084876664,37.0,38.0,38.0,38.0,38.0,0
Loundoungou,BIO_FP_FH__L2A_20260519T043740_20260531T043807_T_G01_M03_C___T033_F003,2026-05-19,35,20,17.04543399810791,2.366657018661499,35.74726104736328,1.0,8649,0.5367846488952637,29.747936900219678,32.03245,39.85802,40.857914,42.695107,44.17432,38.76524,1.0,37.956306603068164,38.0,39.0,39.0,39.0,39.0,0
Loundoungou,BIO_FP_FH__L2A_20260519T043740_20260531T043807_T_G01_M03_C___T033_F003,2026-05-19,35,21,17.04626750946045,2.366657018661499,38.14750289916992,1.0,8649,0.6423279047012329,25.045507880246273,27.78938,36.27539,38.471756,40.92217,42.408463,34.503036,1.0,37.97788991673391,38.0,39.0,39.0,39.0,39.0,0
Loundoungou,BIO_FP_FH__L2A_20260519T043740_20260531T043807_T_G01_M03_C___T033_F003,2026-05-19,35,22,17.04710102081299,2.366657018661499,39.49910354614258,1.0,8649,0.754927933216095,33.12190896346399,35.059147,40.15589,41.61602,44.802624,46.75088,39.089996,1.0,36.85474249321211,37.0,38.0,38.0,38.0,38.0,0
Loundoungou,BIO_FP_FH__L2A_20260519T043740_20260531T043807_T_G01_M03_C___T033_F003,2026-05-19,35,23,17.047934532165527,2.366657018661499,39.964500427246094,1.0,8649,0.8539279103279114,32.413069339663544,34.619305,38.885048,39.80387,41.314877,43.721394,38.436146,1.0,34.85839119402986,35.0,35.45853042602539,36.0,36.0,36.0,0
Loundoungou,BIO_FP_FH__L2A_20260519T043740_20260531T043807_T_G01_M03_C___T033_F003,2026-05-19,35,24,17.048768043518066,2.366657018661499,40.49690246582031,1.0,8649,0.9675279259681702,34.42427005650942,35.97539,40.92049,42.027336,44.23075,46.208054,40.254654,1.0,35.752152453848275,36.0,37.0,37.0,37.0,38.0,0
Loundoungou,BIO_FP_FH__L2A_20260519T043740_20260531T043807_T_G01_M03_C___T033_F003,2026-05-19,35,25,17.049601554870605,2.366657018661499,41.86130142211914,1.0,8649,1.0283279418945312,33.681587557087525,35.138256,40.201023,41.590427,43.210606,44.62328,39.239502,1.0,36.296698173410924,36.0,37.0,38.0,39.0,39.0,0
Loundoungou,BIO_FP_FH__L2A_20260519T043740_20260531T043807_T_G01_M03_C___T033_F003,2026-05-19,35,26,17.050435066223145,2.366657018661499,42.945701599121094,1.0,8649,1.0115278959274292,31.358603595791422,33.065376,38.779377,39.901005,42.011185,44.76092,38.06117,1.0,36.51957320505407,36.0,38.0,38.0,38.0,38.0,0
Loundoungou,BIO_FP_FH__L2A_20260519T043740_20260531T043807_T_G01_M03_C___T033_F003,2026-05-19,35,27,17.051268577575684,2.366657018661499,42.25310134887695,1.0,8649,1.0199278593063354,30.021167096629668,31.798082,38.098087,38.950027,42.382854,45.84742,37.581516,1.0,35.96455203614382,36.0,37.0,37.0,38.0,38.0,0
Loundoungou,BIO_FP_FH__L2A_20260519T043740_20260531T043807_T_G01_M03_C___T033_F003,2026-05-19,35,28,17.052102088928223,2.366657018661499,42.07610321044922,1.0,8649,1.0195279121398926,33.85506453058157,35.397846,40.129948,40.958374,42.529274,45.402653,39.42388,1.0,35.433945697612856,35.0,36.0,37.0,37.0,37.0,0
Loundoungou,BIO_FP_FH__L2A_20260519T043740_20260531T043807_T_G01_M03_C___T033_F003,2026-05-19,35,29,17.05293560028076,2.366657018661499,42.343482971191406,1.0000000141138066,8649,1.0124298334121704,34.251260952154915,35.577435,40.788216,42.331825,44.579197,47.457478,40.07588,1.0,36.63556540457551,37.0,37.0,38.0,38.0,38.0,0
Loundoungou,BIO_FP_FH__L2A_20260519T043740_20260531T043807_T_G01_M03_C___T033_F003,2026-05-19,35,30,17.0537691116333,2.366657018661499,41.62728500366211,0.9999999858861935,8649,1.01462984085083,34.20051544468928,35.8361,40.251816,41.469833,43.679337,45.26962,39.670803,1.0,37.37011539284129,37.0,38.0,38.0,38.0,38.0,0
Loundoungou,BIO_FP_FH__L2A_20260519T043740_20260531T043807_T_G01_M03_C___T033_F003,2026-05-19,35,31,17.05460262298584,2.366657018661499,41.22288513183594,1.0,8649,1.0124298334121704,33.60502839923691,35.245716,41.402256,42.692276,44.45489,46.630054,40.569263,1.0,35.807226189630875,36.0,37.0,37.0,38.0,38.0,0
Loundoungou,BIO_FP_FH__L2A_20260519T043740_20260531T043807_T_G01_M03_C___T033_F003,2026-05-19,35,32,17.05543613433838,2.366657018661499,40.52388381958008,1.0,8649,1.0100297927856445,33.77463615735923,35.085167,40.397507,41.660526,43.64513,44.887466,39.661293,1.0,34.494780355332864,34.27976608276367,35.0,36.0,36.0,36.0,0
Loundoungou,BIO_FP_FH__L2A_20260519T043740_20260531T043807_T_G01_M03_C___T033_F003,2026-05-19,35,33,17.056269645690918,2.366657018661499,39.74188232421875,1.0,8649,1.0100297927856445,33.614784765579834,34.120556,40.873222,42.6402,45.68012,48.00298,40.088676,1.0,34.24645511990187,35.0,35.0,35.0,35.0,35.0,0
Loundoungou,BIO_FP_FH__L2A_20260519T043740_20260531T043807_T_G01_M03_C___T033_F003,2026-05-19,35,34,17.057103157043457,2.366657018661499,39.33948516845703,1.0,8649,1.0106297731399536,34.84772535119667,36.10233,40.643684,41.663105,43.732796,46.816883,40.216305,1.0,35.89610112847752,36.0,37.0,37.0,37.0,37.0,0
Loundoungou,BIO_FP_FH__L2A_20260519T043740_20260531T043807_T_G01_M03_C___T033_F003,2026-05-19,35,35,17.057936668395996,2.366657018661499,39.07808303833008,1.0,8649,1.0118297338485718,24.492850510174588,25.298967,35.86747,39.53582,41.367043,43.52042,33.878605,1.0,34.833101123285395,35.0,36.0,36.0,36.0,36.0,0
Loundoungou,BIO_FP_FH__L2A_20260519T043740_20260531T043807_T_G01_M03_C___T033_F003,2026-05-19,35,36,17.058770179748535,2.366657018661499,37.7974853515625,1.0,8649,0.9538297653198242,30.173956165452655,31.74501,38.092873,40.855328,44.83936,46.846607,37.30161,1.0,34.783415202144006,35.0,35.926834869384756,36.0,36.0,36.0,0
Loundoungou,BIO_FP_FH__L2A_20260519T043740_20260531T043807_T_G01_M03_C___T033_F003,2026-05-19,35,37,17.059603691101074,2.366657018661499,35.30335235595703,1.0,8649,0.6661999821662903,28.381981479072724,30.947046,36.865707,38.439426,40.88494,42.48955,35.65972,1.0,34.16896934257875,34.0,35.0,35.0,36.0,36.0,0
Loundoungou,BIO_FP_FH__L2A_20260519T043740_20260531T043807_T_G01_M03_C___T033_F003,2026-05-19,35,38,17.060437202453613,2.366657018661499,32.983154296875,1.0,8649,0.37619999051094055,33.296997846571855,34.31294,39.492832,41.07586,42.9558,45.529842,38.491024,1.0,33.556252481648244,34.0,34.0,34.0,34.0,34.0,0
Loundoungou,BIO_FP_FH__L2A_20260519T043740_20260531T043807_T_G01_M03_C___T033_F003,2026-05-19,35,39,17.061270713806152,2.366657018661499,33.022953033447266,1.0,8649,0.052799999713897705,25.29988022459244,26.293276,32.799152,34.168034,36.368088,38.64761,31.778967,1.0,33.40510958590967,33.0,34.33278274536133,35.0,35.0,35.0,0
Loundoungou,BIO_FP_FH__L2A_20260519T043740_20260531T043807_T_G01_M03_C___T033_F003,2026-05-19,35,40,17.06210422515869,2.366657018661499,34.603153228759766,1.0,8649,0.0,19.679384899988438,19.704067,28.850498,31.403275,34.563877,42.58674,27.910154,1.0,32.68675427387761,33.0,34.0,34.0,34.0,34.0,0
Loundoungou,BIO_FP_FH__L2A_20260519T043740_20260531T043807_T_G01_M03_C___T033_F003,2026-05-19,35,41,17.06293773651123,2.366657018661499,36.794551849365234,1.0,8649,0.0,31.38914361486877,33.008194,38.93784,42.190037,45.35575,47.422226,37.56964,1.0,33.070556951128744,33.0,34.0,34.0,34.0,34.0,0
Loundoungou,BIO_FP_FH__L2A_20260519T043740_20260531T043807_T_G01_M03_C___T033_F003,2026-05-19,35,42,17.06377124786377,2.366657018661499,38.0003547668457,1.0,8649,0.0,31.444039773384205,32.418537,38.993313,40.186672,41.917618,43.5149,38.097603,1.0,35.556388083572735,36.0,36.0,36.0,36.0,36.0,0
Loundoungou,BIO_FP_FH__L2A_20260519T043740_20260531T043807_T_G01_M03_C___T033_F003,2026-05-19,35,43,17.06460475921631,2.366657018661499,37.237552642822266,1.0,8649,0.0,29.516232006590357,31.169724,38.826283,40.55889,43.486137,45.376396,38.25575,1.0,37.05138859355749,37.0,38.0,38.0,38.0,38.0,0
Loundoungou,BIO_FP_FH__L2A_20260519T043740_20260531T043807_T_G01_M03_C___T033_F003,2026-05-19,35,44,17.065438270568848,2.366657018661499,36.46315383911133,1.0,8649,0.0,27.255793661116893,29.12195,38.01699,40.19951,43.36343,45.082138,36.362778,1.0,37.00366342284112,37.0,38.0,38.0,39.0,39.0,0
Loundoungou,BIO_FP_FH__L2A_20260519T043740_20260531T043807_T_G01_M03_C___T033_F003,2026-05-19,35,45,17.066271781921387,2.366657018661499,37.2712516784668,1.0,8649,0.0,22.473737028847264,23.556225,35.44196,37.888775,40.315536,44.194855,32.151123,1.0,36.76878060675974,37.0,38.0,38.0,38.0,38.0,0
Loundoungou,BIO_FP_FH__L2A_20260519T043740_20260531T043807_T_G01_M03_C___T033_F003,2026-05-19,35,46,17.067105293273926,2.366657018661499,37.75425338745117,1.0,8649,0.0,24.776821200427793,26.101742,36.864807,39.810226,42.048862,44.329205,35.167892,1.0,29.907832247244166,35.13300704956055,37.0,37.0,38.0,38.0,0
Loundoungou,BIO_FP_FH__L2A_20260519T043740_20260531T043807_T_G01_M03_C___T033_F003,2026-05-19,35,47,17.067938804626465,2.366657018661499,37.0212516784668,1.0,8649,0.0,27.27378797404324,28.416382,39.051456,41.28457,43.192047,44.51356,36.656723,1.0,34.38180990943552,35.0,36.0,36.0,37.0,37.0,0
Loundoungou,BIO_FP_FH__L2A_20260519T043740_20260531T043807_T_G01_M03_C___T033_F003,2026-05-19,35,48,17.068772315979004,2.366657018661499,36.20485305786133,1.0,8649,0.0,26.144564219852008,28.572575,39.6625,42.05821,44.47458,46.853134,38.258564,1.0,35.247607571304926,35.0,37.0,37.0,37.0,37.0,0
Loundoungou,BIO_FP_FH__L2A_20260519T043740_20260531T043807_T_G01_M03_C___T033_F003,2026-05-19,35,49,17.069605827331543,2.366657018661499,37.90665054321289,1.0,8649,0.47600001096725464,25.41847955688519,27.010506,39.77586,41.952427,43.398537,45.4069,37.66952,1.0,36.108942810104466,36.0,37.0,37.0,37.0,37.0,0
Loundoungou,BIO_FP_FH__L2A_20260519T043740_20260531T043807_T_G01_M03_C___T033_F003,2026-05-19,35,50,17.070439338684082,2.366657018661499,38.222251892089844,1.0,8649,0.3587999939918518,28.197800143080126,27.402489,39.904575,41.604336,45.559998,46.895794,38.768974,1.0,35.17755494882419,35.0,36.0,36.0,36.0,37.0,0
Loundoungou,BIO_FP_FH__L2A_20260519T043740_20260531T043807_T_G01_M03_C___T033_F003,2026-05-19,35,51,17.07127285003662,2.366657018661499,37.74085235595703,1.0,8649,0.4007999897003174,24.726012851919297,26.184826,36.022705,39.786755,43.686035,47.272636,33.911247,1.0,34.48506464557381,34.0,35.0,35.0,36.0,36.0,0
Loundoungou,BIO_FP_FH__L2A_20260519T043740_20260531T043807_T_G01_M03_C___T033_F003,2026-05-19,35,52,17.07210636138916,2.366657018661499,38.90205383300781,1.0,8649,0.9272000193595886,21.53481571207654,22.606619,38.828648,41.214336,45.233932,48.311172,37.213715,1.0,34.837656547960094,35.0,36.0,36.0,36.0,36.0,0
Loundoungou,BIO_FP_FH__L2A_20260519T043740_20260531T043807_T_G01_M03_C___T033_F003,2026-05-19,35,53,17.0729398727417,2.366657018661499,39.394290924072266,0.9999999294309675,8649,1.0937999486923218,33.13326512506534,35.589993,40.211987,41.036076,42.6579,44.69808,39.49269,1.0,36.094682167521626,36.0,37.0,38.0,39.0,39.0,0
Loundoungou,BIO_FP_FH__L2A_20260519T043740_20260531T043807_T_G01_M03_C___T033_F003,2026-05-19,35,54,17.07377338409424,2.366657018661499,39.58249282836914,1.0,8649,1.0642000436782837,27.184597749739854,29.354847,37.478207,38.8256,40.930542,41.99115,36.73863,1.0,35.1466140416278,35.0,36.0,37.0,39.0,39.0,0
Loundoungou,BIO_FP_FH__L2A_20260519T043740_20260531T043807_T_G01_M03_C___T033_F003,2026-05-19,35,55,17.074606895446777,2.366657018661499,39.859092712402344,1.0,8649,1.0532000064849854,27.154206772459244,29.016157,38.44175,39.697044,41.289562,43.53758,37.381702,1.0,34.36675137102928,34.0,35.0,35.0,35.0,35.0,0
Loundoungou,BIO_FP_FH__L2A_20260519T043740_20260531T043807_T_G01_M03_C___T033_F003,2026-05-19,35,56,17.075440406799316,2.366657018661499,40.221893310546875,1.0,8649,1.0609999895095825,27.15521348204995,28.477873,38.691982,40.267555,43.11161,45.77496,37.17956,1.0,34.61809252490748,35.0,35.0,35.0,36.0,36.0,0
Loundoungou,BIO_FP_FH__L2A_20260519T043740_20260531T043807_T_G01_M03_C___T033_F003,2026-05-19,35,57,17.076273918151855,2.366657018661499,38.74409103393555,0.9747789100437911,8443,1.0928000211715698,27.794206866547277,28.20516,38.527725,40.86742,45.434048,49.63281,37.38999,1.0,36.20735448968936,36.0,37.0,38.0,38.0,38.0,0
Loundoungou,BIO_FP_FH__L2A_20260519T043740_20260531T043807_T_G01_M03_C___T033_F003,2026-05-19,36,7,17.034598350524902,2.36582350730896,36.46192932128906,1.0000000026463387,8649,0.16380000114440918,19.29717754188779,20.610971,35.654427,38.436207,42.581287,46.559063,31.216503,1.0,35.531793475936695,35.0,36.89887237548828,37.0,37.0,37.0,0
Loundoungou,BIO_FP_FH__L2A_20260519T043740_20260531T043807_T_G01_M03_C___T033_F003,2026-05-19,36,8,17.03543186187744,2.36582350730896,37.323726654052734,1.0000000008821128,8649,0.3917999863624573,26.603327238671188,28.391924,42.608223,44.888874,47.2032,49.04274,40.190807,1.0,35.9483030418231,36.0,37.0,37.0,38.0,38.0,0
Loundoungou,BIO_FP_FH__L2A_20260519T043740_20260531T043807_T_G01_M03_C___T033_F003,2026-05-19,36,9,17.03626537322998,2.36582350730896,38.62412643432617,1.0000000070569033,8649,0.9261999726295471,30.630330625018555,33.058853,41.196953,44.52326,46.612415,48.62294,40.105545,1.0,37.71783499398498,38.0,38.0,38.26339340209961,39.0,39.0,0
Loundoungou,BIO_FP_FH__L2A_20260519T043740_20260531T043807_T_G01_M03_C___T033_F003,2026-05-19,36,10,17.03709888458252,2.36582350730896,40.21952819824219,1.0,8649,1.0118000507354736,32.89726379585068,34.88404,42.230064,43.337128,45.547375,47.97741,41.769928,1.0,38.22362823874458,38.0,39.0,39.0,39.0,39.0,0
Loundoungou,BIO_FP_FH__L2A_20260519T043740_20260531T043807_T_G01_M03_C___T033_F003,2026-05-19,36,11,17.03793239593506,2.36582350730896,42.228328704833984,1.000000028227613,8649,1.048799991607666,30.76362821355487,32.405888,41.289375,42.664623,44.68296,46.565594,39.510826,1.0,37.988402125490566,38.0,39.0,39.0,39.0,39.0,0
Loundoungou,BIO_FP_FH__L2A_20260519T043740_20260531T043807_T_G01_M03_C___T033_F003,2026-05-19,36,12,17.038765907287598,2.36582350730896,42.98032760620117,1.0,8649,1.024399995803833,32.23215382558677,34.720566,42.566093,43.800205,45.37433,47.94929,41.777336,1.0,37.75826642912707,38.0,39.0,39.0,39.0,39.0,0
Loundoungou,BIO_FP_FH__L2A_20260519T043740_20260531T043807_T_G01_M03_C___T033_F003,2026-05-19,36,13,17.039599418640137,2.36582350730896,43.30925750732422,1.0,8649,1.0143846273422241,32.94426085204937,35.76628,43.303005,44.474464,46.205097,48.21105,42.186035,1.0,38.08759008692736,38.0,39.0,39.0,40.0,40.0,0
Loundoungou,BIO_FP_FH__L2A_20260519T043740_20260531T043807_T_G01_M03_C___T033_F003,2026-05-19,36,14,17.040432929992676,2.36582350730896,42.68585968017578,1.0,8649,1.0153846740722656,30.463489276216904,33.132816,39.366493,40.73078,42.879677,45.891834,38.24251,1.0,37.574785235410815,38.0,38.0,38.0,38.0,38.0,0
Loundoungou,BIO_FP_FH__L2A_20260519T043740_20260531T043807_T_G01_M03_C___T033_F003,2026-05-19,36,15,17.041266441345215,2.36582350730896,41.50865936279297,1.0,8649,1.0265846252441406,28.975437008613714,32.6283,39.150196,40.27283,43.988,46.508316,37.431927,1.0,37.811595736355955,38.0,38.49489974975586,39.0,39.0,39.0,0
Loundoungou,BIO_FP_FH__L2A_20260519T043740_20260531T043807_T_G01_M03_C___T033_F003,2026-05-19,36,16,17.042099952697754,2.36582350730896,40.94506072998047,0.9999999647154837,8649,1.0423846244812012,30.985382802894947,33.406982,40.47995,42.051826,44.977264,47.841923,38.8852,1.0,37.835627204876495,38.0,39.0,39.0,39.0,39.0,0
Loundoungou,BIO_FP_FH__L2A_20260519T043740_20260531T043807_T_G01_M03_C___T033_F003,2026-05-19,36,17,17.042933464050293,2.36582350730896,40.59906005859375,0.9160146652611574,8042,1.0521845817565918,27.965020261000166,31.123543,38.24709,39.57148,42.298756,44.60322,37.320152,1.0,38.71737593448924,39.0,40.0,40.0,40.0,40.0,0
Loundoungou,BIO_FP_FH__L2A_20260519T043740_20260531T043807_T_G01_M03_C___T033_F003,2026-05-19,36,18,17.043766975402832,2.36582350730896,39.74205780029297,1.0,8649,0.9719846248626709,27.24771875722627,30.574594,39.965,41.179344,43.56467,45.56754,38.883076,1.0,38.233536145910115,38.0,39.0,40.0,40.0,40.0,0
Loundoungou,BIO_FP_FH__L2A_20260519T043740_20260531T043807_T_G01_M03_C___T033_F003,2026-05-19,36,19,17.04460048675537,2.36582350730896,38.1590576171875,1.0,8649,0.9417846202850342,27.387412245996646,28.92521,40.771572,42.437893,45.033833,47.780468,38.939972,1.0,37.12705175139777,37.0,38.0,38.0,39.0,39.0,0
Loundoungou,BIO_FP_FH__L2A_20260519T043740_20260531T043807_T_G01_M03_C___T033_F003,2026-05-19,36,20,17.04543399810791,2.36582350730896,37.004459381103516,1.0,8649,1.0785846710205078,30.36388193360504,31.543846,39.76439,41.777454,45.88512,46.940018,38.8847,1.0,36.77892017441687,37.0,38.0,38.0,38.0,38.0,0
Loundoungou,BIO_FP_FH__L2A_20260519T043740_20260531T043807_T_G01_M03_C___T033_F003,2026-05-19,36,21,17.04626750946045,2.36582350730896,38.74510192871094,1.0,8649,1.086927890777588,25.750924059139784,27.744013,38.51967,41.048893,43.24575,46.09316,36.3515,1.0,37.572437490145035,38.0,38.0,39.0,39.0,39.0,0
Loundoungou,BIO_FP_FH__L2A_20260519T043740_20260531T043807_T_G01_M03_C___T033_F003,2026-05-19,36,22,17.04710102081299,2.36582350730896,41.03950119018555,1.0,8649,1.0693279504776,28.947457346947623,30.554327,39.236214,40.879948,44.27773,45.73411,37.711235,1.0,36.960833770138,37.0,38.0,38.0,39.0,39.0,0
Loundoungou,BIO_FP_FH__L2A_20260519T043740_20260531T043807_T_G01_M03_C___T033_F003,2026-05-19,36,23,17.047934532165527,2.36582350730896,41.687503814697266,1.0,8649,1.0433279275894165,30.15532729578564,32.325443,39.86014,41.367073,44.71156,46.177555,38.79615,1.0,35.504801704864555,36.0,36.0,36.0,36.0,36.0,0
Loundoungou,BIO_FP_FH__L2A_20260519T043740_20260531T043807_T_G01_M03_C___T033_F003,2026-05-19,36,24,17.048768043518066,2.36582350730896,41.20830154418945,1.0,8649,1.0311279296875,33.332612964649094,35.16664,40.10339,41.369576,42.801533,44.89747,39.39076,1.0,35.633645435994396,36.0,36.0,36.0,36.0,36.0,0
Loundoungou,BIO_FP_FH__L2A_20260519T043740_20260531T043807_T_G01_M03_C___T033_F003,2026-05-19,36,25,17.049601554870605,2.36582350730896,41.41290283203125,1.0,8649,1.0217279195785522,32.13029414527691,33.988304,40.627983,42.26426,44.37765,45.68088,39.462273,1.0,35.70855647834798,36.0,36.0,37.0,37.0,37.0,0
Loundoungou,BIO_FP_FH__L2A_20260519T043740_20260531T043807_T_G01_M03_C___T033_F003,2026-05-19,36,26,17.050435066223145,2.36582350730896,41.30130386352539,1.0,8649,1.0277279615402222,32.502054066944154,34.939606,39.61985,40.53371,42.309685,45.486103,39.129215,1.0,36.009901911885166,36.0,37.0,37.0,38.0,38.0,0
Loundoungou,BIO_FP_FH__L2A_20260519T043740_20260531T043807_T_G01_M03_C___T033_F003,2026-05-19,36,27,17.051268577575684,2.36582350730896,40.57250213623047,1.0,8649,1.0411279201507568,28.42673782734998,30.906855,37.620323,39.237392,40.91442,42.69146,36.33042,1.0,35.85537703583896,36.0,37.0,37.0,38.0,38.0,0
Loundoungou,BIO_FP_FH__L2A_20260519T043740_20260531T043807_T_G01_M03_C___T033_F003,2026-05-19,36,28,17.052102088928223,2.36582350730896,41.77170181274414,1.0000000423414195,8649,1.0261279344558716,33.30019902865683,34.064285,40.332726,41.936214,43.93395,45.69814,39.218502,1.0,34.321954802814034,34.0,35.0,36.0,36.0,36.0,0
Loundoungou,BIO_FP_FH__L2A_20260519T043740_20260531T043807_T_G01_M03_C___T033_F003,2026-05-19,36,29,17.05293560028076,2.36582350730896,42.96428298950195,0.9999999576585805,8649,1.0106297731399536,34.39368949102154,35.483498,41.26256,42.56168,44.67465,45.711777,40.379524,1.0,35.12904682660023,35.0,36.0,36.0,36.0,37.0,0
Loundoungou,BIO_FP_FH__L2A_20260519T043740_20260531T043807_T_G01_M03_C___T033_F003,2026-05-19,36,30,17.0537691116333,2.36582350730896,42.40008544921875,1.0,8649,1.0142297744750977,30.973231641663777,33.937195,39.387836,40.54645,42.66698,45.08437,38.55159,1.0,35.63107753210721,36.0,37.0,37.0,37.0,37.0,0
Loundoungou,BIO_FP_FH__L2A_20260519T043740_20260531T043807_T_G01_M03_C___T033_F003,2026-05-19,36,31,17.05460262298584,2.36582350730896,41.82968521118164,1.0,8649,1.0270297527313232,29.905446077581225,31.158926,37.80048,39.283546,41.41773,44.46777,36.371826,1.0,35.104535584367625,35.0,36.0,36.0,37.0,37.0,0
Loundoungou,BIO_FP_FH__L2A_20260519T043740_20260531T043807_T_G01_M03_C___T033_F003,2026-05-19,36,32,17.05543613433838,2.36582350730896,40.83948516845703,1.0,8649,1.039429783821106,34.96964605734767,35.363,39.951138,41.0048,42.862705,44.90643,39.501812,1.0,33.4304243611082,33.0,35.0,35.0,36.0,36.0,0
Loundoungou,BIO_FP_FH__L2A_20260519T043740_20260531T043807_T_G01_M03_C___T033_F003,2026-05-19,36,33,17.056269645690918,2.36582350730896,40.570682525634766,1.0,8649,1.0308297872543335,32.181805700080936,33.026,37.61531,38.914085,42.698288,45.42241,36.962296,1.0,34.015424217429654,34.0,35.0,35.54804229736328,36.0,36.0,0
Loundoungou,BIO_FP_FH__L2A_20260519T043740_20260531T043807_T_G01_M03_C___T033_F003,2026-05-19,36,34,17.057103157043457,2.36582350730896,40.67768478393555,1.0,8649,1.0198297500610352,30.913197154295293,32.5581,37.543278,38.61891,40.190125,43.25317,36.85793,1.0,36.36452296196705,36.0,37.0,37.0,38.0,38.0,0
Loundoungou,BIO_FP_FH__L2A_20260519T043740_20260531T043807_T_G01_M03_C___T033_F003,2026-05-19,36,35,17.057936668395996,2.36582350730896,40.14608383178711,1.0,8649,1.0158298015594482,31.916106630824373,34.09326,39.462063,40.769978,43.28424,45.306747,38.89446,1.0,35.654573044262534,36.0,36.0,37.0,38.0,38.0,0
Loundoungou,BIO_FP_FH__L2A_20260519T043740_20260531T043807_T_G01_M03_C___T033_F003,2026-05-19,36,36,17.058770179748535,2.36582350730896,39.14008331298828,0.9995320990865996,8648,1.0100297927856445,31.913934611415257,34.150707,38.66428,39.77542,42.130833,43.78137,38.008224,1.0,34.95607967908182,35.0,36.0,36.0,36.0,36.0,0
Loundoungou,BIO_FP_FH__L2A_20260519T043740_20260531T043807_T_G01_M03_C___T033_F003,2026-05-19,36,37,17.059603691101074,2.36582350730896,37.72355270385742,1.0,8649,1.010200023651123,33.67179009134004,35.42159,40.310406,41.35506,43.3356,45.237457,39.27958,1.0,33.88326222674118,34.0,34.0,34.98839569091797,35.0,35.0,0
Loundoungou,BIO_FP_FH__L2A_20260519T043740_20260531T043807_T_G01_M03_C___T033_F003,2026-05-19,36,38,17.060437202453613,2.36582350730896,35.99015426635742,1.0,8649,0.925599992275238,34.90980351774944,35.994312,39.990814,41.187366,42.9095,45.15409,39.272945,1.0,33.455141525983066,33.0,34.0,34.0,35.0,35.0,0
Loundoungou,BIO_FP_FH__L2A_20260519T043740_20260531T043807_T_G01_M03_C___T033_F003,2026-05-19,36,39,17.061270713806152,2.36582350730896,35.88875198364258,1.0,8649,0.6018000245094299,29.881606616371833,30.630257,37.698982,39.158737,40.83438,42.94143,36.658115,1.0,34.00935111838085,34.0,35.0,35.0,35.0,35.0,0
Loundoungou,BIO_FP_FH__L2A_20260519T043740_20260531T043807_T_G01_M03_C___T033_F003,2026-05-19,36,40,17.06210422515869,2.36582350730896,35.45155334472656,1.0,8649,0.18719999492168427,16.720727287836745,16.567564,28.180208,32.49818,35.937145,37.62986,26.117393,1.0,32.958771963094144,33.0,34.282981872558594,35.0,35.0,35.0,0
Loundoungou,BIO_FP_FH__L2A_20260519T043740_20260531T043807_T_G01_M03_C___T033_F003,2026-05-19,36,41,17.06293773651123,2.36582350730896,35.62275314331055,1.0,8649,0.0,20.413681314313795,19.481987,33.018383,34.92932,37.23194,40.144833,31.891031,1.0,31.68345439755196,32.0,33.0,33.0,33.0,33.0,0
Loundoungou,BIO_FP_FH__L2A_20260519T043740_20260531T043807_T_G01_M03_C___T033_F003,2026-05-19,36,42,17.06377124786377,2.36582350730896,37.2237548828125,1.0,8649,0.0,33.61394832495086,35.167923,40.70808,42.08166,43.99307,46.313038,39.827595,1.0,34.86466359987412,35.0,36.0,36.0,36.0,36.0,0
Loundoungou,BIO_FP_FH__L2A_20260519T043740_20260531T043807_T_G01_M03_C___T033_F003,2026-05-19,36,43,17.06460475921631,2.36582350730896,37.40635299682617,1.0,8649,0.0,26.866116205630707,28.591682,40.36459,42.34906,46.96302,49.5728,38.66518,1.0,36.94176390135491,37.0,38.0,38.0,38.0,38.0,0
Loundoungou,BIO_FP_FH__L2A_20260519T043740_20260531T043807_T_G01_M03_C___T033_F003,2026-05-19,36,44,17.065438270568848,2.36582350730896,36.9201545715332,1.0,8649,0.0,26.645613835414498,28.448978,39.520798,41.25577,43.84996,46.310284,36.448757,1.0,37.49277641445464,37.0,38.0,39.0,39.0,39.0,0
Loundoungou,BIO_FP_FH__L2A_20260519T043740_20260531T043807_T_G01_M03_C___T033_F003,2026-05-19,36,45,17.066271781921387,2.36582350730896,37.41545104980469,1.0,8649,0.0,23.641615902127413,26.146132,37.808666,39.86162,41.43725,42.735397,36.34371,1.0,36.27249148286468,36.0,37.0,37.488380432128906,38.0,38.0,0
Loundoungou,BIO_FP_FH__L2A_20260519T043740_20260531T043807_T_G01_M03_C___T033_F003,2026-05-19,36,46,17.067105293273926,2.36582350730896,37.43705368041992,1.0,8649,0.0,29.218244161174702,30.896938,38.852295,40.11259,42.64945,44.626263,37.209282,1.0,35.54058152334527,36.0,37.0,38.0,38.0,38.0,0
Loundoungou,BIO_FP_FH__L2A_20260519T043740_20260531T043807_T_G01_M03_C___T033_F003,2026-05-19,36,47,17.067938804626465,2.36582350730896,36.84325408935547,1.0,8649,0.0,27.80578318302694,29.017212,39.599854,40.719982,42.189228,43.487297,38.752327,1.0,35.30718184669716,35.0,37.0,37.0,37.0,38.0,0
Loundoungou,BIO_FP_FH__L2A_20260519T043740_20260531T043807_T_G01_M03_C___T033_F003,2026-05-19,36,48,17.068772315979004,2.36582350730896,35.98805236816406,1.0,8649,0.0,26.450756590357265,27.631016,39.52661,41.691574,44.02026,46.633102,38.108227,1.0,36.39776159950951,36.49489974975586,37.0,37.0,37.0,37.0,0
Loundoungou,BIO_FP_FH__L2A_20260519T043740_20260531T043807_T_G01_M03_C___T033_F003,2026-05-19,36,49,17.069605827331543,2.36582350730896,36.26605224609375,1.0,8649,0.07079999893903732,29.335718002081165,31.92272,39.248688,40.534317,43.639526,46.76224,38.151497,1.0,37.53442339897707,37.611061096191406,38.0,39.0,39.0,39.0,0
Loundoungou,BIO_FP_FH__L2A_20260519T043740_20260531T043807_T_G01_M03_C___T033_F003,2026-05-19,36,50,17.070439338684082,2.36582350730896,37.305850982666016,1.0,8649,0.18619999289512634,33.27233188085328,35.256573,40.748413,42.22352,43.978996,48.972,39.798603,1.0,36.816552366269285,37.0,38.0,39.0,39.0,39.0,0
Loundoungou,BIO_FP_FH__L2A_20260519T043740_20260531T043807_T_G01_M03_C___T033_F003,2026-05-19,36,51,17.07127285003662,2.36582350730896,37.89405059814453,1.0,8649,0.29319998621940613,29.602655021534282,30.676928,39.23861,40.979008,46.169807,49.530365,37.208393,1.0,35.11618083980762,35.0,37.0,37.0,37.0,37.0,0
Loundoungou,BIO_FP_FH__L2A_20260519T043740_20260531T043807_T_G01_M03_C___T033_F003,2026-05-19,36,52,17.07210636138916,2.36582350730896,38.9410514831543,1.0,8649,0.7892000079154968,25.685721886200717,28.237015,42.77118,45.443916,47.744953,49.749638,40.361206,1.0,35.123297447992314,35.0,37.0,37.0,37.0,37.0,0
Loundoungou,BIO_FP_FH__L2A_20260519T043740_20260531T043807_T_G01_M03_C___T033_F003,2026-05-19,36,53,17.0729398727417,2.36582350730896,39.8350944519043,1.0000000000001077,8649,1.0779999494552612,29.959243843215642,32.82899,43.292427,45.576237,48.553738,51.162567,40.302494,1.0,35.19945175703695,35.0,36.0,36.0,36.0,36.0,0
Loundoungou,BIO_FP_FH__L2A_20260519T043740_20260531T043807_T_G01_M03_C___T033_F003,2026-05-19,36,54,17.07377338409424,2.36582350730896,40.368492126464844,0.9999999576585805,8649,1.0592000484466553,28.51641070924633,29.22661,37.6385,38.95307,41.615574,43.882927,36.77395,1.0,35.14837273438827,35.0,36.0,36.0,37.0,37.0,0
Loundoungou,BIO_FP_FH__L2A_20260519T043740_20260531T043807_T_G01_M03_C___T033_F003,2026-05-19,36,55,17.074606895446777,2.36582350730896,40.609092712402344,1.0,8649,1.0401999950408936,34.486599335905886,36.253677,42.012943,43.59327,45.097935,46.4464,41.47213,1.0,35.09160405129335,35.0,36.0,36.0,36.0,36.0,0
Loundoungou,BIO_FP_FH__L2A_20260519T043740_20260531T043807_T_G01_M03_C___T033_F003,2026-05-19,36,56,17.075440406799316,2.36582350730896,39.52449417114258,0.9999157405751388,8649,1.069000005722046,34.14091288283856,35.846626,41.877922,43.275055,45.028435,47.775833,40.94743,1.0,35.5186470381055,36.0,36.0,36.0,37.0,37.0,0
Loundoungou,BIO_FP_FH__L2A_20260519T043740_20260531T043807_T_G01_M03_C___T033_F003,2026-05-19,37,5,17.032931327819824,2.364989995956421,37.4249267578125,0.9067659953816716,7911,1.1319999694824219,18.633776613460174,19.574348,37.38888,41.381454,43.60165,45.35943,33.508118,1.0,34.88248863709787,35.0,36.0,36.0,37.0,37.0,0
Loundoungou,BIO_FP_FH__L2A_20260519T043740_20260531T043807_T_G01_M03_C___T033_F003,2026-05-19,37,6,17.033764839172363,2.364989995956421,37.03192901611328,0.9999999889735887,8649,0.8113999962806702,16.399905544936697,16.86329,33.60251,36.53082,39.468365,42.234226,31.214838,1.0,32.929169994569925,33.0,34.0,34.0,34.60414123535156,35.438866,0
Loundoungou,BIO_FP_FH__L2A_20260519T043740_20260531T043807_T_G01_M03_C___T033_F003,2026-05-19,37,7,17.034598350524902,2.364989995956421,36.83552932739258,1.0000000052926774,8649,0.1868000030517578,15.914772834218892,14.454593,34.372673,38.09216,40.62816,43.270817,30.735403,1.0,34.37932375602356,35.0,38.0,38.0,38.0,38.0,0
Loundoungou,BIO_FP_FH__L2A_20260519T043740_20260531T043807_T_G01_M03_C___T033_F003,2026-05-19,37,8,17.03543186187744,2.364989995956421,38.147525787353516,0.9999999982357742,8649,0.24240000545978546,26.788108002298426,28.906748,38.426647,40.36604,42.12299,43.3322,37.07695,1.0,37.75727630370007,38.0,38.0,39.0,39.0,39.0,0
Loundoungou,BIO_FP_FH__L2A_20260519T043740_20260531T043807_T_G01_M03_C___T033_F003,2026-05-19,37,9,17.03626537322998,2.364989995956421,39.958126068115234,1.0,8649,0.8127999901771545,31.94925510716557,33.416344,41.559364,42.971886,44.408104,45.716663,40.43402,1.0,36.96082033335315,37.0,38.0,38.0,38.26339340209961,39.0,0
Loundoungou,BIO_FP_FH__L2A_20260519T043740_20260531T043807_T_G01_M03_C___T033_F003,2026-05-19,37,10,17.03709888458252,2.364989995956421,41.1373291015625,1.0000000070569033,8649,1.087399959564209,31.751538858304702,33.83506,42.285534,43.892982,48.481926,53.736694,40.86534,1.0,36.78462555587932,37.0,38.0,38.0,38.0,38.0,0
Loundoungou,BIO_FP_FH__L2A_20260519T043740_20260531T043807_T_G01_M03_C___T033_F003,2026-05-19,37,11,17.03793239593506,2.364989995956421,42.42072677612305,0.9736965116372287,8500,1.0485999584197998,31.958267280019594,35.31617,42.34738,43.517727,46.061546,48.34403,41.2361,1.0,37.27816834649897,38.0,38.0,38.0,38.0,39.0,0
Loundoungou,BIO_FP_FH__L2A_20260519T043740_20260531T043807_T_G01_M03_C___T033_F003,2026-05-19,37,12,17.038765907287598,2.364989995956421,43.27412796020508,1.0,8649,1.017799973487854,33.1628277112961,34.664516,41.43198,42.811535,45.489346,46.982754,40.233692,1.0,38.265022062155424,38.0,39.0,40.0,40.0,40.0,0
Loundoungou,BIO_FP_FH__L2A_20260519T043740_20260531T043807_T_G01_M03_C___T033_F003,2026-05-19,37,13,17.039599418640137,2.364989995956421,42.82685852050781,1.0,8649,1.0155845880508423,33.16203078932536,34.46846,46.834095,51.676517,55.080845,56.913303,41.904724,1.0,38.454060532782364,38.07106399536133,39.0,39.0,40.0,40.0,0
Loundoungou,BIO_FP_FH__L2A_20260519T043740_20260531T043807_T_G01_M03_C___T033_F003,2026-05-19,37,14,17.040432929992676,2.364989995956421,42.478057861328125,1.0,8649,1.013184666633606,29.51495860251185,31.913187,41.255653,42.89942,45.335587,47.165783,39.340435,1.0,37.43919201384584,37.0,39.0,39.0,39.0,39.438866,0
Loundoungou,BIO_FP_FH__L2A_20260519T043740_20260531T043807_T_G01_M03_C___T033_F003,2026-05-19,37,15,17.041266441345215,2.364989995956421,41.716461181640625,0.9999999929430967,8649,1.0287846326828003,33.50305830311185,35.085472,41.26586,42.23952,43.71084,45.042233,40.311905,1.0,36.71265756503628,37.0,37.0,37.36907958984375,38.0,38.0,0
Loundoungou,BIO_FP_FH__L2A_20260519T043740_20260531T043807_T_G01_M03_C___T033_F003,2026-05-19,37,16,17.042099952697754,2.364989995956421,41.03765869140625,1.000000056455226,8649,1.0413846969604492,27.60575850047702,31.85563,39.61611,40.912148,43.310467,46.90944,38.355816,1.0,36.69910346489998,37.0,37.0,38.0,38.0,38.0,0
Loundoungou,BIO_FP_FH__L2A_20260519T043740_20260531T043807_T_G01_M03_C___T033_F003,2026-05-19,37,17,17.042933464050293,2.364989995956421,40.6750602722168,1.0,8649,1.0439846515655518,31.949364404483177,34.148094,40.76976,41.759315,43.890972,46.150425,39.639954,1.0,37.071322255526574,37.0,39.0,39.0,39.0,39.0,0
Loundoungou,BIO_FP_FH__L2A_20260519T043740_20260531T043807_T_G01_M03_C___T033_F003,2026-05-19,37,18,17.043766975402832,2.364989995956421,39.817657470703125,1.0,8649,1.0603846311569214,28.21209573541739,31.37505,38.001244,39.100494,41.053658,44.173973,37.108776,1.0,37.43045144462078,37.0,38.0,39.0,39.0,39.0,0
Loundoungou,BIO_FP_FH__L2A_20260519T043740_20260531T043807_T_G01_M03_C___T033_F003,2026-05-19,37,19,17.04460048675537,2.364989995956421,38.24245834350586,1.0,8649,1.0843846797943115,32.46094653283617,34.90998,41.571156,42.940956,44.464024,46.551674,40.46852,1.0,37.17090449761567,37.0,38.0,38.0,38.0,38.0,0
Loundoungou,BIO_FP_FH__L2A_20260519T043740_20260531T043807_T_G01_M03_C___T033_F003,2026-05-19,37,20,17.04543399810791,2.364989995956421,37.272857666015625,1.0,8649,1.08938467502594,29.20519171291479,31.03203,39.078445,40.853992,43.325283,45.00611,37.971157,1.0,36.39936673229093,37.0,38.0,38.0,38.0,38.0,0
Loundoungou,BIO_FP_FH__L2A_20260519T043740_20260531T043807_T_G01_M03_C___T033_F003,2026-05-19,37,21,17.04626750946045,2.364989995956421,38.477500915527344,1.0,8649,1.0777279138565063,26.992477905682737,29.318327,38.123608,41.27709,46.79464,50.153786,37.02906,1.0,36.10723362416667,36.0,37.0,37.0,37.0,37.0,0
Loundoungou,BIO_FP_FH__L2A_20260519T043740_20260531T043807_T_G01_M03_C___T033_F003,2026-05-19,37,22,17.04710102081299,2.364989995956421,41.289302825927734,1.0,8649,1.0441279411315918,29.859360547462135,32.439564,40.644722,41.792927,43.90458,45.585747,39.716347,1.0,36.05770055731399,36.0,38.0,38.0,38.5216064453125,39.0,0
Loundoungou,BIO_FP_FH__L2A_20260519T043740_20260531T043807_T_G01_M03_C___T033_F003,2026-05-19,37,23,17.047934532165527,2.364989995956421,42.497703552246094,1.0,8649,1.0171278715133667,29.826507219042664,32.828274,39.54595,40.97907,42.876713,44.998325,38.49373,1.0,35.34930932539738,36.0,37.0,37.07106399536133,38.0,38.0,0
Loundoungou,BIO_FP_FH__L2A_20260519T043740_20260531T043807_T_G01_M03_C___T033_F003,2026-05-19,37,24,17.048768043518066,2.364989995956421,41.35190200805664,1.0,8649,1.0193278789520264,33.54737722569083,35.408104,41.60636,42.93701,44.712044,46.19661,41.000446,1.0,35.33604541681091,35.0,36.0,36.0,36.0,36.0,0
Loundoungou,BIO_FP_FH__L2A_20260519T043740_20260531T043807_T_G01_M03_C___T033_F003,2026-05-19,37,25,17.049601554870605,2.364989995956421,40.42930221557617,1.0,8649,1.02512788772583,29.576727168603306,32.54333,39.54561,40.721745,43.03789,44.898064,38.44815,1.0,34.92110834641048,35.0,36.0,36.0,36.0,36.438866,0
Loundoungou,BIO_FP_FH__L2A_20260519T043740_20260531T043807_T_G01_M03_C___T033_F003,2026-05-19,37,26,17.050435066223145,2.364989995956421,39.77290344238281,1.0,8649,1.0389279127120972,35.41427973970979,36.2474,40.91024,41.90542,43.4926,46.169632,40.35786,1.0,34.37670000314244,34.0,35.0,36.0,36.0,36.0,0
Loundoungou,BIO_FP_FH__L2A_20260519T043740_20260531T043807_T_G01_M03_C___T033_F003,2026-05-19,37,27,17.051268577575684,2.364989995956421,38.756900787353516,1.0000000141138066,8649,1.0613279342651367,34.57939633528527,35.759296,39.433075,40.345562,42.413044,44.220604,38.97224,1.0,33.156220700399274,34.0,35.0,35.0,35.0,35.0,0
Loundoungou,BIO_FP_FH__L2A_20260519T043740_20260531T043807_T_G01_M03_C___T033_F003,2026-05-19,37,28,17.052102088928223,2.364989995956421,39.7317008972168,0.9999999858861935,8649,1.0493278503417969,30.929085446354854,31.600157,37.156673,38.22229,39.729767,41.68971,36.62181,1.0,32.98823172332979,33.0,34.0,34.0,34.0,34.0,0
Loundoungou,BIO_FP_FH__L2A_20260519T043740_20260531T043807_T_G01_M03_C___T033_F003,2026-05-19,37,29,17.05293560028076,2.364989995956421,41.12608337402344,1.0,8649,1.0486297607421875,31.221701479217252,32.033817,37.75086,39.115345,42.304882,44.175564,37.246445,1.0,33.048442129813694,33.0,34.0,35.0,35.0,35.0,0
Loundoungou,BIO_FP_FH__L2A_20260519T043740_20260531T043807_T_G01_M03_C___T033_F003,2026-05-19,37,30,17.0537691116333,2.364989995956421,40.90968322753906,1.0,8649,1.0580297708511353,29.849221188865766,32.739086,38.92181,40.783096,42.447224,44.03411,37.09969,1.0,34.64768982418756,34.0,36.0,37.0,37.0,37.0,0
Loundoungou,BIO_FP_FH__L2A_20260519T043740_20260531T043807_T_G01_M03_C___T033_F003,2026-05-19,37,31,17.05460262298584,2.364989995956421,40.987884521484375,1.0,8649,1.0782297849655151,30.212097316163717,31.173016,36.57285,37.97063,40.03754,42.28432,35.829754,1.0,34.9199535252111,35.0,36.0,36.0,36.0,36.0,0
Loundoungou,BIO_FP_FH__L2A_20260519T043740_20260531T043807_T_G01_M03_C___T033_F003,2026-05-19,37,32,17.05543613433838,2.364989995956421,40.5856819152832,1.0,8649,1.0956298112869263,32.9430000939415,33.94441,38.951443,39.76798,40.907383,42.523052,38.249672,1.0,33.7026261285435,34.0,35.0,35.0,35.0,35.0,0
Loundoungou,BIO_FP_FH__L2A_20260519T043740_20260531T043807_T_G01_M03_C___T033_F003,2026-05-19,37,33,17.056269645690918,2.364989995956421,41.54588317871094,1.0,8649,1.0540298223495483,32.80649677708406,34.567543,39.944847,40.860764,42.982555,45.071423,38.799026,1.0,33.833878099360156,34.0,35.0,36.0,36.0,36.0,0
Loundoungou,BIO_FP_FH__L2A_20260519T043740_20260531T043807_T_G01_M03_C___T033_F003,2026-05-19,37,34,17.057103157043457,2.364989995956421,41.88148498535156,1.0,8649,1.0270297527313232,33.23521144062897,34.489105,39.627216,40.49369,42.192806,44.724102,39.119446,1.0,35.938757384026005,36.0,37.0,37.47503662109375,38.0,38.0,0
Loundoungou,BIO_FP_FH__L2A_20260519T043740_20260531T043807_T_G01_M03_C___T033_F003,2026-05-19,37,35,17.057936668395996,2.364989995956421,40.778282165527344,1.0,8649,0.9438297748565674,34.18244432159787,35.98429,40.631092,41.59836,43.24751,45.39108,40.022575,1.0,36.42102335924247,36.0,38.0,38.0,38.0,38.0,0
Loundoungou,BIO_FP_FH__L2A_20260519T043740_20260531T043807_T_G01_M03_C___T033_F003,2026-05-19,37,36,17.058770179748535,2.364989995956421,40.138885498046875,1.0,8649,1.021629810333252,33.424842286680544,35.016716,39.86638,40.591408,41.7488,43.464012,39.349537,1.0,35.36036022617191,35.0,36.0,37.0,37.0,37.0,0
Loundoungou,BIO_FP_FH__L2A_20260519T043740_20260531T043807_T_G01_M03_C___T033_F003,2026-05-19,37,37,17.059603691101074,2.364989995956421,38.64295196533203,1.0,8649,1.0285999774932861,34.342507081743555,35.929176,40.52386,42.197617,44.26073,46.385323,39.405148,1.0,33.973642876526156,34.0,35.0,35.0,35.0,35.0,0
Loundoungou,BIO_FP_FH__L2A_20260519T043740_20260531T043807_T_G01_M03_C___T033_F003,2026-05-19,37,38,17.060437202453613,2.364989995956421,37.21615219116211,1.0,8649,1.035599946975708,34.53010011995434,35.551613,38.992363,40.01315,41.51649,43.469482,38.594685,1.0,33.60886969882252,34.0,34.0,34.07062072753908,35.0,35.0,0
Loundoungou,BIO_FP_FH__L2A_20260519T043740_20260531T043807_T_G01_M03_C___T033_F003,2026-05-19,37,39,17.061270713806152,2.364989995956421,36.544952392578125,1.0,8649,0.728600025177002,32.18616223696381,32.980385,38.778854,40.63515,42.85676,45.3357,38.183838,1.0,34.09609475887253,34.0,35.0,35.0,35.0,35.0,0
Loundoungou,BIO_FP_FH__L2A_20260519T043740_20260531T043807_T_G01_M03_C___T033_F003,2026-05-19,37,40,17.06210422515869,2.364989995956421,35.33775329589844,1.0,8649,0.2971999943256378,25.45850405393687,27.770956,34.13555,35.2858,37.02171,38.348278,33.561184,1.0,32.552745264683836,32.92893600463867,34.0,34.0,34.928810119628906,35.0,0
Loundoungou,BIO_FP_FH__L2A_20260519T043740_20260531T043807_T_G01_M03_C___T033_F003,2026-05-19,37,41,17.06293773651123,2.364989995956421,34.63875198364258,1.0,8649,0.0,19.41203101514626,18.998545,28.492277,29.825296,31.946455,33.329346,27.637163,1.0,31.600844406284946,31.561132431030273,32.0,33.0,34.0,34.0,0
Loundoungou,BIO_FP_FH__L2A_20260519T043740_20260531T043807_T_G01_M03_C___T033_F003,2026-05-19,37,42,17.06377124786377,2.364989995956421,36.910552978515625,1.0,8649,0.0,24.97135777980113,27.05056,37.027943,38.59157,40.997414,42.375946,35.736534,1.0,34.42863312852577,34.0,35.0,35.0,36.0,36.0,0
Loundoungou,BIO_FP_FH__L2A_20260519T043740_20260531T043807_T_G01_M03_C___T033_F003,2026-05-19,37,43,17.06460475921631,2.364989995956421,37.81355285644531,1.0,8649,0.0,28.74968836715227,31.464746,38.978157,40.237232,44.689926,46.76273,37.550106,1.0,36.8724438877571,37.0,38.0,38.0,38.0,38.0,0
Loundoungou,BIO_FP_FH__L2A_20260519T043740_20260531T043807_T_G01_M03_C___T033_F003,2026-05-19,37,44,17.065438270568848,2.364989995956421,37.439353942871094,1.0,8649,0.0,27.167829192681236,28.499128,38.880444,40.700813,45.661404,48.137794,36.814445,1.0,37.12742692813086,37.0,38.0,38.0,38.0,38.0,0
Loundoungou,BIO_FP_FH__L2A_20260519T043740_20260531T043807_T_G01_M03_C___T033_F003,2026-05-19,37,45,17.066271781921387,2.364989995956421,37.0218505859375,1.0,8649,0.0,29.133484543010752,30.129637,39.422356,40.982952,43.63914,59.885056,38.463486,1.0,36.331367958872455,36.0,37.0,37.0,37.0,37.0,0
Loundoungou,BIO_FP_FH__L2A_20260519T043740_20260531T043807_T_G01_M03_C___T033_F003,2026-05-19,37,46,17.067105293273926,2.364989995956421,36.98305130004883,1.0,8649,0.0,29.945721687478322,32.80006,40.08853,41.50546,44.276024,45.788986,39.0721,1.0,36.54148289167422,36.87900924682617,38.0,38.0,38.0,38.0,0
Loundoungou,BIO_FP_FH__L2A_20260519T043740_20260531T043807_T_G01_M03_C___T033_F003,2026-05-19,37,47,17.067938804626465,2.364989995956421,37.437652587890625,1.0,8649,0.0,32.39995050005781,34.621746,40.26272,41.273945,43.18974,45.19672,39.044937,1.0,37.25430746450081,37.0,38.0,38.0,38.0,38.0,0
Loundoungou,BIO_FP_FH__L2A_20260519T043740_20260531T043807_T_G01_M03_C___T033_F003,2026-05-19,37,48,17.068772315979004,2.364989995956421,37.26525115966797,1.0,8649,0.0,25.970830262169038,29.348043,38.741535,39.97232,41.741,43.333008,36.780155,1.0,36.86771384398087,37.0,37.0,38.0,38.0,38.0,0
Loundoungou,BIO_FP_FH__L2A_20260519T043740_20260531T043807_T_G01_M03_C___T033_F003,2026-05-19,37,49,17.069605827331543,2.364989995956421,37.456050872802734,1.0,8649,0.22540000081062317,28.864386417504914,31.47862,38.168037,40.119102,44.94262,47.41296,37.464996,1.0,36.261119876049584,38.0,39.0,39.0,39.0,39.0,0
Loundoungou,BIO_FP_FH__L2A_20260519T043740_20260531T043807_T_G01_M03_C___T033_F003,2026-05-19,37,50,17.070439338684082,2.364989995956421,38.598052978515625,1.0,8649,0.723800003528595,29.719325391663777,32.541027,40.327766,41.637108,44.451096,49.628017,38.95635,1.0,37.50310866468035,37.96510696411133,38.0,39.0,39.0,39.0,0
Loundoungou,BIO_FP_FH__L2A_20260519T043740_20260531T043807_T_G01_M03_C___T033_F003,2026-05-19,37,51,17.07127285003662,2.364989995956421,39.31685256958008,1.0,8649,0.8330000042915344,30.824556126430803,33.065006,41.22173,42.47181,44.244453,46.4587,40.41841,1.0,36.2218320791205,36.0,37.0,37.0,37.0,37.0,0
Loundoungou,BIO_FP_FH__L2A_20260519T043740_20260531T043807_T_G01_M03_C___T033_F003,2026-05-19,37,52,17.07210636138916,2.364989995956421,39.524452209472656,1.0,8649,0.9326000213623047,31.365517780234708,34.153675,41.456383,43.414753,45.520718,47.677048,40.26656,1.0,35.143276312073084,35.0,36.0,36.0,37.0,37.0,0
Loundoungou,BIO_FP_FH__L2A_20260519T043740_20260531T043807_T_G01_M03_C___T033_F003,2026-05-19,37,53,17.0729398727417,2.364989995956421,39.92489242553711,0.9999999999998923,8649,1.051200032234192,28.724484496043097,33.862514,40.836952,42.168633,44.226723,46.114323,39.721703,1.0,36.547403345495056,36.36907958984375,37.0,38.0,38.0,38.0,0
Loundoungou,BIO_FP_FH__L2A_20260519T043740_20260531T043807_T_G01_M03_C___T033_F003,2026-05-19,37,54,17.07377338409424,2.364989995956421,40.5602912902832,1.0000000141138066,8649,1.0382000207901,31.356353073744963,33.63061,39.00608,40.189342,42.081303,43.2147,38.356438,1.0,36.200069165502704,36.0,37.0,37.0,37.0,37.0,0
Loundoungou,BIO_FP_FH__L2A_20260519T043740_20260531T043807_T_G01_M03_C___T033_F003,2026-05-19,37,55,17.074606895446777,2.364989995956421,40.66209411621094,0.974589897947017,8458,1.0379999876022339,34.093001014478375,36.021866,42.305473,43.979206,47.957882,49.43412,41.496265,1.0,34.619879413524906,35.0,35.0,36.0,36.0,36.0,0
Loundoungou,BIO_FP_FH__L2A_20260519T043740_20260531T043807_T_G01_M03_C___T033_F003,2026-05-19,38,5,17.032931327819824,2.364156484603882,36.62372589111328,1.0000000004410565,8649,0.7059999704360962,25.456839262775954,28.165459,38.054047,39.60499,42.72706,44.245968,35.388813,1.0,35.234745758229536,35.0,37.0,37.0,37.0,37.0,0
Loundoungou,BIO_FP_FH__L2A_20260519T043740_20260531T043807_T_G01_M03_C___T033_F003,2026-05-19,38,6,17.033764839172363,2.364156484603882,37.47352600097656,1.0000000017642259,8649,0.4058000147342682,18.4812105249513,18.384205,36.34183,43.55915,49.718838,51.390686,34.41205,1.0,31.577523084965343,32.0,34.0,34.0,35.0,36.0,0
Loundoungou,BIO_FP_FH__L2A_20260519T043740_20260531T043807_T_G01_M03_C___T033_F003,2026-05-19,38,7,17.034598350524902,2.364156484603882,37.977725982666016,0.9999999929430967,8649,0.25040000677108765,15.08396404465425,12.402131,35.668102,38.84826,41.4944,43.783314,30.486898,1.0,30.39691075155095,31.0,33.0,34.0,37.0,37.0,0
Loundoungou,BIO_FP_FH__L2A_20260519T043740_20260531T043807_T_G01_M03_C___T033_F003,2026-05-19,38,8,17.03543186187744,2.364156484603882,39.81452941894531,1.0,8649,0.7784000039100647,28.26246333797621,30.077848,40.388332,41.49752,42.76219,44.507984,37.991726,1.0,35.50621532740545,36.0,37.0,37.0,37.0,38.0,0
Loundoungou,BIO_FP_FH__L2A_20260519T043740_20260531T043807_T_G01_M03_C___T033_F003,2026-05-19,38,9,17.03626537322998,2.364156484603882,41.910728454589844,1.0,8649,0.8450000286102295,31.020425952422244,33.29704,44.94838,47.46089,49.692253,50.766476,43.3298,1.0,36.57884500569478,36.0,38.0,38.0,38.0,38.0,0
Loundoungou,BIO_FP_FH__L2A_20260519T043740_20260531T043807_T_G01_M03_C___T033_F003,2026-05-19,38,10,17.03709888458252,2.364156484603882,43.42612838745117,1.0000000035284515,8649,1.0371999740600586,33.79628243960941,34.96926,40.67857,41.9719,43.87717,45.819904,39.604996,1.0,35.99667106114146,36.17729568481445,37.0,37.0,38.0,38.0,0
Loundoungou,BIO_FP_FH__L2A_20260519T043740_20260531T043807_T_G01_M03_C___T033_F003,2026-05-19,38,11,17.03793239593506,2.364156484603882,43.87392807006836,0.9542709211212098,8331,1.018399953842163,31.381099703134403,33.579144,43.052937,45.214535,49.021496,51.09164,42.25035,1.0,35.271223545239856,35.0,37.0,37.0,38.0,38.0,0
Loundoungou,BIO_FP_FH__L2A_20260519T043740_20260531T043807_T_G01_M03_C___T033_F003,2026-05-19,38,13,17.039599418640137,2.364156484603882,42.991058349609375,1.0,8649,1.0147846937179565,30.383844727352873,33.816338,40.5989,41.97273,44.806404,51.442616,39.432407,1.0,39.63628537542683,40.0,40.150787353515625,41.0,41.0,41.0,0
Loundoungou,BIO_FP_FH__L2A_20260519T043740_20260531T043807_T_G01_M03_C___T033_F003,2026-05-19,38,14,17.040432929992676,2.364156484603882,43.07386016845703,1.0000000211707099,8649,1.0105845928192139,31.522377732608422,36.24147,42.26782,43.45551,45.52313,46.712303,40.977226,1.0,38.37469133634432,38.0,40.0,40.0,40.0,41.0,0
Loundoungou,BIO_FP_FH__L2A_20260519T043740_20260531T043807_T_G01_M03_C___T033_F003,2026-05-19,38,15,17.041266441345215,2.364156484603882,42.11825942993164,0.9999999929430967,8649,1.0169845819473267,34.14053649331113,36.27681,42.172024,43.31517,45.78033,47.84301,41.149666,1.0,37.542742053598786,38.0,39.0,39.0,39.0,39.0,0
Loundoungou,BIO_FP_FH__L2A_20260519T043740_20260531T043807_T_G01_M03_C___T033_F003,2026-05-19,38,16,17.042099952697754,2.364156484603882,41.410858154296875,1.0,8649,1.0293846130371094,28.173909872167304,32.860268,39.415756,40.63115,41.999245,44.09095,37.90241,1.0,36.93170948934935,37.0,38.0,38.0,38.0,38.0,0
Loundoungou,BIO_FP_FH__L2A_20260519T043740_20260531T043807_T_G01_M03_C___T033_F003,2026-05-19,38,17,17.042933464050293,2.364156484603882,40.853660583496094,1.0,8649,1.0373846292495728,32.261314982223375,34.83029,40.425396,41.725334,44.38267,47.77381,38.952625,1.0,36.549753795319006,37.0,37.0,37.0,37.0,38.0,0
Loundoungou,BIO_FP_FH__L2A_20260519T043740_20260531T043807_T_G01_M03_C___T033_F003,2026-05-19,38,18,17.043766975402832,2.364156484603882,39.38425827026367,1.0,8649,1.0703846216201782,32.27899833976471,34.277718,40.58511,41.878048,43.389946,44.840824,39.230106,1.0,37.262828926583055,37.0,38.0,38.0,38.0,38.45873,0
Loundoungou,BIO_FP_FH__L2A_20260519T043740_20260531T043807_T_G01_M03_C___T033_F003,2026-05-19,38,19,17.04460048675537,2.364156484603882,38.170257568359375,1.0,8649,1.086384654045105,32.062179785957916,34.38635,39.47523,41.23877,44.122505,45.52978,38.09455,1.0,36.99934552250356,37.0,38.0,39.0,39.0,39.0,0
Loundoungou,BIO_FP_FH__L2A_20260519T043740_20260531T043807_T_G01_M03_C___T033_F003,2026-05-19,38,20,17.04543399810791,2.364156484603882,37.61545944213867,1.0,8649,1.0787845849990845,34.29595455399468,37.912247,43.57433,44.65225,46.551502,48.302406,42.61887,1.0,35.910653278281586,36.0,37.0,37.0,37.0,38.0,0
Loundoungou,BIO_FP_FH__L2A_20260519T043740_20260531T043807_T_G01_M03_C___T033_F003,2026-05-19,38,21,17.04626750946045,2.364156484603882,38.487300872802734,1.0,8649,1.0651278495788574,31.607649728292287,33.960472,40.65382,42.410847,44.91238,47.402584,39.083282,1.0,36.274503565645034,36.0,37.0,38.0,38.0,38.0,0
Loundoungou,BIO_FP_FH__L2A_20260519T043740_20260531T043807_T_G01_M03_C___T033_F003,2026-05-19,38,22,17.04710102081299,2.364156484603882,41.31050109863281,1.0,8649,1.037727952003479,27.029064053647822,29.423424,38.325493,39.505398,41.983532,45.66011,36.464577,1.0,35.775009925358006,36.0,37.0,37.0,37.0,37.0,0
Loundoungou,BIO_FP_FH__L2A_20260519T043740_20260531T043807_T_G01_M03_C___T033_F003,2026-05-19,38,23,17.047934532165527,2.364156484603882,42.2827033996582,1.0,8649,1.0115278959274292,33.6435407995144,35.444153,40.087486,41.55828,45.19657,47.11013,39.173763,1.0,36.51566625730277,36.0514030456543,37.0,37.0,38.0,38.0,0
Loundoungou,BIO_FP_FH__L2A_20260519T043740_20260531T043807_T_G01_M03_C___T033_F003,2026-05-19,38,24,17.048768043518066,2.364156484603882,41.006103515625,1.0,8649,1.0161279439926147,34.52871086975373,36.511444,40.71054,41.64649,43.238396,45.04847,40.12003,1.0,35.90827865150708,36.0,36.0,37.0,37.0,37.0,0
Loundoungou,BIO_FP_FH__L2A_20260519T043740_20260531T043807_T_G01_M03_C___T033_F003,2026-05-19,38,25,17.049601554870605,2.364156484603882,39.28070068359375,1.0,8649,1.020927906036377,33.813713561538904,35.28913,40.00564,41.675114,45.169834,47.1408,39.272064,1.0,35.216523753437556,35.0,36.0,36.0,37.0,37.0,0
Loundoungou,BIO_FP_FH__L2A_20260519T043740_20260531T043807_T_G01_M03_C___T033_F003,2026-05-19,38,26,17.050435066223145,2.364156484603882,38.539302825927734,1.0,8649,1.0367279052734375,34.338919239218406,35.514084,39.92671,40.812977,42.911484,45.57738,39.33847,1.0,34.550731049836585,34.696956634521484,35.0,35.0,36.0,36.0,0
Loundoungou,BIO_FP_FH__L2A_20260519T043740_20260531T043807_T_G01_M03_C___T033_F003,2026-05-19,38,27,17.051268577575684,2.364156484603882,37.02730178833008,1.0000000423414195,8649,1.0709278583526611,28.300039810812336,29.870356,36.521618,37.370483,38.813732,41.986694,35.949604,1.0,34.23185688300634,34.0,35.0,35.0,35.0,35.0,0
Loundoungou,BIO_FP_FH__L2A_20260519T043740_20260531T043807_T_G01_M03_C___T033_F003,2026-05-19,38,28,17.052102088928223,2.364156484603882,36.85530090332031,1.0,8649,1.0831278562545776,26.185472128280725,27.389633,35.58041,36.85333,38.408585,40.172462,34.634983,1.0,32.77308250645128,33.0,34.0,34.0,34.0,34.0,0
Loundoungou,BIO_FP_FH__L2A_20260519T043740_20260531T043807_T_G01_M03_C___T033_F003,2026-05-19,38,29,17.05293560028076,2.364156484603882,38.4522819519043,1.0,8649,1.0926297903060913,25.958893820817437,27.659021,33.630447,34.43135,36.47981,38.24281,32.96774,1.0,32.87826625790013,33.0,34.0,34.0,34.0,34.0,0
Loundoungou,BIO_FP_FH__L2A_20260519T043740_20260531T043807_T_G01_M03_C___T033_F003,2026-05-19,38,30,17.0537691116333,2.364156484603882,39.71428298950195,1.0,8649,1.1004297733306885,25.800093851167766,28.787725,33.672184,34.618126,36.586742,40.98848,32.92694,1.0,34.635925027452764,35.0,35.0,35.0,35.0,35.0,0
Loundoungou,BIO_FP_FH__L2A_20260519T043740_20260531T043807_T_G01_M03_C___T033_F003,2026-05-19,38,31,17.05460262298584,2.364156484603882,39.96968460083008,1.0,8649,1.1076297760009766,23.033129733206152,25.335073,31.265255,33.57671,37.624233,41.632706,29.792204,1.0,34.03294323292588,34.0,36.0,36.0,36.0,36.0,0
Loundoungou,BIO_FP_FH__L2A_20260519T043740_20260531T043807_T_G01_M03_C___T033_F003,2026-05-19,38,32,17.05543613433838,2.364156484603882,39.61448287963867,1.0,8649,0.8392297625541687,23.032445947508382,23.764385,32.4768,34.34169,36.982243,39.259487,31.469893,1.0,31.783032204597887,32.0,33.0,33.0,34.0,34.0,0
Loundoungou,BIO_FP_FH__L2A_20260519T043740_20260531T043807_T_G01_M03_C___T033_F003,2026-05-19,38,33,17.056269645690918,2.364156484603882,39.80288314819336,1.0,8649,0.6760298013687134,28.533272452017574,29.120367,36.059658,37.64601,40.54188,44.649998,35.060017,1.0,33.2651001410562,33.0,34.0,35.0,35.0,35.0,0
Loundoungou,BIO_FP_FH__L2A_20260519T043740_20260531T043807_T_G01_M03_C___T033_F003,2026-05-19,38,34,17.057103157043457,2.364156484603882,40.609283447265625,1.0,8649,0.5564298033714294,28.241452227136087,29.402374,35.827435,37.293995,40.57571,44.8509,34.746094,1.0,34.91534686212609,35.0,36.0,36.0,36.0,36.0,0
Loundoungou,BIO_FP_FH__L2A_20260519T043740_20260531T043807_T_G01_M03_C___T033_F003,2026-05-19,38,35,17.057936668395996,2.364156484603882,39.33808517456055,1.0,8649,0.43802979588508606,30.453010282980692,31.235977,38.568195,39.73637,41.529427,44.29985,37.755615,1.0,35.44590046530115,35.0,37.0,37.0,37.0,37.0,0
Loundoungou,BIO_FP_FH__L2A_20260519T043740_20260531T043807_T_G01_M03_C___T033_F003,2026-05-19,38,36,17.058770179748535,2.364156484603882,40.34248352050781,1.0,8649,0.942429780960083,26.86358159180252,29.81678,39.27123,41.302338,45.60023,47.314106,38.06268,1.0,35.31240796386775,35.0,36.0,36.0,36.03058868408205,37.0,0
Loundoungou,BIO_FP_FH__L2A_20260519T043740_20260531T043807_T_G01_M03_C___T033_F003,2026-05-19,38,37,17.059603691101074,2.364156484603882,39.43155288696289,1.0,8649,1.0607999563217163,26.346573664585502,28.86887,37.16321,39.484653,42.064,43.64281,36.315117,1.0,34.81347283866037,35.0,35.0,35.0,36.0,36.0,0
Loundoungou,BIO_FP_FH__L2A_20260519T043740_20260531T043807_T_G01_M03_C___T033_F003,2026-05-19,38,38,17.060437202453613,2.364156484603882,38.07795333862305,1.0,8649,1.0678000450134277,31.75799586657417,33.70087,37.649025,38.304512,39.504333,42.128036,37.046604,1.0,34.20236965465689,34.0,35.0,35.0,35.0,35.0,0
Loundoungou,BIO_FP_FH__L2A_20260519T043740_20260531T043807_T_G01_M03_C___T033_F003,2026-05-19,38,39,17.061270713806152,2.364156484603882,36.716552734375,1.0,8649,0.8447999954223633,30.33063070875246,31.59744,36.86651,37.98735,39.67491,42.065746,36.32449,1.0,33.78227624265786,34.0,34.0,35.0,35.0,35.0,0
Loundoungou,BIO_FP_FH__L2A_20260519T043740_20260531T043807_T_G01_M03_C___T033_F003,2026-05-19,38,40,17.06210422515869,2.364156484603882,34.708553314208984,1.0,8649,0.3107999861240387,28.53355788964042,29.94238,35.27821,36.50209,38.2784,39.80081,34.144703,1.0,32.12379756322802,32.0,33.0,33.0,34.0,34.0,0
Loundoungou,BIO_FP_FH__L2A_20260519T043740_20260531T043807_T_G01_M03_C___T033_F003,2026-05-19,38,41,17.06293773651123,2.364156484603882,33.782554626464844,1.0,8649,0.0,18.230330095964852,17.873941,26.125475,29.098967,32.055634,35.56904,23.844154,1.0,30.471878079985427,30.0,31.0,32.0,32.0,32.0,0
Loundoungou,BIO_FP_FH__L2A_20260519T043740_20260531T043807_T_G01_M03_C___T033_F003,2026-05-19,38,42,17.06377124786377,2.364156484603882,36.08915328979492,1.0,8649,0.0,19.488040524916176,18.339466,32.618572,34.285854,36.51952,41.066147,30.95209,1.0,33.51028245759846,33.02482223510742,35.0,35.0,36.0,36.0,0
Loundoungou,BIO_FP_FH__L2A_20260519T043740_20260531T043807_T_G01_M03_C___T033_F003,2026-05-19,38,43,17.06460475921631,2.364156484603882,38.586753845214844,1.0,8649,0.0,34.35930273731067,36.05651,41.909218,42.9862,44.25163,45.47384,41.358047,1.0,35.98820867283742,36.0,37.0,37.0,38.0,38.0,0
Loundoungou,BIO_FP_FH__L2A_20260519T043740_20260531T043807_T_G01_M03_C___T033_F003,2026-05-19,38,44,17.065438270568848,2.364156484603882,38.98555374145508,1.0,8649,0.0,29.17574466701353,32.233948,39.725357,40.979443,42.613674,45.966717,38.73715,1.0,37.2533103739103,37.0,38.0,38.0,38.0,38.0,0
Loundoungou,BIO_FP_FH__L2A_20260519T043740_20260531T043807_T_G01_M03_C___T033_F003,2026-05-19,38,45,17.066271781921387,2.364156484603882,38.21725082397461,1.0,8649,0.0,32.032149670482134,33.205486,39.930923,41.545532,44.847206,47.118504,38.945835,1.0,36.122004372795985,36.0,37.0,37.0,38.0,38.0,0
Loundoungou,BIO_FP_FH__L2A_20260519T043740_20260531T043807_T_G01_M03_C___T033_F003,2026-05-19,38,46,17.067105293273926,2.364156484603882,36.616451263427734,1.0,8649,0.0,29.839930916869,32.07395,39.314518,40.584045,43.04861,47.461914,38.515095,1.0,35.55979552562836,36.0,36.0,36.0,36.0,36.0,0
Loundoungou,BIO_FP_FH__L2A_20260519T043740_20260531T043807_T_G01_M03_C___T033_F003,2026-05-19,38,47,17.067938804626465,2.364156484603882,36.66425323486328,1.0,8649,0.0,33.6644545250896,36.312023,41.263123,42.13284,43.46974,45.34242,40.392365,1.0,37.61173914947845,38.0,39.0,39.0,39.0,39.0,0
Loundoungou,BIO_FP_FH__L2A_20260519T043740_20260531T043807_T_G01_M03_C___T033_F003,2026-05-19,38,48,17.068772315979004,2.364156484603882,37.53445053100586,1.0,8649,0.0,26.121006583131,28.724855,36.81484,38.163242,40.037045,43.084297,35.137047,1.0,37.50399179157597,38.0,38.0,38.7699089050293,39.0,39.0,0
Loundoungou,BIO_FP_FH__L2A_20260519T043740_20260531T043807_T_G01_M03_C___T033_F003,2026-05-19,38,49,17.069605827331543,2.364156484603882,38.549652099609375,1.0,8649,0.1281999945640564,28.012762494218986,28.5776,40.45327,46.778065,49.134945,50.181896,38.824005,1.0,36.98801803280128,37.0,38.0,38.0,38.0,38.0,0
Loundoungou,BIO_FP_FH__L2A_20260519T043740_20260531T043807_T_G01_M03_C___T033_F003,2026-05-19,38,50,17.070439338684082,2.364156484603882,39.64265060424805,1.0,8649,0.6579999923706055,31.74373753468609,34.35113,40.877026,44.110123,47.93717,53.280346,39.93695,1.0,36.32465229614413,36.0,37.0,38.0,38.0,38.0,0
Loundoungou,BIO_FP_FH__L2A_20260519T043740_20260531T043807_T_G01_M03_C___T033_F003,2026-05-19,38,51,17.07127285003662,2.364156484603882,40.38945388793945,1.0,8649,1.0720000267028809,32.34221351456816,34.461834,40.25857,41.32114,43.612934,46.66261,39.3232,1.0,36.29507963868811,36.0,37.0,37.0,38.0,38.0,0
Loundoungou,BIO_FP_FH__L2A_20260519T043740_20260531T043807_T_G01_M03_C___T033_F003,2026-05-19,38,52,17.07210636138916,2.364156484603882,40.129451751708984,1.0,8649,1.0598000288009644,34.42647271360851,36.76065,40.398743,41.08597,42.278652,43.900215,39.872475,1.0,36.23179634712599,36.0,37.0,37.0,38.0,38.0,0
Loundoungou,BIO_FP_FH__L2A_20260519T043740_20260531T043807_T_G01_M03_C___T033_F003,2026-05-19,38,53,17.0729398727417,2.364156484603882,40.12609100341797,1.0,8649,1.0418000221252441,27.437788147473697,32.733295,39.958767,41.369293,43.67435,45.482315,38.933956,1.0,36.72113464537184,37.0,38.0,38.0,38.0,38.0,0
Loundoungou,BIO_FP_FH__L2A_20260519T043740_20260531T043807_T_G01_M03_C___T033_F003,2026-05-19,38,54,17.07377338409424,2.364156484603882,40.61669158935547,0.934971709157128,8115,1.0329999923706055,30.489858764676388,32.736588,38.718224,39.694057,42.37632,44.253452,37.881306,1.0,36.83796714520727,37.0,38.0,38.0,38.0,38.0,0
Loundoungou,BIO_FP_FH__L2A_20260519T043740_20260531T043807_T_G01_M03_C___T033_F003,2026-05-19,39,3,17.031264305114746,2.3633229732513428,36.24739074707031,0.9099800387699558,7893,0.3856000006198883,30.06533161821946,31.46231,41.108036,42.060547,43.771736,45.707996,40.08406,1.0,35.88502328885692,36.0,37.0,37.49964904785156,38.0,38.0,0
Loundoungou,BIO_FP_FH__L2A_20260519T043740_20260531T043807_T_G01_M03_C___T033_F003,2026-05-19,39,4,17.032097816467285,2.3633229732513428,35.62139129638672,0.9999999947073226,8649,0.2648000121116638,29.13188088890751,31.50063,39.210144,41.125233,43.369164,46.55201,37.978035,1.0,36.03674294618061,36.0,37.0,37.0,38.0,38.0,0
Loundoungou,BIO_FP_FH__L2A_20260519T043740_20260531T043807_T_G01_M03_C___T033_F003,2026-05-19,39,5,17.032931327819824,2.3633229732513428,36.61112594604492,0.9999999858861935,8649,0.14419999718666077,21.46244967387015,21.235386,37.306625,39.92646,44.704056,47.622498,32.915543,1.0,36.40854180872213,36.0,37.0,37.0,38.0,38.0,0
Loundoungou,BIO_FP_FH__L2A_20260519T043740_20260531T043807_T_G01_M03_C___T033_F003,2026-05-19,39,6,17.033764839172363,2.3633229732513428,37.94712829589844,0.9999999964715484,8649,0.01080000028014183,20.973554921837017,19.624321,36.708527,38.885494,41.71434,43.91954,34.48236,1.0,35.4443888126708,35.0,37.0,37.0,37.0,37.478592,0
Loundoungou,BIO_FP_FH__L2A_20260519T043740_20260531T043807_T_G01_M03_C___T033_F003,2026-05-19,39,7,17.034598350524902,2.3633229732513428,39.35892868041992,1.0,8649,0.6021999716758728,23.12634880003288,25.164875,38.237568,39.880688,42.460213,45.623165,36.370827,1.0,34.52167256276226,34.0,36.0,37.0,37.0,37.0,0
Loundoungou,BIO_FP_FH__L2A_20260519T043740_20260531T043807_T_G01_M03_C___T033_F003,2026-05-19,39,8,17.03543186187744,2.3633229732513428,40.70672607421875,1.0000000035284515,8649,0.9151999950408936,15.790407546499885,12.618054,35.668858,37.771584,40.84617,43.814186,33.453552,1.0,33.78871891525856,34.0,35.0,36.0,36.0,36.0,0
Loundoungou,BIO_FP_FH__L2A_20260519T043740_20260531T043807_T_G01_M03_C___T033_F003,2026-05-19,39,9,17.03626537322998,2.3633229732513428,42.385528564453125,1.000000017642258,8649,0.7409999966621399,29.90900347117421,33.473335,42.401848,44.19695,48.43742,49.845524,41.232857,1.0,34.552977143498374,35.0,36.0,36.0,36.0,36.0,0
Loundoungou,BIO_FP_FH__L2A_20260519T043740_20260531T043807_T_G01_M03_C___T033_F003,2026-05-19,39,10,17.03709888458252,2.3633229732513428,43.2827262878418,1.0,8649,1.0479999780654907,34.50963905238322,35.35421,41.334984,44.360355,47.89402,49.39628,40.38691,1.0,33.00557805133122,34.0,36.0,37.0,37.0,37.0,0
Loundoungou,BIO_FP_FH__L2A_20260519T043740_20260531T043807_T_G01_M03_C___T033_F003,2026-05-19,39,11,17.03793239593506,2.3633229732513428,43.19732666015625,1.0,8649,1.042199969291687,35.9255202010348,36.660755,40.551235,41.840332,46.696514,49.209835,40.021423,1.0,35.009665112865356,36.0,37.0,38.0,38.0,38.0,0
Loundoungou,BIO_FP_FH__L2A_20260519T043740_20260531T043807_T_G01_M03_C___T033_F003,2026-05-19,39,12,17.038765907287598,2.3633229732513428,43.25852584838867,0.9490744574991509,8300,1.0230000019073486,28.911808054560616,32.578773,40.46837,42.112556,44.685047,47.3568,39.77769,1.0,35.23437107547968,37.0,40.0,40.0,40.0,40.0,0
Loundoungou,BIO_FP_FH__L2A_20260519T043740_20260531T043807_T_G01_M03_C___T033_F003,2026-05-19,39,13,17.039599418640137,2.3633229732513428,43.065460205078125,0.9732883368245245,8477,1.0211846828460693,28.785806360807598,32.368168,40.059196,41.95298,47.765713,52.503708,38.96393,1.0,39.297247132561445,39.0,41.0,41.0,41.0,41.0,0
Loundoungou,BIO_FP_FH__L2A_20260519T043740_20260531T043807_T_G01_M03_C___T033_F003,2026-05-19,39,14,17.040432929992676,2.3633229732513428,43.853660583496094,1.000000084682839,8649,1.0109846591949463,32.34883139244517,34.7763,41.86918,43.846863,48.93916,53.010796,41.006165,1.0,38.319958475011255,39.0,39.33927917480469,40.0,40.0,41.0,0
Loundoungou,BIO_FP_FH__L2A_20260519T043740_20260531T043807_T_G01_M03_C___T033_F003,2026-05-19,39,15,17.041266441345215,2.3633229732513428,42.99945831298828,1.0,8649,1.0143846273422241,32.77876867990519,35.692352,41.2027,42.240013,43.554535,45.581734,40.337593,1.0,37.766679268708074,38.0,39.0,39.0,39.0,39.0,0
Loundoungou,BIO_FP_FH__L2A_20260519T043740_20260531T043807_T_G01_M03_C___T033_F003,2026-05-19,39,16,17.042099952697754,2.3633229732513428,41.88365936279297,1.0,8649,1.021384596824646,33.299212472178866,34.694942,41.170914,42.896145,45.387386,46.540005,39.93864,1.0,37.04942400902871,37.0,38.0,38.0,38.0,38.0,0
Loundoungou,BIO_FP_FH__L2A_20260519T043740_20260531T043807_T_G01_M03_C___T033_F003,2026-05-19,39,17,17.042933464050293,2.3633229732513428,40.29465866088867,1.0,8649,1.0501846075057983,34.297560366444095,36.698456,43.032276,44.39091,47.31196,49.737213,42.091194,1.0,37.192651276065234,37.0,38.0,38.0,39.0,39.0,0
Loundoungou,BIO_FP_FH__L2A_20260519T043740_20260531T043807_T_G01_M03_C___T033_F003,2026-05-19,39,18,17.043766975402832,2.3633229732513428,38.700660705566406,1.0,8649,1.0639846324920654,28.699722782258064,30.783646,37.41646,39.401676,46.705368,49.640026,35.771183,1.0,37.93898655034336,38.0,39.0,39.0,39.43531036376953,40.0,0
Loundoungou,BIO_FP_FH__L2A_20260519T043740_20260531T043807_T_G01_M03_C___T033_F003,2026-05-19,39,19,17.04460048675537,2.3633229732513428,36.81406021118164,1.0,8649,0.692384660243988,28.07834494956064,31.485685,37.68103,38.910454,41.127934,43.516148,36.56752,1.0,37.73668321117057,38.0,39.0,39.0,39.0,39.0,0
Loundoungou,BIO_FP_FH__L2A_20260519T043740_20260531T043807_T_G01_M03_C___T033_F003,2026-05-19,39,20,17.04543399810791,2.3633229732513428,36.21506118774414,1.0,8649,0.6765846610069275,30.55553297346514,31.6157,41.740025,44.071556,46.25885,47.449417,40.22728,1.0,35.919674482465766,36.0,37.0,37.0,37.0,38.0,0
Loundoungou,BIO_FP_FH__L2A_20260519T043740_20260531T043807_T_G01_M03_C___T033_F003,2026-05-19,39,21,17.04626750946045,2.3633229732513428,38.12690353393555,1.0,8649,1.090127944946289,31.334741552491618,32.68696,41.02433,45.583534,49.276623,50.84347,40.45922,1.0,36.00738270856946,36.0,37.0,37.0,38.0,38.0,0
Loundoungou,BIO_FP_FH__L2A_20260519T043740_20260531T043807_T_G01_M03_C___T033_F003,2026-05-19,39,22,17.04710102081299,2.3633229732513428,40.41290283203125,1.0,8649,1.0547279119491577,30.631649070701815,32.538338,41.674393,43.61628,46.39278,47.921303,39.725582,1.0,36.775357823190504,37.0,37.0,38.0,38.0,38.0,0
Loundoungou,BIO_FP_FH__L2A_20260519T043740_20260531T043807_T_G01_M03_C___T033_F003,2026-05-19,39,23,17.047934532165527,2.3633229732513428,41.81770324707031,1.0,8649,1.010327935218811,28.710274038183606,31.394848,38.342995,39.718304,41.423615,43.42823,37.349907,1.0,36.6655707459103,37.0,37.0,37.0,38.0,38.0,0
Loundoungou,BIO_FP_FH__L2A_20260519T043740_20260531T043807_T_G01_M03_C___T033_F003,2026-05-19,39,24,17.048768043518066,2.3633229732513428,40.214900970458984,1.0,8649,1.0147279500961304,29.59380826179327,31.155575,38.726173,40.630516,43.28641,45.939735,37.112522,1.0,36.758447352689544,37.0,37.0,37.47859191894531,38.0,38.0,0
Loundoungou,BIO_FP_FH__L2A_20260519T043740_20260531T043807_T_G01_M03_C___T033_F003,2026-05-19,39,25,17.049601554870605,2.3633229732513428,38.437503814697266,0.9999999858861935,8649,1.0191278457641602,33.444369040648006,36.18831,42.601646,44.194225,46.291405,48.07704,41.485386,1.0,36.02317481912593,36.0,37.0,37.0,38.0,38.0,0
Loundoungou,BIO_FP_FH__L2A_20260519T043740_20260531T043807_T_G01_M03_C___T033_F003,2026-05-19,39,26,17.050435066223145,2.3633229732513428,37.33350372314453,1.0000000141138066,8649,1.038727879524231,35.54771681025888,36.878803,40.96242,41.823906,42.863792,43.79131,40.32183,1.0,34.7127134826145,35.0,36.0,36.0,36.0,36.0,0
Loundoungou,BIO_FP_FH__L2A_20260519T043740_20260531T043807_T_G01_M03_C___T033_F003,2026-05-19,39,27,17.051268577575684,2.3633229732513428,36.353702545166016,1.0,8649,1.0651278495788574,32.0205542186958,34.393444,38.576897,39.570698,41.152607,43.132584,38.01336,1.0,34.53238057544402,35.0,35.0,35.0,36.0,36.0,0
Loundoungou,BIO_FP_FH__L2A_20260519T043740_20260531T043807_T_G01_M03_C___T033_F003,2026-05-19,39,28,17.052102088928223,2.3633229732513428,35.686302185058594,1.0,8649,1.0843279361724854,31.40708011764366,33.121246,38.503788,39.82467,42.259186,44.79046,37.441727,1.0,33.75183137048392,34.0,35.0,36.0,36.0,36.0,0
Loundoungou,BIO_FP_FH__L2A_20260519T043740_20260531T043807_T_G01_M03_C___T033_F003,2026-05-19,39,29,17.05293560028076,2.3633229732513428,36.503482818603516,1.0,8649,1.0792298316955566,29.240463583217714,30.457296,36.96299,38.142715,40.26886,43.29669,36.05091,1.0,32.62693279692859,34.0,34.96866226196289,35.0,35.0,35.0,0
Loundoungou,BIO_FP_FH__L2A_20260519T043740_20260531T043807_T_G01_M03_C___T033_F003,2026-05-19,39,30,17.0537691116333,2.3633229732513428,38.255882263183594,1.0,8649,1.074629783630371,28.07194744334605,29.443947,36.346992,37.467613,39.605114,41.66917,35.565758,1.0,34.30008060094979,34.0,35.0,35.0,35.0,35.0,0
Loundoungou,BIO_FP_FH__L2A_20260519T043740_20260531T043807_T_G01_M03_C___T033_F003,2026-05-19,39,31,17.05460262298584,2.3633229732513428,38.21428298950195,1.0,8649,0.9574297666549683,29.711476760319112,30.305347,34.336357,35.74121,37.169865,38.75262,33.729557,1.0,33.380697687232626,33.0,34.0,34.62736511230469,35.0,35.0,0
Loundoungou,BIO_FP_FH__L2A_20260519T043740_20260531T043807_T_G01_M03_C___T033_F003,2026-05-19,39,32,17.05543613433838,2.3633229732513428,37.14608383178711,1.0,8649,0.41022977232933044,24.667841838651867,25.756039,31.928177,33.21222,35.88122,38.121906,31.171955,1.0,30.960872174026044,32.0,33.0,33.0,33.0,33.957184,0
Loundoungou,BIO_FP_FH__L2A_20260519T043740_20260531T043807_T_G01_M03_C___T033_F003,2026-05-19,39,33,17.056269645690918,2.3633229732513428,37.2366828918457,1.0,8649,0.15642978250980377,22.446757753786564,24.565432,30.687458,31.770275,33.283268,35.74421,29.812586,1.0,32.00842035253663,33.0,33.0,33.0,34.0,34.0,0
Loundoungou,BIO_FP_FH__L2A_20260519T043740_20260531T043807_T_G01_M03_C___T033_F003,2026-05-19,39,34,17.057103157043457,2.3633229732513428,38.212284088134766,1.0,8649,0.04702978581190109,22.598891490345704,22.139566,34.891968,36.627136,40.953197,43.619236,33.77823,1.0,33.262801709871425,34.0,34.0,34.0,35.0,35.0,0
Loundoungou,BIO_FP_FH__L2A_20260519T043740_20260531T043807_T_G01_M03_C___T033_F003,2026-05-19,39,35,17.057936668395996,2.3633229732513428,38.75768280029297,1.0,8649,0.22682978212833405,26.644229101630245,28.014143,36.331547,37.2906,39.15399,44.30922,35.489555,1.0,33.29225378381626,33.0,34.0,35.0,35.0,35.0,0
Loundoungou,BIO_FP_FH__L2A_20260519T043740_20260531T043807_T_G01_M03_C___T033_F003,2026-05-19,39,36,17.058770179748535,2.3633229732513428,38.98248291015625,1.0,8649,0.6216297745704651,25.4959849043242,27.399927,34.06296,35.500416,38.126335,43.559742,33.378666,1.0,33.45435465612995,33.0,35.0,35.0,36.0,36.0,0
Loundoungou,BIO_FP_FH__L2A_20260519T043740_20260531T043807_T_G01_M03_C___T033_F003,2026-05-19,39,37,17.059603691101074,2.3633229732513428,38.0821533203125,1.0,8649,0.7814000248908997,26.07248489709793,27.697676,34.458645,35.623295,37.205013,39.405636,33.243526,1.0,34.18119622004598,34.0,35.0,36.0,36.0,36.0,0
Loundoungou,BIO_FP_FH__L2A_20260519T043740_20260531T043807_T_G01_M03_C___T033_F003,2026-05-19,39,38,17.060437202453613,2.3633229732513428,35.94815444946289,1.0,8649,0.6672000288963318,20.078580254942768,19.89911,31.80001,34.263535,36.671364,39.60333,30.648676,1.0,33.45985469096988,33.0,35.0,35.0,35.0,35.0,0
Loundoungou,BIO_FP_FH__L2A_20260519T043740_20260531T043807_T_G01_M03_C___T033_F003,2026-05-19,39,39,17.061270713806152,2.3633229732513428,34.680355072021484,1.0,8649,0.4878000020980835,20.864920258122325,24.230917,32.004333,33.43965,35.66807,38.569584,31.490454,1.0,32.875365174454835,33.0,34.0,34.0,35.0,35.0,0
Loundoungou,BIO_FP_FH__L2A_20260519T043740_20260531T043807_T_G01_M03_C___T033_F003,2026-05-19,39,40,17.06210422515869,2.3633229732513428,32.85735321044922,1.0,8649,0.0,24.779662930685628,27.013483,32.991665,33.967957,35.047405,37.343662,32.412502,1.0,29.978147337568718,30.0,32.0,32.0,33.0,33.0,0
Loundoungou,BIO_FP_FH__L2A_20260519T043740_20260531T043807_T_G01_M03_C___T033_F003,2026-05-19,39,41,17.06293773651123,2.3633229732513428,32.97035217285156,1.0,8649,0.0,21.716720321713492,21.626638,30.784616,33.08487,35.08474,37.193027,28.830372,1.0,29.375643918163888,30.0,31.0,32.0,32.0,32.0,0
Loundoungou,BIO_FP_FH__L2A_20260519T043740_20260531T043807_T_G01_M03_C___T033_F003,2026-05-19,39,42,17.06377124786377,2.3633229732513428,35.47895431518555,1.0,8649,0.0,31.74809858798705,32.928524,37.318035,38.357273,39.580383,42.457603,36.96255,1.0,33.81158986126347,34.0,35.0,36.0,37.0,37.0,0
Loundoungou,BIO_FP_FH__L2A_20260519T043740_20260531T043807_T_G01_M03_C___T033_F003,2026-05-19,39,43,17.06460475921631,2.3633229732513428,38.65835189819336,1.0,8649,0.0,26.146818815759048,28.878109,36.22922,37.603695,39.938362,43.67493,35.260468,1.0,36.364301288316724,36.96866226196289,37.0,37.0,38.0,38.0,0
Loundoungou,BIO_FP_FH__L2A_20260519T043740_20260531T043807_T_G01_M03_C___T033_F003,2026-05-19,39,44,17.065438270568848,2.3633229732513428,39.376953125,1.0,8649,0.0,27.03724870649786,29.987883,37.9477,39.993267,42.021847,43.601418,36.058872,1.0,37.27977103891504,37.0,38.0,38.0,39.0,39.0,0
Loundoungou,BIO_FP_FH__L2A_20260519T043740_20260531T043807_T_G01_M03_C___T033_F003,2026-05-19,39,45,17.066271781921387,2.3633229732513428,39.725650787353516,1.0,8649,0.0,30.746852959879757,33.215645,40.195778,41.36345,42.929802,44.83569,39.739983,1.0,36.12779123987927,36.0,38.0,38.0,38.0,38.0,0
Loundoungou,BIO_FP_FH__L2A_20260519T043740_20260531T043807_T_G01_M03_C___T033_F003,2026-05-19,39,46,17.067105293273926,2.3633229732513428,37.898250579833984,1.0,8649,0.0,32.71484420164181,35.160744,40.677242,42.016167,44.185677,46.369965,39.937084,1.0,34.6536294489682,34.29632568359375,36.0,36.0,37.0,37.0,0
Loundoungou,BIO_FP_FH__L2A_20260519T043740_20260531T043807_T_G01_M03_C___T033_F003,2026-05-19,39,47,17.067938804626465,2.3633229732513428,36.42585372924805,1.0,8649,0.0,28.136993799861255,30.306332,39.61465,41.372913,44.536903,46.204163,38.380535,1.0,36.35496487960965,36.0,37.0,37.0,37.0,37.0,0
Loundoungou,BIO_FP_FH__L2A_20260519T043740_20260531T043807_T_G01_M03_C___T033_F003,2026-05-19,39,48,17.068772315979004,2.3633229732513428,37.46525192260742,1.0,8649,0.0,28.36537641634871,29.748308,39.45431,41.494797,43.075027,44.211975,38.341236,1.0,36.166152462323616,36.0,37.0,37.0,37.0,37.0,0
Loundoungou,BIO_FP_FH__L2A_20260519T043740_20260531T043807_T_G01_M03_C___T033_F003,2026-05-19,39,49,17.069605827331543,2.3633229732513428,39.45865249633789,1.0,8649,0.6208000183105469,29.977886713781942,32.86274,38.1202,39.030483,41.54674,47.119507,37.232094,1.0,36.21560051157538,36.0,37.0,37.0,37.0,37.0,0
Loundoungou,BIO_FP_FH__L2A_20260519T043740_20260531T043807_T_G01_M03_C___T033_F003,2026-05-19,39,50,17.070439338684082,2.3633229732513428,40.50665283203125,1.0,8649,0.6890000104904175,35.105713088218295,36.208027,43.049755,44.0797,45.75961,47.232582,42.416924,1.0,35.726017425233664,36.0,37.0,37.0,37.0,37.0,0
Loundoungou,BIO_FP_FH__L2A_20260519T043740_20260531T043807_T_G01_M03_C___T033_F003,2026-05-19,39,51,17.07127285003662,2.3633229732513428,41.53245162963867,1.0,8649,1.0443999767303467,31.509236074979768,34.53223,41.357746,42.484127,45.73791,48.518265,40.50668,1.0,36.100585142275214,36.0,37.0,37.0,37.0,37.0,0
Loundoungou,BIO_FP_FH__L2A_20260519T043740_20260531T043807_T_G01_M03_C___T033_F003,2026-05-19,39,52,17.07210636138916,2.3633229732513428,41.02165222167969,1.0,8649,1.0384000539779663,36.51538472655798,39.64584,43.138344,43.930458,45.192795,46.270973,42.57177,1.0,36.26205924117148,36.0,37.0,37.0,37.0,37.0,0
Loundoungou,BIO_FP_FH__L2A_20260519T043740_20260531T043807_T_G01_M03_C___T033_F003,2026-05-19,40,2,17.030430793762207,2.3624894618988037,36.100791931152344,0.9421520797706557,8192,0.0,24.50938396794303,23.578728,43.287117,47.363853,50.665154,52.366467,41.231495,1.0,34.72123373267361,35.0,35.63428497314453,36.0,36.0,36.0,0
Loundoungou,BIO_FP_FH__L2A_20260519T043740_20260531T043807_T_G01_M03_C___T033_F003,2026-05-19,40,3,17.031264305114746,2.3624894618988037,35.79719161987305,1.0000000101442985,8649,0.0,27.700388277737723,29.60027,38.68708,39.89177,41.644627,43.335987,36.753143,1.0,36.408893118126294,36.0,37.0,37.0,38.0,38.0,0
Loundoungou,BIO_FP_FH__L2A_20260519T043740_20260531T043807_T_G01_M03_C___T033_F003,2026-05-19,40,4,17.032097816467285,2.3624894618988037,35.54279327392578,0.9999999982357742,8649,0.0,23.98980614797871,26.636427,36.246334,37.815258,39.554615,42.717567,34.558716,1.0,37.14562781072928,37.0,38.0,38.0,39.0,39.0,0
Loundoungou,BIO_FP_FH__L2A_20260519T043740_20260531T043807_T_G01_M03_C___T033_F003,2026-05-19,40,5,17.032931327819824,2.3624894618988037,36.965728759765625,1.0000000088211292,8649,0.0,28.423495352991317,30.850668,40.369976,41.974846,43.74651,45.35153,37.796124,1.0,36.92039628855299,37.0,38.0,38.0,39.0,39.0,0
Loundoungou,BIO_FP_FH__L2A_20260519T043740_20260531T043807_T_G01_M03_C___T033_F003,2026-05-19,40,6,17.033764839172363,2.3624894618988037,37.94072723388672,1.0000000070569033,8649,0.0,22.073351329048105,23.240433,39.438034,42.754646,49.41359,64.92064,36.640858,1.0,37.189096689196674,37.0,38.0,38.0,38.0,38.0,0
Loundoungou,BIO_FP_FH__L2A_20260519T043740_20260531T043807_T_G01_M03_C___T033_F003,2026-05-19,40,7,17.034598350524902,2.3624894618988037,39.15992736816406,0.9999999858861935,8649,0.4634000062942505,24.667096243896854,28.135479,38.512966,42.8667,46.721848,48.87995,36.25852,1.0,36.53567729468759,37.0,37.0,37.18030548095703,38.0,38.0,0
Loundoungou,BIO_FP_FH__L2A_20260519T043740_20260531T043807_T_G01_M03_C___T033_F003,2026-05-19,40,8,17.03543186187744,2.3624894618988037,40.481727600097656,0.9999999929430967,8649,0.3564000129699707,22.741572298521266,24.542007,37.667133,39.42474,43.80329,45.747852,35.104263,1.0,34.786536523490604,35.0,36.0,36.60750198364258,37.0,37.0,0
Loundoungou,BIO_FP_FH__L2A_20260519T043740_20260531T043807_T_G01_M03_C___T033_F003,2026-05-19,40,9,17.03626537322998,2.3624894618988037,41.76792907714844,1.0,8649,0.42719998955726624,21.62498757985027,26.814667,37.05973,39.13427,44.61163,47.583374,35.135284,1.0,32.38528275961186,35.0,36.0,36.0,37.0,37.0,0
Loundoungou,BIO_FP_FH__L2A_20260519T043740_20260531T043807_T_G01_M03_C___T033_F003,2026-05-19,40,10,17.03709888458252,2.3624894618988037,42.458126068115234,1.0,8649,0.9729999899864197,23.37310716918141,29.598803,38.109337,40.06177,44.374287,48.551067,37.258404,1.0,34.79012383796091,35.0,36.0,36.0,37.0,37.498455,0
Loundoungou,BIO_FP_FH__L2A_20260519T043740_20260531T043807_T_G01_M03_C___T033_F003,2026-05-19,40,11,17.03793239593506,2.3624894618988037,42.59852600097656,1.0,8649,1.0521999597549438,33.02735255701526,35.270195,40.647015,41.997974,43.90784,46.66218,39.676785,1.0,31.010855641250927,37.0,38.0,39.0,39.0,39.0,0
Loundoungou,BIO_FP_FH__L2A_20260519T043740_20260531T043807_T_G01_M03_C___T033_F003,2026-05-19,40,12,17.038765907287598,2.3624894618988037,42.397525787353516,0.9999999788292903,8649,0.9165999889373779,28.83626555079523,33.25736,41.51868,42.692764,44.67989,48.029797,39.320545,1.0,36.38098704187784,38.0,40.0,40.0,40.0,40.0,0
Loundoungou,BIO_FP_FH__L2A_20260519T043740_20260531T043807_T_G01_M03_C___T033_F003,2026-05-19,40,13,17.039599418640137,2.3624894618988037,42.65205764770508,0.9810560890009864,8522,1.038584589958191,32.45957036705991,34.746014,41.592155,42.67549,44.831875,48.703136,40.361908,1.0,37.47504368461285,38.0,38.0,38.0,38.0,39.0,0
Loundoungou,BIO_FP_FH__L2A_20260519T043740_20260531T043807_T_G01_M03_C___T033_F003,2026-05-19,40,14,17.040432929992676,2.3624894618988037,43.29446029663086,1.0,8649,1.0335845947265625,30.086575895696033,31.13853,38.770176,40.271366,42.60299,50.813103,37.00143,1.0,36.219022982188605,36.0,37.0,37.0,38.0,38.0,0
Loundoungou,BIO_FP_FH__L2A_20260519T043740_20260531T043807_T_G01_M03_C___T033_F003,2026-05-19,40,15,17.041266441345215,2.3624894618988037,43.017059326171875,1.0,8649,1.0363845825195312,31.273163353422362,34.65721,40.636875,41.711067,43.544033,45.427483,39.779602,1.0,36.8808549670818,37.0,37.961868286132805,38.0,38.0,38.0,0
Loundoungou,BIO_FP_FH__L2A_20260519T043740_20260531T043807_T_G01_M03_C___T033_F003,2026-05-19,40,16,17.042099952697754,2.3624894618988037,41.299259185791016,1.0,8649,1.0471845865249634,34.14926716600185,36.309467,42.69302,43.802223,44.85545,46.082195,42.005016,1.0,37.15933012171196,37.0,38.0,38.0,38.0,38.0,0
Loundoungou,BIO_FP_FH__L2A_20260519T043740_20260531T043807_T_G01_M03_C___T033_F003,2026-05-19,40,17,17.042933464050293,2.3624894618988037,39.443058013916016,1.0,8649,1.069584608078003,32.6255604874841,35.858326,41.607483,42.783253,44.27606,46.57998,40.547688,1.0,38.44211724888095,39.0,39.42229461669922,40.0,40.0,40.0,0
Loundoungou,BIO_FP_FH__L2A_20260519T043740_20260531T043807_T_G01_M03_C___T033_F003,2026-05-19,40,18,17.043766975402832,2.3624894618988037,37.160457611083984,1.0,8649,0.6621846556663513,28.944066871892705,31.892704,38.79146,40.683384,43.360058,44.848408,37.931656,1.0,38.59667173966271,38.50154495239258,40.0,40.0,40.0,40.498455,0
Loundoungou,BIO_FP_FH__L2A_20260519T043740_20260531T043807_T_G01_M03_C___T033_F003,2026-05-19,40,19,17.04460048675537,2.3624894618988037,34.82946014404297,1.0,8649,0.15658463537693024,28.848274547635565,30.210413,40.033722,44.732304,48.05094,49.83219,38.008347,1.0,38.160937998305585,38.0,39.0,39.0,39.0,39.0,0
Loundoungou,BIO_FP_FH__L2A_20260519T043740_20260531T043807_T_G01_M03_C___T033_F003,2026-05-19,40,20,17.04543399810791,2.3624894618988037,36.11906051635742,1.0,8649,0.5735846161842346,24.981853483784253,26.372194,37.182056,39.89703,46.127632,47.792362,35.348583,1.0,36.63118910527613,37.0,38.0,38.0,39.0,39.0,0
Loundoungou,BIO_FP_FH__L2A_20260519T043740_20260531T043807_T_G01_M03_C___T033_F003,2026-05-19,40,21,17.04626750946045,2.3624894618988037,37.84130096435547,1.0,8649,1.0837279558181763,30.396937145912823,33.049946,43.119495,45.42654,48.519646,49.91488,41.066624,1.0,37.46988110074226,37.79975891113281,38.0,38.0,39.0,39.0,0
Loundoungou,BIO_FP_FH__L2A_20260519T043740_20260531T043807_T_G01_M03_C___T033_F003,2026-05-19,40,22,17.04710102081299,2.3624894618988037,39.6493034362793,1.0,8649,1.0659278631210327,32.16892577899179,34.897743,42.83737,44.61553,46.91822,48.794437,41.916534,1.0,37.49055460580223,38.0,38.0,39.0,39.0,39.0,0
Loundoungou,BIO_FP_FH__L2A_20260519T043740_20260531T043807_T_G01_M03_C___T033_F003,2026-05-19,40,23,17.047934532165527,2.3624894618988037,41.455101013183594,1.0,8649,1.0183279514312744,27.694663942363277,29.728893,37.261826,39.10011,41.389988,43.376286,34.864304,1.0,36.347941707911446,36.0,37.0,37.86250305175781,38.0,38.0,0
Loundoungou,BIO_FP_FH__L2A_20260519T043740_20260531T043807_T_G01_M03_C___T033_F003,2026-05-19,40,24,17.048768043518066,2.3624894618988037,41.04150390625,0.9999999294309675,8649,1.0101279020309448,30.401490485818847,32.059208,41.233345,42.946693,45.694294,46.890945,40.18184,1.0,37.23593612813801,37.0,38.0,39.0,39.0,39.498455,0
Loundoungou,BIO_FP_FH__L2A_20260519T043740_20260531T043807_T_G01_M03_C___T033_F003,2026-05-19,40,25,17.049601554870605,2.3624894618988037,39.7411003112793,1.0,8649,1.013327956199646,31.3049106110533,34.054157,42.571045,44.099976,46.362103,47.797745,41.4411,1.0,37.05886007664672,37.0,39.0,39.0,40.0,40.0,0
Loundoungou,BIO_FP_FH__L2A_20260519T043740_20260531T043807_T_G01_M03_C___T033_F003,2026-05-19,40,26,17.050435066223145,2.3624894618988037,38.44130325317383,1.0,8649,1.0241279602050781,33.690287533240834,34.719982,39.7278,40.98308,42.76806,44.794228,38.873863,1.0,35.096474557436196,35.0,36.0,36.0,36.0,36.0,0
Loundoungou,BIO_FP_FH__L2A_20260519T043740_20260531T043807_T_G01_M03_C___T033_F003,2026-05-19,40,27,17.051268577575684,2.3624894618988037,37.15890121459961,1.0,8649,1.0407278537750244,31.460659288646085,33.45447,39.366142,40.434986,41.99594,43.805077,38.29808,1.0,35.05091259749394,35.0,36.0,36.0,36.0,36.498455,0
Loundoungou,BIO_FP_FH__L2A_20260519T043740_20260531T043807_T_G01_M03_C___T033_F003,2026-05-19,40,28,17.052102088928223,2.3624894618988037,36.282100677490234,1.0,8649,1.0613279342651367,30.792597500433576,32.69814,38.70638,40.17831,41.80842,48.001358,37.46376,1.0,34.682279936770286,35.0,35.0,36.0,36.0,36.0,0
Loundoungou,BIO_FP_FH__L2A_20260519T043740_20260531T043807_T_G01_M03_C___T033_F003,2026-05-19,40,29,17.05293560028076,2.3624894618988037,36.625083923339844,1.0,8649,1.0564297437667847,32.35044784801711,33.43369,38.4249,39.24497,40.2826,42.367516,37.776264,1.0,34.17798933209346,34.0,35.0,35.0,35.0,35.0,0
Loundoungou,BIO_FP_FH__L2A_20260519T043740_20260531T043807_T_G01_M03_C___T033_F003,2026-05-19,40,30,17.0537691116333,2.3624894618988037,37.00968551635742,1.0,8649,1.0516297817230225,33.371163754480285,34.444874,40.154453,41.473797,44.10133,48.27702,39.30816,1.0,35.0838923181381,35.0,36.0,36.0,37.0,37.498455,0
Loundoungou,BIO_FP_FH__L2A_20260519T043740_20260531T043807_T_G01_M03_C___T033_F003,2026-05-19,40,31,17.05460262298584,2.3624894618988037,37.003082275390625,1.0,8649,0.8140298128128052,33.13222446236559,34.722416,40.465534,41.758057,44.073524,46.50536,39.837597,1.0,35.11315731798821,35.0,36.0,36.0,37.0,37.498455,0
Loundoungou,BIO_FP_FH__L2A_20260519T043740_20260531T043807_T_G01_M03_C___T033_F003,2026-05-19,40,32,17.05543613433838,2.3624894618988037,36.81928253173828,1.0,8649,0.45662978291511536,30.498517711585155,31.775522,37.801792,39.634083,44.078247,47.390575,37.001358,1.0,34.713451374030576,35.0,35.0,36.0,36.0,36.0,0
Loundoungou,BIO_FP_FH__L2A_20260519T043740_20260531T043807_T_G01_M03_C___T033_F003,2026-05-19,40,33,17.056269645690918,2.3624894618988037,36.57328414916992,1.0,8649,0.3676297962665558,31.72143546219216,33.090843,39.158226,40.391663,42.037567,45.561214,38.06768,1.0,33.73272283251733,34.0,35.0,35.0,35.0,35.0,0
Loundoungou,BIO_FP_FH__L2A_20260519T043740_20260531T043807_T_G01_M03_C___T033_F003,2026-05-19,40,34,17.057103157043457,2.3624894618988037,37.462284088134766,1.0,8649,0.49322977662086487,34.18209926725633,35.03757,38.859924,39.81994,41.740543,44.649616,38.21585,1.0,33.16263524749152,33.0,34.713462829589844,35.0,35.0,35.0,0
Loundoungou,BIO_FP_FH__L2A_20260519T043740_20260531T043807_T_G01_M03_C___T033_F003,2026-05-19,40,35,17.057936668395996,2.3624894618988037,37.368282318115234,1.0,8649,0.4002297818660736,33.432475033240834,34.384804,40.937855,41.938892,43.740074,45.59618,39.86006,1.0,32.186651590642576,32.0,33.0,33.0,33.0,34.0,0
Loundoungou,BIO_FP_FH__L2A_20260519T043740_20260531T043807_T_G01_M03_C___T033_F003,2026-05-19,40,36,17.058770179748535,2.3624894618988037,35.44508361816406,1.0,8649,0.045029785484075546,35.1413593695803,36.329308,40.414566,41.436028,43.04039,45.614044,39.974266,1.0,32.828275962597594,33.0,33.0,34.0,34.0,34.0,0
Loundoungou,BIO_FP_FH__L2A_20260519T043740_20260531T043807_T_G01_M03_C___T033_F003,2026-05-19,40,37,17.059603691101074,2.3624894618988037,34.94335174560547,1.0,8649,0.24979999661445618,32.813139524800555,34.524708,39.415607,40.465282,42.380146,44.242805,38.797382,1.0,33.3699631661759,33.0,34.0,34.0,34.0,34.0,0
Loundoungou,BIO_FP_FH__L2A_20260519T043740_20260531T043807_T_G01_M03_C___T033_F003,2026-05-19,40,38,17.060437202453613,2.3624894618988037,33.526954650878906,1.0,8649,0.1356000006198883,29.83227558821829,30.634655,36.427452,37.502605,38.89896,40.211845,35.448933,1.0,31.206561656091402,33.0,34.0,34.0,34.0,34.0,0
Loundoungou,BIO_FP_FH__L2A_20260519T043740_20260531T043807_T_G01_M03_C___T033_F003,2026-05-19,40,39,17.061270713806152,2.3624894618988037,32.39775466918945,1.0,8649,0.021400000900030136,24.818987382934445,27.2093,33.03732,34.45926,36.396816,39.060566,32.40771,1.0,31.134783967876313,32.0,34.0,34.0,35.0,35.0,0
Loundoungou,BIO_FP_FH__L2A_20260519T043740_20260531T043807_T_G01_M03_C___T033_F003,2026-05-19,40,40,17.06210422515869,2.3624894618988037,31.718353271484375,1.0,8649,0.0,13.17490370996647,11.53232,25.359554,29.466465,32.888176,35.763947,24.30762,1.0,27.821329942920027,27.0,31.0,31.0,33.0,34.0,0
Loundoungou,BIO_FP_FH__L2A_20260519T043740_20260531T043807_T_G01_M03_C___T033_F003,2026-05-19,40,41,17.06293773651123,2.3624894618988037,31.26215362548828,1.0,8649,0.0,15.478798126951093,15.593778,23.478106,25.589113,29.944529,32.6383,22.897236,1.0,28.528683747869238,28.0,32.0,32.0,32.0,32.0,0
Loundoungou,BIO_FP_FH__L2A_20260519T043740_20260531T043807_T_G01_M03_C___T033_F003,2026-05-19,40,42,17.06377124786377,2.3624894618988037,32.859954833984375,1.0,8649,0.0,34.04703126806567,34.789867,40.012154,41.537254,43.046734,44.499393,39.495182,1.0,33.84188415477946,34.0,35.0,35.0,36.0,36.0,0
Loundoungou,BIO_FP_FH__L2A_20260519T043740_20260531T043807_T_G01_M03_C___T033_F003,2026-05-19,40,43,17.06460475921631,2.3624894618988037,35.6003532409668,1.0,8649,0.0,34.330860142791074,35.96214,40.608013,41.648182,43.64528,45.218502,40.22226,1.0,36.20068922163035,36.0,37.0,37.0,38.0,38.0,0
Loundoungou,BIO_FP_FH__L2A_20260519T043740_20260531T043807_T_G01_M03_C___T033_F003,2026-05-19,40,44,17.065438270568848,2.3624894618988037,35.99995422363281,1.0,8649,0.0,28.266346723609665,30.572227,38.976265,41.589054,44.420036,46.39374,37.34072,1.0,37.184880740381494,37.0,38.0,38.0,38.0,38.0,0
Loundoungou,BIO_FP_FH__L2A_20260519T043740_20260531T043807_T_G01_M03_C___T033_F003,2026-05-19,40,45,17.066271781921387,2.3624894618988037,40.44265365600586,1.0,8649,0.0,28.76237588883108,30.843271,38.306137,39.8663,42.00334,44.90732,37.30533,1.0,35.79076252298998,36.0,37.0,37.0,37.796470642089844,38.0,0
Loundoungou,BIO_FP_FH__L2A_20260519T043740_20260531T043807_T_G01_M03_C___T033_F003,2026-05-19,40,46,17.067105293273926,2.3624894618988037,38.6202507019043,1.0,8649,0.0,33.37573256301307,34.826797,39.676403,40.55486,42.37977,46.446636,38.999195,1.0,34.65819088612447,35.0,35.0,36.0,36.0,36.0,0
Loundoungou,BIO_FP_FH__L2A_20260519T043740_20260531T043807_T_G01_M03_C___T033_F003,2026-05-19,40,47,17.067938804626465,2.3624894618988037,36.8066520690918,1.0,8649,0.0,28.454048155856167,30.113693,39.501183,41.14975,43.174862,45.222214,37.63824,1.0,35.75791587966317,36.0,37.0,37.0,37.0,37.0,0
Loundoungou,BIO_FP_FH__L2A_20260519T043740_20260531T043807_T_G01_M03_C___T033_F003,2026-05-19,40,48,17.068772315979004,2.3624894618988037,38.11505126953125,1.0,8649,0.41179999709129333,26.409734868192853,29.286911,37.434067,38.284054,42.200317,46.472336,36.446075,1.0,35.26538134586027,35.0,36.0,37.0,37.0,37.0,0
Loundoungou,BIO_FP_FH__L2A_20260519T043740_20260531T043807_T_G01_M03_C___T033_F003,2026-05-19,40,49,17.069605827331543,2.3624894618988037,40.146453857421875,1.0,8649,1.0471999645233154,29.292420005202914,29.356821,41.170273,43.27024,45.14285,47.82303,39.211433,1.0,35.50451211248992,35.0,37.0,37.0,37.0,37.0,0
Loundoungou,BIO_FP_FH__L2A_20260519T043740_20260531T043807_T_G01_M03_C___T033_F003,2026-05-19,40,50,17.070439338684082,2.3624894618988037,41.053253173828125,1.0,8649,0.9233999848365784,35.79191235981038,37.296776,42.501175,43.58374,45.21122,48.76819,41.94706,1.0,36.030354756401486,36.0,37.0,37.0,37.0,37.0,0
Loundoungou,BIO_FP_FH__L2A_20260519T043740_20260531T043807_T_G01_M03_C___T033_F003,2026-05-19,40,51,17.07127285003662,2.3624894618988037,41.805850982666016,1.0,8649,0.9408000111579895,37.235783219158286,39.36473,44.221924,45.219776,46.400627,48.010426,43.314938,1.0,36.18248499670612,36.0,37.0,37.0,38.0,38.0,0
Loundoungou,BIO_FP_FH__L2A_20260519T043740_20260531T043807_T_G01_M03_C___T033_F003,2026-05-19,40,52,17.07210636138916,2.3624894618988037,41.300453186035156,0.970998075328434,8437,1.0388000011444092,24.083986239898035,27.406717,40.246227,41.585197,43.073765,45.334595,38.784363,1.0,36.339580723778724,36.0,37.0,37.0,37.0,37.0,0
Loundoungou,BIO_FP_FH__L2A_20260519T043740_20260531T043807_T_G01_M03_C___T033_F003,2026-05-19,41,2,17.030430793762207,2.3616559505462646,36.66059112548828,0.9278948948498833,8074,0.0,22.958014308982484,25.898748,35.28143,38.482925,41.369812,43.353424,33.71439,1.0,34.29781782520976,34.0,35.0,35.0,35.683589935302734,36.0,0
Loundoungou,BIO_FP_FH__L2A_20260519T043740_20260531T043807_T_G01_M03_C___T033_F003,2026-05-19,41,3,17.031264305114746,2.3616559505462646,36.632991790771484,1.0000000211707099,8649,0.0,22.646198909582857,24.475521,40.28613,42.68958,44.871677,47.45724,38.676643,1.0,35.39440868349899,36.0,37.0,37.0,37.0,38.0,0
Loundoungou,BIO_FP_FH__L2A_20260519T043740_20260531T043807_T_G01_M03_C___T033_F003,2026-05-19,41,4,17.032097816467285,2.3616559505462646,36.447391510009766,0.9999999982357742,8649,0.0,28.270011564482587,30.419186,43.944553,45.456474,47.862362,49.468246,42.761524,1.0,37.936203095110486,38.0,39.0,39.0,39.0,39.0,0
Loundoungou,BIO_FP_FH__L2A_20260519T043740_20260531T043807_T_G01_M03_C___T033_F003,2026-05-19,41,5,17.032931327819824,2.3616559505462646,37.1827278137207,1.0,8649,0.0,25.388028398333624,27.436234,37.3062,39.010895,43.81501,45.17985,36.288975,1.0,38.02761544165742,38.0,39.0,39.0,39.0,39.0,0
Loundoungou,BIO_FP_FH__L2A_20260519T043740_20260531T043807_T_G01_M03_C___T033_F003,2026-05-19,41,6,17.033764839172363,2.3616559505462646,37.89392852783203,1.0000000070569033,8649,0.0,26.292461088429793,28.47253,39.043613,40.88395,42.977406,63.323807,37.078995,1.0,37.16416059713003,37.0,38.0,38.0,38.0,38.0,0
Loundoungou,BIO_FP_FH__L2A_20260519T043740_20260531T043807_T_G01_M03_C___T033_F003,2026-05-19,41,7,17.034598350524902,2.3616559505462646,38.926727294921875,1.0,8649,0.0,22.79581251264597,25.209215,36.288525,38.0947,41.257946,46.07785,34.56846,1.0,36.38907453616598,36.0,37.412357330322266,38.0,38.0,38.0,0
Loundoungou,BIO_FP_FH__L2A_20260519T043740_20260531T043807_T_G01_M03_C___T033_F003,2026-05-19,41,8,17.03543186187744,2.3616559505462646,40.2087287902832,1.0,8649,0.0,19.075828175583883,19.461647,33.98806,37.767143,45.501953,47.28672,30.668072,1.0,34.93247685204739,36.0,38.0,38.0,38.0,39.0,0
Loundoungou,BIO_FP_FH__L2A_20260519T043740_20260531T043807_T_G01_M03_C___T033_F003,2026-05-19,41,9,17.03626537322998,2.3616559505462646,40.160526275634766,1.0,8649,0.28780001401901245,24.68987586173257,27.439701,40.702908,44.53089,47.666492,49.229275,38.438587,1.0,35.39140696949539,37.0,38.0,38.0,38.0,39.0,0
Loundoungou,BIO_FP_FH__L2A_20260519T043740_20260531T043807_T_G01_M03_C___T033_F003,2026-05-19,41,10,17.03709888458252,2.3616559505462646,40.62392807006836,1.0,8649,0.6521999835968018,23.75138631453058,27.32799,39.518166,41.095253,43.518055,45.927437,37.570206,1.0,36.88040402831749,37.0,38.0,38.0,39.0,39.0,0
Loundoungou,BIO_FP_FH__L2A_20260519T043740_20260531T043807_T_G01_M03_C___T033_F003,2026-05-19,41,11,17.03793239593506,2.3616559505462646,40.7921257019043,0.9999999929430967,8649,0.5270000100135803,21.207841419244875,24.68767,40.586277,42.087357,44.677193,49.27514,38.657055,1.0,37.70141938661947,38.0,39.0,39.0,39.0,39.0,0
Loundoungou,BIO_FP_FH__L2A_20260519T043740_20260531T043807_T_G01_M03_C___T033_F003,2026-05-19,41,12,17.038765907287598,2.3616559505462646,40.78472900390625,1.0,8649,0.7706000208854675,28.997490226471268,32.294353,40.20723,41.55554,43.596508,47.952644,38.668827,1.0,36.34688515100249,37.0,38.0,38.0,39.0,39.0,0
Loundoungou,BIO_FP_FH__L2A_20260519T043740_20260531T043807_T_G01_M03_C___T033_F003,2026-05-19,41,13,17.039599418640137,2.3616559505462646,40.995059967041016,1.0,8649,1.0751845836639404,27.92998784180252,28.799902,36.037273,37.4406,39.978203,41.287952,35.048244,1.0,35.09524787976047,35.0,36.0,37.0,37.0,37.0,0
Loundoungou,BIO_FP_FH__L2A_20260519T043740_20260531T043807_T_G01_M03_C___T033_F003,2026-05-19,41,14,17.040432929992676,2.3616559505462646,42.423858642578125,1.0,8649,1.0645846128463745,28.424378902185225,29.124226,37.89472,39.145493,41.419647,45.8941,36.99197,1.0,35.02715652285869,35.0,36.0,36.0,37.0,37.0,0
Loundoungou,BIO_FP_FH__L2A_20260519T043740_20260531T043807_T_G01_M03_C___T033_F003,2026-05-19,41,15,17.041266441345215,2.3616559505462646,42.72726058959961,1.0,8649,1.0617846250534058,34.914234575528965,36.72262,41.030987,42.033653,43.900307,45.011036,40.43644,1.0,36.12123466841898,37.0,38.0,38.0,38.0,38.0,0
Loundoungou,BIO_FP_FH__L2A_20260519T043740_20260531T043807_T_G01_M03_C___T033_F003,2026-05-19,41,16,17.042099952697754,2.3616559505462646,40.63405990600586,1.0,8649,1.072584629058838,32.686435480257835,34.36551,42.51987,44.812366,46.17484,47.579903,40.670128,1.0,37.62146896598711,38.0,39.0,39.0,39.0,39.0,0
Loundoungou,BIO_FP_FH__L2A_20260519T043740_20260531T043807_T_G01_M03_C___T033_F003,2026-05-19,41,17,17.042933464050293,2.3616559505462646,38.61845779418945,1.0,8649,0.9811846613883972,26.704168292577176,30.074837,38.245502,39.404396,41.158512,43.23328,37.33325,1.0,38.37036964336232,38.0,39.0,40.0,40.0,40.0,0
Loundoungou,BIO_FP_FH__L2A_20260519T043740_20260531T043807_T_G01_M03_C___T033_F003,2026-05-19,41,18,17.043766975402832,2.3616559505462646,36.41025924682617,1.0,8649,0.5231846570968628,28.7613705341658,31.476837,39.20728,40.224438,42.12519,44.80448,38.693096,1.0,38.410492945439636,38.0,40.0,40.0,41.0,41.0,0
Loundoungou,BIO_FP_FH__L2A_20260519T043740_20260531T043807_T_G01_M03_C___T033_F003,2026-05-19,41,19,17.04460048675537,2.3616559505462646,34.257259368896484,1.0,8649,0.0629846379160881,29.718959561799053,33.097546,39.740646,41.839497,46.65404,48.8212,38.875584,1.0,38.046780525707675,38.0,39.0,39.0,39.0,39.0,0
Loundoungou,BIO_FP_FH__L2A_20260519T043740_20260531T043807_T_G01_M03_C___T033_F003,2026-05-19,41,20,17.04543399810791,2.3616559505462646,35.29785919189453,1.0,8649,0.43578463792800903,24.511991090010405,26.196917,38.997612,40.737297,43.32265,48.00879,35.02741,1.0,38.06859283941249,38.0,39.0,40.0,40.0,40.0,0
Loundoungou,BIO_FP_FH__L2A_20260519T043740_20260531T043807_T_G01_M03_C___T033_F003,2026-05-19,41,21,17.04626750946045,2.3616559505462646,38.06890106201172,1.0,8649,0.9659278988838196,29.135313692334375,31.439453,39.37282,40.97762,42.75757,45.21972,38.47741,1.0,38.67323362456538,39.0,39.0,40.0,40.0,40.0,0
Loundoungou,BIO_FP_FH__L2A_20260519T043740_20260531T043807_T_G01_M03_C___T033_F003,2026-05-19,41,22,17.04710102081299,2.3616559505462646,39.997901916503906,1.0,8649,1.075727939605713,28.202088933691755,30.418612,38.736942,39.928883,43.41771,47.148674,37.069714,1.0,37.734211654742474,38.0,39.0,39.0,40.0,40.0,0
Loundoungou,BIO_FP_FH__L2A_20260519T043740_20260531T043807_T_G01_M03_C___T033_F003,2026-05-19,41,23,17.047934532165527,2.3616559505462646,41.49870300292969,0.999999971772387,8649,1.027527928352356,33.77903248893908,35.299488,43.26369,44.82912,46.985794,49.085953,41.839046,1.0,37.296134020747694,37.0,38.0,38.0,38.0,38.0,0
Loundoungou,BIO_FP_FH__L2A_20260519T043740_20260531T043807_T_G01_M03_C___T033_F003,2026-05-19,41,24,17.048768043518066,2.3616559505462646,41.60390090942383,0.9999999858861935,8649,1.0101279020309448,34.69027131210571,37.238842,43.94661,45.072746,48.032528,49.805454,43.12773,1.0,38.79119490209873,39.0,40.0,40.0,40.0,40.0,0
Loundoungou,BIO_FP_FH__L2A_20260519T043740_20260531T043807_T_G01_M03_C___T033_F003,2026-05-19,41,25,17.049601554870605,2.3616559505462646,40.72090148925781,1.0,8649,1.0101279020309448,34.697367018585965,35.77548,41.85757,43.220005,45.449898,48.458023,40.56148,1.0,37.63827136795374,38.0,40.0,40.0,40.0,40.0,0
Loundoungou,BIO_FP_FH__L2A_20260519T043740_20260531T043807_T_G01_M03_C___T033_F003,2026-05-19,41,26,17.050435066223145,2.3616559505462646,39.86210250854492,1.0,8649,1.0135278701782227,28.19643708810267,32.160892,39.940643,41.115387,42.843536,45.255558,38.471546,1.0,37.59909776274573,38.0,39.0,39.0,39.0,39.0,0
Loundoungou,BIO_FP_FH__L2A_20260519T043740_20260531T043807_T_G01_M03_C___T033_F003,2026-05-19,41,27,17.051268577575684,2.3616559505462646,38.712303161621094,1.0,8649,1.0267279148101807,30.92067001965545,32.821598,39.712177,40.771362,42.400993,46.534126,38.47112,1.0,37.10613439195844,37.0,38.0,38.81632995605469,39.0,39.0,0
Loundoungou,BIO_FP_FH__L2A_20260519T043740_20260531T043807_T_G01_M03_C___T033_F003,2026-05-19,41,28,17.052102088928223,2.3616559505462646,37.60870361328125,1.0,8649,1.0395278930664062,32.8296538075211,34.703754,40.932117,42.754696,46.790592,48.265316,39.266636,1.0,34.84776985996761,35.0,36.0,37.0,37.0,37.0,0
Loundoungou,BIO_FP_FH__L2A_20260519T043740_20260531T043807_T_G01_M03_C___T033_F003,2026-05-19,41,29,17.05293560028076,2.3616559505462646,37.93888473510742,1.0,8649,1.0350297689437866,29.983767993409643,31.692514,40.13621,42.698044,44.501396,45.60711,39.18978,1.0,34.13422742145215,34.0,35.0,35.0,36.0,36.0,0
Loundoungou,BIO_FP_FH__L2A_20260519T043740_20260531T043807_T_G01_M03_C___T033_F003,2026-05-19,41,30,17.0537691116333,2.3616559505462646,38.46688461303711,1.0,8649,1.0306297540664673,31.827020284136893,34.01048,40.47975,42.033928,44.37174,46.439785,39.137024,1.0,36.30584608738044,37.0,37.0,37.786468505859375,38.0,38.0,0
Loundoungou,BIO_FP_FH__L2A_20260519T043740_20260531T043807_T_G01_M03_C___T033_F003,2026-05-19,41,31,17.05460262298584,2.3616559505462646,38.63028335571289,1.0,8649,1.0260298252105713,29.29475589663545,31.422087,39.809914,41.189415,43.826424,46.640274,39.026855,1.0,36.33361506519986,36.0,37.0,37.0,38.0,38.0,0
Loundoungou,BIO_FP_FH__L2A_20260519T043740_20260531T043807_T_G01_M03_C___T033_F003,2026-05-19,41,32,17.05543613433838,2.3616559505462646,38.640682220458984,1.0,8649,0.963829755783081,32.189191850213895,35.155006,40.47228,41.548737,43.1301,44.412006,39.414375,1.0,35.56548109483493,36.0,36.0,37.0,37.0,37.0,0
Loundoungou,BIO_FP_FH__L2A_20260519T043740_20260531T043807_T_G01_M03_C___T033_F003,2026-05-19,41,33,17.056269645690918,2.3616559505462646,38.396484375,1.0,8649,0.8664298057556152,33.07610254798242,35.60374,40.17372,41.085068,42.37819,44.38098,39.28212,1.0,35.61961052742759,36.0,36.0,37.0,37.0,37.0,0
Loundoungou,BIO_FP_FH__L2A_20260519T043740_20260531T043807_T_G01_M03_C___T033_F003,2026-05-19,41,34,17.057103157043457,2.3616559505462646,38.095481872558594,1.0,8649,1.0142297744750977,31.879442348826455,33.934196,39.770172,40.77009,42.198452,43.412907,38.515038,1.0,35.03473955485873,35.0,36.0,37.0,37.0,37.0,0
Loundoungou,BIO_FP_FH__L2A_20260519T043740_20260531T043807_T_G01_M03_C___T033_F003,2026-05-19,41,35,17.057936668395996,2.3616559505462646,37.28468322753906,1.0,8649,1.0052298307418823,29.86908349231125,31.99639,39.357513,40.819675,42.759823,44.396248,38.21271,1.0,33.82002172030139,34.0,35.0,35.412357330322266,36.0,36.0,0
Loundoungou,BIO_FP_FH__L2A_20260519T043740_20260531T043807_T_G01_M03_C___T033_F003,2026-05-19,41,36,17.058770179748535,2.3616559505462646,35.51408386230469,1.0,8649,0.6516298055648804,33.055075911955136,35.480812,40.630127,41.53981,43.3608,45.48396,39.54827,1.0,34.141205959560445,34.0,36.0,36.0,36.0,36.0,0
Loundoungou,BIO_FP_FH__L2A_20260519T043740_20260531T043807_T_G01_M03_C___T033_F003,2026-05-19,41,37,17.059603691101074,2.3616559505462646,33.74335479736328,1.0,8649,0.29820001125335693,34.37045016042317,35.67705,39.91806,40.725117,42.340157,44.013096,39.471607,1.0,33.81925353845126,34.0,35.0,35.0,35.0,35.0,0
Loundoungou,BIO_FP_FH__L2A_20260519T043740_20260531T043807_T_G01_M03_C___T033_F003,2026-05-19,41,38,17.060437202453613,2.3616559505462646,30.39155387878418,1.0,8649,0.0,33.643412533240834,34.518475,38.643284,39.702415,41.53226,44.117558,38.016018,1.0,31.358656938702595,31.0,33.0,33.0,33.0,33.0,0
Loundoungou,BIO_FP_FH__L2A_20260519T043740_20260531T043807_T_G01_M03_C___T033_F003,2026-05-19,41,39,17.061270713806152,2.3616559505462646,29.05655288696289,1.0,8649,0.0,29.635442861891548,30.387499,36.63013,37.7144,39.769886,41.582043,36.145607,1.0,29.291813590510316,29.0,31.0,31.0,31.0,31.0,0
Loundoungou,BIO_FP_FH__L2A_20260519T043740_20260531T043807_T_G01_M03_C___T033_F003,2026-05-19,41,40,17.06210422515869,2.3616559505462646,28.11595344543457,1.0,8649,0.0,19.90258266851659,20.652668,26.393934,27.924414,30.161427,35.896385,25.859924,1.0,27.097884806556802,27.0,28.0,28.0,28.0,29.0,0
Loundoungou,BIO_FP_FH__L2A_20260519T043740_20260531T043807_T_G01_M03_C___T033_F003,2026-05-19,41,41,17.06293773651123,2.3616559505462646,30.14615249633789,1.0,8649,0.0,20.624561907445948,20.633636,29.275192,31.458118,33.765823,35.762604,28.310043,1.0,29.34959579244599,29.0,32.70694351196289,33.0,34.0,34.0,0
Loundoungou,BIO_FP_FH__L2A_20260519T043740_20260531T043807_T_G01_M03_C___T033_F003,2026-05-19,41,42,17.06377124786377,2.3616559505462646,32.0035514831543,1.0,8649,0.0,34.903702740201176,35.307804,41.89613,43.520905,46.56622,48.569317,40.42542,1.0,35.092244289723254,35.0,36.0,36.0,36.0,36.0,0
Loundoungou,BIO_FP_FH__L2A_20260519T043740_20260531T043807_T_G01_M03_C___T033_F003,2026-05-19,41,43,17.06460475921631,2.3616559505462646,32.16315460205078,1.0,8649,0.0,35.08929681177015,36.91737,42.89204,43.889286,45.85709,48.848324,42.299595,1.0,35.91769989962825,36.0,37.0,37.55134582519531,38.0,38.0,0
Loundoungou,BIO_FP_FH__L2A_20260519T043740_20260531T043807_T_G01_M03_C___T033_F003,2026-05-19,41,44,17.065438270568848,2.3616559505462646,35.09595489501953,1.0,8649,0.0,31.338207451728522,33.857166,40.013412,41.160126,43.602753,46.3222,38.940586,1.0,37.53673451670967,38.0,38.0,39.0,39.0,39.0,0
Loundoungou,BIO_FP_FH__L2A_20260519T043740_20260531T043807_T_G01_M03_C___T033_F003,2026-05-19,41,45,17.066271781921387,2.3616559505462646,39.33665084838867,1.0,8649,0.0,30.567781499306278,34.037216,40.599815,41.490574,42.59414,43.950474,40.129845,1.0,37.07034153430527,37.0,38.0,39.0,39.0,39.0,0
Loundoungou,BIO_FP_FH__L2A_20260519T043740_20260531T043807_T_G01_M03_C___T033_F003,2026-05-19,41,46,17.067105293273926,2.3616559505462646,38.735652923583984,1.0,8649,0.0,35.65506669846225,37.542137,41.727207,43.03226,44.984432,46.79059,41.137123,1.0,35.77273365990635,36.0,37.0,37.0,37.0,37.0,0
Loundoungou,BIO_FP_FH__L2A_20260519T043740_20260531T043807_T_G01_M03_C___T033_F003,2026-05-19,41,47,17.067938804626465,2.3616559505462646,37.075653076171875,1.0,8649,0.0,30.38550157532663,31.493237,38.723236,42.21843,44.55011,49.416676,37.910137,1.0,35.93693510812616,36.0,37.0,37.0,37.0,37.0,0
Loundoungou,BIO_FP_FH__L2A_20260519T043740_20260531T043807_T_G01_M03_C___T033_F003,2026-05-19,41,48,17.068772315979004,2.3616559505462646,38.15025329589844,1.0,8649,0.35280001163482666,30.95782839779165,33.160458,41.28998,43.728867,46.851936,50.26527,40.02616,1.0,35.09447427247491,35.0,36.0,36.0,37.0,37.0,0
Loundoungou,BIO_FP_FH__L2A_20260519T043740_20260531T043807_T_G01_M03_C___T033_F003,2026-05-19,41,49,17.069605827331543,2.3616559505462646,39.73505401611328,1.0,8649,0.5260000228881836,22.415911521563185,22.829922,36.343338,38.122036,41.53931,44.594913,34.32791,1.0,35.64447639889628,36.0,37.0,37.0,37.0,37.0,0
Loundoungou,BIO_FP_FH__L2A_20260519T043740_20260531T043807_T_G01_M03_C___T033_F003,2026-05-19,41,50,17.070439338684082,2.3616559505462646,40.74245071411133,1.0,8649,0.3747999966144562,29.960361205052607,31.778276,38.90818,40.774536,44.450405,46.856674,38.46062,1.0,36.24602918330473,36.0,37.0,37.0,37.0,37.0,0
Loundoungou,BIO_FP_FH__L2A_20260519T043740_20260531T043807_T_G01_M03_C___T033_F003,2026-05-19,41,51,17.07127285003662,2.3616559505462646,41.42325210571289,0.9613965938981385,8324,0.8248000144958496,34.041773961728694,35.644577,40.918137,42.00444,43.943256,46.486446,40.665073,1.0,35.39779979896788,35.0,36.0,37.0,37.0,37.0,0
Loundoungou,BIO_FP_FH__L2A_20260519T043740_20260531T043807_T_G01_M03_C___T033_F003,2026-05-19,42,3,17.031264305114746,2.3608224391937256,37.866790771484375,0.9380662917870292,8171,0.1454000025987625,23.426022996137863,24.477285,42.089787,43.81167,46.166553,48.207565,40.866512,1.0,36.012843206006266,36.0,38.0,38.67238998413086,39.0,39.0,0
Loundoungou,BIO_FP_FH__L2A_20260519T043740_20260531T043807_T_G01_M03_C___T033_F003,2026-05-19,42,4,17.032097816467285,2.3608224391937256,37.90059280395508,1.0000000070569033,8649,0.25360000133514404,27.953050959302367,30.959503,42.147686,44.439854,47.485897,49.31586,40.286804,1.0,38.302644278634034,38.0,39.0,39.0,40.0,40.0,0
Loundoungou,BIO_FP_FH__L2A_20260519T043740_20260531T043807_T_G01_M03_C___T033_F003,2026-05-19,42,5,17.032931327819824,2.3608224391937256,37.46332931518555,1.0000000141138066,8649,0.3959999978542328,25.003426366416512,28.953064,39.295246,40.99777,44.624313,46.97145,36.3629,1.0,38.1773423163901,38.0,39.0,39.0,39.0,39.0,0
Loundoungou,BIO_FP_FH__L2A_20260519T043740_20260531T043807_T_G01_M03_C___T033_F003,2026-05-19,42,6,17.033764839172363,2.3608224391937256,38.08812713623047,1.0000000035284515,8649,0.3553999960422516,25.48264207337773,28.95429,37.928974,40.24089,42.058983,42.92992,36.67098,1.0,37.461491200507396,37.0,38.0,38.0,39.0,39.0,0
Loundoungou,BIO_FP_FH__L2A_20260519T043740_20260531T043807_T_G01_M03_C___T033_F003,2026-05-19,42,7,17.034598350524902,2.3608224391937256,38.53732681274414,1.0,8649,0.0,16.69506161297549,14.92768,32.29679,35.56118,39.43513,44.533714,29.518372,1.0,37.86757106915528,38.0,39.0,39.0,39.0,39.0,0
Loundoungou,BIO_FP_FH__L2A_20260519T043740_20260531T043807_T_G01_M03_C___T033_F003,2026-05-19,42,8,17.03543186187744,2.3608224391937256,38.6307258605957,1.0,8649,0.0,27.550912000303505,30.197182,39.929836,41.648487,43.206875,46.534115,38.520756,1.0,38.32349945175977,38.0,39.0,40.0,40.0,40.0,0
Loundoungou,BIO_FP_FH__L2A_20260519T043740_20260531T043807_T_G01_M03_C___T033_F003,2026-05-19,42,9,17.03626537322998,2.3608224391937256,38.032325744628906,1.0,8649,0.133200004696846,25.31195486833738,29.947048,39.53613,41.09951,42.893753,44.643574,38.5599,1.0,38.59129862102253,39.0,40.0,40.0,40.0,40.0,0
Loundoungou,BIO_FP_FH__L2A_20260519T043740_20260531T043807_T_G01_M03_C___T033_F003,2026-05-19,42,10,17.03709888458252,2.3608224391937256,38.58292770385742,0.9999999858861935,8649,0.12060000002384186,25.97786088520356,29.329079,38.77032,39.962852,42.155632,43.500313,37.65349,1.0,38.55515841685743,39.0,40.0,40.0,40.0,40.0,0
Loundoungou,BIO_FP_FH__L2A_20260519T043740_20260531T043807_T_G01_M03_C___T033_F003,2026-05-19,42,11,17.03793239593506,2.3608224391937256,39.04352951049805,0.9999999929430967,8649,0.11500000208616257,23.5873930821812,24.186768,39.631268,42.700825,45.473137,47.498455,36.98472,1.0,37.32505834594684,38.0,39.0,39.0,39.0,39.0,0
Loundoungou,BIO_FP_FH__L2A_20260519T043740_20260531T043807_T_G01_M03_C___T033_F003,2026-05-19,42,12,17.038765907287598,2.3608224391937256,39.45412826538086,1.0,8649,0.6385999917984009,21.38020923661695,22.37619,43.01974,44.858727,65.57443,72.40993,36.98429,1.0,34.19672708161815,34.0,36.67238998413086,38.0,39.0,39.0,0
Loundoungou,BIO_FP_FH__L2A_20260519T043740_20260531T043807_T_G01_M03_C___T033_F003,2026-05-19,42,13,17.039599418640137,2.3608224391937256,39.593257904052734,1.0,8649,0.8699846267700195,20.987060236371256,23.260075,37.126457,39.00923,42.008255,48.716824,34.856857,1.0,33.25041685392159,33.07770919799805,35.0,35.0,35.0,35.0,0
Loundoungou,BIO_FP_FH__L2A_20260519T043740_20260531T043807_T_G01_M03_C___T033_F003,2026-05-19,42,14,17.040432929992676,2.3608224391937256,41.05025863647461,1.0,8649,0.7355846166610718,25.03071299788993,23.464504,46.900013,50.876682,53.857307,54.650616,39.305065,1.0,34.699624726366814,35.0,36.0,36.0,37.0,37.0,0
Loundoungou,BIO_FP_FH__L2A_20260519T043740_20260531T043807_T_G01_M03_C___T033_F003,2026-05-19,42,15,17.041266441345215,2.3608224391937256,42.49005889892578,0.9219514544898616,8069,1.0843846797943115,26.69636188296972,27.90862,39.624557,41.229507,43.9446,45.612244,38.44268,1.0,37.239144382483424,38.0,39.0,39.0,39.0,39.0,0
Loundoungou,BIO_FP_FH__L2A_20260519T043740_20260531T043807_T_G01_M03_C___T033_F003,2026-05-19,42,16,17.042099952697754,2.3608224391937256,40.49205780029297,1.0,8649,1.0941846370697021,29.507546031333103,31.479908,40.552742,42.03811,44.128017,46.71832,39.20211,1.0,38.86589091619958,39.0,40.0,40.0,40.0,40.0,0
Loundoungou,BIO_FP_FH__L2A_20260519T043740_20260531T043807_T_G01_M03_C___T033_F003,2026-05-19,42,17,17.042933464050293,2.3608224391937256,38.67005920410156,1.0,8649,1.0979846715927124,33.812584005376344,36.27891,42.407352,43.577347,45.567207,46.773834,41.499485,1.0,38.858871001703285,39.0,40.0,40.0,40.0,40.0,0
Loundoungou,BIO_FP_FH__L2A_20260519T043740_20260531T043807_T_G01_M03_C___T033_F003,2026-05-19,42,18,17.043766975402832,2.3608224391937256,36.50265884399414,1.0,8649,0.6539846658706665,30.710789813128685,32.487545,40.958195,42.32645,44.43936,47.140564,39.530693,1.0,37.837548901075735,38.0,39.0,39.0,40.0,40.0,0
Loundoungou,BIO_FP_FH__L2A_20260519T043740_20260531T043807_T_G01_M03_C___T033_F003,2026-05-19,42,19,17.04460048675537,2.3608224391937256,34.39265823364258,1.0,8649,0.1919846385717392,29.650680804861835,31.719461,38.934856,41.287224,45.933464,49.468082,37.703228,1.0,37.146120841716225,37.0,38.0,38.0,38.0,38.0,0
Loundoungou,BIO_FP_FH__L2A_20260519T043740_20260531T043807_T_G01_M03_C___T033_F003,2026-05-19,42,20,17.04543399810791,2.3608224391937256,35.06705856323242,1.0,8649,0.30838462710380554,25.072116357382356,28.081823,38.887215,40.856243,43.007374,44.47947,36.927696,1.0,37.02717623764111,37.0,38.0,39.0,39.0,39.0,0
Loundoungou,BIO_FP_FH__L2A_20260519T043740_20260531T043807_T_G01_M03_C___T033_F003,2026-05-19,42,21,17.04626750946045,2.3608224391937256,38.22930145263672,1.0,8649,0.8475279211997986,33.472353649988435,35.063694,42.430527,44.245533,45.996964,47.939175,41.82436,1.0,38.06009005607105,38.0,39.0,39.0,40.0,40.0,0
Loundoungou,BIO_FP_FH__L2A_20260519T043740_20260531T043807_T_G01_M03_C___T033_F003,2026-05-19,42,22,17.04710102081299,2.3608224391937256,40.43830108642578,1.000000028227613,8649,1.0861278772354126,29.6493205260893,32.41505,41.38546,42.486458,44.084003,45.821186,40.3678,1.0,38.04166149814662,39.0,40.0,40.0,40.0,40.0,0
Loundoungou,BIO_FP_FH__L2A_20260519T043740_20260531T043807_T_G01_M03_C___T033_F003,2026-05-19,42,23,17.047934532165527,2.3608224391937256,41.77290344238281,1.0,8649,1.0375279188156128,29.857336740519134,32.573177,40.890972,43.825115,47.333717,48.865986,39.295963,1.0,38.429311654404806,39.0,40.0,41.0,41.0,41.0,0
Loundoungou,BIO_FP_FH__L2A_20260519T043740_20260531T043807_T_G01_M03_C___T033_F003,2026-05-19,42,24,17.048768043518066,2.3608224391937256,42.164100646972656,1.0,8649,1.0121278762817383,27.655195416377616,31.323822,42.08514,44.808064,47.436043,48.750217,39.584965,1.0,39.02452340524643,39.0,40.0,40.0,41.0,41.0,0
Loundoungou,BIO_FP_FH__L2A_20260519T043740_20260531T043807_T_G01_M03_C___T033_F003,2026-05-19,42,25,17.049601554870605,2.3608224391937256,41.311302185058594,1.0,8649,1.0151278972625732,30.877633975026015,34.20305,45.42878,46.835,50.059517,51.2758,43.41411,1.0,37.15769301542506,37.0,38.0,39.0,39.0,39.0,0
Loundoungou,BIO_FP_FH__L2A_20260519T043740_20260531T043807_T_G01_M03_C___T033_F003,2026-05-19,42,26,17.050435066223145,2.3608224391937256,40.57090377807617,1.0,8649,1.0151278972625732,33.87105942522257,35.866333,43.61868,44.87127,46.31179,47.253178,42.18485,1.0,37.99971275184041,38.0,39.0,39.0,39.0,39.0,0
Loundoungou,BIO_FP_FH__L2A_20260519T043740_20260531T043807_T_G01_M03_C___T033_F003,2026-05-19,42,27,17.051268577575684,2.3608224391937256,40.27470397949219,1.0,8649,1.0115278959274292,31.305422772863913,33.421593,43.11894,47.858753,51.261734,53.751686,40.19186,1.0,37.962066556004544,38.0,39.0,39.0,39.0,39.0,0
Loundoungou,BIO_FP_FH__L2A_20260519T043740_20260531T043807_T_G01_M03_C___T033_F003,2026-05-19,42,28,17.052102088928223,2.3608224391937256,39.484500885009766,1.0,8649,1.017927885055542,30.423964295005202,34.465626,38.677727,39.520855,40.973835,43.009975,37.97389,1.0,36.566145823806515,37.0,37.0,37.13420867919922,38.0,38.0,0
Loundoungou,BIO_FP_FH__L2A_20260519T043740_20260531T043807_T_G01_M03_C___T033_F003,2026-05-19,42,29,17.05293560028076,2.3608224391937256,39.720481872558594,1.0,8649,1.0140297412872314,31.37240757602035,33.476555,38.890583,39.81462,43.039745,45.16881,38.381355,1.0,36.32933066618733,36.0,37.0,38.0,38.0,38.0,0
Loundoungou,BIO_FP_FH__L2A_20260519T043740_20260531T043807_T_G01_M03_C___T033_F003,2026-05-19,42,30,17.0537691116333,2.3608224391937256,39.96968460083008,1.0,8649,1.0106297731399536,25.699735879870506,28.533068,39.2077,41.24896,42.400986,43.949776,37.71192,1.0,36.98416365412759,37.0,38.0,38.0,38.0,38.0,0
Loundoungou,BIO_FP_FH__L2A_20260519T043740_20260531T043807_T_G01_M03_C___T033_F003,2026-05-19,42,31,17.05460262298584,2.3608224391937256,39.705684661865234,1.0,8649,1.0178297758102417,31.54328535090762,34.97813,39.81795,41.003002,42.73016,44.111595,39.187077,1.0,36.335997945463774,37.0,37.0,38.0,38.0,38.0,0
Loundoungou,BIO_FP_FH__L2A_20260519T043740_20260531T043807_T_G01_M03_C___T033_F003,2026-05-19,42,32,17.05543613433838,2.3608224391937256,39.39848327636719,1.0,8649,1.0248297452926636,32.507048322060356,33.55674,39.308735,40.460743,43.01308,45.66628,38.36507,1.0,35.70420223804606,36.0,37.0,37.0,37.0,37.0,0
Loundoungou,BIO_FP_FH__L2A_20260519T043740_20260531T043807_T_G01_M03_C___T033_F003,2026-05-19,42,33,17.056269645690918,2.3608224391937256,38.69088363647461,1.0,8649,1.0432298183441162,34.28591907301422,35.343124,40.20984,41.04058,42.510967,44.137306,39.700592,1.0,36.5218467584496,36.0,37.0,38.0,38.0,38.0,0
Loundoungou,BIO_FP_FH__L2A_20260519T043740_20260531T043807_T_G01_M03_C___T033_F003,2026-05-19,42,34,17.057103157043457,2.3608224391937256,37.68128204345703,1.0,8649,1.0824297666549683,32.36182199531738,33.969173,38.49723,39.500885,41.12535,43.4375,37.88099,1.0,37.17282248805859,37.0,38.0,38.0,39.0,39.0,0
Loundoungou,BIO_FP_FH__L2A_20260519T043740_20260531T043807_T_G01_M03_C___T033_F003,2026-05-19,42,35,17.057936668395996,2.3608224391937256,36.80668258666992,1.0,8649,1.119229793548584,25.956506893860563,28.371178,35.820606,37.569336,41.001663,43.30632,34.31423,1.0,36.05640239320831,36.0,37.0,37.0,37.0,38.0,0
Loundoungou,BIO_FP_FH__L2A_20260519T043740_20260531T043807_T_G01_M03_C___T033_F003,2026-05-19,42,36,17.058770179748535,2.3608224391937256,35.77808380126953,1.0,8649,1.123229742050171,31.097850907619378,33.312065,39.081684,40.62084,42.415432,43.798534,37.886578,1.0,36.040913896652185,36.0,37.0,37.0,37.0,37.0,0
Loundoungou,BIO_FP_FH__L2A_20260519T043740_20260531T043807_T_G01_M03_C___T033_F003,2026-05-19,42,37,17.059603691101074,2.3608224391937256,34.298553466796875,1.0,8649,0.9100000262260437,31.86527073216557,33.332928,40.407825,42.192234,44.781403,46.22176,39.647404,1.0,34.923819512049576,35.0,36.0,36.0,36.0,37.0,0
Loundoungou,BIO_FP_FH__L2A_20260519T043740_20260531T043807_T_G01_M03_C___T033_F003,2026-05-19,42,38,17.060437202453613,2.3608224391937256,31.065553665161133,1.0,8649,0.5989999771118164,32.954522379754884,34.077232,39.034637,40.081593,43.215168,44.952953,38.22106,1.0,32.60158931777607,33.0,34.0,34.0,35.0,35.0,0
Loundoungou,BIO_FP_FH__L2A_20260519T043740_20260531T043807_T_G01_M03_C___T033_F003,2026-05-19,42,39,17.061270713806152,2.3608224391937256,27.659353256225586,1.0,8649,0.2930000126361847,32.43186080038155,33.44953,37.693592,38.81762,40.29003,41.844444,37.117702,1.0,30.081656040628737,30.0,31.0,31.0,32.0,32.0,0
Loundoungou,BIO_FP_FH__L2A_20260519T043740_20260531T043807_T_G01_M03_C___T033_F003,2026-05-19,42,40,17.06210422515869,2.3608224391937256,25.736553192138672,1.0,8649,0.0,17.411319227656378,16.948744,25.47537,28.088032,31.582476,36.24665,24.348738,1.0,28.801259529633334,29.0,30.0,30.0,31.0,31.0,0
Loundoungou,BIO_FP_FH__L2A_20260519T043740_20260531T043807_T_G01_M03_C___T033_F003,2026-05-19,42,41,17.06293773651123,2.3608224391937256,29.1319522857666,1.0,8649,0.0,22.380939089779165,20.332104,34.998154,36.083256,37.665512,39.770714,34.564182,1.0,31.89449037751899,32.0,35.0,35.0,35.0,35.0,0
Loundoungou,BIO_FP_FH__L2A_20260519T043740_20260531T043807_T_G01_M03_C___T033_F003,2026-05-19,42,42,17.06377124786377,2.3608224391937256,31.09475326538086,1.0,8649,0.0,34.65062886605388,35.1989,39.082867,40.090107,43.166378,45.424137,38.486,1.0,35.04044256652486,35.0,35.13420867919922,36.0,36.0,36.0,0
Loundoungou,BIO_FP_FH__L2A_20260519T043740_20260531T043807_T_G01_M03_C___T033_F003,2026-05-19,42,43,17.06460475921631,2.3608224391937256,30.472553253173828,1.0,8649,0.0,36.90408753902185,37.931435,42.53203,43.492493,45.128593,46.5374,41.754707,1.0,35.09338098085606,35.0,36.0,36.0,36.8361930847168,37.0,0
Loundoungou,BIO_FP_FH__L2A_20260519T043740_20260531T043807_T_G01_M03_C___T033_F003,2026-05-19,42,44,17.065438270568848,2.3608224391937256,32.146751403808594,1.0,8649,0.0,35.64083456179905,37.365757,41.36717,42.405365,44.23957,46.19169,40.557007,1.0,36.26988213069729,36.0,37.0,37.0,38.0,39.0,0
Loundoungou,BIO_FP_FH__L2A_20260519T043740_20260531T043807_T_G01_M03_C___T033_F003,2026-05-19,42,45,17.066271781921387,2.3608224391937256,36.83745193481445,1.0,8649,0.0,23.755365504682622,25.645304,34.587234,36.561234,39.12882,40.2561,33.458916,1.0,37.72423949314964,38.0,38.0,38.77969741821289,39.0,39.0,0
Loundoungou,BIO_FP_FH__L2A_20260519T043740_20260531T043807_T_G01_M03_C___T033_F003,2026-05-19,42,46,17.067105293273926,2.3608224391937256,38.07905197143555,1.0,8649,0.0,25.580747232339,28.922806,36.243385,37.50464,40.058895,42.63658,34.580173,1.0,37.150725680150686,37.0,38.0,38.0,38.0,38.0,0
Loundoungou,BIO_FP_FH__L2A_20260519T043740_20260531T043807_T_G01_M03_C___T033_F003,2026-05-19,42,47,17.067938804626465,2.3608224391937256,37.564453125,1.0,8649,0.0,27.38848421782865,28.80565,39.487183,41.91623,46.00814,49.219067,37.417904,1.0,37.07963293981712,37.0,38.0,38.0,38.0,38.0,0
Loundoungou,BIO_FP_FH__L2A_20260519T043740_20260531T043807_T_G01_M03_C___T033_F003,2026-05-19,42,48,17.068772315979004,2.3608224391937256,37.966251373291016,1.0,8649,0.08479999750852585,28.054888028962885,29.117239,42.148396,45.293045,47.405743,50.112766,40.515266,1.0,35.93521163901617,36.0,37.0,38.0,38.0,38.0,0
Loundoungou,BIO_FP_FH__L2A_20260519T043740_20260531T043807_T_G01_M03_C___T033_F003,2026-05-19,42,49,17.069605827331543,2.3608224391937256,39.28525161743164,1.0,8649,0.035999998450279236,28.046690730142213,30.504942,37.4339,38.710987,41.057526,42.451637,36.479397,1.0,35.65665311501307,36.0,37.0,37.0,37.0,37.0,0
Loundoungou,BIO_FP_FH__L2A_20260519T043740_20260531T043807_T_G01_M03_C___T033_F003,2026-05-19,42,50,17.070439338684082,2.3608224391937256,40.38485336303711,0.9199343516049543,7996,0.3352000117301941,25.84439768008922,27.368122,38.002575,40.81554,44.128967,45.391533,37.022453,1.0,36.13919294350463,36.0,37.0,37.0,37.8361930847168,38.0,0
Loundoungou,BIO_FP_FH__L2A_20260519T043740_20260531T043807_T_G01_M03_C___T033_F003,2026-05-19,43,4,17.032097816467285,2.3599889278411865,38.867977142333984,0.9587124266477248,8338,0.7919975519180298,30.810293639665066,32.094345,45.587814,48.080917,50.820602,52.15066,42.64854,1.0,37.78062602332154,38.0,39.0,39.0,39.0,39.0,0
Loundoungou,BIO_FP_FH__L2A_20260519T043740_20260531T043807_T_G01_M03_C___T033_F003,2026-05-19,43,5,17.032931327819824,2.3599889278411865,37.870887756347656,1.0,8649,0.9453999996185303,28.69470696124552,32.404137,40.02075,41.78898,44.27321,46.589836,39.059364,1.0,38.103544853811165,38.0,39.0,40.0,40.0,40.0,0
Loundoungou,BIO_FP_FH__L2A_20260519T043740_20260531T043807_T_G01_M03_C___T033_F003,2026-05-19,43,6,17.033764839172363,2.3599889278411865,38.015689849853516,1.0,8649,0.49059998989105225,29.418521446662908,31.289911,37.909855,39.192017,41.500355,45.36432,37.32307,1.0,38.1524504869849,38.0,39.0,39.0,39.0,39.0,0
Loundoungou,BIO_FP_FH__L2A_20260519T043740_20260531T043807_T_G01_M03_C___T033_F003,2026-05-19,43,7,17.034598350524902,2.3599889278411865,38.17948913574219,1.0,8649,0.0,26.607627710754134,29.200409,42.787212,45.93184,48.789417,50.02017,40.6002,1.0,36.505865429602466,38.0,39.0,39.0,39.0,39.0,0
Loundoungou,BIO_FP_FH__L2A_20260519T043740_20260531T043807_T_G01_M03_C___T033_F003,2026-05-19,43,8,17.03543186187744,2.3599889278411865,37.835086822509766,1.0,8649,0.0,21.698538351615795,23.232634,35.770332,38.0806,41.923363,43.33879,33.19179,1.0,38.460832428885325,38.0,39.0,40.0,40.0,40.0,0
Loundoungou,BIO_FP_FH__L2A_20260519T043740_20260531T043807_T_G01_M03_C___T033_F003,2026-05-19,43,9,17.03626537322998,2.3599889278411865,37.16388702392578,1.0000000070569033,8649,0.0,25.684035500259668,29.304403,37.31183,39.747578,42.887733,44.260784,35.047153,1.0,39.13395056767,39.0,40.0,40.0,40.0,40.0,0
Loundoungou,BIO_FP_FH__L2A_20260519T043740_20260531T043807_T_G01_M03_C___T033_F003,2026-05-19,43,10,17.03709888458252,2.3599889278411865,38.15128707885742,0.9999999788292903,8649,0.0,24.75864472254807,26.68196,35.341995,39.051258,42.776573,45.601353,33.580414,1.0,38.30344586698206,38.0,39.0,39.0,39.856056213378906,40.0,0
Loundoungou,BIO_FP_FH__L2A_20260519T043740_20260531T043807_T_G01_M03_C___T033_F003,2026-05-19,43,11,17.03793239593506,2.3599889278411865,38.76408767700195,1.0,8649,0.0,23.989494359897098,26.023846,38.00744,40.59176,44.45148,48.1553,35.472263,1.0,39.410016500821676,39.0,41.0,42.0,42.0,42.0,0
Loundoungou,BIO_FP_FH__L2A_20260519T043740_20260531T043807_T_G01_M03_C___T033_F003,2026-05-19,43,12,17.038765907287598,2.3599889278411865,39.11208724975586,1.0,8649,0.4453999996185303,25.191211592380622,26.777248,39.03128,41.228134,43.489384,44.86454,37.56392,1.0,38.21022591451397,39.0,40.0,40.0,40.0,40.0,0
Loundoungou,BIO_FP_FH__L2A_20260519T043740_20260531T043807_T_G01_M03_C___T033_F003,2026-05-19,43,13,17.039599418640137,2.3599889278411865,38.34428787231445,1.0,8649,0.3285999894142151,17.584403272777198,17.279856,36.776775,38.399075,40.86709,43.58058,34.26021,1.0,34.53337068785986,35.0,37.0,37.0,37.0,38.0,0
Loundoungou,BIO_FP_FH__L2A_20260519T043740_20260531T043807_T_G01_M03_C___T033_F003,2026-05-19,43,14,17.040432929992676,2.3599889278411865,39.6072883605957,1.0,8649,0.44600000977516174,26.32494499002775,27.66711,38.833187,39.828087,41.621624,43.0409,37.78819,1.0,34.11766719696825,34.0,36.0,36.0,36.0,36.0,0
Loundoungou,BIO_FP_FH__L2A_20260519T043740_20260531T043807_T_G01_M03_C___T033_F003,2026-05-19,43,15,17.041266441345215,2.3599889278411865,41.6968879699707,0.9829289558402705,8547,1.0185999870300293,28.441860756301992,31.78113,42.28973,44.3124,47.54768,51.863926,40.232243,1.0,37.24597084410605,37.0,38.75983428955078,39.0,39.0,39.0,0
Loundoungou,BIO_FP_FH__L2A_20260519T043740_20260531T043807_T_G01_M03_C___T033_F003,2026-05-19,43,16,17.042099952697754,2.3599889278411865,40.450687408447266,0.9373032817648717,8187,1.1116000413894653,28.9830109996958,33.171253,39.776337,41.106213,44.77421,49.22383,39.223392,1.0,36.74803057024556,37.0,38.0,38.0,38.0,39.0,0
Loundoungou,BIO_FP_FH__L2A_20260519T043740_20260531T043807_T_G01_M03_C___T033_F003,2026-05-19,43,17,17.042933464050293,2.3599889278411865,38.574886322021484,1.0,8649,1.1141999959945679,30.721581342496243,33.697845,41.71023,43.174,45.125507,46.352516,40.854675,1.0,37.90316072239712,38.0,39.0,39.0,40.0,40.0,0
Loundoungou,BIO_FP_FH__L2A_20260519T043740_20260531T043807_T_G01_M03_C___T033_F003,2026-05-19,43,18,17.043766975402832,2.3599889278411865,36.79328918457031,1.0,8649,0.781000018119812,34.45945611486877,37.11598,42.769905,43.777176,45.28361,46.954372,41.828793,1.0,37.556886098277076,38.0,39.0,39.0,39.0,39.0,0
Loundoungou,BIO_FP_FH__L2A_20260519T043740_20260531T043807_T_G01_M03_C___T033_F003,2026-05-19,43,19,17.04460048675537,2.3599889278411865,34.90468978881836,1.0,8649,0.3147999942302704,26.30790228639149,26.943092,41.56238,44.51096,47.601456,49.049053,39.412407,1.0,36.042941049008384,36.26996612548828,38.0,38.0,38.0,38.0,0
Loundoungou,BIO_FP_FH__L2A_20260519T043740_20260531T043807_T_G01_M03_C___T033_F003,2026-05-19,43,20,17.04543399810791,2.3599889278411865,35.328086853027344,1.0000000141138066,8649,0.19220000505447388,23.575263968049505,24.977964,36.86582,38.743828,41.24825,46.574406,35.213665,1.0,37.231272722258154,37.0,38.0,38.0,39.0,39.0,0
Loundoungou,BIO_FP_FH__L2A_20260519T043740_20260531T043807_T_G01_M03_C___T033_F003,2026-05-19,43,21,17.04626750946045,2.3599889278411865,37.86988067626953,1.0,8649,0.7264000177383423,27.708372626170657,29.526386,38.81981,40.282593,42.33217,44.013016,38.046135,1.0,38.62844175801193,39.0,39.0,40.0,40.0,40.0,0
Loundoungou,BIO_FP_FH__L2A_20260519T043740_20260531T043807_T_G01_M03_C___T033_F003,2026-05-19,43,22,17.04710102081299,2.3599889278411865,40.43748092651367,1.0,8649,1.0836000442504883,28.218678640594288,31.75729,39.55345,41.054012,44.60538,48.251846,38.33221,1.0,37.65337573543341,39.0,40.0,40.0,40.0,40.0,0
Loundoungou,BIO_FP_FH__L2A_20260519T043740_20260531T043807_T_G01_M03_C___T033_F003,2026-05-19,43,23,17.047934532165527,2.3599889278411865,41.83348083496094,1.0,8649,1.0440000295639038,28.306774536796162,30.93977,41.01795,42.15722,46.603508,48.54251,39.76002,1.0,39.246424257417594,40.0,40.0,41.0,41.0,41.0,0
Loundoungou,BIO_FP_FH__L2A_20260519T043740_20260531T043807_T_G01_M03_C___T033_F003,2026-05-19,43,24,17.048768043518066,2.3599889278411865,42.67448043823242,1.0,8649,1.011199951171875,18.046093659671637,15.615446,35.095295,37.945904,43.839172,49.71768,31.517925,1.0,38.327772849942235,38.0,40.0,40.0,40.0,40.0,0
Loundoungou,BIO_FP_FH__L2A_20260519T043740_20260531T043807_T_G01_M03_C___T033_F003,2026-05-19,43,25,17.049601554870605,2.3599889278411865,41.84648132324219,1.0,8649,1.0160000324249268,28.8611485973812,32.87612,43.464066,45.075176,47.786705,50.277252,41.36809,1.0,38.05097221685897,38.0,39.50019836425781,40.0,40.0,40.0,0
Loundoungou,BIO_FP_FH__L2A_20260519T043740_20260531T043807_T_G01_M03_C___T033_F003,2026-05-19,43,26,17.050435066223145,2.3599889278411865,40.98208236694336,1.0,8649,1.020799994468689,26.17010456411146,28.62757,40.7519,42.801243,46.612553,48.967083,38.760273,1.0,37.239131755919274,37.0,39.0,39.0,39.0,39.0,0
Loundoungou,BIO_FP_FH__L2A_20260519T043740_20260531T043807_T_G01_M03_C___T033_F003,2026-05-19,43,27,17.051268577575684,2.3599889278411865,40.29248046875,1.0,8649,1.0196000337600708,35.67759007544225,36.94115,42.24077,43.682816,47.519062,49.294212,41.148148,1.0,37.55527176616067,38.0,38.0,38.0,38.0,38.0,0
Loundoungou,BIO_FP_FH__L2A_20260519T043740_20260531T043807_T_G01_M03_C___T033_F003,2026-05-19,43,28,17.052102088928223,2.3599889278411865,39.727081298828125,1.0,8649,1.017199993133545,31.023818685686205,32.69829,40.781822,42.755867,45.788197,47.16488,39.75372,1.0,36.975172124221594,37.0,38.0,38.0,38.0,38.0,0
Loundoungou,BIO_FP_FH__L2A_20260519T043740_20260531T043807_T_G01_M03_C___T033_F003,2026-05-19,43,29,17.05293560028076,2.3599889278411865,39.96867370605469,1.0,8649,1.0260000228881836,25.237397386981154,28.01497,36.446766,37.74746,41.18918,45.576977,34.793312,1.0,36.99619471487909,37.0,38.0,39.0,39.0,39.0,0
Loundoungou,BIO_FP_FH__L2A_20260519T043740_20260531T043807_T_G01_M03_C___T033_F003,2026-05-19,43,30,17.0537691116333,2.3599889278411865,39.95567321777344,1.0,8649,1.031599998474121,25.169265413631635,28.473846,39.56712,41.14441,43.237938,45.201603,37.673775,1.0,37.59955694794255,38.0,38.0,38.0,38.0,38.0,0
Loundoungou,BIO_FP_FH__L2A_20260519T043740_20260531T043807_T_G01_M03_C___T033_F003,2026-05-19,43,31,17.05460262298584,2.3599889278411865,39.679073333740234,1.0,8649,1.0413999557495117,29.256830630708752,31.57313,39.22709,40.742393,42.77171,46.678596,38.318226,1.0,37.17863777196811,37.0,38.0,38.0,38.0,38.0,0
Loundoungou,BIO_FP_FH__L2A_20260519T043740_20260531T043807_T_G01_M03_C___T033_F003,2026-05-19,43,32,17.05543613433838,2.3599889278411865,39.22907257080078,1.0,8649,1.056399941444397,25.941087842525146,26.990416,38.059887,39.854183,43.568253,46.108707,36.664562,1.0,35.4046648461938,35.0,36.0,36.0,37.0,37.0,0
Loundoungou,BIO_FP_FH__L2A_20260519T043740_20260531T043807_T_G01_M03_C___T033_F003,2026-05-19,43,33,17.056269645690918,2.3599889278411865,38.63207244873047,1.0,8649,1.0720000267028809,31.902784100763093,33.24371,41.305275,42.82817,43.95075,45.192047,40.104927,1.0,35.75195712185358,36.0,37.0,37.0,37.0,37.0,0
Loundoungou,BIO_FP_FH__L2A_20260519T043740_20260531T043807_T_G01_M03_C___T033_F003,2026-05-19,43,34,17.057103157043457,2.3599889278411865,37.400672912597656,1.0,8649,1.1055999994277954,33.93528966499017,35.84719,39.93124,41.08371,43.186855,44.907246,39.557514,1.0,33.58739835042487,36.0,37.0,37.0,38.0,38.0,0
Loundoungou,BIO_FP_FH__L2A_20260519T043740_20260531T043807_T_G01_M03_C___T033_F003,2026-05-19,43,35,17.057936668395996,2.3599889278411865,36.128273010253906,1.0,8649,1.0925999879837036,23.754590487339577,24.835733,35.386566,37.211697,41.005863,46.089188,32.752064,1.0,32.9503400171681,35.0,36.0,37.0,37.0,38.0,0
Loundoungou,BIO_FP_FH__L2A_20260519T043740_20260531T043807_T_G01_M03_C___T033_F003,2026-05-19,43,36,17.058770179748535,2.3599889278411865,35.09347152709961,1.0,8649,0.972000002861023,27.215163964042087,28.240347,36.52589,39.579018,42.35984,45.281704,35.70366,1.0,34.34437951667831,36.0,37.0,37.0,37.0,37.0,0
Loundoungou,BIO_FP_FH__L2A_20260519T043740_20260531T043807_T_G01_M03_C___T033_F003,2026-05-19,43,37,17.059603691101074,2.3599889278411865,34.24747085571289,1.0,8649,0.8511999845504761,35.11614962712452,36.694027,42.466293,44.079533,46.094543,47.502365,41.223183,1.0,35.191054073478846,35.0,36.0,36.0,36.0,37.0,0
Loundoungou,BIO_FP_FH__L2A_20260519T043740_20260531T043807_T_G01_M03_C___T033_F003,2026-05-19,43,38,17.060437202453613,2.3599889278411865,32.24087142944336,1.0,8649,0.7305999994277954,30.13546363741473,31.388542,37.846558,39.624355,42.3616,44.93722,37.097824,1.0,32.217291308766995,32.0,33.249900817871094,34.0,34.0,34.0,0
Loundoungou,BIO_FP_FH__L2A_20260519T043740_20260531T043807_T_G01_M03_C___T033_F003,2026-05-19,43,39,17.061270713806152,2.3599889278411865,29.19327163696289,1.0,8649,0.40400001406669617,26.120520616545264,26.963585,33.07812,34.6358,36.622807,38.629055,32.62013,1.0,30.559753748099507,31.0,32.0,32.0,32.0,32.0,0
Loundoungou,BIO_FP_FH__L2A_20260519T043740_20260531T043807_T_G01_M03_C___T033_F003,2026-05-19,43,40,17.06210422515869,2.3599889278411865,26.181072235107422,1.0,8649,0.0,23.737500361313447,23.853697,31.874388,33.984303,39.00147,42.351284,30.983488,1.0,30.913544219413208,31.0,32.750099182128906,33.0,33.0,33.0,0
Loundoungou,BIO_FP_FH__L2A_20260519T043740_20260531T043807_T_G01_M03_C___T033_F003,2026-05-19,43,41,17.06293773651123,2.3599889278411865,28.603872299194336,1.0,8649,0.0,23.86637093161059,23.577408,32.910583,34.690792,37.192627,39.755108,31.399973,1.0,33.16374220722934,33.0,34.0,35.0,35.0,35.0,0
Loundoungou,BIO_FP_FH__L2A_20260519T043740_20260531T043807_T_G01_M03_C___T033_F003,2026-05-19,43,42,17.06377124786377,2.3599889278411865,31.096471786499023,1.0,8649,0.0,33.66187384379697,34.83848,41.049225,42.10673,43.407616,44.63155,40.602184,1.0,35.208793259946056,35.0,36.0,36.0,36.0,36.0,0
Loundoungou,BIO_FP_FH__L2A_20260519T043740_20260531T043807_T_G01_M03_C___T033_F003,2026-05-19,43,43,17.06460475921631,2.3599889278411865,29.534273147583008,1.0,8649,0.0,37.87576056480518,39.09408,44.12027,45.106846,46.406437,48.73256,43.597786,1.0,35.303123603350635,35.0,36.0,36.0,36.0,37.0,0
Loundoungou,BIO_FP_FH__L2A_20260519T043740_20260531T043807_T_G01_M03_C___T033_F003,2026-05-19,43,44,17.065438270568848,2.3599889278411865,29.319671630859375,1.0,8649,0.0,32.494709467857554,33.968063,39.36347,40.58733,42.32723,44.389126,38.604237,1.0,35.82764589007789,36.0,37.0,37.0,38.0,38.0,0
Loundoungou,BIO_FP_FH__L2A_20260519T043740_20260531T043807_T_G01_M03_C___T033_F003,2026-05-19,43,45,17.066271781921387,2.3599889278411865,34.92292785644531,0.9984792655762227,8644,0.10620000213384628,33.799571926497556,35.253857,41.98951,43.46157,44.535435,45.535816,40.961937,1.0,37.103774956932426,37.0,38.0,38.0,38.0,38.0,0
Loundoungou,BIO_FP_FH__L2A_20260519T043740_20260531T043807_T_G01_M03_C___T033_F003,2026-05-19,43,46,17.067105293273926,2.3599889278411865,38.96412658691406,1.0,8649,0.22139999270439148,29.098768643773848,31.206875,38.998444,40.230988,41.400257,42.312042,37.01342,1.0,36.86221258653245,37.0,37.998313903808594,38.0,38.0,38.0,0
Loundoungou,BIO_FP_FH__L2A_20260519T043740_20260531T043807_T_G01_M03_C___T033_F003,2026-05-19,43,47,17.067938804626465,2.3599889278411865,38.93552780151367,1.0,8649,0.33719998598098755,26.066743626430803,27.071602,36.822224,39.74331,42.51923,44.938,33.822796,1.0,36.545069764316224,37.0,37.0,37.0,37.0,37.0,0
Loundoungou,BIO_FP_FH__L2A_20260519T043740_20260531T043807_T_G01_M03_C___T033_F003,2026-05-19,43,48,17.068772315979004,2.3599889278411865,38.830326080322266,1.0,8649,0.45680001378059387,30.056585298878485,31.18287,40.824,42.664036,45.70515,47.79856,39.634132,1.0,36.215779629893795,36.0,37.0,37.0,37.0,37.0,0
Loundoungou,BIO_FP_FH__L2A_20260519T043740_20260531T043807_T_G01_M03_C___T033_F003,2026-05-19,43,49,17.069605827331543,2.3599889278411865,38.80512619018555,0.9965661108762573,8633,0.5978000164031982,22.81272854281478,23.512033,36.57112,38.792145,40.85947,44.89046,33.68778,1.0,36.38566779406695,36.0,37.0,37.0,38.0,38.0,0
Loundoungou,BIO_FP_FH__L2A_20260519T043740_20260531T043807_T_G01_M03_C___T033_F003,2026-05-19,44,5,17.032931327819824,2.3591554164886475,37.703086853027344,0.9321082577510768,8110,1.1175999641418457,28.957652096343523,31.664303,38.228024,39.22761,40.973984,43.49468,37.63526,1.0,36.76664474501418,37.0,38.0,38.0,39.0,39.0,0
Loundoungou,BIO_FP_FH__L2A_20260519T043740_20260531T043807_T_G01_M03_C___T033_F003,2026-05-19,44,6,17.033764839172363,2.3591554164886475,37.67329025268555,1.0,8649,0.63919997215271,32.763767397242454,34.125023,39.409355,40.62737,44.063614,47.90624,38.91651,1.0,36.41110822272061,37.0,38.0,38.0,39.0,39.0,0
Loundoungou,BIO_FP_FH__L2A_20260519T043740_20260531T043807_T_G01_M03_C___T033_F003,2026-05-19,44,7,17.034598350524902,2.3591554164886475,38.89828872680664,1.0,8649,0.08720000088214874,26.28005698816337,29.270004,37.884094,39.130657,41.192764,43.286846,36.262775,1.0,37.32490947969057,37.0,38.0,38.0,38.0,38.0,0
Loundoungou,BIO_FP_FH__L2A_20260519T043740_20260531T043807_T_G01_M03_C___T033_F003,2026-05-19,44,8,17.03543186187744,2.3591554164886475,38.75428771972656,1.0,8649,0.0,33.405161091600185,36.030407,40.952953,41.95397,43.629322,46.04494,39.940144,1.0,38.30455884339148,38.0,39.0,40.0,40.0,40.0,0
Loundoungou,BIO_FP_FH__L2A_20260519T043740_20260531T043807_T_G01_M03_C___T033_F003,2026-05-19,44,9,17.03626537322998,2.3591554164886475,37.70969009399414,0.9999999576585805,8649,0.0,26.30949634103079,28.936583,39.25833,41.031033,43.58438,45.25046,37.314625,1.0,38.488698433390766,38.06797409057617,39.0,39.0,39.0,39.0,0
Loundoungou,BIO_FP_FH__L2A_20260519T043740_20260531T043807_T_G01_M03_C___T033_F003,2026-05-19,44,10,17.03709888458252,2.3591554164886475,37.9822883605957,1.0,8649,0.0,23.680837831685743,26.085815,36.662678,38.144733,40.370865,42.152973,34.328827,1.0,38.76228424435696,39.0,39.0,40.0,40.0,40.0,0
Loundoungou,BIO_FP_FH__L2A_20260519T043740_20260531T043807_T_G01_M03_C___T033_F003,2026-05-19,44,11,17.03793239593506,2.3591554164886475,38.48428726196289,1.0,8649,0.0,29.097541307159787,32.71075,40.073566,43.693497,46.420383,47.832138,38.085457,1.0,38.80195705137276,39.0,40.0,40.0,40.0,40.0,0
Loundoungou,BIO_FP_FH__L2A_20260519T043740_20260531T043807_T_G01_M03_C___T033_F003,2026-05-19,44,12,17.038765907287598,2.3591554164886475,38.38468933105469,1.0,8649,0.0,31.67055349606891,34.939583,40.834778,41.898144,43.978203,47.422474,40.01944,1.0,39.0689004727603,39.0,40.0,40.0,40.0,40.0,0
Loundoungou,BIO_FP_FH__L2A_20260519T043740_20260531T043807_T_G01_M03_C___T033_F003,2026-05-19,44,13,17.039599418640137,2.3591554164886475,37.93628692626953,1.0,8649,0.0,23.20757683330443,24.973051,38.87225,40.32979,42.305855,44.215595,36.706795,1.0,37.4633486334582,38.0,39.0,39.0,39.0,40.0,0
Loundoungou,BIO_FP_FH__L2A_20260519T043740_20260531T043807_T_G01_M03_C___T033_F003,2026-05-19,44,14,17.040432929992676,2.3591554164886475,38.710086822509766,1.0,8649,0.3068000078201294,23.55642406275292,26.68386,41.790607,43.346626,46.355503,48.2802,38.7617,1.0,35.63987087461904,36.0,37.0,38.0,38.0,38.0,0
Loundoungou,BIO_FP_FH__L2A_20260519T043740_20260531T043807_T_G01_M03_C___T033_F003,2026-05-19,44,15,17.041266441345215,2.3591554164886475,40.675086975097656,1.0,8649,0.8804000020027161,33.55406468594635,35.01704,39.776276,40.996605,45.302315,49.09654,39.207756,1.0,36.935823766492476,37.0,38.0,39.0,39.0,39.0,0
Loundoungou,BIO_FP_FH__L2A_20260519T043740_20260531T043807_T_G01_M03_C___T033_F003,2026-05-19,44,16,17.042099952697754,2.3591554164886475,40.169288635253906,0.9395679831573737,8190,1.1239999532699585,30.79269089010471,34.16359,40.16714,41.330154,43.74977,48.571117,39.65146,1.0,36.718736863133536,37.0,38.0,39.0,39.0,39.0,0
Loundoungou,BIO_FP_FH__L2A_20260519T043740_20260531T043807_T_G01_M03_C___T033_F003,2026-05-19,44,17,17.042933464050293,2.3591554164886475,38.78848648071289,0.9999652518083738,8649,1.1222000122070312,32.09567957700468,33.50352,42.080643,43.60674,45.940918,48.12949,40.621876,1.0,36.67890309388823,36.42229461669922,38.0,38.0,39.0,39.0,0
Loundoungou,BIO_FP_FH__L2A_20260519T043740_20260531T043807_T_G01_M03_C___T033_F003,2026-05-19,44,18,17.043766975402832,2.3591554164886475,37.25908660888672,1.0,8649,0.9056000113487244,31.5582509538675,33.93901,41.840645,43.298176,45.630486,47.104298,40.508663,1.0,36.70693814915747,38.0,39.0,39.0,39.0,39.0,0
Loundoungou,BIO_FP_FH__L2A_20260519T043740_20260531T043807_T_G01_M03_C___T033_F003,2026-05-19,44,19,17.04460048675537,2.3591554164886475,36.40808868408203,1.000000028227613,8649,0.41760000586509705,29.082928744615053,32.929523,40.173916,41.792885,46.476326,47.744473,38.834373,1.0,36.41003125989378,37.0,38.0,39.0,39.0,39.0,0
Loundoungou,BIO_FP_FH__L2A_20260519T043740_20260531T043807_T_G01_M03_C___T033_F003,2026-05-19,44,20,17.04543399810791,2.3591554164886475,36.21868896484375,0.9999999858861935,8649,0.0812000036239624,29.982342583385815,33.678844,41.342434,44.783493,47.327618,48.71683,40.32149,1.0,38.071157509032695,38.0,39.0,39.0,39.0,39.0,0
Loundoungou,BIO_FP_FH__L2A_20260519T043740_20260531T043807_T_G01_M03_C___T033_F003,2026-05-19,44,21,17.04626750946045,2.3591554164886475,38.34168243408203,1.0,8649,0.6123999953269958,25.96338856009365,28.412819,39.72664,41.642883,44.006134,45.83778,37.47188,1.0,37.17690070508767,37.0,38.0,38.0,38.0,38.0,0
Loundoungou,BIO_FP_FH__L2A_20260519T043740_20260531T043807_T_G01_M03_C___T033_F003,2026-05-19,44,22,17.04710102081299,2.3591554164886475,39.90727996826172,1.0,8649,0.91839998960495,23.00555022618222,21.879314,38.52648,40.550102,44.29721,47.218937,37.31582,1.0,36.89699718648677,37.0,38.0,38.0,38.0,38.0,0
Loundoungou,BIO_FP_FH__L2A_20260519T043740_20260531T043807_T_G01_M03_C___T033_F003,2026-05-19,44,23,17.047934532165527,2.3591554164886475,40.94268035888672,1.0,8649,0.7663999795913696,27.159526661319227,30.015318,41.026936,43.205456,46.410732,47.992058,37.8548,1.0,37.61481419551275,38.0,38.0,38.0,38.0,38.0,0
Loundoungou,BIO_FP_FH__L2A_20260519T043740_20260531T043807_T_G01_M03_C___T033_F003,2026-05-19,44,24,17.048768043518066,2.3591554164886475,43.19588088989258,1.0,8649,1.013800024986267,26.3785526144641,30.232437,40.04379,41.839165,44.548103,46.35194,37.35845,1.0,38.51997863517247,38.0,40.0,40.0,40.0,40.0,0
Loundoungou,BIO_FP_FH__L2A_20260519T043740_20260531T043807_T_G01_M03_C___T033_F003,2026-05-19,44,25,17.049601554870605,2.3591554164886475,42.333282470703125,1.0,8649,1.0149999856948853,32.767987538299224,35.999123,44.447334,45.627487,48.390697,51.581207,42.30888,1.0,37.93739821431485,38.0,39.0,39.0,39.0,39.0,0
Loundoungou,BIO_FP_FH__L2A_20260519T043740_20260531T043807_T_G01_M03_C___T033_F003,2026-05-19,44,26,17.050435066223145,2.3591554164886475,41.50008010864258,1.0,8649,1.0197999477386475,33.21502124523066,34.19953,40.817585,42.148518,43.66437,46.184635,39.27289,1.0,37.49830106509629,38.0,39.0,39.0,39.0,39.0,0
Loundoungou,BIO_FP_FH__L2A_20260519T043740_20260531T043807_T_G01_M03_C___T033_F003,2026-05-19,44,27,17.051268577575684,2.3591554164886475,40.24208068847656,1.0,8649,1.024399995803833,29.699764784946236,33.51708,40.48563,42.34177,45.230232,47.760727,38.440666,1.0,36.803865231838046,37.0,38.0,38.0810661315918,39.0,39.0,0
Loundoungou,BIO_FP_FH__L2A_20260519T043740_20260531T043807_T_G01_M03_C___T033_F003,2026-05-19,44,28,17.052102088928223,2.3591554164886475,38.970481872558594,1.0,8649,1.0285999774932861,33.77227407070181,35.16746,41.635887,43.273655,45.04917,47.485687,40.36314,1.0,36.376217086462084,36.0,37.0,37.479942321777344,38.0,38.0,0
Loundoungou,BIO_FP_FH__L2A_20260519T043740_20260531T043807_T_G01_M03_C___T033_F003,2026-05-19,44,29,17.05293560028076,2.3591554164886475,38.98347091674805,1.0,8649,1.0341999530792236,26.78876983610822,28.627413,39.244762,40.34889,43.083344,47.09628,37.663704,1.0,36.34200522212958,37.0,37.256675720214844,38.0,38.0,38.0,0
Loundoungou,BIO_FP_FH__L2A_20260519T043740_20260531T043807_T_G01_M03_C___T033_F003,2026-05-19,44,30,17.0537691116333,2.3591554164886475,39.43687057495117,1.0,8649,1.0460000038146973,19.00047061076425,17.839693,35.22336,36.616676,38.943882,42.43866,31.472794,1.0,37.087405814423235,37.0,38.0,38.0,38.0,38.0,0
Loundoungou,BIO_FP_FH__L2A_20260519T043740_20260531T043807_T_G01_M03_C___T033_F003,2026-05-19,44,31,17.05460262298584,2.3591554164886475,39.23807144165039,1.0,8649,0.9419999718666077,21.270948050352644,21.892988,34.599022,36.637493,39.060635,40.297955,32.377903,1.0,37.23883762242739,37.0,38.0,38.0,39.0,39.0,0
Loundoungou,BIO_FP_FH__L2A_20260519T043740_20260531T043807_T_G01_M03_C___T033_F003,2026-05-19,44,32,17.05543613433838,2.3591554164886475,38.298072814941406,1.0,8649,0.8402000069618225,23.19714435917447,25.375166,33.51921,35.175873,37.461937,40.506275,32.277878,1.0,35.53557669191584,35.0,36.73997116088867,37.0,37.0,37.0,0
Loundoungou,BIO_FP_FH__L2A_20260519T043740_20260531T043807_T_G01_M03_C___T033_F003,2026-05-19,44,33,17.056269645690918,2.3591554164886475,36.977073669433594,1.0,8649,0.732200026512146,26.54071370245115,28.664791,35.678616,36.417294,38.090977,40.59336,34.904945,1.0,35.26695578155359,35.0,36.0,36.0,36.0,36.0,0
Loundoungou,BIO_FP_FH__L2A_20260519T043740_20260531T043807_T_G01_M03_C___T033_F003,2026-05-19,44,34,17.057103157043457,2.3591554164886475,35.21647262573242,1.0,8649,0.6435999870300293,22.93669878743207,25.31735,34.102264,36.000187,40.732533,42.543163,32.837162,1.0,35.95142038428917,36.0,37.0,38.0,38.0,38.0,0
Loundoungou,BIO_FP_FH__L2A_20260519T043740_20260531T043807_T_G01_M03_C___T033_F003,2026-05-19,44,35,17.057936668395996,2.3591554164886475,35.06287384033203,1.0,8649,0.5307999849319458,23.89749356862065,25.843662,33.96362,35.676212,38.430977,41.68173,32.494316,1.0,34.22484521031146,36.0,38.0,38.0,38.0,38.0,0
Loundoungou,BIO_FP_FH__L2A_20260519T043740_20260531T043807_T_G01_M03_C___T033_F003,2026-05-19,44,36,17.058770179748535,2.3591554164886475,34.38847351074219,1.0,8649,0.4099999964237213,25.692648716614638,28.005617,35.830086,37.019283,40.658855,43.335495,35.034317,1.0,35.604127228942296,36.0,37.0,37.0,37.0,37.0,0
Loundoungou,BIO_FP_FH__L2A_20260519T043740_20260531T043807_T_G01_M03_C___T033_F003,2026-05-19,44,37,17.059603691101074,2.3591554164886475,34.130672454833984,1.0,8649,0.28940001130104065,31.181558200369984,33.63054,40.157276,41.266106,43.388023,45.275932,38.78815,1.0,35.66223193003354,36.0,36.0,36.0,36.98839569091797,37.0,0
Loundoungou,BIO_FP_FH__L2A_20260519T043740_20260531T043807_T_G01_M03_C___T033_F003,2026-05-19,44,38,17.060437202453613,2.3591554164886475,32.63607406616211,1.0,8649,0.16859999299049377,29.17904707191583,30.301516,39.540817,41.74855,44.00346,45.73268,38.53269,1.0,33.61282864690916,33.756614685058594,35.0,36.0,36.0,36.0,0
Loundoungou,BIO_FP_FH__L2A_20260519T043740_20260531T043807_T_G01_M03_C___T033_F003,2026-05-19,44,39,17.061270713806152,2.3591554164886475,29.97207260131836,1.0,8649,0.04800000041723251,27.904049601109953,29.690779,37.776382,39.14825,40.849056,42.045845,37.268555,1.0,31.350775165714435,31.0,32.0,32.0,32.0,32.0,0
Loundoungou,BIO_FP_FH__L2A_20260519T043740_20260531T043807_T_G01_M03_C___T033_F003,2026-05-19,44,40,17.06210422515869,2.3591554164886475,27.581071853637695,1.0,8649,0.0,24.106096983755346,26.21316,33.858852,35.246494,37.49818,41.723663,33.235485,1.0,30.23941608781359,30.0,31.0,31.0,32.0,32.0,0
Loundoungou,BIO_FP_FH__L2A_20260519T043740_20260531T043807_T_G01_M03_C___T033_F003,2026-05-19,44,41,17.06293773651123,2.3591554164886475,29.479272842407227,1.0,8649,0.0,18.12754725979882,18.164986,24.897863,26.685856,28.992632,32.440273,24.338108,1.0,29.34785017987623,29.0,31.0,32.0,33.0,33.0,0
Loundoungou,BIO_FP_FH__L2A_20260519T043740_20260531T043807_T_G01_M03_C___T033_F003,2026-05-19,44,42,17.06377124786377,2.3591554164886475,32.110870361328125,1.0,8649,0.0,32.70717080731877,32.93997,41.38569,43.27223,46.42666,49.845932,40.821503,1.0,33.89389963598799,34.0,35.0,36.0,36.0,36.0,0
Loundoungou,BIO_FP_FH__L2A_20260519T043740_20260531T043807_T_G01_M03_C___T033_F003,2026-05-19,44,43,17.06460475921631,2.3591554164886475,31.964672088623047,1.0,8649,0.0,35.24826930859059,36.942867,42.88697,43.89861,45.66162,49.25766,42.196877,1.0,35.45372030359842,35.0,36.0,36.0,37.0,37.0,0
Loundoungou,BIO_FP_FH__L2A_20260519T043740_20260531T043807_T_G01_M03_C___T033_F003,2026-05-19,44,44,17.065438270568848,2.3591554164886475,31.250072479248047,1.0,8649,0.018200000748038292,30.064822342178285,32.92134,41.107235,42.43409,43.691402,45.07749,40.01953,1.0,36.59905577020185,37.0,37.0,37.0,37.0,37.0,0
Loundoungou,BIO_FP_FH__L2A_20260519T043740_20260531T043807_T_G01_M03_C___T033_F003,2026-05-19,44,45,17.066271781921387,2.3591554164886475,35.50892639160156,1.0,8649,0.5573999881744385,32.62737924904613,34.482113,41.47759,43.13804,44.799633,46.434765,40.621185,1.0,36.97957227100236,37.0,37.0,37.021549224853516,38.0,38.0,0
Loundoungou,BIO_FP_FH__L2A_20260519T043740_20260531T043807_T_G01_M03_C___T033_F003,2026-05-19,44,46,17.067105293273926,2.3591554164886475,40.37092971801758,1.0,8649,0.739799976348877,31.4886077870274,33.447933,43.68257,45.02613,46.70398,47.99372,42.615215,1.0,36.54094366575751,37.0,37.0,38.0,38.0,38.0,0
Loundoungou,BIO_FP_FH__L2A_20260519T043740_20260531T043807_T_G01_M03_C___T033_F003,2026-05-19,44,47,17.067938804626465,2.3591554164886475,40.5847282409668,1.0,8649,0.8622000217437744,26.776570990865995,27.01947,39.20583,40.71781,44.15028,46.133724,36.830128,1.0,36.68207558517112,37.0,38.0,38.0,38.0,38.0,0
Loundoungou,BIO_FP_FH__L2A_20260519T043740_20260531T043807_T_G01_M03_C___T033_F003,2026-05-19,44,48,17.068772315979004,2.3591554164886475,40.73192596435547,0.9922649001148977,8588,0.9829999804496765,33.24885038744858,34.688576,42.15618,43.693157,45.248806,46.24689,41.18935,1.0,36.10920058863606,36.0,37.0,37.0,37.0,37.0,0
Loundoungou,BIO_FP_FH__L2A_20260519T043740_20260531T043807_T_G01_M03_C___T033_F003,2026-05-19,45,6,17.033764839172363,2.3583219051361084,37.99028778076172,0.9056646510457315,7846,0.7662000060081482,26.295645544648497,30.419998,37.73803,40.869198,45.443813,47.366776,36.844822,1.0,34.809312231844736,35.0,37.0,37.0,37.0,37.0,0
Loundoungou,BIO_FP_FH__L2A_20260519T043740_20260531T043807_T_G01_M03_C___T033_F003,2026-05-19,45,7,17.034598350524902,2.3583219051361084,39.1956901550293,1.0000000352845162,8649,0.15459999442100525,32.0730640122286,33.694828,43.128242,45.24179,48.76982,50.332012,41.059017,1.0,36.60418080429022,37.0,37.0,37.0,38.0,38.0,0
Loundoungou,BIO_FP_FH__L2A_20260519T043740_20260531T043807_T_G01_M03_C___T033_F003,2026-05-19,45,8,17.03543186187744,2.3583219051361084,39.17768859863281,0.999999971772387,8649,0.0,30.680675203393367,34.16185,42.170357,43.85748,46.41203,47.88456,39.707558,1.0,37.78616310513933,38.0,38.72010803222656,39.0,39.0,39.0,0
Loundoungou,BIO_FP_FH__L2A_20260519T043740_20260531T043807_T_G01_M03_C___T033_F003,2026-05-19,45,9,17.03626537322998,2.3583219051361084,38.095088958740234,1.0,8649,0.01899999938905239,20.839294327740202,22.179342,36.234337,41.25545,45.674026,48.753525,32.61062,1.0,37.91166653403217,38.0,38.0,39.0,40.0,40.0,0
Loundoungou,BIO_FP_FH__L2A_20260519T043740_20260531T043807_T_G01_M03_C___T033_F003,2026-05-19,45,10,17.03709888458252,2.3583219051361084,38.675289154052734,1.0,8649,0.41679999232292175,26.836885947797434,28.785187,38.843,41.395893,44.7551,48.399536,36.242928,1.0,38.66352290094953,38.68722915649414,40.0,40.0,40.0,40.0,0
Loundoungou,BIO_FP_FH__L2A_20260519T043740_20260531T043807_T_G01_M03_C___T033_F003,2026-05-19,45,11,17.03793239593506,2.3583219051361084,39.156490325927734,1.0,8649,0.32420000433921814,30.69572213912013,32.37557,43.435516,45.4268,47.686665,48.921394,41.280727,1.0,38.04050161736813,38.0,39.0,39.0,40.0,40.0,0
Loundoungou,BIO_FP_FH__L2A_20260519T043740_20260531T043807_T_G01_M03_C___T033_F003,2026-05-19,45,12,17.038765907287598,2.3583219051361084,38.87548828125,1.0,8649,0.0,29.43947277141866,31.41259,39.884026,41.96303,44.57958,47.09251,38.206333,1.0,37.647844731153015,38.0,38.0,38.0,39.0,39.0,0
Loundoungou,BIO_FP_FH__L2A_20260519T043740_20260531T043807_T_G01_M03_C___T033_F003,2026-05-19,45,13,17.039599418640137,2.3583219051361084,38.110687255859375,1.0,8649,0.0,29.464972919557173,32.213337,43.060547,45.000618,47.80127,55.793873,40.995552,1.0,36.93670513247021,37.0,38.0,38.0,38.0,38.0,0
Loundoungou,BIO_FP_FH__L2A_20260519T043740_20260531T043807_T_G01_M03_C___T033_F003,2026-05-19,45,14,17.040432929992676,2.3583219051361084,38.07388687133789,1.0,8649,0.1656000018119812,19.12917994493583,20.931108,37.074135,40.32382,44.6241,58.195744,34.04808,1.0,34.83586633201279,35.0,36.0,36.44524002075195,37.0,37.0,0
Loundoungou,BIO_FP_FH__L2A_20260519T043740_20260531T043807_T_G01_M03_C___T033_F003,2026-05-19,45,15,17.041266441345215,2.3583219051361084,39.54168701171875,1.0,8649,0.7427999973297119,27.04832883498092,28.73644,38.49836,39.70838,42.265564,44.679398,36.99801,1.0,35.91291700052876,36.0,37.0,38.0,38.0,39.0,0
Loundoungou,BIO_FP_FH__L2A_20260519T043740_20260531T043807_T_G01_M03_C___T033_F003,2026-05-19,45,16,17.042099952697754,2.3583219051361084,40.09908676147461,1.0,8649,1.1344000101089478,27.579511991993293,29.819042,38.78613,39.93557,41.54008,42.788734,37.604733,1.0,38.25383893464091,38.0,39.0,39.0,40.0,40.0,0
Loundoungou,BIO_FP_FH__L2A_20260519T043740_20260531T043807_T_G01_M03_C___T033_F003,2026-05-19,45,17,17.042933464050293,2.3583219051361084,38.94208908081055,1.0,8649,1.1283999681472778,28.864863802896288,31.623274,40.544304,42.6797,44.48727,46.83604,39.260338,1.0,38.31898943825752,38.0,39.0,39.0,39.0,39.0,0
Loundoungou,BIO_FP_FH__L2A_20260519T043740_20260531T043807_T_G01_M03_C___T033_F003,2026-05-19,45,18,17.043766975402832,2.3583219051361084,37.67308807373047,1.0,8649,0.7832000255584717,28.218068472511273,29.501509,39.132328,40.836826,42.23836,44.27108,37.634396,1.0,38.970931895248654,39.0,40.0,40.0,40.0,40.0,0
Loundoungou,BIO_FP_FH__L2A_20260519T043740_20260531T043807_T_G01_M03_C___T033_F003,2026-05-19,45,19,17.04460048675537,2.3583219051361084,36.6160888671875,0.999999943544774,8649,0.18039999902248383,27.141644984565424,28.5743,39.94079,42.265198,44.986565,46.1201,37.401325,1.0,38.31501244059711,38.0,39.0,39.0,40.0,40.0,0
Loundoungou,BIO_FP_FH__L2A_20260519T043740_20260531T043807_T_G01_M03_C___T033_F003,2026-05-19,45,20,17.04543399810791,2.3583219051361084,35.6342887878418,1.0,8649,0.0,28.039415232252285,30.173885,38.258083,39.9457,43.54586,47.360706,37.073715,1.0,38.129410797412,38.0,39.0,39.0,39.0,39.0,0
Loundoungou,BIO_FP_FH__L2A_20260519T043740_20260531T043807_T_G01_M03_C___T033_F003,2026-05-19,45,21,17.04626750946045,2.3583219051361084,37.30668258666992,1.0,8649,0.49000000953674316,27.39650131156781,28.587013,42.192093,44.263187,47.612186,52.245724,38.285492,1.0,37.361560009989326,37.0,39.0,39.0,39.0,39.0,0
Loundoungou,BIO_FP_FH__L2A_20260519T043740_20260531T043807_T_G01_M03_C___T033_F003,2026-05-19,45,22,17.04710102081299,2.3583219051361084,38.233680725097656,1.0,8649,0.3846000134944916,26.504557065845763,28.00428,39.783646,41.011814,43.308323,45.05376,37.66512,1.0,36.473976508387665,36.4918098449707,37.0,38.0,38.0,38.0,0
Loundoungou,BIO_FP_FH__L2A_20260519T043740_20260531T043807_T_G01_M03_C___T033_F003,2026-05-19,45,23,17.047934532165527,2.3583219051361084,39.80988311767578,0.9959057540972945,8629,0.41200000047683716,26.831063516439038,28.099276,42.90616,45.79917,48.13185,49.365932,40.28422,1.0,36.61980900371374,37.0,38.0,38.0,38.0,38.0,0
Loundoungou,BIO_FP_FH__L2A_20260519T043740_20260531T043807_T_G01_M03_C___T033_F003,2026-05-19,45,24,17.048768043518066,2.3583219051361084,42.99428176879883,1.0,8649,0.925599992275238,21.450866339316683,21.857313,38.49863,42.189278,45.56306,47.588253,35.397636,1.0,33.87352922801021,37.0,39.0,39.0,39.0,39.0,0
Loundoungou,BIO_FP_FH__L2A_20260519T043740_20260531T043807_T_G01_M03_C___T033_F003,2026-05-19,45,25,17.049601554870605,2.3583219051361084,42.867881774902344,1.0,8649,1.0199999809265137,26.44636753526419,32.051113,42.73324,45.722305,49.608936,51.061146,41.65278,1.0,37.30082304759692,38.0,38.0,39.0,39.0,39.0,0
Loundoungou,BIO_FP_FH__L2A_20260519T043740_20260531T043807_T_G01_M03_C___T033_F003,2026-05-19,45,26,17.050435066223145,2.3583219051361084,41.78028106689453,1.0,8649,1.0227999687194824,33.36378212076541,34.32452,43.799534,46.146465,49.379795,51.084988,40.275364,1.0,38.23063203527385,38.0,39.0,39.0,40.0,40.0,0
Loundoungou,BIO_FP_FH__L2A_20260519T043740_20260531T043807_T_G01_M03_C___T033_F003,2026-05-19,45,27,17.051268577575684,2.3583219051361084,40.668479919433594,1.0,8649,1.0216000080108643,27.84457379465834,32.33431,40.373035,41.71893,43.651714,46.313435,39.38133,1.0,37.79827276391506,38.0,38.41879425048827,39.0,39.0,39.0,0
Loundoungou,BIO_FP_FH__L2A_20260519T043740_20260531T043807_T_G01_M03_C___T033_F003,2026-05-19,45,28,17.052102088928223,2.3583219051361084,39.26128005981445,1.0,8649,1.0247999429702759,28.412037338131576,31.126204,40.092888,42.402508,46.93439,50.613388,38.566727,1.0,37.17415708342733,37.0,38.0,38.0,39.0,39.597767,0
Loundoungou,BIO_FP_FH__L2A_20260519T043740_20260531T043807_T_G01_M03_C___T033_F003,2026-05-19,45,29,17.05293560028076,2.3583219051361084,38.003273010253906,1.0,8649,1.0601999759674072,29.68882963348364,31.502705,40.406452,42.235203,44.644325,46.50612,39.552353,1.0,37.1180839044591,37.0,38.0,38.0,38.0,38.0,0
Loundoungou,BIO_FP_FH__L2A_20260519T043740_20260531T043807_T_G01_M03_C___T033_F003,2026-05-19,45,30,17.0537691116333,2.3583219051361084,38.25707244873047,1.0,8649,1.0069999694824219,22.264259235171696,23.788616,35.709114,38.74077,44.796947,47.415245,31.61469,1.0,37.43204251431719,37.0,38.0,38.0,38.0,38.0,0
Loundoungou,BIO_FP_FH__L2A_20260519T043740_20260531T043807_T_G01_M03_C___T033_F003,2026-05-19,45,31,17.05460262298584,2.3583219051361084,37.02687072753906,1.0,8649,0.43779999017715454,21.99796851514626,22.5519,37.130898,40.172775,43.96348,47.048035,34.87125,1.0,37.289054541136295,37.0,38.0,38.0,38.0,38.0,0
Loundoungou,BIO_FP_FH__L2A_20260519T043740_20260531T043807_T_G01_M03_C___T033_F003,2026-05-19,45,32,17.05543613433838,2.3583219051361084,35.92827224731445,1.0,8649,0.313400000333786,17.77336794716152,17.830614,29.35497,31.667377,35.2793,41.611767,27.491589,1.0,35.87771107786886,36.0,37.0,37.0,37.0,37.0,0
Loundoungou,BIO_FP_FH__L2A_20260519T043740_20260531T043807_T_G01_M03_C___T033_F003,2026-05-19,45,33,17.056269645690918,2.3583219051361084,34.39467239379883,1.0,8649,0.19920000433921814,25.49603819805758,26.013653,36.77337,38.648613,42.026768,44.528896,35.302765,1.0,36.021757603298106,36.0,37.0,37.0,37.0,37.597767,0
Loundoungou,BIO_FP_FH__L2A_20260519T043740_20260531T043807_T_G01_M03_C___T033_F003,2026-05-19,45,34,17.057103157043457,2.3583219051361084,33.62007141113281,1.0,8649,0.08959999680519104,22.926514264654873,24.426037,37.298035,38.820244,41.257957,44.75867,36.146053,1.0,37.22948315995651,37.0,39.0,39.0,39.0,39.0,0
Loundoungou,BIO_FP_FH__L2A_20260519T043740_20260531T043807_T_G01_M03_C___T033_F003,2026-05-19,45,35,17.057936668395996,2.3583219051361084,34.1214714050293,1.0,8649,0.030400000512599945,24.065928864608626,25.03876,38.20415,40.048508,45.53499,47.637848,36.2168,1.0,37.661820056080366,37.0,39.0,39.0,39.0,39.0,0
Loundoungou,BIO_FP_FH__L2A_20260519T043740_20260531T043807_T_G01_M03_C___T033_F003,2026-05-19,45,36,17.058770179748535,2.3583219051361084,34.7194709777832,1.0,8649,0.13760000467300415,23.982236024395885,26.463846,38.232754,39.830666,42.052567,44.764412,37.218113,1.0,36.52583303285039,36.0,38.0,38.0,38.0,38.0,0
Loundoungou,BIO_FP_FH__L2A_20260519T043740_20260531T043807_T_G01_M03_C___T033_F003,2026-05-19,45,37,17.059603691101074,2.3583219051361084,34.92647171020508,1.0,8649,0.24719999730587006,24.602943620649786,27.968494,36.891182,38.464294,40.504963,44.467434,35.481377,1.0,36.294074987066814,36.0,37.0,37.0,37.0,37.0,0
Loundoungou,BIO_FP_FH__L2A_20260519T043740_20260531T043807_T_G01_M03_C___T033_F003,2026-05-19,45,38,17.060437202453613,2.3583219051361084,34.36827087402344,1.0,8649,0.22460000216960907,29.20295427939646,30.124208,37.339405,39.48047,41.759792,43.827087,36.285442,1.0,34.36361923552976,35.0,36.0,36.0,36.0,36.0,0
Loundoungou,BIO_FP_FH__L2A_20260519T043740_20260531T043807_T_G01_M03_C___T033_F003,2026-05-19,45,39,17.061270713806152,2.3583219051361084,32.29607391357422,1.0,8649,0.0,31.54969414816742,33.40215,38.66029,39.86856,41.72128,43.566757,38.139347,1.0,31.310997528841845,31.0,33.0,33.0,33.0,33.0,0
Loundoungou,BIO_FP_FH__L2A_20260519T043740_20260531T043807_T_G01_M03_C___T033_F003,2026-05-19,45,40,17.06210422515869,2.3583219051361084,30.085071563720703,1.0,8649,0.0,26.719942334373915,27.503164,34.23318,35.56629,37.69602,39.83568,33.584286,1.0,29.42262550386642,30.0,30.399691009521465,31.0,31.0,31.0,0
Loundoungou,BIO_FP_FH__L2A_20260519T043740_20260531T043807_T_G01_M03_C___T033_F003,2026-05-19,45,41,17.06293773651123,2.3583219051361084,31.087472915649414,0.9999998870895479,8649,0.0,17.108562169913313,17.820707,24.814837,26.553383,30.183949,44.19884,24.208603,1.0,27.45397424537993,27.0,30.0,30.0,31.0,31.0,0
Loundoungou,BIO_FP_FH__L2A_20260519T043740_20260531T043807_T_G01_M03_C___T033_F003,2026-05-19,45,42,17.06377124786377,2.3583219051361084,33.62267303466797,1.000000028227613,8649,0.0,32.22857952586362,33.948563,39.948067,41.776028,44.46913,47.161797,39.101437,1.0,34.372231293253876,35.0,37.0,37.0,37.0,37.0,0
Loundoungou,BIO_FP_FH__L2A_20260519T043740_20260531T043807_T_G01_M03_C___T033_F003,2026-05-19,45,43,17.06460475921631,2.3583219051361084,34.165870666503906,1.0,8649,0.0,34.65644691582842,36.155724,41.59071,42.602345,44.56686,47.43495,41.156372,1.0,36.13833006771607,36.0,37.0,37.0,37.0,37.0,0
Loundoungou,BIO_FP_FH__L2A_20260519T043740_20260531T043807_T_G01_M03_C___T033_F003,2026-05-19,45,44,17.065438270568848,2.3583219051361084,34.11547088623047,1.0,8649,0.0,31.807299796219215,34.16533,40.16435,41.260002,43.293587,44.901176,39.3691,1.0,36.48992631779694,37.0,37.0,37.0,38.0,38.0,0
Loundoungou,BIO_FP_FH__L2A_20260519T043740_20260531T043807_T_G01_M03_C___T033_F003,2026-05-19,45,45,17.066271781921387,2.3583219051361084,37.59132766723633,1.0,8649,0.46239998936653137,32.980788964042084,35.1512,41.677086,42.93627,44.37544,46.502026,41.00642,1.0,36.86927585379073,37.0,38.0,38.0,38.0,38.0,0
Loundoungou,BIO_FP_FH__L2A_20260519T043740_20260531T043807_T_G01_M03_C___T033_F003,2026-05-19,45,46,17.067105293273926,2.3583219051361084,41.08892822265625,1.0,8649,0.9878000020980835,31.400935079199908,34.42224,41.358303,42.57939,44.096054,45.382668,41.067123,1.0,37.4174461325051,37.0,38.0,38.0,38.0,38.0,0
Loundoungou,BIO_FP_FH__L2A_20260519T043740_20260531T043807_T_G01_M03_C___T033_F003,2026-05-19,45,47,17.067938804626465,2.3583219051361084,41.292728424072266,0.9923945777691062,8595,1.0618000030517578,29.806544336481355,32.96303,44.68604,46.989292,48.875786,50.609207,43.987335,1.0,37.068188694091546,37.0,38.0,38.0,38.0,38.0,0
Loundoungou,BIO_FP_FH__L2A_20260519T043740_20260531T043807_T_G01_M03_C___T033_F003,2026-05-19,46,7,17.034598350524902,2.3574883937835693,37.49348831176758,0.9495641289590921,8224,0.0,25.937796933802396,26.190409,41.455284,43.727955,46.61989,48.439503,39.58495,1.0,35.78106661578357,36.0,37.0,38.0,38.0,38.0,0
Loundoungou,BIO_FP_FH__L2A_20260519T043740_20260531T043807_T_G01_M03_C___T033_F003,2026-05-19,46,8,17.03543186187744,2.3574883937835693,39.341888427734375,1.0,8649,0.0,30.44047225474043,34.319996,41.53876,43.566193,45.806038,46.791008,40.69534,1.0,37.51322263871359,37.29627227783203,38.0,38.0,39.0,39.0,0
Loundoungou,BIO_FP_FH__L2A_20260519T043740_20260531T043807_T_G01_M03_C___T033_F003,2026-05-19,46,9,17.03626537322998,2.3574883937835693,39.21468734741211,1.0,8649,0.4318000078201294,27.68613400935079,30.13152,37.595207,39.659286,42.117603,52.88605,36.259426,1.0,37.823175389941184,38.0,38.0,38.0,39.998260498046875,40.0,0
Loundoungou,BIO_FP_FH__L2A_20260519T043740_20260531T043807_T_G01_M03_C___T033_F003,2026-05-19,46,10,17.03709888458252,2.3574883937835693,39.69208908081055,1.0,8649,0.9724000096321106,26.020311235402936,28.082424,37.48303,39.583027,46.457573,49.76263,35.112976,1.0,38.364049246165365,38.0,39.0,40.0,40.0,40.0,0
Loundoungou,BIO_FP_FH__L2A_20260519T043740_20260531T043807_T_G01_M03_C___T033_F003,2026-05-19,46,11,17.03793239593506,2.3574883937835693,39.57788848876953,1.0,8649,0.45840001106262207,25.702448892212974,24.2119,44.253002,46.97091,48.872833,50.981503,41.88712,1.0,37.90896782735577,38.0,39.0,39.0,39.0,39.0,0
Loundoungou,BIO_FP_FH__L2A_20260519T043740_20260531T043807_T_G01_M03_C___T033_F003,2026-05-19,46,12,17.038765907287598,2.3574883937835693,39.233489990234375,1.0,8649,0.08860000222921371,29.16021677000231,31.918524,38.18959,40.944653,43.40982,45.27873,36.962837,1.0,38.092739795036906,38.0,39.0,39.0,39.0,39.0,0
Loundoungou,BIO_FP_FH__L2A_20260519T043740_20260531T043807_T_G01_M03_C___T033_F003,2026-05-19,46,13,17.039599418640137,2.3574883937835693,38.27928924560547,1.0,8649,0.2093999981880188,27.864463196612324,30.428139,38.406754,39.435764,41.11604,64.34231,37.225903,1.0,37.35078715759835,37.0,38.955169677734375,39.0,39.0,39.0,0
Loundoungou,BIO_FP_FH__L2A_20260519T043740_20260531T043807_T_G01_M03_C___T033_F003,2026-05-19,46,14,17.040432929992676,2.3574883937835693,37.8864860534668,1.0,8649,0.02800000086426735,24.637736298994103,27.96213,38.59067,40.221897,42.20625,45.961285,36.40184,1.0,35.13064735916284,35.0,36.0,37.0,38.0,38.0,0
Loundoungou,BIO_FP_FH__L2A_20260519T043740_20260531T043807_T_G01_M03_C___T033_F003,2026-05-19,46,15,17.041266441345215,2.3574883937835693,39.5988883972168,0.9995320990865996,8649,0.6060000061988831,22.728332733874712,26.84163,39.408592,41.676178,45.06202,48.048016,35.55963,1.0,35.96320042393499,36.0,38.0,39.0,39.0,39.0,0
Loundoungou,BIO_FP_FH__L2A_20260519T043740_20260531T043807_T_G01_M03_C___T033_F003,2026-05-19,46,16,17.042099952697754,2.3574883937835693,40.019287109375,1.0,8649,1.1360000371932983,28.00812639105677,30.026304,37.286465,38.97781,41.20218,42.959354,34.799297,1.0,37.829209756735416,38.0,39.0,39.0,40.0,40.0,0
Loundoungou,BIO_FP_FH__L2A_20260519T043740_20260531T043807_T_G01_M03_C___T033_F003,2026-05-19,46,17,17.042933464050293,2.3574883937835693,38.797088623046875,1.000000028227613,8649,1.0180000066757202,30.368683835359064,31.309301,43.99164,47.02541,48.64424,49.200382,42.704887,1.0,38.760811267084904,39.0,39.0,40.0,40.0,40.0,0
Loundoungou,BIO_FP_FH__L2A_20260519T043740_20260531T043807_T_G01_M03_C___T033_F003,2026-05-19,46,18,17.043766975402832,2.3574883937835693,37.27168655395508,0.9999998588619349,8649,0.376800000667572,30.67286390825076,33.317596,41.89031,44.9344,52.707047,54.868446,39.30806,1.0,39.07282451850608,39.0,40.0,40.0,40.0,40.0,0
Loundoungou,BIO_FP_FH__L2A_20260519T043740_20260531T043807_T_G01_M03_C___T033_F003,2026-05-19,46,19,17.04460048675537,2.3574883937835693,36.204288482666016,1.0,8649,0.0,26.358656889524802,26.87726,41.514793,43.799114,45.466293,47.038094,38.35,1.0,37.880022985092516,38.0,39.0,39.0,39.0,39.0,0
Loundoungou,BIO_FP_FH__L2A_20260519T043740_20260531T043807_T_G01_M03_C___T033_F003,2026-05-19,46,20,17.04543399810791,2.3574883937835693,35.25468826293945,1.0,8649,0.0,25.650136124841023,27.955385,43.968956,47.148876,50.136517,51.448494,39.441334,1.0,37.908731744832174,38.0,39.0,40.0,40.0,40.0,0
Loundoungou,BIO_FP_FH__L2A_20260519T043740_20260531T043807_T_G01_M03_C___T033_F003,2026-05-19,46,21,17.04626750946045,2.3574883937835693,35.71028137207031,1.0,8649,0.0,27.051843511533125,30.037401,41.000847,44.451416,47.91127,50.28891,37.583073,1.0,38.28607092037106,38.0,40.0,40.0,40.0,40.0,0
Loundoungou,BIO_FP_FH__L2A_20260519T043740_20260531T043807_T_G01_M03_C___T033_F003,2026-05-19,46,22,17.04710102081299,2.3574883937835693,36.7752799987793,1.0,8649,0.0,21.735177567493352,23.307173,36.871925,39.21232,41.735092,44.099808,34.470764,1.0,37.14974768421721,37.0,38.0,38.0,39.0,39.0,0
Loundoungou,BIO_FP_FH__L2A_20260519T043740_20260531T043807_T_G01_M03_C___T033_F003,2026-05-19,46,23,17.047934532165527,2.3574883937835693,38.83768081665039,1.0,8649,0.2994000017642975,25.78959995375188,28.536163,36.59948,38.349655,40.060173,42.953682,33.40614,1.0,37.21850174916991,37.0,38.0,38.0,38.04932113647461,39.0,0
Loundoungou,BIO_FP_FH__L2A_20260519T043740_20260531T043807_T_G01_M03_C___T033_F003,2026-05-19,46,24,17.048768043518066,2.3574883937835693,41.618682861328125,1.0,8649,0.8112000226974487,19.094749031679964,17.388216,37.28551,45.047604,47.622734,48.591213,33.119587,1.0,37.58729484682483,38.0,38.0,38.0,39.0,39.0,0
Loundoungou,BIO_FP_FH__L2A_20260519T043740_20260531T043807_T_G01_M03_C___T033_F003,2026-05-19,46,25,17.049601554870605,2.3574883937835693,41.95948028564453,1.0,8649,1.0351999998092651,29.417602468493467,32.132538,41.65943,42.94727,46.38094,49.094864,40.55901,1.0,38.531695032577346,38.0,39.0,40.0,40.0,40.0,0
Loundoungou,BIO_FP_FH__L2A_20260519T043740_20260531T043807_T_G01_M03_C___T033_F003,2026-05-19,46,26,17.050435066223145,2.3574883937835693,41.36448287963867,1.0,8649,1.0266000032424927,24.980701345531276,26.588785,37.21766,38.641304,40.945698,44.29622,34.866615,1.0,38.53565295145875,39.0,39.0,39.0,39.0,39.0,0
Loundoungou,BIO_FP_FH__L2A_20260519T043740_20260531T043807_T_G01_M03_C___T033_F003,2026-05-19,46,27,17.051268577575684,2.3574883937835693,40.82548141479492,1.0,8649,1.0152000188827515,26.90698617614753,30.235071,36.04962,37.927475,41.269936,43.810013,34.393322,1.0,38.79952702923088,39.0,39.0,39.0,39.0,39.0,0
Loundoungou,BIO_FP_FH__L2A_20260519T043740_20260531T043807_T_G01_M03_C___T033_F003,2026-05-19,46,28,17.052102088928223,2.3574883937835693,39.00468063354492,1.0,8649,1.0465999841690063,26.10452707682969,28.647064,36.71542,38.18462,45.6014,48.898144,35.53385,1.0,38.85938135121293,39.0,39.0,40.0,40.0,40.0,0
Loundoungou,BIO_FP_FH__L2A_20260519T043740_20260531T043807_T_G01_M03_C___T033_F003,2026-05-19,46,29,17.05293560028076,2.3574883937835693,37.024471282958984,1.0,8649,1.0911999940872192,29.709739745924384,32.96998,40.07541,42.70721,45.073723,46.65257,38.3358,1.0,38.29202294413072,38.0,39.38236999511719,40.0,40.0,40.0,0
Loundoungou,BIO_FP_FH__L2A_20260519T043740_20260531T043807_T_G01_M03_C___T033_F003,2026-05-19,46,30,17.0537691116333,2.3574883937835693,36.13007354736328,1.0,8649,0.6388000249862671,22.647877464157705,23.13726,36.15373,38.189247,40.618534,42.930164,33.459953,1.0,36.34586210423969,36.0,37.0,37.0,37.0,37.0,0
Loundoungou,BIO_FP_FH__L2A_20260519T043740_20260531T043807_T_G01_M03_C___T033_F003,2026-05-19,46,31,17.05460262298584,2.3574883937835693,35.089271545410156,1.0,8649,0.05939999967813492,21.28462195774078,22.326618,33.384163,35.53759,39.853333,42.162968,31.387228,1.0,36.22319764370918,36.0,37.0,37.0,37.0,37.0,0
Loundoungou,BIO_FP_FH__L2A_20260519T043740_20260531T043807_T_G01_M03_C___T033_F003,2026-05-19,46,32,17.05543613433838,2.3574883937835693,34.413272857666016,1.0,8649,0.0,23.103457589027634,24.125961,33.911186,36.822933,41.69419,42.861908,31.760366,1.0,35.74672849860022,36.0,36.0,37.0,37.0,37.0,0
Loundoungou,BIO_FP_FH__L2A_20260519T043740_20260531T043807_T_G01_M03_C___T033_F003,2026-05-19,46,33,17.056269645690918,2.3574883937835693,33.445072174072266,1.0,8649,0.0,28.55700893889467,29.800701,38.62717,39.990326,42.453476,45.179882,37.18233,1.0,36.764891573839456,37.0,38.0,38.0,38.0,38.0,0
Loundoungou,BIO_FP_FH__L2A_20260519T043740_20260531T043807_T_G01_M03_C___T033_F003,2026-05-19,46,34,17.057103157043457,2.3574883937835693,34.072872161865234,1.0,8649,0.2768000066280365,30.73594129379119,33.870384,40.149773,41.514706,43.189556,44.55098,39.29136,1.0,37.24477030850791,37.0,38.0,38.0,38.0,38.0,0
Loundoungou,BIO_FP_FH__L2A_20260519T043740_20260531T043807_T_G01_M03_C___T033_F003,2026-05-19,46,35,17.057936668395996,2.3574883937835693,35.505672454833984,1.0,8649,0.579800009727478,26.77960602381778,30.242678,39.31522,41.266354,44.004955,46.004036,37.684048,1.0,37.73096931334906,38.0,38.0,38.0,39.0,39.0,0
Loundoungou,BIO_FP_FH__L2A_20260519T043740_20260531T043807_T_G01_M03_C___T033_F003,2026-05-19,46,36,17.058770179748535,2.3574883937835693,36.21187210083008,1.0,8649,0.6837999820709229,32.03023741906579,34.254776,40.204987,41.556187,43.57721,46.537655,39.4146,1.0,37.10251841356002,37.0,38.0,38.0,38.0,38.0,0
Loundoungou,BIO_FP_FH__L2A_20260519T043740_20260531T043807_T_G01_M03_C___T033_F003,2026-05-19,46,37,17.059603691101074,2.3574883937835693,36.62307357788086,1.0,8649,0.765999972820282,31.986064140363048,33.37468,39.02243,40.014824,42.05283,44.227478,38.271454,1.0,36.587707074946344,36.3294792175293,37.0,38.0,38.0,38.0,0
Loundoungou,BIO_FP_FH__L2A_20260519T043740_20260531T043807_T_G01_M03_C___T033_F003,2026-05-19,46,38,17.060437202453613,2.3574883937835693,36.51607131958008,1.0,8649,0.800599992275238,26.69192970285582,28.480701,38.3636,40.68947,42.189922,43.555077,37.243244,1.0,34.272190533727425,35.0,37.0,37.0,37.0,37.0,0
Loundoungou,BIO_FP_FH__L2A_20260519T043740_20260531T043807_T_G01_M03_C___T033_F003,2026-05-19,46,39,17.061270713806152,2.3574883937835693,34.477272033691406,1.0,8649,0.5224000215530396,32.50152925916291,33.974937,39.553825,40.816277,42.636974,44.303947,38.61677,1.0,32.42580501897333,33.0,33.0,35.0,35.0,35.0,0
Loundoungou,BIO_FP_FH__L2A_20260519T043740_20260531T043807_T_G01_M03_C___T033_F003,2026-05-19,46,40,17.06210422515869,2.3574883937835693,32.384071350097656,1.000000141138065,8649,0.19179999828338623,26.698669850138778,29.544157,34.609062,35.765564,38.655594,41.21908,33.81134,1.0,31.20331034912293,31.0,32.0,32.0,32.928810119628906,33.0,0
Loundoungou,BIO_FP_FH__L2A_20260519T043740_20260531T043807_T_G01_M03_C___T033_F003,2026-05-19,46,41,17.06293773651123,2.3574883937835693,32.445072174072266,1.0,8649,0.0,19.99992502745982,21.088388,27.200792,29.140497,37.74792,43.56147,26.522518,1.0,28.143568616503856,28.0,30.0,31.0,32.0,32.0,0
Loundoungou,BIO_FP_FH__L2A_20260519T043740_20260531T043807_T_G01_M03_C___T033_F003,2026-05-19,46,42,17.06377124786377,2.3574883937835693,34.65247344970703,0.999999943544774,8649,0.0,30.45260552456195,33.791344,39.39716,40.56548,42.333572,44.354485,38.61603,1.0,33.761006226166366,34.0,36.0,36.0,37.0,37.0,0
Loundoungou,BIO_FP_FH__L2A_20260519T043740_20260531T043807_T_G01_M03_C___T033_F003,2026-05-19,46,43,17.06460475921631,2.3574883937835693,35.006072998046875,1.0,8649,0.0,30.400465371719275,32.945694,40.8368,42.708252,44.651688,45.926765,39.232994,1.0,36.35173335424364,36.0,37.0,37.0,37.0,37.0,0
Loundoungou,BIO_FP_FH__L2A_20260519T043740_20260531T043807_T_G01_M03_C___T033_F003,2026-05-19,46,44,17.065438270568848,2.3574883937835693,35.55827331542969,1.0,8649,0.0,24.88841827812464,26.699146,36.807953,38.1435,41.14904,43.503014,36.121246,1.0,35.16018697068462,36.0,37.0,37.0,37.0,37.0,0
Loundoungou,BIO_FP_FH__L2A_20260519T043740_20260531T043807_T_G01_M03_C___T033_F003,2026-05-19,46,45,17.066271781921387,2.3574883937835693,38.625728607177734,1.0,8649,0.3278000056743622,27.765541897907273,31.725063,37.912445,39.496395,42.467766,45.793938,37.061775,1.0,35.78543069649603,36.0,37.0,37.0,37.0,37.0,0
Loundoungou,BIO_FP_FH__L2A_20260519T043740_20260531T043807_T_G01_M03_C___T033_F003,2026-05-19,46,46,17.067105293273926,2.3574883937835693,40.83012771606445,0.9872277954821367,8552,0.8442000150680542,27.058451244347488,29.298279,41.14721,47.0173,52.215027,54.56461,39.172466,1.0,37.11112731728944,37.0,39.0,39.0,39.0,39.0,0
Loundoungou,BIO_FP_FH__L2A_20260519T043740_20260531T043807_T_G01_M03_C___T033_F003,2026-05-19,47,8,17.03543186187744,2.3566548824310303,39.431888580322266,0.9726829109804963,8446,0.019200000911951065,24.6329544729531,26.062387,36.64462,38.579403,43.80126,45.205513,35.336502,1.0,37.77405891766892,38.0,38.0,38.0,39.0,39.0,0
Loundoungou,BIO_FP_FH__L2A_20260519T043740_20260531T043807_T_G01_M03_C___T033_F003,2026-05-19,47,9,17.03626537322998,2.3566548824310303,39.457889556884766,1.0,8649,0.5546000003814697,24.078587029569892,26.192102,38.33925,40.968784,47.788376,51.902664,36.09457,1.0,37.929755253328146,38.0,39.0,39.0,39.0,39.0,0
Loundoungou,BIO_FP_FH__L2A_20260519T043740_20260531T043807_T_G01_M03_C___T033_F003,2026-05-19,47,10,17.03709888458252,2.3566548824310303,40.345890045166016,1.0,8649,1.1109999418258667,24.946757753786564,28.268616,40.603165,43.208015,45.990437,48.739952,38.66027,1.0,37.729254108754894,37.0,39.0,40.0,40.0,40.0,0
Loundoungou,BIO_FP_FH__L2A_20260519T043740_20260531T043807_T_G01_M03_C___T033_F003,2026-05-19,47,11,17.03793239593506,2.3566548824310303,40.28168869018555,1.0,8649,0.5842000246047974,26.002396863076655,28.830301,41.08836,44.56389,47.36548,48.719852,39.260925,1.0,38.17436662670201,38.0,39.0,40.0,40.0,40.0,0
Loundoungou,BIO_FP_FH__L2A_20260519T043740_20260531T043807_T_G01_M03_C___T033_F003,2026-05-19,47,12,17.038765907287598,2.3566548824310303,39.425086975097656,1.0,8649,0.6498000025749207,28.203104224476817,31.551186,39.705906,41.593723,47.59636,51.01915,37.51118,1.0,38.735414161201376,39.0,39.0,39.0,40.0,40.0,0
Loundoungou,BIO_FP_FH__L2A_20260519T043740_20260531T043807_T_G01_M03_C___T033_F003,2026-05-19,47,13,17.039599418640137,2.3566548824310303,38.64388656616211,1.0,8649,0.6425999999046326,28.79182022488149,31.050049,42.396355,46.3286,49.52819,51.73481,39.204227,1.0,38.806860236270346,39.0,40.0,40.0,40.0,40.0,0
Loundoungou,BIO_FP_FH__L2A_20260519T043740_20260531T043807_T_G01_M03_C___T033_F003,2026-05-19,47,14,17.040432929992676,2.3566548824310303,38.572086334228516,1.0,8649,0.10159999877214432,26.15819341470112,29.521683,38.031136,41.479668,45.09213,49.51944,36.144993,1.0,37.62112772546072,38.0,39.0,39.0,39.0,39.637493,0
Loundoungou,BIO_FP_FH__L2A_20260519T043740_20260531T043807_T_G01_M03_C___T033_F003,2026-05-19,47,15,17.041266441345215,2.3566548824310303,39.26548767089844,1.0,8649,0.45660001039505005,18.97006608422939,19.2526,37.338295,39.702187,43.7022,47.740364,32.460453,1.0,35.53742544972727,35.0,37.0,37.0,38.0,38.0,0
Loundoungou,BIO_FP_FH__L2A_20260519T043740_20260531T043807_T_G01_M03_C___T033_F003,2026-05-19,47,16,17.042099952697754,2.3566548824310303,39.59628677368164,1.000000056455226,8649,1.0089999437332153,29.60549191891472,31.676367,43.128387,45.248802,47.35375,49.29804,40.843864,1.0,37.49073500009696,38.0,38.0,38.63749313354492,39.0,39.27499,0
Loundoungou,BIO_FP_FH__L2A_20260519T043740_20260531T043807_T_G01_M03_C___T033_F003,2026-05-19,47,17,17.042933464050293,2.3566548824310303,38.589088439941406,1.000000028227613,8649,0.7250000238418579,26.288137247167043,26.65843,41.391624,44.331604,46.333336,47.475533,37.747093,1.0,38.607428250029976,39.0,39.31633377075195,40.0,40.0,40.0,0
Loundoungou,BIO_FP_FH__L2A_20260519T043740_20260531T043807_T_G01_M03_C___T033_F003,2026-05-19,47,18,17.043766975402832,2.3566548824310303,37.17048645019531,1.0,8649,0.19259999692440033,29.101677217019308,31.639437,41.135788,43.00786,46.257904,48.1028,38.79188,1.0,38.18905934494676,38.0,39.0,39.0,40.0,40.0,0
Loundoungou,BIO_FP_FH__L2A_20260519T043740_20260531T043807_T_G01_M03_C___T033_F003,2026-05-19,47,19,17.04460048675537,2.3566548824310303,35.78308868408203,1.0,8649,0.0,29.47658101731414,32.89017,43.69272,46.139267,48.075703,49.075024,41.28558,1.0,38.88226076351699,39.0,40.0,40.0,41.0,41.0,0
Loundoungou,BIO_FP_FH__L2A_20260519T043740_20260531T043807_T_G01_M03_C___T033_F003,2026-05-19,47,20,17.04543399810791,2.3566548824310303,34.781288146972656,1.0,8649,0.0,24.254368279569892,25.727823,38.53076,42.953724,45.674137,47.939926,34.296543,1.0,37.83958299036784,38.0,39.0,40.0,40.0,40.0,0
Loundoungou,BIO_FP_FH__L2A_20260519T043740_20260531T043807_T_G01_M03_C___T033_F003,2026-05-19,47,21,17.04626750946045,2.3566548824310303,34.762882232666016,1.0,8649,0.0,27.564620909931783,29.919222,38.950233,40.76453,43.94213,47.418938,37.923256,1.0,37.974589314870386,38.0,39.0,39.0,39.0,39.0,0
Loundoungou,BIO_FP_FH__L2A_20260519T043740_20260531T043807_T_G01_M03_C___T033_F003,2026-05-19,47,22,17.04710102081299,2.3566548824310303,35.67808151245117,1.0,8649,0.0,27.493128269886693,30.936462,39.51201,41.740776,44.490738,46.3804,37.55299,1.0,38.11474263763163,38.0,39.0,39.0,39.0,39.637493,0
Loundoungou,BIO_FP_FH__L2A_20260519T043740_20260531T043807_T_G01_M03_C___T033_F003,2026-05-19,47,23,17.047934532165527,2.3566548824310303,37.21548080444336,1.0,8649,0.17800000309944153,24.70570116487455,27.161854,37.95907,40.264206,44.424595,46.871727,34.95445,1.0,38.65259202597031,39.0,40.0,40.0,41.0,41.0,0
Loundoungou,BIO_FP_FH__L2A_20260519T043740_20260531T043807_T_G01_M03_C___T033_F003,2026-05-19,47,24,17.048768043518066,2.3566548824310303,39.67668151855469,1.0,8649,0.694599986076355,23.482321836339462,23.589258,40.63943,45.093178,51.59045,53.97599,36.12404,1.0,40.029526406071035,40.0,41.0,41.0,41.0,41.0,0
Loundoungou,BIO_FP_FH__L2A_20260519T043740_20260531T043807_T_G01_M03_C___T033_F003,2026-05-19,47,25,17.049601554870605,2.3566548824310303,41.143882751464844,1.0,8649,1.0470000505447388,29.501706302751764,31.558094,41.15908,43.699036,45.755184,49.55653,39.024334,1.0,39.853100731574344,40.0,41.0,41.0,41.0,41.0,0
Loundoungou,BIO_FP_FH__L2A_20260519T043740_20260531T043807_T_G01_M03_C___T033_F003,2026-05-19,47,26,17.050435066223145,2.3566548824310303,40.785282135009766,1.0,8649,0.9643999934196472,29.225728769221874,30.21003,41.638664,43.254467,46.575607,48.294342,40.091976,1.0,39.182569628823686,39.0,40.0,40.0,41.0,41.0,0
Loundoungou,BIO_FP_FH__L2A_20260519T043740_20260531T043807_T_G01_M03_C___T033_F003,2026-05-19,47,27,17.051268577575684,2.3566548824310303,40.058082580566406,1.0,8649,0.8452000021934509,22.86619027488727,23.10736,36.703903,39.076538,43.685173,49.446194,33.643307,1.0,38.89146455051803,39.0,39.0,39.0,40.0,41.0,0
Loundoungou,BIO_FP_FH__L2A_20260519T043740_20260531T043807_T_G01_M03_C___T033_F003,2026-05-19,47,28,17.052102088928223,2.3566548824310303,37.59068298339844,1.0,8649,0.7757999897003174,31.877832697421667,34.625748,43.717796,45.43576,47.595127,49.83011,41.9736,1.0,39.20953223768418,39.0,40.0,40.0,40.0,40.637493,0
Loundoungou,BIO_FP_FH__L2A_20260519T043740_20260531T043807_T_G01_M03_C___T033_F003,2026-05-19,47,29,17.05293560028076,2.3566548824310303,35.9328727722168,1.0,8649,0.6827999949455261,26.441104101630245,27.9354,38.304756,39.627712,41.109642,42.92471,37.555973,1.0,38.42339536437741,38.98344802856445,39.0,39.0,39.0,40.637493,0
Loundoungou,BIO_FP_FH__L2A_20260519T043740_20260531T043807_T_G01_M03_C___T033_F003,2026-05-19,47,30,17.0537691116333,2.3566548824310303,34.95307159423828,1.0,8649,0.22059999406337738,23.553263021736615,25.334381,37.056793,38.857613,41.060867,42.645008,35.783745,1.0,36.620510560899184,36.0,38.0,39.0,39.0,39.0,0
Loundoungou,BIO_FP_FH__L2A_20260519T043740_20260531T043807_T_G01_M03_C___T033_F003,2026-05-19,47,31,17.05460262298584,2.3566548824310303,35.057071685791016,1.0,8649,0.0,23.67422353740317,25.38849,33.769287,35.72148,40.51901,43.98575,31.982016,1.0,36.08701473936922,36.0,37.0,37.0,37.0,37.0,0
Loundoungou,BIO_FP_FH__L2A_20260519T043740_20260531T043807_T_G01_M03_C___T033_F003,2026-05-19,47,32,17.05543613433838,2.3566548824310303,34.826271057128906,1.0,8649,0.0,24.10862708116545,25.301157,34.492947,35.934925,37.60986,39.846924,32.744656,1.0,35.798196985564736,36.0,36.0,36.0,36.0,36.637493,0
Loundoungou,BIO_FP_FH__L2A_20260519T043740_20260531T043807_T_G01_M03_C___T033_F003,2026-05-19,47,33,17.056269645690918,2.3566548824310303,33.565673828125,1.0,8649,0.0,29.196601485720894,30.748371,37.877857,39.282654,41.28222,43.160305,36.96817,1.0,36.414376348274295,36.0,37.0,37.0,37.0,37.27499,0
Loundoungou,BIO_FP_FH__L2A_20260519T043740_20260531T043807_T_G01_M03_C___T033_F003,2026-05-19,47,34,17.057103157043457,2.3566548824310303,33.598670959472656,1.0,8649,0.188400000333786,25.540318967510697,27.81297,37.82231,40.06193,42.331978,44.86887,35.177464,1.0,36.642517373884104,37.0,38.0,38.0,38.0,38.0,0
Loundoungou,BIO_FP_FH__L2A_20260519T043740_20260531T043807_T_G01_M03_C___T033_F003,2026-05-19,47,35,17.057936668395996,2.3566548824310303,35.75067138671875,1.0,8649,0.7203999757766724,24.22420402647705,27.157963,35.625004,37.72362,42.504665,45.69079,34.51274,1.0,36.597291199040974,37.0,38.0,38.0,38.0,38.0,0
Loundoungou,BIO_FP_FH__L2A_20260519T043740_20260531T043807_T_G01_M03_C___T033_F003,2026-05-19,47,36,17.058770179748535,2.3566548824310303,37.17287063598633,1.0,8649,1.0989999771118164,29.923510846629668,31.823675,39.93365,42.57633,45.991528,48.335285,38.89326,1.0,37.19206966241807,37.0,38.0,38.0,38.0,38.0,0
Loundoungou,BIO_FP_FH__L2A_20260519T043740_20260531T043807_T_G01_M03_C___T033_F003,2026-05-19,47,37,17.059603691101074,2.3566548824310303,37.12267303466797,1.0,8649,1.0618000030517578,32.27584926725633,34.445618,40.290497,41.388145,43.166813,45.94266,39.25573,1.0,37.447183714200754,37.064491271972656,38.0,38.0,38.0,38.0,0
Loundoungou,BIO_FP_FH__L2A_20260519T043740_20260531T043807_T_G01_M03_C___T033_F003,2026-05-19,47,38,17.060437202453613,2.3566548824310303,37.09787368774414,1.0,8649,1.024399995803833,32.92719985691988,34.457134,39.95527,41.13916,42.83174,44.54479,39.0859,1.0,34.191247671239566,36.0,37.0,37.0,38.0,38.0,0
Loundoungou,BIO_FP_FH__L2A_20260519T043740_20260531T043807_T_G01_M03_C___T033_F003,2026-05-19,47,39,17.061270713806152,2.3566548824310303,35.88587188720703,1.000000028227613,8649,0.6575999855995178,32.52405533120093,34.272194,38.857506,39.57358,40.624348,41.922195,38.394314,1.0,33.97432786498487,34.0,35.0,35.0,35.0,35.0,0
Loundoungou,BIO_FP_FH__L2A_20260519T043740_20260531T043807_T_G01_M03_C___T033_F003,2026-05-19,47,40,17.06210422515869,2.3566548824310303,34.024070739746094,0.999999943544774,8649,0.2782000005245209,27.427518457896056,30.076859,35.812256,37.219215,38.919758,41.153183,34.92611,1.0,31.93479227217543,32.0,33.0,34.0,34.0,34.0,0
Loundoungou,BIO_FP_FH__L2A_20260519T043740_20260531T043807_T_G01_M03_C___T033_F003,2026-05-19,47,41,17.06293773651123,2.3566548824310303,33.089473724365234,1.0,8649,0.0,13.284876683720661,11.800434,25.200022,29.274502,32.614902,34.596073,22.942389,1.0,29.425851304319664,30.767309188842773,32.0,32.0,32.0,32.637493,0
Loundoungou,BIO_FP_FH__L2A_20260519T043740_20260531T043807_T_G01_M03_C___T033_F003,2026-05-19,47,42,17.06377124786377,2.3566548824310303,34.73827362060547,1.000000028227613,8649,0.0,28.776782450216018,32.49814,39.89489,41.141174,43.40087,45.142773,39.08608,1.0,33.471837200226986,33.02482223510742,36.0,36.0,36.0,36.0,0
Loundoungou,BIO_FP_FH__L2A_20260519T043740_20260531T043807_T_G01_M03_C___T033_F003,2026-05-19,47,43,17.06460475921631,2.3566548824310303,35.63167190551758,1.000000084682839,8649,0.0,32.564451948096085,34.663574,42.04329,43.7484,45.980118,47.70929,41.39797,1.0,36.66585869446754,37.0,37.46846389770508,38.0,38.0,38.0,0
Loundoungou,BIO_FP_FH__L2A_20260519T043740_20260531T043807_T_G01_M03_C___T033_F003,2026-05-19,47,44,17.065438270568848,2.3566548824310303,37.20587158203125,0.999999943544774,8649,0.0,20.5355282072625,19.375637,35.375706,39.181324,43.184296,46.020664,33.820927,1.0,31.186756060376776,34.0,37.0,37.0,38.0,38.0,0
Loundoungou,BIO_FP_FH__L2A_20260519T043740_20260531T043807_T_G01_M03_C___T033_F003,2026-05-19,47,45,17.066271781921387,2.3566548824310303,38.66252899169922,0.9300162105536045,8064,0.18880000710487366,28.76847663114592,30.874002,37.55501,39.791386,41.951965,43.54379,36.19481,1.0,33.416728706990575,36.0,37.0,37.0,38.0,38.0,0
Loundoungou,BIO_FP_FH__L2A_20260519T043740_20260531T043807_T_G01_M03_C___T033_F003,2026-05-19,48,9,17.03626537322998,2.355821371078491,39.143489837646484,0.920528486403775,7989,0.4081999957561493,29.862323549147124,30.908892,40.307804,41.51311,42.830738,43.97812,39.124886,1.0,37.8744160774223,38.0,39.0,39.0,39.0,39.0,0
Loundoungou,BIO_FP_FH__L2A_20260519T043740_20260531T043807_T_G01_M03_C___T033_F003,2026-05-19,48,10,17.03709888458252,2.355821371078491,40.69248962402344,1.0,8649,0.9810000061988831,26.970072407214708,29.45026,42.562244,44.970375,48.990948,50.622444,40.504196,1.0,39.12898633438447,39.0,40.0,40.0,40.0,40.0,0
Loundoungou,BIO_FP_FH__L2A_20260519T043740_20260531T043807_T_G01_M03_C___T033_F003,2026-05-19,48,11,17.03793239593506,2.355821371078491,40.544288635253906,1.0,8649,1.083400011062622,38.214165384003934,41.252934,48.57419,51.030025,53.769897,54.89164,47.58246,1.0,38.83347699071289,39.0,39.0,39.0,40.0,40.0,0
Loundoungou,BIO_FP_FH__L2A_20260519T043740_20260531T043807_T_G01_M03_C___T033_F003,2026-05-19,48,12,17.038765907287598,2.355821371078491,39.552490234375,1.0,8649,1.1335999965667725,29.77623542100243,33.607525,43.87071,46.104134,48.30959,52.188023,42.258244,1.0,38.22525769093779,38.0,39.0,39.0,40.0,40.0,0
Loundoungou,BIO_FP_FH__L2A_20260519T043740_20260531T043807_T_G01_M03_C___T033_F003,2026-05-19,48,13,17.039599418640137,2.355821371078491,39.072288513183594,1.0,8649,0.7609999775886536,27.140046898485373,30.000147,41.430714,44.01398,49.43558,52.787827,39.208103,1.0,39.03679232289163,39.0,40.0,40.0,41.0,41.0,0
Loundoungou,BIO_FP_FH__L2A_20260519T043740_20260531T043807_T_G01_M03_C___T033_F003,2026-05-19,48,14,17.040432929992676,2.355821371078491,38.78928756713867,1.0,8649,0.21400000154972076,29.922383548676148,33.12226,39.79505,41.814266,45.418625,48.94714,38.64367,1.0,39.56214836156772,40.0,41.0,41.0,41.0,41.0,0
Loundoungou,BIO_FP_FH__L2A_20260519T043740_20260531T043807_T_G01_M03_C___T033_F003,2026-05-19,48,15,17.041266441345215,2.355821371078491,39.0718879699707,1.0,8649,0.3370000123977661,17.176312380766564,16.719797,35.740337,38.401226,40.750336,42.518642,33.104057,1.0,37.47934406971653,37.0,38.0,39.0,39.0,39.0,0
Loundoungou,BIO_FP_FH__L2A_20260519T043740_20260531T043807_T_G01_M03_C___T033_F003,2026-05-19,48,16,17.042099952697754,2.355821371078491,39.546287536621094,0.9999999153171609,8649,0.896399974822998,25.656967573329204,29.27474,38.75154,41.378742,43.133053,46.50637,36.99299,1.0,38.32735189684196,38.0,40.0,40.0,41.0,41.0,0
Loundoungou,BIO_FP_FH__L2A_20260519T043740_20260531T043807_T_G01_M03_C___T033_F003,2026-05-19,48,17,17.042933464050293,2.355821371078491,38.847286224365234,1.0,8649,0.8238000273704529,26.291222251127298,30.57117,39.780148,41.612404,45.56318,49.67171,38.70267,1.0,38.435630057365,39.0,40.0,40.0,41.0,41.0,0
Loundoungou,BIO_FP_FH__L2A_20260519T043740_20260531T043807_T_G01_M03_C___T033_F003,2026-05-19,48,18,17.043766975402832,2.355821371078491,37.35548782348633,1.0,8649,0.29980000853538513,27.476196670135277,29.665297,39.906914,41.169693,43.78864,46.688374,38.906666,1.0,37.06486025450891,38.0,38.0,39.0,40.0,40.0,0
Loundoungou,BIO_FP_FH__L2A_20260519T043740_20260531T043807_T_G01_M03_C___T033_F003,2026-05-19,48,19,17.04460048675537,2.355821371078491,35.95828628540039,1.0,8649,0.0,30.37125092134929,33.824066,42.38168,44.03583,46.539085,48.26647,40.7232,1.0,38.020651618956634,38.0,39.958534240722656,40.0,41.0,41.0,0
Loundoungou,BIO_FP_FH__L2A_20260519T043740_20260531T043807_T_G01_M03_C___T033_F003,2026-05-19,48,20,17.04543399810791,2.355821371078491,34.588687896728516,1.0,8649,0.0,25.621671399872817,29.077166,36.367355,37.658447,40.516865,42.582813,34.481674,1.0,37.24046324492741,37.0,38.0,38.0,38.0,39.0,0
Loundoungou,BIO_FP_FH__L2A_20260519T043740_20260531T043807_T_G01_M03_C___T033_F003,2026-05-19,48,21,17.04626750946045,2.355821371078491,33.746681213378906,1.0,8649,0.0,22.42623831151,24.01801,35.793262,37.445282,41.186035,44.455105,33.870712,1.0,37.22719089650518,37.0,38.0,38.0,38.0,38.0,0
Loundoungou,BIO_FP_FH__L2A_20260519T043740_20260531T043807_T_G01_M03_C___T033_F003,2026-05-19,48,22,17.04710102081299,2.355821371078491,34.52028274536133,1.0,8649,0.0,19.547469360619726,19.418087,38.184383,39.30701,41.072807,43.896782,36.351086,1.0,37.8525977503538,38.0,39.0,39.0,40.0,40.0,0
Loundoungou,BIO_FP_FH__L2A_20260519T043740_20260531T043807_T_G01_M03_C___T033_F003,2026-05-19,48,23,17.047934532165527,2.355821371078491,35.483680725097656,1.0,8649,0.058400001376867294,23.353429587235517,25.864782,37.868553,39.89511,43.061947,44.91898,36.413013,1.0,37.86044003577822,38.0,40.0,40.0,40.0,40.0,0
Loundoungou,BIO_FP_FH__L2A_20260519T043740_20260531T043807_T_G01_M03_C___T033_F003,2026-05-19,48,24,17.048768043518066,2.355821371078491,37.935482025146484,1.0,8649,0.5753999948501587,22.445386569256563,23.233107,37.906376,40.310516,45.609943,49.38822,35.95166,1.0,38.352047857486774,38.0,40.0,40.0,40.0,40.0,0
Loundoungou,BIO_FP_FH__L2A_20260519T043740_20260531T043807_T_G01_M03_C___T033_F003,2026-05-19,48,25,17.049601554870605,2.355821371078491,38.45487976074219,1.0,8649,0.5802000164985657,31.355020269684356,33.74775,40.519356,42.3896,45.658234,47.218075,39.251053,1.0,39.220327444139386,39.0,40.0,41.0,41.0,41.0,0
Loundoungou,BIO_FP_FH__L2A_20260519T043740_20260531T043807_T_G01_M03_C___T033_F003,2026-05-19,48,26,17.050435066223145,2.355821371078491,37.848079681396484,1.0,8649,0.44999998807907104,27.483543979072724,30.754107,38.663937,42.26205,47.190605,49.42879,36.011147,1.0,38.55004917788277,38.041465759277344,40.0,40.0,40.0,40.0,0
Loundoungou,BIO_FP_FH__L2A_20260519T043740_20260531T043807_T_G01_M03_C___T033_F003,2026-05-19,48,27,17.051268577575684,2.355821371078491,37.3356819152832,1.0,8649,0.34279999136924744,25.677875513065093,27.795576,38.57791,41.31954,44.09657,45.91505,36.594326,1.0,37.86025004762351,38.0,39.0,39.0,39.0,39.0,0
Loundoungou,BIO_FP_FH__L2A_20260519T043740_20260531T043807_T_G01_M03_C___T033_F003,2026-05-19,48,28,17.052102088928223,2.355821371078491,35.58528137207031,1.0,8649,0.25619998574256897,26.457586317782404,27.68983,38.28412,40.45186,42.80297,43.795925,35.39176,1.0,38.41362791384475,38.0,40.0,40.0,41.0,41.0,0
Loundoungou,BIO_FP_FH__L2A_20260519T043740_20260531T043807_T_G01_M03_C___T033_F003,2026-05-19,48,29,17.05293560028076,2.355821371078491,34.729671478271484,1.0,8649,0.13940000534057617,25.443770594866457,28.726707,38.872272,41.197037,43.93258,45.169918,37.309124,1.0,38.76476579732958,39.0,39.445438385009766,40.0,40.0,41.0,0
Loundoungou,BIO_FP_FH__L2A_20260519T043740_20260531T043807_T_G01_M03_C___T033_F003,2026-05-19,48,30,17.0537691116333,2.355821371078491,34.4162712097168,1.0,8649,0.0,23.4258846759741,24.707932,34.11275,37.09333,43.558216,44.74596,32.27181,1.0,37.44996177751848,38.0,39.0,39.0,39.0,39.0,0
Loundoungou,BIO_FP_FH__L2A_20260519T043740_20260531T043807_T_G01_M03_C___T033_F003,2026-05-19,48,31,17.05460262298584,2.355821371078491,35.246070861816406,1.0,8649,0.09740000218153,20.907198447797434,20.968275,36.406586,38.937153,43.333214,46.11306,33.46586,1.0,34.83099374937617,35.0,35.0,36.0,36.0,36.0,0
Loundoungou,BIO_FP_FH__L2A_20260519T043740_20260531T043807_T_G01_M03_C___T033_F003,2026-05-19,48,32,17.05543613433838,2.355821371078491,35.74807357788086,1.0,8649,0.03280000016093254,28.950938150364205,30.473139,40.851257,42.884106,47.334587,50.228714,39.783684,1.0,35.72823362805855,36.0,37.0,37.0,38.0,38.0,0
Loundoungou,BIO_FP_FH__L2A_20260519T043740_20260531T043807_T_G01_M03_C___T033_F003,2026-05-19,48,33,17.056269645690918,2.355821371078491,34.83007049560547,1.0,8649,0.0,29.070093002081165,30.383484,41.21113,44.52864,47.084927,48.9668,39.00904,1.0,37.112415002775904,37.0,38.0,38.0,38.0,38.0,0
Loundoungou,BIO_FP_FH__L2A_20260519T043740_20260531T043807_T_G01_M03_C___T033_F003,2026-05-19,48,34,17.057103157043457,2.355821371078491,34.54707336425781,1.0,8649,0.1096000000834465,29.124081360561913,32.97753,40.0802,41.193764,42.8113,44.17617,39.57113,1.0,36.67908065704159,37.0,37.0,37.0,38.0,38.0,0
Loundoungou,BIO_FP_FH__L2A_20260519T043740_20260531T043807_T_G01_M03_C___T033_F003,2026-05-19,48,35,17.057936668395996,2.355821371078491,36.78527069091797,1.0,8649,0.61080002784729,25.822175974101054,28.239185,37.265255,39.25789,41.72781,42.95292,36.2056,1.0,36.00043806256221,36.0,37.0,37.0,37.0,37.0,0
Loundoungou,BIO_FP_FH__L2A_20260519T043740_20260531T043807_T_G01_M03_C___T033_F003,2026-05-19,48,36,17.058770179748535,2.355821371078491,38.76767349243164,1.0,8649,1.0728000402450562,25.488542750607007,26.90742,39.89687,41.509384,43.775047,46.75605,37.827557,1.0,36.729777996051325,37.0,37.958534240722656,38.0,38.0,38.0,0
Loundoungou,BIO_FP_FH__L2A_20260519T043740_20260531T043807_T_G01_M03_C___T033_F003,2026-05-19,48,37,17.059603691101074,2.355821371078491,37.48427200317383,1.0,8649,1.0484000444412231,33.41581125708174,34.756943,43.388565,44.847126,46.428684,50.69318,42.553967,1.0,37.12443108039862,37.0,39.0,39.0,39.0,39.0,0
Loundoungou,BIO_FP_FH__L2A_20260519T043740_20260531T043807_T_G01_M03_C___T033_F003,2026-05-19,48,38,17.060437202453613,2.355821371078491,36.50707244873047,1.000000141138065,8649,1.020799994468689,31.246157537890838,34.482773,39.53957,40.433342,41.554245,45.69994,39.1226,1.0,36.01574058457735,36.0,37.0,38.0,38.0,38.0,0
Loundoungou,BIO_FP_FH__L2A_20260519T043740_20260531T043807_T_G01_M03_C___T033_F003,2026-05-19,48,39,17.061270713806152,2.355821371078491,35.52427291870117,0.999999971772387,8649,0.7178000211715698,34.17423805131458,36.018074,39.591118,40.40535,41.734203,43.29977,38.908672,1.0,34.70392757499131,35.0,36.0,36.0,36.0,36.0,0
Loundoungou,BIO_FP_FH__L2A_20260519T043740_20260531T043807_T_G01_M03_C___T033_F003,2026-05-19,48,40,17.06210422515869,2.355821371078491,34.374874114990234,1.0,8649,0.34779998660087585,31.143175872933288,32.626816,37.92196,39.11163,40.86358,43.107876,37.320644,1.0,33.129129351791114,33.0,34.0,34.0,35.0,35.0,0
Loundoungou,BIO_FP_FH__L2A_20260519T043740_20260531T043807_T_G01_M03_C___T033_F003,2026-05-19,48,41,17.06293773651123,2.355821371078491,32.84347152709961,1.0,8649,0.0,19.470065180945774,19.698135,29.14137,30.797987,33.839993,36.433285,28.411304,1.0,30.57460476514411,31.0,32.0,32.0,33.0,33.0,0
Loundoungou,BIO_FP_FH__L2A_20260519T043740_20260531T043807_T_G01_M03_C___T033_F003,2026-05-19,48,42,17.06377124786377,2.355821371078491,33.73527145385742,1.0,8649,0.0,15.88701909180252,12.988721,32.664673,36.859474,43.32124,45.289433,29.331743,1.0,32.755297572947136,33.0,34.0,34.0,35.0,35.0,0
Loundoungou,BIO_FP_FH__L2A_20260519T043740_20260531T043807_T_G01_M03_C___T033_F003,2026-05-19,48,43,17.06460475921631,2.355821371078491,36.39267349243164,1.0,8649,0.0,29.021173871256792,31.882092,40.502876,42.75604,45.801918,47.667656,39.083473,1.0,35.81681090430009,36.0,37.0,37.0,37.0,37.0,0
Loundoungou,BIO_FP_FH__L2A_20260519T043740_20260531T043807_T_G01_M03_C___T033_F003,2026-05-19,49,10,17.03709888458252,2.354987859725952,41.07148742675781,0.9741773937241661,8450,0.8808000087738037,26.964033862968797,29.024414,41.28296,43.257816,46.4288,48.93666,39.864353,1.0,38.22277804862173,38.27324676513672,39.0,40.0,40.0,40.0,0
Loundoungou,BIO_FP_FH__L2A_20260519T043740_20260531T043807_T_G01_M03_C___T033_F003,2026-05-19,49,11,17.03793239593506,2.354987859725952,40.639888763427734,1.0,8649,1.117400050163269,30.08358896259683,32.27263,40.62606,42.324677,44.257164,46.828922,38.968266,1.0,38.844587092510416,39.0,39.314364624023426,40.0,40.0,40.0,0
Loundoungou,BIO_FP_FH__L2A_20260519T043740_20260531T043807_T_G01_M03_C___T033_F003,2026-05-19,49,12,17.038765907287598,2.354987859725952,39.29328918457031,1.0,8649,1.1261999607086182,30.973241577783558,33.948036,42.604557,44.980705,47.011963,48.748455,41.608326,1.0,38.936990417928584,39.0,40.0,40.0,40.0,40.0,0
Loundoungou,BIO_FP_FH__L2A_20260519T043740_20260531T043807_T_G01_M03_C___T033_F003,2026-05-19,49,13,17.039599418640137,2.354987859725952,38.720489501953125,1.0,8649,0.8483999967575073,25.596205576511736,28.45465,39.74435,41.584957,43.947815,47.09761,37.403946,1.0,38.877853876952564,39.0,39.0,39.0,40.0,40.0,0
Loundoungou,BIO_FP_FH__L2A_20260519T043740_20260531T043807_T_G01_M03_C___T033_F003,2026-05-19,49,14,17.040432929992676,2.354987859725952,38.5624885559082,0.9999999858861935,8649,0.31299999356269836,24.418640686008914,28.271164,41.018368,42.151188,44.500435,46.039062,39.943977,1.0,40.136376383456486,40.0,42.0,42.0,42.0,42.0,0
Loundoungou,BIO_FP_FH__L2A_20260519T043740_20260531T043807_T_G01_M03_C___T033_F003,2026-05-19,49,15,17.041266441345215,2.354987859725952,38.69108963012695,0.999999943544774,8649,0.2354000061750412,23.41647152446225,25.728846,39.2886,42.174034,45.290268,47.924698,36.48964,1.0,37.04258787040697,37.0,39.0,39.0,40.0,40.0,0
Loundoungou,BIO_FP_FH__L2A_20260519T043740_20260531T043807_T_G01_M03_C___T033_F003,2026-05-19,49,16,17.042099952697754,2.354987859725952,39.33708953857422,1.0,8649,0.7892000079154968,11.83612899612672,8.145178,30.728138,33.57412,38.73247,42.110115,26.120173,1.0,33.58903887997143,34.0,36.0,37.0,37.0,37.0,0
Loundoungou,BIO_FP_FH__L2A_20260519T043740_20260531T043807_T_G01_M03_C___T033_F003,2026-05-19,49,17,17.042933464050293,2.354987859725952,38.92428970336914,1.0,8649,0.8166000247001648,21.102661796161406,19.543045,39.706245,41.677376,44.37688,46.796303,37.038696,1.0,36.03608419440609,36.0,37.0,37.0,37.0,38.0,0
Loundoungou,BIO_FP_FH__L2A_20260519T043740_20260531T043807_T_G01_M03_C___T033_F003,2026-05-19,49,18,17.043766975402832,2.354987859725952,37.15188980102539,1.0,8649,0.1793999969959259,19.83888355951555,19.188177,35.952633,37.69676,40.11773,43.301075,33.54595,1.0,35.50359830526634,36.0,37.0,37.0,38.0,38.0,0
Loundoungou,BIO_FP_FH__L2A_20260519T043740_20260531T043807_T_G01_M03_C___T033_F003,2026-05-19,49,19,17.04460048675537,2.354987859725952,36.43168640136719,1.0,8649,0.0,19.092198610388483,18.640247,36.7332,39.21508,43.88067,45.502243,33.61096,1.0,35.18849787875839,35.0,37.0,37.0,38.0,38.0,0
Loundoungou,BIO_FP_FH__L2A_20260519T043740_20260531T043807_T_G01_M03_C___T033_F003,2026-05-19,49,20,17.04543399810791,2.354987859725952,35.573486328125,1.0,8649,0.0,15.74934060295988,13.29345,34.360542,37.841682,44.43106,47.321228,30.000767,1.0,35.44493822258102,35.0,37.0,37.0,37.0,37.0,0
Loundoungou,BIO_FP_FH__L2A_20260519T043740_20260531T043807_T_G01_M03_C___T033_F003,2026-05-19,49,21,17.04626750946045,2.354987859725952,34.442481994628906,1.0,8649,0.0,23.18154374783212,22.34616,37.16047,39.035637,41.33838,44.121174,35.16182,1.0,35.00685412975553,35.0,37.0,37.0,37.0,37.0,0
Loundoungou,BIO_FP_FH__L2A_20260519T043740_20260531T043807_T_G01_M03_C___T033_F003,2026-05-19,49,22,17.04710102081299,2.354987859725952,33.83028030395508,1.0,8649,0.0,14.242512682101976,13.506222,30.107595,33.1295,37.68665,40.163914,25.095537,1.0,34.78057835614534,35.0,37.0,38.0,38.0,38.0,0
Loundoungou,BIO_FP_FH__L2A_20260519T043740_20260531T043807_T_G01_M03_C___T033_F003,2026-05-19,49,23,17.047934532165527,2.354987859725952,34.0336799621582,1.0,8649,0.0,17.50754693461672,16.26755,34.48075,37.401775,40.648735,42.324436,30.188309,1.0,35.07589906570553,35.0,36.0,36.0,37.0,37.0,0
Loundoungou,BIO_FP_FH__L2A_20260519T043740_20260531T043807_T_G01_M03_C___T033_F003,2026-05-19,49,24,17.048768043518066,2.354987859725952,35.23188018798828,1.0,8649,0.17219999432563782,18.957202422245345,18.815495,34.619488,36.59595,39.29691,46.350746,32.28908,1.0,34.553165247900964,35.0,36.0,36.0,37.0,37.0,0
Loundoungou,BIO_FP_FH__L2A_20260519T043740_20260531T043807_T_G01_M03_C___T033_F003,2026-05-19,49,25,17.049601554870605,2.354987859725952,35.34288024902344,1.0,8649,0.06040000170469284,22.41894474794774,19.64956,44.58013,50.31892,52.878048,53.751957,40.69965,1.0,36.27287477194911,36.0,38.0,38.0,39.0,39.0,0
Loundoungou,BIO_FP_FH__L2A_20260519T043740_20260531T043807_T_G01_M03_C___T033_F003,2026-05-19,49,26,17.050435066223145,2.354987859725952,35.22447967529297,1.0,8649,0.0,24.18533844230547,28.420002,38.331303,40.03262,45.82229,49.50148,37.268036,1.0,36.80782065698626,37.0,38.0,38.0,38.0,38.0,0
Loundoungou,BIO_FP_FH__L2A_20260519T043740_20260531T043807_T_G01_M03_C___T033_F003,2026-05-19,49,27,17.051268577575684,2.354987859725952,35.25828170776367,1.0,8649,0.0,18.7954767169615,17.250664,37.31456,39.37182,44.343933,46.34924,34.96677,1.0,37.53729184975802,38.0,39.0,39.0,39.0,39.0,0
Loundoungou,BIO_FP_FH__L2A_20260519T043740_20260531T043807_T_G01_M03_C___T033_F003,2026-05-19,49,28,17.052102088928223,2.354987859725952,35.75788116455078,1.0,8649,0.0,21.972835551797896,22.99156,37.733242,39.082783,41.942715,44.322853,34.89061,1.0,38.497845907627,38.06132888793945,40.0,40.0,40.95046615600586,41.0,0
Loundoungou,BIO_FP_FH__L2A_20260519T043740_20260531T043807_T_G01_M03_C___T033_F003,2026-05-19,49,29,17.05293560028076,2.354987859725952,35.46147155761719,1.0,8649,0.0,26.79799236183374,29.858227,42.38259,44.7347,46.609184,49.199245,39.931717,1.0,38.42834243483317,39.0,39.0,39.0,40.0,40.0,0
Loundoungou,BIO_FP_FH__L2A_20260519T043740_20260531T043807_T_G01_M03_C___T033_F003,2026-05-19,49,30,17.0537691116333,2.354987859725952,35.3250732421875,1.0,8649,0.19040000438690186,26.16324141519251,28.93345,38.440067,40.35925,42.916313,45.54966,37.561287,1.0,37.004485410050115,37.0,38.0,38.0,38.0,39.0,0
Loundoungou,BIO_FP_FH__L2A_20260519T043740_20260531T043807_T_G01_M03_C___T033_F003,2026-05-19,49,31,17.05460262298584,2.354987859725952,35.602272033691406,1.0,8649,0.6592000126838684,31.996802375997227,33.767834,38.961292,40.52822,43.124516,44.581436,38.044678,1.0,36.018320636923484,36.0,37.0,37.0,37.0,37.0,0
Loundoungou,BIO_FP_FH__L2A_20260519T043740_20260531T043807_T_G01_M03_C___T033_F003,2026-05-19,49,32,17.05543613433838,2.354987859725952,36.19947052001953,1.0,8649,0.6471999883651733,30.535848616892125,32.780167,38.34425,40.544827,43.035404,46.340424,37.476254,1.0,36.62330677192574,37.0,38.0,38.0,38.0,38.0,0
Loundoungou,BIO_FP_FH__L2A_20260519T043740_20260531T043807_T_G01_M03_C___T033_F003,2026-05-19,49,33,17.056269645690918,2.354987859725952,36.08087158203125,1.0,8649,0.2409999966621399,22.195721687478322,23.831833,42.380028,47.590656,51.017124,52.259327,36.57857,1.0,37.194211932272836,37.0,38.0,38.0,39.0,39.0,0
Loundoungou,BIO_FP_FH__L2A_20260519T043740_20260531T043807_T_G01_M03_C___T033_F003,2026-05-19,49,34,17.057103157043457,2.354987859725952,35.92787170410156,1.0,8649,0.04960000142455101,31.74400580992022,35.40779,41.07788,42.046803,44.18983,46.375347,39.93207,1.0,36.70105752935022,37.0,38.0,38.0,38.0,38.0,0
Loundoungou,BIO_FP_FH__L2A_20260519T043740_20260531T043807_T_G01_M03_C___T033_F003,2026-05-19,49,35,17.057936668395996,2.354987859725952,38.11387252807617,1.0,8649,0.5443999767303467,30.567592713030407,32.955425,38.62996,39.574635,43.484035,46.27729,38.061295,1.0,36.30436385542082,36.0,37.0,38.0,38.0,38.0,0
Loundoungou,BIO_FP_FH__L2A_20260519T043740_20260531T043807_T_G01_M03_C___T033_F003,2026-05-19,49,36,17.058770179748535,2.354987859725952,40.0672721862793,1.0,8649,1.027999997138977,32.79356898196323,35.221428,40.710842,42.065845,44.15346,46.553993,39.32249,1.0,37.108793883864514,37.0,38.0,39.0,39.0,39.0,0
Loundoungou,BIO_FP_FH__L2A_20260519T043740_20260531T043807_T_G01_M03_C___T033_F003,2026-05-19,49,37,17.059603691101074,2.354987859725952,38.67127227783203,0.999999943544774,8649,1.0354000329971313,29.174864709277305,30.826925,40.119324,42.29845,45.600174,50.56048,39.269375,1.0,34.819260116367204,35.0,36.0,36.0,37.0,37.0,0
Loundoungou,BIO_FP_FH__L2A_20260519T043740_20260531T043807_T_G01_M03_C___T033_F003,2026-05-19,49,38,17.060437202453613,2.354987859725952,37.188472747802734,1.0000001693656781,8649,1.0174000263214111,32.54509453567137,34.672764,39.290623,40.280075,41.93883,43.583252,38.63928,1.0,35.46381759643555,35.0,37.0,37.0,37.0,37.0,0
Loundoungou,BIO_FP_FH__L2A_20260519T043740_20260531T043807_T_G01_M03_C___T033_F003,2026-05-19,49,39,17.061270713806152,2.354987859725952,35.976070404052734,1.0,8649,0.7918000221252441,33.642751329633484,35.414837,40.201485,41.65054,47.95894,50.339245,39.42135,1.0,34.25608584513925,34.0,36.0,36.0,37.0,37.0,0
Loundoungou,BIO_FP_FH__L2A_20260519T043740_20260531T043807_T_G01_M03_C___T033_F003,2026-05-19,49,40,17.06210422515869,2.354987859725952,34.512271881103516,1.0,8649,0.42980000376701355,32.92506088131576,34.616566,39.0335,39.900013,41.457115,43.39073,38.40762,1.0,31.55556058293754,31.0,33.0,33.0,34.0,34.0,0
Loundoungou,BIO_FP_FH__L2A_20260519T043740_20260531T043807_T_G01_M03_C___T033_F003,2026-05-19,49,41,17.06293773651123,2.354987859725952,31.721872329711914,1.0,8649,0.0851999968290329,18.164891714360042,18.352924,30.235962,31.658966,33.539936,35.459564,29.572016,1.0,27.942713310214355,28.0,30.0,30.0,31.0,31.0,0
Loundoungou,BIO_FP_FH__L2A_20260519T043740_20260531T043807_T_G01_M03_C___T033_F003,2026-05-19,49,42,17.06377124786377,2.354987859725952,32.39867401123047,1.0,8649,0.0,8.615087365591398,7.339257,14.721578,24.775093,33.44937,34.99587,13.072857,1.0,28.77367473853256,29.0,32.0,32.0,33.0,33.0,0
Loundoungou,BIO_FP_FH__L2A_20260519T043740_20260531T043807_T_G01_M03_C___T033_F003,2026-05-19,50,11,17.03793239593506,2.354154348373413,41.42228698730469,0.9315996102782836,8119,1.0972000360488892,26.322295784602982,29.11887,40.94781,43.21019,45.9947,47.914192,40.255917,1.0,38.79822730885749,39.0,40.0,40.0,40.0,40.0,0
Loundoungou,BIO_FP_FH__L2A_20260519T043740_20260531T043807_T_G01_M03_C___T033_F003,2026-05-19,50,12,17.038765907287598,2.354154348373413,39.6166877746582,1.0,8649,1.0499999523162842,17.467146219938723,17.095575,32.707436,35.35131,40.049004,43.930897,29.546284,1.0,38.42784623772247,39.0,40.0,40.0,41.0,41.0,0
Loundoungou,BIO_FP_FH__L2A_20260519T043740_20260531T043807_T_G01_M03_C___T033_F003,2026-05-19,50,13,17.039599418640137,2.354154348373413,38.28208923339844,0.9999999858861935,8649,0.9330000281333923,26.383422137169912,27.437632,44.682644,47.470463,50.332283,52.992146,40.82963,1.0,38.8420896703266,39.0,40.0,40.0,40.0,40.0,0
Loundoungou,BIO_FP_FH__L2A_20260519T043740_20260531T043807_T_G01_M03_C___T033_F003,2026-05-19,50,14,17.040432929992676,2.354154348373413,38.10148620605469,1.0,8649,0.3986000120639801,23.28440110489652,25.76771,36.45719,39.996002,44.120426,47.30417,34.39512,1.0,35.20125503994327,39.0,40.0,40.0,41.0,41.0,0
Loundoungou,BIO_FP_FH__L2A_20260519T043740_20260531T043807_T_G01_M03_C___T033_F003,2026-05-19,50,15,17.041266441345215,2.354154348373413,37.9208869934082,1.0,8649,0.0,28.93745438417736,30.84732,37.95453,40.394367,44.572388,47.074173,36.389004,1.0,35.62575142666679,38.0,39.0,39.0,39.425376892089844,40.0,0
Loundoungou,BIO_FP_FH__L2A_20260519T043740_20260531T043807_T_G01_M03_C___T033_F003,2026-05-19,50,16,17.042099952697754,2.354154348373413,37.91408920288086,1.0,8649,0.12559999525547028,15.47755204720199,16.344982,33.139,35.737995,39.232307,41.26954,30.889572,1.0,33.33091100211336,33.0,36.0,36.0,36.0,37.0,0
Loundoungou,BIO_FP_FH__L2A_20260519T043740_20260531T043807_T_G01_M03_C___T033_F003,2026-05-19,50,17,17.042933464050293,2.354154348373413,37.96628952026367,1.0,8649,0.3779999911785126,22.702124613394613,23.805368,40.51625,43.710693,45.23675,46.32858,35.075047,1.0,35.16280306109198,35.0,37.0,38.0,38.0,38.0,0
Loundoungou,BIO_FP_FH__L2A_20260519T043740_20260531T043807_T_G01_M03_C___T033_F003,2026-05-19,50,18,17.043766975402832,2.354154348373413,36.8478889465332,1.0,8649,0.0,22.63715548762863,22.648827,38.239414,40.30941,43.71288,45.32152,33.347984,1.0,37.24220243902313,37.0,38.0,39.0,39.0,39.697083,0
Loundoungou,BIO_FP_FH__L2A_20260519T043740_20260531T043807_T_G01_M03_C___T033_F003,2026-05-19,50,19,17.04460048675537,2.354154348373413,36.67688751220703,1.0,8649,0.0,23.36057456064285,24.569529,35.917126,38.446693,42.51455,45.496292,35.03999,1.0,36.409645211560175,37.0,37.0,37.0,37.0,37.697083,0
Loundoungou,BIO_FP_FH__L2A_20260519T043740_20260531T043807_T_G01_M03_C___T033_F003,2026-05-19,50,20,17.04543399810791,2.354154348373413,36.06148910522461,1.0,8649,0.0,21.123387638744365,21.596674,37.8218,40.03455,44.50077,48.49123,35.906025,1.0,35.68526259338612,36.0,36.0,36.0,37.0,37.0,0
Loundoungou,BIO_FP_FH__L2A_20260519T043740_20260531T043807_T_G01_M03_C___T033_F003,2026-05-19,50,21,17.04626750946045,2.354154348373413,35.48528289794922,1.0,8649,0.013399999588727951,25.534136894438664,26.758595,37.74385,41.295204,45.457886,47.23795,35.51246,1.0,34.91976142307281,35.0,36.0,36.0,36.0,37.394165,0
Loundoungou,BIO_FP_FH__L2A_20260519T043740_20260531T043807_T_G01_M03_C___T033_F003,2026-05-19,50,22,17.04710102081299,2.354154348373413,34.81428146362305,1.0,8649,0.0,17.845072407214708,16.242043,31.47884,34.312824,37.5675,39.38002,29.538994,1.0,33.68510272585873,34.0,35.0,35.0,35.0,35.0,0
Loundoungou,BIO_FP_FH__L2A_20260519T043740_20260531T043807_T_G01_M03_C___T033_F003,2026-05-19,50,23,17.047934532165527,2.354154348373413,34.14788055419922,1.0,8649,0.0,19.538744544166956,17.537317,37.70215,40.004852,42.88035,45.246223,35.075275,1.0,34.15963805806555,34.0,35.0,36.0,36.0,36.394165,0
Loundoungou,BIO_FP_FH__L2A_20260519T043740_20260531T043807_T_G01_M03_C___T033_F003,2026-05-19,50,24,17.048768043518066,2.354154348373413,33.78887939453125,1.0,8649,0.0,28.963813555035266,30.88681,37.65708,38.89685,41.684345,44.186115,36.66683,1.0,35.02159592435186,35.0,36.0,37.0,37.0,37.0,0
Loundoungou,BIO_FP_FH__L2A_20260519T043740_20260531T043807_T_G01_M03_C___T033_F003,2026-05-19,50,25,17.049601554870605,2.354154348373413,34.4450798034668,1.0,8649,0.0,30.533668090241648,31.391886,41.1682,44.06838,47.23904,49.123886,38.42862,1.0,36.38080755086672,36.0,38.0,38.0,38.0,38.0,0
Loundoungou,BIO_FP_FH__L2A_20260519T043740_20260531T043807_T_G01_M03_C___T033_F003,2026-05-19,50,26,17.050435066223145,2.354154348373413,34.79767990112305,1.0,8649,0.0,33.6604556885189,35.044975,40.148666,41.132526,43.054516,45.179516,39.35958,1.0,37.16587703844649,37.0,38.0,38.0,38.0,38.394165,0
Loundoungou,BIO_FP_FH__L2A_20260519T043740_20260531T043807_T_G01_M03_C___T033_F003,2026-05-19,50,27,17.051268577575684,2.354154348373413,34.926082611083984,1.0,8649,0.0,27.42812391605966,30.210033,39.13443,40.29278,45.011524,47.693707,37.683426,1.0,37.999400745417866,38.0,39.0,40.0,40.0,40.0,0
Loundoungou,BIO_FP_FH__L2A_20260519T043740_20260531T043807_T_G01_M03_C___T033_F003,2026-05-19,50,28,17.052102088928223,2.354154348373413,35.313480377197266,1.0,8649,0.0,28.176218890912246,30.315718,40.96885,42.763832,48.26438,49.916702,39.648727,1.0,38.35481354872992,38.0,40.0,40.0,40.06120300292969,41.0,0
Loundoungou,BIO_FP_FH__L2A_20260519T043740_20260531T043807_T_G01_M03_C___T033_F003,2026-05-19,50,29,17.05293560028076,2.354154348373413,36.18367385864258,1.0,8649,0.0,22.71927390449763,21.705982,37.269615,38.72284,40.862053,44.325527,33.472687,1.0,37.74099537556896,37.0,39.0,40.0,40.0,40.0,0
Loundoungou,BIO_FP_FH__L2A_20260519T043740_20260531T043807_T_G01_M03_C___T033_F003,2026-05-19,50,30,17.0537691116333,2.354154348373413,36.67767333984375,1.0,8649,0.13420000672340393,31.531540857324547,34.106377,40.766148,42.225517,44.870686,49.53347,39.086906,1.0,36.93817716808674,37.0,38.0,38.0,38.0,38.0,0
Loundoungou,BIO_FP_FH__L2A_20260519T043740_20260531T043807_T_G01_M03_C___T033_F003,2026-05-19,50,31,17.05460262298584,2.354154348373413,36.76167297363281,1.0,8649,0.6715999841690063,34.624867217308356,36.72817,41.929935,43.139935,44.95447,47.128178,41.195698,1.0,36.26607076517212,36.0,37.0,37.0,37.0,37.697083,0
Loundoungou,BIO_FP_FH__L2A_20260519T043740_20260531T043807_T_G01_M03_C___T033_F003,2026-05-19,50,32,17.05543613433838,2.354154348373413,36.832271575927734,1.0,8649,1.1232000589370728,35.72275877269048,36.13917,43.594913,44.517483,45.98254,47.451733,42.7441,1.0,37.177660536415964,37.0,38.0,38.0,39.0,39.0,0
Loundoungou,BIO_FP_FH__L2A_20260519T043740_20260531T043807_T_G01_M03_C___T033_F003,2026-05-19,50,33,17.056269645690918,2.354154348373413,36.906471252441406,1.0,8649,0.8511999845504761,32.87304981067175,34.896065,42.363846,43.78194,45.72915,51.035793,40.96422,1.0,37.96390705503388,38.0,39.0,39.0,39.0,39.0,0
Loundoungou,BIO_FP_FH__L2A_20260519T043740_20260531T043807_T_G01_M03_C___T033_F003,2026-05-19,50,34,17.057103157043457,2.354154348373413,36.926673889160156,1.0,8649,0.44339999556541443,22.974176024684933,24.303125,36.055595,38.466835,40.216007,45.81505,33.363968,1.0,36.540501114563774,37.0,37.0,37.0,38.0,38.0,0
Loundoungou,BIO_FP_FH__L2A_20260519T043740_20260531T043807_T_G01_M03_C___T033_F003,2026-05-19,50,35,17.057936668395996,2.354154348373413,38.426673889160156,1.0,8649,0.5067999958992004,27.799253345762516,28.98039,40.064384,41.527153,43.505085,46.170574,36.922977,1.0,36.97199630031614,37.0,38.0,38.0,38.0,39.0,0
Loundoungou,BIO_FP_FH__L2A_20260519T043740_20260531T043807_T_G01_M03_C___T033_F003,2026-05-19,50,36,17.058770179748535,2.354154348373413,40.309871673583984,0.9999998870895479,8649,0.9128000140190125,25.272074588653062,26.451628,37.372906,39.39047,43.26469,47.04531,35.82352,1.0,36.703312018080545,37.0,38.0,38.0,38.0,39.0,0
Loundoungou,BIO_FP_FH__L2A_20260519T043740_20260531T043807_T_G01_M03_C___T033_F003,2026-05-19,50,37,17.059603691101074,2.354154348373413,39.519474029541016,0.9999999153171609,8649,1.0224000215530396,34.90968995041283,36.363792,42.23068,43.537804,45.252357,46.57825,41.58934,1.0,36.51605421893927,36.0,38.0,38.0,38.0,38.0,0
Loundoungou,BIO_FP_FH__L2A_20260519T043740_20260531T043807_T_G01_M03_C___T033_F003,2026-05-19,50,38,17.060437202453613,2.354154348373413,37.89207077026367,1.0,8649,1.017799973487854,32.59228035755579,34.442875,39.211647,39.995625,41.816975,45.601147,38.52224,1.0,35.43139048688935,35.0,36.0,36.0,37.0,37.0,0
Loundoungou,BIO_FP_FH__L2A_20260519T043740_20260531T043807_T_G01_M03_C___T033_F003,2026-05-19,50,39,17.061270713806152,2.354154348373413,36.30547332763672,1.0,8649,0.8712000250816345,33.71753418025205,34.990276,39.20709,40.057583,41.38517,43.22728,38.62452,1.0,34.424248865070005,35.0,35.0,35.0,36.0,36.0,0
Loundoungou,BIO_FP_FH__L2A_20260519T043740_20260531T043807_T_G01_M03_C___T033_F003,2026-05-19,50,40,17.06210422515869,2.354154348373413,33.73207092285156,1.0,8649,0.5546000003814697,32.10356236992716,34.177685,38.725227,39.787926,41.1483,42.4791,37.60762,1.0,32.1830845040136,32.29310989379883,34.0,34.0,34.0,34.0,0
Loundoungou,BIO_FP_FH__L2A_20260519T043740_20260531T043807_T_G01_M03_C___T033_F003,2026-05-19,50,41,17.06293773651123,2.354154348373413,31.694072723388672,1.0,8649,0.30720001459121704,28.779205869175627,31.011042,35.75533,36.528004,38.043663,41.959656,35.224594,1.0,28.53388844116366,29.0,31.0,32.0,32.23317214965823,33.394165,0
Loundoungou,BIO_FP_FH__L2A_20260519T043740_20260531T043807_T_G01_M03_C___T033_F003,2026-05-19,50,42,17.06377124786377,2.354154348373413,32.999874114990234,0.940834132739334,8169,0.0,8.323739773412017,7.0463023,14.902953,22.938799,29.922258,34.33637,13.584703,1.0,26.02064914881997,26.0,28.0,28.0,30.0,30.0,0
Loundoungou,BIO_FP_FH__L2A_20260519T043740_20260531T043807_T_G01_M03_C___T033_F003,2026-05-19,51,12,17.038765907287598,2.353320837020874,39.62714385986328,0.9702363531911203,8448,0.4918000102043152,24.49691445520828,26.600838,42.761333,45.493664,47.495422,48.725155,39.648422,1.0,38.05494972823989,40.0,42.0,42.0,42.0,42.0,0
Loundoungou,BIO_FP_FH__L2A_20260519T043740_20260531T043807_T_G01_M03_C___T033_F003,2026-05-19,51,13,17.039599418640137,2.353320837020874,38.04299545288086,0.9999999576585805,8649,0.3862000107765198,22.547382696797104,22.486881,40.94142,43.185097,44.961376,46.79028,39.16553,1.0,39.75897023228224,40.0,41.0,41.0,41.0,41.0,0
Loundoungou,BIO_FP_FH__L2A_20260519T043740_20260531T043807_T_G01_M03_C___T033_F003,2026-05-19,51,14,17.040432929992676,2.353320837020874,37.686195373535156,1.0,8649,0.2667999863624573,26.600769416984622,29.961315,40.358425,42.310684,46.938534,49.492485,38.901093,1.0,39.55154748105744,40.0,41.0,41.0,41.0,41.0,0
Loundoungou,BIO_FP_FH__L2A_20260519T043740_20260531T043807_T_G01_M03_C___T033_F003,2026-05-19,51,15,17.041266441345215,2.353320837020874,37.41219711303711,1.0,8649,0.0,28.84893846109377,31.305414,43.619152,45.24049,47.198612,48.529892,41.88209,1.0,38.599392837893134,39.0,40.0,40.0,40.0,41.0,0
Loundoungou,BIO_FP_FH__L2A_20260519T043740_20260531T043807_T_G01_M03_C___T033_F003,2026-05-19,51,16,17.042099952697754,2.353320837020874,37.230995178222656,1.0,8649,0.0,24.869877930252052,28.504234,40.506306,45.165543,47.900513,49.309326,38.792328,1.0,35.67159875046519,36.0,37.0,37.0,38.0,38.0,0
Loundoungou,BIO_FP_FH__L2A_20260519T043740_20260531T043807_T_G01_M03_C___T033_F003,2026-05-19,51,17,17.042933464050293,2.353320837020874,37.21339416503906,1.0,8649,0.09260000288486481,22.74891831786912,27.661463,38.58695,41.998775,45.400146,46.953945,36.490864,1.0,35.44933659234534,35.0,37.0,37.93222427368164,38.0,38.0,0
Loundoungou,BIO_FP_FH__L2A_20260519T043740_20260531T043807_T_G01_M03_C___T033_F003,2026-05-19,51,18,17.043766975402832,2.353320837020874,37.05479431152344,1.0,8649,0.2085999995470047,25.90194495028327,26.892847,39.433575,41.527184,45.139435,49.386333,36.129124,1.0,38.84920706491496,39.0,40.0,40.0,41.0,41.0,0
Loundoungou,BIO_FP_FH__L2A_20260519T043740_20260531T043807_T_G01_M03_C___T033_F003,2026-05-19,51,19,17.04460048675537,2.353320837020874,36.9235954284668,1.0,8649,0.32659998536109924,25.934238242860445,26.362928,43.77056,44.84351,48.246685,50.046104,41.645184,1.0,38.6379353865845,38.0,40.0,40.0,40.0,40.716946,0
Loundoungou,BIO_FP_FH__L2A_20260519T043740_20260531T043807_T_G01_M03_C___T033_F003,2026-05-19,51,20,17.04543399810791,2.353320837020874,37.594993591308594,1.0,8649,0.4496000111103058,21.915219606312867,23.405735,35.205402,37.773346,42.16884,44.067028,33.971992,1.0,37.41891415803636,37.0,39.0,39.0,39.0,39.0,0
Loundoungou,BIO_FP_FH__L2A_20260519T043740_20260531T043807_T_G01_M03_C___T033_F003,2026-05-19,51,21,17.04626750946045,2.353320837020874,37.33999252319336,1.0,8649,0.5690000057220459,21.448496574748525,22.836342,35.18614,36.95584,39.672764,43.649796,33.584614,1.0,37.09976933823664,37.0,38.0,38.0,38.0,38.0,0
Loundoungou,BIO_FP_FH__L2A_20260519T043740_20260531T043807_T_G01_M03_C___T033_F003,2026-05-19,51,22,17.04710102081299,2.353320837020874,36.219993591308594,1.0,8649,0.313400000333786,25.93900848363973,28.258057,37.415085,39.517975,42.97775,45.35638,35.363018,1.0,36.22297125825276,37.0,37.0,37.0,37.0,37.716946,0
Loundoungou,BIO_FP_FH__L2A_20260519T043740_20260531T043807_T_G01_M03_C___T033_F003,2026-05-19,51,23,17.047934532165527,2.353320837020874,34.94019317626953,1.0,8649,0.0,28.40404327812464,30.904184,38.533115,40.812775,43.22481,45.543663,37.619743,1.0,36.49468816615403,37.0,38.0,38.0,38.0,38.0,0
Loundoungou,BIO_FP_FH__L2A_20260519T043740_20260531T043807_T_G01_M03_C___T033_F003,2026-05-19,51,24,17.048768043518066,2.353320837020874,34.51899337768555,1.0,8649,0.0,28.790670344837554,30.715221,39.42798,42.253605,46.345955,47.69119,37.769833,1.0,37.363552074099374,37.0,39.0,40.0,40.0,40.0,0
Loundoungou,BIO_FP_FH__L2A_20260519T043740_20260531T043807_T_G01_M03_C___T033_F003,2026-05-19,51,25,17.049601554870605,2.353320837020874,34.28779220581055,1.0,8649,0.0,29.899491631980577,33.153484,43.23234,44.558033,46.41683,48.10303,40.487415,1.0,38.351477521653116,38.0,39.0,40.0,40.0,40.0,0
Loundoungou,BIO_FP_FH__L2A_20260519T043740_20260531T043807_T_G01_M03_C___T033_F003,2026-05-19,51,26,17.050435066223145,2.353320837020874,34.325592041015625,1.0,8649,0.0,32.76038956815817,37.261147,43.048798,44.83616,47.932518,49.31508,41.84111,1.0,38.31537468511392,38.0,39.0,40.0,40.0,40.0,0
Loundoungou,BIO_FP_FH__L2A_20260519T043740_20260531T043807_T_G01_M03_C___T033_F003,2026-05-19,51,27,17.051268577575684,2.353320837020874,34.65099334716797,1.0,8649,0.0,29.623740822638457,32.8532,38.603622,39.89154,42.730003,44.576733,37.56906,1.0,38.403827587846166,38.58597183227539,39.39906692504883,40.0,40.0,40.0,0
Loundoungou,BIO_FP_FH__L2A_20260519T043740_20260531T043807_T_G01_M03_C___T033_F003,2026-05-19,51,28,17.052102088928223,2.353320837020874,35.424190521240234,1.0,8649,0.14100000262260437,27.44810454965892,29.129822,36.854446,38.4835,46.500446,48.727463,35.42636,1.0,38.06556632326082,38.0,39.0,39.0,40.0,40.0,0
Loundoungou,BIO_FP_FH__L2A_20260519T043740_20260531T043807_T_G01_M03_C___T033_F003,2026-05-19,51,29,17.05293560028076,2.353320837020874,36.938316345214844,1.0,8649,0.4052000045776367,23.435091845878137,25.412228,35.073364,37.48606,42.732327,45.96386,32.84665,1.0,37.048647525614015,37.0,38.0,38.0,38.0,39.0,0
Loundoungou,BIO_FP_FH__L2A_20260519T043740_20260531T043807_T_G01_M03_C___T033_F003,2026-05-19,51,30,17.0537691116333,2.353320837020874,37.96991729736328,1.0,8649,0.5220000147819519,30.102390811076425,32.23116,38.857063,39.987812,41.61941,44.691277,37.940296,1.0,36.69347838438071,37.0,37.0,38.0,38.0,38.0,0
Loundoungou,BIO_FP_FH__L2A_20260519T043740_20260531T043807_T_G01_M03_C___T033_F003,2026-05-19,51,31,17.05460262298584,2.353320837020874,37.64251708984375,1.0,8649,0.6133999824523926,32.1616904772228,34.63193,39.77523,41.130135,43.8011,46.101562,38.73318,1.0,37.01907928048676,37.0,38.0,38.0,38.0,38.0,0
Loundoungou,BIO_FP_FH__L2A_20260519T043740_20260531T043807_T_G01_M03_C___T033_F003,2026-05-19,51,32,17.05543613433838,2.353320837020874,37.67511749267578,1.0,8649,1.0944000482559204,31.191109521331946,37.073162,42.825626,44.275608,46.48995,52.39726,41.200657,1.0,37.48500456795112,37.80303955078125,38.0,38.0,39.0,39.0,0
Loundoungou,BIO_FP_FH__L2A_20260519T043740_20260531T043807_T_G01_M03_C___T033_F003,2026-05-19,51,33,17.056269645690918,2.353320837020874,37.849117279052734,1.0,8649,1.0734000205993652,31.811001452480056,33.050327,42.71757,45.89973,48.378525,52.803528,41.388912,1.0,37.43606515558679,37.23723602294922,38.0,38.0,39.0,39.0,0
Loundoungou,BIO_FP_FH__L2A_20260519T043740_20260531T043807_T_G01_M03_C___T033_F003,2026-05-19,51,34,17.057103157043457,2.353320837020874,38.02251434326172,1.0,8649,1.0506000518798828,29.802019200196554,31.644804,37.798405,39.237026,41.19352,43.06643,36.480724,1.0,37.21747346133328,37.0,38.0,38.0,38.0,38.0,0
Loundoungou,BIO_FP_FH__L2A_20260519T043740_20260531T043807_T_G01_M03_C___T033_F003,2026-05-19,51,35,17.057936668395996,2.353320837020874,39.24151611328125,1.000000084682839,8649,1.024399995803833,24.18362467191401,24.385578,37.09277,38.93364,41.0574,42.55506,34.355362,1.0,37.44098262145128,38.0,38.0,38.0,38.0,38.0,0
Loundoungou,BIO_FP_FH__L2A_20260519T043740_20260531T043807_T_G01_M03_C___T033_F003,2026-05-19,51,36,17.058770179748535,2.353320837020874,40.40151596069336,1.000000197593291,8649,1.0197999477386475,28.825430228961746,31.202314,41.17532,42.41266,43.995102,45.92477,39.454773,1.0,37.64114634460597,38.0,38.0,38.0,39.0,39.0,0
Loundoungou,BIO_FP_FH__L2A_20260519T043740_20260531T043807_T_G01_M03_C___T033_F003,2026-05-19,51,37,17.059603691101074,2.353320837020874,39.43961715698242,1.0,8649,1.0260000228881836,32.82396357237831,33.823616,42.642754,44.58309,46.16529,48.450058,40.80613,1.0,36.479382892387676,36.0,37.0,37.0,38.0,38.0,0
Loundoungou,BIO_FP_FH__L2A_20260519T043740_20260531T043807_T_G01_M03_C___T033_F003,2026-05-19,51,38,17.060437202453613,2.353320837020874,37.291015625,1.0,8649,1.0341999530792236,22.63363358480749,24.657223,34.012512,35.372387,40.00625,46.334057,32.580746,1.0,36.120869767419144,36.0,37.0,37.0,37.0,37.716946,0
Loundoungou,BIO_FP_FH__L2A_20260519T043740_20260531T043807_T_G01_M03_C___T033_F003,2026-05-19,51,39,17.061270713806152,2.353320837020874,37.696014404296875,1.0,8649,1.0121999979019165,27.79865446872471,31.38216,38.52468,39.927753,42.616703,46.02344,37.403942,1.0,34.78398177576611,34.625946044921875,36.0,36.0,37.0,37.0,0
Loundoungou,BIO_FP_FH__L2A_20260519T043740_20260531T043807_T_G01_M03_C___T033_F003,2026-05-19,51,40,17.06210422515869,2.353320837020874,36.10221481323242,1.0,8649,1.0240000486373901,32.620985807607816,34.990562,39.456177,40.252193,41.691994,43.498154,38.57273,1.0,33.622667486618845,34.0,34.0,35.0,35.0,36.0,0
Loundoungou,BIO_FP_FH__L2A_20260519T043740_20260531T043807_T_G01_M03_C___T033_F003,2026-05-19,51,41,17.06293773651123,2.353320837020874,34.20181655883789,0.9544511332596254,8278,0.8569999933242798,31.03695856548,33.065453,38.181717,38.9646,40.110897,41.26288,37.486385,1.0,33.692749027627535,34.0,35.0,35.909000396728516,36.0,36.0,0
Loundoungou,BIO_FP_FH__L2A_20260519T043740_20260531T043807_T_G01_M03_C___T033_F003,2026-05-19,52,13,17.039599418640137,2.352487325668335,38.333194732666016,0.9695501681462453,8439,0.16539999842643738,28.15360977843591,32.76116,43.198048,45.134163,48.091606,49.511757,41.129803,1.0,40.26465423121757,40.0,42.0,42.0,42.0,42.0,0
Loundoungou,BIO_FP_FH__L2A_20260519T043740_20260531T043807_T_G01_M03_C___T033_F003,2026-05-19,52,14,17.040432929992676,2.352487325668335,38.246795654296875,1.0,8649,0.2793999910354614,25.5076657164123,30.152254,38.794193,39.808678,42.44158,45.90588,37.1655,1.0,40.17094096107584,40.0,41.0,41.0,41.0,41.0,0
Loundoungou,BIO_FP_FH__L2A_20260519T043740_20260531T043807_T_G01_M03_C___T033_F003,2026-05-19,52,15,17.041266441345215,2.352487325668335,38.21919631958008,1.0,8649,0.39500001072883606,24.25040150956758,26.866964,37.16689,38.7645,41.986748,43.97159,35.168896,1.0,39.132870550086174,39.0,40.0,40.0,40.0,40.73681,0
Loundoungou,BIO_FP_FH__L2A_20260519T043740_20260531T043807_T_G01_M03_C___T033_F003,2026-05-19,52,16,17.042099952697754,2.352487325668335,37.70099639892578,1.0,8649,0.5325999855995178,26.83650927852931,30.357592,40.11309,42.834335,46.474804,49.826973,38.522133,1.0,37.82174476776141,38.0,40.0,40.0,40.0,40.73681,0
Loundoungou,BIO_FP_FH__L2A_20260519T043740_20260531T043807_T_G01_M03_C___T033_F003,2026-05-19,52,17,17.042933464050293,2.352487325668335,37.69939422607422,1.0,8649,0.6543999910354614,18.303576912793385,19.458387,36.01032,37.255512,39.33995,45.809914,34.144897,1.0,35.69348441935617,36.0,37.0,37.0,38.86445236206055,39.0,0
Loundoungou,BIO_FP_FH__L2A_20260519T043740_20260531T043807_T_G01_M03_C___T033_F003,2026-05-19,52,18,17.043766975402832,2.352487325668335,37.4783935546875,1.0,8649,0.7656000256538391,28.50962087380044,31.799639,41.92931,43.131634,44.35197,46.52966,39.82887,1.0,38.8416482460321,39.0,40.0,40.0,41.0,41.0,0
Loundoungou,BIO_FP_FH__L2A_20260519T043740_20260531T043807_T_G01_M03_C___T033_F003,2026-05-19,52,19,17.04460048675537,2.352487325668335,37.22639465332031,1.0,8649,0.8759999871253967,22.017027799456585,21.769695,40.70558,42.284714,43.99859,45.56612,35.498665,1.0,39.39416856751413,40.0,40.0,40.0,41.0,41.0,0
Loundoungou,BIO_FP_FH__L2A_20260519T043740_20260531T043807_T_G01_M03_C___T033_F003,2026-05-19,52,20,17.04543399810791,2.352487325668335,37.740196228027344,0.9193551492134207,8042,0.9980000257492065,23.96658429373256,23.558151,39.418003,42.371674,46.919785,48.701954,37.747295,1.0,38.40112452617834,39.0,40.0,40.0,40.0,40.0,0
Loundoungou,BIO_FP_FH__L2A_20260519T043740_20260531T043807_T_G01_M03_C___T033_F003,2026-05-19,52,21,17.04626750946045,2.352487325668335,38.57579040527344,0.9453375661203607,8240,1.121000051498413,23.885626842500418,25.119423,35.75535,37.25027,38.66736,41.86109,34.43587,1.0,37.491758277532284,37.0,38.0,38.0,38.475016021728656,39.0,0
Loundoungou,BIO_FP_FH__L2A_20260519T043740_20260531T043807_T_G01_M03_C___T033_F003,2026-05-19,52,22,17.04710102081299,2.352487325668335,37.921390533447266,1.0,8649,0.8248000144958496,28.348298033009595,30.360064,38.942795,41.040062,44.920334,48.806786,37.047302,1.0,37.267988008906464,37.0,38.0,38.0,38.0,38.0,0
Loundoungou,BIO_FP_FH__L2A_20260519T043740_20260531T043807_T_G01_M03_C___T033_F003,2026-05-19,52,23,17.047934532165527,2.352487325668335,36.13599395751953,1.0,8649,0.298799991607666,34.88692695687363,37.36471,45.460243,48.10478,50.287354,52.579586,43.09848,1.0,37.25926326258167,37.0,38.0,38.0,38.0,38.0,0
Loundoungou,BIO_FP_FH__L2A_20260519T043740_20260531T043807_T_G01_M03_C___T033_F003,2026-05-19,52,24,17.048768043518066,2.352487325668335,35.10059356689453,1.0,8649,0.0,33.43856768123482,36.908504,41.499405,42.56238,43.981945,45.861076,40.64964,1.0,37.298409369242975,37.0,38.0,38.16213607788086,39.0,40.0,0
Loundoungou,BIO_FP_FH__L2A_20260519T043740_20260531T043807_T_G01_M03_C___T033_F003,2026-05-19,52,25,17.049601554870605,2.352487325668335,34.91419219970703,1.0,8649,0.0,29.850287966816975,32.017536,38.95229,40.274475,43.989727,46.710247,37.69238,1.0,38.044318963618814,38.0,39.0,39.0,40.0,40.0,0
Loundoungou,BIO_FP_FH__L2A_20260519T043740_20260531T043807_T_G01_M03_C___T033_F003,2026-05-19,52,26,17.050435066223145,2.352487325668335,34.777992248535156,1.0,8649,0.0,30.762581837495663,32.269062,41.67372,44.22869,45.962673,47.850777,39.821117,1.0,37.326866401745576,37.0,38.16213607788086,39.0,39.0,39.0,0
Loundoungou,BIO_FP_FH__L2A_20260519T043740_20260531T043807_T_G01_M03_C___T033_F003,2026-05-19,52,27,17.051268577575684,2.352487325668335,34.92619323730469,0.9922795502460544,8604,0.0,31.84796248218883,33.97652,40.26365,41.133953,43.541492,45.90717,39.788887,1.0,37.583889094897536,37.57113265991211,39.0,39.0,39.0,39.0,0
Loundoungou,BIO_FP_FH__L2A_20260519T043740_20260531T043807_T_G01_M03_C___T033_F003,2026-05-19,52,28,17.052102088928223,2.352487325668335,35.351993560791016,1.0,8649,0.040800001472234726,27.350745028326973,29.011591,38.549797,40.108875,41.220573,43.186413,37.50788,1.0,36.55786988417914,37.0,37.0,37.0,37.0,37.0,0
Loundoungou,BIO_FP_FH__L2A_20260519T043740_20260531T043807_T_G01_M03_C___T033_F003,2026-05-19,52,29,17.05293560028076,2.352487325668335,37.42991638183594,1.0,8649,0.5924000144004822,28.456601738640305,30.164505,39.867615,42.206955,44.52433,46.80321,38.379086,1.0,37.186082391631935,37.0,38.0,39.0,39.0,39.0,0
Loundoungou,BIO_FP_FH__L2A_20260519T043740_20260531T043807_T_G01_M03_C___T033_F003,2026-05-19,52,30,17.0537691116333,2.352487325668335,39.383914947509766,1.0,8649,1.087399959564209,28.55460801104174,30.829302,38.69887,40.347595,43.317463,45.512905,36.905293,1.0,36.89414600394808,37.0,38.0,38.0,38.0,38.0,0
Loundoungou,BIO_FP_FH__L2A_20260519T043740_20260531T043807_T_G01_M03_C___T033_F003,2026-05-19,52,31,17.05460262298584,2.352487325668335,38.96351623535156,1.0,8649,1.1047999858856201,29.36094942334374,32.30475,39.558147,40.923862,43.205162,45.276176,38.56984,1.0,37.57024269090772,38.0,38.0,39.0,39.0,39.0,0
Loundoungou,BIO_FP_FH__L2A_20260519T043740_20260531T043807_T_G01_M03_C___T033_F003,2026-05-19,52,32,17.05543613433838,2.352487325668335,38.48051452636719,1.0,8649,1.0721999406814575,31.37130105359001,34.94808,41.464176,42.90378,44.834084,47.803394,40.161613,1.0,37.61805430207311,38.0,38.27976608276367,39.0,39.0,39.0,0
Loundoungou,BIO_FP_FH__L2A_20260519T043740_20260531T043807_T_G01_M03_C___T033_F003,2026-05-19,52,33,17.056269645690918,2.352487325668335,38.540916442871094,1.0,8649,1.0529999732971191,29.998193432766794,32.168827,38.970356,40.359398,41.657887,43.61974,38.119274,1.0,36.70445799609804,37.0,38.0,38.0,38.44208526611328,39.0,0
Loundoungou,BIO_FP_FH__L2A_20260519T043740_20260531T043807_T_G01_M03_C___T033_F003,2026-05-19,52,34,17.057103157043457,2.352487325668335,38.03311538696289,1.0,8649,1.0479999780654907,29.658909266967278,30.932394,41.700687,42.861874,44.867565,46.543144,39.840866,1.0,36.04705407818227,36.0,37.0,37.0,37.0,37.0,0
Loundoungou,BIO_FP_FH__L2A_20260519T043740_20260531T043807_T_G01_M03_C___T033_F003,2026-05-19,52,35,17.057936668395996,2.352487325668335,37.8977165222168,0.999999943544774,8649,1.0504000186920166,21.102858096789216,21.00303,35.619484,38.141922,42.1537,45.067924,33.437668,1.0,36.54399276973333,36.0,37.375850677490234,38.0,38.0,38.0,0
Loundoungou,BIO_FP_FH__L2A_20260519T043740_20260531T043807_T_G01_M03_C___T033_F003,2026-05-19,52,36,17.058770179748535,2.352487325668335,38.48211669921875,1.0,8649,1.0521999597549438,21.389200521736615,22.357306,33.810154,36.31919,38.23265,44.76594,31.29205,1.0,36.528240865883156,36.799686431884766,37.0,37.58106994628906,38.0,38.0,0
Loundoungou,BIO_FP_FH__L2A_20260519T043740_20260531T043807_T_G01_M03_C___T033_F003,2026-05-19,52,37,17.059603691101074,2.352487325668335,37.946617126464844,1.0,8649,1.0640000104904175,23.45949134292982,24.940199,34.5573,36.33963,39.091244,40.607418,32.83787,1.0,36.74308699935223,37.0,38.0,38.0,38.0,38.0,0
Loundoungou,BIO_FP_FH__L2A_20260519T043740_20260531T043807_T_G01_M03_C___T033_F003,2026-05-19,52,38,17.060437202453613,2.352487325668335,37.936614990234375,1.0,8649,1.0454000234603882,28.599764062319345,31.157518,37.4221,38.956654,40.254707,43.94357,36.63094,1.0,36.48844228588593,37.0,38.0,38.0,38.0,38.0,0
Loundoungou,BIO_FP_FH__L2A_20260519T043740_20260531T043807_T_G01_M03_C___T033_F003,2026-05-19,52,39,17.061270713806152,2.352487325668335,39.12641525268555,1.0,8649,1.0116000175476074,24.919252767661,26.205917,37.970524,39.852962,41.941242,43.774452,36.105335,1.0,35.007592265957946,35.0,36.0,36.0,36.0,36.0,0
Loundoungou,BIO_FP_FH__L2A_20260519T043740_20260531T043807_T_G01_M03_C___T033_F003,2026-05-19,53,14,17.040432929992676,2.351653814315796,39.68419647216797,1.0,8649,0.8205999732017517,23.148592864782056,23.922655,41.17133,45.048794,51.440735,53.49417,39.23272,1.0,39.25219596186212,39.0,40.0,40.0,41.0,41.0,0
Loundoungou,BIO_FP_FH__L2A_20260519T043740_20260531T043807_T_G01_M03_C___T033_F003,2026-05-19,53,15,17.041266441345215,2.351653814315796,39.51479721069336,1.0,8649,0.9323999881744385,28.42793512978379,31.198666,43.24419,46.87464,51.62702,53.126286,40.36414,1.0,39.88690923302005,40.0,41.0,41.0,41.0,41.0,0
Loundoungou,BIO_FP_FH__L2A_20260519T043740_20260531T043807_T_G01_M03_C___T033_F003,2026-05-19,53,16,17.042099952697754,2.351653814315796,39.05919647216797,1.0,8649,1.067199945449829,32.750605200023124,36.2851,42.66404,43.481102,44.81111,45.80455,41.566334,1.0,39.215633968353714,40.0,41.0,41.0,41.0,41.0,0
Loundoungou,BIO_FP_FH__L2A_20260519T043740_20260531T043807_T_G01_M03_C___T033_F003,2026-05-19,53,17,17.042933464050293,2.351653814315796,38.53119659423828,1.0,8649,1.1225999593734741,18.27567132038386,16.59567,39.49355,41.39525,45.41135,49.21867,37.386967,1.0,35.32869797732075,35.0,37.0,38.0,39.0,39.0,0
Loundoungou,BIO_FP_FH__L2A_20260519T043740_20260531T043807_T_G01_M03_C___T033_F003,2026-05-19,53,18,17.043766975402832,2.351653814315796,38.5215950012207,1.0,8649,1.117799997329712,13.65129097294485,10.469215,32.71102,35.40686,40.36493,43.282257,27.511848,1.0,34.290234074949296,35.0,37.0,37.0,37.95208740234375,38.0,0
Loundoungou,BIO_FP_FH__L2A_20260519T043740_20260531T043807_T_G01_M03_C___T033_F003,2026-05-19,53,19,17.04460048675537,2.351653814315796,38.55959701538086,1.0,8649,1.100000023841858,25.651869074459476,26.395792,44.308807,46.199657,47.515675,49.953793,40.2107,1.0,37.97388315261451,38.0,39.0,40.0,40.0,40.0,0
Loundoungou,BIO_FP_FH__L2A_20260519T043740_20260531T043807_T_G01_M03_C___T033_F003,2026-05-19,53,20,17.04543399810791,2.351653814315796,38.78639602661133,1.0,8649,1.0942000150680542,25.525723710833624,27.656696,37.27811,39.561626,43.960815,47.463013,35.482124,1.0,38.43410604545072,38.11414337158203,39.0,39.0,39.0,39.0,0
Loundoungou,BIO_FP_FH__L2A_20260519T043740_20260531T043807_T_G01_M03_C___T033_F003,2026-05-19,53,22,17.04710102081299,2.351653814315796,39.084590911865234,0.9988301912612729,8646,0.8718000054359436,21.419461011321733,21.37936,36.208305,39.137527,41.54392,43.497684,33.18354,1.0,36.71911951268611,37.0,37.0,38.0,38.0,38.0,0
Loundoungou,BIO_FP_FH__L2A_20260519T043740_20260531T043807_T_G01_M03_C___T033_F003,2026-05-19,53,23,17.047934532165527,2.351653814315796,36.697391510009766,1.0,8649,0.36480000615119934,31.3193550193664,34.682873,40.00123,40.800255,42.381638,44.879772,39.38872,1.0,37.05087697821582,37.0,38.0,38.0,39.0,39.0,0
Loundoungou,BIO_FP_FH__L2A_20260519T043740_20260531T043807_T_G01_M03_C___T033_F003,2026-05-19,53,24,17.048768043518066,2.351653814315796,35.38139343261719,1.0,8649,0.0,32.97886496993872,35.322594,40.88875,42.454304,44.68059,48.07338,39.73785,1.0,37.66580831258886,38.0,38.0,39.0,39.0,39.0,0
Loundoungou,BIO_FP_FH__L2A_20260519T043740_20260531T043807_T_G01_M03_C___T033_F003,2026-05-19,53,25,17.049601554870605,2.351653814315796,35.33379364013672,1.0,8649,0.0,29.19333069574517,30.156696,41.567722,43.46596,46.5646,48.368324,38.75251,1.0,37.357255577310575,37.0,39.0,39.0,39.0,39.0,0
Loundoungou,BIO_FP_FH__L2A_20260519T043740_20260531T043807_T_G01_M03_C___T033_F003,2026-05-19,53,26,17.050435066223145,2.351653814315796,35.338592529296875,0.9987132724881489,8645,0.029600000008940697,33.381088457216244,34.561905,40.037155,40.922802,41.895332,43.43664,39.32684,1.0,36.861310666662405,37.0,38.0,38.0,38.0,38.0,0
Loundoungou,BIO_FP_FH__L2A_20260519T043740_20260531T043807_T_G01_M03_C___T033_F003,2026-05-19,53,27,17.051268577575684,2.351653814315796,35.562992095947266,1.0,8649,0.147599995136261,30.151881720430108,33.826256,40.2278,41.332253,42.919224,45.09403,39.173874,1.0,36.49696383441524,36.0,37.0,38.0,38.0,38.0,0
Loundoungou,BIO_FP_FH__L2A_20260519T043740_20260531T043807_T_G01_M03_C___T033_F003,2026-05-19,53,28,17.052102088928223,2.351653814315796,35.787391662597656,1.0,8649,0.2655999958515167,30.745093363394613,32.27892,40.71579,42.44674,44.59938,46.810917,39.867954,1.0,37.04795394272925,37.0,38.0,38.0,38.0,38.0,0
Loundoungou,BIO_FP_FH__L2A_20260519T043740_20260531T043807_T_G01_M03_C___T033_F003,2026-05-19,53,29,17.05293560028076,2.351653814315796,36.98591613769531,1.0,8649,0.4880000054836273,26.017912114117237,27.622616,38.84335,40.75003,44.63724,46.427574,37.431942,1.0,37.47116499578957,37.84276580810547,38.0,39.0,39.0,39.0,0
Loundoungou,BIO_FP_FH__L2A_20260519T043740_20260531T043807_T_G01_M03_C___T033_F003,2026-05-19,53,30,17.0537691116333,2.351653814315796,38.94951629638672,1.0,8649,1.0384000539779663,30.705020089027634,33.076504,41.125767,42.888172,44.691113,46.9192,39.125374,1.0,36.444518089404696,37.0,38.0,38.0,38.0,38.0,0
Loundoungou,BIO_FP_FH__L2A_20260519T043740_20260531T043807_T_G01_M03_C___T033_F003,2026-05-19,53,31,17.05460262298584,2.351653814315796,39.38371658325195,1.0,8649,1.0995999574661255,26.909237158920106,29.740583,37.672234,38.772884,40.90454,42.693665,36.330887,1.0,36.73414885668358,37.0,38.0,38.0,38.0,38.0,0
Loundoungou,BIO_FP_FH__L2A_20260519T043740_20260531T043807_T_G01_M03_C___T033_F003,2026-05-19,53,32,17.05543613433838,2.351653814315796,39.17011642456055,1.0,8649,1.061400055885315,30.857918003526418,32.568317,40.83279,42.959328,44.727783,46.852116,39.169662,1.0,37.040628675147005,37.0,38.0,38.0,38.0,38.0,0
Loundoungou,BIO_FP_FH__L2A_20260519T043740_20260531T043807_T_G01_M03_C___T033_F003,2026-05-19,53,33,17.056269645690918,2.351653814315796,38.878116607666016,1.000000028227613,8649,1.0440000295639038,32.53090944709023,34.840637,40.569214,41.619595,42.85887,44.11089,39.838665,1.0,35.88584657144872,36.0,36.24673843383789,37.0,37.0,37.0,0
Loundoungou,BIO_FP_FH__L2A_20260519T043740_20260531T043807_T_G01_M03_C___T033_F003,2026-05-19,53,34,17.057103157043457,2.351653814315796,37.2999153137207,1.0,8649,1.061400055885315,31.166554659498207,33.176254,39.462723,40.52675,42.39545,45.28638,38.569603,1.0,35.509685530912286,36.0,36.0,36.0,36.0,36.0,0
Loundoungou,BIO_FP_FH__L2A_20260519T043740_20260531T043807_T_G01_M03_C___T033_F003,2026-05-19,53,35,17.057936668395996,2.351653814315796,36.304317474365234,1.0,8649,1.0753999948501587,19.671363741473,21.171553,31.03724,32.74425,35.716503,43.65434,29.765062,1.0,35.167362439396726,35.0,36.0,36.0,36.0,36.0,0
Loundoungou,BIO_FP_FH__L2A_20260519T043740_20260531T043807_T_G01_M03_C___T033_F003,2026-05-19,53,36,17.058770179748535,2.351653814315796,36.58991622924805,1.0,8649,0.9861999750137329,20.57241534425945,20.976538,32.374645,35.9883,41.21563,44.860466,30.090471,1.0,36.66162715827623,37.0,38.0,38.0,38.0,38.0,0
Loundoungou,BIO_FP_FH__L2A_20260519T043740_20260531T043807_T_G01_M03_C___T033_F003,2026-05-19,53,37,17.059603691101074,2.351653814315796,36.8612174987793,1.0,8649,1.0958000421524048,27.403107476297837,31.074095,39.914135,41.168888,43.029587,44.66414,38.389214,1.0,37.727643553625434,38.0,38.0,39.0,39.0,39.0,0
Loundoungou,BIO_FP_FH__L2A_20260519T043740_20260531T043807_T_G01_M03_C___T033_F003,2026-05-19,53,38,17.060437202453613,2.351653814315796,37.593414306640625,1.0,8649,1.0673999786376953,28.677309154237484,29.180279,38.435635,40.067116,44.370663,46.093708,36.787426,1.0,36.84281873487988,37.0,38.0,38.0,38.0,38.0,0
Loundoungou,BIO_FP_FH__L2A_20260519T043740_20260531T043807_T_G01_M03_C___T033_F003,2026-05-19,54,16,17.042099952697754,2.350820302963257,40.538597106933594,1.0,8649,1.0676000118255615,26.019957148225227,26.952726,40.320904,42.573376,47.19888,51.06872,36.422592,1.0,38.317274996249964,38.0,39.0,40.0,40.0,40.0,0
Loundoungou,BIO_FP_FH__L2A_20260519T043740_20260531T043807_T_G01_M03_C___T033_F003,2026-05-19,54,17,17.042933464050293,2.350820302963257,39.980194091796875,1.0,8649,1.0723999738693237,32.08074271592091,35.505405,42.686947,44.26091,47.65381,49.548157,41.848335,1.0,34.51312381825098,34.0,37.0,38.0,38.0,38.0,0
Loundoungou,BIO_FP_FH__L2A_20260519T043740_20260531T043807_T_G01_M03_C___T033_F003,2026-05-19,54,18,17.043766975402832,2.350820302963257,40.0027961730957,1.0,8649,1.075600028038025,16.179552910741126,14.39156,37.227306,40.799522,43.255245,44.495747,35.095566,1.0,32.34001693280119,32.0,35.0,35.0,36.0,36.0,0
Loundoungou,BIO_FP_FH__L2A_20260519T043740_20260531T043807_T_G01_M03_C___T033_F003,2026-05-19,54,19,17.04460048675537,2.350820302963257,40.47499465942383,1.0,8649,1.0707999467849731,28.08498814891895,30.50902,37.473408,38.578976,40.927822,43.37518,36.546947,1.0,36.84615898463117,37.0,38.0,38.0,39.0,39.0,0
Loundoungou,BIO_FP_FH__L2A_20260519T043740_20260531T043807_T_G01_M03_C___T033_F003,2026-05-19,54,20,17.04543399810791,2.350820302963257,40.71859359741211,1.0,8649,1.0637999773025513,27.977090920915714,31.432703,41.230324,42.868656,45.477764,47.328014,39.701385,1.0,37.893827332280416,38.0,39.0,39.0,40.0,40.0,0
Loundoungou,BIO_FP_FH__L2A_20260519T043740_20260531T043807_T_G01_M03_C___T033_F003,2026-05-19,54,21,17.04626750946045,2.350820302963257,41.110992431640625,1.0,8649,1.0684000253677368,33.824945441669556,35.638767,42.472122,43.855762,46.22434,48.265427,41.55835,1.0,37.35134927963767,37.0,38.0,38.0,39.0,39.0,0
Loundoungou,BIO_FP_FH__L2A_20260519T043740_20260531T043807_T_G01_M03_C___T033_F003,2026-05-19,54,23,17.047934532165527,2.350820302963257,37.77959060668945,0.9633891528735259,8394,0.4320000112056732,30.082852229360466,33.189793,41.165794,42.515514,44.403664,47.55144,40.315918,1.0,35.28774872800906,37.0,38.0,38.0,38.0,38.0,0
Loundoungou,BIO_FP_FH__L2A_20260519T043740_20260531T043807_T_G01_M03_C___T033_F003,2026-05-19,54,24,17.048768043518066,2.350820302963257,35.515193939208984,1.0,8649,0.0,28.922518137935022,32.329872,39.25387,40.322906,43.791023,45.49849,38.442074,1.0,36.70951708563078,38.0,39.0,39.0,39.0,39.0,0
Loundoungou,BIO_FP_FH__L2A_20260519T043740_20260531T043807_T_G01_M03_C___T033_F003,2026-05-19,54,25,17.049601554870605,2.350820302963257,35.43659210205078,1.0,8649,0.0,30.87950738524685,32.96646,40.318054,42.087223,44.348785,47.018467,38.820114,1.0,37.91256762295186,38.0,38.83935546875,39.0,39.0,39.0,0
Loundoungou,BIO_FP_FH__L2A_20260519T043740_20260531T043807_T_G01_M03_C___T033_F003,2026-05-19,54,26,17.050435066223145,2.350820302963257,35.34359359741211,1.0,8649,0.0,31.282656412591052,32.940277,40.777817,41.900246,43.878246,46.78683,40.15174,1.0,37.200965704925075,37.0,39.0,39.0,39.0,39.0,0
Loundoungou,BIO_FP_FH__L2A_20260519T043740_20260531T043807_T_G01_M03_C___T033_F003,2026-05-19,54,27,17.051268577575684,2.350820302963257,36.10759353637695,1.0,8649,0.47099998593330383,32.12411749190658,33.84109,42.06652,43.88482,46.01378,47.699295,40.16156,1.0,37.152791540944406,37.0,38.0,38.0,38.0,38.0,0
Loundoungou,BIO_FP_FH__L2A_20260519T043740_20260531T043807_T_G01_M03_C___T033_F003,2026-05-19,54,28,17.052102088928223,2.350820302963257,36.68379211425781,1.0,8649,0.8149999976158142,29.4422169470459,30.856096,45.556496,48.02333,50.86891,51.86461,42.62195,1.0,37.724921532704904,38.0,39.0,39.0,39.0,39.0,0
Loundoungou,BIO_FP_FH__L2A_20260519T043740_20260531T043807_T_G01_M03_C___T033_F003,2026-05-19,54,29,17.05293560028076,2.350820302963257,37.53951644897461,1.0,8649,0.9417999982833862,25.519418791189732,25.821999,40.49589,43.168007,47.426258,49.677322,38.87163,1.0,37.26405195231134,38.0,39.0,39.0,39.0,39.0,0
Loundoungou,BIO_FP_FH__L2A_20260519T043740_20260531T043807_T_G01_M03_C___T033_F003,2026-05-19,54,30,17.0537691116333,2.350820302963257,38.634517669677734,1.0,8649,1.0720000267028809,26.269030379234593,27.679739,38.37799,41.373417,43.909016,45.318398,35.956753,1.0,36.757917586992704,37.0,38.0,38.0,39.0,39.0,0
Loundoungou,BIO_FP_FH__L2A_20260519T043740_20260531T043807_T_G01_M03_C___T033_F003,2026-05-19,54,31,17.05460262298584,2.350820302963257,39.08671569824219,1.0,8649,1.1075999736785889,31.878066647878367,34.810905,40.94598,42.177086,43.962383,45.85147,39.882088,1.0,35.77687734426798,36.0,36.0,36.0,37.0,37.0,0
Loundoungou,BIO_FP_FH__L2A_20260519T043740_20260531T043807_T_G01_M03_C___T033_F003,2026-05-19,54,32,17.05543613433838,2.350820302963257,39.083717346191406,0.9999998870895479,8649,1.061400055885315,35.36322065809865,36.749523,41.470062,42.394005,43.85749,45.16638,40.417046,1.0,35.48085762991604,35.01824951171875,36.0,36.0,36.0,36.0,0
Loundoungou,BIO_FP_FH__L2A_20260519T043740_20260531T043807_T_G01_M03_C___T033_F003,2026-05-19,54,33,17.056269645690918,2.350820302963257,37.44871520996094,1.0,8649,1.073199987411499,31.595629733206152,34.1771,39.709343,40.633633,42.02236,44.842644,39.049976,1.0,36.14740426483313,36.0,37.0,37.0,37.0,37.0,0
Loundoungou,BIO_FP_FH__L2A_20260519T043740_20260531T043807_T_G01_M03_C___T033_F003,2026-05-19,54,34,17.057103157043457,2.350820302963257,35.591514587402344,1.0,8649,1.0967999696731567,25.90174261475315,27.27203,37.12459,40.329662,43.12551,45.455635,35.39939,1.0,36.310271111068346,36.0,37.0,38.0,38.0,38.0,0
Loundoungou,BIO_FP_FH__L2A_20260519T043740_20260531T043807_T_G01_M03_C___T033_F003,2026-05-19,54,35,17.057936668395996,2.350820302963257,35.34771728515625,1.0,8649,0.5623999834060669,26.444478769221874,28.292183,36.435787,38.326828,41.027843,42.670933,34.881283,1.0,36.742633315011496,37.0,38.0,38.0,39.0,39.0,0
Loundoungou,BIO_FP_FH__L2A_20260519T043740_20260531T043807_T_G01_M03_C___T033_F003,2026-05-19,54,36,17.058770179748535,2.350820302963257,35.656314849853516,1.0,8649,0.5157999992370605,25.03329774395884,26.340996,37.110588,38.564148,40.750874,44.67002,35.939484,1.0,37.450468853507125,37.00825881958008,39.0,39.0,39.0,39.0,0
Loundoungou,BIO_FP_FH__L2A_20260519T043740_20260531T043807_T_G01_M03_C___T033_F003,2026-05-19,54,37,17.059603691101074,2.350820302963257,35.7982177734375,1.0,8649,1.0262000560760498,28.334943888021737,30.288889,37.740532,39.500668,43.084038,45.579754,37.003296,1.0,38.84602856953057,39.0,40.0,40.0,40.0,40.0,0
Loundoungou,BIO_FP_FH__L2A_20260519T043740_20260531T043807_T_G01_M03_C___T033_F003,2026-05-19,55,16,17.042099952697754,2.3499867916107178,42.14079666137695,0.9621308505679848,8359,1.0513999462127686,32.55908843664349,34.129745,41.534897,42.81238,44.393555,46.092346,40.290173,1.0,38.514020935898365,39.0,39.0,40.0,40.89558029174805,41.0,0
Loundoungou,BIO_FP_FH__L2A_20260519T043740_20260531T043807_T_G01_M03_C___T033_F003,2026-05-19,55,17,17.042933464050293,2.3499867916107178,41.349796295166016,1.0,8649,1.0441999435424805,35.17689816019193,37.653244,42.627422,43.4383,44.733616,46.169384,41.921917,1.0,36.939370201976196,37.0,39.0,39.0,39.0,39.0,0
Loundoungou,BIO_FP_FH__L2A_20260519T043740_20260531T043807_T_G01_M03_C___T033_F003,2026-05-19,55,18,17.043766975402832,2.3499867916107178,40.855796813964844,1.0,8649,1.049399971961975,18.919674601109953,19.524857,39.56131,42.118336,43.83483,44.785812,37.017582,1.0,34.249643910425995,34.259830474853516,35.0,36.0,36.0,36.0,0
Loundoungou,BIO_FP_FH__L2A_20260519T043740_20260531T043807_T_G01_M03_C___T033_F003,2026-05-19,55,19,17.04460048675537,2.3499867916107178,41.03959655761719,1.0,8649,1.0582000017166138,22.25249667591629,22.175055,37.518906,41.448444,45.113037,46.698215,34.797363,1.0,35.799315684681645,36.0,38.0,39.0,39.0,39.0,0
Loundoungou,BIO_FP_FH__L2A_20260519T043740_20260531T043807_T_G01_M03_C___T033_F003,2026-05-19,55,20,17.04543399810791,2.3499867916107178,40.807796478271484,1.0,8649,1.0698000192642212,24.01457990085559,24.876068,38.323997,40.262833,43.34421,45.974014,36.11681,1.0,38.43655630987853,39.0,40.0,40.0,40.0,40.0,0
Loundoungou,BIO_FP_FH__L2A_20260519T043740_20260531T043807_T_G01_M03_C___T033_F003,2026-05-19,55,21,17.04626750946045,2.3499867916107178,39.60859298706055,1.0,8649,1.0892000198364258,30.97880444993641,33.732372,40.938057,42.298935,43.701176,47.04362,40.031837,1.0,38.85668606492933,39.0,40.0,40.0,40.0,40.0,0
Loundoungou,BIO_FP_FH__L2A_20260519T043740_20260531T043807_T_G01_M03_C___T033_F003,2026-05-19,55,22,17.04710102081299,2.3499867916107178,39.13359069824219,1.0,8649,1.0492000579833984,26.362699986992716,30.23838,41.765785,43.79777,46.57922,50.39966,39.579712,1.0,37.57452188368987,37.776405334472656,39.0,39.0,39.0,39.0,0
Loundoungou,BIO_FP_FH__L2A_20260519T043740_20260531T043807_T_G01_M03_C___T033_F003,2026-05-19,55,23,17.047934532165527,2.3499867916107178,37.712791442871094,1.0,8649,0.5464000105857849,22.885103227251705,23.394258,37.291077,39.42005,41.979065,44.761135,34.955627,1.0,36.653825712474124,37.0,37.0,38.0,38.0,38.0,0
Loundoungou,BIO_FP_FH__L2A_20260519T043740_20260531T043807_T_G01_M03_C___T033_F003,2026-05-19,55,24,17.048768043518066,2.3499867916107178,35.79559326171875,1.0,8649,0.04839999973773956,29.069115649208,30.747576,39.91488,41.530117,43.923946,46.696133,38.671165,1.0,37.24830380317476,37.0,38.0,38.0,39.0,39.0,0
Loundoungou,BIO_FP_FH__L2A_20260519T043740_20260531T043807_T_G01_M03_C___T033_F003,2026-05-19,55,25,17.049601554870605,2.3499867916107178,35.476993560791016,1.0,8649,0.0,26.36661030176899,28.482546,39.993732,41.419117,43.241547,45.117573,38.542786,1.0,37.514977009561875,38.0,38.0,39.0,39.0,39.0,0
Loundoungou,BIO_FP_FH__L2A_20260519T043740_20260531T043807_T_G01_M03_C___T033_F003,2026-05-19,55,26,17.050435066223145,2.3499867916107178,35.42259216308594,1.0,8649,0.0,26.372491581396694,27.979101,38.239315,41.1456,44.258945,46.06414,35.817047,1.0,37.03166982884737,37.0,38.0,38.0,38.0,38.0,0
Loundoungou,BIO_FP_FH__L2A_20260519T043740_20260531T043807_T_G01_M03_C___T033_F003,2026-05-19,55,27,17.051268577575684,2.3499867916107178,36.49319076538086,1.0,8649,0.3662000000476837,29.870627204012024,32.01254,38.65363,39.55279,41.36054,44.969913,37.327805,1.0,37.64863655759856,38.0,38.0,38.0,38.0,38.0,0
Loundoungou,BIO_FP_FH__L2A_20260519T043740_20260531T043807_T_G01_M03_C___T033_F003,2026-05-19,55,28,17.052102088928223,2.3499867916107178,37.76839065551758,1.0,8649,0.8748000264167786,29.872731854838708,30.780275,38.96508,40.46524,42.571846,44.97299,38.14965,1.0,37.917616510407775,38.0,39.0,39.0,39.0,39.0,0
Loundoungou,BIO_FP_FH__L2A_20260519T043740_20260531T043807_T_G01_M03_C___T033_F003,2026-05-19,55,29,17.05293560028076,2.3499867916107178,37.601715087890625,1.0,8649,1.1083999872207642,28.387770623771534,31.455505,40.660213,41.890446,43.351814,45.20432,39.750507,1.0,38.01504931415157,38.0,39.0,39.0,39.0,39.0,0
Loundoungou,BIO_FP_FH__L2A_20260519T043740_20260531T043807_T_G01_M03_C___T033_F003,2026-05-19,55,30,17.0537691116333,2.3499867916107178,37.92791748046875,1.0,8649,1.1239999532699585,29.22187716788068,32.182835,38.68632,40.12652,42.263416,43.711452,37.774208,1.0,37.21247786187701,37.0,38.0,38.63898849487305,39.0,39.0,0
Loundoungou,BIO_FP_FH__L2A_20260519T043740_20260531T043807_T_G01_M03_C___T033_F003,2026-05-19,55,31,17.05460262298584,2.3499867916107178,38.35011672973633,1.000000056455226,8649,1.1100000143051147,31.03100526484472,33.51708,41.052166,44.383244,50.833725,52.7336,38.663597,1.0,36.8086336051843,37.0,37.0,37.0,37.0,37.0,0
Loundoungou,BIO_FP_FH__L2A_20260519T043740_20260531T043807_T_G01_M03_C___T033_F003,2026-05-19,55,32,17.05543613433838,2.3499867916107178,37.28391647338867,0.9999998306343219,8649,1.0989999771118164,29.313898731388754,33.172024,41.16227,42.702026,44.50148,46.591244,40.01629,1.0,36.42714320630583,36.0,37.0,37.0,38.0,38.0,0
Loundoungou,BIO_FP_FH__L2A_20260519T043740_20260531T043807_T_G01_M03_C___T033_F003,2026-05-19,55,33,17.056269645690918,2.3499867916107178,35.416114807128906,1.0,8649,1.1160000562667847,19.70374465256099,19.431372,36.14732,39.2134,42.213226,45.729992,33.337013,1.0,36.874844088307945,37.0,38.0,38.0,38.0,38.0,0
Loundoungou,BIO_FP_FH__L2A_20260519T043740_20260531T043807_T_G01_M03_C___T033_F003,2026-05-19,55,34,17.057103157043457,2.3499867916107178,34.685115814208984,1.0,8649,0.7142000198364258,20.720346102150536,21.006165,37.367184,38.859055,41.089645,44.996635,35.70064,1.0,37.70699533389089,38.0,38.0,39.0,39.0,39.0,0
Loundoungou,BIO_FP_FH__L2A_20260519T043740_20260531T043807_T_G01_M03_C___T033_F003,2026-05-19,55,35,17.057936668395996,2.3499867916107178,34.50711441040039,1.0,8649,0.10360000282526016,29.540490591397848,31.742535,38.997765,40.086502,41.68034,43.34312,37.95916,1.0,38.19002723848217,38.0,39.0,39.0,39.0,39.0,0
Loundoungou,BIO_FP_FH__L2A_20260519T043740_20260531T043807_T_G01_M03_C___T033_F003,2026-05-19,55,36,17.058770179748535,2.3499867916107178,34.656314849853516,1.0,8649,0.4307999908924103,27.020404273615448,29.22792,40.54832,42.137493,43.63984,46.146782,38.983727,1.0,37.99707978771579,38.0,39.0,39.0,39.0,40.0,0
Loundoungou,BIO_FP_FH__L2A_20260519T043740_20260531T043807_T_G01_M03_C___T033_F003,2026-05-19,56,17,17.042933464050293,2.3491532802581787,41.519195556640625,0.9856015462408949,8543,1.0398000478744507,27.895832481293795,28.999664,38.08357,39.482353,41.720375,43.949234,37.16577,1.0,38.23771754015745,38.0,39.0,39.0,40.0,40.0,0
Loundoungou,BIO_FP_FH__L2A_20260519T043740_20260531T043807_T_G01_M03_C___T033_F003,2026-05-19,56,18,17.043766975402832,2.3491532802581787,40.817195892333984,1.0,8649,1.0399999618530273,22.432424449358308,24.409613,36.690434,38.830093,41.369297,43.30353,34.468033,1.0,33.876344708352164,34.0,36.0,36.0,37.0,37.0,0
Loundoungou,BIO_FP_FH__L2A_20260519T043740_20260531T043807_T_G01_M03_C___T033_F003,2026-05-19,56,19,17.04460048675537,2.3491532802581787,41.000396728515625,1.0,8649,1.065000057220459,18.73187200109839,21.281689,35.62352,37.149036,39.13141,41.482365,33.79667,1.0,31.865046225389122,31.799631118774414,35.0,35.0,36.0,36.0,0
Loundoungou,BIO_FP_FH__L2A_20260519T043740_20260531T043807_T_G01_M03_C___T033_F003,2026-05-19,56,20,17.04543399810791,2.3491532802581787,41.07599639892578,1.0,8649,1.0836000442504883,28.904474144409757,30.932878,37.11649,38.32315,40.73286,42.474476,35.720726,1.0,36.52203967830655,36.0,39.0,39.0,40.0,40.0,0
Loundoungou,BIO_FP_FH__L2A_20260519T043740_20260531T043807_T_G01_M03_C___T033_F003,2026-05-19,56,21,17.04626750946045,2.3491532802581787,39.5767936706543,1.0,8649,1.1044000387191772,33.77896107931553,35.58731,42.967182,44.55686,46.953022,48.779037,41.49945,1.0,39.36461999350468,39.0,41.0,41.0,41.0,41.0,0
Loundoungou,BIO_FP_FH__L2A_20260519T043740_20260531T043807_T_G01_M03_C___T033_F003,2026-05-19,56,22,17.04710102081299,2.3491532802581787,38.27239227294922,1.0,8649,1.1180000305175781,28.25363300670598,30.336487,39.11057,40.783478,43.49008,45.365463,37.24146,1.0,38.46225833705373,39.0,39.0,39.0,39.0,39.0,0
Loundoungou,BIO_FP_FH__L2A_20260519T043740_20260531T043807_T_G01_M03_C___T033_F003,2026-05-19,56,23,17.047934532165527,2.3491532802581787,36.924591064453125,1.0,8649,0.656000018119812,28.789151021794428,30.95149,38.12913,39.49871,42.43414,45.36514,37.28935,1.0,38.12377955798042,38.0,39.0,39.0,39.0,39.0,0
Loundoungou,BIO_FP_FH__L2A_20260519T043740_20260531T043807_T_G01_M03_C___T033_F003,2026-05-19,56,24,17.048768043518066,2.3491532802581787,35.82179260253906,1.0,8649,0.14380000531673431,32.149236002717075,33.607227,39.5462,42.034622,46.43056,48.189808,38.645016,1.0,37.576682550450364,37.0,39.0,39.0,39.0,39.0,0
Loundoungou,BIO_FP_FH__L2A_20260519T043740_20260531T043807_T_G01_M03_C___T033_F003,2026-05-19,56,25,17.049601554870605,2.3491532802581787,35.886192321777344,1.0,8649,0.0,32.21633010319112,34.717167,41.66136,42.739986,44.48872,46.578903,40.45748,1.0,38.120659214566246,38.0,39.0,39.0,40.0,40.0,0
Loundoungou,BIO_FP_FH__L2A_20260519T043740_20260531T043807_T_G01_M03_C___T033_F003,2026-05-19,56,26,17.050435066223145,2.3491532802581787,36.043392181396484,1.0,8649,0.0,30.742475647473697,32.013096,38.353485,40.27412,43.053978,45.26269,37.56889,1.0,37.583508463619296,38.0,38.0,38.0,39.0,39.0,0
Loundoungou,BIO_FP_FH__L2A_20260519T043740_20260531T043807_T_G01_M03_C___T033_F003,2026-05-19,56,27,17.051268577575684,2.3491532802581787,37.363990783691406,1.0,8649,0.2687999904155731,29.725609535784482,32.625946,41.15812,44.85473,46.80711,48.124702,39.290783,1.0,37.61927310689114,38.0,38.0,39.0,39.0,39.0,0
Loundoungou,BIO_FP_FH__L2A_20260519T043740_20260531T043807_T_G01_M03_C___T033_F003,2026-05-19,56,28,17.052102088928223,2.3491532802581787,39.70799255371094,1.0,8649,0.7703999876976013,29.303998294600532,32.229195,39.462547,41.47596,44.998676,47.70826,38.10948,1.0,37.4467697606664,37.0,39.0,39.0,39.0,39.0,0
Loundoungou,BIO_FP_FH__L2A_20260519T043740_20260531T043807_T_G01_M03_C___T033_F003,2026-05-19,56,29,17.05293560028076,2.3491532802581787,39.85331726074219,1.0,8649,1.063599944114685,27.47854882067291,30.7742,38.844418,40.37796,42.40851,44.28371,37.69078,1.0,38.24214758218568,38.0,39.0,39.0,39.0,39.0,0
Loundoungou,BIO_FP_FH__L2A_20260519T043740_20260531T043807_T_G01_M03_C___T033_F003,2026-05-19,56,30,17.0537691116333,2.3491532802581787,38.63551712036133,0.9999999153171609,8649,1.0967999696731567,30.672443052973552,33.933064,40.346153,41.707165,43.52788,45.213913,39.47155,1.0,37.659227958923545,38.0,39.0,39.0,39.0,39.0,0
Loundoungou,BIO_FP_FH__L2A_20260519T043740_20260531T043807_T_G01_M03_C___T033_F003,2026-05-19,56,31,17.05460262298584,2.3491532802581787,37.32871627807617,1.000000084682839,8649,1.121999979019165,25.725426700558994,26.96189,37.536366,39.632442,44.466774,51.467587,34.155346,1.0,36.77436364004413,37.0,37.0,37.0,38.0,38.0,0
Loundoungou,BIO_FP_FH__L2A_20260519T043740_20260531T043807_T_G01_M03_C___T033_F003,2026-05-19,56,32,17.05543613433838,2.3491532802581787,35.983917236328125,1.0,8649,1.1200000047683716,22.672538913458204,23.551304,35.902466,37.35321,40.0516,42.8466,33.28147,1.0,37.198022386134326,37.0,38.0,38.0,38.0,38.0,0
Loundoungou,BIO_FP_FH__L2A_20260519T043740_20260531T043807_T_G01_M03_C___T033_F003,2026-05-19,56,33,17.056269645690918,2.3491532802581787,34.50991439819336,1.0,8649,0.8866000175476074,19.664833904208578,19.67253,33.319065,36.351414,39.216324,41.790134,30.458927,1.0,38.41943416138965,38.0,39.0,40.0,40.0,40.0,0
Loundoungou,BIO_FP_FH__L2A_20260519T043740_20260531T043807_T_G01_M03_C___T033_F003,2026-05-19,56,34,17.057103157043457,2.3491532802581787,34.31931686401367,1.0,8649,0.27639999985694885,19.883704040929587,18.071154,38.026764,39.494938,42.189457,45.922012,35.033737,1.0,38.604782261508284,39.0,39.0,40.0,40.0,40.0,0
Loundoungou,BIO_FP_FH__L2A_20260519T043740_20260531T043807_T_G01_M03_C___T033_F003,2026-05-19,56,35,17.057936668395996,2.3491532802581787,33.98831558227539,1.0,8649,0.0,30.678447291594402,32.87566,38.166824,40.22204,42.567787,44.81296,37.33301,1.0,37.91070752910747,38.0,38.02812194824219,39.0,39.0,39.0,0
Loundoungou,BIO_FP_FH__L2A_20260519T043740_20260531T043807_T_G01_M03_C___T033_F003,2026-05-19,56,36,17.058770179748535,2.3491532802581787,33.92431640625,0.904967845361458,7863,0.3255999982357025,23.00822372884359,24.596666,38.305035,40.2064,42.408764,44.174328,35.0931,1.0,37.91616167599293,38.0,39.0,39.0,39.0,39.0,0
Loundoungou,BIO_FP_FH__L2A_20260519T043740_20260531T043807_T_G01_M03_C___T033_F003,2026-05-19,57,18,17.043766975402832,2.3483197689056396,40.881195068359375,0.9939296800479102,8608,1.0312000513076782,28.030704614192253,29.970854,40.85075,43.177326,46.11741,48.160324,39.419582,1.0,35.140686616248125,35.0,38.0,39.0,39.0,39.67224,0
Loundoungou,BIO_FP_FH__L2A_20260519T043740_20260531T043807_T_G01_M03_C___T033_F003,2026-05-19,57,19,17.04460048675537,2.3483197689056396,41.118995666503906,1.0,8649,1.051800012588501,14.669712539021852,12.593231,33.530308,35.16937,37.03924,39.8862,31.932436,1.0,30.396756609818443,30.0,32.028175354003906,33.0,33.0,33.83612,0
Loundoungou,BIO_FP_FH__L2A_20260519T043740_20260531T043807_T_G01_M03_C___T033_F003,2026-05-19,57,20,17.04543399810791,2.3483197689056396,41.36619567871094,1.0,8649,1.0757999420166016,22.66256304919644,23.84058,36.512325,37.759262,39.98533,44.980225,35.466915,1.0,35.13159086624589,35.0,37.0,38.0,38.0,38.83612,0
Loundoungou,BIO_FP_FH__L2A_20260519T043740_20260531T043807_T_G01_M03_C___T033_F003,2026-05-19,57,21,17.04626750946045,2.3483197689056396,40.850791931152344,1.0,8649,1.0809999704360962,29.172823447797434,31.88042,40.14798,41.95552,44.29182,46.49261,38.59848,1.0,38.52205879942697,38.864295959472656,40.0,40.0,40.0,40.0,0
Loundoungou,BIO_FP_FH__L2A_20260519T043740_20260531T043807_T_G01_M03_C___T033_F003,2026-05-19,57,22,17.04710102081299,2.3483197689056396,39.67299270629883,1.0,8649,1.0917999744415283,28.194151780552666,30.405464,40.92395,42.052105,46.245987,49.123573,39.68678,1.0,38.533265687975806,38.0,40.0,41.0,41.0,41.0,0
Loundoungou,BIO_FP_FH__L2A_20260519T043740_20260531T043807_T_G01_M03_C___T033_F003,2026-05-19,57,23,17.047934532165527,2.3483197689056396,37.873992919921875,1.0,8649,0.7134000062942505,27.47591123251243,29.999718,39.692574,40.993702,42.691944,45.217278,38.00246,1.0,38.40099783844583,38.0,39.0,39.0,39.0,39.83612,0
Loundoungou,BIO_FP_FH__L2A_20260519T043740_20260531T043807_T_G01_M03_C___T033_F003,2026-05-19,57,24,17.048768043518066,2.3483197689056396,35.941192626953125,1.0,8649,0.22619999945163727,24.311948093710257,28.413176,35.935,37.040462,39.408802,42.322277,34.768574,1.0,38.06508052780499,38.0,39.0,39.0,39.0,39.0,0
Loundoungou,BIO_FP_FH__L2A_20260519T043740_20260531T043807_T_G01_M03_C___T033_F003,2026-05-19,57,25,17.049601554870605,2.3483197689056396,35.74419403076172,1.0,8649,0.0,31.326935375476936,34.545166,39.065327,39.945446,41.389534,43.560055,38.488464,1.0,37.485799113950755,38.0,38.0,38.0,39.0,39.0,0
Loundoungou,BIO_FP_FH__L2A_20260519T043740_20260531T043807_T_G01_M03_C___T033_F003,2026-05-19,57,26,17.050435066223145,2.3483197689056396,36.27239227294922,1.0,8649,0.004999999888241291,23.59225596889814,24.337303,38.59764,40.38712,42.50262,43.920216,37.21318,1.0,36.762681841753796,37.0,38.0,38.0,38.0,38.0,0
Loundoungou,BIO_FP_FH__L2A_20260519T043740_20260531T043807_T_G01_M03_C___T033_F003,2026-05-19,57,27,17.051268577575684,2.3483197689056396,37.502593994140625,1.0,8649,0.1746000051498413,33.07637262978379,35.6247,41.347984,42.965363,46.16719,48.145187,40.827835,1.0,37.4818514333128,38.0,38.0,38.0,38.0,38.0,0
Loundoungou,BIO_FP_FH__L2A_20260519T043740_20260531T043807_T_G01_M03_C___T033_F003,2026-05-19,57,28,17.052102088928223,2.3483197689056396,39.87839126586914,1.0,8649,0.6747999787330627,33.6687740273442,35.26975,41.436443,42.517265,44.17815,46.710632,40.339622,1.0,36.856478527138336,37.0,38.0,38.0,38.0,38.0,0
Loundoungou,BIO_FP_FH__L2A_20260519T043740_20260531T043807_T_G01_M03_C___T033_F003,2026-05-19,57,29,17.05293560028076,2.3483197689056396,41.01791763305664,0.9999998870895479,8649,1.0298000574111938,33.41992316442869,35.62304,40.516613,42.272022,44.971153,47.499535,39.545246,1.0,37.23053838046442,37.0,38.0,38.0,38.0,38.0,0
Loundoungou,BIO_FP_FH__L2A_20260519T043740_20260531T043807_T_G01_M03_C___T033_F003,2026-05-19,57,30,17.0537691116333,2.3483197689056396,39.3353157043457,1.000000028227613,8649,1.0535999536514282,30.212543588725946,32.970284,38.89938,40.409615,42.984333,45.36227,38.311314,1.0,37.11737575921341,37.0,38.0,38.0,39.0,39.0,0
Loundoungou,BIO_FP_FH__L2A_20260519T043740_20260531T043807_T_G01_M03_C___T033_F003,2026-05-19,57,31,17.05460262298584,2.3483197689056396,37.744117736816406,1.0,8649,1.085800051689148,31.662255932766794,36.164425,42.120125,43.136013,44.472473,46.265,41.395508,1.0,37.39450440465791,37.0,38.0,39.0,39.0,39.0,0
Loundoungou,BIO_FP_FH__L2A_20260519T043740_20260531T043807_T_G01_M03_C___T033_F003,2026-05-19,57,32,17.05543613433838,2.3483197689056396,36.34491729736328,1.0,8649,0.9864000082015991,16.139020768296913,14.363551,33.31879,36.033333,40.463425,43.35406,29.094872,1.0,37.18804553170082,37.0,38.0,38.922218322753906,39.0,39.0,0
Loundoungou,BIO_FP_FH__L2A_20260519T043740_20260531T043807_T_G01_M03_C___T033_F003,2026-05-19,57,33,17.056269645690918,2.3483197689056396,34.69031524658203,1.0,8649,0.42899999022483826,18.919992556943,19.928343,31.146185,33.852745,39.283188,42.04443,28.16683,1.0,39.07345895483833,39.0,40.0,40.0,40.0,40.0,0
Loundoungou,BIO_FP_FH__L2A_20260519T043740_20260531T043807_T_G01_M03_C___T033_F003,2026-05-19,57,34,17.057103157043457,2.3483197689056396,33.977516174316406,1.0,8649,0.0,29.241053879061162,32.950478,39.923504,41.408886,43.915535,46.153744,39.185997,1.0,39.27232633015781,39.0,40.0,40.0,40.0,40.0,0
Loundoungou,BIO_FP_FH__L2A_20260519T043740_20260531T043807_T_G01_M03_C___T033_F003,2026-05-19,58,19,17.04460048675537,2.3474862575531006,41.40139389038086,0.9823489348479593,8521,1.0441999435424805,24.646148017849605,30.74881,38.11541,40.337418,43.818943,46.442562,36.97018,1.0,35.02765133086209,35.0,37.0,38.0,38.0,38.0,0
Loundoungou,BIO_FP_FH__L2A_20260519T043740_20260531T043807_T_G01_M03_C___T033_F003,2026-05-19,58,20,17.04543399810791,2.3474862575531006,41.625797271728516,1.0,8649,1.059999942779541,30.7656412591051,35.1029,41.115093,42.35226,45.472816,46.80342,40.506027,1.0,36.517285751323364,36.0,38.0,39.0,39.0,39.0,0
Loundoungou,BIO_FP_FH__L2A_20260519T043740_20260531T043807_T_G01_M03_C___T033_F003,2026-05-19,58,21,17.04626750946045,2.3474862575531006,41.248992919921875,1.0,8649,1.068600058555603,28.57205493409643,32.08573,38.06251,39.24068,41.102707,44.012108,37.1059,1.0,38.35998341973524,38.0,39.0,39.0,40.0,40.0,0
Loundoungou,BIO_FP_FH__L2A_20260519T043740_20260531T043807_T_G01_M03_C___T033_F003,2026-05-19,58,22,17.04710102081299,2.3474862575531006,40.649391174316406,1.0,8649,1.0700000524520874,32.96011280205804,36.960735,42.09681,43.56995,47.2823,49.222057,40.90049,1.0,38.275870942975736,38.0,39.0,40.0,40.0,40.0,0
Loundoungou,BIO_FP_FH__L2A_20260519T043740_20260531T043807_T_G01_M03_C___T033_F003,2026-05-19,58,23,17.047934532165527,2.3474862575531006,39.216392517089844,1.0,8649,0.7748000025749207,33.45636146519829,35.353672,40.028023,41.257282,43.26098,46.65789,39.20287,1.0,38.86870710223186,39.0,40.0,40.0,40.0,40.0,0
Loundoungou,BIO_FP_FH__L2A_20260519T043740_20260531T043807_T_G01_M03_C___T033_F003,2026-05-19,58,24,17.048768043518066,2.3474862575531006,37.17799377441406,1.0,8649,0.30059999227523804,29.592352620245116,32.60121,39.4322,41.290905,43.810043,45.3839,37.813847,1.0,38.10602651043205,38.0,39.0,40.0,40.0,40.0,0
Loundoungou,BIO_FP_FH__L2A_20260519T043740_20260531T043807_T_G01_M03_C___T033_F003,2026-05-19,58,25,17.049601554870605,2.3474862575531006,36.21759033203125,1.0,8649,0.19280000030994415,28.276510470863684,32.334454,38.51027,39.57685,41.964836,43.81904,37.500137,1.0,37.91714651138883,38.0,39.0,39.0,39.0,39.0,0
Loundoungou,BIO_FP_FH__L2A_20260519T043740_20260531T043807_T_G01_M03_C___T033_F003,2026-05-19,58,26,17.050435066223145,2.3474862575531006,37.0497932434082,1.0,8649,0.5605999827384949,27.12893560671754,30.459776,39.53278,41.10734,44.26236,47.684475,37.84773,1.0,37.40549944541209,37.0,39.0,39.0,39.0,39.0,0
Loundoungou,BIO_FP_FH__L2A_20260519T043740_20260531T043807_T_G01_M03_C___T033_F003,2026-05-19,58,27,17.051268577575684,2.3474862575531006,38.014991760253906,1.0,8649,0.6692000031471252,28.80932224823679,31.411007,42.099243,43.370163,44.682415,45.590878,40.990482,1.0,36.658880861167454,37.0,38.0,38.0,38.0,39.0,0
Loundoungou,BIO_FP_FH__L2A_20260519T043740_20260531T043807_T_G01_M03_C___T033_F003,2026-05-19,58,28,17.052102088928223,2.3474862575531006,40.0059928894043,1.000000028227613,8649,0.734000027179718,32.61666448137902,34.249035,40.68941,42.09186,43.84006,44.766174,39.53019,1.0,35.69201550994778,36.0,36.0,36.763187408447266,37.0,37.0,0
Loundoungou,BIO_FP_FH__L2A_20260519T043740_20260531T043807_T_G01_M03_C___T033_F003,2026-05-19,58,29,17.05293560028076,2.3474862575531006,41.72451400756836,0.999999971772387,8649,1.0161999464035034,26.940770647165753,28.2179,37.436275,38.796524,40.528175,43.224876,35.72963,1.0,36.45540085659232,36.0,37.0,37.0,37.0,37.711967,0
Loundoungou,BIO_FP_FH__L2A_20260519T043740_20260531T043807_T_G01_M03_C___T033_F003,2026-05-19,58,30,17.0537691116333,2.3474862575531006,39.98151779174805,1.0,8649,1.0327999591827393,31.329176422129727,33.26475,43.79611,45.1,46.59252,48.09252,42.646744,1.0,37.463616468518,37.0,38.0,39.0,39.0,39.0,0
Loundoungou,BIO_FP_FH__L2A_20260519T043740_20260531T043807_T_G01_M03_C___T033_F003,2026-05-19,58,31,17.05460262298584,2.3474862575531006,38.26511764526367,1.0,8649,1.0492000579833984,35.599290741704245,38.087627,43.2719,44.078957,45.365543,47.263805,42.511425,1.0,38.20877441580908,38.0,39.0,39.0,40.0,40.0,0
Loundoungou,BIO_FP_FH__L2A_20260519T043740_20260531T043807_T_G01_M03_C___T033_F003,2026-05-19,58,32,17.05543613433838,2.3474862575531006,37.070316314697266,1.0,8649,0.8180000185966492,25.68269272459244,28.629742,41.047882,43.495102,46.465595,48.774326,37.82294,1.0,37.6795058606029,38.0,39.0,39.0,39.0,39.0,0
Loundoungou,BIO_FP_FH__L2A_20260519T043740_20260531T043807_T_G01_M03_C___T033_F003,2026-05-19,58,33,17.056269645690918,2.3474862575531006,35.84071731567383,1.0,8649,0.48579999804496765,27.627223884264076,28.517118,41.063293,43.620644,46.09346,47.78251,39.380287,1.0,37.93542588042419,38.0,39.0,39.0,40.0,40.0,0
Loundoungou,BIO_FP_FH__L2A_20260519T043740_20260531T043807_T_G01_M03_C___T033_F003,2026-05-19,59,20,17.04543399810791,2.3466527462005615,41.74275588989258,0.9923664348389265,8603,1.0492000579833984,22.20133050308092,26.067421,39.074223,40.83215,43.88884,45.984764,37.866283,1.0,36.694327283972385,37.0,38.0,38.0,38.0,38.0,0
Loundoungou,BIO_FP_FH__L2A_20260519T043740_20260531T043807_T_G01_M03_C___T033_F003,2026-05-19,59,21,17.04626750946045,2.3466527462005615,41.577537536621094,1.0,8649,1.0507957935333252,33.46529674673373,35.460205,41.9472,43.43337,45.03109,47.487583,40.772896,1.0,37.67115485890089,38.0,38.0,39.0,39.0,39.0,0
Loundoungou,BIO_FP_FH__L2A_20260519T043740_20260531T043807_T_G01_M03_C___T033_F003,2026-05-19,59,22,17.04710102081299,2.3466527462005615,41.07613754272461,1.0,8649,1.0469958782196045,34.80929966614637,36.897232,43.166573,44.06659,45.454105,46.761894,42.430157,1.0,37.80377562901425,38.0,38.0,38.0,39.0,39.0,0
Loundoungou,BIO_FP_FH__L2A_20260519T043740_20260531T043807_T_G01_M03_C___T033_F003,2026-05-19,59,23,17.047934532165527,2.3466527462005615,39.94833755493164,1.0,8649,0.8463958501815796,27.696404569892472,30.795048,38.485043,39.457,40.967487,42.332516,37.6296,1.0,38.33580790350018,38.0,39.0,40.0,40.0,40.0,0
Loundoungou,BIO_FP_FH__L2A_20260519T043740_20260531T043807_T_G01_M03_C___T033_F003,2026-05-19,59,24,17.048768043518066,2.3466527462005615,38.148338317871094,1.0,8649,0.3901958167552948,26.727949943635103,29.597275,38.36608,40.73384,43.26225,45.51077,37.209507,1.0,38.85774221253789,39.0,40.0,40.0,40.0,40.0,0
Loundoungou,BIO_FP_FH__L2A_20260519T043740_20260531T043807_T_G01_M03_C___T033_F003,2026-05-19,59,25,17.049601554870605,2.3466527462005615,36.68833923339844,1.0,8649,0.0841958224773407,20.688758274077927,22.531317,39.316063,41.15938,42.84849,44.413746,36.088913,1.0,37.790170861194696,38.0,39.0,39.0,39.0,39.0,0
Loundoungou,BIO_FP_FH__L2A_20260519T043740_20260531T043807_T_G01_M03_C___T033_F003,2026-05-19,59,26,17.050435066223145,2.3466527462005615,37.59394073486328,1.0,8649,0.610795795917511,28.776349686379927,31.287998,39.31669,40.487957,42.979023,46.329594,38.268482,1.0,37.97220179866209,38.0,39.0,40.0,40.0,40.0,0
Loundoungou,BIO_FP_FH__L2A_20260519T043740_20260531T043807_T_G01_M03_C___T033_F003,2026-05-19,59,27,17.051268577575684,2.3466527462005615,38.62833786010742,1.000000112910452,8649,1.1157958507537842,31.232900024467693,32.915203,39.536457,41.642456,46.245323,48.112766,38.69813,1.0,37.5726762154789,38.0,38.0,39.0,39.0,39.0,0
Loundoungou,BIO_FP_FH__L2A_20260519T043740_20260531T043807_T_G01_M03_C___T033_F003,2026-05-19,59,28,17.052102088928223,2.3466527462005615,39.96614074707031,0.999999971772387,8649,1.0681958198547363,30.2818488285385,33.00195,38.691925,39.95544,42.026157,43.504566,37.671474,1.0,37.39754194192823,38.0,38.0,38.253257751464844,39.0,39.0,0
Loundoungou,BIO_FP_FH__L2A_20260519T043740_20260531T043807_T_G01_M03_C___T033_F003,2026-05-19,59,29,17.05293560028076,2.3466527462005615,41.640098571777344,1.0,8649,1.0142302513122559,25.517413501560874,26.203232,40.142315,42.391464,43.95013,45.78571,37.562363,1.0,36.71352581994935,37.0,38.0,38.0,38.0,39.0,0
Loundoungou,BIO_FP_FH__L2A_20260519T043740_20260531T043807_T_G01_M03_C___T033_F003,2026-05-19,59,30,17.0537691116333,2.3466527462005615,41.04169845581055,1.0,8649,1.0186302661895752,28.878652878945545,30.629559,42.235634,44.367184,46.515427,47.572758,41.14893,1.0,37.95127331622006,38.0,39.0,39.0,39.0,39.0,0
Loundoungou,BIO_FP_FH__L2A_20260519T043740_20260531T043807_T_G01_M03_C___T033_F003,2026-05-19,59,31,17.05460262298584,2.3466527462005615,39.40549850463867,1.0,8649,1.0348302125930786,29.49615472164412,32.238594,38.887802,40.433285,43.79249,47.047962,38.038334,1.0,38.87306529660489,39.0,40.0,40.0,40.0,40.0,0
Loundoungou,BIO_FP_FH__L2A_20260519T043740_20260531T043807_T_G01_M03_C___T033_F003,2026-05-19,59,32,17.05543613433838,2.3466527462005615,38.48849868774414,1.0,8649,1.0450302362442017,30.858334417273674,32.728947,40.03692,42.161182,47.60245,48.924313,38.783,1.0,38.085091677218145,38.0,39.0,39.0,40.0,40.0,0
Loundoungou,BIO_FP_FH__L2A_20260519T043740_20260531T043807_T_G01_M03_C___T033_F003,2026-05-19,60,21,17.04626750946045,2.3458192348480225,41.72513961791992,0.9331311841054601,8087,1.0405957698822021,29.74391570973739,31.48994,37.794365,39.576473,43.152973,45.152683,36.162907,1.0,35.28723166760495,35.0,37.0,37.0,37.0,37.0,0
Loundoungou,BIO_FP_FH__L2A_20260519T043740_20260531T043807_T_G01_M03_C___T033_F003,2026-05-19,60,22,17.04710102081299,2.3458192348480225,41.16714096069336,1.0,8649,1.0375958681106567,31.875325182101978,34.287018,39.729706,41.289677,45.637356,50.416412,38.635406,1.0,37.02942617114038,37.0,38.27981948852539,39.0,39.0,39.0,0
Loundoungou,BIO_FP_FH__L2A_20260519T043740_20260531T043807_T_G01_M03_C___T033_F003,2026-05-19,60,23,17.047934532165527,2.3458192348480225,40.03873825073242,1.0,8649,0.7573958039283752,31.05218540438201,33.216015,41.516945,45.37407,48.66504,52.63813,40.376015,1.0,37.24423936783668,37.0,38.0,38.0,38.0,38.89571,0
Loundoungou,BIO_FP_FH__L2A_20260519T043740_20260531T043807_T_G01_M03_C___T033_F003,2026-05-19,60,24,17.048768043518066,2.3458192348480225,37.879940032958984,1.0,8649,0.20379582047462463,28.44912887328015,30.703033,39.3211,41.334282,43.19991,47.389847,38.15148,1.0,37.0999626965037,37.0,38.0,38.0,39.0,39.0,0
Loundoungou,BIO_FP_FH__L2A_20260519T043740_20260531T043807_T_G01_M03_C___T033_F003,2026-05-19,60,25,17.049601554870605,2.3458192348480225,37.37513732910156,1.0,8649,0.41419583559036255,30.664239543588856,33.33544,40.15918,41.55104,43.93344,49.959812,39.00737,1.0,38.469118901822924,39.0,39.0,40.0,40.0,40.0,0
Loundoungou,BIO_FP_FH__L2A_20260519T043740_20260531T043807_T_G01_M03_C___T033_F003,2026-05-19,60,26,17.050435066223145,2.3458192348480225,38.82893753051758,1.000000141138065,8649,0.5145958065986633,24.851104640904023,27.793736,37.5602,39.371124,43.134136,46.3509,36.733707,1.0,38.592077685499596,39.0,39.0,40.0,40.0,40.0,0
Loundoungou,BIO_FP_FH__L2A_20260519T043740_20260531T043807_T_G01_M03_C___T033_F003,2026-05-19,60,27,17.051268577575684,2.3458192348480225,39.92013931274414,0.999999971772387,8649,1.0235958099365234,31.3468581804881,34.374557,41.521984,43.74745,47.52317,52.420372,40.271645,1.0,37.04714180320822,38.0,39.0,39.0,40.0,40.0,0
Loundoungou,BIO_FP_FH__L2A_20260519T043740_20260531T043807_T_G01_M03_C___T033_F003,2026-05-19,60,28,17.052102088928223,2.3458192348480225,40.26993942260742,1.0,8649,1.0567958354949951,29.87779746936062,33.266403,40.14963,41.66594,43.66612,46.423767,38.610138,1.0,38.318624097083344,38.10429000854492,39.0,39.253257751464844,40.0,40.0,0
Loundoungou,BIO_FP_FH__L2A_20260519T043740_20260531T043807_T_G01_M03_C___T033_F003,2026-05-19,60,29,17.05293560028076,2.3458192348480225,40.739498138427734,1.0,8649,1.0258302688598633,29.849010723783096,32.942455,41.963364,44.09981,52.048126,55.212025,40.86108,1.0,37.83649848146733,38.0,39.0,39.0,39.0,39.0,0
Loundoungou,BIO_FP_FH__L2A_20260519T043740_20260531T043807_T_G01_M03_C___T033_F003,2026-05-19,60,30,17.0537691116333,2.3458192348480225,40.67409896850586,1.0,8649,1.0166301727294922,29.701722200543415,31.385715,44.397995,47.429665,51.514587,55.233112,41.417423,1.0,38.12702863165954,38.0,39.0,39.0,39.0,39.0,0
Loundoungou,BIO_FP_FH__L2A_20260519T043740_20260531T043807_T_G01_M03_C___T033_F003,2026-05-19,60,31,17.05460262298584,2.3458192348480225,39.89649963378906,1.0,8649,1.02603018283844,32.81388925020234,34.710117,42.759693,44.16737,45.235397,47.06703,42.155804,1.0,38.62574784429601,39.0,39.0,40.0,40.0,40.0,0
Loundoungou,BIO_FP_FH__L2A_20260519T043740_20260531T043807_T_G01_M03_C___T033_F003,2026-05-19,61,22,17.04710102081299,2.3449857234954834,40.17654037475586,0.916797332287331,7957,0.9829958081245422,29.77391962330067,31.752333,38.87502,40.695072,44.999977,50.310818,38.032837,1.0,36.399740912236425,37.0,39.0,40.0,41.0,42.0,0
Loundoungou,BIO_FP_FH__L2A_20260519T043740_20260531T043807_T_G01_M03_C___T033_F003,2026-05-19,61,23,17.047934532165527,2.3449857234954834,38.98033905029297,1.0,8649,0.37279582023620605,30.047482006590357,31.883434,39.771175,44.300922,51.07312,53.525906,37.93429,1.0,38.851248956495716,39.0,40.0,41.0,42.0,42.0,0
Loundoungou,BIO_FP_FH__L2A_20260519T043740_20260531T043807_T_G01_M03_C___T033_F003,2026-05-19,61,24,17.048768043518066,2.3449857234954834,37.73973846435547,1.0,8649,0.21759581565856934,26.610285509885536,27.07835,41.01394,42.22,43.74052,45.917435,39.128967,1.0,37.77490264984318,38.0,39.0,39.0,41.0,41.0,0
Loundoungou,BIO_FP_FH__L2A_20260519T043740_20260531T043807_T_G01_M03_C___T033_F003,2026-05-19,61,25,17.049601554870605,2.3449857234954834,38.19894027709961,1.000000056455226,8649,0.8731958270072937,25.289254374983383,27.736094,39.04848,41.186058,45.431942,49.469795,37.639965,1.0,36.855066566939215,37.0,39.0,39.0,39.0,39.0,0
Loundoungou,BIO_FP_FH__L2A_20260519T043740_20260531T043807_T_G01_M03_C___T033_F003,2026-05-19,61,26,17.050435066223145,2.3449857234954834,39.45433807373047,1.0000001693656781,8649,1.0843957662582397,27.268742129789977,30.603502,37.07943,38.98911,41.915302,44.63798,35.49183,1.0,37.17695748096175,37.0,38.0,38.0,38.0,38.0,0
Loundoungou,BIO_FP_FH__L2A_20260519T043740_20260531T043807_T_G01_M03_C___T033_F003,2026-05-19,61,27,17.051268577575684,2.3449857234954834,40.77914047241211,1.0,8649,1.0615957975387573,30.61086722453463,35.222523,41.260227,44.02767,51.800587,53.23966,39.91548,1.0,37.955840660004355,38.0,39.0,39.0,39.0,39.0,0
Loundoungou,BIO_FP_FH__L2A_20260519T043740_20260531T043807_T_G01_M03_C___T033_F003,2026-05-19,61,28,17.052102088928223,2.3449857234954834,41.0931396484375,1.0,8649,1.0343958139419556,32.63085779425367,35.993404,44.118797,46.081036,49.132843,50.325832,42.59169,1.0,38.44281270537353,38.0,39.0,39.0,40.0,40.0,0
Loundoungou,BIO_FP_FH__L2A_20260519T043740_20260531T043807_T_G01_M03_C___T033_F003,2026-05-19,61,29,17.05293560028076,2.3449857234954834,40.99549865722656,1.0,8649,1.014830231666565,27.443439993062782,30.105793,37.559097,38.95216,41.26501,43.384686,36.088566,1.0,38.295976709583506,38.0,39.0,39.0,39.0,39.0,0
Loundoungou,BIO_FP_FH__L2A_20260519T043740_20260531T043807_T_G01_M03_C___T033_F003,2026-05-19,61,30,17.0537691116333,2.3449857234954834,40.4036979675293,1.0,8649,1.0146301984786987,30.270220907041278,32.113846,39.688156,40.92813,43.097683,45.606663,38.349022,1.0,37.571689142162555,38.0,38.0,38.0,39.0,39.0,0
Loundoungou,BIO_FP_FH__L2A_20260519T043740_20260531T043807_T_G01_M03_C___T033_F003,2026-05-19,62,23,17.047934532165527,2.3441522121429443,37.94833755493164,0.9585034047017719,8330,0.16159582138061523,25.354705982845623,25.951399,40.669018,43.300335,45.445957,49.045677,37.85657,1.0,40.35966435817366,40.0,41.01091156005858,42.0,42.0,42.0,0
Loundoungou,BIO_FP_FH__L2A_20260519T043740_20260531T043807_T_G01_M03_C___T033_F003,2026-05-19,62,24,17.048768043518066,2.3441522121429443,38.7353401184082,0.9999998024067088,8649,0.3717958331108093,29.094605738782125,30.931147,39.546528,41.055943,42.78293,45.35719,37.17953,1.0,37.87482929571555,38.0,39.0,39.0,41.0,41.0,0
Loundoungou,BIO_FP_FH__L2A_20260519T043740_20260531T043807_T_G01_M03_C___T033_F003,2026-05-19,62,25,17.049601554870605,2.3441522121429443,39.26333999633789,0.999999943544774,8649,0.9047958254814148,27.720694528037388,29.405844,38.063656,39.56222,41.287426,43.87793,37.23134,1.0,36.10884603393851,36.0,37.0,37.0,37.41880416870117,38.0,0
Loundoungou,BIO_FP_FH__L2A_20260519T043740_20260531T043807_T_G01_M03_C___T033_F003,2026-05-19,62,26,17.050435066223145,2.3441522121429443,39.675140380859375,1.0,8649,1.0991958379745483,31.025031795583306,32.751392,41.102104,43.43728,48.487026,50.72123,39.143223,1.0,36.63837101230981,36.0,38.0,39.0,39.0,39.0,0
Loundoungou,BIO_FP_FH__L2A_20260519T043740_20260531T043807_T_G01_M03_C___T033_F003,2026-05-19,62,27,17.051268577575684,2.3441522121429443,40.474937438964844,1.0,8649,1.059195876121521,32.081440050872935,34.439255,40.130943,41.32903,43.507496,47.212143,39.222958,1.0,37.426314027230305,37.27648162841797,38.0,38.0810661315918,39.0,39.0,0
Loundoungou,BIO_FP_FH__L2A_20260519T043740_20260531T043807_T_G01_M03_C___T033_F003,2026-05-19,62,28,17.052102088928223,2.3441522121429443,41.058738708496094,1.0,8649,1.0275958776474,33.836080218811425,34.59741,40.921635,42.098515,43.955048,45.6841,39.780846,1.0,37.39403889559365,37.0,38.0,39.0,39.0,39.0,0
Loundoungou,BIO_FP_FH__L2A_20260519T043740_20260531T043807_T_G01_M03_C___T033_F003,2026-05-19,62,29,17.05293560028076,2.3441522121429443,40.673099517822266,1.0,8649,1.0168302059173584,23.00125556422708,25.76656,38.360493,40.176235,42.320694,45.746964,35.786457,1.0,37.45757620171159,38.0,39.0,39.0,39.0,39.0,0
Loundoungou,BIO_FP_FH__L2A_20260519T043740_20260531T043807_T_G01_M03_C___T033_F003,2026-05-19,63,24,17.048768043518066,2.3433187007904053,37.950340270996094,0.9351161780805585,8121,0.23699581623077393,26.0469800055603,27.854786,40.128853,42.452915,45.434624,47.9617,37.877865,1.0,36.81610599420349,38.0,39.0,40.0,40.0,40.0,0
Loundoungou,BIO_FP_FH__L2A_20260519T043740_20260531T043807_T_G01_M03_C___T033_F003,2026-05-19,63,25,17.049601554870605,2.3433187007904053,39.879940032958984,1.0,8649,0.7869958281517029,28.51482198086484,31.010025,41.119137,42.30382,44.227985,46.611923,40.011414,1.0,36.19871824751673,37.0,38.0,39.0,39.0,39.0,0
Loundoungou,BIO_FP_FH__L2A_20260519T043740_20260531T043807_T_G01_M03_C___T033_F003,2026-05-19,63,26,17.050435066223145,2.3433187007904053,40.8541374206543,1.0,8649,1.0861958265304565,31.47594284743901,33.3541,39.1831,40.232227,41.71191,43.587288,38.158154,1.0,37.66939115882651,38.0,39.0,39.0,39.0,39.0,0
Loundoungou,BIO_FP_FH__L2A_20260519T043740_20260531T043807_T_G01_M03_C___T033_F003,2026-05-19,63,27,17.051268577575684,2.3433187007904053,41.049739837646484,1.0,8649,1.051995873451233,32.0388827465603,35.175686,40.444027,42.26537,45.26124,49.75959,39.500515,1.0,36.945487490030004,37.0,38.0,38.0,38.0,38.0,0
Loundoungou,BIO_FP_FH__L2A_20260519T043740_20260531T043807_T_G01_M03_C___T033_F003,2026-05-19,63,28,17.052102088928223,2.3433187007904053,40.89894104003906,1.0,8649,1.032195806503296,29.640809269857787,33.402664,40.972862,42.110107,46.636673,49.747246,39.84425,1.0,36.47454830852874,36.236812591552734,37.0,37.0,37.0,37.0,0
Loundoungou,BIO_FP_FH__L2A_20260519T043740_20260531T043807_T_G01_M03_C___T033_F003,2026-05-19,64,25,17.049601554870605,2.342485189437866,39.758338928222656,0.960318863633079,8329,0.6597958207130432,29.152594249804558,30.955069,39.791267,41.488297,43.75322,46.551617,38.005013,1.0,36.59436021196813,38.0,40.0,40.0,40.0,40.0,0
Loundoungou,BIO_FP_FH__L2A_20260519T043740_20260531T043807_T_G01_M03_C___T033_F003,2026-05-19,64,26,17.050435066223145,2.342485189437866,41.41353988647461,1.0,8649,1.0737957954406738,32.48199304110302,34.913483,40.925762,42.180775,44.241276,47.405136,39.73987,1.0,37.09276980407694,37.0,38.0,38.0,38.0,38.0,0
Loundoungou,BIO_FP_FH__L2A_20260519T043740_20260531T043807_T_G01_M03_C___T033_F003,2026-05-19,64,27,17.051268577575684,2.342485189437866,41.35334014892578,1.0,8649,1.053595781326294,32.439322826338305,34.113293,40.03325,41.137184,43.004223,44.69782,39.04676,1.0,36.087911958900655,36.0,37.0,37.0,38.0,38.0,0
Loundoungou,BIO_FP_FH__L2A_20260519T043740_20260531T043807_T_G01_M03_C___T033_F003,2026-05-19,65,26,17.050435066223145,2.341651678085327,42.052738189697266,0.9488476697992543,8242,1.053595781326294,27.584093206417794,31.175163,40.901108,41.979916,43.52397,47.895756,39.330494,1.0,39.136984415944156,39.0,40.0,40.0,40.0,41.98507,0
