site,scene,biomass_date,row,col,x,y,fh,coverage,n_fine,fh_quality,als_mean,als_p50,als_p90,als_p95,als_p99,als_max,als2_p90,eth_coverage,eth_mean,eth_p50,eth_p90,eth_p95,eth_p99,eth_max,reject_reason
Mbalmayo,BIO_FP_FH__L2A_20251124T050104_20251206T050132_T_G01_M01_C___T004_F004,2025-11-24,2,2,11.431825637817383,3.446922779083252,18.857730865478516,0.9999982109234118,8649,0.0,12.03871482771,8.799504,26.674889,29.667141,32.08339,33.924717,24.217459,1.0,29.61687860434862,30.0,32.0,32.443641662597656,33.0,33.0,0
Mbalmayo,BIO_FP_FH__L2A_20251124T050104_20251206T050132_T_G01_M01_C___T004_F004,2025-11-24,2,3,11.432659149169922,3.446922779083252,20.418331146240234,1.0000000040797723,8649,0.0,18.455770999673415,19.244757,30.793192,32.22158,34.446785,36.51712,28.35828,1.0,33.89866331825781,34.0,35.0,36.0,36.0,36.0,0
Mbalmayo,BIO_FP_FH__L2A_20251124T050104_20251206T050132_T_G01_M01_C___T004_F004,2025-11-24,2,4,11.433492660522461,3.446922779083252,21.718332290649414,1.0,8649,0.0,14.847377231512777,13.713626,25.757769,31.174948,37.386257,41.886272,22.588886,1.0,34.95075121873072,35.0,36.0,36.0,36.0,36.0,0
Mbalmayo,BIO_FP_FH__L2A_20251124T050104_20251206T050132_T_G01_M01_C___T004_F004,2025-11-24,2,5,11.434326171875,3.446922779083252,22.95713233947754,0.9999999944867943,8649,0.0,15.380514205214766,13.883423,31.225264,36.276855,40.337055,43.937637,24.318766,1.0,34.2740083675272,34.50956726074219,36.0,36.0,37.0,37.0,0
Mbalmayo,BIO_FP_FH__L2A_20251124T050104_20251206T050132_T_G01_M01_C___T004_F004,2025-11-24,2,6,11.435159683227539,3.446922779083252,23.975006103515625,0.9999999953689073,8649,0.0,15.095215238274891,14.94908,25.40294,29.434473,37.509377,41.06011,21.467417,1.0,31.77177625050337,32.0,33.0,33.0,35.0,35.0,0
Mbalmayo,BIO_FP_FH__L2A_20251124T050104_20251206T050132_T_G01_M01_C___T004_F004,2025-11-24,2,7,11.435993194580078,3.446922779083252,23.789804458618164,1.0000000008821128,8649,0.0,24.744309548965095,25.182003,32.407444,33.73611,37.661396,43.885338,31.751614,1.0,29.59310258249421,30.0,32.0,32.76151657104492,33.0,33.0,0
Mbalmayo,BIO_FP_FH__L2A_20251124T050104_20251206T050132_T_G01_M01_C___T004_F004,2025-11-24,2,17,11.444328308105469,3.446922779083252,21.29295539855957,0.9999999988973589,8649,0.0,7.523779111811879,5.546215,15.426538,21.077768,27.228765,29.601236,12.594835,1.0,20.449322756183864,20.0,24.0,25.0,26.0,26.0,0
Mbalmayo,BIO_FP_FH__L2A_20251124T050104_20251206T050132_T_G01_M01_C___T004_F004,2025-11-24,2,24,11.450162887573242,3.446922779083252,20.283153533935547,1.0,8649,0.27219998836517334,24.786130003852506,27.784258,36.4287,38.152832,40.505302,43.990383,33.983932,1.0,33.43522596166291,34.0,34.7484130859375,35.0,35.563453674316406,36.0,0
Mbalmayo,BIO_FP_FH__L2A_20251124T050104_20251206T050132_T_G01_M01_C___T004_F004,2025-11-24,2,25,11.450996398925781,3.446922779083252,16.50675392150879,1.0000000004410565,8649,0.0,24.80875336620956,26.495539,38.13793,41.76854,47.510628,50.55943,34.168385,1.0,33.1648352622214,34.0,35.0,36.0,36.0,36.0,0
Mbalmayo,BIO_FP_FH__L2A_20251124T050104_20251206T050132_T_G01_M01_C___T004_F004,2025-11-24,2,26,11.45182991027832,3.446922779083252,15.25235366821289,0.9999999991178871,8649,0.0,19.28305858663934,18.607048,31.2107,34.917645,40.047924,41.54401,27.56805,1.0,28.70576746315746,29.0,34.0,34.0,35.0,35.0,0
Mbalmayo,BIO_FP_FH__L2A_20251124T050104_20251206T050132_T_G01_M01_C___T004_F004,2025-11-24,2,27,11.45266342163086,3.446922779083252,17.97515296936035,0.9999999938252097,8649,0.35920000076293945,13.294340263170325,12.93327,22.488146,24.684471,27.397572,31.837652,19.475218,1.0,25.0260427060162,26.0,28.0,28.761518478393555,29.0,29.0,0
Mbalmayo,BIO_FP_FH__L2A_20251124T050104_20251206T050132_T_G01_M01_C___T004_F004,2025-11-24,2,30,11.455163955688477,3.446922779083252,24.345808029174805,0.9999999977947177,8649,0.7310000061988831,14.186657352354132,9.993446,32.478966,35.33581,40.992073,43.01622,25.991917,1.0,32.671972845066264,33.0,37.0,37.98699951171875,38.0,38.0,0
Mbalmayo,BIO_FP_FH__L2A_20251124T050104_20251206T050132_T_G01_M01_C___T004_F004,2025-11-24,2,31,11.455997467041016,3.446922779083252,28.370206832885742,1.0000000017642259,8649,0.29600000381469727,24.666705513742865,25.93533,37.544735,41.03295,45.39752,48.06428,34.977646,1.0,34.081176423491705,34.0,35.0,35.0,36.0,36.0,0
Mbalmayo,BIO_FP_FH__L2A_20251124T050104_20251206T050132_T_G01_M01_C___T004_F004,2025-11-24,2,32,11.456830978393555,3.446922779083252,29.026607513427734,0.9999999953689073,8649,0.7829999923706055,21.532179927875717,23.724255,31.439495,33.47548,39.029617,43.637463,29.5436,1.0,33.73159101020671,34.0,34.675262451171875,35.0,35.0,36.0,0
Mbalmayo,BIO_FP_FH__L2A_20251124T050104_20251206T050132_T_G01_M01_C___T004_F004,2025-11-24,2,33,11.457664489746094,3.446922779083252,31.053407669067383,0.9999999982357742,8649,1.0892000198364258,18.691963894772872,18.86097,30.052168,34.411507,39.364502,43.214684,25.983845,1.0,33.73125136630468,34.0,36.0,36.0,36.0,36.0,0
Mbalmayo,BIO_FP_FH__L2A_20251124T050104_20251206T050132_T_G01_M01_C___T004_F004,2025-11-24,2,34,11.458498001098633,3.446922779083252,31.058807373046875,0.999999995148379,8649,1.9550000429153442,17.479952435325085,18.154991,30.242409,40.01745,45.81893,48.37213,26.969069,1.0,32.28147212771794,32.0,34.0,35.0,36.0,36.0,0
Mbalmayo,BIO_FP_FH__L2A_20251124T050104_20251206T050132_T_G01_M01_C___T004_F004,2025-11-24,2,38,11.461832046508789,3.446922779083252,25.46890640258789,0.9999999997794717,8649,0.19554512202739716,11.057822127701757,8.218023,25.91155,29.936255,36.69552,41.2494,22.75701,1.0,31.387949999666915,32.0,33.0,33.0,34.0,34.0,0
Mbalmayo,BIO_FP_FH__L2A_20251124T050104_20251206T050132_T_G01_M01_C___T004_F004,2025-11-24,2,39,11.462665557861328,3.446922779083252,27.060306549072266,1.0000000061747905,8649,0.6055451035499573,16.40780455917142,14.812961,31.398731,33.760036,37.362473,39.23165,28.95859,1.0,33.093164076128645,33.0,35.0,36.0,36.0,37.0,0
Mbalmayo,BIO_FP_FH__L2A_20251124T050104_20251206T050132_T_G01_M01_C___T004_F004,2025-11-24,3,2,11.431825637817383,3.446089267730713,23.427730560302734,0.9999999973536613,8649,0.0,16.7754301951086,18.371166,26.149593,27.140228,28.999102,31.911032,25.55335,1.0,32.04838705884334,32.0,33.0,33.0,34.0,34.0,0
Mbalmayo,BIO_FP_FH__L2A_20251124T050104_20251206T050132_T_G01_M01_C___T004_F004,2025-11-24,3,3,11.432659149169922,3.446089267730713,25.039331436157227,1.0,8649,0.0,15.188762381195623,15.308887,26.441961,30.039597,32.52722,33.623787,23.426529,1.0,33.35002830850277,33.0,34.0,34.0,35.0,35.0,0
Mbalmayo,BIO_FP_FH__L2A_20251124T050104_20251206T050132_T_G01_M01_C___T004_F004,2025-11-24,3,4,11.433492660522461,3.446089267730713,25.45193099975586,1.0,8649,0.0,15.262158578552253,13.192873,27.974064,32.027454,41.126972,43.38065,24.335773,1.0,32.65245536286399,33.0,35.0,35.27763900756836,36.0,36.0,0
Mbalmayo,BIO_FP_FH__L2A_20251124T050104_20251206T050132_T_G01_M01_C___T004_F004,2025-11-24,3,5,11.434326171875,3.446089267730713,26.40593147277832,0.9999999973536613,8649,0.0,10.841082307551797,8.538796,25.311098,27.594746,32.703453,44.152912,21.682638,1.0,33.114422532089435,33.0,35.0,36.0,37.0,37.0,0
Mbalmayo,BIO_FP_FH__L2A_20251124T050104_20251206T050132_T_G01_M01_C___T004_F004,2025-11-24,3,6,11.435159683227539,3.446089267730713,26.387205123901367,0.9999999955894354,8649,0.0,19.13094043028619,19.13869,31.301447,35.03359,43.06975,46.338806,27.874607,1.0,32.88981459383083,33.0,35.0,35.0,35.0,35.0,0
Mbalmayo,BIO_FP_FH__L2A_20251124T050104_20251206T050132_T_G01_M01_C___T004_F004,2025-11-24,3,7,11.435993194580078,3.446089267730713,25.948205947875977,0.9941487254428235,8615,0.0,17.9791042015754,17.224237,29.849817,31.079647,34.027767,37.706566,28.152525,1.0,28.67615275648181,29.0,32.0,33.0,33.0,33.0,0
Mbalmayo,BIO_FP_FH__L2A_20251124T050104_20251206T050132_T_G01_M01_C___T004_F004,2025-11-24,3,16,11.44349479675293,3.446089267730713,22.439556121826172,1.0000000026463387,8649,0.0,8.680121116677558,6.8640327,16.62672,20.178825,28.787575,32.29491,13.970744,1.0,25.354598710572517,26.0,29.0,29.0,30.0,30.0,0
Mbalmayo,BIO_FP_FH__L2A_20251124T050104_20251206T050132_T_G01_M01_C___T004_F004,2025-11-24,3,17,11.444328308105469,3.446089267730713,22.062955856323242,1.0000000026463387,8649,0.0,6.578506683431187,5.0673785,12.798028,16.281336,26.083563,31.330008,9.504443,1.0,21.55306837514365,21.0,26.0,26.0,29.0,30.0,0
Mbalmayo,BIO_FP_FH__L2A_20251124T050104_20251206T050132_T_G01_M01_C___T004_F004,2025-11-24,3,24,11.450162887573242,3.446089267730713,26.476953506469727,1.0,8649,0.7883999943733215,25.727762074756654,28.16815,34.50969,36.349762,38.949883,39.892517,31.867716,1.0,35.28953926173755,35.0,37.0,37.0,37.0,37.0,0
Mbalmayo,BIO_FP_FH__L2A_20251124T050104_20251206T050132_T_G01_M01_C___T004_F004,2025-11-24,3,25,11.450996398925781,3.446089267730713,22.556352615356445,1.0,8649,0.5005999803543091,24.84974441590068,25.565868,36.389854,37.899887,39.589527,41.918877,33.64271,1.0,36.001120181507645,36.0,37.0,37.0,37.0,37.0,0
Mbalmayo,BIO_FP_FH__L2A_20251124T050104_20251206T050132_T_G01_M01_C___T004_F004,2025-11-24,3,26,11.45182991027832,3.446089267730713,17.490352630615234,1.0,8649,0.11919999867677689,23.56677048500459,22.154455,37.94674,39.391445,41.019382,43.804768,35.74627,1.0,33.27143284857983,33.0,36.0,37.0,37.0,37.0,0
Mbalmayo,BIO_FP_FH__L2A_20251124T050104_20251206T050132_T_G01_M01_C___T004_F004,2025-11-24,3,30,11.455163955688477,3.446089267730713,21.617807388305664,1.0,8649,1.1349999904632568,6.63908802058493,4.058119,16.473825,19.577818,23.477293,32.029884,14.081335,1.0,31.17737311646489,31.0,32.0,33.0,33.0,34.0,0
Mbalmayo,BIO_FP_FH__L2A_20251124T050104_20251206T050132_T_G01_M01_C___T004_F004,2025-11-24,3,31,11.455997467041016,3.446089267730713,27.055606842041016,1.0,8649,0.1615999937057495,18.34861485973812,18.918053,31.285826,35.439556,39.367813,42.587814,25.650784,1.0,33.56986460628944,34.0,35.0,35.0,35.0,35.0,0
Mbalmayo,BIO_FP_FH__L2A_20251124T050104_20251206T050132_T_G01_M01_C___T004_F004,2025-11-24,3,32,11.456830978393555,3.446089267730713,29.133207321166992,1.0000000017642259,8649,0.6646000146865845,19.424842647597316,19.321066,33.057014,35.234898,37.280983,38.679264,28.462238,1.0,34.993085756455145,35.0,36.0,36.0,37.0,37.0,0
Mbalmayo,BIO_FP_FH__L2A_20251124T050104_20251206T050132_T_G01_M01_C___T004_F004,2025-11-24,3,33,11.457664489746094,3.446089267730713,31.806407928466797,1.0,8649,1.073799967765808,20.235046139727135,19.077894,38.118835,40.91169,45.55775,50.390533,30.257269,1.0,35.587782896520196,36.0,37.0,37.0,37.0,37.0,0
Mbalmayo,BIO_FP_FH__L2A_20251124T050104_20251206T050132_T_G01_M01_C___T004_F004,2025-11-24,4,3,11.432659149169922,3.445255756378174,28.694332122802734,1.0000000088211292,8649,0.0,21.28108829387508,21.610567,30.217165,32.37593,37.799294,40.308178,29.0361,1.0,32.24098772787058,32.0,33.0,33.0,33.0,34.0,0
Mbalmayo,BIO_FP_FH__L2A_20251124T050104_20251206T050132_T_G01_M01_C___T004_F004,2025-11-24,4,4,11.433492660522461,3.445255756378174,28.10453224182129,0.9999999964715484,8649,0.0,18.432825120681603,17.816494,30.595474,34.395153,36.615894,37.986908,26.978575,1.0,31.267414363164654,31.0,32.0,32.38447189331055,34.0,34.0,0
Mbalmayo,BIO_FP_FH__L2A_20251124T050104_20251206T050132_T_G01_M01_C___T004_F004,2025-11-24,4,5,11.434326171875,3.445255756378174,27.51473045349121,0.9999999964715484,8649,0.0,16.792734774112812,15.211344,30.861137,34.133442,37.499306,40.52172,26.018538,1.0,29.572748222355486,29.60943031311035,33.0,33.0,34.0,34.0,0
Mbalmayo,BIO_FP_FH__L2A_20251124T050104_20251206T050132_T_G01_M01_C___T004_F004,2025-11-24,4,6,11.435159683227539,3.445255756378174,27.242605209350586,0.9999999894146451,8649,0.0,20.395434721281905,20.718828,27.168959,28.995798,32.983696,35.335533,26.455992,1.0,31.124574123386537,31.0,32.0,33.0,33.0,33.0,0
Mbalmayo,BIO_FP_FH__L2A_20251124T050104_20251206T050132_T_G01_M01_C___T004_F004,2025-11-24,4,7,11.435993194580078,3.445255756378174,26.786205291748047,1.0000000070569033,8649,0.0,16.731391590191066,17.783829,24.15174,25.8241,27.273417,30.315502,22.61634,1.0,27.012278121390747,27.0,30.0,31.0,32.0,32.0,0
Mbalmayo,BIO_FP_FH__L2A_20251124T050104_20251206T050132_T_G01_M01_C___T004_F004,2025-11-24,4,14,11.441827774047852,3.445255756378174,23.107555389404297,0.910694189355034,7938,0.0,13.512510942278695,11.042365,26.435686,31.407864,39.505142,43.74895,24.910118,0.9506485966289543,29.83007244273953,30.0,33.0,33.0,33.0,33.0,0
Mbalmayo,BIO_FP_FH__L2A_20251124T050104_20251206T050132_T_G01_M01_C___T004_F004,2025-11-24,4,15,11.44266128540039,3.445255756378174,24.098356246948242,1.0000000048516209,8649,0.0,13.136928355681428,13.17524,20.042894,24.228481,33.85207,37.366405,18.042877,1.0,30.290109830669536,30.0,32.0,32.18535232543945,33.0,33.0,0
Mbalmayo,BIO_FP_FH__L2A_20251124T050104_20251206T050132_T_G01_M01_C___T004_F004,2025-11-24,4,16,11.44349479675293,3.445255756378174,24.7403564453125,0.9999999929430967,8649,0.0,12.827134188392431,11.679318,24.612907,28.237597,36.000835,38.381847,21.806496,1.0,30.938932263791898,31.0,33.0,33.0,33.0,34.0,0
Mbalmayo,BIO_FP_FH__L2A_20251124T050104_20251206T050132_T_G01_M01_C___T004_F004,2025-11-24,4,17,11.444328308105469,3.445255756378174,24.482555389404297,0.9999999947073226,8649,0.0,20.19495257779512,20.805323,31.071352,32.95024,37.404625,41.504036,29.114305,1.0,30.87786765224824,31.0,33.0,33.0,34.0,34.0,0
Mbalmayo,BIO_FP_FH__L2A_20251124T050104_20251206T050132_T_G01_M01_C___T004_F004,2025-11-24,4,18,11.445161819458008,3.445255756378174,23.032955169677734,1.0000000017642259,8649,0.0,18.224858889060126,17.640753,29.095844,32.806946,36.01586,38.602684,26.009933,1.0,31.59885352222144,32.0,33.0,33.0,34.0,34.0,0
Mbalmayo,BIO_FP_FH__L2A_20251124T050104_20251206T050132_T_G01_M01_C___T004_F004,2025-11-24,4,19,11.445995330810547,3.445255756378174,21.095556259155273,1.0000000035284515,8649,1.3143999576568604,24.114292136874155,24.327309,35.005444,36.501205,37.93396,39.64738,32.226658,1.0,33.078295221107105,33.0,35.0,35.0,37.0,37.0,0
Mbalmayo,BIO_FP_FH__L2A_20251124T050104_20251206T050132_T_G01_M01_C___T004_F004,2025-11-24,4,20,11.446828842163086,3.445255756378174,19.660554885864258,0.9999999964715484,8649,1.6141999959945679,21.325783905250827,23.01354,28.961468,31.713116,35.516052,39.96323,27.742315,1.0,31.157123570745977,31.0,34.0,34.0,34.0,34.0,0
Mbalmayo,BIO_FP_FH__L2A_20251124T050104_20251206T050132_T_G01_M01_C___T004_F004,2025-11-24,4,21,11.447662353515625,3.445255756378174,19.499755859375,1.0000000123495807,8649,0.07039999961853027,20.08394957637331,21.806284,30.300629,32.24639,36.164684,39.458145,27.720705,1.0,30.435943411876597,31.0,33.0,33.0,33.0,33.0,0
Mbalmayo,BIO_FP_FH__L2A_20251124T050104_20251206T050132_T_G01_M01_C___T004_F004,2025-11-24,4,22,11.448495864868164,3.445255756378174,19.880353927612305,0.9999999982357742,8649,0.1987999975681305,20.15800728915654,21.482094,28.899055,31.891405,34.88847,36.203537,26.745544,1.0,33.045953076014506,33.0,34.0,34.0,36.0,36.0,0
Mbalmayo,BIO_FP_FH__L2A_20251124T050104_20251206T050132_T_G01_M01_C___T004_F004,2025-11-24,4,23,11.449329376220703,3.445255756378174,26.188154220581055,1.0000000035284515,8649,0.7440000176429749,21.357409379491685,22.251492,31.502058,33.85282,37.95686,40.65285,29.61835,1.0,34.844834950800255,35.0,36.0,36.0,36.0,36.0,0
Mbalmayo,BIO_FP_FH__L2A_20251124T050104_20251206T050132_T_G01_M01_C___T004_F004,2025-11-24,4,24,11.450162887573242,3.445255756378174,28.336353302001953,1.0000000035284515,8649,0.9502000212669373,23.219978440243235,25.553383,35.954975,37.241795,41.27549,45.502228,32.76225,1.0,34.00573905700479,34.0,36.0,36.0,36.0,36.0,0
Mbalmayo,BIO_FP_FH__L2A_20251124T050104_20251206T050132_T_G01_M01_C___T004_F004,2025-11-24,4,25,11.450996398925781,3.445255756378174,23.210952758789062,1.0000000052926774,8649,0.5640000104904175,18.64482618633022,17.386978,33.80397,38.777706,45.640152,47.462124,28.65943,1.0,32.99831564179155,34.0,35.0,35.0,36.0,36.0,0
Mbalmayo,BIO_FP_FH__L2A_20251124T050104_20251206T050132_T_G01_M01_C___T004_F004,2025-11-24,4,31,11.455997467041016,3.445255756378174,25.866607666015625,1.0000000052926774,8649,0.03440000116825104,17.325438542826266,16.301483,34.327488,35.860367,38.70642,40.869083,31.732855,1.0,34.98629999397834,35.0,37.0,38.0,38.0,38.0,0
Mbalmayo,BIO_FP_FH__L2A_20251124T050104_20251206T050132_T_G01_M01_C___T004_F004,2025-11-24,4,32,11.456830978393555,3.445255756378174,28.48200798034668,1.0000000123495807,8649,0.5483999848365784,22.20291321629898,23.02544,33.83115,36.510612,40.17494,42.49046,31.971287,1.0,35.234475796836584,35.0,37.0,37.0,37.0,37.0,0
Mbalmayo,BIO_FP_FH__L2A_20251124T050104_20251206T050132_T_G01_M01_C___T004_F004,2025-11-24,4,33,11.457664489746094,3.445255756378174,28.75440788269043,1.0000000035284515,8649,0.7095999717712402,12.801729257440568,10.294242,27.460524,30.846163,38.049683,41.67658,22.364756,1.0,34.41434114447135,34.0,36.0,36.0,36.0,36.0,0
Mbalmayo,BIO_FP_FH__L2A_20251124T050104_20251206T050132_T_G01_M01_C___T004_F004,2025-11-24,5,2,11.431825637817383,3.4444222450256348,28.878332138061523,0.9639560462615575,8391,0.5641999840736389,11.468871743480252,11.733697,19.729156,22.707146,28.902029,31.071104,17.603432,1.0,28.161632400011655,29.0,32.0,32.0,34.0,34.0,0
Mbalmayo,BIO_FP_FH__L2A_20251124T050104_20251206T050132_T_G01_M01_C___T004_F004,2025-11-24,5,3,11.432659149169922,3.4444222450256348,30.748931884765625,1.0,8649,0.5645999908447266,15.149916062369927,16.63545,28.98075,30.884016,32.636826,34.831593,28.012014,1.0,32.52628385341158,32.71514892578125,34.0,34.0,34.0,34.0,0
Mbalmayo,BIO_FP_FH__L2A_20251124T050104_20251206T050132_T_G01_M01_C___T004_F004,2025-11-24,5,4,11.433492660522461,3.4444222450256348,29.23253059387207,1.0,8649,0.24899999797344208,6.944157256709591,1.0164735,27.073948,30.548897,36.26469,39.33689,19.026217,1.0,27.68328219323451,28.0,32.0,32.0,33.0,33.0,0
Mbalmayo,BIO_FP_FH__L2A_20251124T050104_20251206T050132_T_G01_M01_C___T004_F004,2025-11-24,5,5,11.434326171875,3.4444222450256348,27.911531448364258,1.0,8649,0.0,13.143475254996964,11.640292,24.874554,31.960337,36.986473,38.729614,22.144854,1.0,24.271890801464924,24.0,27.0,28.0,28.0,30.0,0
Mbalmayo,BIO_FP_FH__L2A_20251124T050104_20251206T050132_T_G01_M01_C___T004_F004,2025-11-24,5,6,11.435159683227539,3.4444222450256348,27.583005905151367,1.0,8649,0.0,15.485798349158863,16.394602,25.023243,27.44858,32.192112,34.528732,22.677067,1.0,26.469332199149605,27.0,30.0,31.0,31.0,31.0,0
Mbalmayo,BIO_FP_FH__L2A_20251124T050104_20251206T050132_T_G01_M01_C___T004_F004,2025-11-24,5,7,11.435993194580078,3.4444222450256348,27.136804580688477,1.0,8649,0.0,12.088540735155437,12.405885,22.60864,24.107323,27.283144,29.82468,21.547283,1.0,25.126910508581773,25.0,28.0,30.0,30.0,30.0,0
Mbalmayo,BIO_FP_FH__L2A_20251124T050104_20251206T050132_T_G01_M01_C___T004_F004,2025-11-24,5,13,11.440994262695312,3.4444222450256348,23.594804763793945,0.9777251627420687,8481,0.0,15.161382116457718,14.412535,29.345987,33.249706,35.54875,37.844215,27.04768,0.9382520628304188,26.643594740096972,27.0,30.0,30.0,31.0,31.0,0
Mbalmayo,BIO_FP_FH__L2A_20251124T050104_20251206T050132_T_G01_M01_C___T004_F004,2025-11-24,5,14,11.441827774047852,3.4444222450256348,24.209754943847656,1.0,8649,0.0,14.304643902451692,11.820974,27.38217,31.127245,36.7273,44.633083,24.383596,1.0,26.16643582587849,25.0,31.0,31.0,32.0,32.0,0
Mbalmayo,BIO_FP_FH__L2A_20251124T050104_20251206T050132_T_G01_M01_C___T004_F004,2025-11-24,5,15,11.44266128540039,3.4444222450256348,25.030155181884766,1.0000000070569033,8649,0.0,18.43253401178589,18.505518,28.960438,30.729654,34.677414,36.56771,27.537514,1.0,29.35263448352,30.0,32.0,33.0,33.0,33.0,0
Mbalmayo,BIO_FP_FH__L2A_20251124T050104_20251206T050132_T_G01_M01_C___T004_F004,2025-11-24,5,16,11.44349479675293,3.4444222450256348,25.89275550842285,1.0,8649,0.027400000020861626,14.845383390827335,14.97627,24.467693,26.743004,32.28568,34.284363,22.47422,1.0,30.772899934881366,31.0,32.0,33.0,33.0,34.0,0
Mbalmayo,BIO_FP_FH__L2A_20251124T050104_20251206T050132_T_G01_M01_C___T004_F004,2025-11-24,5,17,11.444328308105469,3.4444222450256348,26.89395523071289,1.0,8649,0.14259999990463257,16.366192928282896,16.37017,25.170599,27.971172,34.88977,37.15881,23.169765,1.0,32.21329720429098,32.0,33.0,34.0,34.0,35.0,0
Mbalmayo,BIO_FP_FH__L2A_20251124T050104_20251206T050132_T_G01_M01_C___T004_F004,2025-11-24,5,18,11.445161819458008,3.4444222450256348,26.825756072998047,1.0,8649,0.27079999446868896,22.616278853136922,22.973564,31.606754,33.553802,35.467487,37.666256,29.132072,1.0,34.60827367608155,35.0,37.0,38.0,38.0,38.0,0
Mbalmayo,BIO_FP_FH__L2A_20251124T050104_20251206T050132_T_G01_M01_C___T004_F004,2025-11-24,5,19,11.445995330810547,3.4444222450256348,25.988956451416016,1.0,8649,0.3917999863624573,24.806051063074488,25.576439,36.749527,38.006214,39.18493,42.914577,34.739056,1.0,35.59847009001419,36.0,37.0,38.0,38.0,38.0,0
Mbalmayo,BIO_FP_FH__L2A_20251124T050104_20251206T050132_T_G01_M01_C___T004_F004,2025-11-24,5,20,11.446828842163086,3.4444222450256348,25.986955642700195,1.0,8649,0.5049999952316284,23.284604230799804,24.053791,33.798965,34.96469,37.756138,41.109776,30.887197,1.0,33.97980246409914,34.0,35.0,35.0,36.0,36.0,0
Mbalmayo,BIO_FP_FH__L2A_20251124T050104_20251206T050132_T_G01_M01_C___T004_F004,2025-11-24,5,21,11.447662353515625,3.4444222450256348,25.90935516357422,1.0,8649,0.6194000244140625,27.737102972977368,28.464193,36.619076,40.149292,47.32877,48.6799,35.216995,1.0,34.913897514453524,35.0,38.0,38.0,39.0,39.0,0
Mbalmayo,BIO_FP_FH__L2A_20251124T050104_20251206T050132_T_G01_M01_C___T004_F004,2025-11-24,5,22,11.448495864868164,3.4444222450256348,26.099153518676758,1.0,8649,0.7310000061988831,22.37887587708839,22.095043,36.309402,38.438446,41.791664,45.222553,32.439205,1.0,36.518617829141874,37.0,38.0,38.71514892578125,39.0,39.0,0
Mbalmayo,BIO_FP_FH__L2A_20251124T050104_20251206T050132_T_G01_M01_C___T004_F004,2025-11-24,5,23,11.449329376220703,3.4444222450256348,27.106353759765625,1.0,8649,0.8335999846458435,19.047087045829,19.85854,32.49927,35.30616,40.826347,44.071304,29.152126,1.0,36.654020842464966,36.609188079833984,39.0,39.0,40.0,40.0,0
Mbalmayo,BIO_FP_FH__L2A_20251124T050104_20251206T050132_T_G01_M01_C___T004_F004,2025-11-24,5,24,11.450162887573242,3.4444222450256348,28.93155288696289,1.0,8649,1.0088000297546387,19.324339338362815,21.095196,33.779045,36.12409,38.01462,39.55561,30.224428,1.0,35.114872556543716,35.0,37.0,37.0,37.0,37.0,0
Mbalmayo,BIO_FP_FH__L2A_20251124T050104_20251206T050132_T_G01_M01_C___T004_F004,2025-11-24,5,32,11.456830978393555,3.4444222450256348,25.77480697631836,1.0,8649,0.29280000925064087,19.009531166446266,19.313786,28.981207,32.955845,37.754856,44.897022,27.338423,1.0,34.62254325116021,35.0,37.0,37.0,37.0,37.0,0
Mbalmayo,BIO_FP_FH__L2A_20251124T050104_20251206T050132_T_G01_M01_C___T004_F004,2025-11-24,5,33,11.457664489746094,3.4444222450256348,24.215606689453125,1.0,8649,0.17839999496936798,17.399005891215747,16.106537,29.540964,31.545687,35.045933,41.1789,26.844349,1.0,32.380164838110126,32.0,33.0,33.79478454589844,34.0,34.0,0
Mbalmayo,BIO_FP_FH__L2A_20251124T050104_20251206T050132_T_G01_M01_C___T004_F004,2025-11-24,5,48,11.47016716003418,3.4444222450256348,32.7391471862793,0.988433657939592,8577,0.4568079113960266,19.460886942713984,17.512402,33.847446,39.08325,42.313545,47.117603,29.59036,1.0,36.695414984318575,36.046512603759766,39.0,39.0,41.0,41.0,0
Mbalmayo,BIO_FP_FH__L2A_20251124T050104_20251206T050132_T_G01_M01_C___T004_F004,2025-11-24,6,2,11.431825637817383,3.4435887336730957,29.607131958007812,0.9956700676423936,8625,0.6105999946594238,11.815377242544246,11.1700115,18.962204,27.697205,31.818596,32.901043,17.44707,1.0,25.844572945845197,26.0,29.0,30.0,31.0,32.0,0
Mbalmayo,BIO_FP_FH__L2A_20251124T050104_20251206T050132_T_G01_M01_C___T004_F004,2025-11-24,6,3,11.432659149169922,3.4435887336730957,31.6307315826416,1.0,8649,0.8881999850273132,11.499477450427795,10.792693,24.552343,29.121132,33.014874,35.066605,21.516495,1.0,26.870829724344798,27.0,31.0,32.0,33.0,34.0,0
Mbalmayo,BIO_FP_FH__L2A_20251124T050104_20251206T050132_T_G01_M01_C___T004_F004,2025-11-24,6,4,11.433492660522461,3.4435887336730957,29.152530670166016,1.0,8649,0.36820000410079956,6.4844219707480635,4.675113,16.340078,19.373674,22.890924,29.183565,13.297387,1.0,23.852801146624696,24.0,28.0,29.0,31.0,31.0,0
Mbalmayo,BIO_FP_FH__L2A_20251124T050104_20251206T050132_T_G01_M01_C___T004_F004,2025-11-24,6,5,11.434326171875,3.4435887336730957,27.24513053894043,1.0,8649,0.0,3.7799264072255463,2.6654117,9.215857,10.953935,14.874567,17.371155,7.9340844,1.0,17.449274190575668,17.0,21.0,21.0,23.0,24.0,0
Mbalmayo,BIO_FP_FH__L2A_20251124T050104_20251206T050132_T_G01_M01_C___T004_F004,2025-11-24,6,6,11.435159683227539,3.4435887336730957,26.710004806518555,1.0,8649,0.0,8.797410082632386,4.6442113,22.990175,24.79408,27.948736,30.54314,20.513456,1.0,20.82733549042401,21.0,25.0,26.0,27.0,27.0,0
Mbalmayo,BIO_FP_FH__L2A_20251124T050104_20251206T050132_T_G01_M01_C___T004_F004,2025-11-24,6,13,11.440994262695312,3.4435887336730957,25.187604904174805,1.0,8649,0.0,23.910332531443302,25.737331,35.77992,37.257263,39.160732,40.52994,35.160915,1.0,23.92508825658718,24.0,27.0,27.0,28.0,28.0,0
Mbalmayo,BIO_FP_FH__L2A_20251124T050104_20251206T050132_T_G01_M01_C___T004_F004,2025-11-24,6,14,11.441827774047852,3.4435887336730957,25.878755569458008,0.9999999858861935,8649,0.0,21.25105660544008,22.21918,32.604134,33.663708,35.485012,39.63081,30.461658,1.0,26.644957041269038,27.0,31.0,31.0,32.0,32.0,0
Mbalmayo,BIO_FP_FH__L2A_20251124T050104_20251206T050132_T_G01_M01_C___T004_F004,2025-11-24,6,15,11.44266128540039,3.4435887336730957,26.583955764770508,0.9999999982357742,8649,0.08820000290870667,21.26049218481219,22.802671,32.92952,33.98048,35.164047,37.250977,31.108725,1.0,28.40766069414657,30.0,32.0,32.0,33.0,33.0,0
Mbalmayo,BIO_FP_FH__L2A_20251124T050104_20251206T050132_T_G01_M01_C___T004_F004,2025-11-24,6,16,11.44349479675293,3.4435887336730957,27.609556198120117,1.0,8649,0.5424000024795532,15.161100350745029,15.75478,27.215893,29.565088,33.31446,36.231483,24.705673,1.0,27.87501995978927,28.0,30.0,31.0,31.0,31.0,0
Mbalmayo,BIO_FP_FH__L2A_20251124T050104_20251206T050132_T_G01_M01_C___T004_F004,2025-11-24,6,17,11.444328308105469,3.4435887336730957,28.602556228637695,1.0,8649,0.6732000112533569,19.563949544383743,17.362904,34.348186,37.60304,40.404118,41.56239,29.739532,1.0,31.39094109589798,31.0,33.0,33.629051208496094,34.0,34.0,0
Mbalmayo,BIO_FP_FH__L2A_20251124T050104_20251206T050132_T_G01_M01_C___T004_F004,2025-11-24,6,18,11.445161819458008,3.4435887336730957,29.917755126953125,1.0,8649,0.8118000030517578,21.762690005708752,21.68642,32.299633,34.000916,36.650223,39.87077,29.703482,1.0,34.19245837032209,34.0,36.0,36.0,38.0,38.0,0
Mbalmayo,BIO_FP_FH__L2A_20251124T050104_20251206T050132_T_G01_M01_C___T004_F004,2025-11-24,6,19,11.445995330810547,3.4435887336730957,31.255556106567383,1.0,8649,0.9534000158309937,19.817065816405798,18.86164,32.567173,36.92238,39.92065,43.740948,30.797884,1.0,35.17446397844664,35.0,36.0,36.0,36.0,36.0,0
Mbalmayo,BIO_FP_FH__L2A_20251124T050104_20251206T050132_T_G01_M01_C___T004_F004,2025-11-24,6,20,11.446828842163086,3.4435887336730957,31.18875503540039,1.0,8649,1.0670000314712524,27.490540362325124,28.17491,35.70921,37.103508,40.464954,43.47849,34.265057,1.0,34.680464862881266,35.0,36.0,36.0,37.0,37.0,0
Mbalmayo,BIO_FP_FH__L2A_20251124T050104_20251206T050132_T_G01_M01_C___T004_F004,2025-11-24,6,21,11.447662353515625,3.4435887336730957,31.0047550201416,1.0,8649,1.1172000169754028,26.95704096029888,28.25581,42.465702,43.997993,47.492786,48.688934,40.430992,1.0,37.452185873489654,38.0,39.0,39.0,39.0,39.0,0
Mbalmayo,BIO_FP_FH__L2A_20251124T050104_20251206T050132_T_G01_M01_C___T004_F004,2025-11-24,6,22,11.448495864868164,3.4435887336730957,30.35615348815918,0.9999999964715484,8649,0.9297999739646912,21.55057594192784,21.36958,35.99008,38.95656,42.642418,45.195404,32.00265,1.0,36.313566934085195,36.0,38.0,38.0,39.0,39.0,0
Mbalmayo,BIO_FP_FH__L2A_20251124T050104_20251206T050132_T_G01_M01_C___T004_F004,2025-11-24,6,23,11.449329376220703,3.4435887336730957,29.908952713012695,0.9999999964715484,8649,0.7968000173568726,9.48700432271669,4.9238353,23.654476,28.0313,39.071674,43.53079,19.343666,1.0,34.887255193291544,35.0,37.0,38.0,39.0,40.0,0
Mbalmayo,BIO_FP_FH__L2A_20251124T050104_20251206T050132_T_G01_M01_C___T004_F004,2025-11-24,6,32,11.456830978393555,3.4435887336730957,25.10540771484375,1.0,8649,0.0,16.79165808547231,16.9641,26.680408,32.06303,41.982727,44.88088,22.502626,1.0,35.57067113623397,35.0,37.0,37.0,38.0,38.0,0
Mbalmayo,BIO_FP_FH__L2A_20251124T050104_20251206T050132_T_G01_M01_C___T004_F004,2025-11-24,6,33,11.457664489746094,3.4435887336730957,25.40180778503418,1.0,8649,0.0,17.85633872503324,17.000572,29.74502,32.18835,39.050575,43.086266,27.15108,1.0,32.58192724866775,33.0,34.0,34.0,34.0,34.0,0
Mbalmayo,BIO_FP_FH__L2A_20251124T050104_20251206T050132_T_G01_M01_C___T004_F004,2025-11-24,6,34,11.458498001098633,3.4435887336730957,27.46940803527832,1.0,8649,0.2460000067949295,21.830760217040986,23.4124,31.392218,32.854984,36.95104,40.06258,29.532093,1.0,30.96575605013368,31.0,33.0,33.0,33.0,33.0,0
Mbalmayo,BIO_FP_FH__L2A_20251124T050104_20251206T050132_T_G01_M01_C___T004_F004,2025-11-24,6,48,11.47016716003418,3.4435887336730957,35.43914794921875,0.9865665354195572,8560,1.0014078617095947,17.439440474597063,15.501532,36.81826,39.891937,42.866978,45.90915,33.09949,1.0,37.97338397065426,38.0,39.55644607543945,40.0,41.0,41.0,0
Mbalmayo,BIO_FP_FH__L2A_20251124T050104_20251206T050132_T_G01_M01_C___T004_F004,2025-11-24,7,2,11.431825637817383,3.4427552223205566,26.288415908813477,0.9999999647154837,8649,0.4480000138282776,6.10302513151757,4.2287116,14.243832,15.907659,18.02179,22.100912,13.440273,1.0,18.82973359297956,18.351085662841797,24.0,24.0,24.0,24.0,0
Mbalmayo,BIO_FP_FH__L2A_20251124T050104_20251206T050132_T_G01_M01_C___T004_F004,2025-11-24,7,3,11.432659149169922,3.4427552223205566,27.931615829467773,1.0,8649,0.3887999951839447,7.377117861349578,6.3577294,14.725555,17.457695,21.485062,25.471495,14.027989,1.0,18.50798720488701,19.0,20.0,21.0,21.0,22.0,0
Mbalmayo,BIO_FP_FH__L2A_20251124T050104_20251206T050132_T_G01_M01_C___T004_F004,2025-11-24,7,4,11.433492660522461,3.4427552223205566,26.802616119384766,0.9999999894146451,8649,0.005200000014156103,8.969371554072204,7.2228084,19.463858,21.76639,24.900837,27.425987,17.356892,1.0,18.426975921642327,18.0,22.0,22.0,22.0,22.0,0
Mbalmayo,BIO_FP_FH__L2A_20251124T050104_20251206T050132_T_G01_M01_C___T004_F004,2025-11-24,7,5,11.434326171875,3.4427552223205566,26.26121711730957,1.0000000070569033,8649,0.0,2.474314548348633,1.4800717,6.4872417,10.10576,15.4546,18.37144,5.306183,1.0,14.923013180470187,15.0,17.0,17.0,17.0,18.0,0
Mbalmayo,BIO_FP_FH__L2A_20251124T050104_20251206T050132_T_G01_M01_C___T004_F004,2025-11-24,7,6,11.435159683227539,3.4427552223205566,25.381088256835938,1.0000000070569033,8649,1.430999994277954,0.8236866536819177,0.06488643,0.48785946,3.9069483,23.221247,34.54349,0.33586282,1.0,21.20829691574303,21.0,27.0,28.0,29.0,30.0,0
Mbalmayo,BIO_FP_FH__L2A_20251124T050104_20251206T050132_T_G01_M01_C___T004_F004,2025-11-24,7,13,11.440994262695312,3.4427552223205566,26.038087844848633,0.9999999894146451,8649,0.0,23.053290307817146,23.540577,32.686043,34.64829,38.349426,40.698586,30.724722,1.0,25.556331401864206,26.0,27.0,28.0,28.0,30.0,0
Mbalmayo,BIO_FP_FH__L2A_20251124T050104_20251206T050132_T_G01_M01_C___T004_F004,2025-11-24,7,14,11.441827774047852,3.4427552223205566,27.23485565185547,1.0,8649,0.0,20.965843176866546,21.54481,30.578903,32.004303,35.31784,38.34169,28.603865,1.0,26.90971537658501,27.0,29.0,29.45704460144043,30.0,31.0,0
Mbalmayo,BIO_FP_FH__L2A_20251124T050104_20251206T050132_T_G01_M01_C___T004_F004,2025-11-24,7,15,11.44266128540039,3.4427552223205566,28.24505615234375,0.9999999929430967,8649,0.053199999034404755,23.817879617203925,26.69582,31.67854,33.215725,38.06841,41.47249,30.407143,1.0,29.07758888088495,29.0,31.0,31.0,31.0,31.0,0
Mbalmayo,BIO_FP_FH__L2A_20251124T050104_20251206T050132_T_G01_M01_C___T004_F004,2025-11-24,7,16,11.44349479675293,3.4427552223205566,29.230655670166016,0.9999999753008386,8649,0.504800021648407,15.620889146897118,17.00437,30.70959,32.348145,34.118225,35.404198,29.839613,1.0,27.217603176477287,27.0,28.0,29.0,30.0,30.0,0
Mbalmayo,BIO_FP_FH__L2A_20251124T050104_20251206T050132_T_G01_M01_C___T004_F004,2025-11-24,7,17,11.444328308105469,3.4427552223205566,29.949254989624023,1.000000056455226,8649,0.9401999711990356,17.854274560830586,16.773014,31.38769,35.24133,38.293343,40.09063,27.936022,1.0,28.574344782763678,29.0,30.0,30.0,31.0,31.0,0
Mbalmayo,BIO_FP_FH__L2A_20251124T050104_20251206T050132_T_G01_M01_C___T004_F004,2025-11-24,7,18,11.445161819458008,3.4427552223205566,30.505855560302734,0.9999999929430967,8649,1.091599941253662,14.579531176746036,14.18607,24.549286,29.694666,35.328743,38.74907,22.061152,1.0,29.93372913316049,30.0,33.0,33.0,33.0,33.0,0
Mbalmayo,BIO_FP_FH__L2A_20251124T050104_20251206T050132_T_G01_M01_C___T004_F004,2025-11-24,7,19,11.445995330810547,3.4427552223205566,31.3614559173584,0.9999999964715484,8649,1.1172000169754028,19.743142792087284,17.833014,38.651207,45.270386,49.58772,51.704597,32.662285,1.0,33.68274492538793,33.0,36.0,36.0,36.0,36.0,0
Mbalmayo,BIO_FP_FH__L2A_20251124T050104_20251206T050132_T_G01_M01_C___T004_F004,2025-11-24,7,20,11.446828842163086,3.4427552223205566,31.476055145263672,1.0000000035284515,8649,1.1258000135421753,19.66925044004996,21.353811,33.96397,36.751713,40.67328,43.426697,30.023472,1.0,32.088401607866714,33.0,35.0,35.0,35.0,35.0,0
Mbalmayo,BIO_FP_FH__L2A_20251124T050104_20251206T050132_T_G01_M01_C___T004_F004,2025-11-24,7,21,11.447662353515625,3.4427552223205566,30.705455780029297,0.9999999964715484,8649,0.9205999970436096,18.68922341817405,17.50046,34.49338,44.582905,48.1824,50.137394,30.875898,1.0,33.039742025754016,33.0,36.0,37.0,37.9798469543457,38.0,0
Mbalmayo,BIO_FP_FH__L2A_20251124T050104_20251206T050132_T_G01_M01_C___T004_F004,2025-11-24,7,22,11.448495864868164,3.4427552223205566,30.019372940063477,0.9999999964715484,8649,0.3846000134944916,17.638728110187305,17.03075,27.308874,30.638712,38.892845,43.731754,24.363445,1.0,33.26615964951495,33.0,35.0,35.0,36.0,37.0,0
Mbalmayo,BIO_FP_FH__L2A_20251124T050104_20251206T050132_T_G01_M01_C___T004_F004,2025-11-24,7,32,11.456830978393555,3.4427552223205566,27.443632125854492,1.0000000070569033,8649,0.0,23.5213195855732,23.697203,36.60834,38.51771,41.170845,43.715603,33.4054,1.0,35.8867552730028,36.0,37.0,37.0,37.0,37.0,0
Mbalmayo,BIO_FP_FH__L2A_20251124T050104_20251206T050132_T_G01_M01_C___T004_F004,2025-11-24,7,33,11.457664489746094,3.4427552223205566,29.01523208618164,0.9999999823577419,8649,0.0,20.876712485952396,21.826103,33.474934,36.240692,38.750587,44.73794,29.26406,1.0,33.6489533719775,34.0,35.0,35.0,35.0,35.0,0
Mbalmayo,BIO_FP_FH__L2A_20251124T050104_20251206T050132_T_G01_M01_C___T004_F004,2025-11-24,7,34,11.458498001098633,3.4427552223205566,31.000831604003906,1.000000017642258,8649,0.17000000178813934,17.882028360162334,17.853159,27.84995,30.946278,36.32659,39.87205,25.694202,1.0,31.69986941324023,32.0,32.0,32.0,33.0,34.0,0
Mbalmayo,BIO_FP_FH__L2A_20251124T050104_20251206T050132_T_G01_M01_C___T004_F004,2025-11-24,7,35,11.459331512451172,3.4427552223205566,34.372032165527344,0.9999999788292903,8649,0.670799970626831,16.43188711766024,14.923659,27.791475,30.479849,34.633335,37.155876,26.165133,1.0,31.16046128530477,31.0,33.0,33.0,34.0,34.0,0
Mbalmayo,BIO_FP_FH__L2A_20251124T050104_20251206T050132_T_G01_M01_C___T004_F004,2025-11-24,7,48,11.47016716003418,3.4427552223205566,34.196495056152344,0.9717742076621936,8437,0.7422864437103271,19.25869029723539,19.415045,37.761467,40.222275,43.14911,44.389328,34.06018,1.0,34.63876876120954,36.0,38.0,39.0,39.0,39.0,0
Mbalmayo,BIO_FP_FH__L2A_20251124T050104_20251206T050132_T_G01_M01_C___T004_F004,2025-11-24,8,2,11.431825637817383,3.4419217109680176,22.185815811157227,0.9978249636202523,8644,1.8425999879837036,3.41388296195983,2.0517712,8.462783,9.637658,12.367762,16.632803,8.142773,1.0,15.003609048739957,15.0,16.0,16.0,16.0,16.0,0
Mbalmayo,BIO_FP_FH__L2A_20251124T050104_20251206T050132_T_G01_M01_C___T004_F004,2025-11-24,8,12,11.440160751342773,3.4419217109680176,25.526086807250977,1.0000000141138066,8649,0.09260000288486481,21.414212961445074,22.580265,30.669207,32.466904,34.391613,36.281513,29.32881,1.0,33.709791292192094,34.0,36.0,36.0,36.0,37.0,0
Mbalmayo,BIO_FP_FH__L2A_20251124T050104_20251206T050132_T_G01_M01_C___T004_F004,2025-11-24,8,13,11.440994262695312,3.4419217109680176,27.185487747192383,0.9999999894146451,8649,0.21220000088214874,25.375119050400222,26.363647,33.02086,35.24752,38.762764,43.15214,32.091656,1.0,31.344012400803226,32.0,34.0,34.0,35.0,35.0,0
Mbalmayo,BIO_FP_FH__L2A_20251124T050104_20251206T050132_T_G01_M01_C___T004_F004,2025-11-24,8,14,11.441827774047852,3.4419217109680176,28.549455642700195,1.0000000141138066,8649,0.33180001378059387,26.65934799945052,27.251827,33.81806,35.530605,41.121082,45.812916,31.085087,1.0,31.607081604136223,32.0,33.0,33.0,34.0,34.0,0
Mbalmayo,BIO_FP_FH__L2A_20251124T050104_20251206T050132_T_G01_M01_C___T004_F004,2025-11-24,8,15,11.44266128540039,3.4419217109680176,28.859254837036133,1.0000000035284515,8649,0.0568000003695488,20.8214631534048,22.801329,28.894041,31.088888,35.587807,37.927612,27.806639,1.0,29.274643431262263,29.0,31.0,31.429828643798828,33.0,34.0,0
Mbalmayo,BIO_FP_FH__L2A_20251124T050104_20251206T050132_T_G01_M01_C___T004_F004,2025-11-24,8,16,11.44349479675293,3.4419217109680176,29.465656280517578,1.0,8649,0.38260000944137573,8.83485395484666,4.143218,23.304743,27.117975,34.772617,39.649746,21.02857,1.0,25.045071027722436,25.582157135009766,29.0,29.0,30.0,30.0,0
Mbalmayo,BIO_FP_FH__L2A_20251124T050104_20251206T050132_T_G01_M01_C___T004_F004,2025-11-24,8,17,11.444328308105469,3.4419217109680176,30.517656326293945,1.0,8649,0.8525999784469604,9.280016340400625,5.9488034,22.40364,24.163256,29.895607,32.12247,20.169886,1.0,26.249565304462752,27.0,29.0,30.0,30.0,31.0,0
Mbalmayo,BIO_FP_FH__L2A_20251124T050104_20251206T050132_T_G01_M01_C___T004_F004,2025-11-24,8,18,11.445161819458008,3.4419217109680176,31.099454879760742,1.0,8649,1.0978000164031982,19.35446300014814,19.892963,27.234974,29.21959,33.339993,40.17922,25.331985,1.0,30.43769893807226,30.0,32.0,32.072750091552734,33.0,33.0,0
Mbalmayo,BIO_FP_FH__L2A_20251124T050104_20251206T050132_T_G01_M01_C___T004_F004,2025-11-24,8,19,11.445995330810547,3.4419217109680176,31.103256225585938,1.0,8649,1.111199975013733,24.678225422556075,25.613905,36.6228,38.138462,40.07619,42.503242,34.682278,1.0,32.39275138498607,32.11930465698242,33.0,34.0,34.0,34.0,0
Mbalmayo,BIO_FP_FH__L2A_20251124T050104_20251206T050132_T_G01_M01_C___T004_F004,2025-11-24,8,20,11.446828842163086,3.4419217109680176,31.156856536865234,1.0,8649,1.083799958229065,18.422856191828537,19.371542,27.145655,30.60112,36.674484,40.68797,24.787016,1.0,28.999261261314473,29.0,31.0,31.0,31.0,32.0,0
Mbalmayo,BIO_FP_FH__L2A_20251124T050104_20251206T050132_T_G01_M01_C___T004_F004,2025-11-24,8,21,11.447662353515625,3.4419217109680176,30.31105613708496,1.0,8649,0.4878000020980835,12.089829184551682,9.624792,25.060148,28.006546,38.489307,40.90894,23.328981,1.0,26.94893720403877,27.0,29.0,30.0,31.0,32.0,0
Mbalmayo,BIO_FP_FH__L2A_20251124T050104_20251206T050132_T_G01_M01_C___T004_F004,2025-11-24,8,22,11.448495864868164,3.4419217109680176,29.452974319458008,1.0,8649,0.0,17.723323437861314,18.07038,31.149727,35.872093,43.777496,46.01867,27.812593,1.0,32.04144094764656,32.0,33.0,34.0,35.0,35.0,0
Mbalmayo,BIO_FP_FH__L2A_20251124T050104_20251206T050132_T_G01_M01_C___T004_F004,2025-11-24,8,30,11.455163955688477,3.4419217109680176,30.811033248901367,1.0,8649,0.7667999863624573,23.957657564277664,25.111618,33.08171,35.261326,38.10332,41.08704,31.096645,1.0,33.74004699834055,34.0,34.0,34.0,35.0,35.0,0
Mbalmayo,BIO_FP_FH__L2A_20251124T050104_20251206T050132_T_G01_M01_C___T004_F004,2025-11-24,8,31,11.455997467041016,3.4419217109680176,28.923433303833008,1.0,8649,0.23100000619888306,21.941888942182622,23.549366,34.436398,36.998474,39.28412,41.83584,31.975622,1.0,35.394128859642684,35.0,37.0,37.0,37.9207649230957,38.0,0
Mbalmayo,BIO_FP_FH__L2A_20251124T050104_20251206T050132_T_G01_M01_C___T004_F004,2025-11-24,8,34,11.458498001098633,3.4419217109680176,27.945432662963867,1.0,8649,0.06480000168085098,13.619904802939645,11.2416315,28.466677,32.645294,38.125366,41.653698,24.189947,1.0,34.21770151221886,34.0,35.0,36.0,36.0,36.0,0
Mbalmayo,BIO_FP_FH__L2A_20251124T050104_20251206T050132_T_G01_M01_C___T004_F004,2025-11-24,8,35,11.459331512451172,3.4419217109680176,30.3718318939209,1.0,8649,0.5565999746322632,14.556540247608105,11.601824,29.652344,32.468857,37.517155,42.081482,26.019478,1.0,35.354800827338636,35.0,37.0,38.0,38.0,38.0,0
Mbalmayo,BIO_FP_FH__L2A_20251124T050104_20251206T050132_T_G01_M01_C___T004_F004,2025-11-24,8,36,11.460165023803711,3.4419217109680176,33.55903244018555,1.0,8649,1.4905999898910522,19.7534899491632,19.81255,33.522617,38.388477,44.358448,47.22902,30.482086,1.0,35.464151755359524,35.0,38.0,38.0,38.0,38.0,0
Mbalmayo,BIO_FP_FH__L2A_20251124T050104_20251206T050132_T_G01_M01_C___T004_F004,2025-11-24,8,48,11.47016716003418,3.4419217109680176,31.331695556640625,0.9891586524239164,8585,0.3286864757537842,24.634800917254562,23.736195,37.388226,43.42804,48.846622,51.20201,34.598072,1.0,35.97355267827615,36.0,38.0,38.0,38.0,38.0,0
Mbalmayo,BIO_FP_FH__L2A_20251124T050104_20251206T050132_T_G01_M01_C___T004_F004,2025-11-24,9,8,11.436826705932617,3.4410881996154785,23.75328826904297,1.0,8649,0.0,20.54307917642213,21.213356,32.66803,33.976875,35.500996,36.437862,31.440899,1.0,35.672619539901056,36.0,37.0,37.90055847167969,38.0,38.0,0
Mbalmayo,BIO_FP_FH__L2A_20251124T050104_20251206T050132_T_G01_M01_C___T004_F004,2025-11-24,9,9,11.437660217285156,3.4410881996154785,22.89348793029785,1.0,8649,0.0,18.470549849061307,17.457453,31.0151,34.73275,37.392258,39.28265,27.49508,1.0,34.659950235618005,34.0,36.0,37.0,37.0,38.0,0
Mbalmayo,BIO_FP_FH__L2A_20251124T050104_20251206T050132_T_G01_M01_C___T004_F004,2025-11-24,9,10,11.438493728637695,3.4410881996154785,22.793888092041016,1.0,8649,0.0,25.720203947891374,26.69396,37.557144,40.037994,43.04046,44.46557,35.113743,1.0,35.68058143939458,36.0,37.0,37.0,37.0,37.0,0
Mbalmayo,BIO_FP_FH__L2A_20251124T050104_20251206T050132_T_G01_M01_C___T004_F004,2025-11-24,9,11,11.439327239990234,3.4410881996154785,23.5452880859375,1.0,8649,0.08799999952316284,21.655458441275726,22.8664,31.327871,32.72994,36.9915,39.10403,30.393291,1.0,35.86536217816428,36.0,37.0,37.0,37.0,37.0,0
Mbalmayo,BIO_FP_FH__L2A_20251124T050104_20251206T050132_T_G01_M01_C___T004_F004,2025-11-24,9,12,11.440160751342773,3.4410881996154785,26.808887481689453,1.0,8649,0.5802000164985657,23.6184253372861,25.208473,32.439106,33.260387,34.833035,36.06101,31.66367,1.0,34.59989631706641,34.12516784667969,37.0,37.0,37.0,37.0,0
Mbalmayo,BIO_FP_FH__L2A_20251124T050104_20251206T050132_T_G01_M01_C___T004_F004,2025-11-24,9,13,11.440994262695312,3.4410881996154785,28.790687561035156,0.9999999964715484,8649,0.7674000263214111,23.059824894024455,23.190718,30.500763,32.08751,34.725754,37.22383,28.657972,1.0,32.882938025769285,33.0,34.0,34.0,34.0,35.0,0
Mbalmayo,BIO_FP_FH__L2A_20251124T050104_20251206T050132_T_G01_M01_C___T004_F004,2025-11-24,9,14,11.441827774047852,3.4410881996154785,29.563655853271484,0.9999999929430967,8649,0.6575999855995178,24.06718505031731,24.05729,33.048744,34.539005,36.980885,41.061497,31.499287,1.0,32.62969627583257,32.79459762573242,34.0,34.0,34.0,35.0,0
Mbalmayo,BIO_FP_FH__L2A_20251124T050104_20251206T050132_T_G01_M01_C___T004_F004,2025-11-24,9,15,11.44266128540039,3.4410881996154785,29.354656219482422,1.0,8649,0.188400000333786,25.680103010463636,27.685812,35.385994,38.298504,39.424397,40.33888,34.01174,1.0,31.982810888115086,32.0,34.0,34.0,34.0,34.0,0
Mbalmayo,BIO_FP_FH__L2A_20251124T050104_20251206T050132_T_G01_M01_C___T004_F004,2025-11-24,9,16,11.44349479675293,3.4410881996154785,29.913455963134766,1.0,8649,0.28279998898506165,18.635560627493064,18.316654,30.352602,35.08025,39.56205,41.47195,26.99142,1.0,29.759412922960085,30.0,31.0,32.0,33.0,34.0,0
Mbalmayo,BIO_FP_FH__L2A_20251124T050104_20251206T050132_T_G01_M01_C___T004_F004,2025-11-24,9,17,11.444328308105469,3.4410881996154785,30.874855041503906,1.0,8649,0.7616000175476074,17.973130248077812,19.044853,27.832644,29.939495,34.045628,38.95201,24.845709,1.0,30.39712816878597,30.0,33.0,33.0,33.90055847167969,34.0,0
Mbalmayo,BIO_FP_FH__L2A_20251124T050104_20251206T050132_T_G01_M01_C___T004_F004,2025-11-24,9,18,11.445161819458008,3.4410881996154785,30.964256286621094,1.0,8649,0.8658000230789185,19.755367762891662,20.442797,28.456364,31.379673,37.771084,41.96478,26.57567,1.0,32.36849300262349,32.0,34.0,34.74142074584961,35.0,35.0,0
Mbalmayo,BIO_FP_FH__L2A_20251124T050104_20251206T050132_T_G01_M01_C___T004_F004,2025-11-24,9,19,11.445995330810547,3.4410881996154785,30.49785614013672,1.0,8649,0.7595999836921692,19.602882761916117,16.736824,37.66753,39.608765,41.86473,43.921528,31.737497,1.0,30.93874534428747,31.0,32.0,33.0,33.0,33.0,0
Mbalmayo,BIO_FP_FH__L2A_20251124T050104_20251206T050132_T_G01_M01_C___T004_F004,2025-11-24,9,20,11.446828842163086,3.4410881996154785,29.550254821777344,1.0,8649,0.6412000060081482,20.052146111544687,19.629194,37.729782,39.219894,41.05119,42.187286,32.62735,1.0,30.72360710353986,31.0,33.0,33.0,33.80111312866211,34.0,0
Mbalmayo,BIO_FP_FH__L2A_20251124T050104_20251206T050132_T_G01_M01_C___T004_F004,2025-11-24,9,21,11.447662353515625,3.4410881996154785,28.497055053710938,1.0,8649,0.04360000044107437,18.664342856652503,19.327902,30.174278,33.45151,36.631916,39.529423,27.415327,1.0,30.37600099349907,31.0,33.0,33.0,34.0,34.0,0
Mbalmayo,BIO_FP_FH__L2A_20251124T050104_20251206T050132_T_G01_M01_C___T004_F004,2025-11-24,9,22,11.448495864868164,3.4410881996154785,28.429372787475586,1.0,8649,0.0,19.02214106218927,20.605885,28.881268,31.702183,38.604126,41.89284,26.224901,1.0,33.927122820014965,34.0,35.0,35.0,35.0,35.0,0
Mbalmayo,BIO_FP_FH__L2A_20251124T050104_20251206T050132_T_G01_M01_C___T004_F004,2025-11-24,9,23,11.449329376220703,3.4410881996154785,30.22437286376953,1.0,8649,0.3312000036239624,20.354101856067174,21.48015,37.397263,43.256233,47.60951,49.066193,32.245583,1.0,35.03064707979768,35.0,36.0,36.0,36.0,36.0,0
Mbalmayo,BIO_FP_FH__L2A_20251124T050104_20251206T050132_T_G01_M01_C___T004_F004,2025-11-24,9,24,11.450162887573242,3.4410881996154785,32.7973747253418,1.0,8649,0.8068000078201294,24.346097295388194,27.07326,33.259453,35.103363,37.22094,38.76968,31.791777,1.0,33.47595999372916,34.0,35.0,35.0,35.0,35.0,0
Mbalmayo,BIO_FP_FH__L2A_20251124T050104_20251206T050132_T_G01_M01_C___T004_F004,2025-11-24,9,26,11.45182991027832,3.4410881996154785,33.16737365722656,1.0,8649,0.9434000253677368,6.440220916074113,4.238811,14.371387,21.35651,38.591187,42.05892,10.792945,1.0,23.664267354403524,24.0,26.0,27.0,27.0,27.0,0
Mbalmayo,BIO_FP_FH__L2A_20251124T050104_20251206T050132_T_G01_M01_C___T004_F004,2025-11-24,9,27,11.45266342163086,3.4410881996154785,32.38137435913086,1.0,8649,0.9071999788284302,14.625363402290004,10.115007,34.39843,36.11867,39.459877,44.958107,29.237255,1.0,25.495854316770526,25.0,31.0,31.0,32.0,33.0,0
Mbalmayo,BIO_FP_FH__L2A_20251124T050104_20251206T050132_T_G01_M01_C___T004_F004,2025-11-24,9,28,11.453496932983398,3.4410881996154785,32.44937515258789,1.0,8649,1.0371999740600586,11.15591533342005,7.7348876,27.965637,33.49173,37.06104,45.285763,20.22628,1.0,28.721189871373543,28.0,32.0,32.0,34.0,35.0,0
Mbalmayo,BIO_FP_FH__L2A_20251124T050104_20251206T050132_T_G01_M01_C___T004_F004,2025-11-24,9,29,11.454330444335938,3.4410881996154785,32.07777404785156,1.0,8649,1.0499999523162842,17.421307624978322,16.997545,29.633863,36.53723,41.907368,45.88979,25.6904,1.0,31.459311559277747,32.0,33.0,34.0,34.90055847167969,35.0,0
Mbalmayo,BIO_FP_FH__L2A_20251124T050104_20251206T050132_T_G01_M01_C___T004_F004,2025-11-24,9,30,11.455163955688477,3.4410881996154785,30.3348331451416,1.0,8649,0.7125999927520752,24.560405849845356,26.854237,34.159874,36.2092,40.93615,43.397865,32.33652,1.0,34.027078044801826,34.0,35.0,36.0,37.0,37.0,0
Mbalmayo,BIO_FP_FH__L2A_20251124T050104_20251206T050132_T_G01_M01_C___T004_F004,2025-11-24,9,34,11.458498001098633,3.4410881996154785,23.108232498168945,1.0,8649,1.5377999544143677,19.16496408995982,17.415834,35.86411,40.203808,45.38843,47.06046,30.768122,1.0,34.9963871195821,35.0,36.0,36.0,37.0,37.0,0
Mbalmayo,BIO_FP_FH__L2A_20251124T050104_20251206T050132_T_G01_M01_C___T004_F004,2025-11-24,9,35,11.459331512451172,3.4410881996154785,27.024831771850586,1.0,8649,0.42899999022483826,14.206742425063592,11.166926,29.084671,34.393486,36.874695,38.734406,24.424799,1.0,36.03722217386479,36.0,37.0,37.0,38.0,38.0,0
Mbalmayo,BIO_FP_FH__L2A_20251124T050104_20251206T050132_T_G01_M01_C___T004_F004,2025-11-24,9,36,11.460165023803711,3.4410881996154785,30.701433181762695,1.0,8649,0.8877999782562256,13.952400679449937,11.06829,30.763678,36.771366,42.644165,44.40732,26.395878,1.0,36.946142794507296,37.0,38.0,39.0,39.0,39.0,0
Mbalmayo,BIO_FP_FH__L2A_20251124T050104_20251206T050132_T_G01_M01_C___T004_F004,2025-11-24,10,7,11.435993194580078,3.4402546882629395,24.883487701416016,1.0,8649,0.0,17.380267611320672,17.405787,31.680828,33.972446,38.76164,40.75779,28.619389,1.0,34.81297480256478,35.0,37.563133239746094,38.0,38.0,38.0,0
Mbalmayo,BIO_FP_FH__L2A_20251124T050104_20251206T050132_T_G01_M01_C___T004_F004,2025-11-24,10,8,11.436826705932617,3.4402546882629395,24.856287002563477,1.0,8649,0.0,18.488649225163314,17.860746,31.866991,34.118664,36.780914,38.570633,28.555363,1.0,37.63017052376886,38.0,39.0,39.0,39.0,39.0,0
Mbalmayo,BIO_FP_FH__L2A_20251124T050104_20251206T050132_T_G01_M01_C___T004_F004,2025-11-24,10,9,11.437660217285156,3.4402546882629395,24.000686645507812,1.0,8649,0.0,30.405359136533125,33.091103,39.806942,40.963535,42.959328,44.298676,38.586258,1.0,36.588142780061816,37.0,38.0,38.0,38.0,39.0,0
Mbalmayo,BIO_FP_FH__L2A_20251124T050104_20251206T050132_T_G01_M01_C___T004_F004,2025-11-24,10,10,11.438493728637695,3.4402546882629395,23.07708740234375,1.0,8649,0.0,31.64405363878772,34.47953,42.200924,43.81957,47.204807,48.97562,40.431347,1.0,37.339183949393224,37.0,39.0,40.0,40.0,40.0,0
Mbalmayo,BIO_FP_FH__L2A_20251124T050104_20251206T050132_T_G01_M01_C___T004_F004,2025-11-24,10,11,11.439327239990234,3.4402546882629395,22.532487869262695,1.0,8649,0.02879999950528145,26.894344947754075,26.687784,37.51623,40.084206,44.904568,47.39786,35.178677,1.0,37.625716483859,38.0,39.0,39.0,40.0,40.0,0
Mbalmayo,BIO_FP_FH__L2A_20251124T050104_20251206T050132_T_G01_M01_C___T004_F004,2025-11-24,10,12,11.440160751342773,3.4402546882629395,25.91668701171875,1.0,8649,0.5123999714851379,24.636177683113655,25.946884,34.749935,36.451195,40.95918,44.200897,32.963352,1.0,36.230863529046104,36.0,37.0,38.0,38.0,38.0,0
Mbalmayo,BIO_FP_FH__L2A_20251124T050104_20251206T050132_T_G01_M01_C___T004_F004,2025-11-24,10,13,11.440994262695312,3.4402546882629395,29.36168670654297,1.0,8649,0.9914000034332275,22.279893832560123,22.962536,34.380424,35.687843,39.82046,41.36541,32.41926,1.0,34.331003423067365,34.0,35.0,36.0,36.0,36.0,0
Mbalmayo,BIO_FP_FH__L2A_20251124T050104_20251206T050132_T_G01_M01_C___T004_F004,2025-11-24,10,14,11.441827774047852,3.4402546882629395,29.701656341552734,1.0,8649,0.7728000283241272,23.564381539773382,23.039507,35.073734,37.3662,42.047707,44.31568,33.299564,1.0,33.382425367108574,33.0,34.0,34.81446075439453,35.0,35.0,0
Mbalmayo,BIO_FP_FH__L2A_20251124T050104_20251206T050132_T_G01_M01_C___T004_F004,2025-11-24,10,15,11.44266128540039,3.4402546882629395,29.35865592956543,1.0,8649,0.29760000109672546,22.926857625339636,23.22988,32.271603,34.04914,36.35341,41.09501,30.520796,1.0,32.618525711370076,33.0,34.0,34.0,35.0,35.0,0
Mbalmayo,BIO_FP_FH__L2A_20251124T050104_20251206T050132_T_G01_M01_C___T004_F004,2025-11-24,10,16,11.44349479675293,3.4402546882629395,29.50325584411621,1.0,8649,0.17900000512599945,22.55133134972251,22.145903,32.810196,34.91768,38.926323,40.673473,30.322908,1.0,32.64082927507587,32.81446075439453,34.0,34.0,35.0,35.0,0
Mbalmayo,BIO_FP_FH__L2A_20251124T050104_20251206T050132_T_G01_M01_C___T004_F004,2025-11-24,10,17,11.444328308105469,3.4402546882629395,29.97025489807129,1.0,8649,0.436599999666214,22.367214372687595,22.465189,37.206657,39.012142,40.829884,44.085117,30.568459,1.0,32.08794449276835,32.0,34.0,34.0,35.0,35.0,0
Mbalmayo,BIO_FP_FH__L2A_20251124T050104_20251206T050132_T_G01_M01_C___T004_F004,2025-11-24,10,18,11.445161819458008,3.4402546882629395,29.59565544128418,1.0,8649,0.32019999623298645,24.277988355770898,23.375347,37.799885,39.314713,42.178833,43.956165,34.185318,1.0,34.04231239977786,34.0,35.0,35.0,36.0,36.0,0
Mbalmayo,BIO_FP_FH__L2A_20251124T050104_20251206T050132_T_G01_M01_C___T004_F004,2025-11-24,10,19,11.445995330810547,3.4402546882629395,28.821056365966797,1.0,8649,0.20739999413490295,19.516833480568565,20.182108,28.886765,33.994984,42.89188,45.473038,24.73541,1.0,31.173262772883746,31.0,32.0,32.0,33.0,33.0,0
Mbalmayo,BIO_FP_FH__L2A_20251124T050104_20251206T050132_T_G01_M01_C___T004_F004,2025-11-24,10,20,11.446828842163086,3.4402546882629395,27.742055892944336,1.0,8649,0.08780000358819962,16.051069736205054,16.615414,27.111996,35.36684,41.65978,42.94647,22.488834,1.0,30.626050414977314,31.0,32.0,33.0,34.0,34.0,0
Mbalmayo,BIO_FP_FH__L2A_20251124T050104_20251206T050132_T_G01_M01_C___T004_F004,2025-11-24,10,21,11.447662353515625,3.4402546882629395,27.523056030273438,1.0,8649,0.03220000118017197,17.423734409324776,18.352581,26.401787,29.065886,41.079407,42.37811,24.07785,1.0,30.83975915338748,31.0,32.0,32.0,33.0,33.0,0
Mbalmayo,BIO_FP_FH__L2A_20251124T050104_20251206T050132_T_G01_M01_C___T004_F004,2025-11-24,10,22,11.448495864868164,3.4402546882629395,28.011173248291016,1.0,8649,0.15299999713897705,12.698584193259336,11.037377,26.836273,28.857405,32.41374,40.450756,22.041529,1.0,31.656652044789585,31.0,34.0,35.0,35.0,35.0,0
Mbalmayo,BIO_FP_FH__L2A_20251124T050104_20251206T050132_T_G01_M01_C___T004_F004,2025-11-24,10,23,11.449329376220703,3.4402546882629395,30.353572845458984,1.0,8649,0.4952000081539154,16.649145109803158,17.26189,28.095316,30.449228,36.060642,38.132942,22.283709,1.0,32.0136977383299,32.0,34.0,34.0,35.0,35.0,0
Mbalmayo,BIO_FP_FH__L2A_20251124T050104_20251206T050132_T_G01_M01_C___T004_F004,2025-11-24,10,24,11.450162887573242,3.4402546882629395,33.33617401123047,1.0,8649,0.995199978351593,20.490235729925423,22.01467,30.037086,38.03988,42.757797,44.534378,26.364902,1.0,29.874882292617936,30.0,32.0,33.0,33.0,33.0,0
Mbalmayo,BIO_FP_FH__L2A_20251124T050104_20251206T050132_T_G01_M01_C___T004_F004,2025-11-24,10,25,11.450996398925781,3.4402546882629395,32.516971588134766,1.0,8649,0.5515999794006348,13.080774105026594,12.553263,23.549662,25.69485,29.934193,32.251896,20.876259,1.0,24.786466982229857,24.0,28.0,30.0,31.0,31.0,0
Mbalmayo,BIO_FP_FH__L2A_20251124T050104_20251206T050132_T_G01_M01_C___T004_F004,2025-11-24,10,26,11.45182991027832,3.4402546882629395,31.708972930908203,1.0,8649,0.4442000091075897,5.501397492665337,3.1954365,14.516009,20.000015,23.60543,25.516062,10.700647,1.0,23.551734562650115,23.0,27.0,29.0,29.0,32.0,0
Mbalmayo,BIO_FP_FH__L2A_20251124T050104_20251206T050132_T_G01_M01_C___T004_F004,2025-11-24,10,27,11.45266342163086,3.4402546882629395,29.456974029541016,1.0,8649,0.3368000090122223,11.77206970278356,7.8873115,27.249214,30.756031,39.718697,46.325085,22.681911,1.0,31.015605698487484,32.0,35.0,35.0,35.0,35.0,0
Mbalmayo,BIO_FP_FH__L2A_20251124T050104_20251206T050132_T_G01_M01_C___T004_F004,2025-11-24,10,28,11.453496932983398,3.4402546882629395,30.283973693847656,1.0,8649,0.6977999806404114,24.51875273243294,25.79474,39.031113,42.11104,46.11534,49.225105,35.983524,1.0,35.68761369994313,35.08660125732422,38.0,38.0,38.0,38.0,0
Mbalmayo,BIO_FP_FH__L2A_20251124T050104_20251206T050132_T_G01_M01_C___T004_F004,2025-11-24,10,29,11.454330444335938,3.4402546882629395,31.330373764038086,1.0,8649,1.0881999731063843,22.821102760254075,23.969849,34.8031,35.982327,37.966644,41.74445,31.905312,1.0,34.2524873475723,34.33087921142578,36.0,36.0,36.0,36.0,0
Mbalmayo,BIO_FP_FH__L2A_20251124T050104_20251206T050132_T_G01_M01_C___T004_F004,2025-11-24,10,35,11.459331512451172,3.4402546882629395,25.145631790161133,1.0,8649,0.3255999982357025,17.054444065065326,15.049342,35.18373,37.881584,40.903107,42.40625,28.63255,1.0,36.551539323277275,36.0,38.0,38.0,39.0,39.0,0
Mbalmayo,BIO_FP_FH__L2A_20251124T050104_20251206T050132_T_G01_M01_C___T004_F004,2025-11-24,10,36,11.460165023803711,3.4402546882629395,26.78923225402832,1.0,8649,0.38359999656677246,21.175177743633657,21.033798,35.154972,37.521935,42.785828,45.805843,31.85562,1.0,36.82951137583743,37.0,38.0,38.0,38.0,38.0,0
Mbalmayo,BIO_FP_FH__L2A_20251124T050104_20251206T050132_T_G01_M01_C___T004_F004,2025-11-24,11,7,11.435993194580078,3.4394211769104004,24.41948699951172,1.0,8649,0.0,10.809286229802579,7.5594873,25.431425,28.28815,31.50524,34.716637,20.474583,1.0,32.478572938742424,32.0,35.0,36.0,37.0,37.0,0
Mbalmayo,BIO_FP_FH__L2A_20251124T050104_20251206T050132_T_G01_M01_C___T004_F004,2025-11-24,11,8,11.436826705932617,3.4394211769104004,24.306886672973633,1.0,8649,0.0,24.50904836135319,24.320051,38.7621,40.61905,44.430862,45.90698,34.989124,1.0,37.66625189761893,38.0,39.0,39.0,39.0,39.0,0
Mbalmayo,BIO_FP_FH__L2A_20251124T050104_20251206T050132_T_G01_M01_C___T004_F004,2025-11-24,11,12,11.440160751342773,3.4394211769104004,27.165687561035156,1.0,8649,0.59579998254776,21.90340736645855,22.780884,36.867054,38.321354,40.872772,45.78856,32.557457,1.0,38.25382522263683,38.0,40.0,40.0,40.0,40.0,0
Mbalmayo,BIO_FP_FH__L2A_20251124T050104_20251206T050132_T_G01_M01_C___T004_F004,2025-11-24,11,13,11.440994262695312,3.4394211769104004,29.191686630249023,1.0,8649,0.870199978351593,23.376716238871545,24.644154,33.04087,36.162468,47.442966,50.2835,31.115053,1.0,35.62043019423858,36.0,37.0,37.0,37.0,37.0,0
Mbalmayo,BIO_FP_FH__L2A_20251124T050104_20251206T050132_T_G01_M01_C___T004_F004,2025-11-24,11,14,11.441827774047852,3.4394211769104004,30.34125518798828,1.0,8649,0.8411999940872192,22.918618549651693,24.101248,32.75023,37.134007,41.29625,43.909737,29.01324,1.0,36.019410347163934,36.0,37.0,37.0,38.0,38.0,0
Mbalmayo,BIO_FP_FH__L2A_20251124T050104_20251206T050132_T_G01_M01_C___T004_F004,2025-11-24,11,15,11.44266128540039,3.4394211769104004,29.56265640258789,1.0,8649,0.38580000400543213,23.81876314277662,23.544754,34.995148,39.018288,42.923763,44.323036,31.504625,1.0,34.968521370007295,35.0,37.0,37.0,37.0,37.0,0
Mbalmayo,BIO_FP_FH__L2A_20251124T050104_20251206T050132_T_G01_M01_C___T004_F004,2025-11-24,11,16,11.44349479675293,3.4394211769104004,28.94865608215332,1.0,8649,0.010599999688565731,22.214377204012024,22.806627,32.114388,33.891613,36.321556,40.05963,29.975216,1.0,33.83922332029754,34.0,35.0,35.0,35.0,35.0,0
Mbalmayo,BIO_FP_FH__L2A_20251124T050104_20251206T050132_T_G01_M01_C___T004_F004,2025-11-24,11,17,11.444328308105469,3.4394211769104004,28.897056579589844,1.0,8649,0.0,18.918024866494683,19.005547,31.460966,36.265827,42.242188,46.45195,28.072617,1.0,31.770597062037574,32.0,34.0,34.0,34.0,34.0,0
Mbalmayo,BIO_FP_FH__L2A_20251124T050104_20251206T050132_T_G01_M01_C___T004_F004,2025-11-24,11,18,11.445161819458008,3.4394211769104004,28.876855850219727,1.0,8649,0.0,19.026232485330674,15.822247,38.98236,40.62998,46.485065,47.75473,31.622437,1.0,32.99697640915526,33.0,34.0,34.0,35.0,35.0,0
Mbalmayo,BIO_FP_FH__L2A_20251124T050104_20251206T050132_T_G01_M01_C___T004_F004,2025-11-24,11,19,11.445995330810547,3.4394211769104004,28.366655349731445,1.0,8649,0.0,22.24696519286912,22.080584,34.506714,37.13653,42.965218,45.579006,30.44016,1.0,33.1714593397977,33.0,36.0,36.0,37.0,37.0,0
Mbalmayo,BIO_FP_FH__L2A_20251124T050104_20251206T050132_T_G01_M01_C___T004_F004,2025-11-24,11,20,11.446828842163086,3.4394211769104004,28.217256546020508,1.0,8649,0.24719999730587006,23.977279820102034,21.169592,40.59765,43.554207,45.690914,47.604824,31.06941,1.0,33.25132394672226,33.0,36.0,36.0,37.0,37.0,0
Mbalmayo,BIO_FP_FH__L2A_20251124T050104_20251206T050132_T_G01_M01_C___T004_F004,2025-11-24,11,21,11.447662353515625,3.4394211769104004,28.721256256103516,1.0,8649,0.5935999751091003,22.277370509777143,22.065502,32.81699,37.023796,41.215168,43.360462,28.74098,1.0,30.990669012317795,31.0,33.0,34.0,35.0,35.0,0
Mbalmayo,BIO_FP_FH__L2A_20251124T050104_20251206T050132_T_G01_M01_C___T004_F004,2025-11-24,11,22,11.448495864868164,3.4394211769104004,29.97597312927246,1.0,8649,0.7031999826431274,19.1462096638701,19.0548,35.289734,38.576828,40.98654,43.24771,31.280954,1.0,30.15477520138532,30.0,31.0,31.0,32.0,32.0,0
Mbalmayo,BIO_FP_FH__L2A_20251124T050104_20251206T050132_T_G01_M01_C___T004_F004,2025-11-24,11,23,11.449329376220703,3.4394211769104004,32.22797393798828,1.0,8649,0.9305999875068665,10.9353020851399,4.459089,29.084145,36.93607,40.96377,43.417885,22.103474,1.0,29.000260013585173,29.0,31.0,31.0,32.0,32.0,0
Mbalmayo,BIO_FP_FH__L2A_20251124T050104_20251206T050132_T_G01_M01_C___T004_F004,2025-11-24,11,24,11.450162887573242,3.4394211769104004,32.32657241821289,1.0,8649,0.6309999823570251,14.463204854788126,15.796784,22.862305,23.898285,25.081835,28.229115,20.925095,1.0,25.49184328498889,25.0,28.0,29.0,29.0,29.0,0
Mbalmayo,BIO_FP_FH__L2A_20251124T050104_20251206T050132_T_G01_M01_C___T004_F004,2025-11-24,11,25,11.450996398925781,3.4394211769104004,31.37537384033203,1.0,8649,0.05260000005364418,13.946477622954966,12.039892,25.162668,26.418625,36.641403,42.652267,22.205849,1.0,26.82310596743489,27.0,31.0,31.0,33.0,33.0,0
Mbalmayo,BIO_FP_FH__L2A_20251124T050104_20251206T050132_T_G01_M01_C___T004_F004,2025-11-24,11,26,11.45182991027832,3.4394211769104004,28.954973220825195,1.0,8649,0.0,17.188212352042143,15.270271,33.57051,36.012203,39.270847,41.682877,28.955914,1.0,31.029532444354412,31.0,35.0,36.0,36.0,36.0,0
Mbalmayo,BIO_FP_FH__L2A_20251124T050104_20251206T050132_T_G01_M01_C___T004_F004,2025-11-24,11,27,11.45266342163086,3.4394211769104004,25.892574310302734,1.0,8649,0.604200005531311,20.132657812680655,20.985542,35.57668,37.5091,39.328823,41.289143,30.690275,1.0,34.88271196559201,35.0,37.0,37.0,38.0,38.0,0
Mbalmayo,BIO_FP_FH__L2A_20251124T050104_20251206T050132_T_G01_M01_C___T004_F004,2025-11-24,11,35,11.459331512451172,3.4394211769104004,21.935232162475586,1.0,8649,0.39239999651908875,21.714919851644698,22.399797,36.651783,39.474464,41.654522,43.139683,32.20166,1.0,38.674983161875986,39.0,40.0,42.0,42.0,42.0,0
Mbalmayo,BIO_FP_FH__L2A_20251124T050104_20251206T050132_T_G01_M01_C___T004_F004,2025-11-24,11,37,11.46099853515625,3.4394211769104004,25.339632034301758,1.0,8649,1.2355999946594238,9.033929590848652,7.340783,21.886414,25.455042,31.558952,34.13658,17.052837,1.0,34.99495651636775,35.0,36.0,36.0,36.0,36.0,0
Mbalmayo,BIO_FP_FH__L2A_20251124T050104_20251206T050132_T_G01_M01_C___T004_F004,2025-11-24,11,38,11.461832046508789,3.4394211769104004,24.150108337402344,1.0,8649,1.0473498106002808,20.114691614456873,21.014465,30.071224,32.656467,42.21474,43.649548,27.58384,1.0,34.605410804444205,35.0,35.0,35.0,36.0,38.0,0
Mbalmayo,BIO_FP_FH__L2A_20251124T050104_20251206T050132_T_G01_M01_C___T004_F004,2025-11-24,12,6,11.435159683227539,3.4385876655578613,21.05788803100586,1.0,8649,0.0,5.7185496404027925,4.3623443,11.734566,15.128141,18.94564,24.572521,9.705447,1.0,24.184354122504566,24.0,28.0,29.0,30.0,30.0,0
Mbalmayo,BIO_FP_FH__L2A_20251124T050104_20251206T050132_T_G01_M01_C___T004_F004,2025-11-24,12,7,11.435993194580078,3.4385876655578613,22.78348731994629,1.0,8649,0.0,14.632530562601168,12.098141,29.655327,31.999287,36.031208,37.277397,27.572647,1.0,31.63533930602632,32.0,35.0,37.0,38.0,38.0,0
Mbalmayo,BIO_FP_FH__L2A_20251124T050104_20251206T050132_T_G01_M01_C___T004_F004,2025-11-24,12,12,11.440160751342773,3.4385876655578613,30.7460880279541,1.0,8649,1.0351999998092651,24.583596753418025,25.251295,38.935562,41.947887,45.750534,47.43803,34.535145,1.0,39.70886305051396,40.0,41.0,41.0,42.0,42.0,0
Mbalmayo,BIO_FP_FH__L2A_20251124T050104_20251206T050132_T_G01_M01_C___T004_F004,2025-11-24,12,13,11.440994262695312,3.4385876655578613,30.841487884521484,1.0000000211707099,8649,1.06659996509552,19.703484654294915,20.934011,33.257805,35.970165,38.436867,40.33057,28.199152,1.0,38.221473984062804,38.94734573364258,39.0,40.0,40.0,40.0,0
Mbalmayo,BIO_FP_FH__L2A_20251124T050104_20251206T050132_T_G01_M01_C___T004_F004,2025-11-24,12,14,11.441827774047852,3.4385876655578613,30.886455535888672,1.0,8649,1.0808000564575195,21.199985637790498,23.185265,37.893448,40.22715,43.410122,45.579063,36.064907,1.0,37.16380658360875,37.0,38.0,38.0,38.0,38.0,0
Mbalmayo,BIO_FP_FH__L2A_20251124T050104_20251206T050132_T_G01_M01_C___T004_F004,2025-11-24,12,15,11.44266128540039,3.4385876655578613,30.396055221557617,1.0,8649,0.8533999919891357,23.89665791836484,24.934298,33.01952,35.36158,39.158012,42.507454,30.30839,1.0,36.96507880662629,37.0,38.0,39.0,39.0,39.0,0
Mbalmayo,BIO_FP_FH__L2A_20251124T050104_20251206T050132_T_G01_M01_C___T004_F004,2025-11-24,12,16,11.44349479675293,3.4385876655578613,29.669654846191406,1.0000000141138066,8649,0.5109999775886536,27.142801982069567,27.870588,36.017986,38.710518,40.993614,43.280094,33.377636,1.0,33.496580869286774,33.0,35.0,36.0,37.0,37.0,0
Mbalmayo,BIO_FP_FH__L2A_20251124T050104_20251206T050132_T_G01_M01_C___T004_F004,2025-11-24,12,17,11.444328308105469,3.4385876655578613,29.316856384277344,1.0000000211707099,8649,0.18359999358654022,26.761321980667486,28.285494,34.21011,36.143135,40.95424,45.19118,32.794285,1.0,35.03614435185999,35.0,37.0,37.0,37.0,37.0,0
Mbalmayo,BIO_FP_FH__L2A_20251124T050104_20251206T050132_T_G01_M01_C___T004_F004,2025-11-24,12,18,11.445161819458008,3.4385876655578613,29.110055923461914,1.0000000070569033,8649,0.0,24.93414875473498,26.899752,38.48857,39.99973,43.014446,45.243168,35.145226,1.0,35.55144152297824,36.0,37.0,37.0,38.0,38.0,0
Mbalmayo,BIO_FP_FH__L2A_20251124T050104_20251206T050132_T_G01_M01_C___T004_F004,2025-11-24,12,19,11.445995330810547,3.4385876655578613,28.885456085205078,1.0000000352845162,8649,0.08860000222921371,20.95840801800803,19.00744,37.91681,41.576645,44.61073,46.44041,32.454464,1.0,35.59100468424183,36.0,37.0,37.0,37.0,37.0,0
Mbalmayo,BIO_FP_FH__L2A_20251124T050104_20251206T050132_T_G01_M01_C___T004_F004,2025-11-24,12,20,11.446828842163086,3.4385876655578613,29.407455444335938,0.999999971772387,8649,0.6931999921798706,18.167707649313563,16.096163,32.871716,34.9321,42.407394,45.052143,29.406973,1.0,35.80192670757088,36.0,37.0,37.0,37.0,37.0,0
Mbalmayo,BIO_FP_FH__L2A_20251124T050104_20251206T050132_T_G01_M01_C___T004_F004,2025-11-24,12,21,11.447662353515625,3.4385876655578613,30.189655303955078,1.0000000141138066,8649,1.1128000020980835,20.51775691139334,21.771118,30.808071,32.785126,36.17735,38.75138,27.985813,1.0,32.16203086320231,32.0,34.0,34.0,35.0,37.0,0
Mbalmayo,BIO_FP_FH__L2A_20251124T050104_20251206T050132_T_G01_M01_C___T004_F004,2025-11-24,12,22,11.448495864868164,3.4385876655578613,31.409772872924805,0.9999999647154837,8649,0.9753999710083008,17.893069578083477,17.63915,32.02618,34.35451,41.082775,43.631153,26.10218,1.0,31.24747925144301,31.0,32.74184036254883,33.0,33.0,33.0,0
Mbalmayo,BIO_FP_FH__L2A_20251124T050104_20251206T050132_T_G01_M01_C___T004_F004,2025-11-24,12,23,11.449329376220703,3.4385876655578613,32.420772552490234,0.9999999929430967,8649,0.8424000144004822,8.890405903551256,3.536665,23.917082,29.058956,41.613407,43.510708,19.18675,1.0,27.602895040266198,28.0,30.0,30.0,31.0,32.0,0
Mbalmayo,BIO_FP_FH__L2A_20251124T050104_20251206T050132_T_G01_M01_C___T004_F004,2025-11-24,12,24,11.450162887573242,3.4385876655578613,31.516372680664062,0.9999999364878707,8649,0.2378000020980835,13.136338398630617,11.413401,23.444965,27.727495,36.22889,38.23006,19.303848,1.0,28.193917475266048,28.0,32.0,33.0,34.0,34.0,0
Mbalmayo,BIO_FP_FH__L2A_20251124T050104_20251206T050132_T_G01_M01_C___T004_F004,2025-11-24,12,25,11.450996398925781,3.4385876655578613,27.538772583007812,0.9999999929430967,8649,0.0,23.151677290070094,24.158875,32.722378,34.26419,42.554966,45.25511,30.81848,1.0,33.46131617210548,33.60873794555664,36.0,36.0,37.0,37.0,0
Mbalmayo,BIO_FP_FH__L2A_20251124T050104_20251206T050132_T_G01_M01_C___T004_F004,2025-11-24,12,26,11.45182991027832,3.4385876655578613,23.78217315673828,1.0000000917397422,8649,0.0,15.883750570700535,13.937173,27.936388,30.547192,34.877438,37.85981,24.12386,1.0,32.99325647132495,33.0,34.0,34.0,36.0,36.0,0
Mbalmayo,BIO_FP_FH__L2A_20251124T050104_20251206T050132_T_G01_M01_C___T004_F004,2025-11-24,12,38,11.461832046508789,3.4385876655578613,26.82790756225586,1.0000000141138066,8649,0.6093498468399048,20.247966084071795,18.770094,33.651657,37.70676,40.335793,41.544865,29.240076,1.0,32.6522222960639,33.0,34.0,35.0,35.0,35.0,0
Mbalmayo,BIO_FP_FH__L2A_20251124T050104_20251206T050132_T_G01_M01_C___T004_F004,2025-11-24,12,39,11.462665557861328,3.4385876655578613,25.232507705688477,1.0000000352845162,8649,0.29354986548423767,14.815180197206708,15.179955,21.956297,24.407679,27.914173,32.232456,19.971321,1.0,33.165156027584054,33.0,34.0,34.463775634765625,35.0,35.0,0
Mbalmayo,BIO_FP_FH__L2A_20251124T050104_20251206T050132_T_G01_M01_C___T004_F004,2025-11-24,12,40,11.463499069213867,3.4385876655578613,22.66130828857422,0.9999999929430967,8649,1.8377498388290405,16.81841199704612,15.733028,28.766882,31.455225,34.27051,35.95389,22.160856,1.0,34.89870695594226,35.0,36.0,36.0,37.0,37.0,0
Mbalmayo,BIO_FP_FH__L2A_20251124T050104_20251206T050132_T_G01_M01_C___T004_F004,2025-11-24,13,5,11.434326171875,3.4377541542053223,17.61501693725586,0.9799848228593081,8502,0.5874000191688538,7.024758311542347,4.959664,17.345928,23.868532,28.170618,31.508509,13.977861,0.93663727638797,19.80312738396402,20.0,24.0,24.0,27.0,27.0,0
Mbalmayo,BIO_FP_FH__L2A_20251124T050104_20251206T050132_T_G01_M01_C___T004_F004,2025-11-24,13,6,11.435159683227539,3.4377541542053223,19.427087783813477,1.0000000141138066,8649,0.0,5.027095276053984,3.5051029,10.360686,16.299074,25.730217,27.966042,8.396588,1.0,21.413501050792302,21.0,26.0,26.0,27.0,30.0,0
Mbalmayo,BIO_FP_FH__L2A_20251124T050104_20251206T050132_T_G01_M01_C___T004_F004,2025-11-24,13,7,11.435993194580078,3.4377541542053223,20.82588768005371,0.9999999929430967,8649,1.1510000228881836,19.150204909537027,19.471214,35.354385,37.866146,40.901424,43.087086,29.485653,1.0,32.06252824635792,32.933895111083984,36.0,36.0,37.0,37.0,0
Mbalmayo,BIO_FP_FH__L2A_20251124T050104_20251206T050132_T_G01_M01_C___T004_F004,2025-11-24,13,12,11.440160751342773,3.4377541542053223,30.986886978149414,0.9999999929430967,8649,1.041599988937378,21.171069420416178,21.17718,33.129143,35.550613,39.33886,42.46822,31.352646,1.0,39.2858986190212,39.91324996948242,40.0,41.0,42.0,42.0,0
Mbalmayo,BIO_FP_FH__L2A_20251124T050104_20251206T050132_T_G01_M01_C___T004_F004,2025-11-24,13,13,11.440994262695312,3.4377541542053223,30.506887435913086,1.0000000141138066,8649,1.0867999792099,20.82729278183673,18.840528,37.891514,40.261387,42.820187,44.1194,33.44114,1.0,40.20617360161252,40.0,43.0,43.0,43.0,43.0,0
Mbalmayo,BIO_FP_FH__L2A_20251124T050104_20251206T050132_T_G01_M01_C___T004_F004,2025-11-24,13,14,11.441827774047852,3.4377541542053223,30.571056365966797,1.0,8649,1.1075999736785889,25.656672510911665,25.844114,40.363922,42.28392,44.95438,48.227207,37.819324,1.0,38.5465046951765,38.27802276611328,40.0,40.0,40.0,40.0,0
Mbalmayo,BIO_FP_FH__L2A_20251124T050104_20251206T050132_T_G01_M01_C___T004_F004,2025-11-24,13,15,11.44266128540039,3.4377541542053223,30.53005599975586,0.999999943544774,8649,1.0920000076293945,29.120986774176995,30.791607,38.975487,40.353508,41.85035,44.50628,37.61351,1.0,37.255420058955345,37.0,39.0,39.0,39.0,39.0,0
Mbalmayo,BIO_FP_FH__L2A_20251124T050104_20251206T050132_T_G01_M01_C___T004_F004,2025-11-24,13,16,11.44349479675293,3.4377541542053223,30.489255905151367,1.0,8649,1.0764000415802002,29.896895594866457,30.434856,36.707573,38.075066,41.03466,42.57868,35.65691,1.0,35.06805910244334,35.0,36.0,36.0,37.0,37.0,0
Mbalmayo,BIO_FP_FH__L2A_20251124T050104_20251206T050132_T_G01_M01_C___T004_F004,2025-11-24,13,17,11.444328308105469,3.4377541542053223,30.224056243896484,1.0,8649,0.7694000005722046,27.94148020634611,29.148125,34.21442,35.751217,38.056442,39.474728,32.919113,1.0,35.30816367585227,35.0,37.0,37.0,37.0,37.0,0
Mbalmayo,BIO_FP_FH__L2A_20251124T050104_20251206T050132_T_G01_M01_C___T004_F004,2025-11-24,13,18,11.445161819458008,3.4377541542053223,29.966054916381836,1.0,8649,0.43860000371932983,24.113222310744018,24.73812,34.235657,36.36943,40.03322,42.361694,32.25743,1.0,34.18450793984005,34.0,36.0,36.0,37.0,37.0,0
Mbalmayo,BIO_FP_FH__L2A_20251124T050104_20251206T050132_T_G01_M01_C___T004_F004,2025-11-24,13,19,11.445995330810547,3.4377541542053223,29.428855895996094,1.0,8649,0.12300000339746475,25.581606029237484,26.320892,36.410892,38.087246,40.8434,42.713303,34.945076,1.0,33.66058259281014,34.0,35.0,35.0,36.0,36.0,0
Mbalmayo,BIO_FP_FH__L2A_20251124T050104_20251206T050132_T_G01_M01_C___T004_F004,2025-11-24,13,20,11.446828842163086,3.4377541542053223,29.14045524597168,1.0,8649,0.210999995470047,21.556961968146606,21.96524,30.058226,31.651165,34.074673,36.4064,27.759224,1.0,33.180062982826264,33.0,36.0,36.0,36.0,36.0,0
Mbalmayo,BIO_FP_FH__L2A_20251124T050104_20251206T050132_T_G01_M01_C___T004_F004,2025-11-24,13,21,11.447662353515625,3.4377541542053223,29.31345558166504,1.0,8649,0.5555999875068665,17.596351682636723,17.262741,32.183125,33.958935,37.660877,40.183323,29.864237,1.0,32.284433950591136,32.0,34.0,34.0,35.0,35.0,0
Mbalmayo,BIO_FP_FH__L2A_20251124T050104_20251206T050132_T_G01_M01_C___T004_F004,2025-11-24,13,22,11.448495864868164,3.4377541542053223,30.476573944091797,1.0,8649,0.42080000042915344,13.399781586021506,9.775359,35.30918,37.81686,40.020798,42.20129,28.85727,1.0,32.53967337178859,33.0,35.0,35.0,35.0,35.0,0
Mbalmayo,BIO_FP_FH__L2A_20251124T050104_20251206T050132_T_G01_M01_C___T004_F004,2025-11-24,13,23,11.449329376220703,3.4377541542053223,31.250972747802734,1.0,8649,0.30399999022483826,17.399172772863913,15.827937,34.24287,37.319744,44.78154,47.22575,28.520483,1.0,32.33314343956471,33.0,35.152069091796875,37.0,37.0,37.0,0
Mbalmayo,BIO_FP_FH__L2A_20251124T050104_20251206T050132_T_G01_M01_C___T004_F004,2025-11-24,13,24,11.450162887573242,3.4377541542053223,29.38477325439453,1.0,8649,0.0,20.031702319271012,18.290224,36.889538,39.009327,43.42065,45.63394,29.730465,1.0,35.43326338019202,36.0,38.0,39.0,39.0,39.0,0
Mbalmayo,BIO_FP_FH__L2A_20251124T050104_20251206T050132_T_G01_M01_C___T004_F004,2025-11-24,13,25,11.450996398925781,3.4377541542053223,23.41317367553711,1.0,8649,0.0,20.56799648080703,18.277163,38.214394,41.550556,44.60493,46.890957,30.878027,1.0,35.99924453821799,36.0,38.0,38.0,39.0,39.0,0
Mbalmayo,BIO_FP_FH__L2A_20251124T050104_20251206T050132_T_G01_M01_C___T004_F004,2025-11-24,13,40,11.463499069213867,3.4377541542053223,27.178308486938477,1.0,8649,1.1235498189926147,16.849313549615562,16.381153,29.838697,33.082695,38.34606,43.537903,25.243568,1.0,33.121044542434134,33.0,35.0,35.0,36.0,37.0,0
Mbalmayo,BIO_FP_FH__L2A_20251124T050104_20251206T050132_T_G01_M01_C___T004_F004,2025-11-24,13,47,11.46933364868164,3.4377541542053223,30.69949722290039,1.0,8649,0.7306864857673645,23.89723184219274,26.941317,37.37618,39.3247,41.98091,44.220833,33.436863,1.0,34.35499570835311,35.0,36.0,36.0,36.0,36.0,0
Mbalmayo,BIO_FP_FH__L2A_20251124T050104_20251206T050132_T_G01_M01_C___T004_F004,2025-11-24,13,48,11.47016716003418,3.4377541542053223,30.012895584106445,0.9837272891916695,8549,0.6232864856719971,25.838413407104348,27.413172,38.786545,40.735016,42.811207,45.05593,36.293404,1.0,36.01474695451577,36.0,38.0,39.0,40.0,40.0,0
Mbalmayo,BIO_FP_FH__L2A_20251124T050104_20251206T050132_T_G01_M01_C___T004_F004,2025-11-24,14,12,11.440160751342773,3.436920642852783,31.7012882232666,1.000000056455226,8649,0.9805999994277954,29.182829053641665,29.654036,40.70635,42.521683,45.090546,48.05514,38.49792,1.0,37.558136961945,38.0,39.0,39.0,40.0,40.0,0
Mbalmayo,BIO_FP_FH__L2A_20251124T050104_20251206T050132_T_G01_M01_C___T004_F004,2025-11-24,14,13,11.440994262695312,3.436920642852783,30.864887237548828,0.9999999788292903,8649,0.907800018787384,30.37683159898994,31.639448,40.485653,41.63135,43.220455,46.006435,38.466026,1.0,40.418124462775594,40.0,42.0,42.0,43.0,43.0,0
Mbalmayo,BIO_FP_FH__L2A_20251124T050104_20251206T050132_T_G01_M01_C___T004_F004,2025-11-24,14,14,11.441827774047852,3.436920642852783,30.187456130981445,1.0000000141138066,8649,0.8646000027656555,32.35455665436399,34.93902,41.649643,42.846645,44.723892,46.1106,40.135323,1.0,38.86489806063314,39.0,40.0,40.0,40.0,40.0,0
Mbalmayo,BIO_FP_FH__L2A_20251124T050104_20251206T050132_T_G01_M01_C___T004_F004,2025-11-24,14,15,11.44266128540039,3.436920642852783,31.122455596923828,1.0000000211707099,8649,1.0773999691009521,32.48605193574416,33.925827,38.953403,39.97919,41.32005,42.850418,37.842915,1.0,36.761400518065614,37.0,38.0,38.0,39.0,39.0,0
Mbalmayo,BIO_FP_FH__L2A_20251124T050104_20251206T050132_T_G01_M01_C___T004_F004,2025-11-24,14,16,11.44349479675293,3.436920642852783,31.34525489807129,1.0,8649,1.0498000383377075,28.32030979014915,30.732508,37.544487,38.673508,40.589783,42.410347,35.67091,1.0,36.05396561011205,36.0,37.0,37.0,37.0,37.0,0
Mbalmayo,BIO_FP_FH__L2A_20251124T050104_20251206T050132_T_G01_M01_C___T004_F004,2025-11-24,14,17,11.444328308105469,3.436920642852783,31.337055206298828,1.0,8649,1.037600040435791,29.658679607107757,31.496925,38.137177,39.526295,41.305157,43.179367,36.479607,1.0,34.50783917068374,34.0,36.191925048828125,37.0,37.0,37.0,0
Mbalmayo,BIO_FP_FH__L2A_20251124T050104_20251206T050132_T_G01_M01_C___T004_F004,2025-11-24,14,18,11.445161819458008,3.436920642852783,31.238256454467773,1.0,8649,1.011199951171875,28.07288414845647,29.215315,38.303406,39.878517,42.11814,44.81354,36.08405,1.0,33.47025259707977,33.0,35.0,36.0,36.0,36.0,0
Mbalmayo,BIO_FP_FH__L2A_20251124T050104_20251206T050132_T_G01_M01_C___T004_F004,2025-11-24,14,19,11.445995330810547,3.436920642852783,30.807056427001953,1.0,8649,0.6898000240325928,24.91198156036825,25.582539,33.48055,35.105663,37.16781,38.89982,31.574787,1.0,31.586008141365806,31.0,33.0,34.0,34.0,35.0,0
Mbalmayo,BIO_FP_FH__L2A_20251124T050104_20251206T050132_T_G01_M01_C___T004_F004,2025-11-24,14,20,11.446828842163086,3.436920642852783,29.915056228637695,1.0,8649,0.3930000066757202,22.42863698115389,22.475298,34.68041,36.517727,40.541027,43.771255,30.669224,1.0,30.58272456053241,31.0,32.0,33.0,33.0,33.0,0
Mbalmayo,BIO_FP_FH__L2A_20251124T050104_20251206T050132_T_G01_M01_C___T004_F004,2025-11-24,14,21,11.447662353515625,3.436920642852783,28.893455505371094,1.0,8649,0.11180000007152557,20.796074013252976,21.872835,30.642319,32.61435,36.16899,38.779366,28.893513,1.0,33.788962544919656,34.0,35.0,35.0,36.0,36.0,0
Mbalmayo,BIO_FP_FH__L2A_20251124T050104_20251206T050132_T_G01_M01_C___T004_F004,2025-11-24,14,22,11.448495864868164,3.436920642852783,28.802772521972656,1.0,8649,0.0,22.81058616783732,24.104498,32.90566,35.52525,40.094196,41.621204,30.72747,1.0,35.09144381504277,35.0,36.0,36.0,37.0,37.0,0
Mbalmayo,BIO_FP_FH__L2A_20251124T050104_20251206T050132_T_G01_M01_C___T004_F004,2025-11-24,14,23,11.449329376220703,3.436920642852783,29.11017417907715,1.0,8649,0.0,21.705351932846284,18.38303,41.35702,47.23106,50.287693,52.807858,36.49846,1.0,37.20033333141386,37.0,39.0,39.0,39.0,40.0,0
Mbalmayo,BIO_FP_FH__L2A_20251124T050104_20251206T050132_T_G01_M01_C___T004_F004,2025-11-24,14,24,11.450162887573242,3.436920642852783,25.563173294067383,1.0,8649,0.0,19.865366706049834,18.391577,34.63023,36.416756,38.24654,42.29909,31.53644,1.0,36.882448086367546,37.0,39.0,39.0,40.0,40.0,0
Mbalmayo,BIO_FP_FH__L2A_20251124T050104_20251206T050132_T_G01_M01_C___T004_F004,2025-11-24,14,31,11.455997467041016,3.436920642852783,23.56603240966797,1.0,8649,1.5853999853134155,19.110404743322928,16.628044,34.970352,38.187702,46.466972,50.8163,28.598347,1.0,34.982561808098865,35.0,36.0,36.41083526611328,37.0,37.0,0
Mbalmayo,BIO_FP_FH__L2A_20251124T050104_20251206T050132_T_G01_M01_C___T004_F004,2025-11-24,14,47,11.46933364868164,3.436920642852783,27.930896759033203,1.0,8649,0.23168647289276123,22.641398662417622,25.005617,34.53183,37.605698,45.30356,48.058456,31.049473,1.0,35.72645661866462,36.0,36.23856735229492,37.0,37.0,37.0,0
Mbalmayo,BIO_FP_FH__L2A_20251124T050104_20251206T050132_T_G01_M01_C___T004_F004,2025-11-24,15,10,11.438493728637695,3.436087131500244,33.84379577636719,1.0,8649,1.010200023651123,28.799935550713954,29.40582,38.356987,39.44675,41.20682,44.24235,36.245163,1.0,33.0467214708949,33.0,34.0,35.0,35.0,35.0,0
Mbalmayo,BIO_FP_FH__L2A_20251124T050104_20251206T050132_T_G01_M01_C___T004_F004,2025-11-24,15,11,11.439327239990234,3.436087131500244,33.19699478149414,1.0,8649,1.010200023651123,30.816192623424673,32.872036,41.886635,43.029724,44.79455,47.865685,40.319218,1.0,34.51245734666535,35.0,36.0,36.0,36.01973342895508,37.0,0
Mbalmayo,BIO_FP_FH__L2A_20251124T050104_20251206T050132_T_G01_M01_C___T004_F004,2025-11-24,15,12,11.440160751342773,3.436087131500244,32.20059585571289,1.0,8649,0.8637999892234802,31.21515967344491,32.791862,39.597908,40.52109,42.574387,44.72244,38.877842,1.0,36.10838196933414,36.0,37.456626892089844,38.0,39.0,40.0,0
Mbalmayo,BIO_FP_FH__L2A_20251124T050104_20251206T050132_T_G01_M01_C___T004_F004,2025-11-24,15,13,11.440994262695312,3.436087131500244,30.583797454833984,1.0,8649,0.4505999982357025,30.613836317782404,30.202637,39.977688,42.675957,44.313976,46.85636,38.202957,1.0,38.377915316557576,38.0,40.0,40.0,40.0,40.0,0
Mbalmayo,BIO_FP_FH__L2A_20251124T050104_20251206T050132_T_G01_M01_C___T004_F004,2025-11-24,15,14,11.441827774047852,3.436087131500244,29.505210876464844,1.0,8649,0.2720000147819519,30.62781688995838,33.12002,41.088337,42.50759,44.158566,45.075676,39.560223,1.0,37.68155784664271,38.0,38.0,39.0,39.0,39.0,0
Mbalmayo,BIO_FP_FH__L2A_20251124T050104_20251206T050132_T_G01_M01_C___T004_F004,2025-11-24,15,15,11.44266128540039,3.436087131500244,30.563810348510742,1.0,8649,0.5533999800682068,32.13274768940051,33.296955,39.070774,40.165924,41.91103,44.152245,37.586826,1.0,36.76133819281924,37.0,38.0,38.0,38.0,38.0,0
Mbalmayo,BIO_FP_FH__L2A_20251124T050104_20251206T050132_T_G01_M01_C___T004_F004,2025-11-24,15,16,11.44349479675293,3.436087131500244,31.800609588623047,1.0,8649,0.8677999973297119,26.317190977641925,26.843723,35.689304,37.49559,42.582592,44.385975,34.374928,1.0,37.13064811777994,37.0,38.0,38.0,39.0,39.0,0
Mbalmayo,BIO_FP_FH__L2A_20251124T050104_20251206T050132_T_G01_M01_C___T004_F004,2025-11-24,15,17,11.444328308105469,3.436087131500244,30.195810317993164,1.0,8649,1.8538000583648682,30.84937768275234,31.777681,39.397133,40.537,42.366444,44.366356,38.498512,1.0,36.05623129020882,36.0,37.0,38.0,38.0,38.0,0
Mbalmayo,BIO_FP_FH__L2A_20251124T050104_20251206T050132_T_G01_M01_C___T004_F004,2025-11-24,15,21,11.447662353515625,3.436087131500244,21.81981086730957,1.0,8649,1.182800054550171,18.19831998280148,17.143353,29.498693,32.484642,36.671707,39.09199,25.717705,1.0,31.761178665566906,32.0,33.0,34.0,34.0,35.0,0
Mbalmayo,BIO_FP_FH__L2A_20251124T050104_20251206T050132_T_G01_M01_C___T004_F004,2025-11-24,15,22,11.448495864868164,3.436087131500244,25.447368621826172,1.0,8649,0.0,22.00390828238814,23.218473,32.552643,34.309223,38.75211,41.372185,30.25035,1.0,34.45514380933233,34.0,36.0,36.0,37.0,37.0,0
Mbalmayo,BIO_FP_FH__L2A_20251124T050104_20251206T050132_T_G01_M01_C___T004_F004,2025-11-24,15,23,11.449329376220703,3.436087131500244,24.368968963623047,1.0,8649,0.0,23.42916901520407,22.214285,38.58048,41.01294,49.416454,51.236324,36.08055,1.0,35.81610921259243,36.0,38.0,38.0,38.0,38.0,0
Mbalmayo,BIO_FP_FH__L2A_20251124T050104_20251206T050132_T_G01_M01_C___T004_F004,2025-11-24,15,24,11.450162887573242,3.436087131500244,21.901569366455078,1.0,8649,0.0,16.90987171566077,15.823882,28.340452,32.72736,39.755905,47.45783,24.305807,1.0,34.68707428349003,35.0,37.0,37.0,37.0,37.0,0
Mbalmayo,BIO_FP_FH__L2A_20251124T050104_20251206T050132_T_G01_M01_C___T004_F004,2025-11-24,15,31,11.455997467041016,3.436087131500244,25.819164276123047,1.0,8649,0.4912000000476837,18.226309806408256,16.582808,32.869415,38.767845,41.75144,43.71063,29.62993,1.0,36.3818194768321,36.0,37.0,38.0,38.0,38.0,0
Mbalmayo,BIO_FP_FH__L2A_20251124T050104_20251206T050132_T_G01_M01_C___T004_F004,2025-11-24,15,32,11.456830978393555,3.436087131500244,22.83316421508789,1.0,8649,0.3718000054359436,12.343587408949011,10.279343,24.373837,32.722942,36.43514,41.95008,18.620235,1.0,35.878395103942395,36.0,38.0,38.0,38.0,38.0,0
Mbalmayo,BIO_FP_FH__L2A_20251124T050104_20251206T050132_T_G01_M01_C___T004_F004,2025-11-24,15,33,11.457664489746094,3.436087131500244,18.11176300048828,1.0,8649,0.8736000061035156,12.739471326164875,9.604839,28.394226,35.140274,39.72657,40.681164,21.952938,1.0,32.17717526206833,32.0,34.0,35.0,35.0,35.0,0
Mbalmayo,BIO_FP_FH__L2A_20251124T050104_20251206T050132_T_G01_M01_C___T004_F004,2025-11-24,15,41,11.464332580566406,3.436087131500244,33.4172248840332,1.0,8649,1.0432000160217285,18.37092731999364,18.667496,30.563297,33.57707,37.70327,40.28214,28.329918,1.0,32.39036221371343,33.0,34.0,34.0,34.0,35.0,0
Mbalmayo,BIO_FP_FH__L2A_20251124T050104_20251206T050132_T_G01_M01_C___T004_F004,2025-11-24,16,10,11.438493728637695,3.435253620147705,33.77399826049805,1.0,8649,1.010200023651123,26.389827174745637,26.92496,35.49488,37.074886,39.464996,41.66582,34.43224,1.0,32.20211325332407,32.0,33.0,33.0,34.0,34.0,0
Mbalmayo,BIO_FP_FH__L2A_20251124T050104_20251206T050132_T_G01_M01_C___T004_F004,2025-11-24,16,11,11.439327239990234,3.435253620147705,33.5751953125,1.0,8649,1.010200023651123,32.63540289159151,35.169308,41.328957,42.23344,43.611767,44.927475,40.1335,1.0,33.989388481869646,34.0,36.0,36.0,37.0,37.0,0
Mbalmayo,BIO_FP_FH__L2A_20251124T050104_20251206T050132_T_G01_M01_C___T004_F004,2025-11-24,16,12,11.440160751342773,3.435253620147705,33.08879470825195,1.0,8649,0.9291999936103821,31.758255108972136,33.020878,41.611004,42.886417,44.39982,47.25883,40.062103,1.0,37.550990197407415,38.0,40.0,40.0,41.0,41.0,0
Mbalmayo,BIO_FP_FH__L2A_20251124T050104_20251206T050132_T_G01_M01_C___T004_F004,2025-11-24,16,13,11.440994262695312,3.435253620147705,31.400997161865234,1.0,8649,0.5221999883651733,30.29581680324315,32.47006,41.811073,43.01353,44.618515,47.03982,40.990463,1.0,38.91254062368107,39.0,40.0,41.0,41.0,41.0,0
Mbalmayo,BIO_FP_FH__L2A_20251124T050104_20251206T050132_T_G01_M01_C___T004_F004,2025-11-24,16,14,11.441827774047852,3.435253620147705,27.24860954284668,1.0,8649,0.6962000131607056,34.84073822660134,38.127254,43.972996,45.185516,47.07331,51.578056,42.97767,1.0,36.0404249295594,36.0,38.0,38.0,38.0,38.0,0
Mbalmayo,BIO_FP_FH__L2A_20251124T050104_20251206T050132_T_G01_M01_C___T004_F004,2025-11-24,16,21,11.447662353515625,3.435253620147705,16.613210678100586,0.9374810169302449,8156,1.8423999547958374,23.85662659644498,24.956287,31.997713,33.767384,35.322693,38.193478,30.339146,0.9251109437765256,31.70409714834228,32.0,33.0,33.40426254272461,34.0,34.0,0
Mbalmayo,BIO_FP_FH__L2A_20251124T050104_20251206T050132_T_G01_M01_C___T004_F004,2025-11-24,16,32,11.456830978393555,3.435253620147705,23.90636444091797,1.0,8649,0.0,13.523281683576135,10.712068,27.375353,32.26722,38.77181,40.41603,22.828333,1.0,34.246927956678036,34.0,35.0,35.96040344238281,36.0,36.0,0
Mbalmayo,BIO_FP_FH__L2A_20251124T050104_20251206T050132_T_G01_M01_C___T004_F004,2025-11-24,16,41,11.464332580566406,3.435253620147705,32.827823638916016,1.0,8649,0.8881999850273132,25.23540654989016,26.517931,31.82599,32.716152,36.193542,37.898148,30.246914,1.0,31.05628394771827,31.0,32.0,32.0,33.0,33.0,0
Mbalmayo,BIO_FP_FH__L2A_20251124T050104_20251206T050132_T_G01_M01_C___T004_F004,2025-11-24,16,42,11.465166091918945,3.435253620147705,33.05842590332031,1.0,8649,0.7807999849319458,23.957827946149845,25.00026,31.888527,33.86712,35.8862,38.680603,29.751581,1.0,33.46524907955752,33.0,35.0,36.0,36.0,36.0,0
Mbalmayo,BIO_FP_FH__L2A_20251124T050104_20251206T050132_T_G01_M01_C___T004_F004,2025-11-24,17,6,11.435159683227539,3.434420108795166,22.966997146606445,1.0,8649,1.9752000570297241,25.430779569892472,26.225851,34.77848,38.249664,47.91386,50.592545,33.03591,1.0,35.45141905935559,36.0,37.0,37.0,37.0,37.0,0
Mbalmayo,BIO_FP_FH__L2A_20251124T050104_20251206T050132_T_G01_M01_C___T004_F004,2025-11-24,17,7,11.435993194580078,3.434420108795166,26.24199676513672,1.0,8649,0.03999999910593033,18.925119707661292,19.198248,33.866432,36.10023,38.7137,41.517128,32.585915,1.0,35.34918922197613,35.0594596862793,37.0,37.0,37.0,37.0,0
Mbalmayo,BIO_FP_FH__L2A_20251124T050104_20251206T050132_T_G01_M01_C___T004_F004,2025-11-24,17,8,11.436826705932617,3.434420108795166,28.341596603393555,1.0,8649,0.22300000488758087,10.636315208044282,4.303925,32.6659,36.441795,39.817966,43.41686,20.359522,1.0,36.48074846138691,36.0,38.0,38.0,38.0,38.0,0
Mbalmayo,BIO_FP_FH__L2A_20251124T050104_20251206T050132_T_G01_M01_C___T004_F004,2025-11-24,17,9,11.437660217285156,3.434420108795166,31.554996490478516,1.0,8649,0.6890000104904175,26.660518240909354,31.372017,39.499588,41.13586,43.0835,46.095497,37.19589,1.0,35.58823957519319,36.0,37.0,37.0,38.0,38.0,0
Mbalmayo,BIO_FP_FH__L2A_20251124T050104_20251206T050132_T_G01_M01_C___T004_F004,2025-11-24,17,10,11.438493728637695,3.434420108795166,33.70659637451172,1.0,8649,1.010200023651123,24.5394052961325,26.817036,35.23704,36.482124,38.29473,39.992214,33.9942,1.0,32.71831142360702,32.69508361816406,35.0,36.0,36.0,36.0,0
Mbalmayo,BIO_FP_FH__L2A_20251124T050104_20251206T050132_T_G01_M01_C___T004_F004,2025-11-24,17,11,11.439327239990234,3.434420108795166,33.50839614868164,1.0,8649,1.010200023651123,29.82986653081281,31.435696,38.824734,40.371994,42.141167,43.641003,37.81713,1.0,32.46012705170994,32.0,35.0,36.0,36.04702377319336,37.0,0
Mbalmayo,BIO_FP_FH__L2A_20251124T050104_20251206T050132_T_G01_M01_C___T004_F004,2025-11-24,17,12,11.440160751342773,3.434420108795166,33.618995666503906,1.0,8649,1.010200023651123,28.891661969591862,30.338856,39.127045,40.651203,45.54258,49.216743,37.73372,1.0,38.44653375797402,39.0,40.0,40.0,41.0,41.0,0
Mbalmayo,BIO_FP_FH__L2A_20251124T050104_20251206T050132_T_G01_M01_C___T004_F004,2025-11-24,17,13,11.440994262695312,3.434420108795166,31.478397369384766,1.0,8649,0.7337999939918518,28.306603816192624,28.670609,36.078156,37.226376,39.564053,42.99213,35.14015,1.0,38.80634692903612,39.0,40.0,41.0,41.0,41.0,0
Mbalmayo,BIO_FP_FH__L2A_20251124T050104_20251206T050132_T_G01_M01_C___T004_F004,2025-11-24,17,32,11.456830978393555,3.434420108795166,25.63936424255371,1.0,8649,0.0,12.764890630419702,9.355776,32.47617,35.21162,37.740276,39.670837,25.747824,1.0,33.90438103121765,34.0,35.0,35.0,35.0,37.0,0
Mbalmayo,BIO_FP_FH__L2A_20251124T050104_20251206T050132_T_G01_M01_C___T004_F004,2025-11-24,17,41,11.464332580566406,3.434420108795166,27.67902374267578,1.0,8649,0.38920000195503235,18.353274448274366,17.698332,27.154432,30.445879,35.015137,37.208595,24.805779,1.0,28.829446831636034,28.059457778930664,30.0,31.0,31.0,31.0,0
Mbalmayo,BIO_FP_FH__L2A_20251124T050104_20251206T050132_T_G01_M01_C___T004_F004,2025-11-24,18,6,11.435159683227539,3.433586597442627,26.156797409057617,1.0,8649,0.0,24.92567296887646,25.470524,33.385807,35.056004,41.340683,43.563023,32.875908,1.0,35.9077707291311,36.0,37.0,37.0,38.0,38.0,0
Mbalmayo,BIO_FP_FH__L2A_20251124T050104_20251206T050132_T_G01_M01_C___T004_F004,2025-11-24,18,7,11.435993194580078,3.433586597442627,27.411396026611328,1.0,8649,0.0,23.376526775132962,24.964552,32.958897,34.40187,37.7667,41.13408,31.856916,1.0,36.32719167735152,36.0,38.0,38.0,38.0,38.0,0
Mbalmayo,BIO_FP_FH__L2A_20251124T050104_20251206T050132_T_G01_M01_C___T004_F004,2025-11-24,18,8,11.436826705932617,3.433586597442627,28.966997146606445,1.0,8649,0.13779999315738678,25.862644886692102,29.489946,38.707676,40.452328,44.28364,46.63141,36.15095,1.0,38.10472454838924,38.0,39.0,40.0,40.0,40.0,0
Mbalmayo,BIO_FP_FH__L2A_20251124T050104_20251206T050132_T_G01_M01_C___T004_F004,2025-11-24,18,9,11.437660217285156,3.433586597442627,31.084997177124023,1.0,8649,0.5849999785423279,23.63044363871546,24.444698,35.963783,37.97172,41.431908,43.5409,33.47315,1.0,37.82094894931391,38.0,39.0,40.0,41.0,41.0,0
Mbalmayo,BIO_FP_FH__L2A_20251124T050104_20251206T050132_T_G01_M01_C___T004_F004,2025-11-24,18,10,11.438493728637695,3.433586597442627,33.64019775390625,1.0,8649,1.010200023651123,26.605443006416927,27.759838,34.83817,36.173428,39.59612,42.741604,33.47196,1.0,33.442095173123334,33.0,35.0,37.0,38.0,38.0,0
Mbalmayo,BIO_FP_FH__L2A_20251124T050104_20251206T050132_T_G01_M01_C___T004_F004,2025-11-24,18,11,11.439327239990234,3.433586597442627,33.667198181152344,1.0,8649,1.010200023651123,25.917894680743437,27.050913,34.038548,35.0751,37.13374,38.954216,32.644707,1.0,31.959615897051737,32.0,34.0,35.0,36.0,36.0,0
Mbalmayo,BIO_FP_FH__L2A_20251124T050104_20251206T050132_T_G01_M01_C___T004_F004,2025-11-24,18,12,11.440160751342773,3.433586597442627,33.77799606323242,1.0,8649,1.010200023651123,29.25403361298994,30.298119,37.992764,39.664967,41.661777,44.294106,35.151684,1.0,37.02379240136792,37.0,39.0,39.0,40.0,40.0,0
Mbalmayo,BIO_FP_FH__L2A_20251124T050104_20251206T050132_T_G01_M01_C___T004_F004,2025-11-24,18,21,11.447662353515625,3.433586597442627,18.14681053161621,0.9771608689407735,8484,0.0,12.67108747507525,13.224102,24.210855,26.57019,29.536947,32.211044,21.65223,0.9728727805340879,32.92776002316243,33.0,34.0,35.0,35.0,35.0,0
Mbalmayo,BIO_FP_FH__L2A_20251124T050104_20251206T050132_T_G01_M01_C___T004_F004,2025-11-24,18,23,11.449329376220703,3.433586597442627,22.938968658447266,1.0,8649,0.0,15.034097827422245,14.907505,24.271753,29.65434,32.902718,35.068653,22.379993,1.0,33.448998425100314,33.84796142578125,34.0,35.0,35.0,35.0,0
Mbalmayo,BIO_FP_FH__L2A_20251124T050104_20251206T050132_T_G01_M01_C___T004_F004,2025-11-24,18,24,11.450162887573242,3.433586597442627,22.45256805419922,1.0,8649,0.0,17.72296585045959,16.278557,32.666977,34.432335,36.706535,40.192066,28.717361,1.0,32.641582864573245,32.0,34.0,34.0,35.563453674316406,36.0,0
Mbalmayo,BIO_FP_FH__L2A_20251124T050104_20251206T050132_T_G01_M01_C___T004_F004,2025-11-24,18,25,11.450996398925781,3.433586597442627,21.77676773071289,0.934908013548351,8120,0.0,22.322280642356414,22.87925,34.158447,37.86172,40.98699,42.682194,29.501488,0.9644496913980259,35.94855447219715,36.0,37.0,38.0,39.0,39.0,0
Mbalmayo,BIO_FP_FH__L2A_20251124T050104_20251206T050132_T_G01_M01_C___T004_F004,2025-11-24,18,31,11.455997467041016,3.433586597442627,28.330963134765625,1.0,8649,0.0,14.117725857035495,12.062956,26.953882,31.274866,38.549915,41.99075,24.145378,1.0,32.420713129395324,32.0,34.0,34.39710998535156,35.0,35.0,0
Mbalmayo,BIO_FP_FH__L2A_20251124T050104_20251206T050132_T_G01_M01_C___T004_F004,2025-11-24,18,41,11.464332580566406,3.433586597442627,22.8950252532959,1.0,8649,0.0,15.568238334995375,14.799762,27.022554,30.294296,36.888836,40.664192,22.87596,1.0,31.619733295491397,31.0,35.0,35.0,35.0,35.0,0
Mbalmayo,BIO_FP_FH__L2A_20251124T050104_20251206T050132_T_G01_M01_C___T004_F004,2025-11-24,19,6,11.435159683227539,3.432753086090088,27.451396942138672,1.0,8649,0.0,25.704252636684878,25.791317,35.52514,37.007328,40.077477,42.01434,34.438866,1.0,33.79091085534741,34.0,36.0,36.0,37.0,38.0,0
Mbalmayo,BIO_FP_FH__L2A_20251124T050104_20251206T050132_T_G01_M01_C___T004_F004,2025-11-24,19,7,11.435993194580078,3.432753086090088,28.652795791625977,1.0,8649,0.0,25.136417956555672,26.98939,33.162315,35.247913,37.783123,39.614742,32.10416,1.0,35.38459901592472,36.0,38.0,38.0,39.0,39.0,0
Mbalmayo,BIO_FP_FH__L2A_20251124T050104_20251206T050132_T_G01_M01_C___T004_F004,2025-11-24,19,8,11.436826705932617,3.432753086090088,29.447595596313477,1.0,8649,0.04919999837875366,19.1364141176003,18.376831,33.88071,35.777893,38.754967,42.458466,32.098797,1.0,38.09330045717936,39.0,40.0,41.0,41.0,41.0,0
Mbalmayo,BIO_FP_FH__L2A_20251124T050104_20251206T050132_T_G01_M01_C___T004_F004,2025-11-24,19,9,11.437660217285156,3.432753086090088,30.985595703125,1.0,8649,0.48579999804496765,30.473326712264424,32.80155,38.29644,39.47107,41.706146,43.454018,37.346638,1.0,39.34732018571215,39.0,41.0,41.0,42.0,42.0,0
Mbalmayo,BIO_FP_FH__L2A_20251124T050104_20251206T050132_T_G01_M01_C___T004_F004,2025-11-24,19,10,11.438493728637695,3.432753086090088,33.41459655761719,1.0,8649,0.9437999725341797,29.901345169961846,31.296877,38.2561,39.43415,40.984932,42.503563,37.44318,1.0,39.08279928409622,40.0,41.0,41.0,41.0,41.0,0
Mbalmayo,BIO_FP_FH__L2A_20251124T050104_20251206T050132_T_G01_M01_C___T004_F004,2025-11-24,19,11,11.439327239990234,3.432753086090088,33.69399642944336,1.0,8649,1.010200023651123,30.2041588080992,31.308794,37.44666,38.68434,40.54255,43.877594,36.265285,1.0,35.623528128677,35.0,39.0,39.0,40.0,40.0,0
Mbalmayo,BIO_FP_FH__L2A_20251124T050104_20251206T050132_T_G01_M01_C___T004_F004,2025-11-24,19,12,11.440160751342773,3.432753086090088,33.71699523925781,1.0,8649,1.010200023651123,30.802069332437277,30.733831,38.641026,40.074646,41.804977,43.68228,36.781845,1.0,34.22604537828904,34.0,36.781307220458984,37.0,37.0,37.0,0
Mbalmayo,BIO_FP_FH__L2A_20251124T050104_20251206T050132_T_G01_M01_C___T004_F004,2025-11-24,19,13,11.440994262695312,3.432753086090088,28.969797134399414,1.0,8649,1.7095999717712402,25.857394550670598,27.68243,33.649055,34.838955,37.26658,41.657185,32.51732,1.0,35.64673083073033,36.0,37.0,37.0,37.12647247314453,38.0,0
Mbalmayo,BIO_FP_FH__L2A_20251124T050104_20251206T050132_T_G01_M01_C___T004_F004,2025-11-24,19,19,11.445995330810547,3.432753086090088,14.293410301208496,0.9875659058308764,8580,1.2446000576019287,18.30389635112064,19.67392,33.204308,36.198437,39.873024,42.192257,29.598896,0.8727460005724946,35.61420089274889,36.0,37.0,38.0,38.0,38.0,0
Mbalmayo,BIO_FP_FH__L2A_20251124T050104_20251206T050132_T_G01_M01_C___T004_F004,2025-11-24,19,23,11.449329376220703,3.432753086090088,22.138168334960938,1.0,8649,0.0,13.586826782720546,12.459631,25.741728,30.30558,34.79449,39.43436,21.826944,1.0,35.41540919972205,35.0,37.0,37.0,38.0,38.0,0
Mbalmayo,BIO_FP_FH__L2A_20251124T050104_20251206T050132_T_G01_M01_C___T004_F004,2025-11-24,19,24,11.450162887573242,3.432753086090088,20.181968688964844,1.0,8649,0.0,19.190746401318073,19.412672,30.25505,32.04411,34.437744,39.202957,25.856758,1.0,34.54437300185548,34.0,36.0,37.0,37.0,37.0,0
Mbalmayo,BIO_FP_FH__L2A_20251124T050104_20251206T050132_T_G01_M01_C___T004_F004,2025-11-24,19,25,11.450996398925781,3.432753086090088,18.626968383789062,1.0,8649,0.0,23.364281636605387,25.852245,32.68912,33.960842,38.59928,41.465984,31.865774,1.0,36.73438000422652,37.0,38.51670455932617,39.0,39.0,40.0,0
Mbalmayo,BIO_FP_FH__L2A_20251124T050104_20251206T050132_T_G01_M01_C___T004_F004,2025-11-24,19,26,11.45182991027832,3.432753086090088,19.190168380737305,1.0,8649,0.0,25.132177943259336,27.292265,33.54599,34.852844,37.105656,40.494797,32.524418,1.0,38.49220882596163,39.0,40.0,40.0,41.0,41.0,0
Mbalmayo,BIO_FP_FH__L2A_20251124T050104_20251206T050132_T_G01_M01_C___T004_F004,2025-11-24,19,27,11.45266342163086,3.432753086090088,20.593969345092773,0.9272454445149005,8087,0.0,20.019541488767395,21.846552,31.362078,32.764004,35.412685,36.993034,30.659678,0.9856888918161516,36.2696503038722,37.0,38.0,40.0,40.0,40.0,0
Mbalmayo,BIO_FP_FH__L2A_20251124T050104_20251206T050132_T_G01_M01_C___T004_F004,2025-11-24,19,31,11.455997467041016,3.432753086090088,27.41336441040039,1.0,8649,0.0,17.559495452870273,17.227602,28.25621,30.164295,33.333847,40.039864,26.130022,1.0,28.776064578005723,28.0,31.516706466674805,32.0,33.0,33.0,0
Mbalmayo,BIO_FP_FH__L2A_20251124T050104_20251206T050132_T_G01_M01_C___T004_F004,2025-11-24,19,32,11.456830978393555,3.432753086090088,28.900163650512695,1.0,8649,0.13420000672340393,17.597481916261994,17.465063,28.189707,30.973799,34.295776,36.04522,26.06729,1.0,28.05264656992231,28.0,30.0,30.0,31.0,31.0,0
Mbalmayo,BIO_FP_FH__L2A_20251124T050104_20251206T050132_T_G01_M01_C___T004_F004,2025-11-24,19,33,11.457664489746094,3.432753086090088,32.09296417236328,1.0,8649,0.6399999856948853,14.98733347966528,13.920215,29.029995,31.64365,34.988594,38.778603,25.825476,1.0,32.0634118471687,32.0,35.0,35.0,35.0,36.0,0
Mbalmayo,BIO_FP_FH__L2A_20251124T050104_20251206T050132_T_G01_M01_C___T004_F004,2025-11-24,19,40,11.463499069213867,3.432753086090088,15.55982494354248,1.0,8649,1.1038000583648682,14.845748515001734,16.284124,25.614649,27.294641,29.575363,32.253876,24.053179,1.0,29.08517567531706,30.0,32.0,32.0,33.0,33.0,0
Mbalmayo,BIO_FP_FH__L2A_20251124T050104_20251206T050132_T_G01_M01_C___T004_F004,2025-11-24,19,41,11.464332580566406,3.432753086090088,20.530824661254883,1.0,8649,0.0,23.090811392574285,23.015615,36.307396,38.48469,41.28528,45.174084,34.711357,1.0,33.79819789414103,34.0,35.0,35.00677490234375,36.0,36.0,0
Mbalmayo,BIO_FP_FH__L2A_20251124T050104_20251206T050132_T_G01_M01_C___T004_F004,2025-11-24,20,6,11.435159683227539,3.431919574737549,28.324796676635742,1.0,8649,0.0,26.862648951468376,26.984962,35.21965,36.96786,39.05479,41.143467,33.367825,1.0,31.4795781035329,31.0,33.198829650878906,35.0,35.0,35.0,0
Mbalmayo,BIO_FP_FH__L2A_20251124T050104_20251206T050132_T_G01_M01_C___T004_F004,2025-11-24,20,7,11.435993194580078,3.431919574737549,29.38939666748047,1.0,8649,0.0,24.401825491024972,25.918236,32.22719,33.61141,36.02959,38.483757,31.533178,1.0,31.523200917538915,32.0,33.0,34.0,34.0,34.0,0
Mbalmayo,BIO_FP_FH__L2A_20251124T050104_20251206T050132_T_G01_M01_C___T004_F004,2025-11-24,20,8,11.436826705932617,3.431919574737549,28.23259735107422,1.0,8649,0.0,15.305892706165453,14.892968,29.579834,32.044563,35.718685,36.881542,28.493216,1.0,32.37269455976659,32.0,35.0,36.0,38.0,39.0,0
Mbalmayo,BIO_FP_FH__L2A_20251124T050104_20251206T050132_T_G01_M01_C___T004_F004,2025-11-24,20,9,11.437660217285156,3.431919574737549,29.464197158813477,1.0,8649,0.3610000014305115,18.935846313518905,17.95181,36.499893,39.55456,41.800655,43.317642,34.620674,1.0,36.594135496351456,37.0,39.0,40.0,40.0,40.0,0
Mbalmayo,BIO_FP_FH__L2A_20251124T050104_20251206T050132_T_G01_M01_C___T004_F004,2025-11-24,20,10,11.438493728637695,3.431919574737549,33.199398040771484,1.0,8649,0.850600004196167,31.50888695586195,32.2265,38.4279,39.619324,41.67196,43.99979,37.41329,1.0,40.49302783868591,40.0,43.0,43.0,44.0,44.0,0
Mbalmayo,BIO_FP_FH__L2A_20251124T050104_20251206T050132_T_G01_M01_C___T004_F004,2025-11-24,20,11,11.439327239990234,3.431919574737549,34.23979568481445,1.0,8649,1.010200023651123,31.188596586310556,33.75063,39.651142,40.448616,42.31345,43.898113,38.45249,1.0,39.97026081374097,40.0,42.0,42.0,43.0,43.0,0
Mbalmayo,BIO_FP_FH__L2A_20251124T050104_20251206T050132_T_G01_M01_C___T004_F004,2025-11-24,20,12,11.440160751342773,3.431919574737549,33.948795318603516,1.0,8649,1.010200023651123,30.443945154425368,31.217443,38.578636,39.957573,41.320442,43.63616,37.350132,1.0,38.03318790987553,38.0,40.0,40.0,41.0,41.0,0
Mbalmayo,BIO_FP_FH__L2A_20251124T050104_20251206T050132_T_G01_M01_C___T004_F004,2025-11-24,20,13,11.440994262695312,3.431919574737549,33.013397216796875,1.0,8649,1.010200023651123,29.330670453231587,30.405273,39.601048,41.217827,43.82367,46.05618,37.876106,1.0,38.44365446205593,39.0,40.0,41.0,41.0,41.0,0
Mbalmayo,BIO_FP_FH__L2A_20251124T050104_20251206T050132_T_G01_M01_C___T004_F004,2025-11-24,20,24,11.450162887573242,3.431919574737549,20.82516860961914,1.0,8649,0.0,27.025650770681583,29.617613,35.13867,36.50213,38.417427,39.968163,34.40574,1.0,37.24611939346326,37.0,38.0,38.0,39.0,39.0,0
Mbalmayo,BIO_FP_FH__L2A_20251124T050104_20251206T050132_T_G01_M01_C___T004_F004,2025-11-24,20,25,11.450996398925781,3.431919574737549,19.345169067382812,1.0,8649,0.0,32.24245261374147,33.183014,36.386795,37.113117,38.382244,40.15218,35.78001,1.0,37.198997159268295,37.30437088012695,38.0,38.0,38.0,39.0,0
Mbalmayo,BIO_FP_FH__L2A_20251124T050104_20251206T050132_T_G01_M01_C___T004_F004,2025-11-24,20,26,11.45182991027832,3.431919574737549,19.936967849731445,1.0,8649,0.0,32.34189420380969,33.900116,39.65321,40.449673,42.27471,44.040276,38.750225,1.0,37.7813414146837,38.0,39.311519622802734,40.0,40.0,40.0,0
Mbalmayo,BIO_FP_FH__L2A_20251124T050104_20251206T050132_T_G01_M01_C___T004_F004,2025-11-24,20,27,11.45266342163086,3.431919574737549,21.086769104003906,1.0,8649,0.0,29.438049648080703,31.463593,37.605095,38.754566,40.683636,42.7969,36.315357,1.0,38.36591902384525,39.0,39.0,39.0,39.0,39.0,0
Mbalmayo,BIO_FP_FH__L2A_20251124T050104_20251206T050132_T_G01_M01_C___T004_F004,2025-11-24,20,28,11.453496932983398,3.431919574737549,22.583168029785156,1.0,8649,0.0,21.829427083333332,21.983137,32.40903,35.08147,41.66785,43.356907,29.578928,1.0,36.37936737408099,36.24528884887695,38.0,38.0,39.0,39.0,0
Mbalmayo,BIO_FP_FH__L2A_20251124T050104_20251206T050132_T_G01_M01_C___T004_F004,2025-11-24,20,31,11.455997467041016,3.431919574737549,26.716163635253906,0.9102899642028702,7935,0.0,15.128315498079289,15.690588,26.975163,29.01853,31.892439,35.49083,24.954683,0.8270071317645384,26.07228265614924,26.0,27.0,28.0,28.0,28.0,0
Mbalmayo,BIO_FP_FH__L2A_20251124T050104_20251206T050132_T_G01_M01_C___T004_F004,2025-11-24,20,32,11.456830978393555,3.431919574737549,27.35956382751465,1.0,8649,0.004800000227987766,18.72024177289282,20.849424,30.860811,35.879677,41.90215,43.70904,28.67513,1.0,27.761624937292357,27.0,31.0,32.0,33.0,34.0,0
Mbalmayo,BIO_FP_FH__L2A_20251124T050104_20251206T050132_T_G01_M01_C___T004_F004,2025-11-24,20,33,11.457664489746094,3.431919574737549,30.207162857055664,1.0,8649,0.4975999891757965,19.370829991183953,20.31155,29.712679,31.44775,35.90637,41.282677,28.093119,1.0,33.08104109656592,34.0,35.0,35.0,35.205142974853516,36.0,0
Mbalmayo,BIO_FP_FH__L2A_20251124T050104_20251206T050132_T_G01_M01_C___T004_F004,2025-11-24,20,34,11.458498001098633,3.431919574737549,29.966962814331055,1.0,8649,0.6606000065803528,18.655630573259913,17.228836,32.43136,35.557507,39.77436,43.07593,28.04012,1.0,34.69498611910658,35.0,36.0,36.0,37.0,37.0,0
Mbalmayo,BIO_FP_FH__L2A_20251124T050104_20251206T050132_T_G01_M01_C___T004_F004,2025-11-24,20,40,11.463499069213867,3.431919574737549,15.700024604797363,1.0,8649,0.0,15.731708958405596,15.803499,26.425608,31.463911,34.537224,37.303307,24.989887,1.0,30.507998365600034,31.0,34.0,34.0,35.0,36.0,0
Mbalmayo,BIO_FP_FH__L2A_20251124T050104_20251206T050132_T_G01_M01_C___T004_F004,2025-11-24,20,41,11.464332580566406,3.431919574737549,18.796024322509766,1.0,8649,0.0,21.387936602136087,20.902374,35.893078,38.933254,42.54318,44.912464,33.989403,1.0,35.219045031041766,35.0,37.0,37.0,38.0,38.0,0
Mbalmayo,BIO_FP_FH__L2A_20251124T050104_20251206T050132_T_G01_M01_C___T004_F004,2025-11-24,20,42,11.465166091918945,3.431919574737549,17.7966251373291,1.0,8649,1.0324000120162964,17.028042665698347,14.411862,32.733185,35.019413,37.899857,44.762047,28.042276,1.0,35.89252464866925,36.0,38.0,38.0,38.0,38.0,0
Mbalmayo,BIO_FP_FH__L2A_20251124T050104_20251206T050132_T_G01_M01_C___T004_F004,2025-11-24,21,3,11.432659149169922,3.4310860633850098,23.73394775390625,1.0,8649,1.2869999408721924,17.56481285770031,18.293736,29.44231,32.79227,35.35379,37.044884,26.452341,1.0,32.08476117178531,32.0,34.0,34.0,34.0,34.0,0
Mbalmayo,BIO_FP_FH__L2A_20251124T050104_20251206T050132_T_G01_M01_C___T004_F004,2025-11-24,21,6,11.435159683227539,3.4310860633850098,28.732995986938477,1.0,8649,0.5361999869346619,26.55918991718696,27.345514,34.630413,36.359673,39.496254,44.969517,33.604317,1.0,29.13939745234043,29.0,31.0,31.0,32.0,32.0,0
Mbalmayo,BIO_FP_FH__L2A_20251124T050104_20251206T050132_T_G01_M01_C___T004_F004,2025-11-24,21,7,11.435993194580078,3.4310860633850098,28.478595733642578,1.0,8649,0.0,23.612394225488497,25.062567,31.401396,32.71231,34.88408,37.731136,29.931164,1.0,28.21491595557252,28.0,29.0,29.628978729248047,30.0,30.0,0
Mbalmayo,BIO_FP_FH__L2A_20251124T050104_20251206T050132_T_G01_M01_C___T004_F004,2025-11-24,21,8,11.436826705932617,3.4310860633850098,27.86139678955078,1.0,8649,0.08420000225305557,25.229344839360042,25.15721,36.28959,37.785995,42.278717,45.78435,34.821857,1.0,30.300406805641156,30.0,31.0,31.628978729248047,32.0,33.0,0
Mbalmayo,BIO_FP_FH__L2A_20251124T050104_20251206T050132_T_G01_M01_C___T004_F004,2025-11-24,21,11,11.439327239990234,3.4310860633850098,34.0829963684082,1.0,8649,1.010200023651123,29.448805497745404,32.106964,38.182774,39.52817,41.25329,43.019802,36.81155,1.0,41.950701928025715,42.0,44.0,44.0,44.0,44.0,0
Mbalmayo,BIO_FP_FH__L2A_20251124T050104_20251206T050132_T_G01_M01_C___T004_F004,2025-11-24,21,12,11.440160751342773,3.4310860633850098,33.30619812011719,1.0,8649,1.010200023651123,34.09279387429183,34.80579,41.557552,43.503494,46.241257,48.403843,40.583584,1.0,40.53793948338147,40.0,42.0,42.0,42.0,42.0,0
Mbalmayo,BIO_FP_FH__L2A_20251124T050104_20251206T050132_T_G01_M01_C___T004_F004,2025-11-24,21,13,11.440994262695312,3.4310860633850098,32.66019821166992,1.0,8649,1.010200023651123,32.379941413024625,34.226,41.407253,42.36717,43.516182,46.07735,39.89209,1.0,41.52902689508268,42.0,42.08544158935547,43.0,43.0,43.0,0
Mbalmayo,BIO_FP_FH__L2A_20251124T050104_20251206T050132_T_G01_M01_C___T004_F004,2025-11-24,21,14,11.441827774047852,3.4310860633850098,30.7644100189209,1.0,8649,1.010200023651123,31.13185005130651,32.552277,41.803825,43.866253,45.76937,47.278492,40.27542,1.0,39.30612460085803,39.0,43.0,43.0,43.13890838623047,44.0,0
Mbalmayo,BIO_FP_FH__L2A_20251124T050104_20251206T050132_T_G01_M01_C___T004_F004,2025-11-24,21,15,11.44266128540039,3.4310860633850098,28.868610382080078,1.0,8649,1.010200023651123,29.80564814212626,31.31659,37.88514,39.949123,43.40698,45.364697,37.007565,1.0,36.81085020760633,37.0,38.0,39.0,39.0,39.0,0
Mbalmayo,BIO_FP_FH__L2A_20251124T050104_20251206T050132_T_G01_M01_C___T004_F004,2025-11-24,21,18,11.445161819458008,3.4310860633850098,21.254810333251953,1.0,8649,0.026399999856948853,13.340295165987397,13.846014,24.632633,27.914951,33.267334,34.955082,21.240595,1.0,32.144202648607866,32.0,33.0,34.0,35.0,35.0,0
Mbalmayo,BIO_FP_FH__L2A_20251124T050104_20251206T050132_T_G01_M01_C___T004_F004,2025-11-24,21,19,11.445995330810547,3.4310860633850098,20.37721061706543,1.0,8649,1.1790000200271606,14.567588196612325,14.5923395,26.296408,28.606236,32.427288,36.2959,23.623207,1.0,33.08282044664644,33.0,35.0,35.0,35.0,36.0,0
Mbalmayo,BIO_FP_FH__L2A_20251124T050104_20251206T050132_T_G01_M01_C___T004_F004,2025-11-24,21,25,11.450996398925781,3.4310860633850098,20.90776824951172,1.0,8649,0.0,29.772089575023124,30.875095,39.510445,40.79558,42.97185,44.358913,36.335697,1.0,37.57286841729594,38.0,39.0,39.0,39.0,39.0,0
Mbalmayo,BIO_FP_FH__L2A_20251124T050104_20251206T050132_T_G01_M01_C___T004_F004,2025-11-24,21,26,11.45182991027832,3.4310860633850098,21.403968811035156,1.0,8649,0.0,29.46081736327899,29.958258,40.484116,43.41816,45.12728,46.447296,38.086388,1.0,36.373822827382725,36.0,37.41112518310547,38.0,39.0,39.0,0
Mbalmayo,BIO_FP_FH__L2A_20251124T050104_20251206T050132_T_G01_M01_C___T004_F004,2025-11-24,21,28,11.453496932983398,3.4310860633850098,22.73196792602539,1.0,8649,0.0,25.553891707133772,26.368109,35.849182,37.978077,40.112225,42.937866,32.73857,1.0,34.84188647694168,35.0,36.0,36.0,37.0,39.0,0
Mbalmayo,BIO_FP_FH__L2A_20251124T050104_20251206T050132_T_G01_M01_C___T004_F004,2025-11-24,21,29,11.454330444335938,3.4310860633850098,24.16476821899414,1.0,8649,0.0,20.978744381575904,22.338303,29.484373,30.510628,32.70727,34.734585,28.314644,1.0,36.14865658729528,36.0,37.0,38.0,38.0,38.0,0
Mbalmayo,BIO_FP_FH__L2A_20251124T050104_20251206T050132_T_G01_M01_C___T004_F004,2025-11-24,21,32,11.456830978393555,3.4310860633850098,25.278364181518555,0.9987662274901723,8645,0.0,7.1303064365316775,3.4424214,20.54979,26.525867,30.01777,37.341194,16.821102,0.9682276958481454,27.94285231982979,27.0,33.0,33.0,33.0,34.0,0
Mbalmayo,BIO_FP_FH__L2A_20251124T050104_20251206T050132_T_G01_M01_C___T004_F004,2025-11-24,21,33,11.457664489746094,3.4310860633850098,26.961563110351562,1.0,8649,0.26499998569488525,14.76030149800555,13.642956,27.422367,32.103027,36.668003,38.73438,24.640062,1.0,32.71514703872121,33.0,34.0,34.0,35.0,35.0,0
Mbalmayo,BIO_FP_FH__L2A_20251124T050104_20251206T050132_T_G01_M01_C___T004_F004,2025-11-24,21,34,11.458498001098633,3.4310860633850098,24.1767635345459,1.0,8649,0.15639999508857727,15.17996548553301,13.412195,27.38844,29.937351,34.49,40.86802,24.058403,1.0,32.72667608989954,33.0,34.0,34.0,35.0,35.0,0
Mbalmayo,BIO_FP_FH__L2A_20251124T050104_20251206T050132_T_G01_M01_C___T004_F004,2025-11-24,21,39,11.462665557861328,3.4310860633850098,11.711224555969238,1.0,8649,1.8453999757766724,16.376462190354378,14.957854,29.90735,32.77261,41.655685,44.158707,25.326546,1.0,36.06854880477724,36.0,37.0,38.0,38.0,38.0,0
Mbalmayo,BIO_FP_FH__L2A_20251124T050104_20251206T050132_T_G01_M01_C___T004_F004,2025-11-24,21,40,11.463499069213867,3.4310860633850098,16.479225158691406,1.0,8649,0.0,15.232611338738582,15.485626,26.890985,29.535925,34.41743,39.044865,22.573797,1.0,34.468338513294384,34.09952926635742,35.0,36.0,37.0,38.0,0
Mbalmayo,BIO_FP_FH__L2A_20251124T050104_20251206T050132_T_G01_M01_C___T004_F004,2025-11-24,21,41,11.464332580566406,3.4310860633850098,17.90082550048828,1.0,8649,0.4341999888420105,20.55745832249393,19.444515,32.10357,34.1867,39.273674,42.67545,28.781876,1.0,35.92624729759418,36.0,37.0,37.0,37.0,38.0,0
Mbalmayo,BIO_FP_FH__L2A_20251124T050104_20251206T050132_T_G01_M01_C___T004_F004,2025-11-24,21,46,11.468500137329102,3.4310860633850098,19.02763557434082,1.0,8649,0.6890000104904175,19.536172895710486,18.878094,34.352818,35.93133,38.28956,41.482502,27.884937,1.0,36.527534422233266,36.0,37.0,38.0,38.0,38.0,0
Mbalmayo,BIO_FP_FH__L2A_20251124T050104_20251206T050132_T_G01_M01_C___T004_F004,2025-11-24,22,3,11.432659149169922,3.4302525520324707,24.78894805908203,1.0,8649,0.044199999421834946,23.937136654165222,25.094395,35.39576,37.398666,39.852203,41.92998,33.531364,1.0,35.55206040677783,36.0,38.0,38.0,38.0,38.0,0
Mbalmayo,BIO_FP_FH__L2A_20251124T050104_20251206T050132_T_G01_M01_C___T004_F004,2025-11-24,22,4,11.433492660522461,3.4302525520324707,29.225147247314453,1.0,8649,0.1542000025510788,26.6917271415048,26.842926,34.94246,36.589844,40.00898,41.66276,33.852715,1.0,32.70768784853692,33.0,34.0,35.0,35.0,35.0,0
Mbalmayo,BIO_FP_FH__L2A_20251124T050104_20251206T050132_T_G01_M01_C___T004_F004,2025-11-24,22,5,11.434326171875,3.4302525520324707,30.106748580932617,1.0,8649,0.266400009393692,21.788153345039888,22.728388,30.699692,32.370167,35.382465,37.47677,29.396524,1.0,29.554322672656593,30.0,31.0,31.0,31.0,32.0,0
Mbalmayo,BIO_FP_FH__L2A_20251124T050104_20251206T050132_T_G01_M01_C___T004_F004,2025-11-24,22,6,11.435159683227539,3.4302525520324707,30.922996520996094,1.0,8649,0.37720000743865967,24.195538546725054,25.58807,33.503414,35.164318,37.418434,39.843166,32.51378,1.0,29.312890396268124,30.0,31.0,31.0,31.0,31.0,0
Mbalmayo,BIO_FP_FH__L2A_20251124T050104_20251206T050132_T_G01_M01_C___T004_F004,2025-11-24,22,7,11.435993194580078,3.4302525520324707,30.699596405029297,1.0,8649,0.4880000054836273,26.223997400349752,28.04678,34.84836,36.131878,40.333984,43.94282,33.727665,1.0,29.97868293535504,30.0,31.0,32.0,32.0,32.0,0
Mbalmayo,BIO_FP_FH__L2A_20251124T050104_20251206T050132_T_G01_M01_C___T004_F004,2025-11-24,22,11,11.439327239990234,3.4302525520324707,34.18799591064453,1.0,8649,1.010200023651123,33.10041126503064,34.346363,39.30226,40.284737,41.98853,43.931694,38.418304,1.0,41.51263154544008,41.0,43.0,43.0,44.0,44.0,0
Mbalmayo,BIO_FP_FH__L2A_20251124T050104_20251206T050132_T_G01_M01_C___T004_F004,2025-11-24,22,12,11.440160751342773,3.4302525520324707,33.25059509277344,1.0,8649,1.0612000226974487,31.651948563417736,33.174423,39.507614,40.549774,42.637295,46.61499,38.425694,1.0,40.5538217582266,40.0,42.0,42.0,43.0,43.0,0
Mbalmayo,BIO_FP_FH__L2A_20251124T050104_20251206T050132_T_G01_M01_C___T004_F004,2025-11-24,22,18,11.445161819458008,3.4302525520324707,21.84140968322754,1.0,8649,0.0,15.50546599498497,15.986056,24.226164,30.020258,32.222614,33.651283,21.926252,1.0,33.631619528740565,34.0,35.0,35.0,36.0,36.0,0
Mbalmayo,BIO_FP_FH__L2A_20251124T050104_20251206T050132_T_G01_M01_C___T004_F004,2025-11-24,22,19,11.445995330810547,3.4302525520324707,21.515810012817383,1.0,8649,0.0,10.32251425381547,10.517824,18.811398,20.8918,25.398916,30.24329,16.457726,1.0,32.958516991004764,33.0,34.0,34.0,35.01957321166992,36.0,0
Mbalmayo,BIO_FP_FH__L2A_20251124T050104_20251206T050132_T_G01_M01_C___T004_F004,2025-11-24,22,20,11.446828842163086,3.4302525520324707,20.559810638427734,1.0,8649,0.0,16.1368711791103,14.757115,26.39876,29.108685,31.81538,35.154736,23.658157,1.0,34.37014703908288,34.0,36.0,36.0,37.0,37.0,0
Mbalmayo,BIO_FP_FH__L2A_20251124T050104_20251206T050132_T_G01_M01_C___T004_F004,2025-11-24,22,28,11.453496932983398,3.4302525520324707,22.422569274902344,1.0,8649,0.0,27.581117578621807,28.32867,39.431774,42.617775,46.108532,47.42952,35.661255,1.0,35.068374827412846,35.0,36.0,37.0,37.0,37.0,0
Mbalmayo,BIO_FP_FH__L2A_20251124T050104_20251206T050132_T_G01_M01_C___T004_F004,2025-11-24,22,29,11.454330444335938,3.4302525520324707,22.719568252563477,1.0,8649,0.0,26.470351296031332,27.79854,32.68518,33.704735,35.475613,37.053394,31.937012,1.0,34.154455287923206,34.0,35.755130767822266,36.0,37.0,37.0,0
Mbalmayo,BIO_FP_FH__L2A_20251124T050104_20251206T050132_T_G01_M01_C___T004_F004,2025-11-24,22,30,11.455163955688477,3.4302525520324707,22.038963317871094,0.9780555007939863,8502,0.0,18.25591748007292,19.505646,28.170967,30.05963,32.427467,33.3796,26.535173,0.9651542390139031,33.211981255819026,33.0,34.0,34.0,35.0,35.0,0
Mbalmayo,BIO_FP_FH__L2A_20251124T050104_20251206T050132_T_G01_M01_C___T004_F004,2025-11-24,22,33,11.457664489746094,3.4302525520324707,22.528762817382812,1.0,8649,0.0,8.67838835233842,7.6595335,16.78464,22.18323,34.755283,37.61777,14.64991,1.0,29.00613901714105,29.0,32.26539611816406,33.0,33.0,33.0,0
Mbalmayo,BIO_FP_FH__L2A_20251124T050104_20251206T050132_T_G01_M01_C___T004_F004,2025-11-24,22,34,11.458498001098633,3.4302525520324707,20.35996437072754,1.0,8649,0.0,10.377862731601919,10.0699835,18.244064,22.918144,32.475864,35.99542,16.827269,1.0,27.942366339261994,28.0,31.0,32.0,32.0,32.0,0
Mbalmayo,BIO_FP_FH__L2A_20251124T050104_20251206T050132_T_G01_M01_C___T004_F004,2025-11-24,22,35,11.459331512451172,3.4302525520324707,16.930164337158203,1.0,8649,1.274999976158142,7.740896256070066,3.3287776,23.012903,31.738125,38.926308,40.525723,17.223297,1.0,26.172884552199548,26.0,29.265396118164062,30.0,30.0,31.0,0
Mbalmayo,BIO_FP_FH__L2A_20251124T050104_20251206T050132_T_G01_M01_C___T004_F004,2025-11-24,22,40,11.463499069213867,3.4302525520324707,17.31902503967285,1.0,8649,0.0,19.98342339070991,19.215818,32.076145,33.911934,36.827644,38.8022,29.15369,1.0,36.783848448369746,37.0,38.0,38.0,38.0,38.0,0
Mbalmayo,BIO_FP_FH__L2A_20251124T050104_20251206T050132_T_G01_M01_C___T004_F004,2025-11-24,22,41,11.464332580566406,3.4302525520324707,14.666424751281738,1.0,8649,1.3716000318527222,16.871731016591514,16.657293,25.678701,28.214756,35.75221,41.50983,23.178,1.0,35.55499559248758,35.0,37.0,37.0,37.0,37.0,0
Mbalmayo,BIO_FP_FH__L2A_20251124T050104_20251206T050132_T_G01_M01_C___T004_F004,2025-11-24,22,45,11.467666625976562,3.4302525520324707,14.977624893188477,1.0,8649,1.5068000555038452,16.941135490735924,15.302742,31.300009,34.0601,40.16543,43.11515,28.155315,1.0,35.846946829660105,36.0,37.0,37.19884490966797,38.0,38.0,0
Mbalmayo,BIO_FP_FH__L2A_20251124T050104_20251206T050132_T_G01_M01_C___T004_F004,2025-11-24,23,3,11.432659149169922,3.4294190406799316,26.55708122253418,1.0,8649,0.4830000102519989,26.141479506301305,25.969568,37.61316,39.37675,43.486347,45.5241,35.11022,1.0,34.46301651177399,34.0,36.0,36.0,36.0,36.0,0
Mbalmayo,BIO_FP_FH__L2A_20251124T050104_20251206T050132_T_G01_M01_C___T004_F004,2025-11-24,23,4,11.433492660522461,3.4294190406799316,30.914682388305664,1.0,8649,0.6633999943733215,26.92536054565557,28.546938,34.9964,36.499,38.63827,40.315853,34.361248,1.0,33.24376084738652,33.0,35.0,36.0,36.0,36.0,0
Mbalmayo,BIO_FP_FH__L2A_20251124T050104_20251206T050132_T_G01_M01_C___T004_F004,2025-11-24,23,5,11.434326171875,3.4294190406799316,32.144683837890625,1.0,8649,0.7775999903678894,21.857280059472192,22.695751,30.385313,31.992907,37.357033,41.822662,28.972574,1.0,32.60516478800611,32.264732360839844,35.0,35.0,35.0,35.0,0
Mbalmayo,BIO_FP_FH__L2A_20251124T050104_20251206T050132_T_G01_M01_C___T004_F004,2025-11-24,23,6,11.435159683227539,3.4294190406799316,33.136356353759766,1.0,8649,0.8920000195503235,23.904903881590357,24.755306,32.348198,34.630497,37.28368,40.216568,30.196444,1.0,30.9826167749799,31.0,32.0,32.0,33.0,33.0,0
Mbalmayo,BIO_FP_FH__L2A_20251124T050104_20251206T050132_T_G01_M01_C___T004_F004,2025-11-24,23,18,11.445161819458008,3.4294190406799316,22.066286087036133,1.0,8649,0.0,19.742618366285118,19.405708,29.321201,30.808455,33.558453,35.93086,26.977295,1.0,36.65798437775925,37.0,38.0,38.44340896606445,39.0,39.0,0
Mbalmayo,BIO_FP_FH__L2A_20251124T050104_20251206T050132_T_G01_M01_C___T004_F004,2025-11-24,23,19,11.445995330810547,3.4294190406799316,21.28388786315918,1.000000028227613,8649,0.0,16.2104230740406,15.418706,26.817476,28.77038,30.564383,32.594063,22.853632,1.0,35.60080156691268,36.0,36.0,37.0,37.0,37.0,0
Mbalmayo,BIO_FP_FH__L2A_20251124T050104_20251206T050132_T_G01_M01_C___T004_F004,2025-11-24,23,20,11.446828842163086,3.4294190406799316,19.451887130737305,0.9999999294309675,8649,0.0,20.692849802568297,21.690613,31.581926,33.757393,36.538532,38.772675,30.050909,1.0,36.33035588030154,36.0,37.0,37.0,38.0,38.0,0
Mbalmayo,BIO_FP_FH__L2A_20251124T050104_20251206T050132_T_G01_M01_C___T004_F004,2025-11-24,23,21,11.447662353515625,3.4294190406799316,17.864286422729492,1.000000028227613,8649,0.0,21.90292349145642,23.400421,32.99224,35.36452,40.544487,43.72047,31.3458,1.0,36.726093679483895,36.562744140625,39.0,39.0,39.0,39.0,0
Mbalmayo,BIO_FP_FH__L2A_20251124T050104_20251206T050132_T_G01_M01_C___T004_F004,2025-11-24,23,28,11.453496932983398,3.4294190406799316,21.426088333129883,1.0,8649,1.0080000162124634,23.87898348074922,26.007172,36.26991,40.209705,41.794632,42.81643,34.038536,1.0,35.429535905809566,35.0,37.0,37.0,37.0,37.0,0
Mbalmayo,BIO_FP_FH__L2A_20251124T050104_20251206T050132_T_G01_M01_C___T004_F004,2025-11-24,23,29,11.454330444335938,3.4294190406799316,21.30908966064453,1.0,8649,0.0,19.91665808547231,20.975746,30.410238,32.597042,36.07312,39.26162,28.644012,1.0,34.7298659643199,35.0,36.0,36.0,36.0,36.0,0
Mbalmayo,BIO_FP_FH__L2A_20251124T050104_20251206T050132_T_G01_M01_C___T004_F004,2025-11-24,23,30,11.455163955688477,3.4294190406799316,20.918067932128906,1.0,8649,0.0,14.938113781217481,14.824756,25.487625,28.291702,31.636213,34.037395,23.040129,1.0,32.717959158433516,33.0,34.0,34.0,36.0,36.0,0
Mbalmayo,BIO_FP_FH__L2A_20251124T050104_20251206T050132_T_G01_M01_C___T004_F004,2025-11-24,23,33,11.457664489746094,3.4294190406799316,19.545867919921875,0.9283019052735504,8066,0.0,4.330934163462053,3.3636098,9.444291,11.6777725,16.851917,26.811865,6.970724,1.0,27.88500266748297,28.0,30.0,30.0,30.0,30.0,0
Mbalmayo,BIO_FP_FH__L2A_20251124T050104_20251206T050132_T_G01_M01_C___T004_F004,2025-11-24,23,34,11.458498001098633,3.4294190406799316,16.8062686920166,0.9607841252646621,8361,0.6320000290870667,4.630093685757927,2.4183114,11.959778,13.457348,18.177214,31.474804,9.538591,1.0,23.9411380007882,24.0,27.0,27.0,28.0,28.0,0
Mbalmayo,BIO_FP_FH__L2A_20251124T050104_20251206T050132_T_G01_M01_C___T004_F004,2025-11-24,23,40,11.463499069213867,3.4294190406799316,15.92310905456543,0.9614524986857224,8373,0.4765999913215637,11.861771577652297,12.114868,23.667078,26.568718,34.450043,39.32649,20.980766,1.0,35.247128674413084,35.0,37.0,37.0,37.0,37.0,0
Mbalmayo,BIO_FP_FH__L2A_20251124T050104_20251206T050132_T_G01_M01_C___T004_F004,2025-11-24,23,41,11.464332580566406,3.4294190406799316,14.82150936126709,0.9999322255011418,8649,1.0673999786376953,12.94078430600942,13.413382,22.308613,24.255396,31.915491,39.065098,20.761908,1.0,35.89216232123382,36.0,37.0,37.0,37.0,37.0,0
Mbalmayo,BIO_FP_FH__L2A_20251124T050104_20251206T050132_T_G01_M01_C___T004_F004,2025-11-24,24,2,11.431825637817383,3.4285855293273926,26.724882125854492,0.9113028768115353,7929,0.35420000553131104,11.493819599437249,8.156065,30.23489,34.293842,39.771183,42.387432,21.069454,1.0,32.18462470755134,32.0,33.97315979003906,34.0,35.0,35.0,0
Mbalmayo,BIO_FP_FH__L2A_20251124T050104_20251206T050132_T_G01_M01_C___T004_F004,2025-11-24,24,3,11.432659149169922,3.4285855293273926,29.8350830078125,1.0,8649,0.4603999853134155,22.384965024858364,24.45292,30.78883,33.328705,41.75542,51.561176,29.48573,1.0,32.383733669999486,32.63539123535156,35.0,35.0,36.0,36.0,0
Mbalmayo,BIO_FP_FH__L2A_20251124T050104_20251206T050132_T_G01_M01_C___T004_F004,2025-11-24,24,4,11.433492660522461,3.4285855293273926,31.928882598876953,1.0,8649,0.9345999956130981,30.919905390073996,31.82666,38.294075,41.14775,48.771095,52.140167,37.040848,1.0,32.939884133966885,33.0,35.0,36.0,36.0,36.0,0
Mbalmayo,BIO_FP_FH__L2A_20251124T050104_20251206T050132_T_G01_M01_C___T004_F004,2025-11-24,24,5,11.434326171875,3.4285855293273926,33.509883880615234,1.0,8649,1.0269999504089355,20.801894772878367,20.930622,32.281593,35.429344,39.349422,41.657085,29.083324,1.0,34.41515440780422,35.0,36.0,36.0,36.0,36.0,0
Mbalmayo,BIO_FP_FH__L2A_20251124T050104_20251206T050132_T_G01_M01_C___T004_F004,2025-11-24,24,6,11.435159683227539,3.4285855293273926,34.25675582885742,1.0,8649,1.0282000303268433,23.389603612050525,24.340624,33.538433,35.95854,38.56219,41.00905,31.765265,1.0,30.171543309668998,30.0,32.0,32.0,32.0,32.0,0
Mbalmayo,BIO_FP_FH__L2A_20251124T050104_20251206T050132_T_G01_M01_C___T004_F004,2025-11-24,24,18,11.445161819458008,3.4285855293273926,20.91348648071289,1.000000141138065,8649,0.0,20.24031800772697,22.354483,29.977037,31.470331,33.32652,34.855183,28.301088,1.0,36.86810929387384,37.0,39.0,39.0,39.0,39.0,0
Mbalmayo,BIO_FP_FH__L2A_20251124T050104_20251206T050132_T_G01_M01_C___T004_F004,2025-11-24,24,19,11.445995330810547,3.4285855293273926,20.431886672973633,1.000000112910452,8649,0.0,15.377205437269952,15.907664,24.0246,26.313166,29.877434,31.986338,21.626478,1.0,33.869270240244724,34.0,36.0,36.0,36.0,36.0,0
Mbalmayo,BIO_FP_FH__L2A_20251124T050104_20251206T050132_T_G01_M01_C___T004_F004,2025-11-24,24,20,11.446828842163086,3.4285855293273926,18.2294864654541,0.999999971772387,8649,0.0,17.51718817512513,18.47424,25.51778,27.077894,31.818148,35.49972,24.06734,1.0,33.46027212488071,33.0,35.0,36.0,36.0,36.0,0
Mbalmayo,BIO_FP_FH__L2A_20251124T050104_20251206T050132_T_G01_M01_C___T004_F004,2025-11-24,24,21,11.447662353515625,3.4285855293273926,16.02708625793457,0.9999999012033545,8649,0.0,13.014054572252048,12.300974,25.940693,27.778105,38.14483,45.37157,23.905685,1.0,36.110266341131016,36.0,37.91419219970703,38.0,38.0,38.0,0
Mbalmayo,BIO_FP_FH__L2A_20251124T050104_20251206T050132_T_G01_M01_C___T004_F004,2025-11-24,24,29,11.454330444335938,3.4285855293273926,20.358688354492188,1.0,8649,0.0,12.076578126806567,10.537642,27.569483,31.456749,34.992023,37.156124,21.202297,1.0,32.94343301863709,33.0,35.0,35.0,36.0,36.0,0
Mbalmayo,BIO_FP_FH__L2A_20251124T050104_20251206T050132_T_G01_M01_C___T004_F004,2025-11-24,24,45,11.467666625976562,3.4285855293273926,22.519908905029297,1.0,8649,0.038600001484155655,18.58475848905943,18.075277,29.31482,32.031433,37.368107,40.592525,27.002546,1.0,39.49663548552793,39.0,41.0,41.0,41.0,41.0,0
Mbalmayo,BIO_FP_FH__L2A_20251124T050104_20251206T050132_T_G01_M01_C___T004_F004,2025-11-24,24,46,11.468500137329102,3.4285855293273926,24.903722763061523,1.0,8649,0.4909999966621399,22.393580995635332,24.289518,32.256428,33.78122,35.72114,38.06826,30.536911,1.0,38.702945360352864,39.0,40.0,41.0,41.0,41.0,0
Mbalmayo,BIO_FP_FH__L2A_20251124T050104_20251206T050132_T_G01_M01_C___T004_F004,2025-11-24,25,3,11.432659149169922,3.4277520179748535,29.426082611083984,1.0000000423414195,8649,0.38019999861717224,26.08225167594741,27.99277,33.914917,35.35994,38.91696,41.293423,33.06163,1.0,32.46110506197775,32.00285720825195,34.0,34.0,35.0,35.0,0
Mbalmayo,BIO_FP_FH__L2A_20251124T050104_20251206T050132_T_G01_M01_C___T004_F004,2025-11-24,25,4,11.433492660522461,3.4277520179748535,30.67628288269043,1.000000028227613,8649,0.8514000177383423,25.55636033732561,25.936447,33.51064,34.583538,36.176388,39.777397,32.418034,1.0,30.637031094712842,30.0,33.0,34.0,35.0,35.0,0
Mbalmayo,BIO_FP_FH__L2A_20251124T050104_20251206T050132_T_G01_M01_C___T004_F004,2025-11-24,25,5,11.434326171875,3.4277520179748535,32.6574821472168,1.000000084682839,8649,1.0473999977111816,21.50742339583971,23.55998,29.40577,30.772263,33.100628,35.421394,28.564045,1.0,34.73774625381468,35.0,36.0,36.298377990722656,37.0,37.0,0
Mbalmayo,BIO_FP_FH__L2A_20251124T050104_20251206T050132_T_G01_M01_C___T004_F004,2025-11-24,25,6,11.435159683227539,3.4277520179748535,34.54975891113281,0.9999999012033545,8649,1.0230000019073486,24.283005672579332,24.965816,32.02692,33.88978,36.161983,38.364487,31.11588,1.0,31.88174785146935,32.0,35.0,36.0,36.0,36.0,0
Mbalmayo,BIO_FP_FH__L2A_20251124T050104_20251206T050132_T_G01_M01_C___T004_F004,2025-11-24,25,18,11.445161819458008,3.4277520179748535,20.70328712463379,0.999999971772387,8649,0.0,16.944152710487458,17.073011,27.37577,29.69709,32.215458,34.269745,24.86193,1.0,34.5652360672454,34.0,36.0,37.0,38.0,38.0,0
Mbalmayo,BIO_FP_FH__L2A_20251124T050104_20251206T050132_T_G01_M01_C___T004_F004,2025-11-24,25,22,11.448495864868164,3.4277520179748535,14.312088966369629,1.0,8649,0.0,15.913779772228004,14.671591,31.732569,34.14784,37.652176,45.26766,28.59044,1.0,36.710124815994774,37.0,38.0,38.0,39.0,39.0,0
Mbalmayo,BIO_FP_FH__L2A_20251124T050104_20251206T050132_T_G01_M01_C___T004_F004,2025-11-24,25,23,11.449329376220703,3.4277520179748535,14.189488410949707,1.0,8649,0.0,12.434408511822175,9.739279,25.994255,30.455544,35.409916,42.396626,21.042927,1.0,35.22705387614313,35.48362731933594,36.0,36.0,37.0,37.0,0
Mbalmayo,BIO_FP_FH__L2A_20251124T050104_20251206T050132_T_G01_M01_C___T004_F004,2025-11-24,25,32,11.456830978393555,3.4277520179748535,20.42546844482422,0.999999943544774,8649,0.0,9.45909059319824,7.5061345,22.168459,27.11706,33.502605,38.686104,16.521696,1.0,32.02743776338833,32.0,33.0,34.0,34.0,36.0,0
Mbalmayo,BIO_FP_FH__L2A_20251124T050104_20251206T050132_T_G01_M01_C___T004_F004,2025-11-24,25,33,11.457664489746094,3.4277520179748535,20.103668212890625,0.962339480855807,8378,0.0,17.379863992661534,17.39934,27.720938,30.384594,38.073933,42.163067,26.055399,1.0,34.43334190941144,34.0,36.0,37.0,37.0,37.0,0
Mbalmayo,BIO_FP_FH__L2A_20251124T050104_20251206T050132_T_G01_M01_C___T004_F004,2025-11-24,25,34,11.458498001098633,3.4277520179748535,19.967668533325195,0.9742631633263239,8480,0.0,18.878959863382807,17.593998,31.096947,33.762207,36.55971,38.385098,28.065159,1.0,35.91624355856456,36.0,37.0,38.0,38.0,38.0,0
Mbalmayo,BIO_FP_FH__L2A_20251124T050104_20251206T050132_T_G01_M01_C___T004_F004,2025-11-24,25,35,11.459331512451172,3.4277520179748535,20.28306770324707,0.9873784462528182,8564,0.0,20.143758360869008,18.902061,31.545736,34.209698,37.69397,40.599075,29.644567,1.0,35.25858960045267,36.0,37.0,37.0,37.0,37.0,0
Mbalmayo,BIO_FP_FH__L2A_20251124T050104_20251206T050132_T_G01_M01_C___T004_F004,2025-11-24,25,36,11.460165023803711,3.4277520179748535,20.360668182373047,0.9478899068895248,8239,0.0,25.546291217250527,24.706,39.006016,42.08952,44.363983,45.637337,36.18553,1.0,33.17687634024707,33.0,35.0,35.0,36.0,36.0,0
Mbalmayo,BIO_FP_FH__L2A_20251124T050104_20251206T050132_T_G01_M01_C___T004_F004,2025-11-24,25,37,11.46099853515625,3.4277520179748535,19.696868896484375,1.0,8649,0.0,19.382847728061048,19.58176,28.763275,32.6521,36.259045,39.692924,26.058455,1.0,33.70643239545607,33.0,36.179168701171875,37.0,37.0,38.0,0
Mbalmayo,BIO_FP_FH__L2A_20251124T050104_20251206T050132_T_G01_M01_C___T004_F004,2025-11-24,25,38,11.461832046508789,3.4277520179748535,19.033109664916992,1.0,8649,0.0,20.81810035842294,18.737816,35.51393,36.994488,39.84469,42.361057,32.859936,1.0,38.219714928312875,38.0,39.0,40.0,40.0,40.0,0
Mbalmayo,BIO_FP_FH__L2A_20251124T050104_20251206T050132_T_G01_M01_C___T004_F004,2025-11-24,25,39,11.462665557861328,3.4277520179748535,18.170909881591797,1.0,8649,0.0,23.046017332206034,24.283596,31.925114,32.997253,38.72329,42.02359,30.176445,1.0,35.45803059394793,35.0,38.0,38.0,38.0,38.0,0
Mbalmayo,BIO_FP_FH__L2A_20251124T050104_20251206T050132_T_G01_M01_C___T004_F004,2025-11-24,25,43,11.465999603271484,3.4277520179748535,14.359709739685059,1.0,8649,1.8040000200271606,19.239658305873512,18.836708,29.266186,32.000973,35.885662,40.785694,27.137651,1.0,32.25850122398635,33.0,35.0,35.0,36.0,36.0,0
Mbalmayo,BIO_FP_FH__L2A_20251124T050104_20251206T050132_T_G01_M01_C___T004_F004,2025-11-24,25,44,11.466833114624023,3.4277520179748535,20.856109619140625,1.0,8649,0.5658000111579895,17.67650861913227,17.264069,28.293278,30.954052,33.751743,36.413685,26.130335,1.0,34.88826556739979,35.0,38.0,38.0,38.17898178100586,39.0,0
Mbalmayo,BIO_FP_FH__L2A_20251124T050104_20251206T050132_T_G01_M01_C___T004_F004,2025-11-24,25,45,11.467666625976562,3.4277520179748535,27.29071044921875,1.0,8649,0.03359999880194664,23.328816915250318,24.804611,31.479534,32.339127,33.85368,35.355576,30.270823,1.0,39.681097939877525,40.0,41.0,41.0,41.0,41.0,0
Mbalmayo,BIO_FP_FH__L2A_20251124T050104_20251206T050132_T_G01_M01_C___T004_F004,2025-11-24,25,46,11.468500137329102,3.4277520179748535,28.63532257080078,1.0,8649,0.43140000104904175,25.46425390579836,27.047611,32.66732,33.615616,35.51207,37.790413,31.415115,1.0,38.49700808119865,38.0,40.0,41.0,41.0,41.0,0
Mbalmayo,BIO_FP_FH__L2A_20251124T050104_20251206T050132_T_G01_M01_C___T004_F004,2025-11-24,25,47,11.46933364868164,3.4277520179748535,29.710723876953125,1.0,8649,0.8838000297546387,23.798961585154352,26.011002,31.424936,32.564972,34.691334,36.624886,30.16154,1.0,36.16344954179386,36.0,37.0,37.51637268066406,38.0,38.0,0
Mbalmayo,BIO_FP_FH__L2A_20251124T050104_20251206T050132_T_G01_M01_C___T004_F004,2025-11-24,25,48,11.47016716003418,3.4277520179748535,30.255922317504883,0.9999999858861935,8649,1.0634000301361084,17.98952126066441,19.242714,25.868504,27.82242,30.63527,32.79634,24.277346,1.0,34.35015135928377,35.0,35.0,36.0,36.0,36.0,0
Mbalmayo,BIO_FP_FH__L2A_20251124T050104_20251206T050132_T_G01_M01_C___T004_F004,2025-11-24,26,3,11.432659149169922,3.4269185066223145,30.764482498168945,1.0,8649,0.3050000071525574,17.42961072089259,19.598055,30.894337,33.792896,40.250523,42.780582,28.213009,1.0,35.28266629931251,35.95326614379883,37.0,37.0,37.0,37.0,0
Mbalmayo,BIO_FP_FH__L2A_20251124T050104_20251206T050132_T_G01_M01_C___T004_F004,2025-11-24,26,4,11.433492660522461,3.4269185066223145,30.316482543945312,1.0,8649,0.7590000033378601,23.922460101962656,24.833918,31.29578,33.125362,36.116875,38.734474,29.967594,1.0,31.389759032626223,31.0,34.0,34.0,35.0,35.0,0
Mbalmayo,BIO_FP_FH__L2A_20251124T050104_20251206T050132_T_G01_M01_C___T004_F004,2025-11-24,26,5,11.434326171875,3.4269185066223145,30.88808250427246,0.999999971772387,8649,0.8163999915122986,24.106622472009004,24.983437,30.821243,32.091904,34.396553,38.986324,29.809788,1.0,30.77181978895011,31.0,35.0,35.0,36.0,36.0,0
Mbalmayo,BIO_FP_FH__L2A_20251124T050104_20251206T050132_T_G01_M01_C___T004_F004,2025-11-24,26,6,11.435159683227539,3.4269185066223145,32.52275848388672,0.9999999858861935,8649,0.6729999780654907,22.50094515223695,23.603518,30.673891,32.460953,35.711666,37.910683,29.510199,1.0,34.79002691227682,35.0,36.0,36.0,37.0,37.0,0
Mbalmayo,BIO_FP_FH__L2A_20251124T050104_20251206T050132_T_G01_M01_C___T004_F004,2025-11-24,26,7,11.435993194580078,3.4269185066223145,34.431156158447266,1.0,8649,1.037600040435791,23.91772079864724,24.484402,31.864113,33.893024,37.590656,39.964836,31.028475,1.0,34.336764474234315,34.63611602783203,36.0,36.0,37.0,37.0,0
Mbalmayo,BIO_FP_FH__L2A_20251124T050104_20251206T050132_T_G01_M01_C___T004_F004,2025-11-24,26,8,11.436826705932617,3.4269185066223145,34.29835891723633,1.0,8649,1.0161999464035034,25.101876842698577,26.699228,34.04887,35.57408,37.78394,40.611347,31.694878,1.0,32.36287839609235,33.0,35.0,36.0,37.0,37.0,0
Mbalmayo,BIO_FP_FH__L2A_20251124T050104_20251206T050132_T_G01_M01_C___T004_F004,2025-11-24,26,18,11.445161819458008,3.4269185066223145,20.06208610534668,0.9740345478884842,8463,0.9132000207901001,19.578753232294815,20.345917,28.208073,30.24947,34.070675,36.415215,26.880901,0.9305521128958691,31.250873154015853,31.0,34.0,34.0,34.0,34.0,0
Mbalmayo,BIO_FP_FH__L2A_20251124T050104_20251206T050132_T_G01_M01_C___T004_F004,2025-11-24,26,22,11.448495864868164,3.4269185066223145,13.191088676452637,1.0,8649,0.20360000431537628,15.711199000607007,12.894947,30.343456,34.314518,37.314854,39.95513,26.21243,1.0,35.61733320035305,35.0,37.0,37.0,38.0,38.0,0
Mbalmayo,BIO_FP_FH__L2A_20251124T050104_20251206T050132_T_G01_M01_C___T004_F004,2025-11-24,26,23,11.449329376220703,3.4269185066223145,12.55928897857666,1.0,8649,0.7354000210762024,10.840904204965891,6.510308,30.939793,36.127342,42.61679,44.966297,20.294247,1.0,36.7215589500601,36.0,39.0,41.0,41.0,42.0,0
Mbalmayo,BIO_FP_FH__L2A_20251124T050104_20251206T050132_T_G01_M01_C___T004_F004,2025-11-24,26,24,11.450162887573242,3.4269185066223145,11.902288436889648,1.0,8649,1.2674000263214111,23.338454951439473,27.345959,38.24589,40.01984,41.673584,43.953293,36.467564,1.0,38.584269724411556,38.0,40.0,41.0,41.0,42.0,0
Mbalmayo,BIO_FP_FH__L2A_20251124T050104_20251206T050132_T_G01_M01_C___T004_F004,2025-11-24,26,25,11.450996398925781,3.4269185066223145,13.165688514709473,1.0,8649,1.003999948501587,16.86042777705515,14.298001,33.372284,35.242546,38.7588,42.212353,30.325666,1.0,36.312255995661445,37.0,38.0,39.0,39.0,39.0,0
Mbalmayo,BIO_FP_FH__L2A_20251124T050104_20251206T050132_T_G01_M01_C___T004_F004,2025-11-24,26,35,11.459331512451172,3.4269185066223145,21.580467224121094,1.0,8649,0.0,16.861965617412416,14.315188,32.50085,37.08587,42.906723,44.692314,27.698006,1.0,34.86668656748669,35.0,36.0,36.0,37.0,37.0,0
Mbalmayo,BIO_FP_FH__L2A_20251124T050104_20251206T050132_T_G01_M01_C___T004_F004,2025-11-24,26,36,11.460165023803711,3.4269185066223145,21.689268112182617,1.0,8649,0.0,19.14140453376113,19.436573,30.661201,34.610638,38.734943,40.288513,27.461708,1.0,31.574141254175853,31.0,33.0,35.0,35.0,35.0,0
Mbalmayo,BIO_FP_FH__L2A_20251124T050104_20251206T050132_T_G01_M01_C___T004_F004,2025-11-24,26,37,11.46099853515625,3.4269185066223145,20.419668197631836,1.0,8649,0.0,9.725171443230431,9.142367,19.64957,21.696276,26.030241,32.56929,18.243286,1.0,32.4023789557877,32.0,34.0,37.0,37.0,38.0,0
Mbalmayo,BIO_FP_FH__L2A_20251124T050104_20251206T050132_T_G01_M01_C___T004_F004,2025-11-24,26,38,11.461832046508789,3.4269185066223145,19.404909133911133,1.0,8649,0.0,21.684153785842295,20.49895,40.088444,44.37457,51.39261,54.233925,33.65211,1.0,36.26634682020103,36.0,38.0,38.0,39.0,39.0,0
Mbalmayo,BIO_FP_FH__L2A_20251124T050104_20251206T050132_T_G01_M01_C___T004_F004,2025-11-24,26,44,11.466833114624023,3.4269185066223145,20.555709838867188,1.0,8649,0.0,11.669017010637068,9.228244,29.522207,32.952133,34.75309,37.677094,24.791348,1.0,35.48682264300878,36.530155181884766,38.43027877807617,39.0,39.0,39.0,0
Mbalmayo,BIO_FP_FH__L2A_20251124T050104_20251206T050132_T_G01_M01_C___T004_F004,2025-11-24,26,45,11.467666625976562,3.4269185066223145,25.742109298706055,1.0,8649,0.0,19.85022518860562,19.122702,33.348377,36.664474,38.923065,40.10226,29.053425,1.0,38.10050455685061,38.0,40.0,40.0,40.0,40.0,0
Mbalmayo,BIO_FP_FH__L2A_20251124T050104_20251206T050132_T_G01_M01_C___T004_F004,2025-11-24,26,46,11.468500137329102,3.4269185066223145,27.725723266601562,1.0,8649,0.350600004196167,28.471056083073186,30.587158,36.207718,37.53178,39.405163,41.598362,35.297882,1.0,38.00945843579604,38.0,39.0,39.0,39.0,39.0,0
Mbalmayo,BIO_FP_FH__L2A_20251124T050104_20251206T050132_T_G01_M01_C___T004_F004,2025-11-24,26,47,11.46933364868164,3.4269185066223145,28.589923858642578,1.0,8649,0.8241999745368958,17.760862888773268,18.120132,26.89646,28.21012,30.033506,34.292442,25.798998,1.0,37.185154998546416,37.0,38.0,38.0,38.0,38.0,0
Mbalmayo,BIO_FP_FH__L2A_20251124T050104_20251206T050132_T_G01_M01_C___T004_F004,2025-11-24,26,48,11.47016716003418,3.4269185066223145,29.317922592163086,1.0,8649,1.097599983215332,22.0958336494826,23.61824,30.959372,32.760506,35.244267,36.62593,30.133205,1.0,35.59214941495167,36.0,36.0,37.0,37.0,37.0,0
Mbalmayo,BIO_FP_FH__L2A_20251124T050104_20251206T050132_T_G01_M01_C___T004_F004,2025-11-24,27,3,11.432659149169922,3.4260849952697754,27.977481842041016,1.0,8649,0.16619999706745148,13.680341703159325,11.190648,30.0996,32.842075,36.45424,43.965897,24.864313,1.0,35.50141465284877,35.0,37.0,38.0,40.0,40.0,0
Mbalmayo,BIO_FP_FH__L2A_20251124T050104_20251206T050132_T_G01_M01_C___T004_F004,2025-11-24,27,4,11.433492660522461,3.4260849952697754,27.896282196044922,1.0,8649,0.40860000252723694,21.95098918588854,24.13131,32.386734,34.296463,36.71272,38.740414,29.73085,1.0,31.60492490820698,31.55609893798828,33.0,35.0,35.0,36.0,0
Mbalmayo,BIO_FP_FH__L2A_20251124T050104_20251206T050132_T_G01_M01_C___T004_F004,2025-11-24,27,5,11.434326171875,3.4260849952697754,28.485082626342773,1.0,8649,0.29280000925064087,26.390293494912708,27.630474,33.427868,34.721638,37.003418,40.18775,32.33604,1.0,30.48833855933186,31.0,32.40469741821289,33.0,33.0,33.0,0
Mbalmayo,BIO_FP_FH__L2A_20251124T050104_20251206T050132_T_G01_M01_C___T004_F004,2025-11-24,27,6,11.435159683227539,3.4260849952697754,30.362957000732422,1.0,8649,0.4851999878883362,23.928784668025205,25.028908,32.686043,35.57296,39.496235,40.520214,30.682173,1.0,34.08735844496014,34.0,36.0,36.0,36.0,37.0,0
Mbalmayo,BIO_FP_FH__L2A_20251124T050104_20251206T050132_T_G01_M01_C___T004_F004,2025-11-24,27,7,11.435993194580078,3.4260849952697754,32.44795608520508,1.0,8649,0.9631999731063843,19.3595981110533,20.454618,31.842628,33.20347,34.91946,38.647495,30.558987,1.0,33.6503980541549,34.0,35.0,35.0,35.0,35.0,0
Mbalmayo,BIO_FP_FH__L2A_20251124T050104_20251206T050132_T_G01_M01_C___T004_F004,2025-11-24,27,8,11.436826705932617,3.4260849952697754,32.754356384277344,1.0,8649,1.0044000148773193,25.948751300728407,27.219887,34.318394,36.221237,38.935715,40.742603,32.54983,1.0,31.82557339755934,32.0,35.0,36.0,36.0,36.0,0
Mbalmayo,BIO_FP_FH__L2A_20251124T050104_20251206T050132_T_G01_M01_C___T004_F004,2025-11-24,27,9,11.437660217285156,3.4260849952697754,32.45815658569336,1.0,8649,0.8615999817848206,29.045640211296103,31.294127,38.66046,40.36902,42.215626,44.371704,36.435905,1.0,35.199341419487695,35.1458854675293,37.0,37.0,37.8541145324707,38.0,0
Mbalmayo,BIO_FP_FH__L2A_20251124T050104_20251206T050132_T_G01_M01_C___T004_F004,2025-11-24,27,10,11.438493728637695,3.4260849952697754,31.50535774230957,1.0,8649,0.7490000128746033,30.186240822638457,32.43058,38.65489,39.848957,41.822453,43.180233,37.1888,1.0,36.413785894091575,36.0,38.0,39.0,39.0,39.0,0
Mbalmayo,BIO_FP_FH__L2A_20251124T050104_20251206T050132_T_G01_M01_C___T004_F004,2025-11-24,27,11,11.439327239990234,3.4260849952697754,30.244356155395508,1.0,8649,0.6416000127792358,28.01354202798011,30.355421,35.571785,36.451244,37.683693,38.947105,34.716686,1.0,36.11594378651877,36.0,38.0,38.0,39.0,39.0,0
Mbalmayo,BIO_FP_FH__L2A_20251124T050104_20251206T050132_T_G01_M01_C___T004_F004,2025-11-24,27,12,11.440160751342773,3.4260849952697754,28.633358001708984,1.0,8649,0.5342000126838684,23.56104842322812,25.734535,33.97633,35.714993,37.46038,38.586235,32.26184,1.0,36.54134861203698,37.0,38.0,39.0,39.0,39.0,0
Mbalmayo,BIO_FP_FH__L2A_20251124T050104_20251206T050132_T_G01_M01_C___T004_F004,2025-11-24,27,13,11.440994262695312,3.4260849952697754,26.27775764465332,1.0,8649,0.426800012588501,21.179632399699386,21.044031,30.250765,32.69063,34.773083,36.97572,28.836153,1.0,37.73187983117361,38.0,39.0,39.0,39.0,39.0,0
Mbalmayo,BIO_FP_FH__L2A_20251124T050104_20251206T050132_T_G01_M01_C___T004_F004,2025-11-24,27,14,11.441827774047852,3.4260849952697754,23.446086883544922,1.0,8649,0.3935999870300293,17.04146387949474,15.905816,27.58795,30.917456,35.34364,36.793682,23.14603,1.0,35.246627744105055,35.0,37.0,38.0,39.0,39.0,0
Mbalmayo,BIO_FP_FH__L2A_20251124T050104_20251206T050132_T_G01_M01_C___T004_F004,2025-11-24,27,15,11.44266128540039,3.4260849952697754,17.41788673400879,1.0,8649,1.0490000247955322,15.57648689516129,15.274365,24.816616,27.66059,31.18916,36.62011,22.95274,1.0,32.9979112433042,33.0,34.0,34.0,35.0,35.0,0
Mbalmayo,BIO_FP_FH__L2A_20251124T050104_20251206T050132_T_G01_M01_C___T004_F004,2025-11-24,27,16,11.44349479675293,3.4260849952697754,18.940086364746094,0.999999971772387,8649,0.5171999931335449,18.398252394555538,17.186806,29.943884,31.829529,34.703266,37.555992,27.262218,1.0,34.60173540647932,35.0,36.0,36.0,36.0,36.0,0
Mbalmayo,BIO_FP_FH__L2A_20251124T050104_20251206T050132_T_G01_M01_C___T004_F004,2025-11-24,27,36,11.460165023803711,3.4260849952697754,22.963668823242188,1.0,8649,0.0868000015616417,16.210744648947855,15.137172,29.955923,33.443386,36.522923,39.14797,22.994802,1.0,31.9935588962371,32.0,34.0,34.318092346191406,35.0,35.0,0
Mbalmayo,BIO_FP_FH__L2A_20251124T050104_20251206T050132_T_G01_M01_C___T004_F004,2025-11-24,27,37,11.46099853515625,3.4260849952697754,21.306867599487305,1.0,8649,0.0,17.937977837033184,17.95553,30.980247,34.48667,37.75594,40.563232,27.40119,1.0,34.22992605341006,34.0,36.0,36.0,36.0,36.0,0
Mbalmayo,BIO_FP_FH__L2A_20251124T050104_20251206T050132_T_G01_M01_C___T004_F004,2025-11-24,27,38,11.461832046508789,3.4260849952697754,18.9785099029541,1.0,8649,0.777999997138977,22.162453300237022,23.041597,35.190598,37.78305,40.93521,43.251488,29.56864,1.0,34.40409435202089,34.0,35.0,35.34416961669922,36.0,36.0,0
Mbalmayo,BIO_FP_FH__L2A_20251124T050104_20251206T050132_T_G01_M01_C___T004_F004,2025-11-24,27,44,11.466833114624023,3.4260849952697754,19.683509826660156,1.0,8649,0.0,14.283104892906694,13.456282,29.379013,32.94428,37.318813,41.470287,24.835484,1.0,33.67007189241362,34.0,38.0,38.0,39.0,39.0,0
Mbalmayo,BIO_FP_FH__L2A_20251124T050104_20251206T050132_T_G01_M01_C___T004_F004,2025-11-24,27,45,11.467666625976562,3.4260849952697754,24.389108657836914,1.0,8649,0.0,18.428181274569315,15.937373,35.589333,37.94603,40.135586,41.63636,32.98441,1.0,35.55250542347714,35.0,39.0,39.0,39.0,39.0,0
Mbalmayo,BIO_FP_FH__L2A_20251124T050104_20251206T050132_T_G01_M01_C___T004_F004,2025-11-24,27,46,11.468500137329102,3.4260849952697754,26.90072250366211,1.0,8649,0.2443999946117401,18.193252561712338,17.450905,30.612642,32.812588,34.89685,37.096844,28.120058,1.0,35.479671107784064,35.88780212402344,37.0,38.0,39.0,39.0,0
Mbalmayo,BIO_FP_FH__L2A_20251124T050104_20251206T050132_T_G01_M01_C___T004_F004,2025-11-24,27,47,11.46933364868164,3.4260849952697754,27.549522399902344,1.0,8649,0.718999981880188,23.268360142791074,25.021208,33.081814,34.285,35.509155,37.694496,31.763666,1.0,37.410158577013846,37.0,38.126897430419916,39.0,39.0,39.0,0
Mbalmayo,BIO_FP_FH__L2A_20251124T050104_20251206T050132_T_G01_M01_C___T004_F004,2025-11-24,27,48,11.47016716003418,3.4260849952697754,27.944522857666016,1.0,8649,0.7770000100135803,19.99241015941149,19.435905,32.661522,34.218235,37.45006,38.613735,31.0269,1.0,35.650458805270794,36.0,37.0,38.0,38.0,38.0,0
Mbalmayo,BIO_FP_FH__L2A_20251124T050104_20251206T050132_T_G01_M01_C___T004_F004,2025-11-24,28,3,11.432659149169922,3.4252514839172363,25.08268165588379,1.0,8649,0.775600016117096,15.518927404902302,13.612284,33.200733,35.631557,38.649376,42.195297,26.929287,1.0,33.756408726690765,34.0,35.0,37.0,38.0,38.0,0
Mbalmayo,BIO_FP_FH__L2A_20251124T050104_20251206T050132_T_G01_M01_C___T004_F004,2025-11-24,28,6,11.435159683227539,3.4252514839172363,28.95195770263672,1.0,8649,0.37380000948905945,24.530056310700658,24.746803,33.78666,37.563473,40.46629,41.439323,31.481598,1.0,33.00707496120855,33.0,35.0,35.0,36.0,36.0,0
Mbalmayo,BIO_FP_FH__L2A_20251124T050104_20251206T050132_T_G01_M01_C___T004_F004,2025-11-24,28,7,11.435993194580078,3.4252514839172363,30.478357315063477,1.0,8649,0.6092000007629395,23.480526108509654,24.611456,30.108597,31.614182,36.5783,38.813484,29.203375,1.0,31.09040314961836,31.0,34.0,34.66189956665039,35.0,35.0,0
Mbalmayo,BIO_FP_FH__L2A_20251124T050104_20251206T050132_T_G01_M01_C___T004_F004,2025-11-24,28,8,11.436826705932617,3.4252514839172363,30.521757125854492,1.0,8649,0.48080000281333923,23.67610914195283,25.576643,34.20646,35.76552,38.178165,40.870358,33.35776,1.0,33.76425680009902,34.0,36.0,36.0,36.0,36.0,0
Mbalmayo,BIO_FP_FH__L2A_20251124T050104_20251206T050132_T_G01_M01_C___T004_F004,2025-11-24,28,9,11.437660217285156,3.4252514839172363,29.930957794189453,1.0,8649,0.35740000009536743,26.27369041941265,28.027044,33.93904,35.030357,37.466824,41.185604,32.815628,1.0,35.90513340692766,36.0,38.0,39.0,39.0,39.0,0
Mbalmayo,BIO_FP_FH__L2A_20251124T050104_20251206T050132_T_G01_M01_C___T004_F004,2025-11-24,28,10,11.438493728637695,3.4252514839172363,29.03055763244629,1.0,8649,0.25,26.97986987296219,29.351976,36.404926,37.973763,39.583466,41.032097,35.47552,1.0,38.254489323985084,38.0,40.0,40.0,40.0,40.0,0
Mbalmayo,BIO_FP_FH__L2A_20251124T050104_20251206T050132_T_G01_M01_C___T004_F004,2025-11-24,28,11,11.439327239990234,3.4252514839172363,27.514556884765625,1.0,8649,0.14259999990463257,26.271248843796972,27.231352,34.96293,36.060513,37.81722,39.7628,33.794033,1.0,39.274576615620134,39.12602233886719,40.72205352783203,41.0,41.0,41.0,0
Mbalmayo,BIO_FP_FH__L2A_20251124T050104_20251206T050132_T_G01_M01_C___T004_F004,2025-11-24,28,12,11.440160751342773,3.4252514839172363,25.845956802368164,1.0,8649,0.03519999980926514,23.904341361718117,26.28352,33.717407,34.844036,36.59257,39.467228,32.450996,1.0,39.0792089901793,39.0,40.0,41.0,41.0,41.0,0
Mbalmayo,BIO_FP_FH__L2A_20251124T050104_20251206T050132_T_G01_M01_C___T004_F004,2025-11-24,28,13,11.440994262695312,3.4252514839172363,24.35435676574707,1.0,8649,0.0,19.915633310209273,19.617804,34.48597,36.472034,39.072247,40.581432,30.532127,1.0,39.76101294058929,40.0,41.0,41.0,42.0,42.0,0
Mbalmayo,BIO_FP_FH__L2A_20251124T050104_20251206T050132_T_G01_M01_C___T004_F004,2025-11-24,28,14,11.441827774047852,3.4252514839172363,22.81088638305664,1.0,8649,0.0,17.018835721615215,15.847371,29.942013,32.010014,34.28488,36.670864,25.19563,1.0,37.694109387088474,38.0,40.0,41.0,42.0,42.0,0
Mbalmayo,BIO_FP_FH__L2A_20251124T050104_20251206T050132_T_G01_M01_C___T004_F004,2025-11-24,28,15,11.44266128540039,3.4252514839172363,21.268287658691406,1.0,8649,0.0,17.601532239998843,18.029154,27.585184,29.597353,32.88834,35.031994,25.645634,1.0,34.34959318028914,34.0,35.0,36.0,36.0,36.0,0
Mbalmayo,BIO_FP_FH__L2A_20251124T050104_20251206T050132_T_G01_M01_C___T004_F004,2025-11-24,28,16,11.44349479675293,3.4252514839172363,20.08368682861328,1.0,8649,0.0,19.44280679124754,19.046124,28.01327,32.183582,36.09189,38.038033,26.001877,1.0,34.38662234057249,35.0,36.0,36.0,36.0,36.0,0
Mbalmayo,BIO_FP_FH__L2A_20251124T050104_20251206T050132_T_G01_M01_C___T004_F004,2025-11-24,28,17,11.444328308105469,3.4252514839172363,19.958486557006836,0.9973177839833363,8632,0.0,17.224146204936854,18.302292,26.298965,28.328821,33.34868,36.00367,24.217985,0.9972768223675734,32.80867453627181,33.0,34.0,35.0,35.0,35.0,0
Mbalmayo,BIO_FP_FH__L2A_20251124T050104_20251206T050132_T_G01_M01_C___T004_F004,2025-11-24,28,37,11.46099853515625,3.4252514839172363,20.685068130493164,1.0,8649,0.0,20.930077718522373,22.640434,30.785755,34.945766,40.09748,42.019764,28.310274,1.0,35.25929991525506,35.0,36.0,36.0,36.0,36.0,0
Mbalmayo,BIO_FP_FH__L2A_20251124T050104_20251206T050132_T_G01_M01_C___T004_F004,2025-11-24,28,46,11.468500137329102,3.4252514839172363,25.381723403930664,1.0,8649,0.12939999997615814,15.185940932477743,13.457018,29.643686,33.69046,37.49174,38.884373,25.814896,1.0,34.20077817169059,34.0,35.0,35.0,35.0,35.0,0
Mbalmayo,BIO_FP_FH__L2A_20251124T050104_20251206T050132_T_G01_M01_C___T004_F004,2025-11-24,28,47,11.46933364868164,3.4252514839172363,25.903324127197266,1.0,8649,0.34619998931884766,15.223755546161406,13.555922,29.87664,31.53172,35.09054,37.552708,28.254921,1.0,36.569157848607354,36.7286376953125,38.0,39.0,39.0,39.0,0
Mbalmayo,BIO_FP_FH__L2A_20251124T050104_20251206T050132_T_G01_M01_C___T004_F004,2025-11-24,28,48,11.47016716003418,3.4252514839172363,26.259523391723633,1.0,8649,0.2280000001192093,18.75013933149786,17.34118,29.9601,33.2261,36.829384,39.002712,27.869198,1.0,37.123731823763634,37.0,39.0,39.0,39.0,39.0,0
Mbalmayo,BIO_FP_FH__L2A_20251124T050104_20251206T050132_T_G01_M01_C___T004_F004,2025-11-24,29,6,11.435159683227539,3.4244179725646973,27.680557250976562,1.0,8649,0.1923999935388565,23.606893228263385,23.804884,32.572914,38.465244,42.1898,44.12397,31.524384,1.0,30.327418213649242,30.0,32.0,32.80814743041992,33.0,33.0,0
Mbalmayo,BIO_FP_FH__L2A_20251124T050104_20251206T050132_T_G01_M01_C___T004_F004,2025-11-24,29,7,11.435993194580078,3.4244179725646973,28.06235694885254,1.0,8649,0.07800000160932541,24.35568869956064,25.955118,31.664665,33.10125,36.986786,42.300045,31.020237,1.0,30.895427051975982,31.0,32.0,32.36388397216797,33.0,33.0,0
Mbalmayo,BIO_FP_FH__L2A_20251124T050104_20251206T050132_T_G01_M01_C___T004_F004,2025-11-24,29,8,11.436826705932617,3.4244179725646973,28.369157791137695,0.9185875839602121,8027,0.0,19.54648091462144,19.449406,31.08609,33.675182,36.389156,38.508114,29.833803,1.0,32.991410316408185,33.0,34.0,34.0,35.0,35.0,0
Mbalmayo,BIO_FP_FH__L2A_20251124T050104_20251206T050132_T_G01_M01_C___T004_F004,2025-11-24,29,9,11.437660217285156,3.4244179725646973,28.20355796813965,0.9168437667107469,8001,0.0,22.51975256697996,22.284092,34.088913,35.39766,37.42351,40.332115,32.411392,1.0,35.17050474301172,35.0,37.0,37.0,37.0,37.0,0
Mbalmayo,BIO_FP_FH__L2A_20251124T050104_20251206T050132_T_G01_M01_C___T004_F004,2025-11-24,29,10,11.438493728637695,3.4244179725646973,27.820756912231445,1.0,8649,0.0,21.860520815267662,22.242237,34.518394,36.632492,38.887547,40.408333,31.947935,1.0,37.68881882010257,38.0,39.0,39.0,40.0,40.0,0
Mbalmayo,BIO_FP_FH__L2A_20251124T050104_20251206T050132_T_G01_M01_C___T004_F004,2025-11-24,29,11,11.439327239990234,3.4244179725646973,26.815156936645508,1.0,8649,0.0,25.97955643354723,26.81181,33.73014,35.21083,37.029385,38.984116,32.35272,1.0,37.69195146766863,38.0,39.0,39.0,40.0,40.0,0
Mbalmayo,BIO_FP_FH__L2A_20251124T050104_20251206T050132_T_G01_M01_C___T004_F004,2025-11-24,29,12,11.440160751342773,3.4244179725646973,25.824357986450195,1.0,8649,0.0,21.708012667649438,21.285072,34.206966,36.11721,38.36025,39.659794,30.922321,1.0,37.221558466221175,37.0,39.0,39.0,40.0,40.0,0
Mbalmayo,BIO_FP_FH__L2A_20251124T050104_20251206T050132_T_G01_M01_C___T004_F004,2025-11-24,29,13,11.440994262695312,3.4244179725646973,24.963157653808594,1.0,8649,0.0,16.096248482483524,16.327774,27.019415,29.11264,33.6401,36.441032,25.848436,1.0,38.2943266754909,39.0,41.0,41.0,41.0,41.0,0
Mbalmayo,BIO_FP_FH__L2A_20251124T050104_20251206T050132_T_G01_M01_C___T004_F004,2025-11-24,29,14,11.441827774047852,3.4244179725646973,24.205886840820312,1.0,8649,0.0,20.99443215978726,20.748432,33.70501,35.323235,37.108837,39.97588,30.327358,1.0,36.65576921626865,36.0,40.0,41.0,41.0,41.0,0
Mbalmayo,BIO_FP_FH__L2A_20251124T050104_20251206T050132_T_G01_M01_C___T004_F004,2025-11-24,29,15,11.44266128540039,3.4244179725646973,22.992286682128906,1.0,8649,0.0,18.933765373887155,18.509598,29.003574,32.269043,40.418392,43.851925,27.340065,1.0,33.833647231667534,34.0,35.0,35.0,36.0,36.0,0
Mbalmayo,BIO_FP_FH__L2A_20251124T050104_20251206T050132_T_G01_M01_C___T004_F004,2025-11-24,29,16,11.44349479675293,3.4244179725646973,21.75588607788086,0.999999943544774,8649,0.0,19.276384647768204,19.317558,31.801826,34.425774,36.42302,37.674416,29.25978,1.0,30.471051851357046,30.0,32.178184509277344,33.0,35.0,35.0,0
Mbalmayo,BIO_FP_FH__L2A_20251124T050104_20251206T050132_T_G01_M01_C___T004_F004,2025-11-24,29,17,11.444328308105469,3.4244179725646973,20.571287155151367,1.0000000141138066,8649,0.0,16.672236529779727,17.712906,28.7579,31.482166,35.286972,37.91728,24.62809,1.0,30.168377813541458,30.0,32.0,32.0,32.0,32.0,0
Mbalmayo,BIO_FP_FH__L2A_20251124T050104_20251206T050132_T_G01_M01_C___T004_F004,2025-11-24,29,18,11.445161819458008,3.4244179725646973,19.508087158203125,0.958262482024656,8311,0.12200000137090683,15.246971031732402,15.80414,23.41227,25.012451,29.441282,31.274784,22.262482,0.9710965292072355,31.652679205251218,31.787879943847656,33.0,33.0,34.0,34.0,0
Mbalmayo,BIO_FP_FH__L2A_20251124T050104_20251206T050132_T_G01_M01_C___T004_F004,2025-11-24,29,24,11.450162887573242,3.4244179725646973,14.209088325500488,0.9610866829348046,8341,1.3206000328063965,17.072938830699204,16.222061,27.853065,32.014637,36.623554,40.390015,24.671122,1.0,31.64942799569389,32.0,34.0,34.0,35.0,37.0,0
Mbalmayo,BIO_FP_FH__L2A_20251124T050104_20251206T050132_T_G01_M01_C___T004_F004,2025-11-24,29,46,11.468500137329102,3.4244179725646973,24.068323135375977,1.0,8649,0.0,19.564655234709214,18.7589,32.000366,38.68344,42.96319,44.472744,28.148777,1.0,34.97835975476725,35.0,36.0,36.0,36.0,37.0,0
Mbalmayo,BIO_FP_FH__L2A_20251124T050104_20251206T050132_T_G01_M01_C___T004_F004,2025-11-24,29,47,11.46933364868164,3.4244179725646973,24.779523849487305,1.0,8649,0.0,14.628900378656493,13.124682,29.438437,34.297546,38.98065,41.96764,23.882074,1.0,36.28115924072618,36.0,37.0,38.0,39.0,40.0,0
Mbalmayo,BIO_FP_FH__L2A_20251124T050104_20251206T050132_T_G01_M01_C___T004_F004,2025-11-24,30,6,11.435159683227539,3.423584461212158,25.229957580566406,1.0,8649,0.0,23.56109810382703,24.978182,30.82833,32.14527,35.15758,39.98064,30.333775,1.0,31.53117798386123,32.0,32.0,32.0,33.0,33.0,0
Mbalmayo,BIO_FP_FH__L2A_20251124T050104_20251206T050132_T_G01_M01_C___T004_F004,2025-11-24,30,7,11.435993194580078,3.423584461212158,25.600156784057617,1.0,8649,0.0,22.42043155278067,23.613808,30.8848,32.300728,33.92117,37.169876,29.884413,1.0,32.02048685129205,32.0,33.0,33.0,33.0,33.0,0
Mbalmayo,BIO_FP_FH__L2A_20251124T050104_20251206T050132_T_G01_M01_C___T004_F004,2025-11-24,30,8,11.436826705932617,3.423584461212158,28.684356689453125,0.9298229925424905,8137,0.0,20.648826819224368,21.504059,30.400255,31.65274,33.76536,38.105812,29.335651,1.0,33.0227910144465,33.0,34.0,34.0,35.0,35.0,0
Mbalmayo,BIO_FP_FH__L2A_20251124T050104_20251206T050132_T_G01_M01_C___T004_F004,2025-11-24,30,9,11.437660217285156,3.423584461212158,28.643157958984375,1.0,8649,0.0,22.918642599577986,23.175097,31.11609,32.642902,34.611202,37.574463,28.899794,1.0,34.847465091281464,35.0,36.0,36.0,37.0,37.0,0
Mbalmayo,BIO_FP_FH__L2A_20251124T050104_20251206T050132_T_G01_M01_C___T004_F004,2025-11-24,30,10,11.438493728637695,3.423584461212158,27.880956649780273,1.0,8649,0.0,26.02014819271014,26.38205,32.523445,34.30428,36.529537,37.78982,31.525309,1.0,36.185321545432735,37.0,37.0,37.0,38.0,38.0,0
Mbalmayo,BIO_FP_FH__L2A_20251124T050104_20251206T050132_T_G01_M01_C___T004_F004,2025-11-24,30,11,11.439327239990234,3.423584461212158,26.972156524658203,1.0,8649,0.0,26.83246798762863,27.93265,36.204952,37.234135,38.514565,40.394077,35.39217,1.0,35.188636239491004,35.0,36.0,36.0,37.0,37.0,0
Mbalmayo,BIO_FP_FH__L2A_20251124T050104_20251206T050132_T_G01_M01_C___T004_F004,2025-11-24,30,12,11.440160751342773,3.423584461212158,26.062557220458984,1.0,8649,0.0,23.087198483928777,22.606709,36.023922,38.310787,41.92777,47.356247,31.965467,1.0,35.0011087885784,35.0,36.0,36.0,37.0,37.0,0
Mbalmayo,BIO_FP_FH__L2A_20251124T050104_20251206T050132_T_G01_M01_C___T004_F004,2025-11-24,30,13,11.440994262695312,3.423584461212158,25.174556732177734,1.0,8649,0.0,18.085672386258526,18.554632,31.760511,33.968273,37.121925,38.311863,28.973875,1.0,35.491968092497736,36.0,36.0,36.0,37.0,37.0,0
Mbalmayo,BIO_FP_FH__L2A_20251124T050104_20251206T050132_T_G01_M01_C___T004_F004,2025-11-24,30,14,11.441827774047852,3.423584461212158,24.434486389160156,1.0,8649,0.0,19.356456038992945,20.094189,31.7235,33.492794,35.793808,38.00791,29.738436,1.0,35.113957919251895,35.0,37.0,37.0,37.0,37.0,0
Mbalmayo,BIO_FP_FH__L2A_20251124T050104_20251206T050132_T_G01_M01_C___T004_F004,2025-11-24,30,15,11.44266128540039,3.423584461212158,23.661487579345703,1.0,8649,0.0,20.957694711816394,21.565697,29.654226,32.70345,35.392326,37.144558,28.250174,1.0,32.05373354825908,32.0,34.0,35.0,36.0,36.0,0
Mbalmayo,BIO_FP_FH__L2A_20251124T050104_20251206T050132_T_G01_M01_C___T004_F004,2025-11-24,30,16,11.44349479675293,3.423584461212158,22.38568687438965,1.0,8649,0.0,21.916826096224998,22.540092,29.103851,30.60219,32.909748,35.390484,27.312267,1.0,30.89127048700169,31.0,32.0,33.0,33.0,33.0,0
Mbalmayo,BIO_FP_FH__L2A_20251124T050104_20251206T050132_T_G01_M01_C___T004_F004,2025-11-24,30,17,11.444328308105469,3.423584461212158,20.294687271118164,0.999999971772387,8649,0.0,23.31727406046293,24.766825,34.489925,38.824886,41.917133,43.609886,32.154427,1.0,32.03776405339765,32.0,33.0,33.0,34.0,34.0,0
Mbalmayo,BIO_FP_FH__L2A_20251124T050104_20251206T050132_T_G01_M01_C___T004_F004,2025-11-24,30,18,11.445161819458008,3.423584461212158,16.218687057495117,1.0,8649,0.0,14.526592218030986,13.972131,26.857956,29.408915,35.645245,38.30804,24.80307,1.0,32.980545525799485,33.0,35.0,35.0,35.0,35.0,0
Mbalmayo,BIO_FP_FH__L2A_20251124T050104_20251206T050132_T_G01_M01_C___T004_F004,2025-11-24,30,21,11.447662353515625,3.423584461212158,17.95248794555664,1.0,8649,1.6203999519348145,18.35750068649555,17.586884,32.276485,35.02263,39.21129,41.916214,29.3254,1.0,35.05829778568278,35.0,36.0,36.0,36.0,36.0,0
Mbalmayo,BIO_FP_FH__L2A_20251124T050104_20251206T050132_T_G01_M01_C___T004_F004,2025-11-24,30,22,11.448495864868164,3.423584461212158,17.527088165283203,1.0,8649,0.0,25.64136885405827,27.414299,35.194973,36.371006,38.826675,41.84429,33.48008,1.0,33.7159820176891,34.0,36.0,36.0,36.0,36.0,0
Mbalmayo,BIO_FP_FH__L2A_20251124T050104_20251206T050132_T_G01_M01_C___T004_F004,2025-11-24,30,24,11.450162887573242,3.423584461212158,18.35508918762207,0.94841451707748,8283,0.0,25.391690023885065,26.685362,35.46466,37.172825,39.18029,40.61624,34.699024,1.0,33.325710983576286,33.913700103759766,34.0,35.0,36.0,37.0,0
Mbalmayo,BIO_FP_FH__L2A_20251124T050104_20251206T050132_T_G01_M01_C___T004_F004,2025-11-24,30,46,11.468500137329102,3.423584461212158,23.325923919677734,1.0,8649,1.8472000360488892,21.91039833000925,23.515852,33.10447,34.948776,42.216125,45.837185,28.969551,1.0,36.171043787213165,36.0,37.39718246459961,38.0,39.0,39.0,0
Mbalmayo,BIO_FP_FH__L2A_20251124T050104_20251206T050132_T_G01_M01_C___T004_F004,2025-11-24,31,11,11.439327239990234,3.422750949859619,26.336023330688477,0.9460984132016708,8214,0.0,17.854764883370326,19.210104,29.265171,31.970507,37.793648,39.63528,27.838057,0.9104247342772306,32.904503950465916,33.0,34.0,34.3903923034668,35.0,35.0,0
Mbalmayo,BIO_FP_FH__L2A_20251124T050104_20251206T050132_T_G01_M01_C___T004_F004,2025-11-24,31,12,11.440160751342773,3.422750949859619,25.154022216796875,1.0,8649,0.0,12.583310751242918,12.510163,22.668648,25.12283,28.18737,29.548904,21.188765,1.0,33.63612538484469,34.0,35.0,35.0,35.0,35.0,0
Mbalmayo,BIO_FP_FH__L2A_20251124T050104_20251206T050132_T_G01_M01_C___T004_F004,2025-11-24,31,13,11.440994262695312,3.422750949859619,25.23562240600586,1.0,8649,0.0,16.156536792548273,16.757236,27.667126,30.67833,33.017258,36.518986,24.981485,1.0,34.371885885626114,34.0,35.44086685180664,36.0,36.0,36.0,0
Mbalmayo,BIO_FP_FH__L2A_20251124T050104_20251206T050132_T_G01_M01_C___T004_F004,2025-11-24,31,14,11.441827774047852,3.422750949859619,24.71672248840332,1.0,8649,0.0,15.810926931581685,15.02617,28.672022,30.872429,33.937977,35.634846,27.224827,1.0,34.645793382439784,35.0,35.0,36.0,36.0,36.0,0
Mbalmayo,BIO_FP_FH__L2A_20251124T050104_20251206T050132_T_G01_M01_C___T004_F004,2025-11-24,31,15,11.44266128540039,3.422750949859619,23.8397216796875,1.0,8649,0.0,14.743544231992137,13.863697,25.671694,27.901894,30.53718,32.606495,23.74391,1.0,32.813939380899356,33.0,34.0129280090332,35.0,36.0,36.0,0
Mbalmayo,BIO_FP_FH__L2A_20251124T050104_20251206T050132_T_G01_M01_C___T004_F004,2025-11-24,31,16,11.44349479675293,3.422750949859619,22.495323181152344,1.0,8649,0.0,16.143067930541104,16.232058,30.34265,33.27598,39.6899,40.549828,27.096256,1.0,32.05461079300532,32.0,33.6624641418457,34.0,34.0,34.0,0
Mbalmayo,BIO_FP_FH__L2A_20251124T050104_20251206T050132_T_G01_M01_C___T004_F004,2025-11-24,31,17,11.444328308105469,3.422750949859619,18.41952133178711,1.0,8649,0.0,23.770317558388253,24.644932,33.662266,36.045788,38.643295,39.567905,31.190584,1.0,34.22377014160156,34.0,35.0,36.0,36.0,36.0,0
Mbalmayo,BIO_FP_FH__L2A_20251124T050104_20251206T050132_T_G01_M01_C___T004_F004,2025-11-24,31,21,11.447662353515625,3.422750949859619,24.09252166748047,1.0,8649,0.0,20.995191821308822,21.3098,33.894947,35.968246,38.662743,41.917015,31.750942,1.0,35.32413984941105,35.0,36.0,37.0,38.0,38.0,0
Mbalmayo,BIO_FP_FH__L2A_20251124T050104_20251206T050132_T_G01_M01_C___T004_F004,2025-11-24,31,22,11.448495864868164,3.422750949859619,23.989845275878906,1.0,8649,0.0,26.528497243178403,28.678719,35.667957,36.734756,38.883236,40.455505,34.638355,1.0,35.46237097537398,36.0,37.0,38.0,38.0,38.0,0
Mbalmayo,BIO_FP_FH__L2A_20251124T050104_20251206T050132_T_G01_M01_C___T004_F004,2025-11-24,31,25,11.450996398925781,3.422750949859619,22.856645584106445,1.0,8649,0.5663999915122986,15.259313757370794,14.665195,25.769276,27.877943,32.327106,38.82693,24.347416,1.0,33.075546855443555,33.0,34.0,34.0,35.0,35.0,0
Mbalmayo,BIO_FP_FH__L2A_20251124T050104_20251206T050132_T_G01_M01_C___T004_F004,2025-11-24,31,30,11.455163955688477,3.422750949859619,23.61326026916504,1.0,8649,0.0,21.177800540524917,21.770338,29.139267,30.930027,34.944588,37.642048,26.654114,1.0,29.96326401302864,30.0,32.0,33.0,33.0,33.0,0
Mbalmayo,BIO_FP_FH__L2A_20251124T050104_20251206T050132_T_G01_M01_C___T004_F004,2025-11-24,31,31,11.455997467041016,3.422750949859619,23.02865982055664,1.0,8649,0.0,17.248349249190657,16.883835,29.625898,31.910896,35.83878,39.510647,26.998251,1.0,33.43086233413596,34.0,35.0,35.0,36.0,37.0,0
Mbalmayo,BIO_FP_FH__L2A_20251124T050104_20251206T050132_T_G01_M01_C___T004_F004,2025-11-24,31,37,11.46099853515625,3.422750949859619,19.345458984375,1.0,8649,1.4575999975204468,18.61578876531969,19.253584,33.50905,36.125793,41.16585,45.870564,30.940329,1.0,37.00733721006784,37.0,39.0,39.0,39.0,39.0,0
Mbalmayo,BIO_FP_FH__L2A_20251124T050104_20251206T050132_T_G01_M01_C___T004_F004,2025-11-24,31,46,11.468500137329102,3.422750949859619,24.57301902770996,1.0,8649,0.0,17.49767585125448,17.306557,30.078285,32.532337,37.076687,39.295593,26.914734,1.0,36.692930639899664,36.39718246459961,38.0,39.0,39.0,39.0,0
Mbalmayo,BIO_FP_FH__L2A_20251124T050104_20251206T050132_T_G01_M01_C___T004_F004,2025-11-24,32,15,11.44266128540039,3.42191743850708,23.764122009277344,0.99371517841658,8609,0.0,15.000753330847228,13.391305,30.772562,32.857105,34.74532,36.922634,27.715216,0.9867444476208559,34.26298144416669,34.0,36.0,36.0,38.0,38.0,0
Mbalmayo,BIO_FP_FH__L2A_20251124T050104_20251206T050132_T_G01_M01_C___T004_F004,2025-11-24,32,16,11.44349479675293,3.42191743850708,22.61892318725586,1.0,8649,0.0,15.776384462799168,16.029802,27.1836,29.08769,31.541506,33.534122,25.86667,1.0,33.24472104426629,33.0,34.0,35.0,35.0,35.0,0
Mbalmayo,BIO_FP_FH__L2A_20251124T050104_20251206T050132_T_G01_M01_C___T004_F004,2025-11-24,32,17,11.444328308105469,3.42191743850708,19.12192153930664,0.9284890120064458,8078,0.0,13.075296961955416,12.282976,26.503513,31.229773,37.021046,38.746155,23.56333,0.9298562702971265,32.86090607376431,33.0,34.0,35.0,35.0,35.0,0
Mbalmayo,BIO_FP_FH__L2A_20251124T050104_20251206T050132_T_G01_M01_C___T004_F004,2025-11-24,32,20,11.446828842163086,3.42191743850708,25.173721313476562,1.0,8649,0.0,23.478531206642387,24.228554,33.766598,37.223347,41.794823,44.125683,32.456306,1.0,36.77659050188033,37.0,38.0,38.0,39.0,39.0,0
Mbalmayo,BIO_FP_FH__L2A_20251124T050104_20251206T050132_T_G01_M01_C___T004_F004,2025-11-24,32,21,11.447662353515625,3.42191743850708,27.68612289428711,1.0,8649,0.0,16.141718876459706,13.41369,31.508888,37.65005,41.532238,43.726456,26.004011,1.0,35.12369139255961,35.0,36.0,37.0,38.0,38.0,0
Mbalmayo,BIO_FP_FH__L2A_20251124T050104_20251206T050132_T_G01_M01_C___T004_F004,2025-11-24,32,22,11.448495864868164,3.42191743850708,29.028644561767578,1.0,8649,0.0,16.787141215747486,15.603931,30.77575,33.28475,37.720695,40.48386,26.732813,1.0,34.997333997659624,35.0,36.0,36.0,37.0,37.0,0
Mbalmayo,BIO_FP_FH__L2A_20251124T050104_20251206T050132_T_G01_M01_C___T004_F004,2025-11-24,32,31,11.455997467041016,3.42191743850708,24.08485984802246,1.0,8649,0.0,21.44420913906232,23.329515,32.563805,33.8336,35.751846,38.56092,31.864048,1.0,34.431470232542466,35.0,36.0,37.0,37.0,37.0,0
Mbalmayo,BIO_FP_FH__L2A_20251124T050104_20251206T050132_T_G01_M01_C___T004_F004,2025-11-24,32,32,11.456830978393555,3.42191743850708,23.729259490966797,1.0,8649,0.0,23.097688768210197,25.560946,33.546303,36.176445,39.424892,41.847218,31.537718,1.0,36.719346463135835,37.0,38.0,38.0,38.0,39.0,0
Mbalmayo,BIO_FP_FH__L2A_20251124T050104_20251206T050132_T_G01_M01_C___T004_F004,2025-11-24,32,44,11.466833114624023,3.42191743850708,27.053096771240234,1.0,8649,0.0,19.274911658862298,17.934689,35.3622,37.483376,40.059406,41.98031,32.73477,1.0,38.184640036909435,38.0,39.0,39.0,39.0,39.0,0
Mbalmayo,BIO_FP_FH__L2A_20251124T050104_20251206T050132_T_G01_M01_C___T004_F004,2025-11-24,32,45,11.467666625976562,3.42191743850708,27.881296157836914,1.0,8649,0.0,24.689350376488612,23.716267,40.797306,44.911804,49.372364,51.404907,36.932716,1.0,36.712667125375965,37.0,38.0,38.0,39.0,39.0,0
Mbalmayo,BIO_FP_FH__L2A_20251124T050104_20251206T050132_T_G01_M01_C___T004_F004,2025-11-24,32,46,11.468500137329102,3.42191743850708,27.369218826293945,1.0,8649,0.0,20.152456660452074,21.02652,33.33264,35.294765,38.134056,41.03877,30.473656,1.0,36.193052752553584,36.0,37.0,37.0,38.0,38.0,0
Mbalmayo,BIO_FP_FH__L2A_20251124T050104_20251206T050132_T_G01_M01_C___T004_F004,2025-11-24,33,7,11.435993194580078,3.421083927154541,23.058822631835938,1.0,8649,0.0,11.530085667418199,11.736747,21.861683,23.526672,25.673828,27.975748,18.938934,1.0,23.678036666492574,24.0,26.0,26.238628387451172,27.0,27.0,0
Mbalmayo,BIO_FP_FH__L2A_20251124T050104_20251206T050132_T_G01_M01_C___T004_F004,2025-11-24,33,8,11.436826705932617,3.421083927154541,22.131622314453125,1.0,8649,0.0,3.5165047982425715,1.2643269,11.467466,15.912993,22.402191,27.219183,5.5950165,1.0,23.24384741287505,22.0,27.0,28.0,29.0,29.0,0
Mbalmayo,BIO_FP_FH__L2A_20251124T050104_20251206T050132_T_G01_M01_C___T004_F004,2025-11-24,33,9,11.437660217285156,3.421083927154541,22.256221771240234,1.0,8649,0.0,17.66177041782287,17.51924,27.684784,29.813272,33.226185,34.860962,25.578182,1.0,31.69113194155464,32.0,34.0,34.0,34.0,34.0,0
Mbalmayo,BIO_FP_FH__L2A_20251124T050104_20251206T050132_T_G01_M01_C___T004_F004,2025-11-24,33,10,11.438493728637695,3.421083927154541,22.46822166442871,1.0,8649,0.0,23.807167465169385,24.272945,31.071825,32.50282,34.105236,35.679363,30.52469,1.0,32.41400540193418,32.628456115722656,33.0,34.0,34.0,34.0,0
Mbalmayo,BIO_FP_FH__L2A_20251124T050104_20251206T050132_T_G01_M01_C___T004_F004,2025-11-24,33,11,11.439327239990234,3.421083927154541,23.47622299194336,0.9998545148825009,8649,0.0,19.616614367404786,20.94846,28.264227,30.044827,33.355537,36.93434,27.13639,1.0,32.52448212655242,32.79436492919922,33.05938720703125,34.0,34.0,34.0,0
Mbalmayo,BIO_FP_FH__L2A_20251124T050104_20251206T050132_T_G01_M01_C___T004_F004,2025-11-24,33,19,11.445995330810547,3.421083927154541,24.522722244262695,1.0,8649,0.0,27.75168010752688,29.455107,34.998432,36.298042,38.075474,39.99063,34.230396,1.0,37.75782146579559,38.0,39.0,39.0,40.0,40.0,0
Mbalmayo,BIO_FP_FH__L2A_20251124T050104_20251206T050132_T_G01_M01_C___T004_F004,2025-11-24,33,20,11.446828842163086,3.421083927154541,26.95492172241211,1.0,8649,0.0,26.08060270696034,27.662373,37.1535,38.63971,40.662693,42.598167,36.358368,1.0,37.608969453442704,38.0,38.086387634277344,39.0,39.0,39.0,0
Mbalmayo,BIO_FP_FH__L2A_20251124T050104_20251206T050132_T_G01_M01_C___T004_F004,2025-11-24,33,21,11.447662353515625,3.421083927154541,28.52412223815918,1.0,8649,0.0,20.949482508816047,20.507874,34.92471,38.828434,43.864212,47.34064,31.726646,1.0,34.38613629878663,34.0,36.0,37.0,37.01839630126955,38.0,0
Mbalmayo,BIO_FP_FH__L2A_20251124T050104_20251206T050132_T_G01_M01_C___T004_F004,2025-11-24,33,29,11.454330444335938,3.421083927154541,19.948444366455078,1.0,8649,0.0,16.7359200666262,16.997946,26.013475,28.721685,31.859772,35.12028,24.45473,1.0,32.12622647920031,32.0,33.0,33.0,33.0,33.0,0
Mbalmayo,BIO_FP_FH__L2A_20251124T050104_20251206T050132_T_G01_M01_C___T004_F004,2025-11-24,33,30,11.455163955688477,3.421083927154541,23.105459213256836,1.0,8649,0.0,18.533775129350214,18.10518,29.069998,33.343716,37.23292,38.900158,24.40144,1.0,33.50032192269479,33.0,34.0,35.0,35.80180740356445,36.0,0
Mbalmayo,BIO_FP_FH__L2A_20251124T050104_20251206T050132_T_G01_M01_C___T004_F004,2025-11-24,33,31,11.455997467041016,3.421083927154541,25.719459533691406,1.0,8649,0.0,23.19531746805989,25.050182,36.35465,39.300823,44.950733,49.605885,32.63426,1.0,36.12015542091972,36.0,37.0,37.0,37.0,37.0,0
Mbalmayo,BIO_FP_FH__L2A_20251124T050104_20251206T050132_T_G01_M01_C___T004_F004,2025-11-24,33,32,11.456830978393555,3.421083927154541,26.416059494018555,1.0,8649,0.0,22.22404956497861,23.82619,32.965714,35.811626,39.544823,42.062717,31.44794,1.0,36.416312783698096,36.0,37.43068313598633,38.0,38.94062805175781,39.0,0
Mbalmayo,BIO_FP_FH__L2A_20251124T050104_20251206T050132_T_G01_M01_C___T004_F004,2025-11-24,33,45,11.467666625976562,3.421083927154541,28.106096267700195,1.0,8649,0.0,17.842889622355184,16.866323,32.575783,36.240803,40.114513,42.40413,26.386196,1.0,37.541119772983514,38.0,39.0,40.0,40.0,40.0,0
Mbalmayo,BIO_FP_FH__L2A_20251124T050104_20251206T050132_T_G01_M01_C___T004_F004,2025-11-24,33,46,11.468500137329102,3.421083927154541,28.770418167114258,1.0,8649,0.0,15.286756416926812,13.6849575,28.970488,32.65177,38.796967,41.863823,24.468157,1.0,36.16170810801347,36.0,38.0,38.0,38.0,38.0,0
Mbalmayo,BIO_FP_FH__L2A_20251124T050104_20251206T050132_T_G01_M01_C___T004_F004,2025-11-24,34,7,11.435993194580078,3.420250415802002,22.6566219329834,1.0,8649,0.0,12.047838803618916,12.010534,22.182102,24.705387,32.514263,35.419086,17.88933,1.0,23.493509376403264,24.0,25.0,26.0,26.0,26.0,0
Mbalmayo,BIO_FP_FH__L2A_20251124T050104_20251206T050132_T_G01_M01_C___T004_F004,2025-11-24,34,8,11.436826705932617,3.420250415802002,23.954221725463867,1.0,8649,0.0,12.451071384697652,10.758629,27.038538,29.895535,34.754932,37.738266,23.772953,1.0,26.183540398047167,26.0,31.0,31.0,32.0,32.0,0
Mbalmayo,BIO_FP_FH__L2A_20251124T050104_20251206T050132_T_G01_M01_C___T004_F004,2025-11-24,34,9,11.437660217285156,3.420250415802002,24.09682273864746,1.0,8649,0.0,20.783503240981616,20.305256,34.277695,36.370705,38.631638,41.90082,31.934528,1.0,31.400888795838327,31.0,33.079246520996094,34.0,34.0,34.0,0
Mbalmayo,BIO_FP_FH__L2A_20251124T050104_20251206T050132_T_G01_M01_C___T004_F004,2025-11-24,34,10,11.438493728637695,3.420250415802002,23.367422103881836,1.0,8649,0.0,24.376559970805875,27.058094,34.369072,35.289757,37.17132,38.906326,33.444977,1.0,31.125733288991988,31.0,32.83727340698242,33.0,34.0,34.0,0
Mbalmayo,BIO_FP_FH__L2A_20251124T050104_20251206T050132_T_G01_M01_C___T004_F004,2025-11-24,34,11,11.439327239990234,3.420250415802002,22.50562286376953,1.0,8649,0.0,21.17370956902532,22.535213,30.354687,33.128586,36.10561,38.243015,28.471611,1.0,31.78997591468334,32.0,33.0,33.0,34.0,34.0,0
Mbalmayo,BIO_FP_FH__L2A_20251124T050104_20251206T050132_T_G01_M01_C___T004_F004,2025-11-24,34,12,11.440160751342773,3.420250415802002,22.85942268371582,1.0,8649,0.0,15.813030227482946,15.109213,25.705101,28.046318,33.613674,35.31561,22.46866,1.0,30.035242916269926,30.0,32.0,32.0,32.07251739501953,33.0,0
Mbalmayo,BIO_FP_FH__L2A_20251124T050104_20251206T050132_T_G01_M01_C___T004_F004,2025-11-24,34,13,11.440994262695312,3.420250415802002,23.498022079467773,1.0,8649,0.0,20.770630094519596,22.092241,28.295784,30.046415,32.971767,34.36529,27.249176,1.0,29.284387750809753,29.0,31.0,31.0,32.0,32.0,0
Mbalmayo,BIO_FP_FH__L2A_20251124T050104_20251206T050132_T_G01_M01_C___T004_F004,2025-11-24,34,14,11.441827774047852,3.420250415802002,24.282121658325195,0.9998404010759915,8649,0.0,15.331488721974328,14.652787,25.689445,28.03977,30.329329,33.35965,22.770573,1.0,32.58350646431039,32.0,35.0,35.0,36.0,36.0,0
Mbalmayo,BIO_FP_FH__L2A_20251124T050104_20251206T050132_T_G01_M01_C___T004_F004,2025-11-24,34,15,11.44266128540039,3.420250415802002,22.998321533203125,0.9026439788920685,7863,0.0,19.24994636827203,18.434135,31.603798,33.102535,35.08843,38.4023,29.726095,0.9567680042114288,36.09665273575031,36.0,37.0,37.0,37.19898986816406,38.0,0
Mbalmayo,BIO_FP_FH__L2A_20251124T050104_20251206T050132_T_G01_M01_C___T004_F004,2025-11-24,34,16,11.44349479675293,3.420250415802002,22.05992317199707,0.9365813605619147,8164,0.0,17.312928516110613,17.216839,27.719236,30.026031,38.19255,40.00717,26.165342,0.9585919793954074,35.80917516906229,36.0,37.0,37.0,37.0,37.0,0
Mbalmayo,BIO_FP_FH__L2A_20251124T050104_20251206T050132_T_G01_M01_C___T004_F004,2025-11-24,34,17,11.444328308105469,3.420250415802002,23.142723083496094,0.9907581665871777,8592,0.0,18.67385382447883,18.60904,31.299173,34.56747,39.116848,43.67927,29.045847,1.0,34.69286055602922,35.0,36.0,38.0,38.0,38.0,0
Mbalmayo,BIO_FP_FH__L2A_20251124T050104_20251206T050132_T_G01_M01_C___T004_F004,2025-11-24,34,18,11.445161819458008,3.420250415802002,24.619522094726562,1.0,8649,0.0,18.569936282373686,17.49845,32.70791,35.89574,40.05984,42.986717,31.313988,1.0,35.28350773402371,36.0,37.0335578918457,38.0,38.0,39.0,0
Mbalmayo,BIO_FP_FH__L2A_20251124T050104_20251206T050132_T_G01_M01_C___T004_F004,2025-11-24,34,19,11.445995330810547,3.420250415802002,25.62792205810547,1.0,8649,0.0,24.968830843883687,27.437271,36.574093,38.78975,42.5284,44.95102,35.55674,1.0,35.779881369627915,36.0,37.0,37.81479263305664,38.0,38.0,0
Mbalmayo,BIO_FP_FH__L2A_20251124T050104_20251206T050132_T_G01_M01_C___T004_F004,2025-11-24,34,20,11.446828842163086,3.420250415802002,27.12472152709961,1.0,8649,0.0,22.674030234709214,22.627157,32.887405,34.534023,37.991814,39.483295,31.526628,1.0,35.254386750573104,35.0,37.0,37.0,37.0,38.0,0
Mbalmayo,BIO_FP_FH__L2A_20251124T050104_20251206T050132_T_G01_M01_C___T004_F004,2025-11-24,34,26,11.45182991027832,3.420250415802002,17.497644424438477,1.0,8649,0.0,19.23347894265233,20.6313,36.016064,38.60012,41.47158,43.580173,34.48407,1.0,36.86852284384154,37.0,38.0,39.0,39.0,39.0,0
Mbalmayo,BIO_FP_FH__L2A_20251124T050104_20251206T050132_T_G01_M01_C___T004_F004,2025-11-24,34,29,11.454330444335938,3.420250415802002,20.453245162963867,1.0,8649,0.0,10.402838749421898,10.299902,19.401575,21.541637,28.961498,32.90633,17.806957,1.0,31.68800823001286,32.0,33.0,33.0,34.0,34.0,0
Mbalmayo,BIO_FP_FH__L2A_20251124T050104_20251206T050132_T_G01_M01_C___T004_F004,2025-11-24,34,30,11.455163955688477,3.420250415802002,21.74325942993164,1.0,8649,0.0,14.760644745779858,14.074518,24.192192,28.278118,32.12868,34.17521,22.087301,1.0,32.896990110618084,33.0,34.0,35.0,35.0,36.0,0
Mbalmayo,BIO_FP_FH__L2A_20251124T050104_20251206T050132_T_G01_M01_C___T004_F004,2025-11-24,34,31,11.455997467041016,3.420250415802002,24.098859786987305,1.0,8649,0.0,19.57700537995722,17.776638,34.20678,36.877357,40.39753,42.609528,31.013863,1.0,34.748505429486094,35.0,36.0,36.0,37.0,37.0,0
Mbalmayo,BIO_FP_FH__L2A_20251124T050104_20251206T050132_T_G01_M01_C___T004_F004,2025-11-24,34,32,11.456830978393555,3.420250415802002,26.55385971069336,1.0,8649,0.0,18.744207693808534,16.78832,33.95862,36.216236,41.22963,44.705982,31.24272,1.0,34.7588555239738,35.0,36.0,36.0,36.0,36.0,0
Mbalmayo,BIO_FP_FH__L2A_20251124T050104_20251206T050132_T_G01_M01_C___T004_F004,2025-11-24,34,45,11.467666625976562,3.420250415802002,26.038896560668945,1.0,8649,0.0,15.26888540221413,12.31671,32.329376,37.86524,41.600727,44.05679,25.9716,1.0,34.472636513164765,35.0,36.0,37.0,38.0,38.0,0
Mbalmayo,BIO_FP_FH__L2A_20251124T050104_20251206T050132_T_G01_M01_C___T004_F004,2025-11-24,34,46,11.468500137329102,3.420250415802002,27.206819534301758,1.0,8649,0.0,13.59752843536825,11.761283,29.364185,34.710125,39.833973,43.333286,24.139925,1.0,34.905114151726075,35.0,37.0,37.0,38.0,38.0,0
Mbalmayo,BIO_FP_FH__L2A_20251124T050104_20251206T050132_T_G01_M01_C___T004_F004,2025-11-24,34,47,11.46933364868164,3.420250415802002,29.952219009399414,1.0,8649,0.10740000009536743,14.117076847756966,10.350721,34.10308,37.518055,43.846863,46.652653,29.724031,1.0,36.99842046657619,37.0,38.0,38.0,39.0,39.0,0
Mbalmayo,BIO_FP_FH__L2A_20251124T050104_20251206T050132_T_G01_M01_C___T004_F004,2025-11-24,34,48,11.47016716003418,3.420250415802002,32.39181900024414,0.9845010645197422,8541,0.650600016117096,16.901493507197273,14.686451,35.712814,39.166428,42.795235,45.071545,31.732372,1.0,37.59377186581474,37.046512603759766,39.0,40.0,40.0,41.0,0
Mbalmayo,BIO_FP_FH__L2A_20251124T050104_20251206T050132_T_G01_M01_C___T004_F004,2025-11-24,35,8,11.436826705932617,3.419416904449463,23.93842315673828,1.0,8649,0.0,15.482653341426754,14.820584,27.777287,30.540997,43.510517,45.64884,26.88427,1.0,28.23173123837234,28.0,31.0,31.0,31.0,31.0,0
Mbalmayo,BIO_FP_FH__L2A_20251124T050104_20251206T050132_T_G01_M01_C___T004_F004,2025-11-24,35,9,11.437660217285156,3.419416904449463,23.84022331237793,1.0,8649,0.33880001306533813,22.08927964938143,23.59084,31.868681,33.713913,35.428352,37.016685,30.34108,1.0,29.531432654709054,29.09294319152832,31.0,31.0,31.0,31.0,0
Mbalmayo,BIO_FP_FH__L2A_20251124T050104_20251206T050132_T_G01_M01_C___T004_F004,2025-11-24,35,10,11.438493728637695,3.419416904449463,25.10002326965332,1.0,8649,0.0,17.854417779512083,17.630253,30.45594,33.429718,36.075077,38.26607,29.597569,1.0,30.589519820277822,31.0,33.0,33.0,34.0,34.0,0
Mbalmayo,BIO_FP_FH__L2A_20251124T050104_20251206T050132_T_G01_M01_C___T004_F004,2025-11-24,35,11,11.439327239990234,3.419416904449463,24.14322280883789,1.0,8649,0.0,23.913236898774425,24.63842,30.388636,32.013622,34.381126,37.578957,29.161167,1.0,32.36817597367058,32.0,34.0,34.0,34.416988372802734,35.0,0
Mbalmayo,BIO_FP_FH__L2A_20251124T050104_20251206T050132_T_G01_M01_C___T004_F004,2025-11-24,35,12,11.440160751342773,3.419416904449463,23.533823013305664,1.0,8649,0.0,14.791897455630709,13.346239,24.951632,28.1124,35.95668,37.8942,21.987568,1.0,31.44496294092837,32.0,33.0,33.0,33.0,33.0,0
Mbalmayo,BIO_FP_FH__L2A_20251124T050104_20251206T050132_T_G01_M01_C___T004_F004,2025-11-24,35,13,11.440994262695312,3.419416904449463,23.756622314453125,1.0,8649,0.0,22.783548856804256,23.855194,31.648445,35.72285,38.362556,40.294678,28.023123,1.0,31.51264565241021,31.0,33.0,33.0,34.0,34.0,0
Mbalmayo,BIO_FP_FH__L2A_20251124T050104_20251206T050132_T_G01_M01_C___T004_F004,2025-11-24,35,14,11.441827774047852,3.419416904449463,24.540721893310547,1.0,8649,0.0,21.864378287952363,22.215899,30.540216,32.113224,35.67044,39.042137,29.21162,1.0,32.281082333712405,32.0,33.0,34.0,34.0,34.0,0
Mbalmayo,BIO_FP_FH__L2A_20251124T050104_20251206T050132_T_G01_M01_C___T004_F004,2025-11-24,35,15,11.44266128540039,3.419416904449463,23.08112144470215,1.0,8649,0.0,17.31337483018268,17.039867,29.492184,32.493034,36.15353,37.512505,26.885822,1.0,35.27594365686581,35.0,37.0,37.0,37.0,37.0,0
Mbalmayo,BIO_FP_FH__L2A_20251124T050104_20251206T050132_T_G01_M01_C___T004_F004,2025-11-24,35,16,11.44349479675293,3.419416904449463,21.283321380615234,1.0,8649,0.0,16.56901402980113,15.562772,28.421467,31.364748,38.006256,42.906242,24.185497,1.0,35.10250779953647,35.0,36.0,36.0,37.0,37.0,0
Mbalmayo,BIO_FP_FH__L2A_20251124T050104_20251206T050132_T_G01_M01_C___T004_F004,2025-11-24,35,17,11.444328308105469,3.419416904449463,21.619922637939453,1.0,8649,0.0,12.271426339027633,10.306978,22.916891,29.978085,41.0633,44.32616,18.457338,1.0,31.18716914458886,31.0,34.0,35.0,35.0,35.0,0
Mbalmayo,BIO_FP_FH__L2A_20251124T050104_20251206T050132_T_G01_M01_C___T004_F004,2025-11-24,35,18,11.445161819458008,3.419416904449463,23.655323028564453,1.0,8649,0.20160000026226044,13.601240027748872,12.472341,22.726355,27.591408,40.659016,43.49607,19.19471,1.0,30.407178782413343,30.0,33.0,33.0,33.69476318359375,34.0,0
Mbalmayo,BIO_FP_FH__L2A_20251124T050104_20251206T050132_T_G01_M01_C___T004_F004,2025-11-24,35,19,11.445995330810547,3.419416904449463,26.083322525024414,1.0,8649,0.0,15.75784411492658,13.685554,28.112587,31.03604,33.5255,35.12253,24.379168,1.0,31.974247487077328,32.0,33.0,34.0,34.0,34.0,0
Mbalmayo,BIO_FP_FH__L2A_20251124T050104_20251206T050132_T_G01_M01_C___T004_F004,2025-11-24,35,20,11.446828842163086,3.419416904449463,27.067922592163086,1.0,8649,0.0,18.868970130217367,17.10976,31.76579,34.986668,40.626,43.017593,26.471508,1.0,33.02163343686481,33.0,35.0,35.0,36.0,36.0,0
Mbalmayo,BIO_FP_FH__L2A_20251124T050104_20251206T050132_T_G01_M01_C___T004_F004,2025-11-24,35,21,11.447662353515625,3.419416904449463,26.56852149963379,1.0,8649,0.0,17.341365782893977,16.283844,33.972176,35.285946,38.55103,41.8638,29.071478,1.0,34.242185162400794,34.583011627197266,35.0,36.0,36.0,36.0,0
Mbalmayo,BIO_FP_FH__L2A_20251124T050104_20251206T050132_T_G01_M01_C___T004_F004,2025-11-24,35,22,11.448495864868164,3.419416904449463,21.372243881225586,1.0,8649,0.0,20.750889734362353,22.927755,31.41334,32.796715,35.299286,37.78738,29.220503,1.0,31.357366246534284,31.0,33.0,34.0,34.0,35.0,0
Mbalmayo,BIO_FP_FH__L2A_20251124T050104_20251206T050132_T_G01_M01_C___T004_F004,2025-11-24,35,26,11.45182991027832,3.419416904449463,16.218244552612305,1.0,8649,0.3824000060558319,21.906852038530467,23.918022,33.816265,35.649338,38.691166,42.89718,32.524773,1.0,35.941077937058786,36.0,38.0,38.0,38.0,38.0,0
Mbalmayo,BIO_FP_FH__L2A_20251124T050104_20251206T050132_T_G01_M01_C___T004_F004,2025-11-24,35,29,11.454330444335938,3.419416904449463,20.83004379272461,1.0,8649,0.0,11.968025114897676,11.789815,22.582136,28.197144,33.157887,35.318676,20.663876,1.0,33.75062301208799,34.0,36.0,37.0,37.0,37.0,0
Mbalmayo,BIO_FP_FH__L2A_20251124T050104_20251206T050132_T_G01_M01_C___T004_F004,2025-11-24,35,30,11.455163955688477,3.419416904449463,21.537260055541992,1.0,8649,0.0,15.979520753844374,13.254179,30.437197,34.003788,40.8977,44.12089,25.709536,1.0,36.70684362987739,37.0,38.0,39.0,39.0,39.0,0
Mbalmayo,BIO_FP_FH__L2A_20251124T050104_20251206T050132_T_G01_M01_C___T004_F004,2025-11-24,35,31,11.455997467041016,3.419416904449463,22.942459106445312,1.0,8649,0.0,23.06756561452191,21.40916,40.84069,43.130974,45.893906,47.788074,39.01037,1.0,36.874840762301226,37.0,38.416988372802734,39.0,39.0,39.0,0
Mbalmayo,BIO_FP_FH__L2A_20251124T050104_20251206T050132_T_G01_M01_C___T004_F004,2025-11-24,35,45,11.467666625976562,3.419416904449463,23.704896926879883,1.0,8649,0.0,13.708170290640536,14.516771,25.972567,29.908998,34.83143,39.372845,21.28037,1.0,31.118626066929675,31.0,32.0,33.0,33.0,34.0,0
Mbalmayo,BIO_FP_FH__L2A_20251124T050104_20251206T050132_T_G01_M01_C___T004_F004,2025-11-24,35,46,11.468500137329102,3.419416904449463,25.487018585205078,1.0,8649,1.365399956703186,13.944360890709909,14.322938,29.853453,34.800724,39.16006,42.668133,24.279333,1.0,34.13408764713361,35.0,36.0,36.0,36.0,37.0,0
Mbalmayo,BIO_FP_FH__L2A_20251124T050104_20251206T050132_T_G01_M01_C___T004_F004,2025-11-24,35,48,11.47016716003418,3.419416904449463,29.173019409179688,0.9983499548809833,8639,0.47760000824928284,15.232214319847385,12.969774,34.2726,37.586628,41.025066,45.334476,30.504248,1.0,35.91451515579709,35.0,39.0,39.0,39.0,39.0,0
Mbalmayo,BIO_FP_FH__L2A_20251124T050104_20251206T050132_T_G01_M01_C___T004_F004,2025-11-24,36,5,11.434326171875,3.418583393096924,18.6434268951416,1.0,8649,0.0,12.34089652705515,10.329677,25.357752,30.888569,36.913765,38.65174,21.171997,1.0,32.991175827201026,33.0,35.0,36.0,38.10704803466797,39.0,0
Mbalmayo,BIO_FP_FH__L2A_20251124T050104_20251206T050132_T_G01_M01_C___T004_F004,2025-11-24,36,6,11.435159683227539,3.418583393096924,19.61222267150879,1.0,8649,0.0,19.13275649641577,18.466885,35.6869,38.63211,41.46906,43.447205,32.98635,1.0,35.41464903495507,35.0,38.0,39.0,39.0,39.0,0
Mbalmayo,BIO_FP_FH__L2A_20251124T050104_20251206T050132_T_G01_M01_C___T004_F004,2025-11-24,36,7,11.435993194580078,3.418583393096924,18.678422927856445,1.0,8649,0.7649999856948853,13.791179796797318,14.199443,26.002419,27.788162,29.460745,31.219614,23.840033,1.0,31.027306736762956,31.0,33.926918029785156,34.0,35.0,35.0,0
Mbalmayo,BIO_FP_FH__L2A_20251124T050104_20251206T050132_T_G01_M01_C___T004_F004,2025-11-24,36,8,11.436826705932617,3.418583393096924,17.3740234375,1.0,8649,1.589400053024292,8.44018817204301,6.3883934,19.200954,22.413462,28.864061,31.690191,16.507957,1.0,27.642616314975662,28.0,29.0,29.0,30.0,30.0,0
Mbalmayo,BIO_FP_FH__L2A_20251124T050104_20251206T050132_T_G01_M01_C___T004_F004,2025-11-24,36,9,11.437660217285156,3.418583393096924,21.946422576904297,1.0,8649,0.7943999767303467,13.722825615678113,12.897434,25.32775,28.187515,33.390186,36.88703,21.885155,1.0,29.272592571680637,29.330890655517578,32.0,34.0,35.0,35.0,0
Mbalmayo,BIO_FP_FH__L2A_20251124T050104_20251206T050132_T_G01_M01_C___T004_F004,2025-11-24,36,10,11.438493728637695,3.418583393096924,25.663223266601562,1.0,8649,0.0,20.38484127500289,21.999355,29.29288,30.810555,32.97378,36.17513,28.473557,1.0,33.80508986168865,34.0,35.0,35.0,36.0,36.0,0
Mbalmayo,BIO_FP_FH__L2A_20251124T050104_20251206T050132_T_G01_M01_C___T004_F004,2025-11-24,36,11,11.439327239990234,3.418583393096924,25.308622360229492,1.0,8649,0.0,23.254271628222916,24.584236,30.059467,32.18108,35.17545,36.98761,28.390203,1.0,35.03600355561365,35.0,36.0,36.0,36.0,36.0,0
Mbalmayo,BIO_FP_FH__L2A_20251124T050104_20251206T050132_T_G01_M01_C___T004_F004,2025-11-24,36,12,11.440160751342773,3.418583393096924,24.840621948242188,1.0,8649,0.0,19.23420473103827,20.887024,28.640253,30.7573,33.098244,38.83385,26.563013,1.0,32.47720911632674,33.0,33.0,33.0,33.07251739501953,34.0,0
Mbalmayo,BIO_FP_FH__L2A_20251124T050104_20251206T050132_T_G01_M01_C___T004_F004,2025-11-24,36,13,11.440994262695312,3.418583393096924,24.750423431396484,1.0,8649,0.0,16.855125050583883,17.489185,24.403982,25.960657,28.908487,31.347033,23.03831,1.0,32.783932032096125,33.0,34.0,34.0,34.0,34.0,0
Mbalmayo,BIO_FP_FH__L2A_20251124T050104_20251206T050132_T_G01_M01_C___T004_F004,2025-11-24,36,14,11.441827774047852,3.418583393096924,23.77252197265625,1.0,8649,0.0,19.358145630997804,19.79128,28.320364,29.631325,31.976173,34.11329,26.85663,1.0,32.27703429067847,32.0,34.0,35.0,35.0,35.0,0
Mbalmayo,BIO_FP_FH__L2A_20251124T050104_20251206T050132_T_G01_M01_C___T004_F004,2025-11-24,36,15,11.44266128540039,3.418583393096924,22.757122039794922,1.0,8649,0.0,14.570438056422708,13.621182,25.731188,30.464462,34.703712,39.573303,22.421211,1.0,33.95383204260456,34.0,35.0,35.0,36.0,36.0,0
Mbalmayo,BIO_FP_FH__L2A_20251124T050104_20251206T050132_T_G01_M01_C___T004_F004,2025-11-24,36,16,11.44349479675293,3.418583393096924,20.4155216217041,1.0,8649,0.09799999743700027,12.982056722597989,11.098866,23.847837,28.894806,35.225212,40.801346,21.653284,1.0,33.23689596886469,33.0,35.0,35.0,36.0,36.0,0
Mbalmayo,BIO_FP_FH__L2A_20251124T050104_20251206T050132_T_G01_M01_C___T004_F004,2025-11-24,36,17,11.444328308105469,3.418583393096924,16.771121978759766,1.0,8649,1.4522000551223755,10.897280393687131,9.520591,19.293722,23.886068,30.587902,36.434944,16.763596,1.0,29.207143539885646,29.0,32.0,32.0,32.0,32.0,0
Mbalmayo,BIO_FP_FH__L2A_20251124T050104_20251206T050132_T_G01_M01_C___T004_F004,2025-11-24,36,18,11.445161819458008,3.418583393096924,19.11732292175293,1.0,8649,1.3353999853134155,13.919015204069835,11.644107,25.165155,28.498522,33.936825,36.809296,21.988977,1.0,29.898160110775315,30.0,31.0,32.0,32.0,33.0,0
Mbalmayo,BIO_FP_FH__L2A_20251124T050104_20251206T050132_T_G01_M01_C___T004_F004,2025-11-24,36,19,11.445995330810547,3.418583393096924,23.139923095703125,1.0,8649,0.0,15.0878362021621,13.036856,27.275345,30.494276,35.8238,39.961975,23.005598,1.0,31.236376373047552,31.0,32.0,32.36482620239258,33.0,34.0,0
Mbalmayo,BIO_FP_FH__L2A_20251124T050104_20251206T050132_T_G01_M01_C___T004_F004,2025-11-24,36,20,11.446828842163086,3.418583393096924,25.287521362304688,1.0,8649,0.0,11.74955332625159,10.050501,20.538944,27.526964,35.759464,43.767796,17.766504,1.0,31.741991507743794,32.0,33.0,33.88102722167969,34.0,34.0,0
Mbalmayo,BIO_FP_FH__L2A_20251124T050104_20251206T050132_T_G01_M01_C___T004_F004,2025-11-24,36,21,11.447662353515625,3.418583393096924,26.555322647094727,1.0,8649,0.0,19.146116512747138,18.948622,33.469604,34.993233,37.84728,43.875816,29.820812,1.0,32.87240126825148,33.0,35.0,35.0,35.0,35.0,0
Mbalmayo,BIO_FP_FH__L2A_20251124T050104_20251206T050132_T_G01_M01_C___T004_F004,2025-11-24,36,22,11.448495864868164,3.418583393096924,21.358844757080078,1.0,8649,0.0,15.365111754249046,16.037413,26.909843,29.390919,32.428837,33.79577,24.081936,1.0,29.887753071709444,29.065942764282227,33.0,33.88102722167969,34.0,35.0,0
Mbalmayo,BIO_FP_FH__L2A_20251124T050104_20251206T050132_T_G01_M01_C___T004_F004,2025-11-24,36,23,11.449329376220703,3.418583393096924,16.828445434570312,1.0,8649,0.0,17.672017718811425,18.350986,26.755587,28.645971,31.715641,34.44799,23.448696,1.0,28.994193920277077,29.0,30.0,30.0,31.0,31.0,0
Mbalmayo,BIO_FP_FH__L2A_20251124T050104_20251206T050132_T_G01_M01_C___T004_F004,2025-11-24,36,24,11.450162887573242,3.418583393096924,15.203044891357422,1.0,8649,0.0,17.21078078029252,17.118929,26.977697,29.547483,34.20909,36.14148,24.21098,1.0,31.55075587536065,31.0,34.0,34.0,34.0,35.0,0
Mbalmayo,BIO_FP_FH__L2A_20251124T050104_20251206T050132_T_G01_M01_C___T004_F004,2025-11-24,36,25,11.450996398925781,3.418583393096924,16.913244247436523,1.0,8649,0.0,15.624200593999307,13.622994,29.524443,32.064827,36.44716,40.007298,26.50027,1.0,35.43347301652961,35.0,37.0,37.0,37.0,37.0,0
Mbalmayo,BIO_FP_FH__L2A_20251124T050104_20251206T050132_T_G01_M01_C___T004_F004,2025-11-24,36,26,11.45182991027832,3.418583393096924,18.61744499206543,1.0,8649,0.0,23.376546421551623,25.360054,34.250225,35.995544,39.07963,41.262405,32.105305,1.0,34.31390339311857,34.0,35.0,36.0,36.0,36.0,0
Mbalmayo,BIO_FP_FH__L2A_20251124T050104_20251206T050132_T_G01_M01_C___T004_F004,2025-11-24,36,29,11.454330444335938,3.418583393096924,22.215044021606445,1.0,8649,0.0,11.718085634899989,10.87833,22.768007,24.972345,30.36521,34.63109,20.217468,1.0,33.434460932484306,34.0,36.0,37.0,37.0,37.0,0
Mbalmayo,BIO_FP_FH__L2A_20251124T050104_20251206T050132_T_G01_M01_C___T004_F004,2025-11-24,36,30,11.455163955688477,3.418583393096924,21.699058532714844,1.0,8649,0.0,19.140986313446643,19.048521,30.564781,32.721577,34.724308,41.421886,27.165295,1.0,37.826653925445484,38.0,39.0,39.0,39.0,39.0,0
Mbalmayo,BIO_FP_FH__L2A_20251124T050104_20251206T050132_T_G01_M01_C___T004_F004,2025-11-24,36,31,11.455997467041016,3.418583393096924,21.83685874938965,1.0,8649,0.0,18.838209709937566,14.674758,38.60405,40.936386,43.540283,46.784924,36.139168,1.0,39.19680363159674,39.0,40.0,40.0,40.0,40.0,0
Mbalmayo,BIO_FP_FH__L2A_20251124T050104_20251206T050132_T_G01_M01_C___T004_F004,2025-11-24,36,48,11.47016716003418,3.418583393096924,23.039819717407227,0.9988187026227743,8645,0.6990000009536743,23.610266146532425,25.1312,37.303883,39.27492,43.923,46.45991,35.102547,1.0,36.03914959233046,36.0,38.0,38.0,38.0,38.0,0
Mbalmayo,BIO_FP_FH__L2A_20251124T050104_20251206T050132_T_G01_M01_C___T004_F004,2025-11-24,37,4,11.433492660522461,3.4177498817443848,17.716426849365234,0.9997597547855966,8648,0.0,16.260694278720305,16.823204,27.229748,28.950918,31.676283,34.969887,25.250652,1.0,34.41082438039896,35.0,36.45671081542969,37.0,37.0,37.0,0
Mbalmayo,BIO_FP_FH__L2A_20251124T050104_20251206T050132_T_G01_M01_C___T004_F004,2025-11-24,37,5,11.434326171875,3.4177498817443848,16.56282615661621,1.0,8649,0.0,13.62083857237831,10.497072,27.74146,30.367506,38.199406,39.597992,25.218212,1.0,36.31857325209539,36.0,38.0,38.0,39.0,39.0,0
Mbalmayo,BIO_FP_FH__L2A_20251124T050104_20251206T050132_T_G01_M01_C___T004_F004,2025-11-24,37,6,11.435159683227539,3.4177498817443848,16.264223098754883,1.0,8649,0.37400001287460327,16.23714085443404,13.304967,32.95708,35.376755,39.68696,41.359478,30.799076,1.0,37.4055094895907,38.0,39.0,39.0,39.0,39.0,0
Mbalmayo,BIO_FP_FH__L2A_20251124T050104_20251206T050132_T_G01_M01_C___T004_F004,2025-11-24,37,7,11.435993194580078,3.4177498817443848,13.137422561645508,1.0,8649,1.9368000030517578,16.55907700673488,15.986544,25.775898,27.33761,29.340834,32.692074,23.708199,1.0,30.605449175032483,31.0,34.0,35.0,35.0,35.0,0
Mbalmayo,BIO_FP_FH__L2A_20251124T050104_20251206T050132_T_G01_M01_C___T004_F004,2025-11-24,37,9,11.437660217285156,3.4177498817443848,20.36542320251465,1.0,8649,1.162600040435791,7.840886590935368,5.7735925,18.616236,21.34803,24.076021,33.437256,14.364848,1.0,27.19281025993602,27.78179931640625,30.318355560302734,32.0,34.0,34.0,0
Mbalmayo,BIO_FP_FH__L2A_20251124T050104_20251206T050132_T_G01_M01_C___T004_F004,2025-11-24,37,10,11.438493728637695,3.4177498817443848,23.540822982788086,1.0,8649,0.0,15.184126235691988,14.9956045,27.472841,30.215513,34.440483,37.252064,24.30213,1.0,32.33893735958174,32.0,35.0,35.0,36.0,37.0,0
Mbalmayo,BIO_FP_FH__L2A_20251124T050104_20251206T050132_T_G01_M01_C___T004_F004,2025-11-24,37,11,11.439327239990234,3.4177498817443848,21.862422943115234,1.0,8649,0.0,19.82086259972251,20.85334,30.010454,32.75241,37.181236,41.989647,28.39392,1.0,32.81495802106713,33.0,36.0,36.0,37.0,37.0,0
Mbalmayo,BIO_FP_FH__L2A_20251124T050104_20251206T050132_T_G01_M01_C___T004_F004,2025-11-24,37,12,11.440160751342773,3.4177498817443848,21.198223114013672,1.0,8649,0.0,18.08283426913516,18.62967,26.936817,28.359196,31.334553,33.908733,25.321457,1.0,29.079933534786043,28.0,32.0,33.0,34.0,34.0,0
Mbalmayo,BIO_FP_FH__L2A_20251124T050104_20251206T050132_T_G01_M01_C___T004_F004,2025-11-24,37,13,11.440994262695312,3.4177498817443848,20.314422607421875,1.0,8649,0.0,16.3290824806336,17.51552,26.1717,28.439056,32.398624,34.148174,23.411983,1.0,31.493309595913182,31.649246215820312,33.0,33.0,34.12647247314453,35.0,0
Mbalmayo,BIO_FP_FH__L2A_20251124T050104_20251206T050132_T_G01_M01_C___T004_F004,2025-11-24,37,14,11.441827774047852,3.4177498817443848,21.508522033691406,0.9982446941120361,8642,0.0,14.36509637451745,13.991365,23.522718,26.193342,29.375795,37.053425,21.932962,1.0,34.57998141058195,35.0,36.0,36.0,36.0,36.0,0
Mbalmayo,BIO_FP_FH__L2A_20251124T050104_20251206T050132_T_G01_M01_C___T004_F004,2025-11-24,37,15,11.44266128540039,3.4177498817443848,21.55312156677246,1.0,8649,0.0,14.868095751676494,13.375254,27.44142,32.192398,36.996174,39.673553,22.937733,1.0,33.70466378157174,34.0,35.0,35.0,35.0,35.0,0
Mbalmayo,BIO_FP_FH__L2A_20251124T050104_20251206T050132_T_G01_M01_C___T004_F004,2025-11-24,37,16,11.44349479675293,3.4177498817443848,16.85272216796875,1.0,8649,1.3880000114440918,12.193802661434848,8.858602,30.060812,35.427204,39.100082,41.122364,21.88032,1.0,31.920327715962483,32.0,33.0,33.0,34.0,34.0,0
Mbalmayo,BIO_FP_FH__L2A_20251124T050104_20251206T050132_T_G01_M01_C___T004_F004,2025-11-24,37,18,11.445161819458008,3.4177498817443848,15.897122383117676,1.0,8649,1.6576000452041626,10.652679771505376,8.567269,21.994087,29.89374,35.80795,37.566067,16.333027,1.0,30.70882319444755,30.344675064086914,33.0,33.0,33.0,34.0,0
Mbalmayo,BIO_FP_FH__L2A_20251124T050104_20251206T050132_T_G01_M01_C___T004_F004,2025-11-24,37,19,11.445995330810547,3.4177498817443848,20.712121963500977,1.0,8649,0.052400000393390656,15.410726221962076,12.160181,30.73425,33.546413,39.099564,43.390587,27.60929,1.0,31.832547250545456,32.0,33.0,34.0,34.0,34.0,0
Mbalmayo,BIO_FP_FH__L2A_20251124T050104_20251206T050132_T_G01_M01_C___T004_F004,2025-11-24,37,20,11.446828842163086,3.4177498817443848,21.88172149658203,1.0,8649,0.0,14.408303615302348,12.401995,26.769588,29.63008,36.097366,38.8929,21.50915,1.0,30.800390794630314,31.0,31.840822219848633,32.0,32.0,32.0,0
Mbalmayo,BIO_FP_FH__L2A_20251124T050104_20251206T050132_T_G01_M01_C___T004_F004,2025-11-24,37,21,11.447662353515625,3.4177498817443848,23.85152244567871,1.0,8649,0.0,13.502294340386172,10.653866,28.32678,35.035023,39.23266,41.45072,23.095081,1.0,31.168303153489777,31.0,33.0,33.0,33.0,33.0,0
Mbalmayo,BIO_FP_FH__L2A_20251124T050104_20251206T050132_T_G01_M01_C___T004_F004,2025-11-24,37,22,11.448495864868164,3.4177498817443848,23.353845596313477,1.0,8649,0.0,15.865922451294947,15.238703,27.859951,29.202507,31.49261,34.659477,25.561245,1.0,28.27621865446188,28.0,30.0,30.0,31.0,32.0,0
Mbalmayo,BIO_FP_FH__L2A_20251124T050104_20251206T050132_T_G01_M01_C___T004_F004,2025-11-24,37,23,11.449329376220703,3.4177498817443848,20.52944564819336,1.0,8649,0.0,14.387360081367788,13.158727,25.033443,27.6636,31.301825,32.885147,21.463665,1.0,28.163264649825944,28.0,29.0,30.0,30.0,30.0,0
Mbalmayo,BIO_FP_FH__L2A_20251124T050104_20251206T050132_T_G01_M01_C___T004_F004,2025-11-24,37,24,11.450162887573242,3.4177498817443848,18.04384422302246,1.0,8649,0.0,21.124820698202104,21.61142,34.20714,36.068142,38.296185,39.755108,30.963,1.0,32.58564903430407,33.0,35.0,35.0,35.0,36.0,0
Mbalmayo,BIO_FP_FH__L2A_20251124T050104_20251206T050132_T_G01_M01_C___T004_F004,2025-11-24,37,25,11.450996398925781,3.4177498817443848,19.809043884277344,1.0,8649,0.0,26.394627901346976,26.774927,39.621143,43.93769,55.616787,59.66902,38.337284,1.0,37.27463583538802,38.0,39.0,39.0,40.0,40.0,0
Mbalmayo,BIO_FP_FH__L2A_20251124T050104_20251206T050132_T_G01_M01_C___T004_F004,2025-11-24,37,26,11.45182991027832,3.4177498817443848,21.574045181274414,1.0,8649,0.0,28.105223508498092,29.1416,39.718502,46.20916,53.561523,59.04552,37.441917,1.0,37.14735354113571,37.0,39.0,39.0,40.0,40.0,0
Mbalmayo,BIO_FP_FH__L2A_20251124T050104_20251206T050132_T_G01_M01_C___T004_F004,2025-11-24,37,29,11.454330444335938,3.4177498817443848,23.541044235229492,1.0,8649,0.0,13.442504191235981,14.03828,21.788803,23.977552,30.65164,35.012794,20.068077,1.0,32.96016273185385,33.0,36.0,37.0,37.0,38.0,0
Mbalmayo,BIO_FP_FH__L2A_20251124T050104_20251206T050132_T_G01_M01_C___T004_F004,2025-11-24,37,30,11.455163955688477,3.4177498817443848,24.713258743286133,1.0,8649,0.0,26.664829387790498,28.030449,35.274517,36.905132,44.375248,46.428047,34.2295,1.0,38.32242657620309,38.0,39.0,39.0,40.0,40.0,0
Mbalmayo,BIO_FP_FH__L2A_20251124T050104_20251206T050132_T_G01_M01_C___T004_F004,2025-11-24,37,31,11.455997467041016,3.4177498817443848,24.416059494018555,1.0,8649,0.7202000021934509,24.13950763816626,24.904129,37.20276,39.188446,41.755886,44.63634,35.807194,1.0,39.740165461252325,40.0,40.0,41.0,41.0,41.0,0
Mbalmayo,BIO_FP_FH__L2A_20251124T050104_20251206T050132_T_G01_M01_C___T004_F004,2025-11-24,37,38,11.461832046508789,3.4177498817443848,31.693296432495117,0.9988297960746907,8648,1.0714000463485718,22.347813052637672,23.28461,33.171093,39.13159,46.006218,48.90513,31.187485,1.0,36.83527903403005,37.0,40.0,40.148230743408256,41.0,41.0,0
Mbalmayo,BIO_FP_FH__L2A_20251124T050104_20251206T050132_T_G01_M01_C___T004_F004,2025-11-24,37,39,11.462665557861328,3.4177498817443848,31.88469696044922,1.0,8649,1.044600009918213,25.967934334894206,27.370064,37.389652,40.76323,43.89121,45.050823,34.421726,1.0,34.43932433607454,34.07966613769531,36.0,37.0,39.0,39.0,0
Mbalmayo,BIO_FP_FH__L2A_20251124T050104_20251206T050132_T_G01_M01_C___T004_F004,2025-11-24,38,3,11.432659149169922,3.4169163703918457,20.691627502441406,1.0,8649,0.0,17.761302336252747,17.255917,30.218824,31.721132,34.153946,36.13047,27.232338,1.0,35.37042209688315,35.0,36.0,37.0,37.0,38.0,0
Mbalmayo,BIO_FP_FH__L2A_20251124T050104_20251206T050132_T_G01_M01_C___T004_F004,2025-11-24,38,4,11.433492660522461,3.4169163703918457,18.323427200317383,1.0,8649,0.0,18.9901853718638,18.1002,30.263779,33.42311,35.70732,37.23363,27.377848,1.0,34.8448413606737,35.0,36.0,37.0,37.0,37.0,0
Mbalmayo,BIO_FP_FH__L2A_20251124T050104_20251206T050132_T_G01_M01_C___T004_F004,2025-11-24,38,5,11.434326171875,3.4169163703918457,15.870026588439941,1.0,8649,0.08139999955892563,16.126798437680655,15.097729,25.994585,29.974348,33.643314,36.71441,24.691084,1.0,34.89791532753106,35.0,36.0,36.0,37.0,38.0,0
Mbalmayo,BIO_FP_FH__L2A_20251124T050104_20251206T050132_T_G01_M01_C___T004_F004,2025-11-24,38,9,11.437660217285156,3.4169163703918457,17.36382293701172,1.0,8649,1.5460000038146973,5.588103574112615,3.9683573,13.295175,18.438797,25.841326,33.795834,10.414692,1.0,19.920539771163927,20.0,25.0,27.0,28.0,28.0,0
Mbalmayo,BIO_FP_FH__L2A_20251124T050104_20251206T050132_T_G01_M01_C___T004_F004,2025-11-24,38,10,11.438493728637695,3.4169163703918457,17.46282196044922,1.0,8649,0.21780000627040863,13.037060823505607,12.365356,23.224415,26.073645,28.626112,38.71822,19.50506,1.0,26.555583916367624,27.0,28.0,29.0,29.0,29.0,0
Mbalmayo,BIO_FP_FH__L2A_20251124T050104_20251206T050132_T_G01_M01_C___T004_F004,2025-11-24,38,11,11.439327239990234,3.4169163703918457,16.517621994018555,1.0,8649,0.0,15.309228306740664,15.42625,25.400139,27.870241,29.908314,31.796993,22.00238,1.0,29.374738123392365,29.0,31.0,31.0,32.0,32.0,0
Mbalmayo,BIO_FP_FH__L2A_20251124T050104_20251206T050132_T_G01_M01_C___T004_F004,2025-11-24,38,12,11.440160751342773,3.4169163703918457,16.42662239074707,1.0,8649,0.0,16.524988437969707,15.568459,24.351486,29.697367,35.382122,38.899517,21.751469,1.0,29.381891383368345,29.0,32.0,33.0,34.0,35.0,0
Mbalmayo,BIO_FP_FH__L2A_20251124T050104_20251206T050132_T_G01_M01_C___T004_F004,2025-11-24,38,13,11.440994262695312,3.4169163703918457,17.19282341003418,1.0,8649,0.0,11.76319155393687,8.902533,24.039469,29.177883,35.168858,38.689632,19.981491,1.0,34.5993755643582,35.0,36.0,37.0,37.0,37.0,0
Mbalmayo,BIO_FP_FH__L2A_20251124T050104_20251206T050132_T_G01_M01_C___T004_F004,2025-11-24,38,14,11.441827774047852,3.4169163703918457,19.621122360229492,0.9781140872048069,8489,0.0,14.005328509302496,12.155631,28.872444,31.714462,35.18322,37.543835,25.86214,1.0,33.51184468551073,34.0,35.0,35.0,36.0,36.0,0
Mbalmayo,BIO_FP_FH__L2A_20251124T050104_20251206T050132_T_G01_M01_C___T004_F004,2025-11-24,38,18,11.445161819458008,3.4169163703918457,14.677922248840332,1.0,8649,1.9063999652862549,11.927339865880448,9.092108,25.018797,29.127626,35.444927,37.379566,21.854504,1.0,32.55280147843146,33.0,33.0,34.0,34.0,34.0,0
Mbalmayo,BIO_FP_FH__L2A_20251124T050104_20251206T050132_T_G01_M01_C___T004_F004,2025-11-24,38,19,11.445995330810547,3.4169163703918457,19.349123001098633,1.0,8649,0.2786000072956085,13.73818279208579,11.405613,26.272442,30.474033,36.959293,40.117176,21.437775,1.0,32.80537293767471,33.0,34.0,34.0,34.0,34.0,0
Mbalmayo,BIO_FP_FH__L2A_20251124T050104_20251206T050132_T_G01_M01_C___T004_F004,2025-11-24,38,20,11.446828842163086,3.4169163703918457,20.217721939086914,1.0,8649,0.0,17.626700883050063,16.27745,31.222496,32.607563,36.935593,42.255684,27.779795,1.0,31.96364723617513,32.0,33.0,34.0,34.0,34.0,0
Mbalmayo,BIO_FP_FH__L2A_20251124T050104_20251206T050132_T_G01_M01_C___T004_F004,2025-11-24,38,21,11.447662353515625,3.4169163703918457,20.257522583007812,1.0,8649,0.0,6.832742134206266,3.1040998,25.143824,28.872566,31.18499,32.734962,18.767736,1.0,29.8317186212468,30.0,32.0,33.0,35.0,35.0,0
Mbalmayo,BIO_FP_FH__L2A_20251124T050104_20251206T050132_T_G01_M01_C___T004_F004,2025-11-24,38,22,11.448495864868164,3.4169163703918457,20.192045211791992,1.0,8649,0.0,17.87379547129726,17.736807,32.873566,37.4271,47.78634,50.527435,29.661718,1.0,31.74773384179803,31.93328857421875,35.0,36.0,37.0,37.0,0
Mbalmayo,BIO_FP_FH__L2A_20251124T050104_20251206T050132_T_G01_M01_C___T004_F004,2025-11-24,38,23,11.449329376220703,3.4169163703918457,19.731645584106445,1.0,8649,0.0,17.944824726847035,18.137701,31.933294,33.856285,35.78941,39.98868,28.225534,1.0,31.495164594893954,32.0,34.0,34.0,35.0,36.0,0
Mbalmayo,BIO_FP_FH__L2A_20251124T050104_20251206T050132_T_G01_M01_C___T004_F004,2025-11-24,38,24,11.450162887573242,3.4169163703918457,19.638845443725586,1.0,8649,0.0,17.771273232454618,18.95157,28.981562,31.912113,35.072807,38.414173,25.810827,1.0,31.586822284165248,31.0,33.0,34.0,34.0,35.0,0
Mbalmayo,BIO_FP_FH__L2A_20251124T050104_20251206T050132_T_G01_M01_C___T004_F004,2025-11-24,38,25,11.450996398925781,3.4169163703918457,20.680845260620117,1.0,8649,0.0,20.870935223725287,20.267464,37.73653,39.947422,43.709682,47.98125,35.896027,1.0,36.12507276902214,37.0,38.0,38.0,38.0,38.0,0
Mbalmayo,BIO_FP_FH__L2A_20251124T050104_20251206T050132_T_G01_M01_C___T004_F004,2025-11-24,38,26,11.45182991027832,3.4169163703918457,21.219844818115234,1.0,8649,0.0,23.815123587264424,26.93513,35.101997,36.466797,38.576286,42.007816,34.06559,1.0,38.44546419827976,38.205562591552734,40.0,40.0,40.0,40.0,0
Mbalmayo,BIO_FP_FH__L2A_20251124T050104_20251206T050132_T_G01_M01_C___T004_F004,2025-11-24,38,27,11.45266342163086,3.4169163703918457,21.75264549255371,0.9127666549691439,7947,0.0,19.366832623344376,21.230377,30.357883,31.743132,33.70193,35.877182,28.516035,0.9314957248551582,35.53781508658088,36.0,38.0,39.0,39.0,39.0,0
Mbalmayo,BIO_FP_FH__L2A_20251124T050104_20251206T050132_T_G01_M01_C___T004_F004,2025-11-24,38,29,11.454330444335938,3.4169163703918457,24.087444305419922,0.9940182865251763,8613,0.0,13.436561424285761,13.612377,26.72076,31.483284,36.725544,38.853237,22.924568,1.0,34.18026320547544,34.0,38.0,38.0,38.0,38.0,0
Mbalmayo,BIO_FP_FH__L2A_20251124T050104_20251206T050132_T_G01_M01_C___T004_F004,2025-11-24,38,30,11.455163955688477,3.4169163703918457,26.407258987426758,1.0,8649,0.0,23.213123446352178,24.142267,31.059605,32.978092,36.413956,38.613945,30.243969,1.0,38.70499551865473,39.0,40.0,40.0,40.0,40.0,0
Mbalmayo,BIO_FP_FH__L2A_20251124T050104_20251206T050132_T_G01_M01_C___T004_F004,2025-11-24,38,31,11.455997467041016,3.4169163703918457,28.571659088134766,1.0,8649,0.0,22.36369901867268,21.676298,36.41167,38.20881,40.95035,43.450233,34.999104,1.0,39.35817914467242,39.0,40.0,40.0,40.0,40.0,0
Mbalmayo,BIO_FP_FH__L2A_20251124T050104_20251206T050132_T_G01_M01_C___T004_F004,2025-11-24,38,38,11.461832046508789,3.4169163703918457,30.011695861816406,0.9981278035665251,8640,1.2905999422073364,15.32773625233205,13.365604,28.948223,32.839615,37.694054,45.29312,25.009182,1.0,38.25834001851421,38.0,41.0,41.0,41.0,41.0,0
Mbalmayo,BIO_FP_FH__L2A_20251124T050104_20251206T050132_T_G01_M01_C___T004_F004,2025-11-24,39,3,11.432659149169922,3.4160828590393066,20.63557243347168,1.0,8649,0.0,18.498454030090183,17.779284,29.309313,34.204357,37.954636,46.87054,26.76891,1.0,35.1558285357153,35.0,36.0,37.0,37.0,37.0,0
Mbalmayo,BIO_FP_FH__L2A_20251124T050104_20251206T050132_T_G01_M01_C___T004_F004,2025-11-24,39,4,11.433492660522461,3.4160828590393066,18.595373153686523,1.0,8649,0.0,15.642469956786911,14.809836,24.454018,28.742716,36.3693,38.55559,21.915913,1.0,33.866452054241954,34.0,35.0,35.0,36.0,36.0,0
Mbalmayo,BIO_FP_FH__L2A_20251124T050104_20251206T050132_T_G01_M01_C___T004_F004,2025-11-24,39,10,11.438493728637695,3.4160828590393066,13.415074348449707,1.0,8649,0.6413999795913696,15.617579525089607,13.9350815,29.71464,35.81927,40.1589,43.425545,24.23363,1.0,28.245592239923266,29.0,31.0,31.0,31.0,31.0,0
Mbalmayo,BIO_FP_FH__L2A_20251124T050104_20251206T050132_T_G01_M01_C___T004_F004,2025-11-24,39,11,11.439327239990234,3.4160828590393066,14.408675193786621,1.0,8649,0.0,15.216246097814777,13.580139,31.78511,35.99986,41.54803,44.707233,22.401958,1.0,31.306946671206163,31.0,32.0,34.0,34.0,34.0,0
Mbalmayo,BIO_FP_FH__L2A_20251124T050104_20251206T050132_T_G01_M01_C___T004_F004,2025-11-24,39,12,11.440160751342773,3.4160828590393066,15.211874961853027,1.0,8649,0.0,13.007469252225691,11.639362,24.17202,29.9437,35.908436,38.258755,20.863066,1.0,32.88681364351648,33.0,34.0,35.0,35.0,35.0,0
Mbalmayo,BIO_FP_FH__L2A_20251124T050104_20251206T050132_T_G01_M01_C___T004_F004,2025-11-24,39,13,11.440994262695312,3.4160828590393066,16.487674713134766,1.0,8649,0.0,11.54763285495433,9.241038,26.769032,30.378386,37.12616,38.575752,20.829355,1.0,33.03214118014541,34.0,35.0,35.0,36.0,36.0,0
Mbalmayo,BIO_FP_FH__L2A_20251124T050104_20251206T050132_T_G01_M01_C___T004_F004,2025-11-24,39,19,11.445995330810547,3.4160828590393066,19.044029235839844,1.0,8649,0.5152000188827515,20.997893090964272,20.250914,36.648415,38.727707,41.054382,42.665577,32.54168,1.0,34.686959953718286,35.0,35.0,36.0,36.0,36.0,0
Mbalmayo,BIO_FP_FH__L2A_20251124T050104_20251206T050132_T_G01_M01_C___T004_F004,2025-11-24,39,20,11.446828842163086,3.4160828590393066,19.593029022216797,1.0,8649,0.0,24.507644037605502,26.424318,32.259743,33.39054,35.227665,38.83718,30.043978,1.0,34.71957137149419,35.0,36.0,36.0,36.0,36.0,0
Mbalmayo,BIO_FP_FH__L2A_20251124T050104_20251206T050132_T_G01_M01_C___T004_F004,2025-11-24,39,21,11.447662353515625,3.4160828590393066,19.660429000854492,1.0,8649,0.0,23.94860225893167,26.65018,32.781948,34.10458,37.573997,40.883022,30.715508,1.0,34.330972572050555,34.0,36.0,36.0,36.0,36.0,0
Mbalmayo,BIO_FP_FH__L2A_20251124T050104_20251206T050132_T_G01_M01_C___T004_F004,2025-11-24,39,22,11.448495864868164,3.4160828590393066,19.634662628173828,1.0,8649,0.0,21.160990432419933,24.65463,33.139675,35.036175,40.540802,44.31882,29.579184,1.0,36.62981373335615,36.0,38.0,38.0,39.0,39.0,0
Mbalmayo,BIO_FP_FH__L2A_20251124T050104_20251206T050132_T_G01_M01_C___T004_F004,2025-11-24,39,23,11.449329376220703,3.4160828590393066,19.501663208007812,1.0,8649,0.0,19.742792248381317,22.177998,34.81957,35.833324,37.62622,42.178204,29.983727,1.0,33.801838536416334,34.0,36.0,37.0,37.0,37.0,0
Mbalmayo,BIO_FP_FH__L2A_20251124T050104_20251206T050132_T_G01_M01_C___T004_F004,2025-11-24,39,24,11.450162887573242,3.4160828590393066,19.21706199645996,1.0,8649,0.0,8.163922039397619,2.486538,27.987862,30.7617,37.54251,43.245956,17.565117,1.0,29.58745263124259,30.0,31.0,31.0,32.0,32.0,0
Mbalmayo,BIO_FP_FH__L2A_20251124T050104_20251206T050132_T_G01_M01_C___T004_F004,2025-11-24,39,25,11.450996398925781,3.4160828590393066,19.822662353515625,1.0,8649,0.0,10.307397802491618,5.278246,28.486357,31.613966,36.531506,41.323696,22.17962,1.0,33.480273924338114,34.0,36.0,37.0,37.0,37.0,0
Mbalmayo,BIO_FP_FH__L2A_20251124T050104_20251206T050132_T_G01_M01_C___T004_F004,2025-11-24,39,26,11.45182991027832,3.4160828590393066,19.571863174438477,1.0,8649,0.0,27.530761775205224,30.015434,39.31469,41.28197,44.274563,45.941853,38.598045,1.0,35.42114361240238,35.609519958496094,37.0,37.0,38.0,38.0,0
Mbalmayo,BIO_FP_FH__L2A_20251124T050104_20251206T050132_T_G01_M01_C___T004_F004,2025-11-24,39,27,11.45266342163086,3.4160828590393066,19.552263259887695,1.0,8649,0.0,16.16358421132501,16.994944,29.732649,32.27046,35.595284,40.143463,27.365738,1.0,31.512356685233097,32.0,35.0,36.0,38.0,38.0,0
Mbalmayo,BIO_FP_FH__L2A_20251124T050104_20251206T050132_T_G01_M01_C___T004_F004,2025-11-24,39,30,11.455163955688477,3.4160828590393066,26.50762176513672,1.0,8649,0.0,20.03487668372066,21.255617,31.60199,34.2528,36.87256,38.30369,30.366385,1.0,37.853941943110975,38.0,39.0,39.0,40.0,40.0,0
Mbalmayo,BIO_FP_FH__L2A_20251124T050104_20251206T050132_T_G01_M01_C___T004_F004,2025-11-24,39,31,11.455997467041016,3.4160828590393066,28.308422088623047,1.0,8649,0.0,19.42781363813736,19.584648,34.73555,37.032703,40.53211,44.258522,31.905107,1.0,39.92144320132154,40.0,41.0,42.0,42.0,42.0,0
Mbalmayo,BIO_FP_FH__L2A_20251124T050104_20251206T050132_T_G01_M01_C___T004_F004,2025-11-24,39,32,11.456830978393555,3.4160828590393066,29.321022033691406,1.0,8649,0.3224000036716461,29.705885434732338,30.999865,39.544666,41.47402,43.282078,47.38915,38.03512,1.0,39.259801912037595,39.0,40.0,40.0,40.0,40.0,0
Mbalmayo,BIO_FP_FH__L2A_20251124T050104_20251206T050132_T_G01_M01_C___T004_F004,2025-11-24,39,38,11.461832046508789,3.4160828590393066,30.21550941467285,1.0,8649,1.3794000148773193,19.011799593883687,18.589424,31.925718,35.18925,40.285038,43.09785,29.147255,1.0,36.28297542034374,36.0598030090332,38.0,38.0,38.0,39.0,0
Mbalmayo,BIO_FP_FH__L2A_20251124T050104_20251206T050132_T_G01_M01_C___T004_F004,2025-11-24,39,46,11.468500137329102,3.4160828590393066,19.772720336914062,1.0,8649,0.7289999723434448,18.300269088189385,17.898375,25.163887,27.293755,29.659512,31.488773,23.218998,1.0,26.48091952777871,26.0,29.0,29.23890495300293,31.0,31.0,0
Mbalmayo,BIO_FP_FH__L2A_20251124T050104_20251206T050132_T_G01_M01_C___T004_F004,2025-11-24,40,3,11.432659149169922,3.4152493476867676,20.781972885131836,1.0,8649,0.0,15.742250278211355,13.6214695,30.588255,35.533943,39.332462,46.511852,26.036003,1.0,28.285044040166103,28.0,33.0,34.0,35.0,36.0,0
Mbalmayo,BIO_FP_FH__L2A_20251124T050104_20251206T050132_T_G01_M01_C___T004_F004,2025-11-24,40,10,11.438493728637695,3.4152493476867676,13.349874496459961,1.0,8649,0.8978000283241272,9.706524959532894,7.1308994,19.780884,28.266592,43.940517,47.878845,16.33087,1.0,28.98439794199248,29.0,31.0,31.0,32.0,32.0,0
Mbalmayo,BIO_FP_FH__L2A_20251124T050104_20251206T050132_T_G01_M01_C___T004_F004,2025-11-24,40,11,11.439327239990234,3.4152493476867676,14.511674880981445,1.0,8649,0.0,14.776938627297953,11.540642,35.79911,38.74102,41.687004,47.26646,23.801344,1.0,31.277923001789855,31.0,32.0,32.0,33.0,35.0,0
Mbalmayo,BIO_FP_FH__L2A_20251124T050104_20251206T050132_T_G01_M01_C___T004_F004,2025-11-24,40,12,11.440160751342773,3.4152493476867676,15.084474563598633,1.0,8649,0.0,15.435930093074344,14.230821,30.138407,35.894516,39.749264,42.007797,26.428946,1.0,34.01733352744051,34.0,35.0,36.0,36.0,36.0,0
Mbalmayo,BIO_FP_FH__L2A_20251124T050104_20251206T050132_T_G01_M01_C___T004_F004,2025-11-24,40,13,11.440994262695312,3.4152493476867676,15.31767463684082,1.0,8649,0.8190000057220459,5.979597532951787,1.3349664,20.419277,28.958067,32.68494,36.761574,13.355395,1.0,30.69189261485971,31.0,35.0,35.0,35.0,35.0,0
Mbalmayo,BIO_FP_FH__L2A_20251124T050104_20251206T050132_T_G01_M01_C___T004_F004,2025-11-24,40,18,11.445161819458008,3.4152493476867676,17.87162971496582,1.0,8649,1.5058000087738037,8.977675345415655,3.7742276,26.86779,30.351889,34.972473,38.073757,20.550797,1.0,31.478006427309282,32.887672424316406,35.0,35.0,35.0,35.0,0
Mbalmayo,BIO_FP_FH__L2A_20251124T050104_20251206T050132_T_G01_M01_C___T004_F004,2025-11-24,40,19,11.445995330810547,3.4152493476867676,20.759429931640625,1.0,8649,0.696399986743927,12.643458149063475,5.583513,33.664955,35.827415,39.166252,40.73268,29.596344,1.0,30.778062327112927,31.0,34.0,34.80157470703125,35.0,36.0,0
Mbalmayo,BIO_FP_FH__L2A_20251124T050104_20251206T050132_T_G01_M01_C___T004_F004,2025-11-24,40,20,11.446828842163086,3.4152493476867676,21.728029251098633,1.0,8649,0.0,25.970975239189503,28.58685,34.913662,36.1009,37.748787,39.25687,32.57168,1.0,33.33240362227563,34.0,35.0,35.0,36.0,36.0,0
Mbalmayo,BIO_FP_FH__L2A_20251124T050104_20251206T050132_T_G01_M01_C___T004_F004,2025-11-24,40,21,11.447662353515625,3.4152493476867676,19.97702980041504,1.0,8649,0.0,24.95662115923806,28.176407,33.1701,34.372684,38.330814,41.36464,30.945395,1.0,34.51761981762549,35.0,35.0,36.0,36.0,36.0,0
Mbalmayo,BIO_FP_FH__L2A_20251124T050104_20251206T050132_T_G01_M01_C___T004_F004,2025-11-24,40,22,11.448495864868164,3.4152493476867676,19.104862213134766,1.0,8649,0.0,28.57108932391028,31.35722,37.548897,38.917534,41.00966,44.127796,35.75847,1.0,35.128669282717155,35.0,36.0,37.0,38.80157470703125,39.0,0
Mbalmayo,BIO_FP_FH__L2A_20251124T050104_20251206T050132_T_G01_M01_C___T004_F004,2025-11-24,40,23,11.449329376220703,3.4152493476867676,19.293663024902344,1.0,8649,0.0,20.618663917071338,22.73073,32.13405,34.218376,37.41345,39.736263,29.299286,1.0,34.582035227888156,35.0,36.0,36.0,36.0,36.0,0
Mbalmayo,BIO_FP_FH__L2A_20251124T050104_20251206T050132_T_G01_M01_C___T004_F004,2025-11-24,40,24,11.450162887573242,3.4152493476867676,19.5484619140625,1.0,8649,0.0,12.699456313591167,11.28488,27.86252,30.00925,33.718502,36.924,23.96245,1.0,29.86250735117612,29.0,33.0,33.0,35.0,35.0,0
Mbalmayo,BIO_FP_FH__L2A_20251124T050104_20251206T050132_T_G01_M01_C___T004_F004,2025-11-24,40,25,11.450996398925781,3.4152493476867676,19.450462341308594,1.0,8649,0.0,12.500142267169615,10.484779,27.092333,30.498457,33.25037,34.790413,24.503061,1.0,29.653825974020602,29.0,32.69562911987305,33.09959030151367,35.0,35.0,0
Mbalmayo,BIO_FP_FH__L2A_20251124T050104_20251206T050132_T_G01_M01_C___T004_F004,2025-11-24,40,26,11.45182991027832,3.4152493476867676,19.68806266784668,1.0,8649,0.0,19.97942636070644,18.502768,33.486767,36.83566,41.677036,43.29239,32.648296,1.0,31.926077022016607,32.0,33.603153228759766,34.0,34.0,34.0,0
Mbalmayo,BIO_FP_FH__L2A_20251124T050104_20251206T050132_T_G01_M01_C___T004_F004,2025-11-24,40,27,11.45266342163086,3.4152493476867676,17.483062744140625,1.0,8649,0.0,16.970326229910974,19.446144,35.88805,37.81974,40.143024,42.556015,34.85682,1.0,26.6888660976054,26.0,31.0,32.0,32.0,32.0,0
Mbalmayo,BIO_FP_FH__L2A_20251124T050104_20251206T050132_T_G01_M01_C___T004_F004,2025-11-24,40,30,11.455163955688477,3.4152493476867676,26.33582305908203,1.0,8649,0.0,23.764490927419356,25.775719,31.57886,33.10459,35.008503,36.33701,31.251312,1.0,36.556138150112275,37.0,38.0,39.0,39.0,39.0,0
Mbalmayo,BIO_FP_FH__L2A_20251124T050104_20251206T050132_T_G01_M01_C___T004_F004,2025-11-24,40,31,11.455997467041016,3.4152493476867676,27.453022003173828,1.0,8649,0.0,23.13264223103827,24.520092,31.687826,34.756836,38.0272,40.1502,30.678877,1.0,38.89716476765047,39.0,40.0,40.0,41.603153228759766,42.0,0
Mbalmayo,BIO_FP_FH__L2A_20251124T050104_20251206T050132_T_G01_M01_C___T004_F004,2025-11-24,40,32,11.456830978393555,3.4152493476867676,28.5228214263916,1.0,8649,0.22599999606609344,24.78784984174471,25.104246,35.15486,36.732075,39.629303,41.406975,34.09475,1.0,39.64242621898265,40.0,41.0,41.0,41.0,41.0,0
Mbalmayo,BIO_FP_FH__L2A_20251124T050104_20251206T050132_T_G01_M01_C___T004_F004,2025-11-24,40,33,11.457664489746094,3.4152493476867676,29.624221801757812,1.0,8649,0.6531999707221985,31.591304359608046,32.837246,37.806225,38.698524,40.32739,41.785034,37.166664,1.0,38.97017983974563,39.0,40.0,40.0,40.0,40.0,0
Mbalmayo,BIO_FP_FH__L2A_20251124T050104_20251206T050132_T_G01_M01_C___T004_F004,2025-11-24,40,34,11.458498001098633,3.4152493476867676,30.37522315979004,1.0,8649,0.9441999793052673,29.90770473826454,31.031567,36.721397,37.740772,39.17346,41.31188,36.149464,1.0,37.70731465258837,38.0,39.0,39.0,39.0,39.0,0
Mbalmayo,BIO_FP_FH__L2A_20251124T050104_20251206T050132_T_G01_M01_C___T004_F004,2025-11-24,40,35,11.459331512451172,3.4152493476867676,27.249221801757812,1.0,8649,1.0748000144958496,17.19913609954908,17.475103,30.657331,32.238743,34.39468,36.430103,28.8989,1.0,34.19322074610507,34.0,36.0,37.0,38.0,38.0,0
Mbalmayo,BIO_FP_FH__L2A_20251124T050104_20251206T050132_T_G01_M01_C___T004_F004,2025-11-24,40,36,11.460165023803711,3.4152493476867676,21.15422248840332,1.0,8649,1.9573999643325806,14.090560505549774,13.885007,26.661488,28.40864,30.85956,33.805252,24.932703,1.0,34.78731448323151,35.0,37.0,37.0,37.0,37.0,0
Mbalmayo,BIO_FP_FH__L2A_20251124T050104_20251206T050132_T_G01_M01_C___T004_F004,2025-11-24,40,37,11.46099853515625,3.4152493476867676,24.88142204284668,1.0,8649,1.2086000442504883,15.765078061770147,13.024891,32.69518,36.64433,44.27256,46.83809,25.554417,1.0,35.34198628228336,35.0,36.0,37.0,38.0,38.0,0
Mbalmayo,BIO_FP_FH__L2A_20251124T050104_20251206T050132_T_G01_M01_C___T004_F004,2025-11-24,40,44,11.466833114624023,3.4152493476867676,24.16870880126953,1.0,8649,0.0,18.526970242224536,19.017567,26.250008,30.010061,33.577892,35.480656,24.597395,1.0,30.542250843292884,30.0,33.0,33.0,34.0,34.0,0
Mbalmayo,BIO_FP_FH__L2A_20251124T050104_20251206T050132_T_G01_M01_C___T004_F004,2025-11-24,40,45,11.467666625976562,3.4152493476867676,20.77570915222168,1.0,8649,0.0,18.322261786044628,18.377573,25.280935,27.777412,30.49447,33.85637,23.371479,1.0,26.960752726235214,27.0,28.119033813476562,29.0,29.0,29.0,0
Mbalmayo,BIO_FP_FH__L2A_20251124T050104_20251206T050132_T_G01_M01_C___T004_F004,2025-11-24,40,46,11.468500137329102,3.4152493476867676,19.162120819091797,1.0,8649,0.0,16.342489016071223,16.153147,24.643417,26.521538,28.7385,33.04979,23.126074,1.0,25.249218419075344,25.0,28.0,28.0,28.0,28.0,0
Mbalmayo,BIO_FP_FH__L2A_20251124T050104_20251206T050132_T_G01_M01_C___T004_F004,2025-11-24,41,3,11.432659149169922,3.4144158363342285,19.19337272644043,1.0,8649,0.0,10.66887293690022,10.247095,16.387804,18.697502,23.446032,32.666004,15.003976,1.0,23.034716929103723,23.113330841064453,25.0,26.0,26.0,26.0,0
Mbalmayo,BIO_FP_FH__L2A_20251124T050104_20251206T050132_T_G01_M01_C___T004_F004,2025-11-24,41,4,11.433492660522461,3.4144158363342285,19.64457130432129,1.0,8649,0.0,15.072843500693722,14.674661,22.871725,24.731474,28.419323,33.799774,21.976692,1.0,26.443892066003766,26.0,28.0,28.781713485717773,29.0,30.0,0
Mbalmayo,BIO_FP_FH__L2A_20251124T050104_20251206T050132_T_G01_M01_C___T004_F004,2025-11-24,41,5,11.434326171875,3.4144158363342285,18.859771728515625,1.0,8649,0.0,15.632189234304544,15.406094,22.943762,24.418785,26.638401,28.437267,21.57664,1.0,27.552043477707976,27.0,29.0,30.0,30.0,30.0,0
Mbalmayo,BIO_FP_FH__L2A_20251124T050104_20251206T050132_T_G01_M01_C___T004_F004,2025-11-24,41,18,11.445161819458008,3.4144158363342285,22.713430404663086,1.0,8649,0.9125999808311462,2.7794849838131577,1.860676,5.522913,11.9446,15.810574,18.663767,4.434913,1.0,23.161202758319778,23.0,26.0,29.0,30.0,31.0,0
Mbalmayo,BIO_FP_FH__L2A_20251124T050104_20251206T050132_T_G01_M01_C___T004_F004,2025-11-24,41,20,11.446828842163086,3.4144158363342285,21.64603042602539,1.0,8649,0.0,18.340648124060586,20.235233,32.680645,34.079655,37.874596,40.157795,29.743584,1.0,28.94030447598344,29.0,31.0,31.781713485717773,32.0,32.0,0
Mbalmayo,BIO_FP_FH__L2A_20251124T050104_20251206T050132_T_G01_M01_C___T004_F004,2025-11-24,41,21,11.447662353515625,3.4144158363342285,18.785829544067383,1.0,8649,0.0,13.548294058561684,12.611993,25.423365,31.559898,39.10742,40.711872,20.519844,1.0,32.52580139917891,32.7554817199707,34.0,35.0,35.0,36.0,0
Mbalmayo,BIO_FP_FH__L2A_20251124T050104_20251206T050132_T_G01_M01_C___T004_F004,2025-11-24,41,22,11.448495864868164,3.4144158363342285,20.811262130737305,1.0,8649,0.0,24.88053351543531,26.844578,36.295315,38.100212,40.87496,42.286274,34.261696,1.0,35.421462988437206,36.0,36.0,36.0,37.0,37.0,0
Mbalmayo,BIO_FP_FH__L2A_20251124T050104_20251206T050132_T_G01_M01_C___T004_F004,2025-11-24,41,23,11.449329376220703,3.4144158363342285,21.203262329101562,1.0,8649,0.0,25.77342982208926,27.242468,34.404922,36.052902,40.44552,43.0588,31.878822,1.0,35.35871401206925,35.0,36.0,36.0,37.0,37.0,0
Mbalmayo,BIO_FP_FH__L2A_20251124T050104_20251206T050132_T_G01_M01_C___T004_F004,2025-11-24,41,24,11.450162887573242,3.4144158363342285,20.432462692260742,1.0,8649,0.0,23.74650655061279,26.052631,33.00096,34.874043,37.65206,39.08094,30.996052,1.0,32.87653719420956,33.0,35.0,36.0,36.0,36.0,0
Mbalmayo,BIO_FP_FH__L2A_20251124T050104_20251206T050132_T_G01_M01_C___T004_F004,2025-11-24,41,25,11.450996398925781,3.4144158363342285,20.07166290283203,1.0,8649,0.0,19.5910460204937,20.70534,32.804787,35.285793,37.88356,41.59492,29.057281,1.0,29.424049132434547,29.0,31.0,31.0,32.0,32.0,0
Mbalmayo,BIO_FP_FH__L2A_20251124T050104_20251206T050132_T_G01_M01_C___T004_F004,2025-11-24,41,26,11.45182991027832,3.4144158363342285,18.132661819458008,1.0,8649,0.0,19.744183756792694,20.6061,30.041668,33.76283,36.366924,38.156075,27.237206,1.0,30.49602459058388,30.0,32.0,32.0,32.0,32.0,0
Mbalmayo,BIO_FP_FH__L2A_20251124T050104_20251206T050132_T_G01_M01_C___T004_F004,2025-11-24,41,27,11.45266342163086,3.4144158363342285,15.85726261138916,1.0,8649,0.0,19.089922787316453,19.959717,35.902588,37.84758,40.080906,42.815804,34.52607,1.0,27.964553417753162,29.0,31.0,31.0,31.0,31.0,0
Mbalmayo,BIO_FP_FH__L2A_20251124T050104_20251206T050132_T_G01_M01_C___T004_F004,2025-11-24,41,31,11.455997467041016,3.4144158363342285,28.692821502685547,1.0,8649,0.0,25.27686817117586,26.220352,31.199072,32.623363,35.670536,38.74267,30.559456,1.0,38.343243814504326,38.0,39.0,39.0,40.0,40.0,0
Mbalmayo,BIO_FP_FH__L2A_20251124T050104_20251206T050132_T_G01_M01_C___T004_F004,2025-11-24,41,32,11.456830978393555,3.4144158363342285,29.736421585083008,1.0,8649,0.14560000598430634,23.518334399208,24.740747,35.650673,36.86097,39.9068,42.797607,34.81084,1.0,38.75466170737145,39.0,40.0,40.0,40.0,40.0,0
Mbalmayo,BIO_FP_FH__L2A_20251124T050104_20251206T050132_T_G01_M01_C___T004_F004,2025-11-24,41,33,11.457664489746094,3.4144158363342285,29.61062240600586,1.0,8649,0.5672000050544739,28.93738889611516,31.451323,36.868927,37.89926,39.961304,42.43063,36.012695,1.0,38.81839544988944,39.0,40.0,40.0,40.0,40.0,0
Mbalmayo,BIO_FP_FH__L2A_20251124T050104_20251206T050132_T_G01_M01_C___T004_F004,2025-11-24,41,34,11.458498001098633,3.4144158363342285,30.469022750854492,1.0,8649,0.9932000041007996,30.649327686004163,32.02118,36.78943,37.812202,39.31469,41.10868,36.201847,1.0,36.44395803592015,36.8678092956543,38.27107238769531,39.0,39.0,39.0,0
Mbalmayo,BIO_FP_FH__L2A_20251124T050104_20251206T050132_T_G01_M01_C___T004_F004,2025-11-24,41,35,11.459331512451172,3.4144158363342285,29.523422241210938,1.0,8649,0.6254000067710876,22.406703900017344,23.189337,31.641985,33.614468,39.796967,41.805447,30.928654,1.0,31.516171175863775,31.0,34.0,34.31766128540039,36.0,36.0,0
Mbalmayo,BIO_FP_FH__L2A_20251124T050104_20251206T050132_T_G01_M01_C___T004_F004,2025-11-24,41,36,11.460165023803711,3.4144158363342285,28.49342155456543,1.0,8649,0.22499999403953552,9.133678297346513,5.9919047,23.893187,29.100107,35.469837,37.756874,18.88352,1.0,32.656551895864936,32.0,36.0,36.0,37.0,37.0,0
Mbalmayo,BIO_FP_FH__L2A_20251124T050104_20251206T050132_T_G01_M01_C___T004_F004,2025-11-24,41,44,11.466833114624023,3.4144158363342285,21.636308670043945,1.0,8649,0.0,21.675634014770495,22.113632,31.746983,33.432915,36.072124,39.408367,29.880175,1.0,33.14166610824509,34.0,35.0,35.0,35.0,35.0,0
Mbalmayo,BIO_FP_FH__L2A_20251124T050104_20251206T050132_T_G01_M01_C___T004_F004,2025-11-24,41,45,11.467666625976562,3.4144158363342285,19.587509155273438,1.0,8649,0.0,19.12869081685744,19.41341,25.215078,27.397566,32.533173,39.461662,23.638266,1.0,31.02649484930569,31.0,34.0,35.0,35.0,35.0,0
Mbalmayo,BIO_FP_FH__L2A_20251124T050104_20251206T050132_T_G01_M01_C___T004_F004,2025-11-24,41,46,11.468500137329102,3.4144158363342285,18.25152015686035,1.0,8649,0.0,19.999220014597064,19.349625,31.139765,34.85821,38.389122,40.16702,26.91401,1.0,30.40065346553651,31.0,33.0,33.0,33.0,34.0,0
Mbalmayo,BIO_FP_FH__L2A_20251124T050104_20251206T050132_T_G01_M01_C___T004_F004,2025-11-24,42,3,11.432659149169922,3.4135823249816895,18.304771423339844,1.0,8649,0.0,14.254160975979882,13.528618,21.497496,24.52328,27.58003,33.823326,20.09709,1.0,26.87432924619726,27.0,29.0,29.0,30.0,31.0,0
Mbalmayo,BIO_FP_FH__L2A_20251124T050104_20251206T050132_T_G01_M01_C___T004_F004,2025-11-24,42,4,11.433492660522461,3.4135823249816895,19.5711727142334,1.0,8649,0.0,17.62408271548734,17.206299,27.721828,29.256907,32.078907,34.10902,25.357725,1.0,28.527461627629854,29.0,31.0,32.0,32.0,32.0,0
Mbalmayo,BIO_FP_FH__L2A_20251124T050104_20251206T050132_T_G01_M01_C___T004_F004,2025-11-24,42,5,11.434326171875,3.4135823249816895,19.609172821044922,1.0,8649,0.0,17.585677354318417,17.54331,26.771105,29.933462,32.468838,33.95493,24.794506,1.0,30.651716477086136,31.0,32.0,32.0,33.0,33.0,0
Mbalmayo,BIO_FP_FH__L2A_20251124T050104_20251206T050132_T_G01_M01_C___T004_F004,2025-11-24,42,6,11.435159683227539,3.4135823249816895,19.647075653076172,1.0,8649,0.0,16.163973074921955,15.371672,26.112799,28.924227,33.067837,36.065994,23.976767,1.0,30.74270100041695,31.0,33.0,33.0,33.0,33.0,0
Mbalmayo,BIO_FP_FH__L2A_20251124T050104_20251206T050132_T_G01_M01_C___T004_F004,2025-11-24,42,7,11.435993194580078,3.4135823249816895,18.646875381469727,1.0,8649,0.0,13.29441264886114,12.175149,25.397507,30.78756,35.462154,40.172787,19.618576,1.0,29.4036670298449,29.0,33.0,33.0,34.0,34.0,0
Mbalmayo,BIO_FP_FH__L2A_20251124T050104_20251206T050132_T_G01_M01_C___T004_F004,2025-11-24,42,8,11.436826705932617,3.4135823249816895,17.08307456970215,1.0,8649,0.8888000249862671,14.48877353957105,10.502933,28.74803,34.4266,48.585754,51.570885,23.921362,1.0,27.458423399927987,27.0,30.0,31.0,31.151966094970703,34.0,0
Mbalmayo,BIO_FP_FH__L2A_20251124T050104_20251206T050132_T_G01_M01_C___T004_F004,2025-11-24,42,16,11.44349479675293,3.4135823249816895,18.0748291015625,1.0,8649,0.0,15.316442832986473,16.111004,27.855001,30.039377,34.232136,36.032833,24.722876,1.0,30.959763617002285,31.0,32.0,32.0,32.0,32.0,0
Mbalmayo,BIO_FP_FH__L2A_20251124T050104_20251206T050132_T_G01_M01_C___T004_F004,2025-11-24,42,20,11.446828842163086,3.4135823249816895,18.306230545043945,1.0,8649,1.1139999628067017,12.76949963507342,10.734321,23.825514,28.498466,36.760082,39.268818,22.235119,1.0,30.308181495415102,30.0,33.0,33.0,35.0,35.0,0
Mbalmayo,BIO_FP_FH__L2A_20251124T050104_20251206T050132_T_G01_M01_C___T004_F004,2025-11-24,42,21,11.447662353515625,3.4135823249816895,18.6948299407959,1.0,8649,0.0,12.199739041363163,10.284842,24.35273,27.625824,30.795084,37.36441,20.96503,1.0,33.794635550853684,35.0,36.0,36.0,36.0,36.0,0
Mbalmayo,BIO_FP_FH__L2A_20251124T050104_20251206T050132_T_G01_M01_C___T004_F004,2025-11-24,42,22,11.448495864868164,3.4135823249816895,22.02286148071289,1.0,8649,0.0,17.299583044282578,15.722944,33.16205,35.71493,42.438454,45.229275,27.185669,1.0,35.67932079419716,36.0,37.0,37.0,38.0,38.0,0
Mbalmayo,BIO_FP_FH__L2A_20251124T050104_20251206T050132_T_G01_M01_C___T004_F004,2025-11-24,42,23,11.449329376220703,3.4135823249816895,22.131662368774414,1.0,8649,0.0,19.535131409700544,22.113998,32.25491,33.68113,35.875706,39.671005,30.254375,1.0,34.65076792100935,34.0,36.0,37.0,37.0,37.0,0
Mbalmayo,BIO_FP_FH__L2A_20251124T050104_20251206T050132_T_G01_M01_C___T004_F004,2025-11-24,42,24,11.450162887573242,3.4135823249816895,21.089061737060547,1.0,8649,0.0,24.608164148311943,25.975348,34.643017,36.029438,38.882244,42.032772,32.63436,1.0,33.792661477877424,34.0,35.0,35.0,35.0,36.0,0
Mbalmayo,BIO_FP_FH__L2A_20251124T050104_20251206T050132_T_G01_M01_C___T004_F004,2025-11-24,42,25,11.450996398925781,3.4135823249816895,20.739063262939453,1.0,8649,0.0,21.872134784368136,23.148024,32.818962,35.34775,38.621685,41.64812,29.690483,1.0,31.487549551237056,31.0,34.0,34.0,34.0,35.0,0
Mbalmayo,BIO_FP_FH__L2A_20251124T050104_20251206T050132_T_G01_M01_C___T004_F004,2025-11-24,42,26,11.45182991027832,3.4135823249816895,19.24546241760254,1.0,8649,0.0,13.684972612440745,15.882502,25.330393,27.253082,30.603481,32.934025,23.019331,1.0,28.812393264117745,30.0,31.0,31.0,32.0,32.0,0
Mbalmayo,BIO_FP_FH__L2A_20251124T050104_20251206T050132_T_G01_M01_C___T004_F004,2025-11-24,42,27,11.45266342163086,3.4135823249816895,16.803462982177734,1.0,8649,0.0,19.660866682564457,19.779758,31.58378,34.133514,37.28376,39.62364,29.388266,1.0,28.924428140404515,29.0,30.0,31.0,31.0,31.0,0
Mbalmayo,BIO_FP_FH__L2A_20251124T050104_20251206T050132_T_G01_M01_C___T004_F004,2025-11-24,42,31,11.455997467041016,3.4135823249816895,29.10462188720703,1.0,8649,0.0,25.69984111241184,27.195488,33.529266,35.48886,38.276424,40.586426,32.861786,1.0,37.087979466560355,37.0,38.0,39.0,39.0,39.0,0
Mbalmayo,BIO_FP_FH__L2A_20251124T050104_20251206T050132_T_G01_M01_C___T004_F004,2025-11-24,42,32,11.456830978393555,3.4135823249816895,31.671022415161133,1.0,8649,0.06800000369548798,28.799275024569315,30.734457,37.25236,38.49443,40.502872,41.616886,36.547974,1.0,36.9294528557615,37.0,39.0,39.0,40.0,40.0,0
Mbalmayo,BIO_FP_FH__L2A_20251124T050104_20251206T050132_T_G01_M01_C___T004_F004,2025-11-24,42,33,11.457664489746094,3.4135823249816895,30.96002197265625,1.0,8649,0.48240000009536743,23.880657265290786,25.846731,35.151577,37.263947,39.017498,40.27786,34.528072,1.0,37.23589589937889,37.0,38.0,38.0,38.0,39.0,0
Mbalmayo,BIO_FP_FH__L2A_20251124T050104_20251206T050132_T_G01_M01_C___T004_F004,2025-11-24,42,34,11.458498001098633,3.4135823249816895,30.59142303466797,1.0,8649,0.9038000106811523,17.76011271172968,17.332405,28.775726,30.574202,33.609463,38.797657,28.129742,1.0,35.83065871583725,36.0,37.0,37.95390701293945,38.0,38.0,0
Mbalmayo,BIO_FP_FH__L2A_20251124T050104_20251206T050132_T_G01_M01_C___T004_F004,2025-11-24,42,35,11.459331512451172,3.4135823249816895,30.212223052978516,1.0,8649,0.7024000287055969,26.114663725575213,27.598255,36.24916,37.486355,39.228294,41.70292,35.493576,1.0,32.962251189733905,33.0,35.0,35.0,36.0,36.0,0
Mbalmayo,BIO_FP_FH__L2A_20251124T050104_20251206T050132_T_G01_M01_C___T004_F004,2025-11-24,42,36,11.460165023803711,3.4135823249816895,29.357421875,1.0,8649,0.3001999855041504,12.368984582755232,11.37507,24.213753,27.721395,30.582014,34.879734,21.254143,1.0,32.76940396838498,32.0,35.0,36.0,36.0,36.0,0
Mbalmayo,BIO_FP_FH__L2A_20251124T050104_20251206T050132_T_G01_M01_C___T004_F004,2025-11-24,42,37,11.46099853515625,3.4135823249816895,27.371023178100586,1.0,8649,0.0,14.729595726384552,12.118828,30.412132,34.404243,38.179306,40.72958,24.65356,1.0,37.3684837071382,38.0,39.0,40.0,40.07988357543945,42.0,0
Mbalmayo,BIO_FP_FH__L2A_20251124T050104_20251206T050132_T_G01_M01_C___T004_F004,2025-11-24,42,38,11.461832046508789,3.4135823249816895,22.07370948791504,1.0,8649,0.0,21.57995460096543,21.236631,36.070545,37.447083,39.284454,40.33219,35.03514,1.0,38.604744650860276,38.0,41.0,41.0,42.0,42.0,0
Mbalmayo,BIO_FP_FH__L2A_20251124T050104_20251206T050132_T_G01_M01_C___T004_F004,2025-11-24,42,41,11.464332580566406,3.4135823249816895,21.07210922241211,1.0,8649,1.0640000104904175,21.348504884957798,21.245893,30.539633,32.304535,34.93212,37.99415,29.10225,1.0,32.42553944476892,32.0,34.0,34.0,34.0,35.0,0
Mbalmayo,BIO_FP_FH__L2A_20251124T050104_20251206T050132_T_G01_M01_C___T004_F004,2025-11-24,42,42,11.465166091918945,3.4135823249816895,23.64910888671875,1.0,8649,0.0,16.87110187955255,16.542429,25.440756,27.144743,30.725029,35.148487,23.740046,1.0,31.840095401595875,32.0,34.0,34.0,34.556026458740234,35.0,0
Mbalmayo,BIO_FP_FH__L2A_20251124T050104_20251206T050132_T_G01_M01_C___T004_F004,2025-11-24,42,43,11.465999603271484,3.4135823249816895,22.369108200073242,1.0,8649,0.0,24.280985789542143,24.319963,32.336174,33.865532,37.05281,39.655712,30.619703,1.0,34.87877174189551,35.0,36.0,36.0,37.0,37.0,0
Mbalmayo,BIO_FP_FH__L2A_20251124T050104_20251206T050132_T_G01_M01_C___T004_F004,2025-11-24,42,44,11.466833114624023,3.4135823249816895,21.008108139038086,1.0,8649,0.0,18.592673737570816,17.308758,31.024603,33.851147,37.8896,40.185863,28.762367,1.0,34.669206162107685,35.0,36.0,36.0,36.0,36.0,0
Mbalmayo,BIO_FP_FH__L2A_20251124T050104_20251206T050132_T_G01_M01_C___T004_F004,2025-11-24,42,45,11.467666625976562,3.4135823249816895,19.21510887145996,1.0,8649,0.0,16.9178219664123,16.002508,32.573963,34.551926,38.704086,41.383068,30.026356,1.0,32.82024897596218,33.0,35.0,35.0,36.0,36.0,0
Mbalmayo,BIO_FP_FH__L2A_20251124T050104_20251206T050132_T_G01_M01_C___T004_F004,2025-11-24,42,46,11.468500137329102,3.4135823249816895,17.899120330810547,1.0,8649,0.0,15.659963850589664,14.147302,29.094444,32.385864,35.594185,40.72282,25.125105,1.0,31.010025627779292,31.50383758544922,33.0,33.0,33.0,34.0,0
Mbalmayo,BIO_FP_FH__L2A_20251124T050104_20251206T050132_T_G01_M01_C___T004_F004,2025-11-24,43,3,11.432659149169922,3.4127488136291504,16.55257225036621,1.0,8649,0.0,17.01932620461903,16.80418,26.386417,28.577562,32.507553,37.22985,24.22611,1.0,29.562144676541052,29.65616798400879,31.0,31.0,32.0,32.0,0
Mbalmayo,BIO_FP_FH__L2A_20251124T050104_20251206T050132_T_G01_M01_C___T004_F004,2025-11-24,43,4,11.433492660522461,3.4127488136291504,18.096773147583008,1.0,8649,0.0,16.4707521281362,14.616481,30.716726,35.475304,39.038017,41.415756,27.430044,1.0,30.2015404610265,30.0,33.0,34.0,34.0,34.0,0
Mbalmayo,BIO_FP_FH__L2A_20251124T050104_20251206T050132_T_G01_M01_C___T004_F004,2025-11-24,43,5,11.434326171875,3.4127488136291504,21.095172882080078,1.0,8649,0.0,12.17293861645855,11.400409,22.881435,25.723604,29.63701,34.408978,20.272743,1.0,32.22626029760083,32.0,33.0,33.0,33.0,34.0,0
Mbalmayo,BIO_FP_FH__L2A_20251124T050104_20251206T050132_T_G01_M01_C___T004_F004,2025-11-24,43,6,11.435159683227539,3.4127488136291504,23.14827537536621,1.0,8649,0.0,12.91515818302694,11.197402,25.369354,31.302452,41.141567,44.097603,21.164719,1.0,33.125972881001786,33.0,34.0,34.0,35.0,35.0,0
Mbalmayo,BIO_FP_FH__L2A_20251124T050104_20251206T050132_T_G01_M01_C___T004_F004,2025-11-24,43,7,11.435993194580078,3.4127488136291504,22.289674758911133,1.0,8649,0.0,19.68803790539369,19.752537,32.745472,37.272602,41.95457,44.796516,30.456326,1.0,34.570731241643216,34.25801086425781,36.0,36.0,37.0,37.0,0
Mbalmayo,BIO_FP_FH__L2A_20251124T050104_20251206T050132_T_G01_M01_C___T004_F004,2025-11-24,43,8,11.436826705932617,3.4127488136291504,20.957874298095703,0.9979839274229679,8637,0.0,13.682832939450908,12.5352125,25.27326,28.689869,34.222214,42.789803,22.53614,1.0,31.937773648624905,32.0,34.0,34.575889587402344,35.0,35.0,0
Mbalmayo,BIO_FP_FH__L2A_20251124T050104_20251206T050132_T_G01_M01_C___T004_F004,2025-11-24,43,16,11.44349479675293,3.4127488136291504,14.87263011932373,0.9524671272509828,8296,0.0,13.222609068296585,11.306747,25.476015,28.280823,32.17593,34.768513,23.34237,1.0,28.83025022478707,29.0,30.0,30.0,31.0,32.0,0
Mbalmayo,BIO_FP_FH__L2A_20251124T050104_20251206T050132_T_G01_M01_C___T004_F004,2025-11-24,43,20,11.446828842163086,3.4127488136291504,16.1146297454834,0.9058442845180801,7922,0.0,19.752254943524942,16.15727,37.10184,39.24241,41.755512,43.59423,30.425703,1.0,36.13291192867946,36.53007125854492,37.0,37.0,38.0,38.0,0
