site,scene,biomass_date,row,col,x,y,fh,coverage,n_fine,fh_quality,als_mean,als_p50,als_p90,als_p95,als_p99,als_max,als2_p90,eth_coverage,eth_mean,eth_p50,eth_p90,eth_p95,eth_p99,eth_max
Mbalmayo,BIO_FP_FH__L2A_20251124T050104_20251206T050132_T_G01_M01_C___T004_F004,2025-11-24,2,2,11.431825637817383,3.446922779083252,18.857730865478516,0.9999982080291223,2209,0.0,12.038770156588896,8.975788,26.415821,29.613083,32.047676,33.389946,23.72476,1.0,29.616878152055513,29.970569610595703,32.0,32.37860107421875,33.0,33.0
Mbalmayo,BIO_FP_FH__L2A_20251124T050104_20251206T050132_T_G01_M01_C___T004_F004,2025-11-24,2,3,11.432659149169922,3.446922779083252,20.418331146240234,0.9999999976255279,2209,0.0,18.455681308897546,19.114399,30.695946,32.107197,34.417324,36.26572,27.96141,1.0,33.89866152582475,34.0,35.00202941894531,36.0,36.0,36.0
Mbalmayo,BIO_FP_FH__L2A_20251124T050104_20251206T050132_T_G01_M01_C___T004_F004,2025-11-24,2,4,11.433492660522461,3.446922779083252,21.718332290649414,1.0000000008634444,2209,0.0,14.847233441278819,13.712686,25.33118,30.667301,37.23366,41.63796,21.87234,1.0,34.950750127320056,35.0,36.0,36.0,36.0,36.0
Mbalmayo,BIO_FP_FH__L2A_20251124T050104_20251206T050132_T_G01_M01_C___T004_F004,2025-11-24,2,5,11.434326171875,3.446922779083252,22.95713233947754,1.0000000056123886,2209,0.0,15.380379198062714,13.782845,30.760057,36.154854,39.31633,43.299698,23.414728,1.0,34.27401198753678,34.791927337646484,36.0,36.0,36.99797058105469,37.0
Mbalmayo,BIO_FP_FH__L2A_20251124T050104_20251206T050132_T_G01_M01_C___T004_F004,2025-11-24,2,6,11.435159683227539,3.446922779083252,23.975006103515625,1.0000000056123886,2209,0.0,15.09511279142989,14.856993,25.197329,28.937183,36.928986,40.612427,21.125984,1.0,31.771777421114617,32.0,33.0,33.0,35.0,35.0
Mbalmayo,BIO_FP_FH__L2A_20251124T050104_20251206T050132_T_G01_M01_C___T004_F004,2025-11-24,2,7,11.435993194580078,3.446922779083252,23.789804458618164,1.0000000008634444,2209,0.0,24.744276516687474,25.05963,32.300766,33.496284,37.42866,43.689587,31.296267,1.0,29.593100137222724,30.0,32.0,32.67823791503906,33.0,33.0
Mbalmayo,BIO_FP_FH__L2A_20251124T050104_20251206T050132_T_G01_M01_C___T004_F004,2025-11-24,2,17,11.444328308105469,3.446922779083252,21.29295539855957,0.9999999961145003,2209,0.0,7.523655787249463,5.5597243,15.066798,20.67426,27.142832,29.556387,12.209387,0.9999999792773349,20.44932135031845,20.0,24.0,25.0,26.0,26.0
Mbalmayo,BIO_FP_FH__L2A_20251124T050104_20251206T050132_T_G01_M01_C___T004_F004,2025-11-24,2,24,11.450162887573242,3.446922779083252,20.283153533935547,1.0000000129516657,2209,0.27219998836517334,24.78582953302614,27.62917,36.282917,37.951855,40.414753,43.26609,33.270275,1.0,33.43522371194545,34.0,34.60403823852539,35.0,35.80088424682617,36.0
Mbalmayo,BIO_FP_FH__L2A_20251124T050104_20251206T050132_T_G01_M01_C___T004_F004,2025-11-24,2,25,11.450996398925781,3.446922779083252,16.50675392150879,0.9999999956827781,2209,0.0,24.808715250476837,26.367313,37.90357,41.28238,47.319454,49.61731,33.39584,1.0,33.16483376996449,34.0,35.0,35.90098190307617,36.0,36.0
Mbalmayo,BIO_FP_FH__L2A_20251124T050104_20251206T050132_T_G01_M01_C___T004_F004,2025-11-24,2,26,11.45182991027832,3.446922779083252,15.25235366821289,1.0000000034537775,2209,0.0,19.28328302716442,18.578957,31.075373,34.897484,40.035267,41.427395,27.204582,1.0,28.70576473597004,29.0,34.0,34.0,34.90098190307617,35.0
Mbalmayo,BIO_FP_FH__L2A_20251124T050104_20251206T050132_T_G01_M01_C___T004_F004,2025-11-24,2,27,11.45266342163086,3.446922779083252,17.97515296936035,0.9999999879117787,2209,0.35920000076293945,13.294383340528501,12.748717,22.337782,24.547903,27.128445,31.273623,19.220993,1.0,25.02604623486306,26.0,28.0,28.477474212646484,29.0,29.0
Mbalmayo,BIO_FP_FH__L2A_20251124T050104_20251206T050132_T_G01_M01_C___T004_F004,2025-11-24,2,30,11.455163955688477,3.446922779083252,24.345808029174805,1.0000000051806663,2209,0.7310000061988831,14.186659235611105,10.038374,32.103256,35.204685,40.74459,42.81552,24.530518,1.0,32.67197115316603,32.882015228271484,37.0,37.80805206298828,38.0,38.0
Mbalmayo,BIO_FP_FH__L2A_20251124T050104_20251206T050132_T_G01_M01_C___T004_F004,2025-11-24,2,31,11.455997467041016,3.446922779083252,28.370206832885742,1.000000004317222,2209,0.29600000381469727,24.666269067225194,25.57649,37.251114,40.92306,45.372726,47.651764,33.536015,1.0,34.081179465574074,34.0,35.0,35.0,36.0,36.0
Mbalmayo,BIO_FP_FH__L2A_20251124T050104_20251206T050132_T_G01_M01_C___T004_F004,2025-11-24,2,32,11.456830978393555,3.446922779083252,29.026607513427734,0.9999999896386674,2209,0.7829999923706055,21.532056044655548,23.646795,31.151505,33.10814,39.014805,43.447845,29.090197,1.0,33.73158998433256,34.0,34.572715759277344,35.0,35.0,35.980747
Mbalmayo,BIO_FP_FH__L2A_20251124T050104_20251206T050132_T_G01_M01_C___T004_F004,2025-11-24,2,33,11.457664489746094,3.446922779083252,31.053407669067383,1.000000006907555,2209,1.0892000198364258,18.69254856831425,18.836668,29.589771,34.142147,38.836285,42.731426,25.16684,1.0,33.73124858533273,34.0,35.99797058105469,36.0,36.0,36.0
Mbalmayo,BIO_FP_FH__L2A_20251124T050104_20251206T050132_T_G01_M01_C___T004_F004,2025-11-24,2,34,11.458498001098633,3.446922779083252,31.058807373046875,0.9999999930924449,2209,1.9550000429153442,17.47986620038183,18.159756,29.886795,38.888893,45.371815,47.94445,26.298067,1.0,32.281470268114816,32.0,34.0,35.0,36.0,36.0
Mbalmayo,BIO_FP_FH__L2A_20251124T050104_20251206T050132_T_G01_M01_C___T004_F004,2025-11-24,2,38,11.461832046508789,3.446922779083252,25.46890640258789,0.9999999995682778,2209,0.19554512202739716,11.058033444993917,8.15736,25.43968,29.594435,36.37735,40.86641,22.182743,1.0,31.387947410628396,32.0,33.0,33.0,34.0,34.0
Mbalmayo,BIO_FP_FH__L2A_20251124T050104_20251206T050132_T_G01_M01_C___T004_F004,2025-11-24,2,39,11.462665557861328,3.446922779083252,27.060306549072266,1.0000000077709994,2209,0.6055451035499573,16.407846609100385,14.918218,31.349247,33.703278,37.265247,39.111046,28.370733,1.0,33.093161365790515,33.0,35.0,36.0,36.0,37.0
Mbalmayo,BIO_FP_FH__L2A_20251124T050104_20251206T050132_T_G01_M01_C___T004_F004,2025-11-24,3,2,11.431825637817383,3.446089267730713,23.427730560302734,1.000000006907555,2209,0.0,16.77511499438502,18.29719,25.936682,27.030704,28.827553,30.393415,25.236519,1.0,32.04839002022974,32.0,33.0,33.0,34.0,34.0
Mbalmayo,BIO_FP_FH__L2A_20251124T050104_20251206T050132_T_G01_M01_C___T004_F004,2025-11-24,3,3,11.432659149169922,3.446089267730713,25.039331436157227,0.9999999982731113,2209,0.0,15.188792540296452,15.349297,26.332775,29.934704,32.498753,33.38055,23.156866,1.0,33.35002493351064,33.0,34.0,34.0,35.0,35.0
Mbalmayo,BIO_FP_FH__L2A_20251124T050104_20251206T050132_T_G01_M01_C___T004_F004,2025-11-24,3,4,11.433492660522461,3.446089267730713,25.45193099975586,1.0000000034537775,2209,0.0,15.26231802439202,13.205989,27.743202,31.838488,40.235935,43.02923,23.740831,1.0,32.65246244942565,33.0,35.0,35.0,36.0,36.0
Mbalmayo,BIO_FP_FH__L2A_20251124T050104_20251206T050132_T_G01_M01_C___T004_F004,2025-11-24,3,5,11.434326171875,3.446089267730713,26.40593147277832,1.0000000034537775,2209,0.0,10.841340980369734,8.599358,25.083548,27.37315,32.394173,42.101204,21.24413,1.0,33.114424477987775,33.0,35.0,36.0,37.0,37.0
Mbalmayo,BIO_FP_FH__L2A_20251124T050104_20251206T050132_T_G01_M01_C___T004_F004,2025-11-24,3,6,11.435159683227539,3.446089267730713,26.387205123901367,1.0000000051806663,2209,0.0,19.13088906126654,19.158072,30.966024,34.58914,42.71406,46.185017,27.405092,1.0,32.8898144398625,33.0,35.0,35.0,35.0,35.0
Mbalmayo,BIO_FP_FH__L2A_20251124T050104_20251206T050132_T_G01_M01_C___T004_F004,2025-11-24,3,7,11.435993194580078,3.446089267730713,25.948205947875977,0.994148718927607,2203,0.0,17.979186276218876,17.100592,29.732342,30.920057,34.017056,37.014572,27.67258,1.0,28.6761562473475,28.99199104309082,32.0,33.0,33.0,33.0
Mbalmayo,BIO_FP_FH__L2A_20251124T050104_20251206T050132_T_G01_M01_C___T004_F004,2025-11-24,3,16,11.44349479675293,3.446089267730713,22.439556121826172,1.000000006907555,2209,0.0,8.679891986562733,6.996724,16.290808,19.738445,28.424314,31.653833,13.586221,1.0,25.354601824213447,26.0,29.0,29.0,30.0,30.0
Mbalmayo,BIO_FP_FH__L2A_20251124T050104_20251206T050132_T_G01_M01_C___T004_F004,2025-11-24,3,17,11.444328308105469,3.446089267730713,22.062955856323242,0.9999999965462225,2209,0.0,6.578322095265083,5.0882115,12.2977295,15.624836,24.404217,30.68611,9.535005,1.0000000207226651,21.553066817255047,21.0,26.0,26.0,29.0,30.0
Mbalmayo,BIO_FP_FH__L2A_20251124T050104_20251206T050132_T_G01_M01_C___T004_F004,2025-11-24,3,24,11.450162887573242,3.446089267730713,26.476953506469727,1.0,2209,0.7883999943733215,25.727899250049514,28.04666,34.40444,36.118774,38.802948,39.693844,31.298563,1.0,35.28953729770258,35.0,37.0,37.0,37.0,37.0
Mbalmayo,BIO_FP_FH__L2A_20251124T050104_20251206T050132_T_G01_M01_C___T004_F004,2025-11-24,3,25,11.450996398925781,3.446089267730713,22.556352615356445,1.0,2209,0.5005999803543091,24.849776316789978,25.41276,36.295376,37.758923,39.49235,41.50927,32.63504,1.0,36.00112267110401,36.0,37.0,37.0,37.0,37.0
Mbalmayo,BIO_FP_FH__L2A_20251124T050104_20251206T050132_T_G01_M01_C___T004_F004,2025-11-24,3,26,11.45182991027832,3.446089267730713,17.490352630615234,1.0,2209,0.11919999867677689,23.56691249089308,22.165861,37.618412,39.06848,40.8563,43.302177,34.476788,1.0,33.27143298279057,33.0,36.0,37.0,37.0,37.0
Mbalmayo,BIO_FP_FH__L2A_20251124T050104_20251206T050132_T_G01_M01_C___T004_F004,2025-11-24,3,30,11.455163955688477,3.446089267730713,21.617807388305664,1.0,2209,1.1349999904632568,6.639091163590355,4.125015,16.401493,19.566654,23.351389,29.498098,13.937135,1.0,31.17737341380432,31.0,32.0,33.0,33.0,33.96067
Mbalmayo,BIO_FP_FH__L2A_20251124T050104_20251206T050132_T_G01_M01_C___T004_F004,2025-11-24,3,31,11.455997467041016,3.446089267730713,27.055606842041016,1.0,2209,0.1615999937057495,18.348191060540685,18.84199,30.842659,34.723675,39.03381,42.04049,25.04993,1.0,33.56986975335276,34.0,35.0,35.0,35.0,35.0
Mbalmayo,BIO_FP_FH__L2A_20251124T050104_20251206T050132_T_G01_M01_C___T004_F004,2025-11-24,3,32,11.456830978393555,3.446089267730713,29.133207321166992,1.0,2209,0.6646000146865845,19.424924381613568,19.222511,32.354168,35.082775,37.13855,38.279945,27.401453,1.0,34.993084045382524,35.0,36.0,36.0,37.0,37.0
Mbalmayo,BIO_FP_FH__L2A_20251124T050104_20251206T050132_T_G01_M01_C___T004_F004,2025-11-24,3,33,11.457664489746094,3.446089267730713,31.806407928466797,1.0,2209,1.073799967765808,20.23521167069552,18.936653,37.56158,40.669243,45.062016,48.808987,29.2232,1.0,35.58777988307775,36.0,37.0,37.0,37.0,37.0
Mbalmayo,BIO_FP_FH__L2A_20251124T050104_20251206T050132_T_G01_M01_C___T004_F004,2025-11-24,4,3,11.432659149169922,3.445255756378174,28.694332122802734,0.9999999965462225,2209,0.0,21.28088154162344,21.485996,30.100105,32.378513,37.831017,39.451935,28.50909,1.0,32.24099122198959,32.0,33.0,33.0,33.0,33.68964
Mbalmayo,BIO_FP_FH__L2A_20251124T050104_20251206T050132_T_G01_M01_C___T004_F004,2025-11-24,4,4,11.433492660522461,3.445255756378174,28.10453224182129,1.0000000103613325,2209,0.0,18.432748405839064,17.827826,30.312635,34.204453,36.334625,37.794666,26.40222,1.0,31.2674110174287,31.0,32.0,32.416038513183594,34.0,34.0
Mbalmayo,BIO_FP_FH__L2A_20251124T050104_20251206T050132_T_G01_M01_C___T004_F004,2025-11-24,4,5,11.434326171875,3.445255756378174,27.51473045349121,1.0000000103613325,2209,0.0,16.79263005054904,15.212257,30.442482,34.082176,37.205906,40.26449,24.918617,1.0,29.57274705395541,29.419435501098633,33.0,33.0,34.0,34.0
Mbalmayo,BIO_FP_FH__L2A_20251124T050104_20251206T050132_T_G01_M01_C___T004_F004,2025-11-24,4,6,11.435159683227539,3.445255756378174,27.242605209350586,1.0000000172688877,2209,0.0,20.395407107334524,20.685913,26.939438,28.709454,32.847836,35.133675,26.203442,1.0,31.12456631606496,31.0,32.0,33.0,33.0,33.0
Mbalmayo,BIO_FP_FH__L2A_20251124T050104_20251206T050132_T_G01_M01_C___T004_F004,2025-11-24,4,7,11.435993194580078,3.445255756378174,26.786205291748047,1.000000006907555,2209,0.0,16.731358106473397,17.81264,24.069614,25.733582,27.097445,29.763056,22.362047,1.0,27.0122744489871,27.0,30.0,30.981952667236328,32.0,32.0
Mbalmayo,BIO_FP_FH__L2A_20251124T050104_20251206T050132_T_G01_M01_C___T004_F004,2025-11-24,4,14,11.441827774047852,3.445255756378174,23.107555389404297,0.9106895443323566,2032,0.0,13.512495370180272,11.113867,26.260782,30.849396,39.34116,43.36158,24.158113,0.9506485275468873,29.830071071051144,30.0,33.0,33.0,33.0,33.0
Mbalmayo,BIO_FP_FH__L2A_20251124T050104_20251206T050132_T_G01_M01_C___T004_F004,2025-11-24,4,15,11.44266128540039,3.445255756378174,24.098356246948242,0.9999999930924449,2209,0.0,13.136535659289487,13.16218,19.99323,23.618727,33.788437,35.43157,17.793165,1.0000000138151102,30.290111366778138,30.0,32.0,32.19586181640625,33.0,33.0
Mbalmayo,BIO_FP_FH__L2A_20251124T050104_20251206T050132_T_G01_M01_C___T004_F004,2025-11-24,4,16,11.44349479675293,3.445255756378174,24.7403564453125,0.9999999896386674,2209,0.0,12.827351873568118,11.631132,24.378605,27.680782,35.84051,37.650913,21.680716,1.0000000518066627,30.93893041620576,31.0,33.0,33.0,33.0,33.820137
Mbalmayo,BIO_FP_FH__L2A_20251124T050104_20251206T050132_T_G01_M01_C___T004_F004,2025-11-24,4,17,11.444328308105469,3.445255756378174,24.482555389404297,0.9999999930924449,2209,0.0,20.19484723606928,20.757288,30.683285,32.621185,37.12775,40.990986,28.52998,1.0,30.877865364347556,31.0,33.0,33.0,34.0,34.0
Mbalmayo,BIO_FP_FH__L2A_20251124T050104_20251206T050132_T_G01_M01_C___T004_F004,2025-11-24,4,18,11.445161819458008,3.445255756378174,23.032955169677734,1.000000006907555,2209,0.0,18.224836645822545,17.501505,28.737156,32.279587,35.617085,38.31042,25.604273,1.0,31.598855954157706,31.884963989257812,33.0,33.0,34.0,34.0
Mbalmayo,BIO_FP_FH__L2A_20251124T050104_20251206T050132_T_G01_M01_C___T004_F004,2025-11-24,4,19,11.445995330810547,3.445255756378174,21.095556259155273,0.9999999965462225,2209,1.3143999576568604,24.114267069018393,24.261038,34.883484,36.372917,37.719894,39.144543,31.529812,1.0,33.07829741257356,33.0,35.0,35.0,37.0,37.0
Mbalmayo,BIO_FP_FH__L2A_20251124T050104_20251206T050132_T_G01_M01_C___T004_F004,2025-11-24,4,20,11.446828842163086,3.445255756378174,19.660554885864258,1.0000000138151102,2209,1.6141999959945679,21.325837973103447,22.878567,28.80643,31.45522,35.143726,39.63696,27.38409,1.0,31.15712532537347,31.0,34.0,34.0,34.0,34.0
Mbalmayo,BIO_FP_FH__L2A_20251124T050104_20251206T050132_T_G01_M01_C___T004_F004,2025-11-24,4,21,11.447662353515625,3.445255756378174,19.499755859375,0.9999999965462225,2209,0.07039999961853027,20.084079492323163,21.699982,30.043568,31.937208,36.104794,38.768475,27.227438,1.0,30.435948065796175,31.0,32.93569564819336,33.0,33.0,33.0
Mbalmayo,BIO_FP_FH__L2A_20251124T050104_20251206T050132_T_G01_M01_C___T004_F004,2025-11-24,4,22,11.448495864868164,3.445255756378174,19.880353927612305,1.000000006907555,2209,0.1987999975681305,20.157953650651443,21.455595,28.779774,31.579859,34.78974,36.017292,26.239904,1.0,33.0459528137732,33.0,34.0,34.0,36.0,36.0
Mbalmayo,BIO_FP_FH__L2A_20251124T050104_20251206T050132_T_G01_M01_C___T004_F004,2025-11-24,4,23,11.449329376220703,3.445255756378174,26.188154220581055,1.0000000103613325,2209,0.7440000176429749,21.35742187475041,21.982723,31.213106,33.799274,37.88462,40.130234,29.132746,1.0,34.844832441503506,35.0,36.0,36.0,36.0,36.0
Mbalmayo,BIO_FP_FH__L2A_20251124T050104_20251206T050132_T_G01_M01_C___T004_F004,2025-11-24,4,24,11.450162887573242,3.445255756378174,28.336353302001953,1.0,2209,0.9502000212669373,23.21971733400648,25.544144,35.736538,37.07481,41.09875,45.217716,32.14529,1.0,34.0057415597414,34.0,36.0,36.0,36.0,36.0
Mbalmayo,BIO_FP_FH__L2A_20251124T050104_20251206T050132_T_G01_M01_C___T004_F004,2025-11-24,4,25,11.450996398925781,3.445255756378174,23.210952758789062,0.9999999930924449,2209,0.5640000104904175,18.645241696491937,17.516201,33.634014,38.55508,45.508957,47.192253,28.479458,1.0,32.99832361928475,34.0,35.0,35.0,36.0,36.0
Mbalmayo,BIO_FP_FH__L2A_20251124T050104_20251206T050132_T_G01_M01_C___T004_F004,2025-11-24,4,31,11.455997467041016,3.445255756378174,25.866607666015625,0.9999999930924449,2209,0.03440000116825104,17.325982340849258,15.921077,34.283226,35.830643,38.407494,40.485336,31.156311,1.0,34.986304252489816,34.97071075439453,37.0,38.0,38.0,38.0
Mbalmayo,BIO_FP_FH__L2A_20251124T050104_20251206T050132_T_G01_M01_C___T004_F004,2025-11-24,4,32,11.456830978393555,3.445255756378174,28.48200798034668,0.9999999861848899,2209,0.5483999848365784,22.203290535457235,22.83328,33.296646,36.108917,39.673725,42.289665,31.29291,1.0,35.2344797737947,35.0,37.0,37.0,37.0,37.0
Mbalmayo,BIO_FP_FH__L2A_20251124T050104_20251206T050132_T_G01_M01_C___T004_F004,2025-11-24,4,33,11.457664489746094,3.445255756378174,28.75440788269043,0.9999999930924449,2209,0.7095999717712402,12.801895112602923,10.3928175,27.039387,30.535063,37.640705,41.303867,22.01667,1.0,34.414337033867135,34.0,36.0,36.0,36.0,36.0
Mbalmayo,BIO_FP_FH__L2A_20251124T050104_20251206T050132_T_G01_M01_C___T004_F004,2025-11-24,5,2,11.431825637817383,3.4444222450256348,28.878332138061523,0.9639606916186712,2154,0.5641999840736389,11.468833634021887,11.738323,19.37769,22.186272,28.574585,31.030787,17.328342,1.0,28.161636124589748,29.0,32.0,32.0,33.45416259765625,34.0
Mbalmayo,BIO_FP_FH__L2A_20251124T050104_20251206T050132_T_G01_M01_C___T004_F004,2025-11-24,5,3,11.432659149169922,3.4444222450256348,30.748931884765625,1.0,2209,0.5645999908447266,15.150048562874886,16.290676,28.732334,30.828573,32.67194,34.598045,27.25807,1.0,32.52627854975385,32.54583740234375,33.968972778320314,34.0,34.0,34.0
Mbalmayo,BIO_FP_FH__L2A_20251124T050104_20251206T050132_T_G01_M01_C___T004_F004,2025-11-24,5,4,11.433492660522461,3.4444222450256348,29.23253059387207,1.0,2209,0.24899999797344208,6.944267193512336,1.0510789,27.07476,30.2811,35.971577,39.038578,18.83687,1.0,27.68326174527501,28.0,32.0,32.0,33.0,33.0
Mbalmayo,BIO_FP_FH__L2A_20251124T050104_20251206T050132_T_G01_M01_C___T004_F004,2025-11-24,5,5,11.434326171875,3.4444222450256348,27.911531448364258,1.0,2209,0.0,13.143609505856723,11.647408,24.7669,31.72513,36.94822,38.42055,21.861343,1.0,24.271887997255547,24.0,27.0,28.0,28.419435501098633,29.419436
Mbalmayo,BIO_FP_FH__L2A_20251124T050104_20251206T050132_T_G01_M01_C___T004_F004,2025-11-24,5,6,11.435159683227539,3.4444222450256348,27.583005905151367,1.0,2209,0.0,15.485740927561963,16.31598,24.865726,27.129198,32.173588,33.86185,22.123634,1.0,26.469329571497283,27.0,30.0,31.0,31.0,31.0
Mbalmayo,BIO_FP_FH__L2A_20251124T050104_20251206T050132_T_G01_M01_C___T004_F004,2025-11-24,5,7,11.435993194580078,3.4444222450256348,27.136804580688477,1.0,2209,0.0,12.088645758915941,12.3848095,22.532015,23.98772,27.162819,29.374567,21.463694,1.0,25.126911348107175,25.1732177734375,28.222063064575195,30.0,30.0,30.0
Mbalmayo,BIO_FP_FH__L2A_20251124T050104_20251206T050132_T_G01_M01_C___T004_F004,2025-11-24,5,13,11.440994262695312,3.4444222450256348,23.594804763793945,0.9777259982080144,2177,0.0,15.161450373763714,14.383479,29.073854,33.087208,35.343006,37.45533,27.014095,0.9382520531463968,26.643593954476895,27.0,30.0,30.0,31.0,31.0
Mbalmayo,BIO_FP_FH__L2A_20251124T050104_20251206T050132_T_G01_M01_C___T004_F004,2025-11-24,5,14,11.441827774047852,3.4444222450256348,24.209754943847656,0.9999999982731113,2209,0.0,14.304573356632861,11.835819,27.01472,31.003448,36.292908,42.45566,23.930983,1.0,26.166432730802963,25.0,31.0,31.0,32.0,32.0
Mbalmayo,BIO_FP_FH__L2A_20251124T050104_20251206T050132_T_G01_M01_C___T004_F004,2025-11-24,5,15,11.44266128540039,3.4444222450256348,25.030155181884766,0.9999999827311125,2209,0.0,18.432810420011023,18.505121,28.852816,30.66692,34.096916,35.80961,26.94257,1.0,29.35263609983307,29.791908264160156,32.0,33.0,33.0,33.0
Mbalmayo,BIO_FP_FH__L2A_20251124T050104_20251206T050132_T_G01_M01_C___T004_F004,2025-11-24,5,16,11.44349479675293,3.4444222450256348,25.89275550842285,1.0,2209,0.027400000020861626,14.845604761416364,14.908937,24.168581,26.383528,32.181374,33.5627,22.066883,1.0,30.772898379144976,31.0,32.0,33.0,33.0,33.820137
Mbalmayo,BIO_FP_FH__L2A_20251124T050104_20251206T050132_T_G01_M01_C___T004_F004,2025-11-24,5,17,11.444328308105469,3.4444222450256348,26.89395523071289,1.0,2209,0.14259999990463257,16.366206516664782,16.259262,25.166729,27.509283,33.006176,36.670532,22.73266,1.000000006907555,32.21328960390525,32.0,33.0,33.87492752075195,34.0,34.66035
Mbalmayo,BIO_FP_FH__L2A_20251124T050104_20251206T050132_T_G01_M01_C___T004_F004,2025-11-24,5,18,11.445161819458008,3.4444222450256348,26.825756072998047,1.0,2209,0.27079999446868896,22.616343120473065,22.826508,31.287788,33.20293,35.18599,37.458706,28.54362,0.9999999861848899,34.60827866889921,35.0,37.0,37.727081298828125,38.0,38.0
Mbalmayo,BIO_FP_FH__L2A_20251124T050104_20251206T050132_T_G01_M01_C___T004_F004,2025-11-24,5,19,11.445995330810547,3.4444222450256348,25.988956451416016,1.0,2209,0.3917999863624573,24.805795913910423,25.580576,36.674843,37.931828,38.940556,42.2144,34.07739,1.0,35.59847233618153,36.0,37.0,38.0,38.0,38.0
Mbalmayo,BIO_FP_FH__L2A_20251124T050104_20251206T050132_T_G01_M01_C___T004_F004,2025-11-24,5,20,11.446828842163086,3.4444222450256348,25.986955642700195,1.0,2209,0.5049999952316284,23.28471737158358,23.80928,33.676067,34.836105,37.476,40.692314,30.202454,1.0,33.97980540367531,34.0,35.0,35.0,36.0,36.0
Mbalmayo,BIO_FP_FH__L2A_20251124T050104_20251206T050132_T_G01_M01_C___T004_F004,2025-11-24,5,21,11.447662353515625,3.4444222450256348,25.90935516357422,1.0,2209,0.6194000244140625,27.73729573530868,28.272127,36.462635,40.04984,47.02761,48.30611,34.413567,1.0,34.913891413677,35.0,38.0,38.0,39.0,39.0
Mbalmayo,BIO_FP_FH__L2A_20251124T050104_20251206T050132_T_G01_M01_C___T004_F004,2025-11-24,5,22,11.448495864868164,3.4444222450256348,26.099153518676758,1.0,2209,0.7310000061988831,22.378914428545155,21.967854,36.207176,38.350647,41.878532,44.74261,31.256214,1.0,36.5186221052371,37.0,38.0,38.57936096191406,39.0,39.0
Mbalmayo,BIO_FP_FH__L2A_20251124T050104_20251206T050132_T_G01_M01_C___T004_F004,2025-11-24,5,23,11.449329376220703,3.4444222450256348,27.106353759765625,1.0,2209,0.8335999846458435,19.047239497863853,19.809378,32.14314,35.08946,40.50471,43.781483,28.20107,1.0,36.6540210148823,36.36990737915039,39.0,39.0,39.83123779296875,40.0
Mbalmayo,BIO_FP_FH__L2A_20251124T050104_20251206T050132_T_G01_M01_C___T004_F004,2025-11-24,5,24,11.450162887573242,3.4444222450256348,28.93155288696289,1.0,2209,1.0088000297546387,19.323824743061056,20.754988,33.13221,35.91898,37.841003,38.93951,29.108793,1.0,35.11488137130772,35.0,37.0,37.0,37.0,37.0
Mbalmayo,BIO_FP_FH__L2A_20251124T050104_20251206T050132_T_G01_M01_C___T004_F004,2025-11-24,5,32,11.456830978393555,3.4444222450256348,25.77480697631836,1.0,2209,0.29280000925064087,19.00960503816065,19.258419,28.649137,32.831882,37.41145,43.87496,26.852432,1.0,34.62254754166195,35.0,37.0,37.0,37.0,37.0
Mbalmayo,BIO_FP_FH__L2A_20251124T050104_20251206T050132_T_G01_M01_C___T004_F004,2025-11-24,5,33,11.457664489746094,3.4444222450256348,24.215606689453125,1.0,2209,0.17839999496936798,17.39908879954872,16.075214,29.211266,31.24147,34.61751,38.71635,25.880798,1.0,32.38016176720235,32.0,33.0,33.476932525634766,34.0,34.0
Mbalmayo,BIO_FP_FH__L2A_20251124T050104_20251206T050132_T_G01_M01_C___T004_F004,2025-11-24,5,48,11.47016716003418,3.4444222450256348,32.7391471862793,0.9884275589231022,2191,0.4568079113960266,19.46110865976462,17.448229,33.235165,38.82605,41.805855,45.723175,28.854343,1.0,36.69542191567169,36.33533477783203,39.0,39.0,41.0,41.0
Mbalmayo,BIO_FP_FH__L2A_20251124T050104_20251206T050132_T_G01_M01_C___T004_F004,2025-11-24,6,2,11.431825637817383,3.4435887336730957,29.607131958007812,0.9956712355814459,2205,0.6105999946594238,11.81524822201286,11.110197,18.617374,26.822437,31.798126,32.389084,17.113209,1.0,25.84456873868266,26.0,29.0,30.0,31.0,32.0
Mbalmayo,BIO_FP_FH__L2A_20251124T050104_20251206T050132_T_G01_M01_C___T004_F004,2025-11-24,6,3,11.432659149169922,3.4435887336730957,31.6307315826416,1.0,2209,0.8881999850273132,11.499517686877546,10.732606,24.453117,28.913776,32.801468,34.537018,20.528095,1.0,26.870821868633996,27.0,31.0,32.0,33.0,34.0
Mbalmayo,BIO_FP_FH__L2A_20251124T050104_20251206T050132_T_G01_M01_C___T004_F004,2025-11-24,6,4,11.433492660522461,3.4435887336730957,29.152530670166016,1.0,2209,0.36820000410079956,6.484410808765278,4.864386,15.952669,18.963175,22.542685,28.513006,12.695116,1.0,23.852789281773426,24.0,28.0,29.0,31.0,31.0
Mbalmayo,BIO_FP_FH__L2A_20251124T050104_20251206T050132_T_G01_M01_C___T004_F004,2025-11-24,6,5,11.434326171875,3.4435887336730957,27.24513053894043,1.0,2209,0.0,3.7799126973460844,2.646337,9.000811,10.801903,14.602984,16.24541,7.780615,1.0,17.44929302003169,17.0,21.0,21.0,23.0,24.0
Mbalmayo,BIO_FP_FH__L2A_20251124T050104_20251206T050132_T_G01_M01_C___T004_F004,2025-11-24,6,6,11.435159683227539,3.4435887336730957,26.710004806518555,1.0,2209,0.0,8.797457666081938,4.7079425,22.885511,24.678888,27.784468,30.423979,20.429264,1.0,20.827326155075827,21.0,25.0,26.0,26.785263061523438,27.0
Mbalmayo,BIO_FP_FH__L2A_20251124T050104_20251206T050132_T_G01_M01_C___T004_F004,2025-11-24,6,13,11.440994262695312,3.4435887336730957,25.187604904174805,1.000000006907555,2209,0.0,23.91049825748291,25.658598,35.593075,37.20726,39.064087,40.29094,34.770214,1.0000000138151102,23.925084858967,24.0,27.0,27.0,28.0,28.0
Mbalmayo,BIO_FP_FH__L2A_20251124T050104_20251206T050132_T_G01_M01_C___T004_F004,2025-11-24,6,14,11.441827774047852,3.4435887336730957,25.878755569458008,0.9999999723697799,2209,0.0,21.250834632989847,22.091566,32.426624,33.568874,35.51008,39.360703,29.9949,1.0,26.644955208097556,27.0,31.0,31.0,32.0,32.0
Mbalmayo,BIO_FP_FH__L2A_20251124T050104_20251206T050132_T_G01_M01_C___T004_F004,2025-11-24,6,15,11.44266128540039,3.4435887336730957,26.583955764770508,0.9999999965462225,2209,0.08820000290870667,21.260362787485406,22.731705,32.81401,33.936337,35.073357,36.97414,30.527092,1.0000000276302201,28.407659019441645,30.0,32.0,32.0,33.0,33.0
Mbalmayo,BIO_FP_FH__L2A_20251124T050104_20251206T050132_T_G01_M01_C___T004_F004,2025-11-24,6,16,11.44349479675293,3.4435887336730957,27.609556198120117,1.0,2209,0.5424000024795532,15.161119881556983,15.758889,26.877058,29.358408,33.03225,35.772625,24.105696,1.0000000207226651,27.875023294865414,28.0,30.0,31.0,31.0,31.0
Mbalmayo,BIO_FP_FH__L2A_20251124T050104_20251206T050132_T_G01_M01_C___T004_F004,2025-11-24,6,17,11.444328308105469,3.4435887336730957,28.602556228637695,1.000000006907555,2209,0.6732000112533569,19.563805226981394,17.312029,34.043194,37.434994,40.20975,41.183117,29.431765,1.0000000828906603,31.390940034994777,31.0,33.0,33.262882232666016,34.0,34.0
Mbalmayo,BIO_FP_FH__L2A_20251124T050104_20251206T050132_T_G01_M01_C___T004_F004,2025-11-24,6,18,11.445161819458008,3.4435887336730957,29.917755126953125,1.0,2209,0.8118000030517578,21.76256589254895,21.56816,32.12681,33.93686,36.345196,39.160698,29.256235,1.0,34.192458850865776,34.0,36.0,36.0,37.535797119140625,38.0
Mbalmayo,BIO_FP_FH__L2A_20251124T050104_20251206T050132_T_G01_M01_C___T004_F004,2025-11-24,6,19,11.445995330810547,3.4435887336730957,31.255556106567383,1.0,2209,0.9534000158309937,19.8173556243634,18.749447,32.18834,36.704365,39.38007,43.130257,30.344145,1.0,35.174461409645204,35.0,36.0,36.0,36.0,36.0
Mbalmayo,BIO_FP_FH__L2A_20251124T050104_20251206T050132_T_G01_M01_C___T004_F004,2025-11-24,6,20,11.446828842163086,3.4435887336730957,31.18875503540039,1.0,2209,1.0670000314712524,27.490678116335165,28.06094,35.640347,36.988323,40.26253,43.074024,33.73741,1.0,34.680479713671346,35.0,36.0,36.0,37.0,37.0
Mbalmayo,BIO_FP_FH__L2A_20251124T050104_20251206T050132_T_G01_M01_C___T004_F004,2025-11-24,6,21,11.447662353515625,3.4435887336730957,31.0047550201416,0.9999999930924449,2209,1.1172000169754028,26.957112116450492,28.080786,42.313625,43.898705,47.3637,48.509026,39.48789,1.0,37.452192424810434,38.0,39.0,39.0,39.0,39.0
Mbalmayo,BIO_FP_FH__L2A_20251124T050104_20251206T050132_T_G01_M01_C___T004_F004,2025-11-24,6,22,11.448495864868164,3.4435887336730957,30.35615348815918,0.9999999930924449,2209,0.9297999739646912,21.550751889787914,21.415173,35.861977,38.87281,42.217674,44.757786,30.862322,1.0,36.31356431607911,36.0,38.0,38.0,38.535797119140625,39.0
Mbalmayo,BIO_FP_FH__L2A_20251124T050104_20251206T050132_T_G01_M01_C___T004_F004,2025-11-24,6,23,11.449329376220703,3.4435887336730957,29.908952713012695,1.0000000138151102,2209,0.7968000173568726,9.486946358263127,5.2393465,23.312204,28.046976,39.024715,42.70181,18.672874,1.0,34.887256323562696,35.0,37.0,38.0,39.0,40.0
Mbalmayo,BIO_FP_FH__L2A_20251124T050104_20251206T050132_T_G01_M01_C___T004_F004,2025-11-24,6,32,11.456830978393555,3.4435887336730957,25.10540771484375,1.0,2209,0.0,16.791945989771957,16.906286,26.353142,31.718065,41.62424,43.78042,22.305086,1.0,35.57067368223744,35.0,37.0,37.0,38.0,38.0
Mbalmayo,BIO_FP_FH__L2A_20251124T050104_20251206T050132_T_G01_M01_C___T004_F004,2025-11-24,6,33,11.457664489746094,3.4435887336730957,25.40180778503418,1.0000000138151102,2209,0.0,17.856324929615813,17.026064,29.407143,31.915312,38.66027,42.808628,26.458942,1.0,32.58191763453486,33.0,34.0,34.0,34.0,34.0
Mbalmayo,BIO_FP_FH__L2A_20251124T050104_20251206T050132_T_G01_M01_C___T004_F004,2025-11-24,6,34,11.458498001098633,3.4435887336730957,27.46940803527832,1.0000000207226651,2209,0.2460000067949295,21.830571479906403,23.16811,31.10702,32.716118,36.66033,39.59571,29.019001,1.0,30.965744274134224,31.0,33.0,33.0,33.0,33.0
Mbalmayo,BIO_FP_FH__L2A_20251124T050104_20251206T050132_T_G01_M01_C___T004_F004,2025-11-24,6,48,11.47016716003418,3.4435887336730957,35.43914794921875,0.9865658070610465,2194,1.0014078617095947,17.43976068924301,15.718531,36.621223,39.662,42.753307,45.76511,32.03631,1.0,37.97339099281349,38.0,39.76290283203125,40.0,41.0,41.0
Mbalmayo,BIO_FP_FH__L2A_20251124T050104_20251206T050132_T_G01_M01_C___T004_F004,2025-11-24,7,2,11.431825637817383,3.4427552223205566,26.288415908813477,1.000000006907555,2209,0.4480000138282776,6.103185180669691,4.2222404,14.190224,15.861931,17.683266,21.273567,13.217713,1.0,18.829719595263693,18.50568389892578,24.0,24.0,24.0,24.0
Mbalmayo,BIO_FP_FH__L2A_20251124T050104_20251206T050132_T_G01_M01_C___T004_F004,2025-11-24,7,3,11.432659149169922,3.4427552223205566,27.931615829467773,0.9999999861848899,2209,0.3887999951839447,7.376926922943501,6.30166,14.719339,17.138487,21.402563,22.426281,13.920859,1.0,18.50799065965935,19.0,20.0,21.0,21.0,21.689642
Mbalmayo,BIO_FP_FH__L2A_20251124T050104_20251206T050132_T_G01_M01_C___T004_F004,2025-11-24,7,4,11.433492660522461,3.4427552223205566,26.802616119384766,1.0,2209,0.005200000014156103,8.969341728794138,7.3296337,19.202202,21.678276,24.494827,27.019209,17.155487,1.0,18.42695940258601,18.0,22.0,22.0,22.0,22.0
Mbalmayo,BIO_FP_FH__L2A_20251124T050104_20251206T050132_T_G01_M01_C___T004_F004,2025-11-24,7,5,11.434326171875,3.4427552223205566,26.26121711730957,0.9999999930924449,2209,0.0,2.4743002651886377,1.5647476,6.412441,9.661134,14.956953,17.273436,5.099951,1.0,14.923018670071299,15.0,16.709718704223633,17.0,17.0,17.709719
Mbalmayo,BIO_FP_FH__L2A_20251124T050104_20251206T050132_T_G01_M01_C___T004_F004,2025-11-24,7,6,11.435159683227539,3.4427552223205566,25.381088256835938,1.0000000138151102,2209,1.430999994277954,0.8236305464954914,0.064641036,0.5940751,4.2477975,25.142866,33.114697,0.44510356,1.0,21.208290745954052,21.0,27.0,28.0,29.15926742553711,30.0
Mbalmayo,BIO_FP_FH__L2A_20251124T050104_20251206T050132_T_G01_M01_C___T004_F004,2025-11-24,7,13,11.440994262695312,3.4427552223205566,26.038087844848633,1.0000000276302201,2209,0.0,23.053341271311155,23.515467,32.432495,34.542393,38.368633,40.16138,29.826143,0.9999999792773349,25.556331696129934,26.0,27.0,27.804691314697266,28.0,29.160091
Mbalmayo,BIO_FP_FH__L2A_20251124T050104_20251206T050132_T_G01_M01_C___T004_F004,2025-11-24,7,14,11.441827774047852,3.4427552223205566,27.23485565185547,1.0,2209,0.0,20.96582020197912,21.371159,30.459959,31.856829,34.952366,37.92991,28.06939,0.9999999930924449,26.909712362982514,27.0,29.0,29.353683471679656,30.0,31.0
Mbalmayo,BIO_FP_FH__L2A_20251124T050104_20251206T050132_T_G01_M01_C___T004_F004,2025-11-24,7,15,11.44266128540039,3.4427552223205566,28.24505615234375,1.000000006907555,2209,0.053199999034404755,23.817717526245687,26.565733,31.629404,33.102123,38.18293,41.35591,30.152458,1.0,29.077590742063716,29.0,30.99592399597168,31.0,31.0,31.0
Mbalmayo,BIO_FP_FH__L2A_20251124T050104_20251206T050132_T_G01_M01_C___T004_F004,2025-11-24,7,16,11.44349479675293,3.4427552223205566,29.230655670166016,1.0000000138151102,2209,0.504800021648407,15.620959472366692,16.347162,30.65178,32.109123,33.974518,34.91574,29.461887,0.9999999861848899,27.217606484901168,27.0,28.0,28.78416519165034,29.515722274780273,30.0
Mbalmayo,BIO_FP_FH__L2A_20251124T050104_20251206T050132_T_G01_M01_C___T004_F004,2025-11-24,7,17,11.444328308105469,3.4427552223205566,29.949254989624023,1.000000034537775,2209,0.9401999711990356,17.85458695036215,16.774231,30.78864,34.992466,38.22942,39.041225,26.873827,1.0,28.574339880885017,28.85485076904297,30.0,30.0,31.0,31.0
Mbalmayo,BIO_FP_FH__L2A_20251124T050104_20251206T050132_T_G01_M01_C___T004_F004,2025-11-24,7,18,11.445161819458008,3.4427552223205566,30.505855560302734,1.0000000414453303,2209,1.091599941253662,14.57942312661762,14.133476,24.455986,29.679298,34.962555,38.33882,21.415663,1.0,29.93372946964124,30.0,32.85761260986328,33.0,33.0,33.0
Mbalmayo,BIO_FP_FH__L2A_20251124T050104_20251206T050132_T_G01_M01_C___T004_F004,2025-11-24,7,19,11.445995330810547,3.4427552223205566,31.3614559173584,0.9999999930924449,2209,1.1172000169754028,19.743110485728703,17.86396,38.271786,44.942314,49.58335,51.489475,32.09006,1.0,33.6827440654708,33.0,36.0,36.0,36.0,36.0
Mbalmayo,BIO_FP_FH__L2A_20251124T050104_20251206T050132_T_G01_M01_C___T004_F004,2025-11-24,7,20,11.446828842163086,3.4427552223205566,31.476055145263672,1.000000006907555,2209,1.1258000135421753,19.669265687186883,21.141092,33.723637,36.708183,40.72857,43.13802,29.304453,1.0,32.08840078938434,33.0,35.0,35.0,35.0,35.0
Mbalmayo,BIO_FP_FH__L2A_20251124T050104_20251206T050132_T_G01_M01_C___T004_F004,2025-11-24,7,21,11.447662353515625,3.4427552223205566,30.705455780029297,0.9999999861848899,2209,0.9205999970436096,18.689253119358643,17.184595,34.324963,43.843174,48.131664,49.332703,30.451008,1.0,33.039741540289725,33.0,36.0,37.0,37.75786209106445,38.0
Mbalmayo,BIO_FP_FH__L2A_20251124T050104_20251206T050132_T_G01_M01_C___T004_F004,2025-11-24,7,22,11.448495864868164,3.4427552223205566,30.019372940063477,1.000000006907555,2209,0.3846000134944916,17.63909571125453,17.052,27.091253,30.609192,38.642555,42.97483,23.915672,1.0,33.26613914313604,33.0,35.0,35.05590209960937,36.0,37.0
Mbalmayo,BIO_FP_FH__L2A_20251124T050104_20251206T050132_T_G01_M01_C___T004_F004,2025-11-24,7,32,11.456830978393555,3.4427552223205566,27.443632125854492,1.000000006907555,2209,0.0,23.521065117348133,23.419067,36.302216,38.49494,41.092457,43.624832,32.50951,1.0,35.88675146418063,36.0,37.0,37.0,37.0,37.0
Mbalmayo,BIO_FP_FH__L2A_20251124T050104_20251206T050132_T_G01_M01_C___T004_F004,2025-11-24,7,33,11.457664489746094,3.4427552223205566,29.01523208618164,0.9999999792773349,2209,0.0,20.876948805228157,21.63887,33.295635,36.01388,38.59013,44.183125,28.688059,1.0,33.648948106467856,34.0,35.0,35.0,35.0,35.0
Mbalmayo,BIO_FP_FH__L2A_20251124T050104_20251206T050132_T_G01_M01_C___T004_F004,2025-11-24,7,34,11.458498001098633,3.4427552223205566,31.000831604003906,1.0000000207226651,2209,0.17000000178813934,17.881836451107738,17.745726,27.567503,30.521248,36.19812,39.259064,25.167156,1.0,31.69986772861023,32.0,32.0,32.0,33.0,34.0
Mbalmayo,BIO_FP_FH__L2A_20251124T050104_20251206T050132_T_G01_M01_C___T004_F004,2025-11-24,7,35,11.459331512451172,3.4427552223205566,34.372032165527344,0.9999999654622248,2209,0.670799970626831,16.432055866870247,14.908863,27.599844,30.18762,34.69123,36.616375,25.565777,1.0,31.160466592632414,31.0,33.0,33.0,34.0,34.0
Mbalmayo,BIO_FP_FH__L2A_20251124T050104_20251206T050132_T_G01_M01_C___T004_F004,2025-11-24,7,48,11.47016716003418,3.4427552223205566,34.196495056152344,0.971778493167157,2164,0.7422864437103271,19.25923946804138,19.310509,37.655453,39.927128,43.029377,44.268272,33.49269,1.0,34.638774880460616,35.93734359741211,38.0,38.840354919433594,39.0,39.0
Mbalmayo,BIO_FP_FH__L2A_20251124T050104_20251206T050132_T_G01_M01_C___T004_F004,2025-11-24,8,2,11.431825637817383,3.4419217109680176,22.185815811157227,0.9978228975281342,2208,1.8425999879837036,3.413727569332231,2.033613,8.359635,9.621058,12.090854,16.180904,8.056329,1.0,15.003614916959032,15.0,16.0,16.0,16.0,16.0
Mbalmayo,BIO_FP_FH__L2A_20251124T050104_20251206T050132_T_G01_M01_C___T004_F004,2025-11-24,8,12,11.440160751342773,3.4419217109680176,25.526086807250977,0.9999999723697799,2209,0.09260000288486481,21.41422920456324,22.542477,30.522781,32.245155,34.233818,35.859818,28.89459,1.0,33.709791619511094,34.0,36.0,36.0,36.0,37.0
Mbalmayo,BIO_FP_FH__L2A_20251124T050104_20251206T050132_T_G01_M01_C___T004_F004,2025-11-24,8,13,11.440994262695312,3.4419217109680176,27.185487747192383,1.0000000276302201,2209,0.21220000088214874,25.375270296074653,26.258667,32.88648,35.166763,38.58482,42.119602,31.72157,1.0,31.344008618860343,32.0,34.0,34.0,35.0,35.0
Mbalmayo,BIO_FP_FH__L2A_20251124T050104_20251206T050132_T_G01_M01_C___T004_F004,2025-11-24,8,14,11.441827774047852,3.4419217109680176,28.549455642700195,1.000000006907555,2209,0.33180001378059387,26.659289250583818,27.235588,33.68946,35.47017,40.506577,45.437523,30.619434,1.0,31.607086333606837,32.0,33.0,33.0,34.0,34.0
Mbalmayo,BIO_FP_FH__L2A_20251124T050104_20251206T050132_T_G01_M01_C___T004_F004,2025-11-24,8,15,11.44266128540039,3.4419217109680176,28.859254837036133,1.0000000138151102,2209,0.0568000003695488,20.8213124263197,22.801325,28.799389,30.859737,35.44851,37.71149,27.370134,1.0,29.27464217759733,29.0,31.0,31.68615989685057,33.0,34.0
Mbalmayo,BIO_FP_FH__L2A_20251124T050104_20251206T050132_T_G01_M01_C___T004_F004,2025-11-24,8,16,11.44349479675293,3.4419217109680176,29.465656280517578,1.0,2209,0.38260000944137573,8.83497917344528,4.3356676,23.092012,27.009657,33.676105,39.299713,20.797226,1.0,25.045060910267654,25.971771240234375,29.0,29.0,29.99689682006836,30.0
Mbalmayo,BIO_FP_FH__L2A_20251124T050104_20251206T050132_T_G01_M01_C___T004_F004,2025-11-24,8,17,11.444328308105469,3.4419217109680176,30.517656326293945,1.0,2209,0.8525999784469604,9.279853126591501,6.140065,22.043093,24.001255,29.44167,31.734745,19.384216,1.0,26.2495791364871,27.0,29.0,30.0,30.0,31.0
Mbalmayo,BIO_FP_FH__L2A_20251124T050104_20251206T050132_T_G01_M01_C___T004_F004,2025-11-24,8,18,11.445161819458008,3.4419217109680176,31.099454879760742,1.0,2209,1.0978000164031982,19.35445626821384,19.72333,27.073767,29.099646,33.19743,39.687187,24.791813,1.0,30.43769672716727,30.0,32.0,32.23820495605469,33.0,33.0
Mbalmayo,BIO_FP_FH__L2A_20251124T050104_20251206T050132_T_G01_M01_C___T004_F004,2025-11-24,8,19,11.445995330810547,3.4419217109680176,31.103256225585938,1.0,2209,1.111199975013733,24.677824338996718,25.537678,36.506664,38.247356,39.89322,42.224823,34.459908,1.0,32.3927372750679,32.54924774169922,33.0,34.0,34.0,34.0
Mbalmayo,BIO_FP_FH__L2A_20251124T050104_20251206T050132_T_G01_M01_C___T004_F004,2025-11-24,8,20,11.446828842163086,3.4419217109680176,31.156856536865234,1.0,2209,1.083799958229065,18.422995018602876,19.209692,26.842186,30.32905,36.71171,40.450577,24.092564,1.0,28.99925818385016,29.0,31.0,31.0,31.49564552307129,32.0
Mbalmayo,BIO_FP_FH__L2A_20251124T050104_20251206T050132_T_G01_M01_C___T004_F004,2025-11-24,8,21,11.447662353515625,3.4419217109680176,30.31105613708496,1.0,2209,0.4878000020980835,12.089622708239022,9.6261835,24.766947,27.994312,38.52499,40.84188,22.881413,1.0,26.94894819488456,27.0,29.0,30.0,31.0,32.0
Mbalmayo,BIO_FP_FH__L2A_20251124T050104_20251206T050132_T_G01_M01_C___T004_F004,2025-11-24,8,22,11.448495864868164,3.4419217109680176,29.452974319458008,1.0,2209,0.0,17.723424149077637,17.945894,30.668152,35.208897,43.815727,45.970448,27.21786,1.0,32.0414444460163,32.0,33.014868927001956,34.0,34.961212158203125,35.0
Mbalmayo,BIO_FP_FH__L2A_20251124T050104_20251206T050132_T_G01_M01_C___T004_F004,2025-11-24,8,30,11.455163955688477,3.4419217109680176,30.811033248901367,1.0,2209,0.7667999863624573,23.95775648801777,25.047009,32.71465,35.131832,37.926952,40.839336,30.504543,1.0,33.740050468254864,34.0,34.0,34.0,35.0,35.0
Mbalmayo,BIO_FP_FH__L2A_20251124T050104_20251206T050132_T_G01_M01_C___T004_F004,2025-11-24,8,31,11.455997467041016,3.4419217109680176,28.923433303833008,1.0,2209,0.23100000619888306,21.94213170905953,23.508814,34.1847,36.847343,39.301773,41.362186,31.713062,1.0,35.39412541732685,35.0,37.0,37.0,37.97071075439453,37.97071
Mbalmayo,BIO_FP_FH__L2A_20251124T050104_20251206T050132_T_G01_M01_C___T004_F004,2025-11-24,8,34,11.458498001098633,3.4419217109680176,27.945432662963867,1.0,2209,0.06480000168085098,13.620145038761883,11.180997,28.0145,32.440933,37.711517,40.912514,24.24558,1.0,34.21769518871661,34.0,35.0,36.0,36.0,36.0
Mbalmayo,BIO_FP_FH__L2A_20251124T050104_20251206T050132_T_G01_M01_C___T004_F004,2025-11-24,8,35,11.459331512451172,3.4419217109680176,30.3718318939209,1.0,2209,0.5565999746322632,14.556876918642486,11.700801,28.974842,32.38428,36.957653,41.671413,24.195135,1.0,35.354810045552284,35.0,37.0,37.70985794067383,38.0,38.0
Mbalmayo,BIO_FP_FH__L2A_20251124T050104_20251206T050132_T_G01_M01_C___T004_F004,2025-11-24,8,36,11.460165023803711,3.4419217109680176,33.55903244018555,1.0,2209,1.4905999898910522,19.75359679153463,19.672157,33.333153,37.804195,44.185726,47.033287,29.985167,1.0,35.4641430476177,35.0,38.0,38.0,38.0,38.0
Mbalmayo,BIO_FP_FH__L2A_20251124T050104_20251206T050132_T_G01_M01_C___T004_F004,2025-11-24,8,48,11.47016716003418,3.4419217109680176,31.331695556640625,0.9891599048149969,2199,0.3286864757537842,24.634594116577635,23.741581,37.16969,43.256474,48.70768,50.77118,34.0661,1.0,35.97355014288139,36.0,38.0,38.0,38.0,38.0
Mbalmayo,BIO_FP_FH__L2A_20251124T050104_20251206T050132_T_G01_M01_C___T004_F004,2025-11-24,9,8,11.436826705932617,3.4410881996154785,23.75328826904297,1.0,2209,0.0,20.54323930511544,21.093193,32.647114,33.884457,35.37405,36.08941,31.055712,1.0,35.67262256323563,36.0,37.0,37.66819763183594,38.0,38.0
Mbalmayo,BIO_FP_FH__L2A_20251124T050104_20251206T050132_T_G01_M01_C___T004_F004,2025-11-24,9,9,11.437660217285156,3.4410881996154785,22.89348793029785,1.0,2209,0.0,18.470534138573733,17.478167,30.344992,34.61604,37.187504,38.94903,27.002348,1.0,34.6599528915799,34.0,36.0,37.0,37.0,38.0
Mbalmayo,BIO_FP_FH__L2A_20251124T050104_20251206T050132_T_G01_M01_C___T004_F004,2025-11-24,9,10,11.438493728637695,3.4410881996154785,22.793888092041016,1.0,2209,0.0,25.720406818519407,26.675388,37.43141,39.924713,42.974483,44.353146,34.81965,1.0,35.68058625580014,36.0,37.0,37.0,37.0,37.0
Mbalmayo,BIO_FP_FH__L2A_20251124T050104_20251206T050132_T_G01_M01_C___T004_F004,2025-11-24,9,11,11.439327239990234,3.4410881996154785,23.5452880859375,1.0,2209,0.08799999952316284,21.655359864828544,22.918526,31.21618,32.529114,36.862656,38.860874,29.997313,1.0,35.86536213713784,36.0,36.971248626708984,37.0,37.0,37.0
Mbalmayo,BIO_FP_FH__L2A_20251124T050104_20251206T050132_T_G01_M01_C___T004_F004,2025-11-24,9,12,11.440160751342773,3.4410881996154785,26.808887481689453,1.0,2209,0.5802000164985657,23.618185061467294,25.133692,32.390392,33.075275,34.66527,35.898643,31.204855,1.0,34.599887887618834,34.32704162597656,37.0,37.0,37.0,37.0
Mbalmayo,BIO_FP_FH__L2A_20251124T050104_20251206T050132_T_G01_M01_C___T004_F004,2025-11-24,9,13,11.440994262695312,3.4410881996154785,28.790687561035156,1.0000000138151102,2209,0.7674000263214111,23.059672778346936,23.158361,30.379429,31.972084,34.33023,36.655544,28.355719,1.0,32.8829473354742,33.0,34.0,34.0,34.0,35.0
Mbalmayo,BIO_FP_FH__L2A_20251124T050104_20251206T050132_T_G01_M01_C___T004_F004,2025-11-24,9,14,11.441827774047852,3.4410881996154785,29.563655853271484,1.0000000207226651,2209,0.6575999855995178,24.0668641918827,24.013493,32.846302,34.423687,37.00784,40.61688,30.990335,1.0,32.629696253253734,32.56321716308594,34.0,34.0,34.0,35.0
Mbalmayo,BIO_FP_FH__L2A_20251124T050104_20251206T050132_T_G01_M01_C___T004_F004,2025-11-24,9,15,11.44266128540039,3.4410881996154785,29.354656219482422,1.0,2209,0.188400000333786,25.67985217611193,27.508562,35.322845,38.243805,39.36844,40.112076,33.47358,1.0,31.98281090849932,32.0,34.0,34.0,34.0,34.0
Mbalmayo,BIO_FP_FH__L2A_20251124T050104_20251206T050132_T_G01_M01_C___T004_F004,2025-11-24,9,16,11.44349479675293,3.4410881996154785,29.913455963134766,1.0,2209,0.28279998898506165,18.635792363979743,18.468657,30.328487,34.707516,39.332867,41.261005,26.566254,1.0,29.759416821101176,29.82013702392578,31.0,32.0,33.0,34.0
Mbalmayo,BIO_FP_FH__L2A_20251124T050104_20251206T050132_T_G01_M01_C___T004_F004,2025-11-24,9,17,11.444328308105469,3.4410881996154785,30.874855041503906,1.0,2209,0.7616000175476074,17.973123090199184,19.082453,27.759182,29.667377,33.655563,38.660027,24.323393,1.0,30.39713114319262,30.0,32.830177307128906,33.0,33.830177307128906,34.0
Mbalmayo,BIO_FP_FH__L2A_20251124T050104_20251206T050132_T_G01_M01_C___T004_F004,2025-11-24,9,18,11.445161819458008,3.4410881996154785,30.964256286621094,1.0,2209,0.8658000230789185,19.755367778123585,20.3925,27.97451,30.470871,37.43276,41.261585,25.781803,1.0,32.368488109721596,32.0,34.0,34.54089431762693,35.0,35.0
Mbalmayo,BIO_FP_FH__L2A_20251124T050104_20251206T050132_T_G01_M01_C___T004_F004,2025-11-24,9,19,11.445995330810547,3.4410881996154785,30.49785614013672,1.0,2209,0.7595999836921692,19.60267986610174,16.646683,37.513233,39.483723,41.81693,43.20678,31.378057,1.0,30.938737833861477,31.0,32.0,33.0,33.0,33.0
Mbalmayo,BIO_FP_FH__L2A_20251124T050104_20251206T050132_T_G01_M01_C___T004_F004,2025-11-24,9,20,11.446828842163086,3.4410881996154785,29.550254821777344,1.0,2209,0.6412000060081482,20.051830756281124,19.602795,37.72036,39.1666,41.001534,42.01778,31.882812,1.0,30.723598329985286,30.9317626953125,33.0,33.0,33.94249725341797,34.0
Mbalmayo,BIO_FP_FH__L2A_20251124T050104_20251206T050132_T_G01_M01_C___T004_F004,2025-11-24,9,21,11.447662353515625,3.4410881996154785,28.497055053710938,1.0,2209,0.04360000044107437,18.663835048027956,19.312874,29.80673,32.531456,36.403934,38.95706,26.467184,1.0,30.376009276680623,31.0,33.0,33.0,34.0,34.0
Mbalmayo,BIO_FP_FH__L2A_20251124T050104_20251206T050132_T_G01_M01_C___T004_F004,2025-11-24,9,22,11.448495864868164,3.4410881996154785,28.429372787475586,1.0,2209,0.0,19.022190161342802,20.468126,28.797813,31.30316,38.364643,41.80583,25.71958,1.0,33.927122531405615,34.0,35.0,35.0,35.0,35.0
Mbalmayo,BIO_FP_FH__L2A_20251124T050104_20251206T050132_T_G01_M01_C___T004_F004,2025-11-24,9,23,11.449329376220703,3.4410881996154785,30.22437286376953,1.0,2209,0.3312000036239624,20.3535467918883,21.5014,36.72946,43.080036,47.44409,48.79981,31.432787,1.0,35.0306399247397,35.0,36.0,36.0,36.0,36.0
Mbalmayo,BIO_FP_FH__L2A_20251124T050104_20251206T050132_T_G01_M01_C___T004_F004,2025-11-24,9,24,11.450162887573242,3.4410881996154785,32.7973747253418,1.0,2209,0.8068000078201294,24.346129293515165,26.77598,33.095387,34.85814,37.0058,37.979855,30.962273,1.0,33.47595507724083,34.0,35.0,35.0,35.0,35.0
Mbalmayo,BIO_FP_FH__L2A_20251124T050104_20251206T050132_T_G01_M01_C___T004_F004,2025-11-24,9,26,11.45182991027832,3.4410881996154785,33.16737365722656,1.0,2209,0.9434000253677368,6.44006121088445,4.2621355,14.3742485,21.209444,38.401077,41.642494,10.586063,1.0,23.66427558425758,24.0,26.0,27.0,27.0,27.0
Mbalmayo,BIO_FP_FH__L2A_20251124T050104_20251206T050132_T_G01_M01_C___T004_F004,2025-11-24,9,27,11.45266342163086,3.4410881996154785,32.38137435913086,1.0,2209,0.9071999788284302,14.62498419551409,10.546986,34.0772,35.908222,39.01507,43.858902,27.042046,1.0,25.495869171570845,25.0,31.0,31.0,31.971248626708984,33.0
Mbalmayo,BIO_FP_FH__L2A_20251124T050104_20251206T050132_T_G01_M01_C___T004_F004,2025-11-24,9,28,11.453496932983398,3.4410881996154785,32.44937515258789,1.0,2209,1.0371999740600586,11.155684354133658,7.8528724,27.516201,33.313057,36.78576,39.61938,19.90234,1.0,28.721185438122454,28.0,32.0,32.0,34.0,35.0
Mbalmayo,BIO_FP_FH__L2A_20251124T050104_20251206T050132_T_G01_M01_C___T004_F004,2025-11-24,9,29,11.454330444335938,3.4410881996154785,32.07777404785156,1.0,2209,1.0499999523162842,17.42113561530953,16.777811,29.097513,36.318478,41.14987,45.00258,25.211819,1.0,31.4593146113909,32.0,33.0,34.0,34.94249725341797,35.0
Mbalmayo,BIO_FP_FH__L2A_20251124T050104_20251206T050132_T_G01_M01_C___T004_F004,2025-11-24,9,30,11.455163955688477,3.4410881996154785,30.3348331451416,1.0,2209,0.7125999927520752,24.560235648200543,26.626986,34.052868,35.618057,40.76605,43.12212,31.504791,1.0,34.027071868633996,34.0,35.0,36.0,36.971248626708984,37.0
Mbalmayo,BIO_FP_FH__L2A_20251124T050104_20251206T050132_T_G01_M01_C___T004_F004,2025-11-24,9,34,11.458498001098633,3.4410881996154785,23.108232498168945,1.0,2209,1.5377999544143677,19.16473844570507,17.332022,35.66588,39.79716,45.303043,46.673206,29.901064,1.0,34.99638331470688,35.0,36.0,36.0,37.0,37.0
Mbalmayo,BIO_FP_FH__L2A_20251124T050104_20251206T050132_T_G01_M01_C___T004_F004,2025-11-24,9,35,11.459331512451172,3.4410881996154785,27.024831771850586,1.0,2209,0.42899999022483826,14.206701013609099,11.279986,28.541441,34.151745,36.657654,38.376255,23.904495,1.0,36.0372181275464,36.0,37.0,37.0,38.0,38.0
Mbalmayo,BIO_FP_FH__L2A_20251124T050104_20251206T050132_T_G01_M01_C___T004_F004,2025-11-24,9,36,11.460165023803711,3.4410881996154785,30.701433181762695,1.0,2209,0.8877999782562256,13.953327474253056,11.352347,30.293703,36.23284,42.557755,44.101696,25.727747,1.0,36.94614494327184,37.0,38.0,38.8168830871582,39.0,39.0
Mbalmayo,BIO_FP_FH__L2A_20251124T050104_20251206T050132_T_G01_M01_C___T004_F004,2025-11-24,10,7,11.435993194580078,3.4402546882629395,24.883487701416016,1.0,2209,0.0,17.38040966553729,17.248587,31.352467,33.636547,38.45379,40.04945,27.656498,1.0,34.81296551394862,34.84754180908203,37.42879104614258,38.0,38.0,38.0
Mbalmayo,BIO_FP_FH__L2A_20251124T050104_20251206T050132_T_G01_M01_C___T004_F004,2025-11-24,10,8,11.436826705932617,3.4402546882629395,24.856287002563477,1.0,2209,0.0,18.48863646410989,17.899773,31.615307,33.92774,36.52101,38.312466,27.862041,1.0,37.63017149303984,38.0,39.0,39.0,39.0,39.0
Mbalmayo,BIO_FP_FH__L2A_20251124T050104_20251206T050132_T_G01_M01_C___T004_F004,2025-11-24,10,9,11.437660217285156,3.4402546882629395,24.000686645507812,1.0,2209,0.0,30.40524635988428,32.98417,39.650826,40.778366,42.859173,43.603233,38.200302,1.0,36.588131118435946,37.0,38.0,38.0,38.0,39.0
Mbalmayo,BIO_FP_FH__L2A_20251124T050104_20251206T050132_T_G01_M01_C___T004_F004,2025-11-24,10,10,11.438493728637695,3.4402546882629395,23.07708740234375,1.0,2209,0.0,31.64345057683058,34.49485,42.122402,43.642384,47.304432,48.66014,39.89525,1.0,37.33918548763581,37.0,39.0,40.0,40.0,40.0
Mbalmayo,BIO_FP_FH__L2A_20251124T050104_20251206T050132_T_G01_M01_C___T004_F004,2025-11-24,10,11,11.439327239990234,3.4402546882629395,22.532487869262695,1.0,2209,0.02879999950528145,26.894502956654595,26.640902,37.296097,39.821938,44.76239,47.135693,34.88405,1.0,37.62572103822431,38.0,39.0,39.0,39.878173828125,40.0
Mbalmayo,BIO_FP_FH__L2A_20251124T050104_20251206T050132_T_G01_M01_C___T004_F004,2025-11-24,10,12,11.440160751342773,3.4402546882629395,25.91668701171875,1.0,2209,0.5123999714851379,24.63645659447148,25.866875,34.576122,36.320557,40.565258,43.63425,32.61682,1.0,36.230870161837935,36.0,37.0,38.0,38.0,38.0
Mbalmayo,BIO_FP_FH__L2A_20251124T050104_20251206T050132_T_G01_M01_C___T004_F004,2025-11-24,10,13,11.440994262695312,3.4402546882629395,29.36168670654297,1.0,2209,0.9914000034332275,22.280109424513356,22.72817,34.326797,35.437225,39.51532,40.86071,31.797756,1.0,34.33100517414554,34.0,35.0,36.0,36.0,36.0
Mbalmayo,BIO_FP_FH__L2A_20251124T050104_20251206T050132_T_G01_M01_C___T004_F004,2025-11-24,10,14,11.441827774047852,3.4402546882629395,29.701656341552734,1.0,2209,0.7728000283241272,23.5641228886091,22.967966,35.019833,37.156307,41.720028,44.193077,33.003044,1.0,33.38242921358646,33.0,34.0,34.49905776977539,35.0,35.0
Mbalmayo,BIO_FP_FH__L2A_20251124T050104_20251206T050132_T_G01_M01_C___T004_F004,2025-11-24,10,15,11.44266128540039,3.4402546882629395,29.35865592956543,1.0,2209,0.29760000109672546,22.92696758113117,23.165459,32.013313,33.852646,36.0239,39.60461,30.12691,1.0,32.618531433906746,32.952537536621094,33.89893341064453,34.0,35.0,35.0
Mbalmayo,BIO_FP_FH__L2A_20251124T050104_20251206T050132_T_G01_M01_C___T004_F004,2025-11-24,10,16,11.44349479675293,3.4402546882629395,29.50325584411621,1.0,2209,0.17900000512599945,22.551505382808962,21.977987,32.67337,34.773087,38.70142,40.404987,29.712921,1.0,32.64083941050815,32.57378005981445,34.0,34.0,35.0,35.0
Mbalmayo,BIO_FP_FH__L2A_20251124T050104_20251206T050132_T_G01_M01_C___T004_F004,2025-11-24,10,17,11.444328308105469,3.4402546882629395,29.97025489807129,1.0,2209,0.436599999666214,22.367040286187187,22.349169,36.752857,38.871445,40.452446,43.265553,29.758648,1.0,32.08793615960276,32.0,34.0,34.0,35.0,35.0
Mbalmayo,BIO_FP_FH__L2A_20251124T050104_20251206T050132_T_G01_M01_C___T004_F004,2025-11-24,10,18,11.445161819458008,3.4402546882629395,29.59565544128418,1.0,2209,0.32019999623298645,24.277952941093254,23.30257,37.671318,39.14431,41.965088,43.627716,32.597126,0.9999999861848899,34.04231582085289,34.0,35.0,35.0,36.0,36.0
Mbalmayo,BIO_FP_FH__L2A_20251124T050104_20251206T050132_T_G01_M01_C___T004_F004,2025-11-24,10,19,11.445995330810547,3.4402546882629395,28.821056365966797,1.0,2209,0.20739999413490295,19.517009826632528,20.238148,28.371368,33.33693,42.54268,44.814705,24.234634,1.0,31.173262700175417,31.0,32.0,32.0,33.0,33.0
Mbalmayo,BIO_FP_FH__L2A_20251124T050104_20251206T050132_T_G01_M01_C___T004_F004,2025-11-24,10,20,11.446828842163086,3.4402546882629395,27.742055892944336,1.0,2209,0.08780000358819962,16.050936863399727,16.62203,26.88261,34.89085,41.58453,42.735085,21.95028,1.0,30.62605613753395,31.0,32.10853576660156,33.0,34.0,34.0
Mbalmayo,BIO_FP_FH__L2A_20251124T050104_20251206T050132_T_G01_M01_C___T004_F004,2025-11-24,10,21,11.447662353515625,3.4402546882629395,27.523056030273438,1.0,2209,0.03220000118017197,17.4237788326873,18.197412,26.11636,28.788595,41.055626,42.23739,23.509768,1.0,30.83975798579674,31.0,32.0,32.0,33.0,33.0
Mbalmayo,BIO_FP_FH__L2A_20251124T050104_20251206T050132_T_G01_M01_C___T004_F004,2025-11-24,10,22,11.448495864868164,3.4402546882629395,28.011173248291016,1.0,2209,0.15299999713897705,12.698624368704731,10.884337,26.772623,28.6942,32.203716,40.198112,21.684156,1.0,31.656661137675417,31.0,34.0,35.0,35.0,35.0
Mbalmayo,BIO_FP_FH__L2A_20251124T050104_20251206T050132_T_G01_M01_C___T004_F004,2025-11-24,10,23,11.449329376220703,3.4402546882629395,30.353572845458984,1.0,2209,0.4952000081539154,16.649387537488682,17.256332,27.80084,30.323103,35.75209,38.012993,21.790363,1.0,32.013712988767544,32.0,34.0,34.0,35.0,35.0
Mbalmayo,BIO_FP_FH__L2A_20251124T050104_20251206T050132_T_G01_M01_C___T004_F004,2025-11-24,10,24,11.450162887573242,3.4402546882629395,33.33617401123047,1.0,2209,0.995199978351593,20.490218017909687,21.623884,29.873726,37.0472,42.531563,44.08587,25.40466,1.0,29.87488063744907,30.0,32.0,33.0,33.0,33.0
Mbalmayo,BIO_FP_FH__L2A_20251124T050104_20251206T050132_T_G01_M01_C___T004_F004,2025-11-24,10,25,11.450996398925781,3.4402546882629395,32.516971588134766,1.0,2209,0.5515999794006348,13.080454780160705,12.572705,23.433035,25.36389,29.861444,31.417286,20.34455,1.0,24.78648957390222,24.0,28.0,30.0,31.0,31.0
Mbalmayo,BIO_FP_FH__L2A_20251124T050104_20251206T050132_T_G01_M01_C___T004_F004,2025-11-24,10,26,11.45182991027832,3.4402546882629395,31.708972930908203,1.0,2209,0.4442000091075897,5.501335092236306,3.2490373,14.337455,19.917173,23.289232,25.215439,10.527585,1.0,23.551729519154595,23.0,27.0,29.0,29.0,31.841038
Mbalmayo,BIO_FP_FH__L2A_20251124T050104_20251206T050132_T_G01_M01_C___T004_F004,2025-11-24,10,27,11.45266342163086,3.4402546882629395,29.456974029541016,1.0,2209,0.3368000090122223,11.772374510171458,8.162509,26.826046,30.424116,39.108036,46.255337,22.008276,1.0,31.0156068745756,32.0,35.0,35.0,35.0,35.0
Mbalmayo,BIO_FP_FH__L2A_20251124T050104_20251206T050132_T_G01_M01_C___T004_F004,2025-11-24,10,28,11.453496932983398,3.4402546882629395,30.283973693847656,1.0,2209,0.6977999806404114,24.519046947501696,25.44783,38.89634,42.044624,45.702255,49.029835,35.08774,1.0,35.68760521587823,35.360408782958984,37.87425994873047,38.0,38.0,38.0
Mbalmayo,BIO_FP_FH__L2A_20251124T050104_20251206T050132_T_G01_M01_C___T004_F004,2025-11-24,10,29,11.454330444335938,3.4402546882629395,31.330373764038086,1.0,2209,1.0881999731063843,22.821351617318356,23.807104,34.606712,35.844265,37.727943,40.61455,30.887552,1.0,34.25251810774106,34.28921890258789,35.93941040039063,36.0,36.0,36.0
Mbalmayo,BIO_FP_FH__L2A_20251124T050104_20251206T050132_T_G01_M01_C___T004_F004,2025-11-24,10,35,11.459331512451172,3.4402546882629395,25.145631790161133,1.0,2209,0.3255999982357025,17.054087813702466,15.052553,34.860607,37.739624,40.881336,42.23097,27.658995,1.0,36.55153500240493,36.0,38.0,38.0,39.0,39.0
Mbalmayo,BIO_FP_FH__L2A_20251124T050104_20251206T050132_T_G01_M01_C___T004_F004,2025-11-24,10,36,11.460165023803711,3.4402546882629395,26.78923225402832,1.0,2209,0.38359999656677246,21.175022192592802,20.97105,34.652473,37.08336,42.68608,44.812428,30.882156,1.0,36.82951712101064,37.0,38.0,38.0,38.0,38.0
Mbalmayo,BIO_FP_FH__L2A_20251124T050104_20251206T050132_T_G01_M01_C___T004_F004,2025-11-24,11,7,11.435993194580078,3.4394211769104004,24.41948699951172,1.0,2209,0.0,10.809329155938773,7.6527925,24.678114,27.794985,31.178263,34.312683,19.356482,1.0,32.47856558043798,32.0,35.0,36.0,37.0,37.0
Mbalmayo,BIO_FP_FH__L2A_20251124T050104_20251206T050132_T_G01_M01_C___T004_F004,2025-11-24,11,8,11.436826705932617,3.4394211769104004,24.306886672973633,1.0,2209,0.0,24.50939891671854,24.249275,38.662247,40.43156,44.353954,45.641956,34.528717,1.0,37.666249929266634,38.0,39.0,39.0,39.0,39.0
Mbalmayo,BIO_FP_FH__L2A_20251124T050104_20251206T050132_T_G01_M01_C___T004_F004,2025-11-24,11,12,11.440160751342773,3.4394211769104004,27.165687561035156,1.0,2209,0.59579998254776,21.902909174824583,22.535334,36.730984,38.282993,40.68219,45.283825,32.053394,1.0,38.25382004371322,38.0,40.0,40.0,40.0,40.0
Mbalmayo,BIO_FP_FH__L2A_20251124T050104_20251206T050132_T_G01_M01_C___T004_F004,2025-11-24,11,13,11.440994262695312,3.4394211769104004,29.191686630249023,1.0,2209,0.870199978351593,23.376827573279765,24.483364,32.850655,35.976997,46.935642,49.83732,30.568483,1.0,35.620425319714805,35.9780387878418,37.0,37.0,37.0,37.0
Mbalmayo,BIO_FP_FH__L2A_20251124T050104_20251206T050132_T_G01_M01_C___T004_F004,2025-11-24,11,14,11.441827774047852,3.4394211769104004,30.34125518798828,1.0,2209,0.8411999940872192,22.91857462546684,24.051294,32.205746,36.798355,40.64875,43.29623,28.512367,1.0,36.01940702453033,36.0,37.0,37.0,38.0,38.0
Mbalmayo,BIO_FP_FH__L2A_20251124T050104_20251206T050132_T_G01_M01_C___T004_F004,2025-11-24,11,15,11.44266128540039,3.4394211769104004,29.56265640258789,1.0,2209,0.38580000400543213,23.818829751867362,23.534304,34.869286,38.730656,42.72996,44.2764,31.11338,1.0,34.96853426324129,35.0,37.0,37.0,37.0,37.0
Mbalmayo,BIO_FP_FH__L2A_20251124T050104_20251206T050132_T_G01_M01_C___T004_F004,2025-11-24,11,16,11.44349479675293,3.4394211769104004,28.94865608215332,1.0,2209,0.010599999688565731,22.214696978270712,22.619175,32.032593,33.63814,36.106045,38.06741,29.443583,1.0,33.839218643899954,34.0,35.0,35.0,35.0,35.0
Mbalmayo,BIO_FP_FH__L2A_20251124T050104_20251206T050132_T_G01_M01_C___T004_F004,2025-11-24,11,17,11.444328308105469,3.4394211769104004,28.897056579589844,1.0,2209,0.0,18.917974497085787,18.932133,31.145832,35.558403,41.921867,46.147415,27.269678,0.9999998480337893,31.770609898934026,32.0,34.0,34.0,34.0,34.0
Mbalmayo,BIO_FP_FH__L2A_20251124T050104_20251206T050132_T_G01_M01_C___T004_F004,2025-11-24,11,18,11.445161819458008,3.4394211769104004,28.876855850219727,1.0,2209,0.0,19.026016173183567,15.841475,38.769352,40.601208,46.05905,47.61431,30.624292,1.0,32.996985874547306,33.0,34.0,34.0,35.0,35.0
Mbalmayo,BIO_FP_FH__L2A_20251124T050104_20251206T050132_T_G01_M01_C___T004_F004,2025-11-24,11,19,11.445995330810547,3.4394211769104004,28.366655349731445,1.0,2209,0.0,22.2470561658273,21.96081,34.241573,36.68023,42.761536,45.066525,29.46825,1.0,33.1714501577354,33.0,36.0,36.0,37.0,37.0
Mbalmayo,BIO_FP_FH__L2A_20251124T050104_20251206T050132_T_G01_M01_C___T004_F004,2025-11-24,11,20,11.446828842163086,3.4394211769104004,28.217256546020508,1.0,2209,0.24719999730587006,23.977385659517882,21.159843,40.3526,43.10143,45.493248,47.358253,29.50936,1.0,33.251309009308514,33.0,36.0,36.0,37.0,37.0
Mbalmayo,BIO_FP_FH__L2A_20251124T050104_20251206T050132_T_G01_M01_C___T004_F004,2025-11-24,11,21,11.447662353515625,3.4394211769104004,28.721256256103516,1.0,2209,0.5935999751091003,22.27731214102818,22.04158,32.655724,36.799435,41.24884,43.047035,28.281376,1.0,30.99067026935265,31.0,33.0,34.0,35.0,35.0
Mbalmayo,BIO_FP_FH__L2A_20251124T050104_20251206T050132_T_G01_M01_C___T004_F004,2025-11-24,11,22,11.448495864868164,3.4394211769104004,29.97597312927246,1.0,2209,0.7031999826431274,19.146458292072204,18.791203,35.09733,38.5467,40.58674,43.113205,30.568466,1.0,30.15478935604346,30.0,31.0,31.0,32.0,32.0
Mbalmayo,BIO_FP_FH__L2A_20251124T050104_20251206T050132_T_G01_M01_C___T004_F004,2025-11-24,11,23,11.449329376220703,3.4394211769104004,32.22797393798828,1.0,2209,0.9305999875068665,10.935402976813604,4.5925336,28.314161,36.85506,40.804317,43.06724,21.663183,1.0,29.00027320761657,29.0,31.0,31.0,32.0,32.0
Mbalmayo,BIO_FP_FH__L2A_20251124T050104_20251206T050132_T_G01_M01_C___T004_F004,2025-11-24,11,24,11.450162887573242,3.4394211769104004,32.32657241821289,1.0,2209,0.6309999823570251,14.462992746293573,15.621105,22.75585,23.836432,24.970438,27.087654,20.444532,1.0,25.49183029651426,25.0,28.0,29.0,29.0,29.0
Mbalmayo,BIO_FP_FH__L2A_20251124T050104_20251206T050132_T_G01_M01_C___T004_F004,2025-11-24,11,25,11.450996398925781,3.4394211769104004,31.37537384033203,1.0,2209,0.05260000005364418,13.94661907784914,12.087598,25.01852,26.243967,35.526657,42.168648,20.926426,1.0,26.823095415770712,27.0,31.0,31.004481506347656,33.0,33.0
Mbalmayo,BIO_FP_FH__L2A_20251124T050104_20251206T050132_T_G01_M01_C___T004_F004,2025-11-24,11,26,11.45182991027832,3.4394211769104004,28.954973220825195,1.0,2209,0.0,17.188435006648938,15.629627,33.4834,35.808636,39.194653,41.387386,28.262142,1.0,31.029539578853555,31.0,35.0,35.69032287597656,36.0,36.0
Mbalmayo,BIO_FP_FH__L2A_20251124T050104_20251206T050132_T_G01_M01_C___T004_F004,2025-11-24,11,27,11.45266342163086,3.4394211769104004,25.892574310302734,1.0,2209,0.604200005531311,20.132621740960275,20.815401,35.385567,37.38465,39.26825,40.714455,29.829744,1.0,34.88271435745813,35.0,37.0,37.0,38.0,38.0
Mbalmayo,BIO_FP_FH__L2A_20251124T050104_20251206T050132_T_G01_M01_C___T004_F004,2025-11-24,11,35,11.459331512451172,3.4394211769104004,21.935232162475586,1.0,2209,0.39239999651908875,21.714765059133093,22.148176,36.402767,39.158775,41.397625,42.672657,31.603489,1.0,38.675007603836576,39.0,40.0,42.0,42.0,42.0
Mbalmayo,BIO_FP_FH__L2A_20251124T050104_20251206T050132_T_G01_M01_C___T004_F004,2025-11-24,11,37,11.46099853515625,3.4394211769104004,25.339632034301758,1.0,2209,1.2355999946594238,9.033898743421798,7.7584476,21.138857,24.407946,31.571358,32.628597,16.40033,1.0,34.99495847951562,35.0,36.0,36.0,36.0,36.0
Mbalmayo,BIO_FP_FH__L2A_20251124T050104_20251206T050132_T_G01_M01_C___T004_F004,2025-11-24,11,38,11.461832046508789,3.4394211769104004,24.150108337402344,1.0,2209,1.0473498106002808,20.11481152211125,20.805178,29.803173,32.067406,42.08545,43.507988,26.732693,1.0,34.605428962483025,35.0,35.0,35.0,36.0,38.0
Mbalmayo,BIO_FP_FH__L2A_20251124T050104_20251206T050132_T_G01_M01_C___T004_F004,2025-11-24,12,6,11.435159683227539,3.4385876655578613,21.05788803100586,1.0,2209,0.0,5.71842440548608,4.322124,11.533251,14.77931,18.634996,23.768534,9.675856,0.999999792773349,24.184360913635967,24.0,28.0,29.0,30.0,30.0
Mbalmayo,BIO_FP_FH__L2A_20251124T050104_20251206T050132_T_G01_M01_C___T004_F004,2025-11-24,12,7,11.435993194580078,3.4385876655578613,22.78348731994629,1.0,2209,0.0,14.63241926670722,12.245562,29.41496,31.770426,35.84942,36.95464,27.297392,1.0000000828906603,31.635341690055878,32.0,35.0,37.0,38.0,38.0
Mbalmayo,BIO_FP_FH__L2A_20251124T050104_20251206T050132_T_G01_M01_C___T004_F004,2025-11-24,12,12,11.440160751342773,3.4385876655578613,30.7460880279541,1.0,2209,1.0351999998092651,24.583816162219897,25.182045,38.771038,41.758274,45.502987,46.841206,34.11532,0.9999999171093397,39.708901018126724,40.0,41.0,41.0,42.0,42.0
Mbalmayo,BIO_FP_FH__L2A_20251124T050104_20251206T050132_T_G01_M01_C___T004_F004,2025-11-24,12,13,11.440994262695312,3.4385876655578613,30.841487884521484,0.9999999861848899,2209,1.06659996509552,19.703252150173398,20.544523,32.79867,35.732502,38.176003,39.584507,27.37691,0.9999998894791196,38.22147790085016,38.59333419799805,39.11298751831055,40.0,40.0,40.0
Mbalmayo,BIO_FP_FH__L2A_20251124T050104_20251206T050132_T_G01_M01_C___T004_F004,2025-11-24,12,14,11.441827774047852,3.4385876655578613,30.886455535888672,1.0,2209,1.0808000564575195,21.200051856397124,22.759289,37.851482,40.089783,43.123463,45.135956,34.90625,1.0000004006381917,37.16378236065626,37.0,38.0,38.0,38.0,38.0
Mbalmayo,BIO_FP_FH__L2A_20251124T050104_20251206T050132_T_G01_M01_C___T004_F004,2025-11-24,12,15,11.44266128540039,3.4385876655578613,30.396055221557617,1.0,2209,0.8533999919891357,23.896695469881735,24.845772,32.766556,35.179874,39.00968,42.175777,29.894686,0.9999998342186792,36.96509125572464,37.0,38.0,39.0,39.0,39.0
Mbalmayo,BIO_FP_FH__L2A_20251124T050104_20251206T050132_T_G01_M01_C___T004_F004,2025-11-24,12,16,11.44349479675293,3.4385876655578613,29.669654846191406,1.0,2209,0.5109999775886536,27.143083205423835,27.841866,35.963634,38.61929,40.760433,42.90488,32.976562,0.9999999032942296,33.49658549160487,33.0,35.0,36.0,37.0,37.0
Mbalmayo,BIO_FP_FH__L2A_20251124T050104_20251206T050132_T_G01_M01_C___T004_F004,2025-11-24,12,17,11.444328308105469,3.4385876655578613,29.316856384277344,1.0000000276302201,2209,0.18359999358654022,26.76115988013679,28.25496,33.915844,35.777184,40.705563,44.98173,32.22643,1.0,35.03615712709371,35.0,37.0,37.0,37.0,37.0
Mbalmayo,BIO_FP_FH__L2A_20251124T050104_20251206T050132_T_G01_M01_C___T004_F004,2025-11-24,12,18,11.445161819458008,3.4385876655578613,29.110055923461914,0.9999999585546698,2209,0.0,24.93407068631218,26.88712,38.317646,39.92251,42.954193,44.809288,34.661648,1.0,35.55141829235514,36.0,37.0,37.0,38.0,38.0
Mbalmayo,BIO_FP_FH__L2A_20251124T050104_20251206T050132_T_G01_M01_C___T004_F004,2025-11-24,12,19,11.445995330810547,3.4385876655578613,28.885456085205078,0.9999999861848899,2209,0.08860000222921371,20.958227375467107,19.191885,37.753693,41.478363,44.719162,46.267506,31.651545,1.0,35.59102588133771,36.0,37.0,37.0,37.0,37.0
Mbalmayo,BIO_FP_FH__L2A_20251124T050104_20251206T050132_T_G01_M01_C___T004_F004,2025-11-24,12,20,11.446828842163086,3.4385876655578613,29.407455444335938,1.0,2209,0.6931999921798706,18.168315122439452,16.14506,32.5063,34.54609,42.11557,44.8752,28.548347,1.0,35.80189706880942,36.0,37.0,37.0,37.0,37.0
Mbalmayo,BIO_FP_FH__L2A_20251124T050104_20251206T050132_T_G01_M01_C___T004_F004,2025-11-24,12,21,11.447662353515625,3.4385876655578613,30.189655303955078,1.0,2209,1.1128000020980835,20.517571051663648,21.725111,30.747784,32.646053,35.903366,38.117443,27.495224,1.0,32.16201742162743,32.0,34.0,34.0,35.56798385620119,37.0
Mbalmayo,BIO_FP_FH__L2A_20251124T050104_20251206T050132_T_G01_M01_C___T004_F004,2025-11-24,12,22,11.448495864868164,3.4385876655578613,31.409772872924805,1.0000000414453303,2209,0.9753999710083008,17.892950722955042,17.650095,31.721659,34.213562,40.848705,43.353752,25.406017,1.0,31.247472166421456,31.0,32.594696044921875,33.0,33.0,33.0
Mbalmayo,BIO_FP_FH__L2A_20251124T050104_20251206T050132_T_G01_M01_C___T004_F004,2025-11-24,12,23,11.449329376220703,3.4385876655578613,32.420772552490234,1.0000000138151102,2209,0.8424000144004822,8.890844371640657,3.9797585,23.600096,28.171045,41.61902,42.994972,18.446764,1.0,27.602865762222724,28.0,30.0,30.0,31.0,32.0
Mbalmayo,BIO_FP_FH__L2A_20251124T050104_20251206T050132_T_G01_M01_C___T004_F004,2025-11-24,12,24,11.450162887573242,3.4385876655578613,31.516372680664062,1.0000000552604402,2209,0.2378000020980835,13.136290087233574,11.40032,23.274408,27.210096,36.128418,37.80061,19.048267,1.0,28.193901369397917,28.0,32.0,33.0,34.0,34.0
Mbalmayo,BIO_FP_FH__L2A_20251124T050104_20251206T050132_T_G01_M01_C___T004_F004,2025-11-24,12,25,11.450996398925781,3.4385876655578613,27.538772583007812,1.0000000414453303,2209,0.0,23.15169668540295,24.017164,32.632893,34.15848,42.084988,44.941742,30.274174,1.0,33.461298240153916,33.405460357666016,36.0,36.0,37.0,37.0
Mbalmayo,BIO_FP_FH__L2A_20251124T050104_20251206T050132_T_G01_M01_C___T004_F004,2025-11-24,12,26,11.45182991027832,3.4385876655578613,23.78217315673828,1.0000000276302201,2209,0.0,15.883589022922775,14.096056,27.730824,30.250553,34.70344,37.688213,23.31478,1.0,32.99323391169647,33.0,34.0,34.0,36.0,36.0
Mbalmayo,BIO_FP_FH__L2A_20251124T050104_20251206T050132_T_G01_M01_C___T004_F004,2025-11-24,12,38,11.461832046508789,3.4385876655578613,26.82790756225586,0.9999999585546698,2209,0.6093498468399048,20.24769205797887,18.667599,33.172993,37.586407,40.294758,41.12706,28.30987,1.0,32.65224472329108,33.0,34.0,34.69182586669921,35.0,35.0
Mbalmayo,BIO_FP_FH__L2A_20251124T050104_20251206T050132_T_G01_M01_C___T004_F004,2025-11-24,12,39,11.462665557861328,3.4385876655578613,25.232507705688477,0.9999999861848899,2209,0.29354986548423767,14.815333517967677,15.073861,21.712767,24.1519,27.566135,30.848185,19.597202,1.0,33.16515090963105,33.0,34.0,34.449005126953125,35.0,35.0
Mbalmayo,BIO_FP_FH__L2A_20251124T050104_20251206T050132_T_G01_M01_C___T004_F004,2025-11-24,12,40,11.463499069213867,3.4385876655578613,22.66130828857422,1.0000000552604402,2209,1.8377498388290405,16.818341204353704,15.714622,28.403435,31.320526,34.22186,35.71496,21.667755,1.0,34.898721317621096,35.0,36.0,36.0,37.0,37.0
Mbalmayo,BIO_FP_FH__L2A_20251124T050104_20251206T050132_T_G01_M01_C___T004_F004,2025-11-24,13,5,11.434326171875,3.4377541542053223,17.61501693725586,0.9799834666288832,2178,0.5874000191688538,7.024828046556297,4.9362555,17.184626,23.622225,28.205519,31.141,13.932663,0.9366371773011332,19.803129309445225,20.0,24.0,24.0,27.0,27.0
Mbalmayo,BIO_FP_FH__L2A_20251124T050104_20251206T050132_T_G01_M01_C___T004_F004,2025-11-24,13,6,11.435159683227539,3.4377541542053223,19.427087783813477,1.0,2209,0.0,5.027201620147691,3.5132375,10.090534,15.909461,25.210787,27.724127,8.00212,1.0,21.41350635892938,21.181211471557617,26.0,26.0,26.719755172729492,28.879025
Mbalmayo,BIO_FP_FH__L2A_20251124T050104_20251206T050132_T_G01_M01_C___T004_F004,2025-11-24,13,7,11.435993194580078,3.4377541542053223,20.82588768005371,1.0,2209,1.1510000228881836,19.15017201469839,19.458735,35.2259,37.74376,40.709476,42.92322,29.099176,1.0,32.06252873542893,32.77131271362305,36.0,36.0,37.0,37.0
Mbalmayo,BIO_FP_FH__L2A_20251124T050104_20251206T050132_T_G01_M01_C___T004_F004,2025-11-24,13,12,11.440160751342773,3.4377541542053223,30.986886978149414,1.0000000138151102,2209,1.041599988937378,21.170957384212837,20.990295,32.988335,35.501347,39.05662,41.731224,30.798101,1.0,39.28589364531462,39.67295837402344,40.0,40.95796203613281,42.0,42.0
Mbalmayo,BIO_FP_FH__L2A_20251124T050104_20251206T050132_T_G01_M01_C___T004_F004,2025-11-24,13,13,11.440994262695312,3.4377541542053223,30.506887435913086,1.0,2209,1.0867999792099,20.827164794590313,18.82063,37.677418,39.994747,42.751724,43.714436,32.421127,1.0,40.20617670255206,40.0,43.0,43.0,43.0,43.0
Mbalmayo,BIO_FP_FH__L2A_20251124T050104_20251206T050132_T_G01_M01_C___T004_F004,2025-11-24,13,14,11.441827774047852,3.4377541542053223,30.571056365966797,1.0,2209,1.1075999736785889,25.65680790940471,25.78012,40.197567,42.190865,44.710094,47.839264,36.880054,1.0,38.54652442776709,38.205902099609375,40.0,40.0,40.0,40.0
Mbalmayo,BIO_FP_FH__L2A_20251124T050104_20251206T050132_T_G01_M01_C___T004_F004,2025-11-24,13,15,11.44266128540039,3.4377541542053223,30.53005599975586,1.0000000138151102,2209,1.0920000076293945,29.120934197623185,30.696243,38.76777,40.25618,41.66726,43.79998,37.12758,1.0,37.255421712313264,37.0,39.0,39.0,39.0,39.0
Mbalmayo,BIO_FP_FH__L2A_20251124T050104_20251206T050132_T_G01_M01_C___T004_F004,2025-11-24,13,16,11.44349479675293,3.4377541542053223,30.489255905151367,1.0,2209,1.0764000415802002,29.896788528463105,30.519321,36.570835,37.915615,41.050045,42.507954,35.23678,1.0,35.06806008445564,35.0,36.0,36.0,37.0,37.0
Mbalmayo,BIO_FP_FH__L2A_20251124T050104_20251206T050132_T_G01_M01_C___T004_F004,2025-11-24,13,17,11.444328308105469,3.4377541542053223,30.224056243896484,1.0,2209,0.7694000005722046,27.94153091755319,29.087484,34.144363,35.517197,37.74311,39.24968,32.598625,1.0,35.308181728157535,35.0,37.0,37.0,37.0,37.0
Mbalmayo,BIO_FP_FH__L2A_20251124T050104_20251206T050132_T_G01_M01_C___T004_F004,2025-11-24,13,18,11.445161819458008,3.4377541542053223,29.966054916381836,1.0,2209,0.43860000371932983,24.113305122510187,24.69633,34.14631,36.32058,39.888317,41.914997,31.848454,1.0,34.18450532622227,34.0,36.0,36.0,37.0,37.0
Mbalmayo,BIO_FP_FH__L2A_20251124T050104_20251206T050132_T_G01_M01_C___T004_F004,2025-11-24,13,19,11.445995330810547,3.4377541542053223,29.428855895996094,1.0,2209,0.12300000339746475,25.581817723658894,26.156538,36.367508,38.01064,40.716255,42.18968,34.646286,1.0,33.66057269267768,34.0,35.0,35.0,36.0,36.0
Mbalmayo,BIO_FP_FH__L2A_20251124T050104_20251206T050132_T_G01_M01_C___T004_F004,2025-11-24,13,20,11.446828842163086,3.4377541542053223,29.14045524597168,1.0,2209,0.210999995470047,21.556960251386375,21.868004,29.9157,31.410986,33.89123,36.110588,27.294382,1.0,33.18005266098913,33.0,36.0,36.0,36.0,36.0
Mbalmayo,BIO_FP_FH__L2A_20251124T050104_20251206T050132_T_G01_M01_C___T004_F004,2025-11-24,13,21,11.447662353515625,3.4377541542053223,29.31345558166504,1.0,2209,0.5555999875068665,17.596288885666592,17.285715,31.985708,33.819546,37.06573,39.83865,29.140284,1.0,32.284420623019464,32.0,34.0,34.0,35.0,35.0
Mbalmayo,BIO_FP_FH__L2A_20251124T050104_20251206T050132_T_G01_M01_C___T004_F004,2025-11-24,13,22,11.448495864868164,3.4377541542053223,30.476573944091797,1.0,2209,0.42080000042915344,13.400288503706427,9.892826,34.878242,37.769077,39.807125,42.046356,27.743525,1.0,32.53965489191942,32.81878662109375,35.0,35.0,35.0,35.0
Mbalmayo,BIO_FP_FH__L2A_20251124T050104_20251206T050132_T_G01_M01_C___T004_F004,2025-11-24,13,23,11.449329376220703,3.4377541542053223,31.250972747802734,1.0,2209,0.30399999022483826,17.39939438978327,15.844964,33.541946,36.830822,44.61935,46.89942,27.883581,1.0,32.333158562980984,32.915618896484375,35.0,37.0,37.0,37.0
Mbalmayo,BIO_FP_FH__L2A_20251124T050104_20251206T050132_T_G01_M01_C___T004_F004,2025-11-24,13,24,11.450162887573242,3.4377541542053223,29.38477325439453,1.0,2209,0.0,20.032253087511318,18.00092,36.45249,38.732903,43.147377,45.137123,29.096579,1.0,35.43325246152105,35.80738830566406,38.0,39.0,39.0,39.0
Mbalmayo,BIO_FP_FH__L2A_20251124T050104_20251206T050132_T_G01_M01_C___T004_F004,2025-11-24,13,25,11.450996398925781,3.4377541542053223,23.41317367553711,1.0,2209,0.0,20.568170384294366,18.499006,37.98115,41.161423,44.09837,46.429123,29.910116,1.0,35.99922546966953,36.0,38.0,38.0,39.0,39.0
Mbalmayo,BIO_FP_FH__L2A_20251124T050104_20251206T050132_T_G01_M01_C___T004_F004,2025-11-24,13,40,11.463499069213867,3.4377541542053223,27.178308486938477,1.0,2209,1.1235498189926147,16.849287096112494,16.448717,29.668755,32.77728,38.106857,43.36566,24.879265,1.0,33.12104865748076,33.0,35.0,35.0,36.0,37.0
Mbalmayo,BIO_FP_FH__L2A_20251124T050104_20251206T050132_T_G01_M01_C___T004_F004,2025-11-24,13,47,11.46933364868164,3.4377541542053223,30.69949722290039,1.0,2209,0.7306864857673645,23.897032116483704,26.723665,37.26699,39.095997,41.85204,43.806976,32.65138,1.0,34.35499660479855,35.0,36.0,36.0,36.0,36.0
Mbalmayo,BIO_FP_FH__L2A_20251124T050104_20251206T050132_T_G01_M01_C___T004_F004,2025-11-24,13,48,11.47016716003418,3.4377541542053223,30.012895584106445,0.9837214347732288,2192,0.6232864856719971,25.838381367823665,27.226234,38.541748,40.57661,42.616596,44.357624,35.40034,1.0,36.014738180454955,36.0,38.0,38.840354919433594,39.68070983886719,40.0
Mbalmayo,BIO_FP_FH__L2A_20251124T050104_20251206T050132_T_G01_M01_C___T004_F004,2025-11-24,14,12,11.440160751342773,3.436920642852783,31.7012882232666,1.0000000276302201,2209,0.9805999994277954,29.18265329515095,29.576963,40.52364,42.3426,44.696716,47.491417,37.902718,1.0,37.55812956230195,38.0,39.0,39.0,40.0,40.0
Mbalmayo,BIO_FP_FH__L2A_20251124T050104_20251206T050132_T_G01_M01_C___T004_F004,2025-11-24,14,13,11.440994262695312,3.436920642852783,30.864887237548828,0.9999999861848899,2209,0.907800018787384,30.376866454205928,31.411524,40.337597,41.47233,42.796886,45.284393,37.70441,1.0,40.4181358575713,40.11298751831055,42.0,42.0,43.0,43.0
Mbalmayo,BIO_FP_FH__L2A_20251124T050104_20251206T050132_T_G01_M01_C___T004_F004,2025-11-24,14,14,11.441827774047852,3.436920642852783,30.187456130981445,1.0,2209,0.8646000027656555,32.35451340750905,34.772694,41.540157,42.68289,44.43685,45.863377,39.564816,1.0,38.864884244850614,39.0,40.0,40.0,40.0,40.0
Mbalmayo,BIO_FP_FH__L2A_20251124T050104_20251206T050132_T_G01_M01_C___T004_F004,2025-11-24,14,15,11.44266128540039,3.436920642852783,31.122455596923828,1.0000000414453303,2209,1.0773999691009521,32.48582147714881,33.760567,38.830048,39.876427,41.193836,42.005844,37.463173,1.0,36.76141901737211,37.0,38.0,38.0,39.0,39.0
Mbalmayo,BIO_FP_FH__L2A_20251124T050104_20251206T050132_T_G01_M01_C___T004_F004,2025-11-24,14,16,11.44349479675293,3.436920642852783,31.34525489807129,1.0,2209,1.0498000383377075,28.320140087426438,30.58673,37.461723,38.51089,40.367332,42.13934,35.4013,1.0,36.053967788026256,36.0,37.0,37.0,37.0,37.0
Mbalmayo,BIO_FP_FH__L2A_20251124T050104_20251206T050132_T_G01_M01_C___T004_F004,2025-11-24,14,17,11.444328308105469,3.436920642852783,31.337055206298828,1.0,2209,1.037600040435791,29.658772086492757,31.455378,38.066048,39.331623,41.058155,42.669674,36.284157,1.0,34.507842561679496,34.0,36.12113952636719,37.0,37.0,37.0
Mbalmayo,BIO_FP_FH__L2A_20251124T050104_20251206T050132_T_G01_M01_C___T004_F004,2025-11-24,14,18,11.445161819458008,3.436920642852783,31.238256454467773,1.0,2209,1.011199951171875,28.072991526143053,29.011225,38.08741,39.62188,42.002937,44.324547,35.02274,1.0,33.47025573647578,33.0,35.0,36.0,36.0,36.0
Mbalmayo,BIO_FP_FH__L2A_20251124T050104_20251206T050132_T_G01_M01_C___T004_F004,2025-11-24,14,19,11.445995330810547,3.436920642852783,30.807056427001953,1.0,2209,0.6898000240325928,24.912088154990947,25.43613,33.28641,34.923866,37.024334,38.493114,30.90508,1.0,31.58600027586012,31.215417861938477,33.0,34.0,34.0,35.0
Mbalmayo,BIO_FP_FH__L2A_20251124T050104_20251206T050132_T_G01_M01_C___T004_F004,2025-11-24,14,20,11.446828842163086,3.436920642852783,29.915056228637695,1.0,2209,0.3930000066757202,22.428599974535988,22.514585,34.28901,36.141438,40.249645,43.11007,30.20156,1.0,30.5827138269579,31.0,32.0,32.559288024902344,33.0,33.0
Mbalmayo,BIO_FP_FH__L2A_20251124T050104_20251206T050132_T_G01_M01_C___T004_F004,2025-11-24,14,21,11.447662353515625,3.436920642852783,28.893455505371094,1.0,2209,0.11180000007152557,20.796102680087145,21.897081,30.440779,32.226345,35.92545,38.33004,28.262497,1.0,33.78895728412177,34.0,35.0,35.06430435180664,36.0,36.0
Mbalmayo,BIO_FP_FH__L2A_20251124T050104_20251206T050132_T_G01_M01_C___T004_F004,2025-11-24,14,22,11.448495864868164,3.436920642852783,28.802772521972656,1.0,2209,0.0,22.810647670043007,23.905813,32.74428,35.053352,40.00147,41.249985,30.33569,1.0,35.091467080692624,35.0,36.0,36.0,37.0,37.0
Mbalmayo,BIO_FP_FH__L2A_20251124T050104_20251206T050132_T_G01_M01_C___T004_F004,2025-11-24,14,23,11.449329376220703,3.436920642852783,29.11017417907715,1.0,2209,0.0,21.705678253381055,18.439339,41.1396,46.9539,50.323742,52.460278,35.94222,1.0,37.2003221904708,37.0,39.0,39.0,39.0,39.890404
Mbalmayo,BIO_FP_FH__L2A_20251124T050104_20251206T050132_T_G01_M01_C___T004_F004,2025-11-24,14,24,11.450162887573242,3.436920642852783,25.563173294067383,1.0,2209,0.0,19.865405019239475,18.36408,34.591198,36.33183,38.039593,41.796024,30.280977,1.0,36.882436729006336,37.0,39.0,39.0,40.0,40.0
Mbalmayo,BIO_FP_FH__L2A_20251124T050104_20251206T050132_T_G01_M01_C___T004_F004,2025-11-24,14,31,11.455997467041016,3.436920642852783,23.56603240966797,1.0,2209,1.5853999853134155,19.110552268418967,16.704962,34.746906,37.730713,45.767593,50.273758,27.45142,1.0,34.98252001754187,35.0,36.0,36.46569061279297,37.0,37.0
Mbalmayo,BIO_FP_FH__L2A_20251124T050104_20251206T050132_T_G01_M01_C___T004_F004,2025-11-24,14,47,11.46933364868164,3.436920642852783,27.930896759033203,1.0,2209,0.23168647289276123,22.641589184161386,24.944563,34.359066,37.557903,45.336624,47.847275,30.651262,1.0,35.72645463162064,36.0,36.252601623535156,37.0,37.0,37.0
Mbalmayo,BIO_FP_FH__L2A_20251124T050104_20251206T050132_T_G01_M01_C___T004_F004,2025-11-24,15,10,11.438493728637695,3.436087131500244,33.84379577636719,1.0,2209,1.010200023651123,28.799649516183795,29.321064,38.201096,39.257675,41.037422,43.84284,35.281773,1.0,33.046717618266186,33.0,34.0,34.65288162231445,35.0,35.0
Mbalmayo,BIO_FP_FH__L2A_20251124T050104_20251206T050132_T_G01_M01_C___T004_F004,2025-11-24,15,11,11.439327239990234,3.436087131500244,33.19699478149414,1.0,2209,1.010200023651123,30.816303686622906,32.724728,41.728218,42.89803,44.62789,47.53667,39.950706,1.0,34.512466755319146,34.66292190551758,36.0,36.0,36.03147888183594,37.0
Mbalmayo,BIO_FP_FH__L2A_20251124T050104_20251206T050132_T_G01_M01_C___T004_F004,2025-11-24,15,12,11.440160751342773,3.436087131500244,32.20059585571289,1.0,2209,0.8637999892234802,31.21504047716727,32.66187,39.58423,40.423084,42.41942,44.022144,38.755875,1.0,36.108365281235855,36.0,37.361490631103514,38.0,39.0,39.779984
Mbalmayo,BIO_FP_FH__L2A_20251124T050104_20251206T050132_T_G01_M01_C___T004_F004,2025-11-24,15,13,11.440994262695312,3.436087131500244,30.583797454833984,1.0,2209,0.4505999982357025,30.6139779736306,30.130415,39.80386,42.439045,44.35246,46.103256,37.664745,1.0,38.37792836124943,38.0,40.0,40.0,40.0,40.0
Mbalmayo,BIO_FP_FH__L2A_20251124T050104_20251206T050132_T_G01_M01_C___T004_F004,2025-11-24,15,14,11.441827774047852,3.436087131500244,29.505210876464844,1.0,2209,0.2720000147819519,30.627687425729967,32.956715,40.872055,42.479496,43.96982,44.988888,39.103836,1.0,37.68156193413309,38.0,38.0,39.0,39.0,39.0
Mbalmayo,BIO_FP_FH__L2A_20251124T050104_20251206T050132_T_G01_M01_C___T004_F004,2025-11-24,15,15,11.44266128540039,3.436087131500244,30.563810348510742,1.0,2209,0.5533999800682068,32.13269402161612,33.190517,38.934433,40.000553,41.813816,43.278526,37.172684,1.0,36.76132352733137,37.0,38.0,38.0,38.0,38.0
Mbalmayo,BIO_FP_FH__L2A_20251124T050104_20251206T050132_T_G01_M01_C___T004_F004,2025-11-24,15,16,11.44349479675293,3.436087131500244,31.800609588623047,1.0,2209,0.8677999973297119,26.31731738413875,26.7942,35.595608,37.439434,42.53294,44.256454,34.227642,1.0,37.1306560165799,37.0,38.0,38.0,39.0,39.0
Mbalmayo,BIO_FP_FH__L2A_20251124T050104_20251206T050132_T_G01_M01_C___T004_F004,2025-11-24,15,17,11.444328308105469,3.436087131500244,30.195810317993164,1.0,2209,1.8538000583648682,30.84945774035197,31.686907,39.35286,40.458153,42.164444,43.8784,38.262966,1.0,36.05623832899502,36.0,37.01112594604493,38.0,38.0,38.0
Mbalmayo,BIO_FP_FH__L2A_20251124T050104_20251206T050132_T_G01_M01_C___T004_F004,2025-11-24,15,21,11.447662353515625,3.436087131500244,21.81981086730957,1.0,2209,1.182800054550171,18.19823069332843,17.15174,29.036104,32.26761,36.634583,38.955853,25.294394,1.0,31.761151998924852,32.0,33.0,34.0,34.0,35.0
Mbalmayo,BIO_FP_FH__L2A_20251124T050104_20251206T050132_T_G01_M01_C___T004_F004,2025-11-24,15,22,11.448495864868164,3.436087131500244,25.447368621826172,1.0,2209,0.0,22.00385894706315,23.061274,32.357452,34.14108,38.77453,40.613907,29.671213,1.0,34.4551364800249,34.0,36.0,36.0,36.677555084228516,37.0
Mbalmayo,BIO_FP_FH__L2A_20251124T050104_20251206T050132_T_G01_M01_C___T004_F004,2025-11-24,15,23,11.449329376220703,3.436087131500244,24.368968963623047,1.0,2209,0.0,23.429315707758036,22.238487,38.458263,40.776276,49.352573,51.07229,35.480076,1.0,35.8160941390335,36.0,38.0,38.0,38.0,38.0
Mbalmayo,BIO_FP_FH__L2A_20251124T050104_20251206T050132_T_G01_M01_C___T004_F004,2025-11-24,15,24,11.450162887573242,3.436087131500244,21.901569366455078,1.0,2209,0.0,16.909967480336125,15.829348,27.78659,32.438168,39.40258,46.5514,24.001976,1.0,34.68706587398144,35.0,37.0,37.0,37.0,37.0
Mbalmayo,BIO_FP_FH__L2A_20251124T050104_20251206T050132_T_G01_M01_C___T004_F004,2025-11-24,15,31,11.455997467041016,3.436087131500244,25.819164276123047,1.0,2209,0.4912000000476837,18.226186729006336,16.28555,32.11056,38.69313,41.69186,43.39062,29.02204,1.0,36.38182134874378,36.0,37.0,38.0,38.0,38.0
Mbalmayo,BIO_FP_FH__L2A_20251124T050104_20251206T050132_T_G01_M01_C___T004_F004,2025-11-24,15,32,11.456830978393555,3.436087131500244,22.83316421508789,1.0,2209,0.3718000054359436,12.343694739559755,10.470299,23.280655,32.21589,35.838223,41.767902,18.408293,1.0,35.87839608561566,36.0,38.0,38.0,38.0,38.0
Mbalmayo,BIO_FP_FH__L2A_20251124T050104_20251206T050132_T_G01_M01_C___T004_F004,2025-11-24,15,33,11.457664489746094,3.436087131500244,18.11176300048828,1.0,2209,0.8736000061035156,12.739373638382752,9.637123,27.92686,34.93256,39.505665,40.463364,21.463211,1.0,32.17717558142825,32.0,34.0,35.0,35.0,35.0
Mbalmayo,BIO_FP_FH__L2A_20251124T050104_20251206T050132_T_G01_M01_C___T004_F004,2025-11-24,15,41,11.464332580566406,3.436087131500244,33.4172248840332,1.0,2209,1.0432000160217285,18.370710021502944,18.349934,30.342228,33.28421,37.66488,39.57656,27.434278,1.0,32.39034560321412,33.0,34.0,34.0,34.0,35.0
Mbalmayo,BIO_FP_FH__L2A_20251124T050104_20251206T050132_T_G01_M01_C___T004_F004,2025-11-24,16,10,11.438493728637695,3.435253620147705,33.77399826049805,1.0,2209,1.010200023651123,26.389964085134675,26.777185,35.379387,36.86694,39.479523,41.379433,34.227695,1.0,32.20210997623359,32.0,33.0,33.0,34.0,34.0
Mbalmayo,BIO_FP_FH__L2A_20251124T050104_20251206T050132_T_G01_M01_C___T004_F004,2025-11-24,16,11,11.439327239990234,3.435253620147705,33.5751953125,1.0,2209,1.010200023651123,32.63504723220348,34.88622,41.199257,42.04149,43.52534,44.801857,39.661095,1.0,33.98939972131055,34.0,36.0,36.0,37.0,37.0
Mbalmayo,BIO_FP_FH__L2A_20251124T050104_20251206T050132_T_G01_M01_C___T004_F004,2025-11-24,16,12,11.440160751342773,3.435253620147705,33.08879470825195,1.0,2209,0.9291999936103821,31.758119748047758,32.906425,41.547665,42.79203,44.175995,46.409653,39.646923,1.0,37.55098637675419,38.0,40.0,40.0,40.77998352050781,41.0
Mbalmayo,BIO_FP_FH__L2A_20251124T050104_20251206T050132_T_G01_M01_C___T004_F004,2025-11-24,16,13,11.440994262695312,3.435253620147705,31.400997161865234,1.0,2209,0.5221999883651733,30.295992159206655,32.315216,41.743324,42.915268,44.477547,46.289623,40.652813,1.0,38.91252493351064,39.0,40.0,41.0,41.0,41.0
Mbalmayo,BIO_FP_FH__L2A_20251124T050104_20251206T050132_T_G01_M01_C___T004_F004,2025-11-24,16,14,11.441827774047852,3.435253620147705,27.24860954284668,1.0,2209,0.6962000131607056,34.84086319460163,38.01258,43.82299,44.931824,46.926353,51.21203,42.523712,1.0,36.04041173890901,36.0,38.0,38.0,38.0,38.0
Mbalmayo,BIO_FP_FH__L2A_20251124T050104_20251206T050132_T_G01_M01_C___T004_F004,2025-11-24,16,21,11.447662353515625,3.435253620147705,16.613210678100586,0.9374788076211662,2093,1.8423999547958374,23.856733642753603,24.964828,31.91224,33.64864,35.285446,37.580753,30.084473,0.9251108579691744,31.70407655801805,32.0,33.0,33.45976352691649,34.0,34.0
Mbalmayo,BIO_FP_FH__L2A_20251124T050104_20251206T050132_T_G01_M01_C___T004_F004,2025-11-24,16,32,11.456830978393555,3.435253620147705,23.90636444091797,1.0,2209,0.0,13.52370186594613,10.854682,26.603613,31.800505,38.5901,39.952072,21.817406,1.0,34.246931940357626,34.0,35.0,35.9584846496582,36.0,36.0
Mbalmayo,BIO_FP_FH__L2A_20251124T050104_20251206T050132_T_G01_M01_C___T004_F004,2025-11-24,16,41,11.464332580566406,3.435253620147705,32.827823638916016,1.0,2209,0.8881999850273132,25.23552353299004,26.453209,31.691402,32.602688,36.088387,37.46201,29.616623,1.0,31.056286074015393,31.0,32.0,32.0,33.0,33.0
Mbalmayo,BIO_FP_FH__L2A_20251124T050104_20251206T050132_T_G01_M01_C___T004_F004,2025-11-24,16,42,11.465166091918945,3.435253620147705,33.05842590332031,1.0,2209,0.7807999849319458,23.95794238413875,25.004793,31.797276,33.607605,35.737595,38.117165,29.137693,1.0,33.465242509336804,33.0,35.0,36.0,36.0,36.0
Mbalmayo,BIO_FP_FH__L2A_20251124T050104_20251206T050132_T_G01_M01_C___T004_F004,2025-11-24,17,6,11.435159683227539,3.434420108795166,22.966997146606445,1.0,2209,1.9752000570297241,25.430918702608647,26.155157,34.606636,37.933086,47.557835,50.200657,32.552048,1.0,35.45139114842689,35.85145568847656,36.70291519165039,37.0,37.0,37.0
Mbalmayo,BIO_FP_FH__L2A_20251124T050104_20251206T050132_T_G01_M01_C___T004_F004,2025-11-24,17,7,11.435993194580078,3.434420108795166,26.24199676513672,1.0,2209,0.03999999910593033,18.92505778031632,19.077576,33.700474,35.9388,38.520576,41.168205,32.438717,1.0,35.34918939565414,35.1732177734375,37.0,37.0,37.0,37.0
Mbalmayo,BIO_FP_FH__L2A_20251124T050104_20251206T050132_T_G01_M01_C___T004_F004,2025-11-24,17,8,11.436826705932617,3.434420108795166,28.341596603393555,1.0,2209,0.22300000488758087,10.636410617785197,4.5483847,31.07485,35.949806,39.532616,42.998447,19.12528,1.0,36.48076494595971,36.0,38.0,38.0,38.0,38.0
Mbalmayo,BIO_FP_FH__L2A_20251124T050104_20251206T050132_T_G01_M01_C___T004_F004,2025-11-24,17,9,11.437660217285156,3.434420108795166,31.554996490478516,1.0,2209,0.6890000104904175,26.660860046966953,30.97937,39.36511,40.971214,43.01402,45.915554,36.49823,1.0,35.58823014514486,36.0,37.0,37.0,37.91832733154297,38.0
Mbalmayo,BIO_FP_FH__L2A_20251124T050104_20251206T050132_T_G01_M01_C___T004_F004,2025-11-24,17,10,11.438493728637695,3.434420108795166,33.70659637451172,1.0,2209,1.010200023651123,24.53943075557379,26.606024,35.13573,36.404617,38.174183,39.548862,33.82455,1.0,32.71827343396333,32.38847351074219,35.0,36.0,36.0,36.0
Mbalmayo,BIO_FP_FH__L2A_20251124T050104_20251206T050132_T_G01_M01_C___T004_F004,2025-11-24,17,11,11.439327239990234,3.434420108795166,33.50839614868164,1.0,2209,1.010200023651123,29.829910133261656,31.34887,38.774372,40.187283,41.91487,43.383553,37.51816,1.0,32.4601099196469,32.0,35.0,36.0,36.48714920043946,36.769947
Mbalmayo,BIO_FP_FH__L2A_20251124T050104_20251206T050132_T_G01_M01_C___T004_F004,2025-11-24,17,12,11.440160751342773,3.434420108795166,33.618995666503906,1.0,2209,1.010200023651123,28.891196613993888,30.199896,39.012222,40.528294,45.615746,48.93155,37.278557,1.0,38.4465246930172,39.0,40.0,40.0,41.0,41.0
Mbalmayo,BIO_FP_FH__L2A_20251124T050104_20251206T050132_T_G01_M01_C___T004_F004,2025-11-24,17,13,11.440994262695312,3.434420108795166,31.478397369384766,1.0,2209,0.7337999939918518,28.30642621449185,28.6089,35.9899,37.030495,39.409798,42.39406,34.85938,1.0,38.80634531320733,39.0,40.356475830078125,41.0,41.0,41.0
Mbalmayo,BIO_FP_FH__L2A_20251124T050104_20251206T050132_T_G01_M01_C___T004_F004,2025-11-24,17,32,11.456830978393555,3.434420108795166,25.63936424255371,1.0,2209,0.0,12.764940212624492,9.365437,32.285168,35.17219,37.64769,39.10244,24.070026,1.0,33.904356998358985,34.0,35.0,35.0,35.0,36.94224
Mbalmayo,BIO_FP_FH__L2A_20251124T050104_20251206T050132_T_G01_M01_C___T004_F004,2025-11-24,17,41,11.464332580566406,3.434420108795166,27.67902374267578,1.0,2209,0.38920000195503235,18.353309614078768,17.69061,27.118446,30.139442,34.840984,36.426605,24.388094,1.0,28.829442408895428,28.0,30.0,31.0,31.0,31.0
Mbalmayo,BIO_FP_FH__L2A_20251124T050104_20251206T050132_T_G01_M01_C___T004_F004,2025-11-24,18,6,11.435159683227539,3.433586597442627,26.156797409057617,1.0,2209,0.0,24.925475107161045,25.402906,33.21499,34.81629,41.22036,43.173626,32.559387,1.0,35.90777695648484,36.0,37.0,37.0,38.0,38.0
Mbalmayo,BIO_FP_FH__L2A_20251124T050104_20251206T050132_T_G01_M01_C___T004_F004,2025-11-24,18,7,11.435993194580078,3.433586597442627,27.411396026611328,1.0,2209,0.0,23.376558786498414,24.947891,32.84511,34.23124,37.752052,40.941475,31.592798,1.0,36.32717540459484,36.0,38.0,38.0,38.0,38.0
Mbalmayo,BIO_FP_FH__L2A_20251124T050104_20251206T050132_T_G01_M01_C___T004_F004,2025-11-24,18,8,11.436826705932617,3.433586597442627,28.966997146606445,1.0,2209,0.13779999315738678,25.86244217547533,29.307535,38.63339,40.258514,44.2414,46.402096,35.828835,1.0,38.104720744680854,38.0,39.0,40.0,40.0,40.0
Mbalmayo,BIO_FP_FH__L2A_20251124T050104_20251206T050132_T_G01_M01_C___T004_F004,2025-11-24,18,9,11.437660217285156,3.433586597442627,31.084997177124023,1.0,2209,0.5849999785423279,23.630257257243095,24.197573,35.936993,37.914787,41.37251,43.160496,33.104313,1.0,37.82092788026256,38.0,39.0,40.0,41.0,41.0
Mbalmayo,BIO_FP_FH__L2A_20251124T050104_20251206T050132_T_G01_M01_C___T004_F004,2025-11-24,18,10,11.438493728637695,3.433586597442627,33.64019775390625,1.0,2209,1.010200023651123,26.605274233250338,27.578918,34.66693,35.996254,39.43875,42.29231,33.132095,1.0,33.44208617445677,33.0,35.0,37.0,38.0,38.0
Mbalmayo,BIO_FP_FH__L2A_20251124T050104_20251206T050132_T_G01_M01_C___T004_F004,2025-11-24,18,11,11.439327239990234,3.433586597442627,33.667198181152344,1.0,2209,1.010200023651123,25.91788961704957,27.027945,33.87964,34.919018,37.074787,38.475113,32.273666,1.0,31.959606828598915,32.0,34.0,35.0,36.0,36.0
Mbalmayo,BIO_FP_FH__L2A_20251124T050104_20251206T050132_T_G01_M01_C___T004_F004,2025-11-24,18,12,11.440160751342773,3.433586597442627,33.77799606323242,1.0,2209,1.010200023651123,29.25395576335446,30.103714,37.90986,39.57864,41.5229,44.02044,34.352467,1.0,37.02380619765731,37.239410400390625,39.0,39.0,40.0,40.0
Mbalmayo,BIO_FP_FH__L2A_20251124T050104_20251206T050132_T_G01_M01_C___T004_F004,2025-11-24,18,21,11.447662353515625,3.433586597442627,18.14681053161621,0.9771560800188858,2173,0.0,12.671164592888495,13.377013,23.79808,26.16282,29.237892,31.731134,21.200829,0.9728725669933369,32.92777176141415,33.0,34.0,35.0,35.0,35.0
Mbalmayo,BIO_FP_FH__L2A_20251124T050104_20251206T050132_T_G01_M01_C___T004_F004,2025-11-24,18,23,11.449329376220703,3.433586597442627,22.938968658447266,1.0,2209,0.0,15.034056788280896,14.921533,24.235342,29.601511,32.823715,34.788944,22.370956,1.0,33.44899859240606,33.760589599609375,34.21662139892578,35.0,35.0,35.0
Mbalmayo,BIO_FP_FH__L2A_20251124T050104_20251206T050132_T_G01_M01_C___T004_F004,2025-11-24,18,24,11.450162887573242,3.433586597442627,22.45256805419922,1.0,2209,0.0,17.72292592094839,16.20028,32.241764,34.14933,36.536877,39.832073,27.94453,1.0,32.64157194290403,32.20658493041992,34.0,34.0,35.70132827758789,35.800884
Mbalmayo,BIO_FP_FH__L2A_20251124T050104_20251206T050132_T_G01_M01_C___T004_F004,2025-11-24,18,25,11.450996398925781,3.433586597442627,21.77676773071289,0.9349059091536046,2084,0.0,22.322190860161825,22.832422,33.981842,37.499306,40.824497,42.550327,28.508158,0.9644495496495162,35.94856012379674,36.0,37.02445983886719,38.0,39.0,39.0
Mbalmayo,BIO_FP_FH__L2A_20251124T050104_20251206T050132_T_G01_M01_C___T004_F004,2025-11-24,18,31,11.455997467041016,3.433586597442627,28.330963134765625,1.0,2209,0.0,14.11736123882413,12.206518,26.51537,30.92895,38.18644,41.780933,23.35299,1.0,32.42073000367814,32.0,34.0,34.47665023803711,35.0,35.0
Mbalmayo,BIO_FP_FH__L2A_20251124T050104_20251206T050132_T_G01_M01_C___T004_F004,2025-11-24,18,41,11.464332580566406,3.433586597442627,22.8950252532959,1.0,2209,0.0,15.568220118690585,14.772156,26.900724,29.85279,37.01195,40.388153,22.815182,1.0,31.619724175248983,31.0,35.0,35.0,35.0,35.0
Mbalmayo,BIO_FP_FH__L2A_20251124T050104_20251206T050132_T_G01_M01_C___T004_F004,2025-11-24,19,6,11.435159683227539,3.432753086090088,27.451396942138672,1.0,2209,0.0,25.704333214265503,25.663158,35.33313,36.913166,40.04576,41.730717,34.15511,1.0,33.790908640787684,34.0,36.0,36.0,37.0,38.0
Mbalmayo,BIO_FP_FH__L2A_20251124T050104_20251206T050132_T_G01_M01_C___T004_F004,2025-11-24,19,7,11.435993194580078,3.432753086090088,28.652795791625977,1.0,2209,0.0,25.136335905669988,26.768946,33.071507,35.178875,37.68412,39.12705,31.733095,1.0,35.38459940159574,36.0,38.0,38.0,39.0,39.0
Mbalmayo,BIO_FP_FH__L2A_20251124T050104_20251206T050132_T_G01_M01_C___T004_F004,2025-11-24,19,8,11.436826705932617,3.432753086090088,29.447595596313477,1.0,2209,0.04919999837875366,19.13633634775351,18.354967,33.925568,35.61535,38.632553,41.693214,31.61793,1.0,38.093309684812134,39.0,40.0,41.0,41.0,41.0
Mbalmayo,BIO_FP_FH__L2A_20251124T050104_20251206T050132_T_G01_M01_C___T004_F004,2025-11-24,19,9,11.437660217285156,3.432753086090088,30.985595703125,1.0,2209,0.48579999804496765,30.47331185986306,32.77254,38.2598,39.37131,41.60453,43.380276,37.00589,1.0,39.3473220348574,39.0,41.0,41.0,42.0,42.0
Mbalmayo,BIO_FP_FH__L2A_20251124T050104_20251206T050132_T_G01_M01_C___T004_F004,2025-11-24,19,10,11.438493728637695,3.432753086090088,33.41459655761719,1.0,2209,0.9437999725341797,29.901734558906746,31.08489,38.27199,39.39712,40.842342,42.02916,36.924667,1.0,39.0828225795043,39.90135955810547,41.0,41.0,41.0,41.0
Mbalmayo,BIO_FP_FH__L2A_20251124T050104_20251206T050132_T_G01_M01_C___T004_F004,2025-11-24,19,11,11.439327239990234,3.432753086090088,33.69399642944336,1.0,2209,1.010200023651123,30.204121014174966,31.280827,37.48332,38.55441,40.279594,43.375072,36.01491,1.0,35.623538471876415,35.0,38.832061767578125,39.0,39.9390869140625,40.0
Mbalmayo,BIO_FP_FH__L2A_20251124T050104_20251206T050132_T_G01_M01_C___T004_F004,2025-11-24,19,12,11.440160751342773,3.432753086090088,33.71699523925781,1.0,2209,1.010200023651123,30.802216253112267,30.71272,38.513233,40.04579,41.69783,43.365837,36.699673,1.0,34.2260328839407,34.0,36.450069427490234,37.0,37.0,37.0
Mbalmayo,BIO_FP_FH__L2A_20251124T050104_20251206T050132_T_G01_M01_C___T004_F004,2025-11-24,19,13,11.440994262695312,3.432753086090088,28.969797134399414,1.0,2209,1.7095999717712402,25.85745547334767,27.62765,33.52679,34.645588,36.904068,41.40796,32.037918,1.0,35.646724868435946,36.0,37.0,37.0,37.580047607421875,37.790024
Mbalmayo,BIO_FP_FH__L2A_20251124T050104_20251206T050132_T_G01_M01_C___T004_F004,2025-11-24,19,19,11.445995330810547,3.432753086090088,14.293410301208496,0.9875670364400605,2197,1.2446000576019287,18.303830709843655,19.518284,33.07682,36.058025,39.74247,41.789604,28.997383,0.8727459542726488,35.61420391434418,36.0,37.54125213623047,38.0,38.0,38.0
Mbalmayo,BIO_FP_FH__L2A_20251124T050104_20251206T050132_T_G01_M01_C___T004_F004,2025-11-24,19,23,11.449329376220703,3.432753086090088,22.138168334960938,1.0,2209,0.0,13.586677105732232,12.340149,25.560688,30.154833,34.54824,38.709637,21.587452,1.0,35.41539670806926,35.0,37.0,37.0,38.0,38.0
Mbalmayo,BIO_FP_FH__L2A_20251124T050104_20251206T050132_T_G01_M01_C___T004_F004,2025-11-24,19,24,11.450162887573242,3.432753086090088,20.181968688964844,1.0,2209,0.0,19.190847456428248,19.406479,30.007507,31.81613,34.16647,38.91388,25.038425,1.0,34.54438518560435,34.0,36.0,37.0,37.0,37.0
Mbalmayo,BIO_FP_FH__L2A_20251124T050104_20251206T050132_T_G01_M01_C___T004_F004,2025-11-24,19,25,11.450996398925781,3.432753086090088,18.626968383789062,1.0,2209,0.0,23.36410661993549,25.692081,32.536613,33.712543,38.290344,41.0184,31.450907,1.0,36.73437942083522,37.0,38.33639907836914,39.0,39.0,39.91048
Mbalmayo,BIO_FP_FH__L2A_20251124T050104_20251206T050132_T_G01_M01_C___T004_F004,2025-11-24,19,26,11.45182991027832,3.432753086090088,19.190168380737305,1.0,2209,0.0,25.132289515193527,27.20312,33.498634,34.673206,37.039864,40.16805,32.31152,1.0,38.4922096041761,39.0,40.0,40.0,41.0,41.0
Mbalmayo,BIO_FP_FH__L2A_20251124T050104_20251206T050132_T_G01_M01_C___T004_F004,2025-11-24,19,27,11.45266342163086,3.432753086090088,20.593969345092773,0.9272453753642769,2082,0.0,20.019814832947556,21.64701,31.274773,32.674347,35.39546,36.411167,30.528164,0.9856889827481327,36.26965691948391,37.0,38.45874786376953,40.0,40.0,40.0
Mbalmayo,BIO_FP_FH__L2A_20251124T050104_20251206T050132_T_G01_M01_C___T004_F004,2025-11-24,19,31,11.455997467041016,3.432753086090088,27.41336441040039,1.0,2209,0.0,17.55993458932209,17.133213,27.921698,29.951862,33.287354,39.717255,25.387865,1.0,28.776013078598915,28.0,31.631298065185547,32.0,33.0,33.0
Mbalmayo,BIO_FP_FH__L2A_20251124T050104_20251206T050132_T_G01_M01_C___T004_F004,2025-11-24,19,32,11.456830978393555,3.432753086090088,28.900163650512695,1.0,2209,0.13420000672340393,17.597330876527842,17.390669,27.859575,30.740305,34.15012,35.26374,25.5528,1.0,28.0526256224536,28.0,30.0,30.128099060058585,31.0,31.0
Mbalmayo,BIO_FP_FH__L2A_20251124T050104_20251206T050132_T_G01_M01_C___T004_F004,2025-11-24,19,33,11.457664489746094,3.432753086090088,32.09296417236328,1.0,2209,0.6399999856948853,14.986874098149615,13.7413435,28.77692,31.09322,34.704746,38.07849,25.460642,1.0,32.06340096621775,32.0,35.0,35.0,35.0,35.990788
Mbalmayo,BIO_FP_FH__L2A_20251124T050104_20251206T050132_T_G01_M01_C___T004_F004,2025-11-24,19,40,11.463499069213867,3.432753086090088,15.55982494354248,1.0,2209,1.1038000583648682,14.845863159234948,16.119606,25.45413,27.044386,29.40333,31.66545,23.063438,1.0,29.085193915516072,30.0,32.0,32.0,33.0,33.0
Mbalmayo,BIO_FP_FH__L2A_20251124T050104_20251206T050132_T_G01_M01_C___T004_F004,2025-11-24,19,41,11.464332580566406,3.432753086090088,20.530824661254883,1.0,2209,0.0,23.091081583861477,22.919758,36.22984,38.341732,40.94818,44.75769,34.287888,1.0,33.79818710389316,34.0,35.0,35.36259460449219,36.0,36.0
Mbalmayo,BIO_FP_FH__L2A_20251124T050104_20251206T050132_T_G01_M01_C___T004_F004,2025-11-24,20,6,11.435159683227539,3.431919574737549,28.324796676635742,1.0,2209,0.0,26.862631387222724,26.932405,35.016907,36.92046,39.04723,40.84847,33.10864,1.0,31.47957308878452,31.0,33.47966003417969,34.755306243896484,35.0,35.0
Mbalmayo,BIO_FP_FH__L2A_20251124T050104_20251206T050132_T_G01_M01_C___T004_F004,2025-11-24,20,7,11.435993194580078,3.431919574737549,29.38939666748047,1.0,2209,0.0,24.402196536187187,25.858969,32.17432,33.398304,35.704365,37.84725,31.32078,1.0,31.523203195733362,32.0,33.0,34.0,34.0,34.0
Mbalmayo,BIO_FP_FH__L2A_20251124T050104_20251206T050132_T_G01_M01_C___T004_F004,2025-11-24,20,8,11.436826705932617,3.431919574737549,28.23259735107422,1.0,2209,0.0,15.305655662913082,14.89941,29.479137,31.89656,35.58884,36.665977,27.98333,1.0,32.37270116568583,32.0,35.0,36.0,38.0,39.0
Mbalmayo,BIO_FP_FH__L2A_20251124T050104_20251206T050132_T_G01_M01_C___T004_F004,2025-11-24,20,9,11.437660217285156,3.431919574737549,29.464197158813477,1.0,2209,0.3610000014305115,18.935830692621096,17.772013,36.507515,39.480568,41.816257,43.169987,34.196243,1.0,36.594138149332274,37.0,39.0,40.0,40.0,40.0
Mbalmayo,BIO_FP_FH__L2A_20251124T050104_20251206T050132_T_G01_M01_C___T004_F004,2025-11-24,20,10,11.438493728637695,3.431919574737549,33.199398040771484,1.0,2209,0.850600004196167,31.509102499717066,32.152508,38.296406,39.44945,41.64066,43.70705,37.119244,1.0,40.49303630036216,40.0,42.78066635131836,43.157901763916016,44.0,44.0
Mbalmayo,BIO_FP_FH__L2A_20251124T050104_20251206T050132_T_G01_M01_C___T004_F004,2025-11-24,20,11,11.439327239990234,3.431919574737549,34.23979568481445,1.0,2209,1.010200023651123,31.188649417157084,33.527225,39.553032,40.350967,42.136703,43.349136,37.963196,1.0,39.97028314565414,40.0,41.78066635131836,42.0,43.0,43.0
Mbalmayo,BIO_FP_FH__L2A_20251124T050104_20251206T050132_T_G01_M01_C___T004_F004,2025-11-24,20,12,11.440160751342773,3.431919574737549,33.948795318603516,1.0,2209,1.010200023651123,30.444052119878904,31.186552,38.519115,39.93066,41.236744,42.86439,37.112526,1.0,38.03317394748755,38.0,40.0,40.0,41.0,41.0
Mbalmayo,BIO_FP_FH__L2A_20251124T050104_20251206T050132_T_G01_M01_C___T004_F004,2025-11-24,20,13,11.440994262695312,3.431919574737549,33.013397216796875,1.0,2209,1.010200023651123,29.33038139429606,30.244604,39.525314,41.14802,43.590473,45.791546,37.675648,1.0,38.44368209597103,39.0,40.20997619628906,41.0,41.0,41.0
Mbalmayo,BIO_FP_FH__L2A_20251124T050104_20251206T050132_T_G01_M01_C___T004_F004,2025-11-24,20,24,11.450162887573242,3.431919574737549,20.82516860961914,1.0,2209,0.0,27.025655875113173,29.663929,35.106846,36.47541,38.35829,39.725388,34.294315,1.0,37.246090213331826,37.0,38.0,38.0,39.0,39.0
Mbalmayo,BIO_FP_FH__L2A_20251124T050104_20251206T050132_T_G01_M01_C___T004_F004,2025-11-24,20,25,11.450996398925781,3.431919574737549,19.345169067382812,1.0,2209,0.0,32.2425539872397,33.19782,36.33541,36.97156,38.18033,39.642197,35.574577,1.0,37.198980909065185,37.56132888793945,38.0,38.0,38.0,38.91048
Mbalmayo,BIO_FP_FH__L2A_20251124T050104_20251206T050132_T_G01_M01_C___T004_F004,2025-11-24,20,26,11.45182991027832,3.431919574737549,19.936967849731445,1.0,2209,0.0,32.341750456230194,33.78651,39.48823,40.28352,42.197277,43.16063,38.25019,1.0,37.781350795043004,38.0,39.41550064086914,40.0,40.0,40.0
Mbalmayo,BIO_FP_FH__L2A_20251124T050104_20251206T050132_T_G01_M01_C___T004_F004,2025-11-24,20,27,11.45266342163086,3.431919574737549,21.086769104003906,1.0,2209,0.0,29.437978776454276,31.49671,37.472813,38.660843,40.519924,42.40078,36.066578,1.0,38.365920488626074,39.0,39.0,39.0,39.0,39.0
Mbalmayo,BIO_FP_FH__L2A_20251124T050104_20251206T050132_T_G01_M01_C___T004_F004,2025-11-24,20,28,11.453496932983398,3.431919574737549,22.583168029785156,1.0,2209,0.0,21.829084321242643,21.923122,32.056297,34.92037,41.740955,43.09929,29.006538,1.0,36.379377511034406,36.2756462097168,38.0,38.0,38.5368766784668,39.0
Mbalmayo,BIO_FP_FH__L2A_20251124T050104_20251206T050132_T_G01_M01_C___T004_F004,2025-11-24,20,31,11.455997467041016,3.431919574737549,26.716163635253906,0.9102934064126867,2041,0.0,15.128040150585335,15.576444,26.863533,28.80959,31.724422,34.92395,24.589573,0.8270072747053956,26.07233541362226,26.0,27.0,28.0,28.0,28.0
Mbalmayo,BIO_FP_FH__L2A_20251124T050104_20251206T050132_T_G01_M01_C___T004_F004,2025-11-24,20,32,11.456830978393555,3.431919574737549,27.35956382751465,1.0,2209,0.004800000227987766,18.72034592151426,20.564674,30.545256,35.408226,41.89112,43.43924,28.057482,1.0,27.761636522464915,27.0,31.0,32.0,33.0,33.980747
Mbalmayo,BIO_FP_FH__L2A_20251124T050104_20251206T050132_T_G01_M01_C___T004_F004,2025-11-24,20,33,11.457664489746094,3.431919574737549,30.207162857055664,1.0,2209,0.4975999891757965,19.37123610089407,20.253733,29.441975,31.300137,35.552494,41.019497,27.685472,1.0,33.08104098291082,34.0,35.0,35.0,35.378792419433594,36.0
Mbalmayo,BIO_FP_FH__L2A_20251124T050104_20251206T050132_T_G01_M01_C___T004_F004,2025-11-24,20,34,11.458498001098633,3.431919574737549,29.966962814331055,1.0,2209,0.6606000065803528,18.655420651312813,17.157732,32.10122,35.282764,39.703907,42.097702,27.363613,1.0,34.69499596819828,35.0,36.0,36.0,37.0,37.0
Mbalmayo,BIO_FP_FH__L2A_20251124T050104_20251206T050132_T_G01_M01_C___T004_F004,2025-11-24,20,40,11.463499069213867,3.431919574737549,15.700024604797363,1.0,2209,0.0,15.731623030075825,15.5505085,26.256567,31.127022,34.42263,37.01127,24.798044,1.0,30.508012321751924,31.0,34.0,34.0,35.0,36.0
Mbalmayo,BIO_FP_FH__L2A_20251124T050104_20251206T050132_T_G01_M01_C___T004_F004,2025-11-24,20,41,11.464332580566406,3.431919574737549,18.796024322509766,1.0,2209,0.0,21.387865956739475,20.961073,35.734768,38.572685,42.435013,44.582172,33.622063,1.0,35.21903647012223,35.0,37.0,37.0,38.0,38.0
Mbalmayo,BIO_FP_FH__L2A_20251124T050104_20251206T050132_T_G01_M01_C___T004_F004,2025-11-24,20,42,11.465166091918945,3.431919574737549,17.7966251373291,1.0,2209,1.0324000120162964,17.02791624816093,14.390226,32.609364,34.964916,37.80307,44.395157,26.99997,1.0,35.89255513665686,36.0,38.0,38.0,38.0,38.0
Mbalmayo,BIO_FP_FH__L2A_20251124T050104_20251206T050132_T_G01_M01_C___T004_F004,2025-11-24,21,3,11.432659149169922,3.4310860633850098,23.73394775390625,1.0,2209,1.2869999408721924,17.564775845971027,17.9256,29.084934,32.614838,35.378765,36.803864,25.935966,1.0,32.08475625282934,32.0,34.0,34.0,34.0,34.0
Mbalmayo,BIO_FP_FH__L2A_20251124T050104_20251206T050132_T_G01_M01_C___T004_F004,2025-11-24,21,6,11.435159683227539,3.4310860633850098,28.732995986938477,1.0,2209,0.5361999869346619,26.559370490748076,27.310253,34.52374,36.31361,39.15848,44.207832,33.371494,1.0,29.139418111985062,29.0,31.0,31.0,32.0,32.0
Mbalmayo,BIO_FP_FH__L2A_20251124T050104_20251206T050132_T_G01_M01_C___T004_F004,2025-11-24,21,7,11.435993194580078,3.4310860633850098,28.478595733642578,1.0,2209,0.0,23.612337401680623,24.990074,31.229973,32.49692,34.639225,36.774353,29.64379,1.0,28.214910062528293,28.069238662719727,29.0,29.428791046142578,30.0,30.0
Mbalmayo,BIO_FP_FH__L2A_20251124T050104_20251206T050132_T_G01_M01_C___T004_F004,2025-11-24,21,8,11.436826705932617,3.4310860633850098,27.86139678955078,1.0,2209,0.08420000225305557,25.229333037432095,25.14639,36.162327,37.543663,42.162975,45.179375,34.151817,1.0,30.300420509846084,30.0,31.0,31.331802368164062,32.0,33.0
Mbalmayo,BIO_FP_FH__L2A_20251124T050104_20251206T050132_T_G01_M01_C___T004_F004,2025-11-24,21,11,11.439327239990234,3.4310860633850098,34.0829963684082,1.0,2209,1.010200023651123,29.44911707078995,32.034435,37.97957,39.360508,41.014862,42.697727,36.33419,1.0,41.95071210813717,42.0,44.0,44.0,44.0,44.0
Mbalmayo,BIO_FP_FH__L2A_20251124T050104_20251206T050132_T_G01_M01_C___T004_F004,2025-11-24,21,12,11.440160751342773,3.4310860633850098,33.30619812011719,1.0,2209,1.010200023651123,34.09276415374604,34.710644,41.432358,43.436108,46.199905,47.947876,40.303337,1.0,40.537947565357626,40.091705322265625,42.0,42.0,42.0,42.0
Mbalmayo,BIO_FP_FH__L2A_20251124T050104_20251206T050132_T_G01_M01_C___T004_F004,2025-11-24,21,13,11.440994262695312,3.4310860633850098,32.66019821166992,1.0,2209,1.010200023651123,32.38027936141919,34.00204,41.232716,42.223034,43.373615,44.720192,39.442795,1.0,41.52901747821412,42.0,42.20997619628906,43.0,43.0,43.0
Mbalmayo,BIO_FP_FH__L2A_20251124T050104_20251206T050132_T_G01_M01_C___T004_F004,2025-11-24,21,14,11.441827774047852,3.4310860633850098,30.7644100189209,1.0,2209,1.010200023651123,31.132035317168402,32.497955,41.71263,43.826965,45.753883,46.854595,39.787544,1.0,39.30614372312132,39.0,43.0,43.0,43.091705322265625,44.0
Mbalmayo,BIO_FP_FH__L2A_20251124T050104_20251206T050132_T_G01_M01_C___T004_F004,2025-11-24,21,15,11.44266128540039,3.4310860633850098,28.868610382080078,1.0,2209,1.010200023651123,29.80566627291761,31.130398,37.825386,39.908863,43.264416,45.00179,36.829746,1.0,36.81083953429153,37.0,38.0,39.0,39.0,39.0
Mbalmayo,BIO_FP_FH__L2A_20251124T050104_20251206T050132_T_G01_M01_C___T004_F004,2025-11-24,21,18,11.445161819458008,3.4310860633850098,21.254810333251953,1.0,2209,0.026399999856948853,13.340299096027614,13.898152,24.377113,27.702341,33.095192,34.55025,20.802288,1.0,32.14418730901992,32.0,33.0,34.0,35.0,35.0
Mbalmayo,BIO_FP_FH__L2A_20251124T050104_20251206T050132_T_G01_M01_C___T004_F004,2025-11-24,21,19,11.445995330810547,3.4310860633850098,20.37721061706543,1.0,2209,1.1790000200271606,14.567671493039837,14.540659,26.171534,28.481155,31.416555,35.676796,23.299353,1.0,33.08281815866908,33.0,35.0,35.0,35.0,36.0
Mbalmayo,BIO_FP_FH__L2A_20251124T050104_20251206T050132_T_G01_M01_C___T004_F004,2025-11-24,21,25,11.450996398925781,3.4310860633850098,20.90776824951172,1.0,2209,0.0,29.772234148653236,30.813805,39.33463,40.696156,42.896935,43.78417,35.783466,1.0,37.57283237607515,38.0,39.0,39.0,39.0,39.0
Mbalmayo,BIO_FP_FH__L2A_20251124T050104_20251206T050132_T_G01_M01_C___T004_F004,2025-11-24,21,26,11.45182991027832,3.4310860633850098,21.403968811035156,1.0,2209,0.0,29.460884449977364,29.904898,40.372173,43.31626,45.06595,46.28575,37.72002,1.0,36.37383113116795,36.0,37.23902893066406,38.0,39.0,39.0
Mbalmayo,BIO_FP_FH__L2A_20251124T050104_20251206T050132_T_G01_M01_C___T004_F004,2025-11-24,21,28,11.453496932983398,3.4310860633850098,22.73196792602539,1.0,2209,0.0,25.55381217462653,26.369736,35.701637,37.981506,39.97838,42.756428,32.362743,1.0,34.84185876669307,35.0,36.0,36.0,37.0,39.0
Mbalmayo,BIO_FP_FH__L2A_20251124T050104_20251206T050132_T_G01_M01_C___T004_F004,2025-11-24,21,29,11.454330444335938,3.4310860633850098,24.16476821899414,1.0,2209,0.0,20.978613767541873,22.271788,29.365826,30.369081,32.434715,34.57422,27.841688,1.0,36.14867092009959,36.0,37.0,38.0,38.0,38.0
Mbalmayo,BIO_FP_FH__L2A_20251124T050104_20251206T050132_T_G01_M01_C___T004_F004,2025-11-24,21,32,11.456830978393555,3.4310860633850098,25.278364181518555,0.9987662554111023,2209,0.0,7.130181463756215,3.490942,19.972628,25.833735,29.60236,35.53755,16.146986,0.9682278164699101,27.942901202199657,27.0,33.0,33.0,33.0,33.980747
Mbalmayo,BIO_FP_FH__L2A_20251124T050104_20251206T050132_T_G01_M01_C___T004_F004,2025-11-24,21,33,11.457664489746094,3.4310860633850098,26.961563110351562,1.0,2209,0.26499998569488525,14.760127691404481,13.743493,27.015907,31.152807,36.392517,38.262543,23.80062,1.0,32.71519653265052,33.0,34.0,34.0,34.61732864379883,35.0
Mbalmayo,BIO_FP_FH__L2A_20251124T050104_20251206T050132_T_G01_M01_C___T004_F004,2025-11-24,21,34,11.458498001098633,3.4310860633850098,24.1767635345459,1.0,2209,0.15639999508857727,15.179739223772069,13.480567,27.08588,29.712143,34.42443,37.590797,23.418743,1.0,32.72672341840199,33.0,34.0,34.0,35.0,35.0
Mbalmayo,BIO_FP_FH__L2A_20251124T050104_20251206T050132_T_G01_M01_C___T004_F004,2025-11-24,21,39,11.462665557861328,3.4310860633850098,11.711224555969238,1.0,2209,1.8453999757766724,16.3761617954957,15.086356,29.568459,32.333435,41.568638,43.673832,24.506687,1.0,36.068535324241736,36.0,37.0,38.0,38.0,38.0
Mbalmayo,BIO_FP_FH__L2A_20251124T050104_20251206T050132_T_G01_M01_C___T004_F004,2025-11-24,21,40,11.463499069213867,3.4310860633850098,16.479225158691406,1.0,2209,0.0,15.232737964718199,15.409951,26.69161,29.465818,33.858253,38.507137,22.262522,1.0,34.46833002065414,34.158042907714844,35.091705322265625,36.0,37.0,38.0
Mbalmayo,BIO_FP_FH__L2A_20251124T050104_20251206T050132_T_G01_M01_C___T004_F004,2025-11-24,21,41,11.464332580566406,3.4310860633850098,17.90082550048828,1.0,2209,0.4341999888420105,20.55736431572544,19.369987,31.805508,33.88727,39.22117,41.869366,27.959408,1.0,35.92626400520597,36.0,37.0,37.0,37.0,38.0
Mbalmayo,BIO_FP_FH__L2A_20251124T050104_20251206T050132_T_G01_M01_C___T004_F004,2025-11-24,21,46,11.468500137329102,3.4310860633850098,19.02763557434082,1.0,2209,0.6890000104904175,19.536100098319377,18.741188,33.96521,35.755432,37.972534,40.997364,27.2876,1.0,36.52752942507922,36.21826934814453,37.0,38.0,38.0,38.0
Mbalmayo,BIO_FP_FH__L2A_20251124T050104_20251206T050132_T_G01_M01_C___T004_F004,2025-11-24,22,3,11.432659149169922,3.4302525520324707,24.78894805908203,1.0,2209,0.044199999421834946,23.93698718311453,24.957195,35.400074,37.123005,39.636578,41.618893,32.977966,1.0,35.55206682888185,36.0,37.98060607910156,38.0,38.0,38.0
Mbalmayo,BIO_FP_FH__L2A_20251124T050104_20251206T050132_T_G01_M01_C___T004_F004,2025-11-24,22,4,11.433492660522461,3.4302525520324707,29.225147247314453,1.0,2209,0.1542000025510788,26.691950896899048,26.87315,34.79106,36.357906,39.782948,41.44938,33.358982,1.0,32.70769349111589,33.0,34.0,35.0,35.0,35.0
Mbalmayo,BIO_FP_FH__L2A_20251124T050104_20251206T050132_T_G01_M01_C___T004_F004,2025-11-24,22,5,11.434326171875,3.4302525520324707,30.106748580932617,1.0,2209,0.266400009393692,21.787959943696244,22.699305,30.50764,32.232677,35.225346,36.967247,29.063084,1.0,29.554338254017654,30.0,31.0,31.0,31.0,32.0
Mbalmayo,BIO_FP_FH__L2A_20251124T050104_20251206T050132_T_G01_M01_C___T004_F004,2025-11-24,22,6,11.435159683227539,3.4302525520324707,30.922996520996094,1.0,2209,0.37720000743865967,24.195404453372568,25.440577,33.317757,35.06336,37.22223,38.888035,31.972507,1.0,29.312903180172025,30.0,31.0,31.0,31.0,31.0
Mbalmayo,BIO_FP_FH__L2A_20251124T050104_20251206T050132_T_G01_M01_C___T004_F004,2025-11-24,22,7,11.435993194580078,3.4302525520324707,30.699596405029297,1.0,2209,0.4880000054836273,26.224084179775918,28.064873,34.76548,36.026325,39.594635,43.82371,33.57253,1.0,29.978686269239475,30.0,31.0,31.89825439453125,32.0,32.0
Mbalmayo,BIO_FP_FH__L2A_20251124T050104_20251206T050132_T_G01_M01_C___T004_F004,2025-11-24,22,11,11.439327239990234,3.4302525520324707,34.18799591064453,1.0,2209,1.010200023651123,33.10028399445451,34.30236,39.23229,40.21327,41.85219,43.822525,38.225594,1.0,41.51262944205523,41.0,43.0,43.0,44.0,44.0
Mbalmayo,BIO_FP_FH__L2A_20251124T050104_20251206T050132_T_G01_M01_C___T004_F004,2025-11-24,22,12,11.440160751342773,3.4302525520324707,33.25059509277344,1.0,2209,1.0612000226974487,31.65196178983703,33.08838,39.4638,40.41301,41.85323,46.04011,38.057365,1.0,40.553803332956086,40.274967193603516,42.0,42.0,43.0,43.0
Mbalmayo,BIO_FP_FH__L2A_20251124T050104_20251206T050132_T_G01_M01_C___T004_F004,2025-11-24,22,18,11.445161819458008,3.4302525520324707,21.84140968322754,1.0,2209,0.0,15.505419501895654,15.926442,23.761063,29.74785,32.054108,33.107227,21.817364,1.0000002763022011,33.631603392835366,34.0,35.0,35.0,36.0,36.0
Mbalmayo,BIO_FP_FH__L2A_20251124T050104_20251206T050132_T_G01_M01_C___T004_F004,2025-11-24,22,19,11.445995330810547,3.4302525520324707,21.515810012817383,1.0,2209,0.0,10.322633438490268,10.521189,18.650597,20.643291,25.294163,29.59531,16.216051,0.9999998894791196,32.95852825074273,33.0,34.0,34.10174560546875,35.0,36.0
Mbalmayo,BIO_FP_FH__L2A_20251124T050104_20251206T050132_T_G01_M01_C___T004_F004,2025-11-24,22,20,11.446828842163086,3.4302525520324707,20.559810638427734,1.0,2209,0.0,16.136793904198733,14.751874,26.105877,28.97194,31.625067,34.780186,23.387718,0.9999989776818555,34.370192554371975,34.0,36.0,36.0,37.0,37.0
Mbalmayo,BIO_FP_FH__L2A_20251124T050104_20251206T050132_T_G01_M01_C___T004_F004,2025-11-24,22,28,11.453496932983398,3.4302525520324707,22.422569274902344,1.0,2209,0.0,27.580946819120644,28.232481,39.412594,42.46729,46.089188,47.223305,35.428257,1.0000001105208804,35.06836257255004,35.0,36.0,37.0,37.0,37.0
Mbalmayo,BIO_FP_FH__L2A_20251124T050104_20251206T050132_T_G01_M01_C___T004_F004,2025-11-24,22,29,11.454330444335938,3.4302525520324707,22.719568252563477,1.0,2209,0.0,26.47044096947148,27.744184,32.522186,33.604763,35.323093,36.800232,31.684248,1.0,34.15440739588049,34.0,35.30274963378906,36.0,37.0,37.0
Mbalmayo,BIO_FP_FH__L2A_20251124T050104_20251206T050132_T_G01_M01_C___T004_F004,2025-11-24,22,30,11.455163955688477,3.4302525520324707,22.038963317871094,0.978056051548707,2176,0.0,18.255921462351534,19.317234,27.928001,29.642551,32.222244,32.87391,25.83116,0.965154120262633,33.211971965959854,33.0,34.0,34.0,35.0,35.0
Mbalmayo,BIO_FP_FH__L2A_20251124T050104_20251206T050132_T_G01_M01_C___T004_F004,2025-11-24,22,33,11.457664489746094,3.4302525520324707,22.528762817382812,1.0,2209,0.0,8.678598648285423,7.5838227,16.68493,21.840864,34.083485,37.333,14.599554,1.0,29.006093679266638,29.0,32.310218811035156,33.0,33.0,33.0
Mbalmayo,BIO_FP_FH__L2A_20251124T050104_20251206T050132_T_G01_M01_C___T004_F004,2025-11-24,22,34,11.458498001098633,3.4302525520324707,20.35996437072754,1.0,2209,0.0,10.378005283782255,10.045937,18.091362,22.581232,32.440197,35.78697,16.706541,1.0,27.942274502037122,28.0,31.0,32.0,32.0,32.0
Mbalmayo,BIO_FP_FH__L2A_20251124T050104_20251206T050132_T_G01_M01_C___T004_F004,2025-11-24,22,35,11.459331512451172,3.4302525520324707,16.930164337158203,1.0,2209,1.274999976158142,7.7407237614588045,3.3274186,22.740139,30.530205,38.462067,40.457966,16.917967,1.0,26.172796302059755,26.0,29.603722381591798,30.0,30.0,31.0
Mbalmayo,BIO_FP_FH__L2A_20251124T050104_20251206T050132_T_G01_M01_C___T004_F004,2025-11-24,22,40,11.463499069213867,3.4302525520324707,17.31902503967285,1.0,2209,0.0,19.98349967462653,19.1649,31.73978,33.68178,36.61144,38.380062,28.572449,1.0,36.7838193894296,37.0,38.0,38.0,38.0,38.0
Mbalmayo,BIO_FP_FH__L2A_20251124T050104_20251206T050132_T_G01_M01_C___T004_F004,2025-11-24,22,41,11.464332580566406,3.4302525520324707,14.666424751281738,1.0,2209,1.3716000318527222,16.87187358533273,16.643927,25.424488,28.13401,35.624676,37.950962,22.82851,1.0,35.55499695846537,35.1680793762207,37.0,37.0,37.0,37.0
Mbalmayo,BIO_FP_FH__L2A_20251124T050104_20251206T050132_T_G01_M01_C___T004_F004,2025-11-24,22,45,11.467666625976562,3.4302525520324707,14.977624893188477,1.0,2209,1.5068000555038452,16.94104683609665,15.413292,31.055912,33.600693,40.07504,43.02085,27.21451,1.0,35.846908244680854,36.0,37.0,37.111244201660156,38.0,38.0
Mbalmayo,BIO_FP_FH__L2A_20251124T050104_20251206T050132_T_G01_M01_C___T004_F004,2025-11-24,23,3,11.432659149169922,3.4294190406799316,26.55708122253418,1.0,2209,0.4830000102519989,26.141655054606158,25.855188,37.459644,39.224754,43.431286,45.17424,34.39485,0.9999992263538365,34.463059638107936,34.0,36.0,36.0,36.0,36.0
Mbalmayo,BIO_FP_FH__L2A_20251124T050104_20251206T050132_T_G01_M01_C___T004_F004,2025-11-24,23,4,11.433492660522461,3.4294190406799316,30.914682388305664,1.0,2209,0.6633999943733215,26.925453224026707,28.46273,34.809376,36.33452,38.281612,39.66663,34.134705,0.9999990605725159,33.24380227331718,33.0,35.0,36.0,36.0,36.0
Mbalmayo,BIO_FP_FH__L2A_20251124T050104_20251206T050132_T_G01_M01_C___T004_F004,2025-11-24,23,5,11.434326171875,3.4294190406799316,32.144683837890625,1.0,2209,0.7775999903678894,21.85716679280783,22.644352,30.274485,31.824022,37.015507,41.79652,28.578516,1.0000000276302201,32.605150433143756,32.397308349609375,35.0,35.0,35.0,35.0
Mbalmayo,BIO_FP_FH__L2A_20251124T050104_20251206T050132_T_G01_M01_C___T004_F004,2025-11-24,23,6,11.435159683227539,3.4294190406799316,33.136356353759766,1.0,2209,0.8920000195503235,23.90497503112268,24.597307,32.327618,34.424885,37.227707,39.784554,29.890467,1.000000221041761,30.98261396413333,31.0,32.0,32.0,33.0,33.0
Mbalmayo,BIO_FP_FH__L2A_20251124T050104_20251206T050132_T_G01_M01_C___T004_F004,2025-11-24,23,18,11.445161819458008,3.4294190406799316,22.066286087036133,0.9999999723697799,2209,0.0,19.742532870637653,19.360857,29.24208,30.69056,33.14863,35.71183,26.60138,1.0000005526044025,36.65791850172672,37.0,38.0,38.06279754638672,39.0,39.0
Mbalmayo,BIO_FP_FH__L2A_20251124T050104_20251206T050132_T_G01_M01_C___T004_F004,2025-11-24,23,19,11.445995330810547,3.4294190406799316,21.28388786315918,1.0000000552604402,2209,0.0,16.210745624105574,15.400369,26.24456,28.566734,30.340412,32.232277,22.032104,1.0,35.60074110881621,36.0,36.05276107788086,37.0,37.0,37.0
Mbalmayo,BIO_FP_FH__L2A_20251124T050104_20251206T050132_T_G01_M01_C___T004_F004,2025-11-24,23,20,11.446828842163086,3.4294190406799316,19.451887130737305,1.0000000828906603,2209,0.0,20.69290850289284,21.503275,31.492897,33.69118,36.277863,38.393208,29.658978,1.0,36.33034691178135,36.0,37.0,37.004756927490234,38.0,38.0
Mbalmayo,BIO_FP_FH__L2A_20251124T050104_20251206T050132_T_G01_M01_C___T004_F004,2025-11-24,23,21,11.447662353515625,3.4294190406799316,17.864286422729492,0.9999999723697799,2209,0.0,21.902982723789936,23.405718,32.945198,35.13793,40.397064,43.046448,30.930716,1.0,36.7260832814622,36.66631317138672,39.0,39.0,39.0,39.0
Mbalmayo,BIO_FP_FH__L2A_20251124T050104_20251206T050132_T_G01_M01_C___T004_F004,2025-11-24,23,28,11.453496932983398,3.4294190406799316,21.426088333129883,1.0,2209,1.0080000162124634,23.878993782537346,25.594746,35.999683,40.145622,41.73155,42.628124,33.439705,1.0000003868230818,35.42945186914222,35.0,36.73657989501953,37.0,37.0,37.0
Mbalmayo,BIO_FP_FH__L2A_20251124T050104_20251206T050132_T_G01_M01_C___T004_F004,2025-11-24,23,29,11.454330444335938,3.4294190406799316,21.30908966064453,1.0,2209,0.0,19.916602711917157,20.93,30.170908,32.4563,35.775303,39.09492,28.28416,1.000000690755503,34.72982761158381,35.0,36.0,36.0,36.0,36.0
Mbalmayo,BIO_FP_FH__L2A_20251124T050104_20251206T050132_T_G01_M01_C___T004_F004,2025-11-24,23,30,11.455163955688477,3.4294190406799316,20.918067932128906,1.0,2209,0.0,14.93798363937302,14.859505,25.270617,28.169098,31.466738,33.663837,22.696785,1.0000004697137421,32.71789997826332,33.0,34.0,34.0,36.0,36.0
Mbalmayo,BIO_FP_FH__L2A_20251124T050104_20251206T050132_T_G01_M01_C___T004_F004,2025-11-24,23,33,11.457664489746094,3.4294190406799316,19.545867919921875,0.9283012089658075,2072,0.0,4.330980853678337,3.333467,9.137401,11.277157,16.585667,19.833656,6.7950196,1.0,27.885001697600725,28.0,30.0,30.0,30.0,30.0
Mbalmayo,BIO_FP_FH__L2A_20251124T050104_20251206T050132_T_G01_M01_C___T004_F004,2025-11-24,23,34,11.458498001098633,3.4294190406799316,16.8062686920166,0.9607874679047363,2143,0.6320000290870667,4.630118724647404,2.5650632,11.533879,13.213962,17.055271,23.956038,8.794587,1.0,23.941151609891353,24.0,27.0,27.0,28.0,28.0
Mbalmayo,BIO_FP_FH__L2A_20251124T050104_20251206T050132_T_G01_M01_C___T004_F004,2025-11-24,23,40,11.463499069213867,3.4294190406799316,15.92310905456543,0.9614527759750594,2148,0.4765999913215637,11.861734978544936,11.910838,23.191212,25.864552,34.047714,38.66131,20.358086,1.0,35.24711584710276,35.0,36.93894577026367,37.0,37.0,37.0
Mbalmayo,BIO_FP_FH__L2A_20251124T050104_20251206T050132_T_G01_M01_C___T004_F004,2025-11-24,23,41,11.464332580566406,3.4294190406799316,14.82150936126709,0.9999324993722414,2209,1.0673999786376953,12.940653769059265,13.381899,22.055563,24.166748,31.409359,37.973015,20.585114,1.0,35.89209448562698,36.0,37.0,37.0,37.0,37.0
Mbalmayo,BIO_FP_FH__L2A_20251124T050104_20251206T050132_T_G01_M01_C___T004_F004,2025-11-24,24,2,11.431825637817383,3.4285855293273926,26.724882125854492,0.9112972813852775,2037,0.35420000553131104,11.493851484531465,8.458539,28.748453,33.276245,39.11481,41.70914,20.072773,1.0,32.184621152105024,32.0,33.82081604003906,34.0,35.0,35.0
Mbalmayo,BIO_FP_FH__L2A_20251124T050104_20251206T050132_T_G01_M01_C___T004_F004,2025-11-24,24,3,11.432659149169922,3.4285855293273926,29.8350830078125,1.0,2209,0.4603999853134155,22.384852273370303,24.349749,30.573776,33.059994,39.54456,50.91825,29.071316,1.0,32.38370108787913,32.63075637817383,35.0,35.0,36.0,36.0
Mbalmayo,BIO_FP_FH__L2A_20251124T050104_20251206T050132_T_G01_M01_C___T004_F004,2025-11-24,24,4,11.433492660522461,3.4285855293273926,31.928882598876953,1.0,2209,0.9345999956130981,30.92002311212653,31.697731,38.11171,40.836185,48.12301,51.77176,36.68416,1.0,32.93989432435491,33.0,35.0,35.65396041870116,36.0,36.0
Mbalmayo,BIO_FP_FH__L2A_20251124T050104_20251206T050132_T_G01_M01_C___T004_F004,2025-11-24,24,5,11.434326171875,3.4285855293273926,33.509883880615234,1.0,2209,1.0269999504089355,20.802213158527614,20.831907,32.097187,35.450966,39.351566,41.406254,28.475666,1.0000000552604402,34.415128671993884,35.0,36.0,36.0,36.0,36.0
Mbalmayo,BIO_FP_FH__L2A_20251124T050104_20251206T050132_T_G01_M01_C___T004_F004,2025-11-24,24,6,11.435159683227539,3.4285855293273926,34.25675582885742,1.0,2209,1.0282000303268433,23.38951050744115,24.297077,33.446884,35.91039,38.47487,40.721405,31.597952,1.0,30.171570846536895,30.0,32.0,32.0,32.0,32.0
Mbalmayo,BIO_FP_FH__L2A_20251124T050104_20251206T050132_T_G01_M01_C___T004_F004,2025-11-24,24,18,11.445161819458008,3.4285855293273926,20.91348648071289,0.9999999723697799,2209,0.0,20.24040292598513,22.288486,29.89072,31.31964,33.17607,34.719322,27.983112,1.0,36.868117643730194,36.76179504394531,39.0,39.0,39.0,39.0
Mbalmayo,BIO_FP_FH__L2A_20251124T050104_20251206T050132_T_G01_M01_C___T004_F004,2025-11-24,24,19,11.445995330810547,3.4285855293273926,20.431886672973633,1.0000000552604402,2209,0.0,15.377189232017521,15.894701,23.72289,26.081665,29.870497,31.394932,20.901896,1.0,33.869293585898596,34.0,36.0,36.0,36.0,36.0
Mbalmayo,BIO_FP_FH__L2A_20251124T050104_20251206T050132_T_G01_M01_C___T004_F004,2025-11-24,24,20,11.446828842163086,3.4285855293273926,18.2294864654541,0.9999998618488994,2209,0.0,17.516965164725455,18.364128,25.267218,26.974504,31.496164,35.115757,23.693584,1.0,33.460228398030786,33.0,35.0,36.0,36.0,36.0
Mbalmayo,BIO_FP_FH__L2A_20251124T050104_20251206T050132_T_G01_M01_C___T004_F004,2025-11-24,24,21,11.447662353515625,3.4285855293273926,16.02708625793457,0.9999998894791196,2209,0.0,13.014216191907593,12.185481,25.89893,27.585083,38.188633,44.374584,23.490116,1.0,36.11027861871888,36.0,37.78118896484375,38.0,38.0,38.0
Mbalmayo,BIO_FP_FH__L2A_20251124T050104_20251206T050132_T_G01_M01_C___T004_F004,2025-11-24,24,29,11.454330444335938,3.4285855293273926,20.358688354492188,0.9999999171093397,2209,0.0,12.07637269777043,10.485415,26.88049,30.508253,34.66666,36.597973,20.149225,1.0,32.943462822544134,33.0,35.0,35.0,35.758399963378906,36.0
Mbalmayo,BIO_FP_FH__L2A_20251124T050104_20251206T050132_T_G01_M01_C___T004_F004,2025-11-24,24,45,11.467666625976562,3.4285855293273926,22.519908905029297,1.0,2209,0.038600001484155655,18.584824333691717,18.096092,29.163187,31.857796,37.204647,39.815674,26.879839,1.0,39.496608335219555,39.0,41.0,41.0,41.0,41.0
Mbalmayo,BIO_FP_FH__L2A_20251124T050104_20251206T050132_T_G01_M01_C___T004_F004,2025-11-24,24,46,11.468500137329102,3.4285855293273926,24.903722763061523,1.0,2209,0.4909999966621399,22.393946815583973,24.148273,32.15055,33.61162,35.56233,37.95386,30.155107,1.0,38.7028933482345,39.0,40.0,41.0,41.0,41.0
Mbalmayo,BIO_FP_FH__L2A_20251124T050104_20251206T050132_T_G01_M01_C___T004_F004,2025-11-24,25,3,11.432659149169922,3.4277520179748535,29.426082611083984,1.0000000828906603,2209,0.38019999861717224,26.08250211737267,27.890772,33.8642,35.273552,38.67032,41.208977,32.84367,1.0,32.46107366172476,32.0,34.0,34.0,35.0,35.0
Mbalmayo,BIO_FP_FH__L2A_20251124T050104_20251206T050132_T_G01_M01_C___T004_F004,2025-11-24,25,4,11.433492660522461,3.4277520179748535,30.67628288269043,1.0000000552604402,2209,0.8514000177383423,25.556173256722474,25.863647,33.396645,34.560925,36.14839,39.523743,32.134415,1.0,30.637037934302853,30.009353637695312,33.0,34.0,35.0,35.0
Mbalmayo,BIO_FP_FH__L2A_20251124T050104_20251206T050132_T_G01_M01_C___T004_F004,2025-11-24,25,5,11.434326171875,3.4277520179748535,32.6574821472168,0.999999778958239,2209,1.0473999977111816,21.50773546865616,23.518774,29.214142,30.498728,32.61814,34.578068,28.106428,1.0,34.737746328938435,35.0,36.0,36.325836181640625,37.0,37.0
Mbalmayo,BIO_FP_FH__L2A_20251124T050104_20251206T050132_T_G01_M01_C___T004_F004,2025-11-24,25,6,11.435159683227539,3.4277520179748535,34.54975891113281,1.0000000276302201,2209,1.0230000019073486,24.28298450687947,24.881477,31.88643,33.80349,36.091362,38.158585,30.991087,1.0,31.881759457050702,32.0,35.0,36.0,36.0,36.0
Mbalmayo,BIO_FP_FH__L2A_20251124T050104_20251206T050132_T_G01_M01_C___T004_F004,2025-11-24,25,18,11.445161819458008,3.4277520179748535,20.70328712463379,1.0,2209,0.0,16.94401719528067,17.018908,27.123533,29.50952,32.028706,33.86527,24.460526,1.0,34.565209087822545,34.0,36.0,37.0,38.0,38.0
Mbalmayo,BIO_FP_FH__L2A_20251124T050104_20251206T050132_T_G01_M01_C___T004_F004,2025-11-24,25,22,11.448495864868164,3.4277520179748535,14.312088966369629,1.0,2209,0.0,15.913812280726573,14.853761,31.48887,34.111572,37.160484,45.141953,28.02044,1.0,36.7101099196469,37.0,38.0,38.0,39.0,39.0
Mbalmayo,BIO_FP_FH__L2A_20251124T050104_20251206T050132_T_G01_M01_C___T004_F004,2025-11-24,25,23,11.449329376220703,3.4277520179748535,14.189488410949707,1.0,2209,0.0,12.434425751188321,9.8764,25.20663,29.759592,34.864662,40.744186,19.794636,1.0,35.227031108533275,35.3136100769043,36.0,36.16914367675781,37.0,37.0
Mbalmayo,BIO_FP_FH__L2A_20251124T050104_20251206T050132_T_G01_M01_C___T004_F004,2025-11-24,25,32,11.456830978393555,3.4277520179748535,20.42546844482422,1.0000000552604402,2209,0.0,9.459001977715786,7.6014338,21.025581,25.992252,33.158863,38.202724,16.138397,1.0,32.02748521672702,32.0,33.0,34.0,34.0,35.961494
Mbalmayo,BIO_FP_FH__L2A_20251124T050104_20251206T050132_T_G01_M01_C___T004_F004,2025-11-24,25,33,11.457664489746094,3.4277520179748535,20.103668212890625,0.9623364180447883,2148,0.0,17.37978587231847,17.40628,27.386301,29.835419,37.397385,41.526123,25.661036,1.0,34.4334045382526,34.0,36.0,37.0,37.0,37.0
Mbalmayo,BIO_FP_FH__L2A_20251124T050104_20251206T050132_T_G01_M01_C___T004_F004,2025-11-24,25,34,11.458498001098633,3.4277520179748535,19.967668533325195,0.9742670918331259,2172,0.0,18.879143609509494,17.55275,30.744186,33.604412,36.490765,38.001648,27.680275,1.0,35.91627999094613,36.0,37.0,38.0,38.0,38.0
Mbalmayo,BIO_FP_FH__L2A_20251124T050104_20251206T050132_T_G01_M01_C___T004_F004,2025-11-24,25,35,11.459331512451172,3.4277520179748535,20.28306770324707,0.9873813337306191,2192,0.0,20.143604865495593,18.890173,31.284304,33.844288,37.605843,40.37546,29.098377,1.0,35.258480930285195,36.0,37.0,37.0,37.0,37.0
Mbalmayo,BIO_FP_FH__L2A_20251124T050104_20251206T050132_T_G01_M01_C___T004_F004,2025-11-24,25,36,11.460165023803711,3.4277520179748535,20.360668182373047,0.9478889075055172,2116,0.0,25.546179910487417,24.631042,38.599808,42.005165,44.36253,45.49704,35.51802,1.0,33.176847555454955,33.0,35.0,35.0,36.0,36.0
Mbalmayo,BIO_FP_FH__L2A_20251124T050104_20251206T050132_T_G01_M01_C___T004_F004,2025-11-24,25,37,11.46099853515625,3.4277520179748535,19.696868896484375,1.0,2209,0.0,19.382869970857854,19.546297,28.248192,32.469917,36.06089,39.263775,25.594788,1.0,33.706465383091896,33.0,36.0618782043457,37.0,37.0,38.0
Mbalmayo,BIO_FP_FH__L2A_20251124T050104_20251206T050132_T_G01_M01_C___T004_F004,2025-11-24,25,38,11.461832046508789,3.4277520179748535,19.033109664916992,1.0,2209,0.0,20.818361143334087,18.710854,35.361996,36.760918,39.75242,42.226044,31.3171,1.0,38.2196942904029,38.0,39.0,39.83695983886719,40.0,40.0
Mbalmayo,BIO_FP_FH__L2A_20251124T050104_20251206T050132_T_G01_M01_C___T004_F004,2025-11-24,25,39,11.462665557861328,3.4277520179748535,18.170909881591797,1.0,2209,0.0,23.04602973630602,24.105474,31.866983,32.802414,38.593872,41.768707,29.584166,1.0,35.457984382073334,35.0,38.0,38.0,38.0,38.0
Mbalmayo,BIO_FP_FH__L2A_20251124T050104_20251206T050132_T_G01_M01_C___T004_F004,2025-11-24,25,43,11.465999603271484,3.4277520179748535,14.359709739685059,1.0,2209,1.8040000200271606,19.239672486843595,18.834314,29.007923,31.89925,35.756493,40.314663,26.718498,1.0,32.258475625282934,33.0,35.0,35.209835052490234,36.0,36.0
Mbalmayo,BIO_FP_FH__L2A_20251124T050104_20251206T050132_T_G01_M01_C___T004_F004,2025-11-24,25,44,11.466833114624023,3.4277520179748535,20.856109619140625,1.0,2209,0.5658000111579895,17.67648460488343,17.225624,28.048416,30.738672,33.67076,36.07332,25.715889,1.0,34.888290799004075,35.0,38.0,38.0,38.10120391845703,39.0
Mbalmayo,BIO_FP_FH__L2A_20251124T050104_20251206T050132_T_G01_M01_C___T004_F004,2025-11-24,25,45,11.467666625976562,3.4277520179748535,27.29071044921875,1.0,2209,0.03359999880194664,23.328818186962426,24.691816,31.31968,32.259163,33.709114,35.374275,29.98127,1.0,39.68108448392938,40.0,41.0,41.0,41.0,41.0
Mbalmayo,BIO_FP_FH__L2A_20251124T050104_20251206T050132_T_G01_M01_C___T004_F004,2025-11-24,25,46,11.468500137329102,3.4277520179748535,28.63532257080078,1.0,2209,0.43140000104904175,25.464582920722044,26.962206,32.552864,33.49613,35.432423,37.2763,31.05865,1.0,38.4969655387053,38.0,40.0,41.0,41.0,41.0
Mbalmayo,BIO_FP_FH__L2A_20251124T050104_20251206T050132_T_G01_M01_C___T004_F004,2025-11-24,25,47,11.46933364868164,3.4277520179748535,29.710723876953125,1.0,2209,0.8838000297546387,23.798984622566774,25.881138,31.172707,32.416634,34.51791,36.083824,29.57203,1.0,36.16346126641014,36.0,37.0,37.83085632324219,38.0,38.0
Mbalmayo,BIO_FP_FH__L2A_20251124T050104_20251206T050132_T_G01_M01_C___T004_F004,2025-11-24,25,48,11.47016716003418,3.4277520179748535,30.255922317504883,0.9999999723697799,2209,1.0634000301361084,17.989406407531114,19.15832,25.5406,27.366629,30.3325,31.930079,23.928469,1.0,34.35014783272974,35.0,35.0,36.0,36.0,36.0
Mbalmayo,BIO_FP_FH__L2A_20251124T050104_20251206T050132_T_G01_M01_C___T004_F004,2025-11-24,26,3,11.432659149169922,3.4269185066223145,30.764482498168945,1.0,2209,0.3050000071525574,17.43005840807492,19.02272,30.52828,33.093056,40.00264,42.39385,27.320192,1.0,35.28266643560435,35.73386764526367,37.0,37.0,37.0,37.0
Mbalmayo,BIO_FP_FH__L2A_20251124T050104_20251206T050132_T_G01_M01_C___T004_F004,2025-11-24,26,4,11.433492660522461,3.4269185066223145,30.316482543945312,1.0,2209,0.7590000033378601,23.922328135610005,24.76512,31.240927,33.029877,35.90305,38.364025,29.77519,1.0,31.38973464378678,31.0,34.0,34.0,35.0,35.0
Mbalmayo,BIO_FP_FH__L2A_20251124T050104_20251206T050132_T_G01_M01_C___T004_F004,2025-11-24,26,5,11.434326171875,3.4269185066223145,30.88808250427246,1.0,2209,0.8163999915122986,24.106824178078316,24.976175,30.708843,32.00305,34.333153,38.28048,29.53192,1.0,30.771844230986872,31.0,35.0,35.0,36.0,36.0
Mbalmayo,BIO_FP_FH__L2A_20251124T050104_20251206T050132_T_G01_M01_C___T004_F004,2025-11-24,26,6,11.435159683227539,3.4269185066223145,32.52275848388672,1.0,2209,0.6729999780654907,22.500916881224537,23.395971,30.527182,32.320827,35.466366,37.76765,29.171486,1.0,34.79004127291761,35.0,36.0,36.0,36.82746505737305,37.0
Mbalmayo,BIO_FP_FH__L2A_20251124T050104_20251206T050132_T_G01_M01_C___T004_F004,2025-11-24,26,7,11.435993194580078,3.4269185066223145,34.431156158447266,1.0,2209,1.037600040435791,23.917664596536895,24.40469,31.707918,33.505516,37.46366,39.07324,30.821165,1.0,34.336763312019016,34.525779724121094,36.0,36.0,37.0,37.0
Mbalmayo,BIO_FP_FH__L2A_20251124T050104_20251206T050132_T_G01_M01_C___T004_F004,2025-11-24,26,8,11.436826705932617,3.4269185066223145,34.29835891723633,1.0,2209,1.0161999464035034,25.10174552257809,26.56986,33.951805,35.47823,37.608868,39.148594,31.447203,1.0,32.36285154481666,33.0,35.0,36.0,37.0,37.0
Mbalmayo,BIO_FP_FH__L2A_20251124T050104_20251206T050132_T_G01_M01_C___T004_F004,2025-11-24,26,18,11.445161819458008,3.4269185066223145,20.06208610534668,0.9740371531412687,2167,0.9132000207901001,19.578257287220953,20.227913,27.84578,30.187319,33.716717,36.010056,26.536173,0.9305521048480647,31.2509201342804,31.0,34.0,34.0,34.0,34.0
Mbalmayo,BIO_FP_FH__L2A_20251124T050104_20251206T050132_T_G01_M01_C___T004_F004,2025-11-24,26,22,11.448495864868164,3.4269185066223145,13.191088676452637,1.0,2209,0.20360000431537628,15.711132900916704,13.159788,30.036945,34.100967,37.146626,39.625465,25.434345,1.0,35.61730951505206,35.0,37.0,37.0,38.0,38.0
Mbalmayo,BIO_FP_FH__L2A_20251124T050104_20251206T050132_T_G01_M01_C___T004_F004,2025-11-24,26,23,11.449329376220703,3.4269185066223145,12.55928897857666,1.0,2209,0.7354000210762024,10.840900329617474,6.630842,30.23859,35.695484,42.544823,44.676434,20.35588,1.0,36.72163415289724,36.0,39.0,41.0,41.0,41.890404
Mbalmayo,BIO_FP_FH__L2A_20251124T050104_20251206T050132_T_G01_M01_C___T004_F004,2025-11-24,26,24,11.450162887573242,3.4269185066223145,11.902288436889648,1.0,2209,1.2674000263214111,23.338470638580805,26.865143,38.146313,39.806606,41.52451,43.28762,35.715843,1.0,38.58427349762336,38.0,40.0,40.808589935302734,41.0,42.0
Mbalmayo,BIO_FP_FH__L2A_20251124T050104_20251206T050132_T_G01_M01_C___T004_F004,2025-11-24,26,25,11.450996398925781,3.4269185066223145,13.165688514709473,1.0,2209,1.003999948501587,16.86029276539158,14.147322,33.201855,35.008553,38.60301,41.21071,29.549603,1.0,36.31223121321865,37.0,38.0,39.0,39.0,39.0
Mbalmayo,BIO_FP_FH__L2A_20251124T050104_20251206T050132_T_G01_M01_C___T004_F004,2025-11-24,26,35,11.459331512451172,3.4269185066223145,21.580467224121094,1.0,2209,0.0,16.861830773964464,14.55866,31.926476,36.620274,42.784683,44.0216,27.297081,1.0,34.86666407311,35.0,36.0,36.0,37.0,37.0
Mbalmayo,BIO_FP_FH__L2A_20251124T050104_20251206T050132_T_G01_M01_C___T004_F004,2025-11-24,26,36,11.460165023803711,3.4269185066223145,21.689268112182617,1.0,2209,0.0,19.141273094443186,19.318205,30.306599,34.303608,38.454037,40.031555,26.96274,1.0,31.574102039950205,31.0,33.31821060180664,35.0,35.0,35.0
Mbalmayo,BIO_FP_FH__L2A_20251124T050104_20251206T050132_T_G01_M01_C___T004_F004,2025-11-24,26,37,11.46099853515625,3.4269185066223145,20.419668197631836,1.0,2209,0.0,9.725049690187868,9.032397,19.591372,21.564375,25.53683,31.619379,17.981052,1.0,32.40240564169307,32.0,34.0,37.0,37.0,38.0
Mbalmayo,BIO_FP_FH__L2A_20251124T050104_20251206T050132_T_G01_M01_C___T004_F004,2025-11-24,26,38,11.461832046508789,3.4269185066223145,19.404909133911133,1.0,2209,0.0,21.68392619680851,20.408075,39.316906,43.881256,51.029552,54.154877,32.908005,1.0,36.266350016976006,36.0,38.0,38.0,39.0,39.0
Mbalmayo,BIO_FP_FH__L2A_20251124T050104_20251206T050132_T_G01_M01_C___T004_F004,2025-11-24,26,44,11.466833114624023,3.4269185066223145,20.555709838867188,1.0,2209,0.0,11.669123472159349,9.469599,29.426281,32.701523,34.59672,36.931004,24.44666,1.0,35.48682767937981,36.38474655151367,38.49919891357422,39.0,39.0,39.0
Mbalmayo,BIO_FP_FH__L2A_20251124T050104_20251206T050132_T_G01_M01_C___T004_F004,2025-11-24,26,45,11.467666625976562,3.4269185066223145,25.742109298706055,1.0,2209,0.0,19.850495310377998,19.010292,33.05628,36.533615,38.85619,39.667175,28.69785,1.0,38.10050680454957,38.0,40.0,40.0,40.0,40.0
Mbalmayo,BIO_FP_FH__L2A_20251124T050104_20251206T050132_T_G01_M01_C___T004_F004,2025-11-24,26,46,11.468500137329102,3.4269185066223145,27.725723266601562,1.0,2209,0.350600004196167,28.471028498472158,30.539932,36.049862,37.480396,39.189983,41.2674,34.977474,1.0,38.00944644069715,38.0,39.0,39.0,39.0,39.0
Mbalmayo,BIO_FP_FH__L2A_20251124T050104_20251206T050132_T_G01_M01_C___T004_F004,2025-11-24,26,47,11.46933364868164,3.4269185066223145,28.589923858642578,1.0,2209,0.8241999745368958,17.76105385638298,18.054852,26.79339,28.06698,29.865677,33.404907,25.452845,1.0,37.185155188999545,37.0,38.0,38.0,38.0,38.0
Mbalmayo,BIO_FP_FH__L2A_20251124T050104_20251206T050132_T_G01_M01_C___T004_F004,2025-11-24,26,48,11.47016716003418,3.4269185066223145,29.317922592163086,1.0,2209,1.097599983215332,22.095818066715708,23.476435,30.828592,32.573715,35.264084,36.30907,29.840124,1.0,35.5921531943187,36.0,36.0,37.0,37.0,37.0
Mbalmayo,BIO_FP_FH__L2A_20251124T050104_20251206T050132_T_G01_M01_C___T004_F004,2025-11-24,27,3,11.432659149169922,3.4260849952697754,27.977481842041016,1.0,2209,0.16619999706745148,13.680633116653462,11.314614,29.824007,32.604275,35.15183,43.292156,23.874603,1.0,35.50138814225894,35.0,37.0,38.0,40.0,40.0
Mbalmayo,BIO_FP_FH__L2A_20251124T050104_20251206T050132_T_G01_M01_C___T004_F004,2025-11-24,27,4,11.433492660522461,3.4260849952697754,27.896282196044922,1.0,2209,0.40860000252723694,21.951060912035988,23.936043,32.142227,33.94002,36.440037,37.783466,28.982561,1.0,31.60492852393617,31.65408706665039,33.0,35.0,35.0,36.0
Mbalmayo,BIO_FP_FH__L2A_20251124T050104_20251206T050132_T_G01_M01_C___T004_F004,2025-11-24,27,5,11.434326171875,3.4260849952697754,28.485082626342773,1.0,2209,0.29280000925064087,26.39034029821186,27.511272,33.32311,34.584114,36.70942,39.73144,32.164562,1.0,30.488327226686284,31.0,32.410858917236325,33.0,33.0,33.0
Mbalmayo,BIO_FP_FH__L2A_20251124T050104_20251206T050132_T_G01_M01_C___T004_F004,2025-11-24,27,6,11.435159683227539,3.4260849952697754,30.362957000732422,1.0,2209,0.4851999878883362,23.92891915883884,24.97068,32.433247,35.273182,39.363457,40.300632,30.417604,1.0,34.08738664978497,34.21473693847656,36.0,36.0,36.0,37.0
Mbalmayo,BIO_FP_FH__L2A_20251124T050104_20251206T050132_T_G01_M01_C___T004_F004,2025-11-24,27,7,11.435993194580078,3.4260849952697754,32.44795608520508,1.0,2209,0.9631999731063843,19.359818851856044,20.264023,31.70415,33.083767,34.809067,37.370052,30.07472,1.0,33.650453400860115,34.0,35.0,35.0,35.0,35.0
Mbalmayo,BIO_FP_FH__L2A_20251124T050104_20251206T050132_T_G01_M01_C___T004_F004,2025-11-24,27,8,11.436826705932617,3.4260849952697754,32.754356384277344,1.0,2209,1.0044000148773193,25.94845925050928,27.239395,34.15277,36.127064,38.757656,40.36351,32.270565,1.0,31.82555030556813,32.0,35.0,35.8437614440918,36.0,36.0
Mbalmayo,BIO_FP_FH__L2A_20251124T050104_20251206T050132_T_G01_M01_C___T004_F004,2025-11-24,27,9,11.437660217285156,3.4260849952697754,32.45815658569336,1.0,2209,0.8615999817848206,29.045436460219555,31.171291,38.49122,40.175884,41.952374,44.06884,35.901543,1.0,35.19934076505206,35.43375015258789,37.0,37.0,37.5499267578125,38.0
Mbalmayo,BIO_FP_FH__L2A_20251124T050104_20251206T050132_T_G01_M01_C___T004_F004,2025-11-24,27,10,11.438493728637695,3.4260849952697754,31.50535774230957,1.0,2209,0.7490000128746033,30.186102131903578,32.337807,38.590637,39.85385,41.44188,42.72371,36.691578,1.0,36.41377072487551,36.0,38.0,39.0,39.0,39.0
Mbalmayo,BIO_FP_FH__L2A_20251124T050104_20251206T050132_T_G01_M01_C___T004_F004,2025-11-24,27,11,11.439327239990234,3.4260849952697754,30.244356155395508,1.0,2209,0.6416000127792358,28.013617056643277,30.324158,35.530235,36.382584,37.52725,38.74964,34.607555,1.0,36.115933751131735,36.0,38.0,38.0,39.0,39.0
Mbalmayo,BIO_FP_FH__L2A_20251124T050104_20251206T050132_T_G01_M01_C___T004_F004,2025-11-24,27,12,11.440160751342773,3.4260849952697754,28.633358001708984,1.0,2209,0.5342000126838684,23.561020788535536,25.727602,33.893864,35.637688,37.340103,38.324368,31.944765,1.0,36.54137017598461,37.0,38.0,39.0,39.0,39.0
Mbalmayo,BIO_FP_FH__L2A_20251124T050104_20251206T050132_T_G01_M01_C___T004_F004,2025-11-24,27,13,11.440994262695312,3.4260849952697754,26.27775764465332,1.0,2209,0.426800012588501,21.17984576590086,20.990345,30.395056,32.51136,34.592083,36.974747,28.566927,1.0,37.731932930624716,38.0,39.0,39.0,39.0,39.0
Mbalmayo,BIO_FP_FH__L2A_20251124T050104_20251206T050132_T_G01_M01_C___T004_F004,2025-11-24,27,14,11.441827774047852,3.4260849952697754,23.446086883544922,1.0,2209,0.3935999870300293,17.041303863456314,15.904897,26.928017,30.614595,35.24175,36.700428,22.84814,1.0,35.24668083691716,35.0,37.0,38.0,39.0,39.0
Mbalmayo,BIO_FP_FH__L2A_20251124T050104_20251206T050132_T_G01_M01_C___T004_F004,2025-11-24,27,15,11.44266128540039,3.4260849952697754,17.41788673400879,1.0,2209,1.0490000247955322,15.576420325939338,15.250539,24.568325,27.389631,30.967468,35.7879,22.68353,1.0,32.99794165912177,33.0,34.0,34.0,35.0,35.0
Mbalmayo,BIO_FP_FH__L2A_20251124T050104_20251206T050132_T_G01_M01_C___T004_F004,2025-11-24,27,16,11.44349479675293,3.4260849952697754,18.940086364746094,0.9999999723697799,2209,0.5171999931335449,18.39847602753683,17.121511,29.723011,31.50007,34.558342,37.228527,26.626978,1.0,34.60174287007696,35.0,36.0,36.0,36.0,36.0
Mbalmayo,BIO_FP_FH__L2A_20251124T050104_20251206T050132_T_G01_M01_C___T004_F004,2025-11-24,27,36,11.460165023803711,3.4260849952697754,22.963668823242188,1.0,2209,0.0868000015616417,16.21034333974649,15.149026,29.386066,33.150894,36.19792,38.412907,22.181614,1.0,31.993556190583973,32.0,34.0,34.40184173583984,35.0,35.0
Mbalmayo,BIO_FP_FH__L2A_20251124T050104_20251206T050132_T_G01_M01_C___T004_F004,2025-11-24,27,37,11.46099853515625,3.4260849952697754,21.306867599487305,1.0,2209,0.0,17.93809681275464,17.914476,30.498314,34.224174,37.66774,40.40709,26.342136,1.0,34.22992233476686,34.0,36.0,36.0,36.0,36.0
Mbalmayo,BIO_FP_FH__L2A_20251124T050104_20251206T050132_T_G01_M01_C___T004_F004,2025-11-24,27,38,11.461832046508789,3.4260849952697754,18.9785099029541,1.0,2209,0.777999997138977,22.162795488626074,22.823486,35.095116,37.738384,40.919456,42.93522,28.625938,1.0,34.404159829108195,34.0660514831543,35.0,35.561031341552734,36.0,36.0
Mbalmayo,BIO_FP_FH__L2A_20251124T050104_20251206T050132_T_G01_M01_C___T004_F004,2025-11-24,27,44,11.466833114624023,3.4260849952697754,19.683509826660156,1.0,2209,0.0,14.283184557492078,13.556515,28.985952,32.67709,37.321384,40.62458,24.195038,1.0,33.67008367756904,34.0,38.0,38.0,39.0,39.0
Mbalmayo,BIO_FP_FH__L2A_20251124T050104_20251206T050132_T_G01_M01_C___T004_F004,2025-11-24,27,45,11.467666625976562,3.4260849952697754,24.389108657836914,1.0,2209,0.0,18.428243655217294,16.035658,35.3458,37.861637,40.16271,41.522594,32.540554,1.0,35.55249122906292,35.05207824707031,39.0,39.0,39.0,39.0
Mbalmayo,BIO_FP_FH__L2A_20251124T050104_20251206T050132_T_G01_M01_C___T004_F004,2025-11-24,27,46,11.468500137329102,3.4260849952697754,26.90072250366211,1.0,2209,0.2443999946117401,18.19348404255319,17.397093,30.338568,32.777546,34.819645,36.651985,27.795046,1.0,35.47965177965143,35.88580322265625,37.0,38.0,39.0,39.0
Mbalmayo,BIO_FP_FH__L2A_20251124T050104_20251206T050132_T_G01_M01_C___T004_F004,2025-11-24,27,47,11.46933364868164,3.4260849952697754,27.549522399902344,1.0,2209,0.718999981880188,23.268387137845178,24.967922,32.950897,34.162914,35.47001,37.0535,31.405807,1.0,37.410108504979625,37.0,38.0595802307129,39.0,39.0,39.0
Mbalmayo,BIO_FP_FH__L2A_20251124T050104_20251206T050132_T_G01_M01_C___T004_F004,2025-11-24,27,48,11.47016716003418,3.4260849952697754,27.944522857666016,1.0,2209,0.7770000100135803,19.992574765165234,19.438263,32.49194,34.116314,37.395035,38.466488,30.67956,1.0,35.65049053587596,36.0,37.0,37.85093307495117,38.0,38.0
Mbalmayo,BIO_FP_FH__L2A_20251124T050104_20251206T050132_T_G01_M01_C___T004_F004,2025-11-24,28,3,11.432659149169922,3.4252514839172363,25.08268165588379,1.0,2209,0.775600016117096,15.51916034192508,13.464546,32.213978,35.555183,38.301247,41.575783,26.344189,1.0,33.756420821072886,34.0,35.0,37.0,38.0,38.0
Mbalmayo,BIO_FP_FH__L2A_20251124T050104_20251206T050132_T_G01_M01_C___T004_F004,2025-11-24,28,6,11.435159683227539,3.4252514839172363,28.95195770263672,1.0,2209,0.37380000948905945,24.53007494199864,24.7457,33.62943,37.285942,40.4449,41.242146,31.425495,1.0,33.00709809302852,33.0,35.0,35.0,36.0,36.0
Mbalmayo,BIO_FP_FH__L2A_20251124T050104_20251206T050132_T_G01_M01_C___T004_F004,2025-11-24,28,7,11.435993194580078,3.4252514839172363,30.478357315063477,1.0,2209,0.6092000007629395,23.48058634421684,24.623997,29.966196,31.547478,35.896263,38.222195,28.783445,1.0,31.090427300248983,31.0,34.0,34.67823791503906,35.0,35.0
Mbalmayo,BIO_FP_FH__L2A_20251124T050104_20251206T050132_T_G01_M01_C___T004_F004,2025-11-24,28,8,11.436826705932617,3.4252514839172363,30.521757125854492,1.0,2209,0.48080000281333923,23.67635065357628,25.544325,34.10728,35.734016,38.04392,40.06373,33.146732,1.0,33.764281066093254,34.0,35.890106201171875,36.0,36.0,36.0
Mbalmayo,BIO_FP_FH__L2A_20251124T050104_20251206T050132_T_G01_M01_C___T004_F004,2025-11-24,28,9,11.437660217285156,3.4252514839172363,29.930957794189453,1.0,2209,0.35740000009536743,26.273657657593933,28.039278,33.882427,34.95609,37.240902,41.13607,32.489944,1.0,35.90512357118606,36.0,38.0,39.0,39.0,39.0
Mbalmayo,BIO_FP_FH__L2A_20251124T050104_20251206T050132_T_G01_M01_C___T004_F004,2025-11-24,28,10,11.438493728637695,3.4252514839172363,29.03055763244629,1.0,2209,0.25,26.97999925729968,29.262354,36.147423,37.881573,39.542194,40.79525,35.0217,1.0,38.25446681190584,38.0,40.0,40.0,40.0,40.0
Mbalmayo,BIO_FP_FH__L2A_20251124T050104_20251206T050132_T_G01_M01_C___T004_F004,2025-11-24,28,11,11.439327239990234,3.4252514839172363,27.514556884765625,1.0,2209,0.14259999990463257,26.271457849988682,27.087547,34.790504,35.79533,37.60017,39.330067,33.3938,1.0,39.27458691715709,39.440032958984375,40.65695571899414,41.0,41.0,41.0
Mbalmayo,BIO_FP_FH__L2A_20251124T050104_20251206T050132_T_G01_M01_C___T004_F004,2025-11-24,28,12,11.440160751342773,3.4252514839172363,25.845956802368164,1.0,2209,0.03519999980926514,23.904578040119965,26.273026,33.60536,34.689594,36.326126,38.429974,32.2138,1.0,39.079247892145766,39.0,40.0,40.83802795410156,41.0,41.0
Mbalmayo,BIO_FP_FH__L2A_20251124T050104_20251206T050132_T_G01_M01_C___T004_F004,2025-11-24,28,13,11.440994262695312,3.4252514839172363,24.35435676574707,1.0,2209,0.0,19.915460368096422,19.702765,34.363163,36.384136,38.922207,40.444946,29.265627,1.0,39.76100434302852,40.0,41.0,41.0,42.0,42.0
Mbalmayo,BIO_FP_FH__L2A_20251124T050104_20251206T050132_T_G01_M01_C___T004_F004,2025-11-24,28,14,11.441827774047852,3.4252514839172363,22.81088638305664,1.0,2209,0.0,17.019128069827975,15.751976,29.597538,31.6961,33.982925,36.569607,24.545315,1.0,37.694156009506564,38.0,40.0,41.0,42.0,42.0
Mbalmayo,BIO_FP_FH__L2A_20251124T050104_20251206T050132_T_G01_M01_C___T004_F004,2025-11-24,28,15,11.44266128540039,3.4252514839172363,21.268287658691406,1.0,2209,0.0,17.601579299173835,18.02075,27.31824,29.316008,32.627464,34.80619,25.23934,1.0,34.349608490832956,34.0,35.0,36.0,36.0,36.0
Mbalmayo,BIO_FP_FH__L2A_20251124T050104_20251206T050132_T_G01_M01_C___T004_F004,2025-11-24,28,16,11.44349479675293,3.4252514839172363,20.08368682861328,1.0000000552604402,2209,0.0,19.442654503623398,18.99959,27.866365,31.641563,35.690613,37.924637,25.660849,1.0000000552604402,34.3866425797473,35.0,36.0,36.0,36.0,36.0
Mbalmayo,BIO_FP_FH__L2A_20251124T050104_20251206T050132_T_G01_M01_C___T004_F004,2025-11-24,28,17,11.444328308105469,3.4252514839172363,19.958486557006836,0.9973175477096536,2206,0.0,17.224113186106994,18.287817,25.97969,28.00368,33.10096,35.47102,23.875021,0.9972767655047533,32.80872715279699,33.0,34.0,35.0,35.0,35.0
Mbalmayo,BIO_FP_FH__L2A_20251124T050104_20251206T050132_T_G01_M01_C___T004_F004,2025-11-24,28,37,11.46099853515625,3.4252514839172363,20.685068130493164,1.0,2209,0.0,20.93019589605025,22.432985,30.755152,34.473946,39.847706,41.531372,27.471893,1.0,35.25931381564056,35.0,36.0,36.0,36.0,36.0
Mbalmayo,BIO_FP_FH__L2A_20251124T050104_20251206T050132_T_G01_M01_C___T004_F004,2025-11-24,28,46,11.468500137329102,3.4252514839172363,25.381723403930664,1.0,2209,0.12939999997615814,15.186051734382072,13.463525,29.527285,33.723824,37.32229,38.42966,25.265112,1.0,34.20078549400181,34.0,35.0,35.0,35.0,35.0
Mbalmayo,BIO_FP_FH__L2A_20251124T050104_20251206T050132_T_G01_M01_C___T004_F004,2025-11-24,28,47,11.46933364868164,3.4252514839172363,25.903324127197266,1.0,2209,0.34619998931884766,15.223561637052965,13.647324,29.80586,31.44192,34.794205,37.04111,28.058136,1.0,36.56910826448619,36.62630081176758,38.0,39.0,39.0,39.0
Mbalmayo,BIO_FP_FH__L2A_20251124T050104_20251206T050132_T_G01_M01_C___T004_F004,2025-11-24,28,48,11.47016716003418,3.4252514839172363,26.259523391723633,1.0,2209,0.2280000001192093,18.749973474988682,17.301365,29.600689,33.083397,36.583546,38.430996,27.431622,1.0,37.123712652784064,37.0,39.0,39.0,39.0,39.0
Mbalmayo,BIO_FP_FH__L2A_20251124T050104_20251206T050132_T_G01_M01_C___T004_F004,2025-11-24,29,6,11.435159683227539,3.4244179725646973,27.680557250976562,1.0,2209,0.1923999935388565,23.606494383770936,23.680115,32.54664,37.96331,42.074974,43.936417,31.266546,1.0,30.327398214689904,30.0,32.0,32.376548767089844,33.0,33.0
Mbalmayo,BIO_FP_FH__L2A_20251124T050104_20251206T050132_T_G01_M01_C___T004_F004,2025-11-24,29,7,11.435993194580078,3.4244179725646973,28.06235694885254,1.0,2209,0.07800000160932541,24.355759640957448,25.831245,31.536064,32.91971,36.47001,41.850952,30.821085,1.0,30.89546493039837,31.0,32.0,32.46297836303711,33.0,33.0
Mbalmayo,BIO_FP_FH__L2A_20251124T050104_20251206T050132_T_G01_M01_C___T004_F004,2025-11-24,29,8,11.436826705932617,3.4244179725646973,28.369157791137695,0.9185924745890391,2066,0.0,19.546256934757796,19.226227,30.873737,33.516396,36.065178,37.854267,29.531363,1.0,32.991411201335445,33.0,34.0,34.0,35.0,35.0
Mbalmayo,BIO_FP_FH__L2A_20251124T050104_20251206T050132_T_G01_M01_C___T004_F004,2025-11-24,29,9,11.437660217285156,3.4244179725646973,28.20355796813965,0.9168582914532877,2063,0.0,22.519837134306336,22.30557,34.090496,35.384373,37.406704,40.13842,32.169823,1.0,35.17054874943413,35.0,37.0,37.0,37.0,37.0
Mbalmayo,BIO_FP_FH__L2A_20251124T050104_20251206T050132_T_G01_M01_C___T004_F004,2025-11-24,29,10,11.438493728637695,3.4244179725646973,27.820756912231445,1.0,2209,0.0,21.8605146913196,22.273165,34.34732,36.551,38.639748,40.23611,31.4355,1.0,37.688787347215936,38.0,39.0,39.0,40.0,40.0
Mbalmayo,BIO_FP_FH__L2A_20251124T050104_20251206T050132_T_G01_M01_C___T004_F004,2025-11-24,29,11,11.439327239990234,3.4244179725646973,26.815156936645508,1.0,2209,0.0,25.979580162120868,26.670198,33.61596,34.983715,36.943176,38.50078,31.780983,1.0,37.69187662686736,38.0,39.0,39.0,40.0,40.0
Mbalmayo,BIO_FP_FH__L2A_20251124T050104_20251206T050132_T_G01_M01_C___T004_F004,2025-11-24,29,12,11.440160751342773,3.4244179725646973,25.824357986450195,1.0,2209,0.0,21.70779782282707,21.25564,34.028015,35.963764,38.290367,39.356,30.507513,1.0,37.22151213784518,37.0,39.0,39.0,40.0,40.0
Mbalmayo,BIO_FP_FH__L2A_20251124T050104_20251206T050132_T_G01_M01_C___T004_F004,2025-11-24,29,13,11.440994262695312,3.4244179725646973,24.963157653808594,1.0,2209,0.0,16.096230972725216,16.28934,26.96136,28.912882,33.688705,35.948566,25.757109,1.0,38.2943339039158,39.0,41.0,41.0,41.0,41.0
Mbalmayo,BIO_FP_FH__L2A_20251124T050104_20251206T050132_T_G01_M01_C___T004_F004,2025-11-24,29,14,11.441827774047852,3.4244179725646973,24.205886840820312,1.0,2209,0.0,20.994360782593933,20.782043,33.51591,35.068703,36.867832,39.829613,29.702618,1.0,36.65576017145767,36.0,40.0,41.0,41.0,41.0
Mbalmayo,BIO_FP_FH__L2A_20251124T050104_20251206T050132_T_G01_M01_C___T004_F004,2025-11-24,29,15,11.44266128540039,3.4244179725646973,22.992286682128906,1.0,2209,0.0,18.933780309246266,18.558205,28.779749,32.214542,39.873158,43.526688,26.999947,1.0,33.83363512901766,34.0,35.0,35.0,36.0,36.0
Mbalmayo,BIO_FP_FH__L2A_20251124T050104_20251206T050132_T_G01_M01_C___T004_F004,2025-11-24,29,16,11.44349479675293,3.4244179725646973,21.75588607788086,1.0000000552604402,2209,0.0,19.276406351877796,19.177605,31.76315,34.291466,36.31449,37.39645,29.120434,1.0,30.471014351799457,30.0,32.11110305786133,33.0,34.07404327392578,35.0
Mbalmayo,BIO_FP_FH__L2A_20251124T050104_20251206T050132_T_G01_M01_C___T004_F004,2025-11-24,29,17,11.444328308105469,3.4244179725646973,20.571287155151367,1.0000000552604402,2209,0.0,16.672358602218186,17.497963,28.240982,31.128561,35.131886,37.408306,23.991756,0.999999778958239,30.168380366978035,30.0,32.0,32.0,32.0,32.0
Mbalmayo,BIO_FP_FH__L2A_20251124T050104_20251206T050132_T_G01_M01_C___T004_F004,2025-11-24,29,18,11.445161819458008,3.4244179725646973,19.508087158203125,0.9582615131811623,2132,0.12200000137090683,15.246898027850236,15.714064,23.261868,24.852547,29.030882,30.935486,21.99907,0.9710968003763015,31.652665336299382,31.6669921875,33.0,33.0,33.16860256195066,34.0
Mbalmayo,BIO_FP_FH__L2A_20251124T050104_20251206T050132_T_G01_M01_C___T004_F004,2025-11-24,29,24,11.450162887573242,3.4244179725646973,14.209088325500488,0.9610851006358929,2144,1.3206000328063965,17.073057435467586,16.150593,27.589708,31.672825,36.361908,40.27241,23.849388,1.0,31.649447218764145,32.0,34.0,34.0,35.0,36.70133
Mbalmayo,BIO_FP_FH__L2A_20251124T050104_20251206T050132_T_G01_M01_C___T004_F004,2025-11-24,29,46,11.468500137329102,3.4244179725646973,24.068323135375977,1.0,2209,0.0,19.56445931416931,18.620207,32.00508,38.644993,42.85134,44.23444,27.851429,1.0,34.97837681077411,35.0,36.0,36.0,36.0,37.0
Mbalmayo,BIO_FP_FH__L2A_20251124T050104_20251206T050132_T_G01_M01_C___T004_F004,2025-11-24,29,47,11.46933364868164,3.4244179725646973,24.779523849487305,1.0,2209,0.0,14.62884258997284,13.166748,28.746834,33.97032,38.709602,41.641796,22.699879,1.0,36.281115606609326,36.17201232910156,37.0,37.72479400634763,39.0,40.0
Mbalmayo,BIO_FP_FH__L2A_20251124T050104_20251206T050132_T_G01_M01_C___T004_F004,2025-11-24,30,6,11.435159683227539,3.423584461212158,25.229957580566406,1.0,2209,0.0,23.561227683623812,24.87834,30.771584,32.09989,34.867474,39.945217,30.125982,1.0,31.531177498302398,32.0,32.0,32.0,33.0,33.0
Mbalmayo,BIO_FP_FH__L2A_20251124T050104_20251206T050132_T_G01_M01_C___T004_F004,2025-11-24,30,7,11.435993194580078,3.423584461212158,25.600156784057617,1.0,2209,0.0,22.42053018192621,23.588522,30.807432,32.2019,33.8994,35.82486,29.708254,1.0,32.02051444375283,32.0,33.0,33.0,33.0,33.0
Mbalmayo,BIO_FP_FH__L2A_20251124T050104_20251206T050132_T_G01_M01_C___T004_F004,2025-11-24,30,8,11.436826705932617,3.423584461212158,28.684356689453125,0.9298163673466501,2102,0.0,20.648732122688617,21.312605,30.232086,31.48103,33.387676,37.56219,28.791384,1.0,33.02280443639656,33.0,34.0,34.0,35.0,35.0
Mbalmayo,BIO_FP_FH__L2A_20251124T050104_20251206T050132_T_G01_M01_C___T004_F004,2025-11-24,30,9,11.437660217285156,3.423584461212158,28.643157958984375,1.0,2209,0.0,22.91853815357628,23.02056,30.845123,32.381603,34.462204,37.300385,28.353931,1.0,34.84748472159348,35.0,36.0,36.0,37.0,37.0
Mbalmayo,BIO_FP_FH__L2A_20251124T050104_20251206T050132_T_G01_M01_C___T004_F004,2025-11-24,30,10,11.438493728637695,3.423584461212158,27.880956649780273,1.0,2209,0.0,26.02020763778859,26.362326,32.412308,34.20551,36.483093,37.66969,31.294468,1.0,36.18534793741512,36.842098236083984,37.0,37.25489044189453,38.0,38.0
Mbalmayo,BIO_FP_FH__L2A_20251124T050104_20251206T050132_T_G01_M01_C___T004_F004,2025-11-24,30,11,11.439327239990234,3.423584461212158,26.972156524658203,1.0,2209,0.0,26.832350434302853,27.921902,36.062527,37.189804,38.366062,40.173832,34.99409,1.0,35.18862112381168,35.0,36.0,36.0,37.0,37.0
Mbalmayo,BIO_FP_FH__L2A_20251124T050104_20251206T050132_T_G01_M01_C___T004_F004,2025-11-24,30,12,11.440160751342773,3.423584461212158,26.062557220458984,1.0,2209,0.0,23.08737338727931,22.575674,35.8047,38.19538,41.481686,46.705505,31.578945,1.0,35.001117587143504,35.0,36.0,36.0,37.0,37.0
Mbalmayo,BIO_FP_FH__L2A_20251124T050104_20251206T050132_T_G01_M01_C___T004_F004,2025-11-24,30,13,11.440994262695312,3.423584461212158,25.174556732177734,1.0,2209,0.0,18.085582949015393,18.462767,31.531351,33.840725,37.006584,38.175823,28.555286,1.0,35.49200005658669,36.0,36.0,36.0,37.0,37.0
Mbalmayo,BIO_FP_FH__L2A_20251124T050104_20251206T050132_T_G01_M01_C___T004_F004,2025-11-24,30,14,11.441827774047852,3.423584461212158,24.434486389160156,1.0,2209,0.0,19.35640950373472,19.966377,31.444668,33.315704,35.565132,37.602566,29.135622,1.0,35.11398681530104,35.0,37.0,37.0,37.0,37.0
Mbalmayo,BIO_FP_FH__L2A_20251124T050104_20251206T050132_T_G01_M01_C___T004_F004,2025-11-24,30,15,11.44266128540039,3.423584461212158,23.661487579345703,1.0,2209,0.0,20.957861482854234,21.555456,29.581232,32.49225,35.298088,36.86107,27.859892,1.0,32.05375028293346,32.0,34.0,35.0,36.0,36.0
Mbalmayo,BIO_FP_FH__L2A_20251124T050104_20251206T050132_T_G01_M01_C___T004_F004,2025-11-24,30,16,11.44349479675293,3.423584461212158,22.38568687438965,1.0,2209,0.0,21.916755672815754,22.449871,28.967014,30.522959,32.719254,34.83941,27.019539,1.0,30.89128282028067,31.0,32.0,32.83978424072265,33.0,33.0
Mbalmayo,BIO_FP_FH__L2A_20251124T050104_20251206T050132_T_G01_M01_C___T004_F004,2025-11-24,30,17,11.444328308105469,3.423584461212158,20.294687271118164,1.0,2209,0.0,23.31739209625396,24.726091,34.20967,38.530846,41.913883,43.3869,31.793026,1.0,32.03771326109099,32.0,33.0,33.0,34.0,34.0
Mbalmayo,BIO_FP_FH__L2A_20251124T050104_20251206T050132_T_G01_M01_C___T004_F004,2025-11-24,30,18,11.445161819458008,3.423584461212158,16.218687057495117,1.0,2209,0.0,14.526632879696695,13.920225,26.493814,28.996994,35.548443,38.13291,24.24466,1.0,32.98056424004074,33.0,35.0,35.0,35.0,35.0
Mbalmayo,BIO_FP_FH__L2A_20251124T050104_20251206T050132_T_G01_M01_C___T004_F004,2025-11-24,30,21,11.447662353515625,3.423584461212158,17.95248794555664,1.0,2209,1.6203999519348145,18.357753437641467,17.575726,31.91743,34.68734,38.839176,41.221107,28.348585,1.0,35.05826483985967,35.0,36.0,36.0,36.0,36.0
Mbalmayo,BIO_FP_FH__L2A_20251124T050104_20251206T050132_T_G01_M01_C___T004_F004,2025-11-24,30,22,11.448495864868164,3.423584461212158,17.527088165283203,1.0,2209,0.0,25.64119263524219,27.340185,35.126476,36.270336,38.561962,41.140182,33.141674,1.0,33.71597548381621,34.0,36.0,36.0,36.0,36.0
Mbalmayo,BIO_FP_FH__L2A_20251124T050104_20251206T050132_T_G01_M01_C___T004_F004,2025-11-24,30,24,11.450162887573242,3.423584461212158,18.35508918762207,0.9484053163196017,2126,0.0,25.391638869570244,26.476255,35.291515,36.914543,39.086163,40.241447,34.277164,1.0,33.32571299230421,33.41995620727539,34.0,34.808589935302734,35.808589935302734,36.70133
Mbalmayo,BIO_FP_FH__L2A_20251124T050104_20251206T050132_T_G01_M01_C___T004_F004,2025-11-24,30,46,11.468500137329102,3.423584461212158,23.325923919677734,1.0,2209,1.8472000360488892,21.91050638014939,23.521137,32.852936,34.783096,42.03542,45.697575,28.287386,1.0,36.1709749179493,36.0,37.28675079345703,38.0,39.0,39.0
Mbalmayo,BIO_FP_FH__L2A_20251124T050104_20251206T050132_T_G01_M01_C___T004_F004,2025-11-24,31,11,11.439327239990234,3.422750949859619,26.336023330688477,0.9460966456470689,2110,0.0,17.854957447382656,19.21429,29.096813,31.799343,37.52334,39.373222,27.555302,0.9104240420934246,32.90448948871482,33.0,34.0,34.33707809448242,35.0,35.0
Mbalmayo,BIO_FP_FH__L2A_20251124T050104_20251206T050132_T_G01_M01_C___T004_F004,2025-11-24,31,12,11.440160751342773,3.422750949859619,25.154022216796875,1.0,2209,0.0,12.583206308001358,12.60005,22.584528,24.848953,28.015818,29.259409,20.829817,1.0,33.63611751641014,34.0,35.0,35.0,35.0,35.0
Mbalmayo,BIO_FP_FH__L2A_20251124T050104_20251206T050132_T_G01_M01_C___T004_F004,2025-11-24,31,13,11.440994262695312,3.422750949859619,25.23562240600586,1.0,2209,0.0,16.156737176041194,16.60899,27.263664,30.385447,32.769657,36.37428,24.700163,1.0,34.37187358533273,34.0,35.38606643676758,36.0,36.0,36.0
Mbalmayo,BIO_FP_FH__L2A_20251124T050104_20251206T050132_T_G01_M01_C___T004_F004,2025-11-24,31,14,11.441827774047852,3.422750949859619,24.71672248840332,1.0,2209,0.0,15.810919993492531,15.026636,28.561745,30.750538,33.847183,35.505276,26.900436,1.0,34.64582920722046,35.0,35.00210800170898,36.0,36.0,36.0
Mbalmayo,BIO_FP_FH__L2A_20251124T050104_20251206T050132_T_G01_M01_C___T004_F004,2025-11-24,31,15,11.44266128540039,3.422750949859619,23.8397216796875,1.0,2209,0.0,14.743415608023993,14.042945,25.329878,27.59453,30.16869,32.49469,23.2658,1.0,32.813925277274784,33.0,34.10106658935547,35.0,36.0,36.0
Mbalmayo,BIO_FP_FH__L2A_20251124T050104_20251206T050132_T_G01_M01_C___T004_F004,2025-11-24,31,16,11.44349479675293,3.422750949859619,22.495323181152344,1.0,2209,0.0,16.143253628621547,16.192173,29.991297,33.154175,39.796394,40.521896,26.731583,1.0,32.054604388297875,32.0,33.61685333251953,34.0,34.0,34.0
Mbalmayo,BIO_FP_FH__L2A_20251124T050104_20251206T050132_T_G01_M01_C___T004_F004,2025-11-24,31,17,11.444328308105469,3.422750949859619,18.41952133178711,1.0,2209,0.0,23.769991016862832,24.685633,33.529667,35.945724,38.5643,39.345417,30.947258,1.0,34.223803898823,34.0,35.0,36.0,36.0,36.0
Mbalmayo,BIO_FP_FH__L2A_20251124T050104_20251206T050132_T_G01_M01_C___T004_F004,2025-11-24,31,21,11.447662353515625,3.422750949859619,24.09252166748047,1.0,2209,0.0,20.995534956428248,21.119516,33.68892,35.626495,38.585434,41.714764,31.005817,1.0,35.32419752999095,35.0,36.161293029785156,37.0,38.0,38.0
Mbalmayo,BIO_FP_FH__L2A_20251124T050104_20251206T050132_T_G01_M01_C___T004_F004,2025-11-24,31,22,11.448495864868164,3.422750949859619,23.989845275878906,1.0,2209,0.0,26.528868938150747,28.54428,35.548393,36.59992,38.75448,39.641293,34.125347,1.0,35.4623610089407,35.80791091918945,37.0,37.687068939208984,38.0,38.0
Mbalmayo,BIO_FP_FH__L2A_20251124T050104_20251206T050132_T_G01_M01_C___T004_F004,2025-11-24,31,25,11.450996398925781,3.422750949859619,22.856645584106445,1.0,2209,0.5663999915122986,15.259054754696695,14.749903,25.5719,27.526018,31.941902,37.615276,23.872803,1.0,33.07554146389769,33.0,34.0,34.0,35.0,35.0
Mbalmayo,BIO_FP_FH__L2A_20251124T050104_20251206T050132_T_G01_M01_C___T004_F004,2025-11-24,31,30,11.455163955688477,3.422750949859619,23.61326026916504,1.0,2209,0.0,21.17780510836351,21.695415,28.867052,30.694557,34.724094,37.288105,26.168764,1.0,29.96324340765052,30.0,32.0,33.0,33.0,33.0
Mbalmayo,BIO_FP_FH__L2A_20251124T050104_20251206T050132_T_G01_M01_C___T004_F004,2025-11-24,31,31,11.455997467041016,3.422750949859619,23.02865982055664,1.0,2209,0.0,17.248544661045724,16.80178,29.325638,31.663292,35.562584,39.019936,26.48878,1.0,33.43082630715256,34.0,35.0,35.17416305541992,36.0,36.941418
Mbalmayo,BIO_FP_FH__L2A_20251124T050104_20251206T050132_T_G01_M01_C___T004_F004,2025-11-24,31,37,11.46099853515625,3.422750949859619,19.345458984375,1.0,2209,1.4575999975204468,18.61590192111815,18.76977,33.185642,35.987736,40.96666,45.594147,29.758272,1.0,37.00737572148031,37.0,39.0,39.0,39.0,39.0
Mbalmayo,BIO_FP_FH__L2A_20251124T050104_20251206T050132_T_G01_M01_C___T004_F004,2025-11-24,31,46,11.468500137329102,3.422750949859619,24.57301902770996,1.0,2209,0.0,17.497093742926662,17.414347,29.850033,32.230556,36.719425,38.915474,25.36245,1.0,36.69289165063377,36.341941833496094,38.0,39.0,39.0,39.0
Mbalmayo,BIO_FP_FH__L2A_20251124T050104_20251206T050132_T_G01_M01_C___T004_F004,2025-11-24,32,15,11.44266128540039,3.42191743850708,23.764122009277344,0.9937130749738287,2203,0.0,15.000851890455529,13.309987,30.652609,32.60498,34.724777,36.702362,26.920555,0.9867443466359213,34.2630039047388,34.0,36.0,36.0,38.0,38.0
Mbalmayo,BIO_FP_FH__L2A_20251124T050104_20251206T050132_T_G01_M01_C___T004_F004,2025-11-24,32,16,11.44349479675293,3.42191743850708,22.61892318725586,1.0,2209,0.0,15.77672218056813,15.928027,26.975319,28.824974,31.430944,33.391407,25.410936,1.0,33.24471268107741,33.0,34.0,35.0,35.0,35.0
Mbalmayo,BIO_FP_FH__L2A_20251124T050104_20251206T050132_T_G01_M01_C___T004_F004,2025-11-24,32,17,11.444328308105469,3.42191743850708,19.12192153930664,0.9284930455841162,2066,0.0,13.075040192823183,12.342798,26.314976,31.16402,36.80534,38.497528,23.510859,0.9298560443427456,32.86098112332034,33.0,34.0,34.66035079956055,35.0,35.0
Mbalmayo,BIO_FP_FH__L2A_20251124T050104_20251206T050132_T_G01_M01_C___T004_F004,2025-11-24,32,20,11.446828842163086,3.42191743850708,25.173721313476562,1.0,2209,0.0,23.478365316602535,23.999372,33.640247,36.924736,41.554417,43.92471,32.236435,1.0,36.77660458635129,37.0,38.0,38.0,39.0,39.0
Mbalmayo,BIO_FP_FH__L2A_20251124T050104_20251206T050132_T_G01_M01_C___T004_F004,2025-11-24,32,21,11.447662353515625,3.42191743850708,27.68612289428711,1.0,2209,0.0,16.14134648030783,13.476007,31.67749,37.448887,41.468666,43.62622,25.600325,1.0,35.1237073477818,35.0,36.0,37.0,38.0,38.0
Mbalmayo,BIO_FP_FH__L2A_20251124T050104_20251206T050132_T_G01_M01_C___T004_F004,2025-11-24,32,22,11.448495864868164,3.42191743850708,29.028644561767578,1.0,2209,0.0,16.787350752602986,15.521506,30.466475,32.914204,37.340694,40.10054,25.696177,1.0,34.997308595518334,35.0,36.0,36.0,37.0,37.0
Mbalmayo,BIO_FP_FH__L2A_20251124T050104_20251206T050132_T_G01_M01_C___T004_F004,2025-11-24,32,31,11.455997467041016,3.42191743850708,24.08485984802246,1.0,2209,0.0,21.44443717462653,23.172258,32.4441,33.70037,35.59189,37.501896,31.406038,1.0,34.431436382412855,35.0,36.0,37.0,37.0,37.0
Mbalmayo,BIO_FP_FH__L2A_20251124T050104_20251206T050132_T_G01_M01_C___T004_F004,2025-11-24,32,32,11.456830978393555,3.42191743850708,23.729259490966797,1.0,2209,0.0,23.09781451590086,25.491835,33.35844,36.05457,39.35646,41.536556,31.123596,1.0,36.71938306360344,37.0,38.0,38.0,38.0,38.961494
Mbalmayo,BIO_FP_FH__L2A_20251124T050104_20251206T050132_T_G01_M01_C___T004_F004,2025-11-24,32,44,11.466833114624023,3.42191743850708,27.053096771240234,1.0,2209,0.0,19.274905217292893,17.780813,35.103756,37.219555,39.966652,41.63208,31.9489,1.0,38.18466712879131,38.0,39.0,39.0,39.0,39.0
Mbalmayo,BIO_FP_FH__L2A_20251124T050104_20251206T050132_T_G01_M01_C___T004_F004,2025-11-24,32,45,11.467666625976562,3.42191743850708,27.881296157836914,1.0,2209,0.0,24.68928778576279,23.921904,40.38784,44.56439,49.082478,51.31348,36.29054,1.0,36.712742969103665,37.0,38.0,38.0,39.0,39.0
Mbalmayo,BIO_FP_FH__L2A_20251124T050104_20251206T050132_T_G01_M01_C___T004_F004,2025-11-24,32,46,11.468500137329102,3.42191743850708,27.369218826293945,1.0,2209,0.0,20.152405641693075,20.707573,33.16512,35.293823,37.860752,40.562065,29.906275,1.0,36.19305433736985,36.0,37.0,37.0,38.0,38.0
Mbalmayo,BIO_FP_FH__L2A_20251124T050104_20251206T050132_T_G01_M01_C___T004_F004,2025-11-24,33,7,11.435993194580078,3.421083927154541,23.058822631835938,1.0,2209,0.0,11.530334887109552,11.526438,21.59698,23.390636,25.482153,27.285746,18.030739,1.0,23.678009350950656,24.0,26.0,26.195865631103516,27.0,27.0
Mbalmayo,BIO_FP_FH__L2A_20251124T050104_20251206T050132_T_G01_M01_C___T004_F004,2025-11-24,33,8,11.436826705932617,3.421083927154541,22.131622314453125,1.0,2209,0.0,3.516657707107288,1.4523392,10.743137,14.527626,21.633875,25.96193,5.3761363,1.0,23.24380198902218,22.0,27.0,28.0,29.0,29.0
Mbalmayo,BIO_FP_FH__L2A_20251124T050104_20251206T050132_T_G01_M01_C___T004_F004,2025-11-24,33,9,11.437660217285156,3.421083927154541,22.256221771240234,1.0,2209,0.0,17.66169558482345,17.508652,27.592485,29.575289,33.13127,34.586975,25.099718,1.0,31.691151609891353,32.0,34.0,34.0,34.0,34.0
Mbalmayo,BIO_FP_FH__L2A_20251124T050104_20251206T050132_T_G01_M01_C___T004_F004,2025-11-24,33,10,11.438493728637695,3.421083927154541,22.46822166442871,1.0,2209,0.0,23.80716316772295,24.25128,31.002157,32.444714,34.066284,35.22526,30.25953,1.0,32.413997071638754,32.55589294433594,33.0,34.0,34.0,34.0
Mbalmayo,BIO_FP_FH__L2A_20251124T050104_20251206T050132_T_G01_M01_C___T004_F004,2025-11-24,33,11,11.439327239990234,3.421083927154541,23.47622299194336,0.9998548308234778,2209,0.0,19.6164737824924,20.873634,28.12433,29.883158,33.16317,35.695896,26.663288,1.0,32.52447728044364,32.76994705200195,33.195865631103516,34.0,34.0,34.0
Mbalmayo,BIO_FP_FH__L2A_20251124T050104_20251206T050132_T_G01_M01_C___T004_F004,2025-11-24,33,19,11.445995330810547,3.421083927154541,24.522722244262695,1.0,2209,0.0,27.751667539044817,29.33224,34.909306,36.172436,37.933735,39.484577,34.13904,1.0,37.75791152670892,37.90150451660156,39.0,39.0,40.0,40.0
Mbalmayo,BIO_FP_FH__L2A_20251124T050104_20251206T050132_T_G01_M01_C___T004_F004,2025-11-24,33,20,11.446828842163086,3.421083927154541,26.95492172241211,1.0,2209,0.0,26.080790763637392,27.565365,37.157383,38.549404,40.63991,42.05106,36.101124,1.0,37.60901779651426,38.0,38.4522590637207,39.0,39.0,39.0
Mbalmayo,BIO_FP_FH__L2A_20251124T050104_20251206T050132_T_G01_M01_C___T004_F004,2025-11-24,33,21,11.447662353515625,3.421083927154541,28.52412223815918,1.0,2209,0.0,20.949581258488003,20.46803,34.61855,38.746758,43.89267,47.160763,31.287294,1.0,34.38615465142598,34.0,36.0,37.0,37.182962188720715,38.0
Mbalmayo,BIO_FP_FH__L2A_20251124T050104_20251206T050132_T_G01_M01_C___T004_F004,2025-11-24,33,29,11.454330444335938,3.421083927154541,19.948444366455078,1.0,2209,0.0,16.73602750820507,17.00837,25.524069,28.563753,31.56534,33.560917,23.967178,1.0,32.12621130885016,32.0,33.0,33.0,33.0,33.0
Mbalmayo,BIO_FP_FH__L2A_20251124T050104_20251206T050132_T_G01_M01_C___T004_F004,2025-11-24,33,30,11.455163955688477,3.421083927154541,23.105459213256836,1.0,2209,0.0,18.533639903519692,18.037224,28.598885,33.13847,37.05196,38.746666,23.995113,1.0,33.50033952014486,33.15464782714844,34.0,35.0,35.92134094238281,35.96067
Mbalmayo,BIO_FP_FH__L2A_20251124T050104_20251206T050132_T_G01_M01_C___T004_F004,2025-11-24,33,31,11.455997467041016,3.421083927154541,25.719459533691406,1.0,2209,0.0,23.195364665855593,25.036827,36.359146,39.018734,44.574966,48.641327,32.18675,1.0,36.12015122793119,36.0,37.0,37.0,37.0,37.0
Mbalmayo,BIO_FP_FH__L2A_20251124T050104_20251206T050132_T_G01_M01_C___T004_F004,2025-11-24,33,32,11.456830978393555,3.421083927154541,26.416059494018555,1.0,2209,0.0,22.224122198958806,23.55039,32.812298,35.482197,39.22225,41.149616,30.812494,1.0,36.4163277359665,36.0,37.37873840332031,38.0,38.96149444580078,38.980747
Mbalmayo,BIO_FP_FH__L2A_20251124T050104_20251206T050132_T_G01_M01_C___T004_F004,2025-11-24,33,45,11.467666625976562,3.421083927154541,28.106096267700195,1.0,2209,0.0,17.842774763750565,16.790857,32.20567,35.846657,39.899036,41.862633,25.600702,1.0,37.54117742756904,38.0,39.0,40.0,40.0,40.0
Mbalmayo,BIO_FP_FH__L2A_20251124T050104_20251206T050132_T_G01_M01_C___T004_F004,2025-11-24,33,46,11.468500137329102,3.421083927154541,28.770418167114258,1.0,2209,0.0,15.28677692819149,13.729878,28.636799,31.962202,38.42561,41.23446,23.89766,1.0,36.16174421401087,36.0,38.0,38.0,38.0,38.0
Mbalmayo,BIO_FP_FH__L2A_20251124T050104_20251206T050132_T_G01_M01_C___T004_F004,2025-11-24,34,7,11.435993194580078,3.420250415802002,22.6566219329834,1.0,2209,0.0,12.04801203881847,11.954057,21.87538,24.56679,32.406517,34.672012,17.524767,1.0,23.493556190583973,24.0,25.0,26.0,26.0,26.0
Mbalmayo,BIO_FP_FH__L2A_20251124T050104_20251206T050132_T_G01_M01_C___T004_F004,2025-11-24,34,8,11.436826705932617,3.420250415802002,23.954221725463867,1.0,2209,0.0,12.451193979176098,10.662267,26.778757,29.540491,34.447887,36.62954,22.773428,1.0,26.183547773313716,26.0,31.0,31.0,32.0,32.0
Mbalmayo,BIO_FP_FH__L2A_20251124T050104_20251206T050132_T_G01_M01_C___T004_F004,2025-11-24,34,9,11.437660217285156,3.420250415802002,24.09682273864746,1.0,2209,0.0,20.78332248755093,20.237417,34.01378,36.215797,38.31677,41.085384,31.629208,1.0,31.400867191036667,31.0,33.167640686035156,34.0,34.0,34.0
Mbalmayo,BIO_FP_FH__L2A_20251124T050104_20251206T050132_T_G01_M01_C___T004_F004,2025-11-24,34,10,11.438493728637695,3.420250415802002,23.367422103881836,1.0,2209,0.0,24.376563207333636,26.98249,34.270443,35.24819,37.127235,38.59056,33.281384,1.0,31.12574800531915,31.0,32.48683166503906,33.0,33.898250579833984,34.0
Mbalmayo,BIO_FP_FH__L2A_20251124T050104_20251206T050132_T_G01_M01_C___T004_F004,2025-11-24,34,11,11.439327239990234,3.420250415802002,22.50562286376953,1.0,2209,0.0,21.173618577410593,22.45629,29.832787,32.950275,35.95143,37.820583,28.114042,1.0,31.790005022068808,32.0,33.0,33.0,34.0,34.0
Mbalmayo,BIO_FP_FH__L2A_20251124T050104_20251206T050132_T_G01_M01_C___T004_F004,2025-11-24,34,12,11.440160751342773,3.420250415802002,22.85942268371582,1.0,2209,0.0,15.813185229459032,15.126126,25.439741,27.793955,33.47863,35.17777,21.30256,1.0,30.035223446695337,30.0,32.0,32.0,32.0,33.0
Mbalmayo,BIO_FP_FH__L2A_20251124T050104_20251206T050132_T_G01_M01_C___T004_F004,2025-11-24,34,13,11.440994262695312,3.420250415802002,23.498022079467773,1.0,2209,0.0,20.770698350497963,21.942595,28.245817,29.836985,32.87983,34.124393,26.965355,1.0,29.284429464689904,29.0,30.921199798583984,31.0,32.0,32.0
Mbalmayo,BIO_FP_FH__L2A_20251124T050104_20251206T050132_T_G01_M01_C___T004_F004,2025-11-24,34,14,11.441827774047852,3.420250415802002,24.282121658325195,0.9998411262342972,2209,0.0,15.331251268083191,14.6365795,25.405779,27.865334,30.122644,32.188686,22.470171,1.0,32.58353787064282,32.0,35.0,35.0,36.0,36.0
Mbalmayo,BIO_FP_FH__L2A_20251124T050104_20251206T050132_T_G01_M01_C___T004_F004,2025-11-24,34,15,11.44266128540039,3.420250415802002,22.998321533203125,0.90264215637732,2023,0.0,19.249762585886607,18.34164,31.450098,32.78824,34.93549,37.651783,29.193531,0.9567682103044364,36.09658330349201,36.0,37.0,37.0,37.49090576171875,38.0
Mbalmayo,BIO_FP_FH__L2A_20251124T050104_20251206T050132_T_G01_M01_C___T004_F004,2025-11-24,34,16,11.44349479675293,3.420250415802002,22.05992317199707,0.9365800241908103,2099,0.0,17.312996239425004,17.117744,27.306034,29.84526,38.074654,39.920124,25.783028,0.9585922469160254,35.80911946451474,36.0,37.0,37.0,37.0,37.0
Mbalmayo,BIO_FP_FH__L2A_20251124T050104_20251206T050132_T_G01_M01_C___T004_F004,2025-11-24,34,17,11.444328308105469,3.420250415802002,23.142723083496094,0.9907597912658442,2197,0.0,18.67377771193752,18.763472,30.912556,34.188366,38.931496,41.448357,28.762571,1.0,34.69285982062019,35.0,36.0,38.0,38.0,38.0
Mbalmayo,BIO_FP_FH__L2A_20251124T050104_20251206T050132_T_G01_M01_C___T004_F004,2025-11-24,34,18,11.445161819458008,3.420250415802002,24.619522094726562,1.0,2209,0.0,18.569928771502944,17.566404,32.641003,35.933895,40.104984,42.744434,30.880714,1.0,35.28349047928927,36.0,37.3351936340332,38.0,38.0,39.0
Mbalmayo,BIO_FP_FH__L2A_20251124T050104_20251206T050132_T_G01_M01_C___T004_F004,2025-11-24,34,19,11.445995330810547,3.420250415802002,25.62792205810547,1.0,2209,0.0,24.96876591500679,27.415295,36.408775,38.758827,42.302143,44.73404,35.336502,1.0,35.7797840510412,36.0,37.0,37.58382034301758,38.0,38.0
Mbalmayo,BIO_FP_FH__L2A_20251124T050104_20251206T050132_T_G01_M01_C___T004_F004,2025-11-24,34,20,11.446828842163086,3.420250415802002,27.12472152709961,1.0,2209,0.0,22.674354204391125,22.505472,32.68546,34.20305,37.425762,39.024582,30.883091,1.0,35.254341260185605,35.0,37.0,37.0,37.0,38.0
Mbalmayo,BIO_FP_FH__L2A_20251124T050104_20251206T050132_T_G01_M01_C___T004_F004,2025-11-24,34,26,11.45182991027832,3.420250415802002,17.497644424438477,1.0,2209,0.0,19.23322027784065,20.325567,35.942608,38.576267,41.453144,43.24896,34.192284,1.0,36.86850667722952,37.0,38.0,39.0,39.0,39.0
Mbalmayo,BIO_FP_FH__L2A_20251124T050104_20251206T050132_T_G01_M01_C___T004_F004,2025-11-24,34,29,11.454330444335938,3.420250415802002,20.453245162963867,1.0,2209,0.0,10.402784949354912,10.264029,19.168581,21.003813,28.693949,32.313324,17.26368,1.0,31.688044646899048,32.0,33.0,33.0,34.0,34.0
Mbalmayo,BIO_FP_FH__L2A_20251124T050104_20251206T050132_T_G01_M01_C___T004_F004,2025-11-24,34,30,11.455163955688477,3.420250415802002,21.74325942993164,1.0,2209,0.0,14.760696652897238,14.041681,23.918234,27.71989,31.930542,33.52864,21.69772,1.0,32.89705466274332,33.0,34.0,35.0,35.0,35.96067
Mbalmayo,BIO_FP_FH__L2A_20251124T050104_20251206T050132_T_G01_M01_C___T004_F004,2025-11-24,34,31,11.455997467041016,3.420250415802002,24.098859786987305,1.0,2209,0.0,19.577117049569942,17.854805,34.074623,36.794327,40.218193,42.41801,30.676744,1.0,34.74849868435944,35.0,36.0,36.0,37.0,37.0
Mbalmayo,BIO_FP_FH__L2A_20251124T050104_20251206T050132_T_G01_M01_C___T004_F004,2025-11-24,34,32,11.456830978393555,3.420250415802002,26.55385971069336,1.0,2209,0.0,18.744178644182888,16.880306,33.744736,36.223217,41.126427,44.40075,30.803455,1.0,34.758799230421005,35.0,36.0,36.0,36.0,36.0
Mbalmayo,BIO_FP_FH__L2A_20251124T050104_20251206T050132_T_G01_M01_C___T004_F004,2025-11-24,34,45,11.467666625976562,3.420250415802002,26.038896560668945,1.0,2209,0.0,15.268791202184246,12.385719,31.089434,37.66372,41.46701,43.53031,24.385332,1.0,34.47260143164328,35.0,36.0,36.973663330078125,38.0,38.0
Mbalmayo,BIO_FP_FH__L2A_20251124T050104_20251206T050132_T_G01_M01_C___T004_F004,2025-11-24,34,46,11.468500137329102,3.420250415802002,27.206819534301758,1.0,2209,0.0,13.59747764825713,11.861208,29.220306,34.059402,39.60342,42.68563,23.727554,1.0,34.90516777953825,35.0,37.0,37.0,38.0,38.0
Mbalmayo,BIO_FP_FH__L2A_20251124T050104_20251206T050132_T_G01_M01_C___T004_F004,2025-11-24,34,47,11.46933364868164,3.420250415802002,29.952219009399414,1.0,2209,0.10740000009536743,14.116777246491624,10.497046,33.672493,37.32872,43.62666,46.242928,28.58749,1.0,36.998341302625626,37.0,38.0,38.0,39.0,39.0
Mbalmayo,BIO_FP_FH__L2A_20251124T050104_20251206T050132_T_G01_M01_C___T004_F004,2025-11-24,34,48,11.47016716003418,3.420250415802002,32.39181900024414,0.9845014358872793,2188,0.650600016117096,16.901867929255964,14.712053,35.278275,38.78294,42.647038,44.726734,30.474003,1.0,37.59380658669081,37.478939056396484,39.0,40.0,40.0,41.0
Mbalmayo,BIO_FP_FH__L2A_20251124T050104_20251206T050132_T_G01_M01_C___T004_F004,2025-11-24,35,8,11.436826705932617,3.419416904449463,23.93842315673828,1.0,2209,0.0,15.482750785140334,14.75195,27.595995,30.503817,43.547363,45.06756,26.714241,1.0,28.231706583861477,28.0,30.749570846557617,31.0,31.0,31.0
Mbalmayo,BIO_FP_FH__L2A_20251124T050104_20251206T050132_T_G01_M01_C___T004_F004,2025-11-24,35,9,11.437660217285156,3.419416904449463,23.84022331237793,1.0,2209,0.33880001306533813,22.089182393051153,23.459873,31.646263,33.582455,35.4283,36.61802,29.82089,1.0,29.53147811509733,29.44886589050293,31.0,31.0,31.0,31.0
Mbalmayo,BIO_FP_FH__L2A_20251124T050104_20251206T050132_T_G01_M01_C___T004_F004,2025-11-24,35,10,11.438493728637695,3.419416904449463,25.10002326965332,1.0,2209,0.0,17.85431579617474,17.711655,30.262114,33.42278,36.049076,37.909706,29.421007,1.0,30.589513071525577,31.0,33.0,33.0,34.0,34.0
Mbalmayo,BIO_FP_FH__L2A_20251124T050104_20251206T050132_T_G01_M01_C___T004_F004,2025-11-24,35,11,11.439327239990234,3.419416904449463,24.14322280883789,1.0,2209,0.0,23.91334809302852,24.733095,30.222765,31.87192,34.17117,37.240135,29.044792,1.0,32.368133558736986,32.02822494506836,34.0,34.0,34.232242584228516,35.0
Mbalmayo,BIO_FP_FH__L2A_20251124T050104_20251206T050132_T_G01_M01_C___T004_F004,2025-11-24,35,12,11.440160751342773,3.419416904449463,23.533823013305664,1.0,2209,0.0,14.792201293005885,13.30613,24.70865,27.69965,35.501587,37.346016,21.416483,1.0,31.444976516523315,32.0,33.0,33.0,33.0,33.0
Mbalmayo,BIO_FP_FH__L2A_20251124T050104_20251206T050132_T_G01_M01_C___T004_F004,2025-11-24,35,13,11.440994262695312,3.419416904449463,23.756622314453125,1.0,2209,0.0,22.78367527020145,23.83477,31.3971,35.64522,38.36364,39.799778,27.565458,1.0,31.512587002037122,31.0,33.0,33.0,34.0,34.0
Mbalmayo,BIO_FP_FH__L2A_20251124T050104_20251206T050132_T_G01_M01_C___T004_F004,2025-11-24,35,14,11.441827774047852,3.419416904449463,24.540721893310547,1.0,2209,0.0,21.864526157197826,22.14224,30.447355,31.963074,35.605858,38.56184,28.864885,1.0,32.28114743662291,32.0,33.0,34.0,34.0,34.0
Mbalmayo,BIO_FP_FH__L2A_20251124T050104_20251206T050132_T_G01_M01_C___T004_F004,2025-11-24,35,15,11.44266128540039,3.419416904449463,23.08112144470215,1.0,2209,0.0,17.313247121152106,17.19408,28.947758,31.782227,35.858,37.425613,26.143274,1.0,35.27599097442282,35.0,37.0,37.0,37.0,37.0
Mbalmayo,BIO_FP_FH__L2A_20251124T050104_20251206T050132_T_G01_M01_C___T004_F004,2025-11-24,35,16,11.44349479675293,3.419416904449463,21.283321380615234,1.0,2209,0.0,16.56897917609778,15.5541115,27.955433,31.258852,36.92385,42.715286,23.52606,1.0,35.10252801041195,35.0,36.0,36.0,37.0,37.0
Mbalmayo,BIO_FP_FH__L2A_20251124T050104_20251206T050132_T_G01_M01_C___T004_F004,2025-11-24,35,17,11.444328308105469,3.419416904449463,21.619922637939453,1.0,2209,0.0,12.27160196921684,10.3326435,22.453592,29.496277,41.08488,44.23804,18.279709,1.0,31.187222371548213,31.0,34.0,35.0,35.0,35.0
Mbalmayo,BIO_FP_FH__L2A_20251124T050104_20251206T050132_T_G01_M01_C___T004_F004,2025-11-24,35,18,11.445161819458008,3.419416904449463,23.655323028564453,1.0,2209,0.20160000026226044,13.60115755149389,12.480562,21.563051,26.937546,39.065758,43.254967,18.660831,1.0,30.407201363739247,30.0,32.94047927856445,33.0,33.0,34.0
Mbalmayo,BIO_FP_FH__L2A_20251124T050104_20251206T050132_T_G01_M01_C___T004_F004,2025-11-24,35,19,11.445995330810547,3.419416904449463,26.083322525024414,1.0,2209,0.0,15.757907990040742,13.6380415,27.70096,30.903498,33.41002,34.84213,24.018515,1.0,31.974276044024446,32.0,33.0,34.0,34.0,34.0
Mbalmayo,BIO_FP_FH__L2A_20251124T050104_20251206T050132_T_G01_M01_C___T004_F004,2025-11-24,35,20,11.446828842163086,3.419416904449463,27.067922592163086,1.0,2209,0.0,18.868949644918516,17.035852,31.49304,34.87907,40.452988,42.329544,26.059937,1.0,33.021655019239475,33.0,35.0,35.0,35.72722244262695,36.0
Mbalmayo,BIO_FP_FH__L2A_20251124T050104_20251206T050132_T_G01_M01_C___T004_F004,2025-11-24,35,21,11.447662353515625,3.419416904449463,26.56852149963379,1.0,2209,0.0,17.341978129244,16.086275,33.689854,35.15611,38.54886,41.28422,27.420664,1.0,34.242201646672704,34.4306755065918,35.0,35.767757415771484,36.0,36.0
Mbalmayo,BIO_FP_FH__L2A_20251124T050104_20251206T050132_T_G01_M01_C___T004_F004,2025-11-24,35,22,11.448495864868164,3.419416904449463,21.372243881225586,1.0,2209,0.0,20.750941637901764,22.677877,31.194336,32.562645,35.085827,37.30094,28.140112,1.0,31.357369709144407,31.0,33.0,33.63023376464844,34.0,35.0
Mbalmayo,BIO_FP_FH__L2A_20251124T050104_20251206T050132_T_G01_M01_C___T004_F004,2025-11-24,35,26,11.45182991027832,3.419416904449463,16.218244552612305,1.0,2209,0.3824000060558319,21.906843276086466,23.805532,33.63348,35.52756,38.59592,42.20079,32.333755,1.0,35.94117813490267,36.0,38.0,38.0,38.0,38.0
Mbalmayo,BIO_FP_FH__L2A_20251124T050104_20251206T050132_T_G01_M01_C___T004_F004,2025-11-24,35,29,11.454330444335938,3.419416904449463,20.83004379272461,1.0,2209,0.0,11.967849033782255,11.810305,22.308088,28.016903,32.88303,35.11026,20.56829,1.0,33.750578245246714,33.72722244262695,36.0,37.0,37.0,37.0
Mbalmayo,BIO_FP_FH__L2A_20251124T050104_20251206T050132_T_G01_M01_C___T004_F004,2025-11-24,35,30,11.455163955688477,3.419416904449463,21.537260055541992,1.0,2209,0.0,15.979494397917609,13.552519,30.099068,33.40583,40.59125,43.32829,24.831776,1.0,36.706824354911724,37.0,38.005644989013675,39.0,39.0,39.0
Mbalmayo,BIO_FP_FH__L2A_20251124T050104_20251206T050132_T_G01_M01_C___T004_F004,2025-11-24,35,31,11.455997467041016,3.419416904449463,22.942459106445312,1.0,2209,0.0,23.067789087256678,21.343615,40.81918,43.08954,45.804726,47.585735,38.54237,1.0,36.8748408499321,37.0,38.25402526855469,39.0,39.0,39.0
Mbalmayo,BIO_FP_FH__L2A_20251124T050104_20251206T050132_T_G01_M01_C___T004_F004,2025-11-24,35,45,11.467666625976562,3.419416904449463,23.704896926879883,1.0,2209,0.0,13.708230180511544,14.424575,25.54753,29.700031,34.505978,38.97662,20.964102,1.0,31.118611008940697,31.0,32.0,32.5977897644043,33.0,34.0
Mbalmayo,BIO_FP_FH__L2A_20251124T050104_20251206T050132_T_G01_M01_C___T004_F004,2025-11-24,35,46,11.468500137329102,3.419416904449463,25.487018585205078,1.0,2209,1.365399956703186,13.944344337086918,14.336441,29.565788,34.611595,38.70945,42.456642,23.396193,1.0,34.13411045722046,35.0,36.0,36.0,36.121280670166016,37.0
Mbalmayo,BIO_FP_FH__L2A_20251124T050104_20251206T050132_T_G01_M01_C___T004_F004,2025-11-24,35,48,11.47016716003418,3.419416904449463,29.173019409179688,0.9983501995565018,2208,0.47760000824928284,15.231971752004412,13.063259,33.30626,37.206596,40.446655,44.13341,29.222776,1.0,35.914508120190135,35.0,39.0,39.0,39.0,39.0
Mbalmayo,BIO_FP_FH__L2A_20251124T050104_20251206T050132_T_G01_M01_C___T004_F004,2025-11-24,36,5,11.434326171875,3.418583393096924,18.6434268951416,1.0,2209,0.0,12.340990514655953,10.433479,24.955585,30.35259,36.67534,38.27472,20.876501,1.0,32.991234367926666,33.0,35.0,36.0,38.22289672851564,39.0
Mbalmayo,BIO_FP_FH__L2A_20251124T050104_20251206T050132_T_G01_M01_C___T004_F004,2025-11-24,36,6,11.435159683227539,3.418583393096924,19.61222267150879,1.0,2209,0.0,19.132777133318243,18.458416,35.642956,38.43316,41.539555,42.861877,32.08943,1.0,35.41467611192847,35.0,38.0,39.0,39.0,39.0
Mbalmayo,BIO_FP_FH__L2A_20251124T050104_20251206T050132_T_G01_M01_C___T004_F004,2025-11-24,36,7,11.435993194580078,3.418583393096924,18.678422927856445,1.0,2209,0.7649999856948853,13.791180964237212,14.294981,25.671633,27.681122,29.294182,30.553438,23.437431,1.0,31.027370275011318,31.0,33.67823791503906,34.0,35.0,35.0
Mbalmayo,BIO_FP_FH__L2A_20251124T050104_20251206T050132_T_G01_M01_C___T004_F004,2025-11-24,36,8,11.436826705932617,3.418583393096924,17.3740234375,1.0,2209,1.589400053024292,8.440186099479403,6.244458,18.933723,22.242132,28.774479,31.430845,16.352549,1.0,27.642609070846536,28.0,29.0,29.0,30.0,30.0
Mbalmayo,BIO_FP_FH__L2A_20251124T050104_20251206T050132_T_G01_M01_C___T004_F004,2025-11-24,36,9,11.437660217285156,3.418583393096924,21.946422576904297,1.0,2209,0.7943999767303467,13.72281451590086,12.871021,25.156506,27.809843,33.156048,36.051716,21.101507,1.0,29.272602846310548,29.35715675354004,32.0,34.0,35.0,35.0
Mbalmayo,BIO_FP_FH__L2A_20251124T050104_20251206T050132_T_G01_M01_C___T004_F004,2025-11-24,36,10,11.438493728637695,3.418583393096924,25.663223266601562,1.0,2209,0.0,20.38505297928927,22.02871,29.170721,30.538874,32.688484,35.998894,28.11318,1.0,33.8050800701675,34.0,35.0,35.0,35.51981735229492,36.0
Mbalmayo,BIO_FP_FH__L2A_20251124T050104_20251206T050132_T_G01_M01_C___T004_F004,2025-11-24,36,11,11.439327239990234,3.418583393096924,25.308622360229492,1.0,2209,0.0,23.254167963445,24.549627,30.05061,32.032627,35.076508,36.637398,28.198204,1.0,35.03602450203712,35.0,36.0,36.0,36.0,36.0
Mbalmayo,BIO_FP_FH__L2A_20251124T050104_20251206T050132_T_G01_M01_C___T004_F004,2025-11-24,36,12,11.440160751342773,3.418583393096924,24.840621948242188,1.0,2209,0.0,19.234294540799006,20.820318,28.531763,30.559727,32.79707,38.606644,26.079052,1.0,32.47719556360344,33.0,33.0,33.0,33.242279052734375,34.0
Mbalmayo,BIO_FP_FH__L2A_20251124T050104_20251206T050132_T_G01_M01_C___T004_F004,2025-11-24,36,13,11.440994262695312,3.418583393096924,24.750423431396484,1.0,2209,0.0,16.855207036555,17.444157,24.202826,25.723804,28.474482,30.597893,22.43711,1.0,32.78397146616116,33.0,34.0,34.0,34.0,34.0
Mbalmayo,BIO_FP_FH__L2A_20251124T050104_20251206T050132_T_G01_M01_C___T004_F004,2025-11-24,36,14,11.441827774047852,3.418583393096924,23.77252197265625,1.0,2209,0.0,19.35817253282028,19.719944,28.132317,29.53683,31.689926,33.42128,26.539797,1.0,32.27707496321865,32.0,34.0,35.0,35.0,35.0
Mbalmayo,BIO_FP_FH__L2A_20251124T050104_20251206T050132_T_G01_M01_C___T004_F004,2025-11-24,36,15,11.44266128540039,3.418583393096924,22.757122039794922,1.0,2209,0.0,14.57024265080353,13.630196,25.540836,30.157982,34.377377,39.159657,22.348763,1.0,33.953834101969214,34.0,35.0,35.0,36.0,36.0
Mbalmayo,BIO_FP_FH__L2A_20251124T050104_20251206T050132_T_G01_M01_C___T004_F004,2025-11-24,36,16,11.44349479675293,3.418583393096924,20.4155216217041,1.0,2209,0.09799999743700027,12.982240620755999,11.173558,23.68662,28.681265,35.077423,39.69671,21.077156,1.0,33.23684182605251,33.0,35.0,35.0,36.0,36.0
Mbalmayo,BIO_FP_FH__L2A_20251124T050104_20251206T050132_T_G01_M01_C___T004_F004,2025-11-24,36,17,11.444328308105469,3.418583393096924,16.771121978759766,1.0,2209,1.4522000551223755,10.897222654481666,9.51662,19.070097,23.591236,30.011204,36.235123,16.581026,1.0,29.207155033386147,29.0,32.0,32.0,32.0,32.0
Mbalmayo,BIO_FP_FH__L2A_20251124T050104_20251206T050132_T_G01_M01_C___T004_F004,2025-11-24,36,18,11.445161819458008,3.418583393096924,19.11732292175293,1.0,2209,1.3353999853134155,13.919134082163875,11.725976,24.776035,28.126244,33.69418,36.450184,21.574144,1.0,29.898172249886827,30.0,31.0,32.0,32.0,32.840214
Mbalmayo,BIO_FP_FH__L2A_20251124T050104_20251206T050132_T_G01_M01_C___T004_F004,2025-11-24,36,19,11.445995330810547,3.418583393096924,23.139923095703125,1.0,2209,0.0,15.088053311736079,13.305752,26.164642,29.984798,35.533936,39.544838,22.148981,1.0,31.23634846084201,31.0,32.0,32.47452163696289,33.0,33.700504
Mbalmayo,BIO_FP_FH__L2A_20251124T050104_20251206T050132_T_G01_M01_C___T004_F004,2025-11-24,36,20,11.446828842163086,3.418583393096924,25.287521362304688,1.0,2209,0.0,11.749437669760072,10.050217,20.29026,26.890871,35.704502,43.293045,17.358988,1.0,31.74196822657311,31.957279205322266,33.0,33.33926773071289,34.0,34.0
Mbalmayo,BIO_FP_FH__L2A_20251124T050104_20251206T050132_T_G01_M01_C___T004_F004,2025-11-24,36,21,11.447662353515625,3.418583393096924,26.555322647094727,1.0,2209,0.0,19.145746979685377,19.046345,33.229275,34.697994,37.713737,43.62531,28.757011,1.0,32.872354572204614,33.0,35.0,35.0,35.0,35.0
Mbalmayo,BIO_FP_FH__L2A_20251124T050104_20251206T050132_T_G01_M01_C___T004_F004,2025-11-24,36,22,11.448495864868164,3.418583393096924,21.358844757080078,1.0,2209,0.0,15.365298919194206,16.049076,26.6034,28.982498,32.332565,33.53404,23.098425,1.0,29.887740847102762,29.32364845275879,33.0,33.6573371887207,34.0,35.0
Mbalmayo,BIO_FP_FH__L2A_20251124T050104_20251206T050132_T_G01_M01_C___T004_F004,2025-11-24,36,23,11.449329376220703,3.418583393096924,16.828445434570312,1.0,2209,0.0,17.672045644239475,18.157028,26.605442,28.3426,31.66251,33.9984,22.6738,1.0,28.994164497510187,29.0,30.0,30.0,31.0,31.0
Mbalmayo,BIO_FP_FH__L2A_20251124T050104_20251206T050132_T_G01_M01_C___T004_F004,2025-11-24,36,24,11.450162887573242,3.418583393096924,15.203044891357422,1.0,2209,0.0,17.210891523313716,17.017368,26.68722,29.388802,34.100117,35.944965,23.638556,1.0,31.550737041647803,31.0,33.73725891113281,34.0,34.0,34.900444
Mbalmayo,BIO_FP_FH__L2A_20251124T050104_20251206T050132_T_G01_M01_C___T004_F004,2025-11-24,36,25,11.450996398925781,3.418583393096924,16.913244247436523,1.0,2209,0.0,15.624015037913082,13.782276,29.058525,31.685068,36.1817,39.85658,25.720837,1.0,35.43350886996379,35.0,36.992530822753906,37.0,37.0,37.0
Mbalmayo,BIO_FP_FH__L2A_20251124T050104_20251206T050132_T_G01_M01_C___T004_F004,2025-11-24,36,26,11.45182991027832,3.418583393096924,18.61744499206543,1.0,2209,0.0,23.37667284404708,25.196941,34.1142,35.831917,38.85706,40.445053,31.735958,1.0,34.313930582277045,34.0,35.0,36.0,36.0,36.0
Mbalmayo,BIO_FP_FH__L2A_20251124T050104_20251206T050132_T_G01_M01_C___T004_F004,2025-11-24,36,29,11.454330444335938,3.418583393096924,22.215044021606445,1.0,2209,0.0,11.718088643051153,11.033799,22.470318,24.845581,29.926926,34.3673,19.965857,1.0,33.43440541534631,34.0,36.0,37.0,37.0,37.0
Mbalmayo,BIO_FP_FH__L2A_20251124T050104_20251206T050132_T_G01_M01_C___T004_F004,2025-11-24,36,30,11.455163955688477,3.418583393096924,21.699058532714844,1.0,2209,0.0,19.141082998528745,19.001783,30.229557,32.527378,34.572777,41.098095,26.515133,1.0,37.82666435604346,38.0,39.0,39.0,39.0,39.0
Mbalmayo,BIO_FP_FH__L2A_20251124T050104_20251206T050132_T_G01_M01_C___T004_F004,2025-11-24,36,31,11.455997467041016,3.418583393096924,21.83685874938965,1.0,2209,0.0,18.83835923353327,15.090172,38.395153,40.866333,43.364265,46.42664,35.208176,1.0,39.196820888976916,39.0,40.0,40.0,40.0,40.0
Mbalmayo,BIO_FP_FH__L2A_20251124T050104_20251206T050132_T_G01_M01_C___T004_F004,2025-11-24,36,48,11.47016716003418,3.418583393096924,23.039819717407227,0.9988178134018504,2209,0.6990000009536743,23.610098405315487,25.10986,37.20082,39.296196,43.625134,46.312435,34.696854,1.0,36.03911378168855,36.0,38.0,38.0,38.0,38.0
Mbalmayo,BIO_FP_FH__L2A_20251124T050104_20251206T050132_T_G01_M01_C___T004_F004,2025-11-24,37,4,11.433492660522461,3.4177498817443848,17.716426849365234,0.9997594513036159,2209,0.0,16.26056216153473,16.712729,26.801374,28.737251,31.531597,34.363373,24.754591,1.0,34.410829985287464,35.0,36.252315521240234,37.0,37.0,37.0
Mbalmayo,BIO_FP_FH__L2A_20251124T050104_20251206T050132_T_G01_M01_C___T004_F004,2025-11-24,37,5,11.434326171875,3.4177498817443848,16.56282615661621,1.0,2209,0.0,13.620905422419646,10.614829,27.471804,30.018,37.89905,39.46695,24.384615,1.0,36.318545934246266,36.097373962402344,38.0,38.0,39.0,39.0
Mbalmayo,BIO_FP_FH__L2A_20251124T050104_20251206T050132_T_G01_M01_C___T004_F004,2025-11-24,37,6,11.435159683227539,3.4177498817443848,16.264223098754883,1.0,2209,0.37400001287460327,16.236878961068356,13.520112,32.64258,35.17515,39.525455,41.012478,30.39211,1.0,37.405496689678586,38.0,38.85470962524414,39.0,39.0,39.0
Mbalmayo,BIO_FP_FH__L2A_20251124T050104_20251206T050132_T_G01_M01_C___T004_F004,2025-11-24,37,7,11.435993194580078,3.4177498817443848,13.137422561645508,1.0,2209,1.9368000030517578,16.55909330437981,15.980456,25.620998,27.189362,29.267805,32.306393,23.02073,1.0,30.605401553304663,31.0,34.0,35.0,35.0,35.0
Mbalmayo,BIO_FP_FH__L2A_20251124T050104_20251206T050132_T_G01_M01_C___T004_F004,2025-11-24,37,9,11.437660217285156,3.4177498817443848,20.36542320251465,1.0,2209,1.162600040435791,7.840766820393843,5.7351065,18.473055,21.153263,23.788954,32.533245,14.12031,1.0,27.19287573562698,27.545854568481445,30.311426162719727,32.0,34.0,34.0
Mbalmayo,BIO_FP_FH__L2A_20251124T050104_20251206T050132_T_G01_M01_C___T004_F004,2025-11-24,37,10,11.438493728637695,3.4177498817443848,23.540822982788086,1.0,2209,0.0,15.184262180285197,14.706995,27.107052,29.705578,34.442093,36.62567,23.733292,1.0,32.33895250961974,32.0,35.0,35.0,36.0,36.519817
Mbalmayo,BIO_FP_FH__L2A_20251124T050104_20251206T050132_T_G01_M01_C___T004_F004,2025-11-24,37,11,11.439327239990234,3.4177498817443848,21.862422943115234,1.0,2209,0.0,19.820779340199184,20.413574,29.75883,32.245853,36.818092,40.549183,28.23741,1.0,32.81497213105477,33.0,36.0,36.0,37.0,37.0
Mbalmayo,BIO_FP_FH__L2A_20251124T050104_20251206T050132_T_G01_M01_C___T004_F004,2025-11-24,37,12,11.440160751342773,3.4177498817443848,21.198223114013672,1.0,2209,0.0,18.08268464944545,18.618736,26.711252,28.265123,30.995317,33.505253,24.926336,1.0,29.079990592462654,28.252702713012695,32.0,33.0,34.0,34.0
Mbalmayo,BIO_FP_FH__L2A_20251124T050104_20251206T050132_T_G01_M01_C___T004_F004,2025-11-24,37,13,11.440994262695312,3.4177498817443848,20.314422607421875,1.0,2209,0.0,16.32918776878678,17.514517,26.045135,28.159603,31.741982,34.078625,22.8677,1.0,31.493359905500228,31.57000732421875,33.0,33.0,34.580047607421875,34.790024
Mbalmayo,BIO_FP_FH__L2A_20251124T050104_20251206T050132_T_G01_M01_C___T004_F004,2025-11-24,37,14,11.441827774047852,3.4177498817443848,21.508522033691406,0.9982452599804776,2209,0.0,14.365020564786802,13.874007,23.210564,25.851274,28.964432,35.654285,21.149614,1.0,34.57994284744228,35.0,36.0,36.0,36.0,36.0
Mbalmayo,BIO_FP_FH__L2A_20251124T050104_20251206T050132_T_G01_M01_C___T004_F004,2025-11-24,37,15,11.44266128540039,3.4177498817443848,21.55312156677246,1.0,2209,0.0,14.868357252999095,13.476852,27.151596,31.762125,36.866264,39.00358,22.252258,1.0,33.70467582899502,34.0,35.0,35.0,35.0,35.0
Mbalmayo,BIO_FP_FH__L2A_20251124T050104_20251206T050132_T_G01_M01_C___T004_F004,2025-11-24,37,16,11.44349479675293,3.4177498817443848,16.85272216796875,1.0,2209,1.3880000114440918,12.194161314508827,8.978721,28.688452,35.355145,39.016808,40.8622,21.620813,1.0,31.9202923409914,32.0,33.0,33.0,34.0,34.0
Mbalmayo,BIO_FP_FH__L2A_20251124T050104_20251206T050132_T_G01_M01_C___T004_F004,2025-11-24,37,18,11.445161819458008,3.4177498817443848,15.897122383117676,1.0,2209,1.6576000452041626,10.652860103553644,8.608031,21.639887,29.018787,35.610947,37.329006,16.452776,1.0,30.70883318243549,30.251914978027344,33.0,33.0,33.0,33.680428
Mbalmayo,BIO_FP_FH__L2A_20251124T050104_20251206T050132_T_G01_M01_C___T004_F004,2025-11-24,37,19,11.445995330810547,3.4177498817443848,20.712121963500977,1.0,2209,0.052400000393390656,15.41036226092123,12.401775,30.49061,32.976025,37.960873,42.811687,26.839289,1.0,31.832567055228612,32.0,33.0,34.0,34.0,34.0
Mbalmayo,BIO_FP_FH__L2A_20251124T050104_20251206T050132_T_G01_M01_C___T004_F004,2025-11-24,37,20,11.446828842163086,3.4177498817443848,21.88172149658203,1.0,2209,0.0,14.408379074241738,12.532828,26.240437,29.058783,35.52413,38.236385,20.850842,1.0,30.800411668175645,31.0,31.84428596496582,32.0,32.0,32.0
Mbalmayo,BIO_FP_FH__L2A_20251124T050104_20251206T050132_T_G01_M01_C___T004_F004,2025-11-24,37,21,11.447662353515625,3.4177498817443848,23.85152244567871,1.0,2209,0.0,13.502187429266636,10.725526,27.954678,34.65647,38.78918,41.319546,22.689756,1.0,31.16826052512449,31.0,33.0,33.0,33.0,33.0
Mbalmayo,BIO_FP_FH__L2A_20251124T050104_20251206T050132_T_G01_M01_C___T004_F004,2025-11-24,37,22,11.448495864868164,3.4177498817443848,23.353845596313477,1.0,2209,0.0,15.866221105421005,15.068615,27.464596,28.93436,31.42035,33.141705,24.628807,1.0,28.27624561453146,28.0,30.0,30.0,31.0,32.0
Mbalmayo,BIO_FP_FH__L2A_20251124T050104_20251206T050132_T_G01_M01_C___T004_F004,2025-11-24,37,23,11.449329376220703,3.4177498817443848,20.52944564819336,1.0,2209,0.0,14.387442882808964,13.27918,24.565273,27.297697,31.298922,32.22721,20.830738,1.0,28.163270286328654,28.0,29.0,30.0,30.0,30.0
Mbalmayo,BIO_FP_FH__L2A_20251124T050104_20251206T050132_T_G01_M01_C___T004_F004,2025-11-24,37,24,11.450162887573242,3.4177498817443848,18.04384422302246,1.0,2209,0.0,21.124899204956993,21.463905,34.02779,35.997944,38.31648,39.358887,30.43218,1.0,32.585622736532365,33.0,35.0,35.0,35.0,35.900444
Mbalmayo,BIO_FP_FH__L2A_20251124T050104_20251206T050132_T_G01_M01_C___T004_F004,2025-11-24,37,25,11.450996398925781,3.4177498817443848,19.809043884277344,1.0,2209,0.0,26.394571037516975,26.581861,39.5093,43.644455,55.427017,59.432816,38.00579,1.0,37.274652345518334,38.0,39.0,39.0,40.0,40.0
Mbalmayo,BIO_FP_FH__L2A_20251124T050104_20251206T050132_T_G01_M01_C___T004_F004,2025-11-24,37,26,11.45182991027832,3.4177498817443848,21.574045181274414,1.0,2209,0.0,28.105069106496153,29.163183,39.645733,45.49239,53.245335,58.637344,37.070404,1.0,37.147383572883655,37.0,39.0,39.0,40.0,40.0
Mbalmayo,BIO_FP_FH__L2A_20251124T050104_20251206T050132_T_G01_M01_C___T004_F004,2025-11-24,37,29,11.454330444335938,3.4177498817443848,23.541044235229492,1.0,2209,0.0,13.442576002999095,14.009097,21.596968,23.681723,30.108185,34.78601,19.720922,1.0,32.960127602987775,33.0,36.0,37.0,37.0,38.0
Mbalmayo,BIO_FP_FH__L2A_20251124T050104_20251206T050132_T_G01_M01_C___T004_F004,2025-11-24,37,30,11.455163955688477,3.4177498817443848,24.713258743286133,1.0,2209,0.0,26.66484675616795,27.959177,35.26569,36.732407,44.172615,46.273487,34.15345,1.0,38.322452184246266,38.0,39.0,39.252315521240234,40.0,40.0
Mbalmayo,BIO_FP_FH__L2A_20251124T050104_20251206T050132_T_G01_M01_C___T004_F004,2025-11-24,37,31,11.455997467041016,3.4177498817443848,24.416059494018555,1.0,2209,0.7202000021934509,24.139685130432323,24.769226,37.122334,38.911766,41.6737,44.316902,35.140366,1.0,39.74017336747397,40.0,40.0,41.0,41.0,41.0
Mbalmayo,BIO_FP_FH__L2A_20251124T050104_20251206T050132_T_G01_M01_C___T004_F004,2025-11-24,37,38,11.461832046508789,3.4177498817443848,31.693296432495117,0.9988291970525407,2209,1.0714000463485718,22.34838077756381,22.89106,32.733055,38.7322,45.755882,48.624878,30.650797,1.0,36.835343339746494,36.95131301879883,40.0,40.252315521240234,41.0,41.0
Mbalmayo,BIO_FP_FH__L2A_20251124T050104_20251206T050132_T_G01_M01_C___T004_F004,2025-11-24,37,39,11.462665557861328,3.4177498817443848,31.88469696044922,1.0,2209,1.044600009918213,25.968063002206883,27.33861,37.22835,40.309902,43.645866,44.80379,33.713356,1.0,34.43925241908103,34.34930419921875,36.0,36.95131301879883,39.0,39.0
Mbalmayo,BIO_FP_FH__L2A_20251124T050104_20251206T050132_T_G01_M01_C___T004_F004,2025-11-24,38,3,11.432659149169922,3.4169163703918457,20.691627502441406,1.0,2209,0.0,17.76130938065867,17.089224,30.087482,31.538172,34.03388,35.85272,26.389729,1.0,35.37043239305115,35.0,36.0,37.0,37.01898681640625,38.0
Mbalmayo,BIO_FP_FH__L2A_20251124T050104_20251206T050132_T_G01_M01_C___T004_F004,2025-11-24,38,4,11.433492660522461,3.4169163703918457,18.323427200317383,1.0,2209,0.0,18.99002659574468,18.03535,30.101467,33.37839,35.61774,36.822147,27.094786,1.0,34.84480923211861,35.0,36.14567565917969,37.0,37.0,37.0
Mbalmayo,BIO_FP_FH__L2A_20251124T050104_20251206T050132_T_G01_M01_C___T004_F004,2025-11-24,38,5,11.434326171875,3.4169163703918457,15.870026588439941,1.0,2209,0.08139999955892563,16.1265464081598,14.927141,25.523403,29.740398,33.418724,36.58282,24.409067,1.0,34.897905231439566,35.0,36.0,36.0,37.0,37.709717
Mbalmayo,BIO_FP_FH__L2A_20251124T050104_20251206T050132_T_G01_M01_C___T004_F004,2025-11-24,38,9,11.437660217285156,3.4169163703918457,17.36382293701172,1.0,2209,1.5460000038146973,5.588061269239475,4.0153313,13.146757,18.286438,25.91328,33.586033,10.062728,1.0,19.92054344443187,19.091711044311523,25.0,27.0,28.0,28.0
Mbalmayo,BIO_FP_FH__L2A_20251124T050104_20251206T050132_T_G01_M01_C___T004_F004,2025-11-24,38,10,11.438493728637695,3.4169163703918457,17.46282196044922,1.0,2209,0.21780000627040863,13.036807874038026,12.314363,23.054914,25.835686,28.402088,38.30222,18.749886,1.0,26.55559642372114,27.0,28.0,29.0,29.0,29.0
Mbalmayo,BIO_FP_FH__L2A_20251124T050104_20251206T050132_T_G01_M01_C___T004_F004,2025-11-24,38,11,11.439327239990234,3.4169163703918457,16.517621994018555,1.0,2209,0.0,15.309302851969218,15.19022,24.716627,27.490995,29.514973,31.542425,20.625603,1.0,29.374722371548213,29.0,31.0,31.0,32.0,32.0
Mbalmayo,BIO_FP_FH__L2A_20251124T050104_20251206T050132_T_G01_M01_C___T004_F004,2025-11-24,38,12,11.440160751342773,3.4169163703918457,16.42662239074707,1.0,2209,0.0,16.524887533952015,15.537484,23.901299,29.423582,35.28122,38.3681,21.49779,1.0,29.381915954617472,29.0,32.0,33.0,34.0,34.55997
Mbalmayo,BIO_FP_FH__L2A_20251124T050104_20251206T050132_T_G01_M01_C___T004_F004,2025-11-24,38,13,11.440994262695312,3.4169163703918457,17.19282341003418,1.0,2209,0.0,11.763064452240833,9.019545,23.814672,28.727535,34.943615,38.487328,19.732187,1.0,34.59938568073789,35.0,36.0,37.0,37.0,37.0
Mbalmayo,BIO_FP_FH__L2A_20251124T050104_20251206T050132_T_G01_M01_C___T004_F004,2025-11-24,38,14,11.441827774047852,3.4169163703918457,19.621122360229492,0.9781163130587935,2179,0.0,14.005321320456734,12.123348,28.376083,31.567345,34.821648,37.225414,24.870785,1.0,33.51185668005885,34.0,35.0,35.0,36.0,36.0
Mbalmayo,BIO_FP_FH__L2A_20251124T050104_20251206T050132_T_G01_M01_C___T004_F004,2025-11-24,38,18,11.445161819458008,3.4169163703918457,14.677922248840332,1.0,2209,1.9063999652862549,11.927305553983704,9.184829,24.750984,28.363396,35.017624,37.25039,21.482853,1.0,32.55280422419647,33.0,33.0,33.78512268066406,34.0,34.0
Mbalmayo,BIO_FP_FH__L2A_20251124T050104_20251206T050132_T_G01_M01_C___T004_F004,2025-11-24,38,19,11.445995330810547,3.4169163703918457,19.349123001098633,1.0,2209,0.2786000072956085,13.738267103327297,11.4682455,26.030422,29.940527,36.608215,40.04808,20.922552,1.0,32.805325868605706,33.0,34.0,34.0,34.0,34.0
Mbalmayo,BIO_FP_FH__L2A_20251124T050104_20251206T050132_T_G01_M01_C___T004_F004,2025-11-24,38,20,11.446828842163086,3.4169163703918457,20.217721939086914,1.0,2209,0.0,17.626377532254413,16.23935,30.903046,32.333435,36.466015,40.635452,26.577757,1.0,31.963644819488458,32.0,33.0,33.92270278930664,34.0,34.0
Mbalmayo,BIO_FP_FH__L2A_20251124T050104_20251206T050132_T_G01_M01_C___T004_F004,2025-11-24,38,21,11.447662353515625,3.4169163703918457,20.257522583007812,1.0,2209,0.0,6.832660776935265,3.0421247,25.03728,28.734957,30.992262,32.406334,18.820213,1.0,29.831735938207334,30.0,32.0,33.0,35.0,35.0
Mbalmayo,BIO_FP_FH__L2A_20251124T050104_20251206T050132_T_G01_M01_C___T004_F004,2025-11-24,38,22,11.448495864868164,3.4169163703918457,20.192045211791992,1.0,2209,0.0,17.873938115380263,17.6596,32.72197,37.253498,47.633778,50.02332,28.932245,1.0,31.747731227365325,31.514673233032227,35.0,35.92270278930664,37.0,37.0
Mbalmayo,BIO_FP_FH__L2A_20251124T050104_20251206T050132_T_G01_M01_C___T004_F004,2025-11-24,38,23,11.449329376220703,3.4169163703918457,19.731645584106445,1.0,2209,0.0,17.94533990917836,18.131102,31.735952,33.738144,35.574585,39.222794,26.663794,1.0,31.495230802965143,32.0,34.0,34.0,35.0,36.0
Mbalmayo,BIO_FP_FH__L2A_20251124T050104_20251206T050132_T_G01_M01_C___T004_F004,2025-11-24,38,24,11.450162887573242,3.4169163703918457,19.638845443725586,1.0,2209,0.0,17.77133318243549,18.71991,28.631199,31.914398,35.01007,38.02105,24.8008,1.0,31.586826972046175,31.0,33.0,34.0,34.0,34.900444
Mbalmayo,BIO_FP_FH__L2A_20251124T050104_20251206T050132_T_G01_M01_C___T004_F004,2025-11-24,38,25,11.450996398925781,3.4169163703918457,20.680845260620117,1.0,2209,0.0,20.871080487494343,20.312391,37.501057,39.850952,43.719067,47.680534,35.58003,1.0,36.125111405047534,37.0,38.0,38.0,38.0,38.0
Mbalmayo,BIO_FP_FH__L2A_20251124T050104_20251206T050132_T_G01_M01_C___T004_F004,2025-11-24,38,26,11.45182991027832,3.4169163703918457,21.219844818115234,1.0,2209,0.0,23.815312535366683,26.864162,34.987614,36.4313,38.36299,41.621304,33.67748,1.0,38.44540975837483,38.255924224853516,40.0,40.0,40.0,40.0
Mbalmayo,BIO_FP_FH__L2A_20251124T050104_20251206T050132_T_G01_M01_C___T004_F004,2025-11-24,38,27,11.45266342163086,3.4169163703918457,21.75264549255371,0.9127683557499151,2043,0.0,19.367042845822446,20.99166,30.208076,31.580212,33.62585,35.570194,28.009512,0.9314961189487607,35.53780865071833,36.0,38.0,38.708648681640625,39.0,39.0
Mbalmayo,BIO_FP_FH__L2A_20251124T050104_20251206T050132_T_G01_M01_C___T004_F004,2025-11-24,38,29,11.454330444335938,3.4169163703918457,24.087444305419922,0.9940185546875,2202,0.0,13.436680361623353,13.576033,26.418869,30.982471,36.433,38.339,22.235304,1.0,34.18021446355817,34.0,37.73764419555664,38.0,38.0,38.0
Mbalmayo,BIO_FP_FH__L2A_20251124T050104_20251206T050132_T_G01_M01_C___T004_F004,2025-11-24,38,30,11.455163955688477,3.4169163703918457,26.407258987426758,1.0,2209,0.0,23.213084257582615,24.047556,31.000072,32.801346,36.110973,38.215134,29.927132,1.0,38.704948152444544,39.0,40.0,40.0,40.0,40.0
Mbalmayo,BIO_FP_FH__L2A_20251124T050104_20251206T050132_T_G01_M01_C___T004_F004,2025-11-24,38,31,11.455997467041016,3.4169163703918457,28.571659088134766,1.0,2209,0.0,22.36357744595971,21.739563,36.283,38.142403,40.76303,42.38127,34.668667,1.0,39.35813893447261,39.0,40.0,40.0,40.0,40.0
Mbalmayo,BIO_FP_FH__L2A_20251124T050104_20251206T050132_T_G01_M01_C___T004_F004,2025-11-24,38,38,11.461832046508789,3.4169163703918457,30.011695861816406,0.9981265052943923,2208,1.2905999422073364,15.327722249058462,13.566048,28.131117,32.336254,37.198418,44.777885,24.301373,1.0,38.2583642202354,38.0,41.0,41.0,41.0,41.0
Mbalmayo,BIO_FP_FH__L2A_20251124T050104_20251206T050132_T_G01_M01_C___T004_F004,2025-11-24,39,3,11.432659149169922,3.4160828590393066,20.63557243347168,1.0,2209,0.0,18.49818480505885,17.875668,28.94461,33.7943,37.6802,46.55332,25.667986,1.0,35.15586450316886,35.0,36.0,37.0,37.0,37.0
Mbalmayo,BIO_FP_FH__L2A_20251124T050104_20251206T050132_T_G01_M01_C___T004_F004,2025-11-24,39,4,11.433492660522461,3.4160828590393066,18.595373153686523,1.0,2209,0.0,15.642591387505659,14.781421,24.129372,28.227047,36.209972,38.439247,21.708916,1.0,33.8664041279991,34.0,35.0,35.0,36.0,36.0
Mbalmayo,BIO_FP_FH__L2A_20251124T050104_20251206T050132_T_G01_M01_C___T004_F004,2025-11-24,39,10,11.438493728637695,3.4160828590393066,13.415074348449707,1.0,2209,0.6413999795913696,15.61751994680851,13.942603,29.375946,35.12152,39.781647,43.2848,23.874004,1.0,28.245572091444092,28.931621551513672,31.0,31.0,31.0,31.0
Mbalmayo,BIO_FP_FH__L2A_20251124T050104_20251206T050132_T_G01_M01_C___T004_F004,2025-11-24,39,11,11.439327239990234,3.4160828590393066,14.408675193786621,1.0,2209,0.0,15.215913592123133,13.63072,30.91831,35.714848,41.353622,44.134327,21.86743,1.0,31.306942125961974,31.0,32.0,34.0,34.0,34.0
Mbalmayo,BIO_FP_FH__L2A_20251124T050104_20251206T050132_T_G01_M01_C___T004_F004,2025-11-24,39,12,11.440160751342773,3.4160828590393066,15.211874961853027,1.0,2209,0.0,13.007481821525577,11.585551,23.664759,29.39667,35.78612,37.903107,20.25138,1.0,32.8867912516976,33.0,34.0,35.0,35.0,35.0
Mbalmayo,BIO_FP_FH__L2A_20251124T050104_20251206T050132_T_G01_M01_C___T004_F004,2025-11-24,39,13,11.440994262695312,3.4160828590393066,16.487674713134766,1.0,2209,0.0,11.54747623358986,9.299906,26.500881,30.412636,37.04358,38.49374,20.423635,1.0,33.03213063037573,34.0,35.0,35.0,36.0,36.0
Mbalmayo,BIO_FP_FH__L2A_20251124T050104_20251206T050132_T_G01_M01_C___T004_F004,2025-11-24,39,19,11.445995330810547,3.4160828590393066,19.044029235839844,1.0,2209,0.5152000188827515,20.997659609834766,20.327248,36.44573,38.652897,40.9814,42.270565,31.871258,1.0,34.68694651143051,35.0,35.0,36.0,36.0,36.0
Mbalmayo,BIO_FP_FH__L2A_20251124T050104_20251206T050132_T_G01_M01_C___T004_F004,2025-11-24,39,20,11.446828842163086,3.4160828590393066,19.593029022216797,1.0,2209,0.0,24.507850519182888,26.289997,32.07831,33.287483,35.011257,38.651875,29.153769,1.0,34.719531603666816,35.0,36.0,36.0,36.0,36.0
Mbalmayo,BIO_FP_FH__L2A_20251124T050104_20251206T050132_T_G01_M01_C___T004_F004,2025-11-24,39,21,11.447662353515625,3.4160828590393066,19.660429000854492,1.0,2209,0.0,23.948799654821187,26.45473,32.612694,33.889366,37.138725,40.635216,29.938292,1.0,34.33098439622001,34.0,36.0,36.0,36.0,36.0
Mbalmayo,BIO_FP_FH__L2A_20251124T050104_20251206T050132_T_G01_M01_C___T004_F004,2025-11-24,39,22,11.448495864868164,3.4160828590393066,19.634662628173828,1.0,2209,0.0,21.160842363626074,24.38932,32.92955,34.855938,40.6507,43.641388,28.746675,1.0,36.629813405387054,36.0,38.0,38.0,39.0,39.0
Mbalmayo,BIO_FP_FH__L2A_20251124T050104_20251206T050132_T_G01_M01_C___T004_F004,2025-11-24,39,23,11.449329376220703,3.4160828590393066,19.501663208007812,1.0,2209,0.0,19.74309819205523,22.142185,34.79196,35.689137,37.451942,42.056694,29.495731,1.0,33.80187408046628,34.0,36.0,37.0,37.0,37.0
Mbalmayo,BIO_FP_FH__L2A_20251124T050104_20251206T050132_T_G01_M01_C___T004_F004,2025-11-24,39,24,11.450162887573242,3.4160828590393066,19.21706199645996,1.0,2209,0.0,8.16412792836125,2.7238295,27.53821,30.555937,35.519085,43.174393,15.815907,1.0,29.58747241398823,30.0,31.0,31.0,32.0,32.0
Mbalmayo,BIO_FP_FH__L2A_20251124T050104_20251206T050132_T_G01_M01_C___T004_F004,2025-11-24,39,25,11.450996398925781,3.4160828590393066,19.822662353515625,1.0,2209,0.0,10.307308171118153,5.634868,28.156952,31.25107,36.418167,40.843403,20.201824,1.0,33.480300758261656,34.0,36.0,37.0,37.0,37.0
Mbalmayo,BIO_FP_FH__L2A_20251124T050104_20251206T050132_T_G01_M01_C___T004_F004,2025-11-24,39,26,11.45182991027832,3.4160828590393066,19.571863174438477,1.0,2209,0.0,27.53062666223404,29.907612,39.249996,41.230217,44.268734,45.75492,38.399197,1.0,35.42110223800362,35.46636962890625,36.41550064086914,37.0,38.0,38.0
Mbalmayo,BIO_FP_FH__L2A_20251124T050104_20251206T050132_T_G01_M01_C___T004_F004,2025-11-24,39,27,11.45266342163086,3.4160828590393066,19.552263259887695,1.0,2209,0.0,16.16352227393617,17.074509,29.506418,32.12733,35.554863,39.619396,26.932802,1.0,31.512275775237665,32.0,35.0672607421875,36.0,38.0,38.0
Mbalmayo,BIO_FP_FH__L2A_20251124T050104_20251206T050132_T_G01_M01_C___T004_F004,2025-11-24,39,30,11.455163955688477,3.4160828590393066,26.50762176513672,1.0,2209,0.0,20.03472035564735,21.08833,31.504213,34.19263,36.688553,37.84501,29.885502,1.0,37.85396920269353,38.0,39.0,39.0,40.0,40.0
Mbalmayo,BIO_FP_FH__L2A_20251124T050104_20251206T050132_T_G01_M01_C___T004_F004,2025-11-24,39,31,11.455997467041016,3.4160828590393066,28.308422088623047,1.0,2209,0.0,19.427959837596198,19.53206,34.55391,36.793827,40.447903,43.995144,31.589975,1.0,39.921399318130376,40.0,41.0,42.0,42.0,42.0
Mbalmayo,BIO_FP_FH__L2A_20251124T050104_20251206T050132_T_G01_M01_C___T004_F004,2025-11-24,39,32,11.456830978393555,3.4160828590393066,29.321022033691406,1.0,2209,0.3224000036716461,29.70593488286555,30.782082,39.42616,41.400894,43.176167,47.243767,37.838455,1.0,39.25976120416478,39.0,40.0,40.0,40.0,40.0
Mbalmayo,BIO_FP_FH__L2A_20251124T050104_20251206T050132_T_G01_M01_C___T004_F004,2025-11-24,39,38,11.461832046508789,3.4160828590393066,30.21550941467285,1.0,2209,1.3794000148773193,19.012118393503847,18.538963,31.596445,34.349667,39.954494,42.64625,28.702734,1.0,36.28294583239022,36.08195114135742,38.0,38.0,38.06656265258789,39.0
Mbalmayo,BIO_FP_FH__L2A_20251124T050104_20251206T050132_T_G01_M01_C___T004_F004,2025-11-24,39,46,11.468500137329102,3.4160828590393066,19.772720336914062,1.0,2209,0.7289999723434448,18.300400174004075,17.911575,24.773746,26.928358,29.499546,31.25026,22.654917,1.0,26.48086662516976,26.0,29.0,29.27127456665039,31.0,31.0
Mbalmayo,BIO_FP_FH__L2A_20251124T050104_20251206T050132_T_G01_M01_C___T004_F004,2025-11-24,40,3,11.432659149169922,3.4152493476867676,20.781972885131836,1.0,2209,0.0,15.742434182605251,13.583744,29.958876,35.292656,39.191673,41.77861,25.788256,1.0,28.285096126641015,28.0,33.0,34.0,35.0,36.0
Mbalmayo,BIO_FP_FH__L2A_20251124T050104_20251206T050132_T_G01_M01_C___T004_F004,2025-11-24,40,10,11.438493728637695,3.4152493476867676,13.349874496459961,1.0,2209,0.8978000283241272,9.706638679832503,7.162753,19.86774,27.461733,43.73893,47.463436,15.919981,1.0,28.98439798834314,29.0,31.0,31.0,32.0,32.0
Mbalmayo,BIO_FP_FH__L2A_20251124T050104_20251206T050132_T_G01_M01_C___T004_F004,2025-11-24,40,11,11.439327239990234,3.4152493476867676,14.511674880981445,1.0,2209,0.0,14.77675135808058,11.506654,35.027313,38.681408,41.64411,46.934963,24.046808,1.0,31.27793614191942,31.0,32.0,32.0,33.30984115600586,34.539894
Mbalmayo,BIO_FP_FH__L2A_20251124T050104_20251206T050132_T_G01_M01_C___T004_F004,2025-11-24,40,12,11.440160751342773,3.4152493476867676,15.084474563598633,1.0,2209,0.0,15.43612777274785,14.296465,29.807465,35.774773,39.54426,41.59949,26.4783,1.0,34.01730314904934,34.0,35.0,36.0,36.0,36.0
Mbalmayo,BIO_FP_FH__L2A_20251124T050104_20251206T050132_T_G01_M01_C___T004_F004,2025-11-24,40,13,11.440994262695312,3.4152493476867676,15.31767463684082,1.0,2209,0.8190000057220459,5.979708366342236,1.5011832,19.370028,28.962048,32.400425,36.25216,13.578661,1.0,30.691866016862832,31.0,35.0,35.0,35.0,35.0
Mbalmayo,BIO_FP_FH__L2A_20251124T050104_20251206T050132_T_G01_M01_C___T004_F004,2025-11-24,40,18,11.445161819458008,3.4152493476867676,17.87162971496582,1.0,2209,1.5058000087738037,8.977688044646898,3.8167245,26.143417,30.024279,34.888138,37.735725,20.384073,1.0,31.478005460615663,32.523590087890625,35.0,35.0,35.0,35.0
Mbalmayo,BIO_FP_FH__L2A_20251124T050104_20251206T050132_T_G01_M01_C___T004_F004,2025-11-24,40,19,11.445995330810547,3.4152493476867676,20.759429931640625,1.0,2209,0.696399986743927,12.643779708012675,5.824998,33.372776,35.526203,38.96289,40.546658,28.291222,1.0,30.778077608646445,31.0,34.0,34.42660140991211,35.0,36.0
Mbalmayo,BIO_FP_FH__L2A_20251124T050104_20251206T050132_T_G01_M01_C___T004_F004,2025-11-24,40,20,11.446828842163086,3.4152493476867676,21.728029251098633,1.0,2209,0.0,25.970742912516975,28.499386,34.81095,36.0696,37.665707,38.874973,31.8611,1.0,33.33241851516523,34.0,35.0,35.0,36.0,36.0
Mbalmayo,BIO_FP_FH__L2A_20251124T050104_20251206T050132_T_G01_M01_C___T004_F004,2025-11-24,40,21,11.447662353515625,3.4152493476867676,19.97702980041504,1.0,2209,0.0,24.956836733250338,27.970125,33.041348,34.101963,37.892117,40.885445,30.123318,1.0,34.51759669250792,34.680423736572266,35.0,36.0,36.0,36.0
Mbalmayo,BIO_FP_FH__L2A_20251124T050104_20251206T050132_T_G01_M01_C___T004_F004,2025-11-24,40,22,11.448495864868164,3.4152493476867676,19.104862213134766,1.0,2209,0.0,28.571249717066546,31.284742,37.38581,38.840607,40.638306,43.88457,35.036964,1.0,35.128648073223175,35.0,36.074344635009766,37.0,38.42660140991211,39.0
Mbalmayo,BIO_FP_FH__L2A_20251124T050104_20251206T050132_T_G01_M01_C___T004_F004,2025-11-24,40,23,11.449329376220703,3.4152493476867676,19.293663024902344,1.0,2209,0.0,20.618448322204618,22.508652,31.983469,33.969067,37.33816,39.242344,28.423124,1.0,34.58195344330014,35.0,36.0,36.0,36.0,36.0
Mbalmayo,BIO_FP_FH__L2A_20251124T050104_20251206T050132_T_G01_M01_C___T004_F004,2025-11-24,40,24,11.450162887573242,3.4152493476867676,19.5484619140625,1.0,2209,0.0,12.699300977535083,11.159172,27.666807,29.68814,33.404865,36.741924,23.443027,1.0,29.862515561339972,29.0,33.0,33.0,34.617183685302734,35.0
Mbalmayo,BIO_FP_FH__L2A_20251124T050104_20251206T050132_T_G01_M01_C___T004_F004,2025-11-24,40,25,11.450996398925781,3.4152493476867676,19.450462341308594,1.0,2209,0.0,12.500032714180625,10.5041065,26.701315,30.421057,33.20919,34.179325,24.036253,1.0,29.65379732062019,29.0,32.853206634521484,33.1255989074707,35.0,35.0
Mbalmayo,BIO_FP_FH__L2A_20251124T050104_20251206T050132_T_G01_M01_C___T004_F004,2025-11-24,40,26,11.45182991027832,3.4152493476867676,19.68806266784668,1.0,2209,0.0,19.97897450769579,18.437334,33.306774,36.681973,41.566113,42.821323,32.406235,1.0,31.926076561792666,32.0,33.42660140991211,34.0,34.0,34.0
Mbalmayo,BIO_FP_FH__L2A_20251124T050104_20251206T050132_T_G01_M01_C___T004_F004,2025-11-24,40,27,11.45266342163086,3.4152493476867676,17.483062744140625,1.0,2209,0.0,16.97073053417836,19.429201,35.820835,37.677765,39.93703,41.927242,34.81081,1.0,26.68884216557266,26.0,31.0,32.0,32.0,32.0
Mbalmayo,BIO_FP_FH__L2A_20251124T050104_20251206T050132_T_G01_M01_C___T004_F004,2025-11-24,40,30,11.455163955688477,3.4152493476867676,26.33582305908203,1.0,2209,0.0,23.764678941263014,25.63038,31.510187,33.034466,34.914898,35.937363,31.11961,1.0,36.556151680624716,37.0,38.0,38.51331329345703,39.0,39.0
Mbalmayo,BIO_FP_FH__L2A_20251124T050104_20251206T050132_T_G01_M01_C___T004_F004,2025-11-24,40,31,11.455997467041016,3.4152493476867676,27.453022003173828,1.0,2209,0.0,23.132768291647803,24.493341,31.454535,34.369167,37.745037,39.560246,30.243603,1.0,38.89714838444998,39.0,40.0,40.0,41.0,42.0
Mbalmayo,BIO_FP_FH__L2A_20251124T050104_20251206T050132_T_G01_M01_C___T004_F004,2025-11-24,40,32,11.456830978393555,3.4152493476867676,28.5228214263916,1.0,2209,0.22599999606609344,24.78795729119511,24.978107,35.141785,36.685555,39.6062,41.16572,33.851013,1.0,39.64240394409235,40.0,41.0,41.0,41.0,41.0
Mbalmayo,BIO_FP_FH__L2A_20251124T050104_20251206T050132_T_G01_M01_C___T004_F004,2025-11-24,40,33,11.457664489746094,3.4152493476867676,29.624221801757812,1.0,2209,0.6531999707221985,31.591184147238568,32.748737,37.717518,38.628838,40.2065,41.42476,36.927475,1.0,38.970168203938435,39.0,40.0,40.0,40.0,40.0
Mbalmayo,BIO_FP_FH__L2A_20251124T050104_20251206T050132_T_G01_M01_C___T004_F004,2025-11-24,40,34,11.458498001098633,3.4152493476867676,30.37522315979004,1.0,2209,0.9441999793052673,29.90799799824581,30.98222,36.555668,37.48672,38.925335,40.689816,35.742256,1.0,37.707271743435946,38.0,39.0,39.0,39.0,39.0
Mbalmayo,BIO_FP_FH__L2A_20251124T050104_20251206T050132_T_G01_M01_C___T004_F004,2025-11-24,40,35,11.459331512451172,3.4152493476867676,27.249221801757812,1.0,2209,1.0748000144958496,17.199161279142146,17.378523,30.522112,32.13038,34.27658,36.14956,28.674381,1.0,34.193222329108195,34.0,36.0,37.0,37.69817352294922,38.0
Mbalmayo,BIO_FP_FH__L2A_20251124T050104_20251206T050132_T_G01_M01_C___T004_F004,2025-11-24,40,36,11.460165023803711,3.4152493476867676,21.15422248840332,1.0,2209,1.9573999643325806,14.090576724479403,13.9139595,26.314753,28.147491,30.70143,32.33841,24.523924,1.0,34.78743209597103,35.0,36.92158508300781,37.0,37.0,37.0
Mbalmayo,BIO_FP_FH__L2A_20251124T050104_20251206T050132_T_G01_M01_C___T004_F004,2025-11-24,40,37,11.46099853515625,3.4152493476867676,24.88142204284668,1.0,2209,1.2086000442504883,15.765027303078316,13.061964,31.733377,36.081486,44.16446,46.544186,24.55,1.0,35.341921542553195,35.0,36.185799407958996,37.0,38.0,38.0
Mbalmayo,BIO_FP_FH__L2A_20251124T050104_20251206T050132_T_G01_M01_C___T004_F004,2025-11-24,40,44,11.466833114624023,3.4152493476867676,24.16870880126953,1.0,2209,0.0,18.52696355817112,18.936031,26.109486,29.538641,33.470745,35.272827,24.267,1.0,30.542233123019464,30.10280990600586,33.0,33.0,33.60783004760742,34.0
Mbalmayo,BIO_FP_FH__L2A_20251124T050104_20251206T050132_T_G01_M01_C___T004_F004,2025-11-24,40,45,11.467666625976562,3.4152493476867676,20.77570915222168,1.0,2209,0.0,18.32231513835446,18.352442,25.016768,27.665312,30.38367,33.58078,23.161665,1.0,26.96081548494794,27.0,28.58353614807129,29.0,29.0,29.0
Mbalmayo,BIO_FP_FH__L2A_20251124T050104_20251206T050132_T_G01_M01_C___T004_F004,2025-11-24,40,46,11.468500137329102,3.4152493476867676,19.162120819091797,1.0,2209,0.0,16.34241137109552,16.134457,24.278568,26.424484,28.571186,32.643414,22.428978,1.0,25.249161809642374,25.0,28.0,28.0,28.0,28.0
Mbalmayo,BIO_FP_FH__L2A_20251124T050104_20251206T050132_T_G01_M01_C___T004_F004,2025-11-24,41,3,11.432659149169922,3.4144158363342285,19.19337272644043,1.0,2209,0.0,10.668949291251698,10.301646,16.25403,18.64043,23.153282,32.145397,14.793762,1.0,23.03474245982345,23.380924224853516,25.0,26.0,26.0,26.0
Mbalmayo,BIO_FP_FH__L2A_20251124T050104_20251206T050132_T_G01_M01_C___T004_F004,2025-11-24,41,4,11.433492660522461,3.4144158363342285,19.64457130432129,1.0,2209,0.0,15.0730207036555,14.616414,22.782135,24.680578,27.696337,33.559498,21.599518,1.0,26.44395618775464,26.203330993652344,28.0,28.41656494140625,29.0,30.0
Mbalmayo,BIO_FP_FH__L2A_20251124T050104_20251206T050132_T_G01_M01_C___T004_F004,2025-11-24,41,5,11.434326171875,3.4144158363342285,18.859771728515625,1.0,2209,0.0,15.632120197204618,15.4371195,22.730267,24.266327,26.295008,28.098944,21.105694,1.0,27.552029693866004,27.20469856262207,29.0,30.0,30.0,30.0
Mbalmayo,BIO_FP_FH__L2A_20251124T050104_20251206T050132_T_G01_M01_C___T004_F004,2025-11-24,41,18,11.445161819458008,3.4144158363342285,22.713430404663086,1.0,2209,0.9125999808311462,2.779525874264373,1.8734912,5.5276184,10.985098,15.561831,18.254305,4.394238,1.0,23.161231397125395,23.0,26.0,29.0,30.0,31.0
Mbalmayo,BIO_FP_FH__L2A_20251124T050104_20251206T050132_T_G01_M01_C___T004_F004,2025-11-24,41,20,11.446828842163086,3.4144158363342285,21.64603042602539,1.0,2209,0.0,18.341019692168402,19.836111,32.639225,34.02591,37.91204,39.66346,29.417192,1.0,28.940341712879132,29.0,31.0,31.41656494140625,32.0,32.0
Mbalmayo,BIO_FP_FH__L2A_20251124T050104_20251206T050132_T_G01_M01_C___T004_F004,2025-11-24,41,21,11.447662353515625,3.4144158363342285,18.785829544067383,1.0,2209,0.0,13.54800761798325,12.506492,24.812494,31.303398,38.72716,40.619884,20.25525,1.0,32.52579822600724,32.629112243652344,34.0,34.905498504638665,35.0,36.0
Mbalmayo,BIO_FP_FH__L2A_20251124T050104_20251206T050132_T_G01_M01_C___T004_F004,2025-11-24,41,22,11.448495864868164,3.4144158363342285,20.811262130737305,1.0,2209,0.0,24.88045531066093,26.591948,36.13243,37.93985,40.792,42.000156,33.19283,1.0,35.42145590482119,36.0,36.0,36.0,37.0,37.0
Mbalmayo,BIO_FP_FH__L2A_20251124T050104_20251206T050132_T_G01_M01_C___T004_F004,2025-11-24,41,23,11.449329376220703,3.4144158363342285,21.203262329101562,1.0,2209,0.0,25.773576314225895,27.101189,34.070213,35.86305,39.80191,42.194622,30.680462,1.0,35.35869419137619,35.0,36.0,36.0,37.0,37.0
Mbalmayo,BIO_FP_FH__L2A_20251124T050104_20251206T050132_T_G01_M01_C___T004_F004,2025-11-24,41,24,11.450162887573242,3.4144158363342285,20.432462692260742,1.0,2209,0.0,23.74658623104346,25.959196,32.933846,34.700848,37.607136,38.867867,30.650484,1.0,32.8765826590086,33.0,35.0,35.808589935302734,36.0,36.0
Mbalmayo,BIO_FP_FH__L2A_20251124T050104_20251206T050132_T_G01_M01_C___T004_F004,2025-11-24,41,25,11.450996398925781,3.4144158363342285,20.07166290283203,1.0,2209,0.0,19.59098609382073,20.487488,32.723045,35.169456,37.745018,41.545757,28.513353,1.0,29.423991695903123,29.0,31.0,31.0,32.0,32.0
Mbalmayo,BIO_FP_FH__L2A_20251124T050104_20251206T050132_T_G01_M01_C___T004_F004,2025-11-24,41,26,11.45182991027832,3.4144158363342285,18.132661819458008,1.0,2209,0.0,19.743888637392484,20.556477,29.608452,33.538383,36.374638,38.007847,26.693275,1.0,30.49594520993662,30.0,32.0,32.0,32.0,32.0
Mbalmayo,BIO_FP_FH__L2A_20251124T050104_20251206T050132_T_G01_M01_C___T004_F004,2025-11-24,41,27,11.45266342163086,3.4144158363342285,15.85726261138916,1.0,2209,0.0,19.089993174230422,19.88477,35.871773,37.79597,39.940376,42.47684,34.525593,1.0,27.96455904821186,29.0,31.0,31.0,31.0,31.0
Mbalmayo,BIO_FP_FH__L2A_20251124T050104_20251206T050132_T_G01_M01_C___T004_F004,2025-11-24,41,31,11.455997467041016,3.4144158363342285,28.692821502685547,1.0,2209,0.0,25.276752242247625,26.17806,31.178055,32.45088,35.59193,38.449085,30.393122,1.0,38.34320004809869,38.0,39.0,39.0,40.0,40.0
Mbalmayo,BIO_FP_FH__L2A_20251124T050104_20251206T050132_T_G01_M01_C___T004_F004,2025-11-24,41,32,11.456830978393555,3.4144158363342285,29.736421585083008,1.0,2209,0.14560000598430634,23.518342929492984,24.513428,35.554115,36.74975,39.56651,42.47984,34.526222,1.0,38.7547196836804,39.0,40.0,40.0,40.0,40.0
Mbalmayo,BIO_FP_FH__L2A_20251124T050104_20251206T050132_T_G01_M01_C___T004_F004,2025-11-24,41,33,11.457664489746094,3.4144158363342285,29.61062240600586,1.0,2209,0.5672000050544739,28.93724889655953,31.374964,36.7824,37.791645,39.852367,42.09338,35.874165,1.0,38.818455749207786,39.0,40.0,40.0,40.0,40.0
Mbalmayo,BIO_FP_FH__L2A_20251124T050104_20251206T050132_T_G01_M01_C___T004_F004,2025-11-24,41,34,11.458498001098633,3.4144158363342285,30.469022750854492,1.0,2209,0.9932000041007996,30.649232366172477,32.005024,36.739998,37.68903,39.095917,40.411636,35.889275,1.0,36.44391551607062,36.7075309753418,38.0,39.0,39.0,39.0
Mbalmayo,BIO_FP_FH__L2A_20251124T050104_20251206T050132_T_G01_M01_C___T004_F004,2025-11-24,41,35,11.459331512451172,3.4144158363342285,29.523422241210938,1.0,2209,0.6254000067710876,22.40667705268221,23.150587,31.541967,33.506737,39.619015,41.47343,30.579407,1.0,31.516109523540063,31.0,34.0,34.69817352294922,36.0,36.0
Mbalmayo,BIO_FP_FH__L2A_20251124T050104_20251206T050132_T_G01_M01_C___T004_F004,2025-11-24,41,36,11.460165023803711,3.4144158363342285,28.49342155456543,1.0,2209,0.22499999403953552,9.133360683567226,6.10427,23.702198,28.837938,35.44695,37.169853,18.74087,1.0,32.65655061679493,32.0,36.0,36.0,37.0,37.0
Mbalmayo,BIO_FP_FH__L2A_20251124T050104_20251206T050132_T_G01_M01_C___T004_F004,2025-11-24,41,44,11.466833114624023,3.4144158363342285,21.636308670043945,1.0,2209,0.0,21.675722894975102,22.017036,31.616148,33.246555,35.521175,39.22494,29.137308,1.0,33.14162587709371,34.0,35.0,35.0,35.0,35.0
Mbalmayo,BIO_FP_FH__L2A_20251124T050104_20251206T050132_T_G01_M01_C___T004_F004,2025-11-24,41,45,11.467666625976562,3.4144158363342285,19.587509155273438,1.0,2209,0.0,19.128581760694885,19.358543,24.96311,27.236446,32.41852,38.45291,23.381771,1.0,31.026535621321866,31.0,34.0,34.393775939941406,35.0,35.0
Mbalmayo,BIO_FP_FH__L2A_20251124T050104_20251206T050132_T_G01_M01_C___T004_F004,2025-11-24,41,46,11.468500137329102,3.4144158363342285,18.25152015686035,1.0,2209,0.0,19.999257299683116,19.41353,30.754827,34.65637,38.189117,39.59812,26.279966,1.0,30.40064614927569,31.0,32.7075309753418,33.0,33.2924690246582,34.0
Mbalmayo,BIO_FP_FH__L2A_20251124T050104_20251206T050132_T_G01_M01_C___T004_F004,2025-11-24,42,3,11.432659149169922,3.4135823249816895,18.304771423339844,1.0,2209,0.0,14.254198909291535,13.539372,21.159208,24.285742,27.30192,32.1027,19.954435,1.0,26.874320959710275,27.0,29.0,29.0,30.0,31.0
Mbalmayo,BIO_FP_FH__L2A_20251124T050104_20251206T050132_T_G01_M01_C___T004_F004,2025-11-24,42,4,11.433492660522461,3.4135823249816895,19.5711727142334,1.0,2209,0.0,17.624088423777728,17.2387,27.598139,29.06137,31.857723,33.646965,24.833532,1.0,28.527463996717973,29.0,31.097671508789062,32.0,32.0,32.0
Mbalmayo,BIO_FP_FH__L2A_20251124T050104_20251206T050132_T_G01_M01_C___T004_F004,2025-11-24,42,5,11.434326171875,3.4135823249816895,19.609172821044922,1.0,2209,0.0,17.585621852365325,17.433044,26.647089,29.662624,32.111217,33.147602,24.346724,1.0,30.651691234721593,31.0,32.0,32.0,33.0,33.0
Mbalmayo,BIO_FP_FH__L2A_20251124T050104_20251206T050132_T_G01_M01_C___T004_F004,2025-11-24,42,6,11.435159683227539,3.4135823249816895,19.647075653076172,1.0,2209,0.0,16.163950210785423,15.297861,25.920057,28.626818,32.89777,35.540745,23.652536,1.0,30.7427250735627,31.0,33.0,33.0,33.0,33.0
Mbalmayo,BIO_FP_FH__L2A_20251124T050104_20251206T050132_T_G01_M01_C___T004_F004,2025-11-24,42,7,11.435993194580078,3.4135823249816895,18.646875381469727,1.0,2209,0.0,13.294448845631507,12.216491,24.95452,30.271587,35.447857,38.879486,19.201267,1.0,29.403597498868265,29.098491668701172,32.70050048828125,33.0,34.0,34.0
Mbalmayo,BIO_FP_FH__L2A_20251124T050104_20251206T050132_T_G01_M01_C___T004_F004,2025-11-24,42,8,11.436826705932617,3.4135823249816895,17.08307456970215,1.0,2209,0.8888000249862671,14.489056664497511,10.54632,28.41131,33.72913,48.30735,51.362747,23.297293,1.0,27.458414087256678,27.0,30.0,31.0,31.302507400512695,34.0
Mbalmayo,BIO_FP_FH__L2A_20251124T050104_20251206T050132_T_G01_M01_C___T004_F004,2025-11-24,42,16,11.44349479675293,3.4135823249816895,18.0748291015625,1.0,2209,0.0,15.316408018334087,16.146362,27.607225,29.877314,34.170704,35.854294,24.34507,1.0,30.95983229119511,31.0,32.0,32.0,32.0,32.0
Mbalmayo,BIO_FP_FH__L2A_20251124T050104_20251206T050132_T_G01_M01_C___T004_F004,2025-11-24,42,20,11.446828842163086,3.4135823249816895,18.306230545043945,1.0,2209,1.1139999628067017,12.769578110853328,10.909742,23.538944,27.928783,36.695553,38.95325,21.469934,1.0,30.3081145314622,30.0,33.0,33.30250930786133,35.0,35.0
Mbalmayo,BIO_FP_FH__L2A_20251124T050104_20251206T050132_T_G01_M01_C___T004_F004,2025-11-24,42,21,11.447662353515625,3.4135823249816895,18.6948299407959,1.0,2209,0.0,12.19996056614984,10.247509,24.171953,27.39994,30.478834,37.23724,20.483854,1.0,33.794615069035764,35.0,36.0,36.0,36.0,36.0
Mbalmayo,BIO_FP_FH__L2A_20251124T050104_20251206T050132_T_G01_M01_C___T004_F004,2025-11-24,42,22,11.448495864868164,3.4135823249816895,22.02286148071289,1.0,2209,0.0,17.299787446242643,15.678496,32.56052,35.407467,42.139507,45.03142,26.514853,1.0,35.67935682152558,36.0,37.0,37.0,38.0,38.0
Mbalmayo,BIO_FP_FH__L2A_20251124T050104_20251206T050132_T_G01_M01_C___T004_F004,2025-11-24,42,23,11.449329376220703,3.4135823249816895,22.131662368774414,1.0,2209,0.0,19.535396743435943,21.68038,32.15593,33.6278,35.418808,39.283234,29.138115,1.0,34.65074340765052,34.0,36.0,36.80451965332031,37.0,37.0
Mbalmayo,BIO_FP_FH__L2A_20251124T050104_20251206T050132_T_G01_M01_C___T004_F004,2025-11-24,42,24,11.450162887573242,3.4135823249816895,21.089061737060547,1.0,2209,0.0,24.60819286866229,25.850676,34.35522,35.820522,38.271122,41.366085,31.846958,1.0,33.79269642655048,34.0,35.0,35.0,35.0,36.0
Mbalmayo,BIO_FP_FH__L2A_20251124T050104_20251206T050132_T_G01_M01_C___T004_F004,2025-11-24,42,25,11.450996398925781,3.4135823249816895,20.739063262939453,1.0,2209,0.0,21.872018588727933,23.173046,32.678818,35.33753,38.53465,41.134197,29.149437,1.0,31.4875986730421,31.0,34.0,34.0,34.30250930786133,35.0
Mbalmayo,BIO_FP_FH__L2A_20251124T050104_20251206T050132_T_G01_M01_C___T004_F004,2025-11-24,42,26,11.45182991027832,3.4135823249816895,19.24546241760254,1.0,2209,0.0,13.684732557152557,15.450129,25.14902,26.873985,30.24136,32.241405,22.28182,1.0,28.812462864984155,30.0,31.0,31.0,32.0,32.0
Mbalmayo,BIO_FP_FH__L2A_20251124T050104_20251206T050132_T_G01_M01_C___T004_F004,2025-11-24,42,27,11.45266342163086,3.4135823249816895,16.803462982177734,1.0,2209,0.0,19.66083617445677,19.600075,31.650452,33.890873,37.107006,39.247066,29.239779,1.0,28.9244744511091,29.0,30.0,30.972454071044922,31.0,31.0
Mbalmayo,BIO_FP_FH__L2A_20251124T050104_20251206T050132_T_G01_M01_C___T004_F004,2025-11-24,42,31,11.455997467041016,3.4135823249816895,29.10462188720703,1.0,2209,0.0,25.699945535310096,27.118158,33.41892,35.38274,38.184677,40.18525,32.529827,1.0,37.08801706088728,37.0,38.0,39.0,39.0,39.0
Mbalmayo,BIO_FP_FH__L2A_20251124T050104_20251206T050132_T_G01_M01_C___T004_F004,2025-11-24,42,32,11.456830978393555,3.4135823249816895,31.671022415161133,1.0,2209,0.06800000369548798,28.79965305285197,30.686256,37.1589,38.27735,40.373596,41.33989,36.25418,1.0,36.92940102987777,37.0,39.0,39.0,40.0,40.0
Mbalmayo,BIO_FP_FH__L2A_20251124T050104_20251206T050132_T_G01_M01_C___T004_F004,2025-11-24,42,33,11.457664489746094,3.4135823249816895,30.96002197265625,1.0,2209,0.48240000009536743,23.880661321582163,25.835611,35.1215,37.21787,38.826084,39.965965,34.24216,1.0,37.23587808397465,37.0,38.0,38.0,38.406524658203125,39.0
Mbalmayo,BIO_FP_FH__L2A_20251124T050104_20251206T050132_T_G01_M01_C___T004_F004,2025-11-24,42,34,11.458498001098633,3.4135823249816895,30.59142303466797,1.0,2209,0.9038000106811523,17.760324418571752,17.413645,28.697874,30.52262,33.386982,38.310696,27.769676,1.0,35.83061481439565,36.0,37.0,37.30250930786133,38.0,38.0
Mbalmayo,BIO_FP_FH__L2A_20251124T050104_20251206T050132_T_G01_M01_C___T004_F004,2025-11-24,42,35,11.459331512451172,3.4135823249816895,30.212223052978516,1.0,2209,0.7024000287055969,26.11460573223178,27.568771,36.138794,37.436886,39.07546,41.1313,35.23368,1.0,32.96230619058397,33.0,35.0,35.0,36.0,36.0
Mbalmayo,BIO_FP_FH__L2A_20251124T050104_20251206T050132_T_G01_M01_C___T004_F004,2025-11-24,42,36,11.460165023803711,3.4135823249816895,29.357421875,1.0,2209,0.3001999855041504,12.368682626471253,11.378882,23.864845,27.38253,30.390251,34.221966,21.028776,1.0,32.769465821638754,32.0,35.0,35.71989822387695,36.0,36.0
Mbalmayo,BIO_FP_FH__L2A_20251124T050104_20251206T050132_T_G01_M01_C___T004_F004,2025-11-24,42,37,11.46099853515625,3.4135823249816895,27.371023178100586,1.0,2209,0.0,14.72920262279312,12.129547,30.283316,34.095947,38.03692,40.57336,24.175909,1.0,37.368492530556814,37.82692337036133,39.0,40.0,40.0618782043457,42.0
Mbalmayo,BIO_FP_FH__L2A_20251124T050104_20251206T050132_T_G01_M01_C___T004_F004,2025-11-24,42,38,11.461832046508789,3.4135823249816895,22.07370948791504,1.0,2209,0.0,21.57975451986193,21.128986,35.895237,37.305546,39.12575,40.087505,34.5389,1.0,38.604777331371665,38.0,41.0,41.0,42.0,42.0
Mbalmayo,BIO_FP_FH__L2A_20251124T050104_20251206T050132_T_G01_M01_C___T004_F004,2025-11-24,42,41,11.464332580566406,3.4135823249816895,21.07210922241211,1.0,2209,1.0640000104904175,21.348746427965143,21.150719,30.31448,32.114437,34.614445,37.52905,28.581623,1.0,32.42547532820281,32.0,34.0,34.0,34.406524658203125,35.0
Mbalmayo,BIO_FP_FH__L2A_20251124T050104_20251206T050132_T_G01_M01_C___T004_F004,2025-11-24,42,42,11.465166091918945,3.4135823249816895,23.64910888671875,1.0,2209,0.0,16.871284730081484,16.548084,25.253387,27.005241,30.591112,34.70704,23.42284,1.0,31.840213331824355,32.0,34.0,34.0,34.30250930786133,35.0
Mbalmayo,BIO_FP_FH__L2A_20251124T050104_20251206T050132_T_G01_M01_C___T004_F004,2025-11-24,42,43,11.465999603271484,3.4135823249816895,22.369108200073242,1.0,2209,0.0,24.28095645654142,24.38002,32.209106,33.782974,36.904762,39.471176,30.239973,1.0,34.87877716161159,35.0,36.0,36.0,37.0,37.0
Mbalmayo,BIO_FP_FH__L2A_20251124T050104_20251206T050132_T_G01_M01_C___T004_F004,2025-11-24,42,44,11.466833114624023,3.4135823249816895,21.008108139038086,1.0,2209,0.0,18.59239103525351,17.236198,30.842352,33.734707,37.750862,39.891434,27.989107,1.0,34.66916237550928,35.0,36.0,36.0,36.0,36.0
Mbalmayo,BIO_FP_FH__L2A_20251124T050104_20251206T050132_T_G01_M01_C___T004_F004,2025-11-24,42,45,11.467666625976562,3.4135823249816895,19.21510887145996,1.0,2209,0.0,16.917661944035764,16.056812,32.458668,34.30821,38.46035,41.11557,29.003506,1.0,32.82021700995926,33.0,35.0,35.0,36.0,36.0
Mbalmayo,BIO_FP_FH__L2A_20251124T050104_20251206T050132_T_G01_M01_C___T004_F004,2025-11-24,42,46,11.468500137329102,3.4135823249816895,17.899120330810547,1.0,2209,0.0,15.659858285706202,14.161882,28.795086,32.273735,35.42596,39.828575,24.452835,1.0,31.00999816093255,31.40502166748047,33.0,33.0,33.406524658203125,34.0
Mbalmayo,BIO_FP_FH__L2A_20251124T050104_20251206T050132_T_G01_M01_C___T004_F004,2025-11-24,43,3,11.432659149169922,3.4127488136291504,16.55257225036621,1.0,2209,0.0,17.01936591076279,16.864708,26.153954,28.122437,31.329739,35.973934,23.283344,1.0,29.562137491511997,29.41738510131836,31.0,31.0,32.0,32.0
Mbalmayo,BIO_FP_FH__L2A_20251124T050104_20251206T050132_T_G01_M01_C___T004_F004,2025-11-24,43,4,11.433492660522461,3.4127488136291504,18.096773147583008,1.0,2209,0.0,16.470968375113173,14.544889,30.30699,35.334946,38.829506,41.023735,26.652405,1.0,30.20149282763694,30.0,33.0,34.0,34.0,34.0
Mbalmayo,BIO_FP_FH__L2A_20251124T050104_20251206T050132_T_G01_M01_C___T004_F004,2025-11-24,43,5,11.434326171875,3.4127488136291504,21.095172882080078,1.0,2209,0.0,12.172777734551833,11.402591,22.55674,25.485706,29.131042,33.881973,19.68026,1.0,32.22625657820281,32.0,33.0,33.0,33.0,34.0
Mbalmayo,BIO_FP_FH__L2A_20251124T050104_20251206T050132_T_G01_M01_C___T004_F004,2025-11-24,43,6,11.435159683227539,3.4127488136291504,23.14827537536621,1.0,2209,0.0,12.915211917157084,11.275564,24.873692,30.85061,40.987644,43.592697,20.21401,1.0,33.1259725837483,33.0,34.0,34.0,35.0,35.0
Mbalmayo,BIO_FP_FH__L2A_20251124T050104_20251206T050132_T_G01_M01_C___T004_F004,2025-11-24,43,7,11.435993194580078,3.4127488136291504,22.289674758911133,1.0,2209,0.0,19.688238279481666,19.589136,32.67391,37.086243,41.869877,44.28578,30.341904,1.0,34.570662630149386,34.57120895385742,36.0,36.0,37.0,37.0
Mbalmayo,BIO_FP_FH__L2A_20251124T050104_20251206T050132_T_G01_M01_C___T004_F004,2025-11-24,43,8,11.436826705932617,3.4127488136291504,20.957874298095703,0.997981999243153,2207,0.0,13.682603334180527,12.643826,24.987812,28.525496,31.536549,41.908897,21.851187,1.0,31.93778470178814,32.0,34.0,34.66819763183594,35.0,35.0
Mbalmayo,BIO_FP_FH__L2A_20251124T050104_20251206T050132_T_G01_M01_C___T004_F004,2025-11-24,43,16,11.44349479675293,3.4127488136291504,14.87263011932373,0.9524651903434812,2138,0.0,13.222896446794985,11.381159,25.226173,27.912516,31.866962,34.375427,22.59594,1.0,28.830199255885017,29.0,30.0,30.0,31.0,32.0
Mbalmayo,BIO_FP_FH__L2A_20251124T050104_20251206T050132_T_G01_M01_C___T004_F004,2025-11-24,43,20,11.446828842163086,3.4127488136291504,16.1146297454834,0.9058410174817508,2045,0.0,19.751497890919563,16.128302,36.73969,38.989944,41.459198,43.145355,28.926859,1.0,36.13293274671797,36.4522590637207,37.0,37.28946304321289,38.0,38.0
