site,scene,biomass_date,row,col,x,y,fh,coverage,n_fine,fh_quality,als_mean,als_p50,als_p90,als_p95,als_p99,als_max,als2_p90,eth_coverage,eth_mean,eth_p50,eth_p90,eth_p95,eth_p99,eth_max,reject_reason
Mbalmayo,BIO_FP_FH__L2A_20251124T050104_20251206T050132_T_G01_M01_C___T004_F004,2025-11-24,2,2,11.431825637817383,3.446922779083252,18.857730865478516,0.9999982109234118,8649,0.0,12.03871482771,8.799504,26.674889,29.667141,32.08339,33.924717,24.217459,1.0,29.61687860434862,30.0,32.0,32.443641662597656,33.0,33.0,0
Mbalmayo,BIO_FP_FH__L2A_20251124T050104_20251206T050132_T_G01_M01_C___T004_F004,2025-11-24,2,3,11.432659149169922,3.446922779083252,20.418331146240234,1.0000000040797723,8649,0.0,18.455770999673415,19.244757,30.793192,32.22158,34.446785,36.51712,28.35828,1.0,33.89866331825781,34.0,35.0,36.0,36.0,36.0,0
Mbalmayo,BIO_FP_FH__L2A_20251124T050104_20251206T050132_T_G01_M01_C___T004_F004,2025-11-24,2,4,11.433492660522461,3.446922779083252,21.718332290649414,1.0,8649,0.0,14.847377231512777,13.713626,25.757769,31.174948,37.386257,41.886272,22.588886,1.0,34.95075121873072,35.0,36.0,36.0,36.0,36.0,0
Mbalmayo,BIO_FP_FH__L2A_20251124T050104_20251206T050132_T_G01_M01_C___T004_F004,2025-11-24,2,5,11.434326171875,3.446922779083252,22.95713233947754,0.9999999944867943,8649,0.0,15.380514205214766,13.883423,31.225264,36.276855,40.337055,43.937637,24.318766,1.0,34.2740083675272,34.50956726074219,36.0,36.0,37.0,37.0,0
Mbalmayo,BIO_FP_FH__L2A_20251124T050104_20251206T050132_T_G01_M01_C___T004_F004,2025-11-24,2,6,11.435159683227539,3.446922779083252,23.975006103515625,0.9999999953689073,8649,0.0,15.095215238274891,14.94908,25.40294,29.434473,37.509377,41.06011,21.467417,1.0,31.77177625050337,32.0,33.0,33.0,35.0,35.0,0
Mbalmayo,BIO_FP_FH__L2A_20251124T050104_20251206T050132_T_G01_M01_C___T004_F004,2025-11-24,2,7,11.435993194580078,3.446922779083252,23.789804458618164,1.0000000008821128,8649,0.0,24.744309548965095,25.182003,32.407444,33.73611,37.661396,43.885338,31.751614,1.0,29.59310258249421,30.0,32.0,32.76151657104492,33.0,33.0,0
Mbalmayo,BIO_FP_FH__L2A_20251124T050104_20251206T050132_T_G01_M01_C___T004_F004,2025-11-24,2,8,11.436826705932617,3.446922779083252,22.063804626464844,0.9999999997243397,8649,7.035200119018555,9.858417041704582,10.441307,18.100588,21.358122,25.03551,29.357431,16.981106,1.0,22.426989648091006,22.0,26.0,26.0,27.0,28.0,0
Mbalmayo,BIO_FP_FH__L2A_20251124T050104_20251206T050132_T_G01_M01_C___T004_F004,2025-11-24,2,9,11.437660217285156,3.446922779083252,11.946405410766602,0.9999999995038115,8649,48.86240005493164,11.659933095333901,11.884184,19.057093,21.326553,26.090923,28.246382,17.656382,1.0,21.87158565651352,22.0,23.0,23.0,24.0,25.0,0
Mbalmayo,BIO_FP_FH__L2A_20251124T050104_20251206T050132_T_G01_M01_C___T004_F004,2025-11-24,2,10,11.438493728637695,3.446922779083252,1.8430052995681763,1.0000000017642259,8649,90.70719909667969,13.856883522407031,13.628005,22.439535,23.663204,25.269405,27.040632,20.675396,1.0,18.767112482957227,18.0,22.0,22.0,23.0,24.0,0
Mbalmayo,BIO_FP_FH__L2A_20251124T050104_20251206T050132_T_G01_M01_C___T004_F004,2025-11-24,2,11,11.439327239990234,3.446922779083252,1.074405312538147,0.9999999953689073,8649,85.464599609375,10.418368621877718,10.111391,15.865464,17.448296,20.608566,25.250015,15.308772,1.0,17.904286648334278,17.0,21.0,23.0,24.0,25.0,0
Mbalmayo,BIO_FP_FH__L2A_20251124T050104_20251206T050132_T_G01_M01_C___T004_F004,2025-11-24,2,12,11.440160751342773,3.446922779083252,4.0286054611206055,1.0000000055132057,8649,63.51459884643555,8.405559160235194,6.828062,17.538534,22.241835,35.664944,37.90585,16.11668,1.0,26.765541054166277,26.0,31.0,31.0,34.0,36.0,0
Mbalmayo,BIO_FP_FH__L2A_20251124T050104_20251206T050132_T_G01_M01_C___T004_F004,2025-11-24,2,13,11.440994262695312,3.446922779083252,6.826005458831787,0.9615724230380482,8351,49.4203987121582,15.891333364425739,15.339386,29.449741,32.52813,35.80922,37.435776,23.956863,0.916448480992,32.25858921901768,32.0,34.0,34.0,35.0,36.0,0
Mbalmayo,BIO_FP_FH__L2A_20251124T050104_20251206T050132_T_G01_M01_C___T004_F004,2025-11-24,2,16,11.44349479675293,3.446922779083252,15.118556022644043,0.9991273326410118,8646,12.548399925231934,11.78973015447676,9.502786,25.593925,28.437073,32.5758,34.92368,23.384743,0.9808107006406858,26.904528193494553,27.0,29.0,29.0,29.0,29.0,0
Mbalmayo,BIO_FP_FH__L2A_20251124T050104_20251206T050132_T_G01_M01_C___T004_F004,2025-11-24,2,17,11.444328308105469,3.446922779083252,21.29295539855957,0.9999999988973589,8649,0.0,7.523779111811879,5.546215,15.426538,21.077768,27.228765,29.601236,12.594835,1.0,20.449322756183864,20.0,24.0,25.0,26.0,26.0,0
Mbalmayo,BIO_FP_FH__L2A_20251124T050104_20251206T050132_T_G01_M01_C___T004_F004,2025-11-24,2,18,11.445161819458008,3.446922779083252,16.4903564453125,1.0000000006615848,8649,10.290200233459473,7.129932545719198,4.924911,15.048411,19.277613,32.037285,34.94072,11.260246,1.0,20.860009627309697,20.0,24.556591033935547,28.0,28.0,29.0,0
Mbalmayo,BIO_FP_FH__L2A_20251124T050104_20251206T050132_T_G01_M01_C___T004_F004,2025-11-24,2,19,11.445995330810547,3.446922779083252,7.8265557289123535,1.0000000041900363,8649,27.253999710083008,13.183214700244106,12.435467,21.033688,24.638569,31.23784,36.612366,20.262804,1.0,25.350639617157775,25.0,29.0,29.0,30.0,30.0,0
Mbalmayo,BIO_FP_FH__L2A_20251124T050104_20251206T050132_T_G01_M01_C___T004_F004,2025-11-24,2,20,11.446828842163086,3.446922779083252,2.4149556159973145,0.9999999964715484,8649,45.60279846191406,14.385991084075519,14.019018,23.545153,25.112871,30.49621,35.119015,22.011591,1.0,29.77538591914817,30.0,33.0,33.0,33.0,33.0,0
Mbalmayo,BIO_FP_FH__L2A_20251124T050104_20251206T050132_T_G01_M01_C___T004_F004,2025-11-24,2,21,11.447662353515625,3.446922779083252,3.404555559158325,1.0,8649,52.36859893798828,20.048695153536197,19.040106,36.245476,38.977802,41.810238,43.933735,30.835718,1.0,32.80158069723947,33.0,35.0,35.0,35.0,35.0,0
Mbalmayo,BIO_FP_FH__L2A_20251124T050104_20251206T050132_T_G01_M01_C___T004_F004,2025-11-24,2,22,11.448495864868164,3.446922779083252,6.788553237915039,1.0000000035284515,8649,54.74079895019531,12.703873029261418,11.240269,23.179453,28.797615,34.751842,37.81366,20.217056,1.0,32.611181995499024,33.0,33.0,34.0,35.0,35.0,0
Mbalmayo,BIO_FP_FH__L2A_20251124T050104_20251206T050132_T_G01_M01_C___T004_F004,2025-11-24,2,23,11.449329376220703,3.446922779083252,16.155353546142578,1.0000000035284515,8649,21.653600692749023,14.055973768615639,11.438386,27.363054,32.45651,40.738094,43.565773,23.311054,1.0,32.08952974956123,32.0,33.0,34.0,34.0,34.0,0
Mbalmayo,BIO_FP_FH__L2A_20251124T050104_20251206T050132_T_G01_M01_C___T004_F004,2025-11-24,2,24,11.450162887573242,3.446922779083252,20.283153533935547,1.0,8649,0.27219998836517334,24.786130003852506,27.784258,36.4287,38.152832,40.505302,43.990383,33.983932,1.0,33.43522596166291,34.0,34.7484130859375,35.0,35.563453674316406,36.0,0
Mbalmayo,BIO_FP_FH__L2A_20251124T050104_20251206T050132_T_G01_M01_C___T004_F004,2025-11-24,2,25,11.450996398925781,3.446922779083252,16.50675392150879,1.0000000004410565,8649,0.0,24.80875336620956,26.495539,38.13793,41.76854,47.510628,50.55943,34.168385,1.0,33.1648352622214,34.0,35.0,36.0,36.0,36.0,0
Mbalmayo,BIO_FP_FH__L2A_20251124T050104_20251206T050132_T_G01_M01_C___T004_F004,2025-11-24,2,26,11.45182991027832,3.446922779083252,15.25235366821289,0.9999999991178871,8649,0.0,19.28305858663934,18.607048,31.2107,34.917645,40.047924,41.54401,27.56805,1.0,28.70576746315746,29.0,34.0,34.0,35.0,35.0,0
Mbalmayo,BIO_FP_FH__L2A_20251124T050104_20251206T050132_T_G01_M01_C___T004_F004,2025-11-24,2,27,11.45266342163086,3.446922779083252,17.97515296936035,0.9999999938252097,8649,0.35920000076293945,13.294340263170325,12.93327,22.488146,24.684471,27.397572,31.837652,19.475218,1.0,25.0260427060162,26.0,28.0,28.761518478393555,29.0,29.0,0
Mbalmayo,BIO_FP_FH__L2A_20251124T050104_20251206T050132_T_G01_M01_C___T004_F004,2025-11-24,2,28,11.453496932983398,3.446922779083252,14.240153312683105,1.0000000030873952,8649,2.0789999961853027,16.645102023575248,15.403119,32.20897,35.331116,38.820248,41.179626,28.820805,1.0,28.47353935991495,28.0,31.0,31.0,32.0,32.0,0
Mbalmayo,BIO_FP_FH__L2A_20251124T050104_20251206T050132_T_G01_M01_C___T004_F004,2025-11-24,2,29,11.454330444335938,3.446922779083252,14.793553352355957,1.0000000026463387,8649,2.7432000637054443,9.223120123477528,7.245987,22.441042,25.532656,30.965504,34.403152,18.384062,1.0,32.90911785182629,33.0,35.0,36.0,37.0,38.0,0
Mbalmayo,BIO_FP_FH__L2A_20251124T050104_20251206T050132_T_G01_M01_C___T004_F004,2025-11-24,2,30,11.455163955688477,3.446922779083252,24.345808029174805,0.9999999977947177,8649,0.7310000061988831,14.186657352354132,9.993446,32.478966,35.33581,40.992073,43.01622,25.991917,1.0,32.671972845066264,33.0,37.0,37.98699951171875,38.0,38.0,0
Mbalmayo,BIO_FP_FH__L2A_20251124T050104_20251206T050132_T_G01_M01_C___T004_F004,2025-11-24,2,31,11.455997467041016,3.446922779083252,28.370206832885742,1.0000000017642259,8649,0.29600000381469727,24.666705513742865,25.93533,37.544735,41.03295,45.39752,48.06428,34.977646,1.0,34.081176423491705,34.0,35.0,35.0,36.0,36.0,0
Mbalmayo,BIO_FP_FH__L2A_20251124T050104_20251206T050132_T_G01_M01_C___T004_F004,2025-11-24,2,32,11.456830978393555,3.446922779083252,29.026607513427734,0.9999999953689073,8649,0.7829999923706055,21.532179927875717,23.724255,31.439495,33.47548,39.029617,43.637463,29.5436,1.0,33.73159101020671,34.0,34.675262451171875,35.0,35.0,36.0,0
Mbalmayo,BIO_FP_FH__L2A_20251124T050104_20251206T050132_T_G01_M01_C___T004_F004,2025-11-24,2,33,11.457664489746094,3.446922779083252,31.053407669067383,0.9999999982357742,8649,1.0892000198364258,18.691963894772872,18.86097,30.052168,34.411507,39.364502,43.214684,25.983845,1.0,33.73125136630468,34.0,36.0,36.0,36.0,36.0,0
Mbalmayo,BIO_FP_FH__L2A_20251124T050104_20251206T050132_T_G01_M01_C___T004_F004,2025-11-24,2,34,11.458498001098633,3.446922779083252,31.058807373046875,0.999999995148379,8649,1.9550000429153442,17.479952435325085,18.154991,30.242409,40.01745,45.81893,48.37213,26.969069,1.0,32.28147212771794,32.0,34.0,35.0,36.0,36.0,0
Mbalmayo,BIO_FP_FH__L2A_20251124T050104_20251206T050132_T_G01_M01_C___T004_F004,2025-11-24,2,35,11.459331512451172,3.446922779083252,18.933406829833984,1.0000000044105646,8649,15.493000030517578,15.246981330035421,12.675349,36.28686,40.576344,42.936333,44.450573,27.026175,1.0,33.72607553111348,34.0,36.0,36.0,36.0,36.0,0
Mbalmayo,BIO_FP_FH__L2A_20251124T050104_20251206T050132_T_G01_M01_C___T004_F004,2025-11-24,2,36,11.460165023803711,3.446922779083252,11.112007141113281,1.0000000088211292,8649,22.462600708007812,12.98827277829109,9.24524,33.086033,38.912556,42.69633,45.81113,24.040806,1.0,36.256000055689555,36.0,38.0,39.0,39.0,39.0,0
Mbalmayo,BIO_FP_FH__L2A_20251124T050104_20251206T050132_T_G01_M01_C___T004_F004,2025-11-24,2,37,11.46099853515625,3.446922779083252,18.81500816345215,1.0000000022052822,8649,9.251799583435059,13.882810382305347,11.538128,27.500177,32.028625,42.48591,43.970516,23.659185,1.0,33.95502105185387,34.0,35.0,35.0,36.0,36.0,0
Mbalmayo,BIO_FP_FH__L2A_20251124T050104_20251206T050132_T_G01_M01_C___T004_F004,2025-11-24,2,38,11.461832046508789,3.446922779083252,25.46890640258789,0.9999999997794717,8649,0.19554512202739716,11.057822127701757,8.218023,25.91155,29.936255,36.69552,41.2494,22.75701,1.0,31.387949999666915,32.0,33.0,33.0,34.0,34.0,0
Mbalmayo,BIO_FP_FH__L2A_20251124T050104_20251206T050132_T_G01_M01_C___T004_F004,2025-11-24,2,39,11.462665557861328,3.446922779083252,27.060306549072266,1.0000000061747905,8649,0.6055451035499573,16.40780455917142,14.812961,31.398731,33.760036,37.362473,39.23165,28.95859,1.0,33.093164076128645,33.0,35.0,36.0,36.0,37.0,0
Mbalmayo,BIO_FP_FH__L2A_20251124T050104_20251206T050132_T_G01_M01_C___T004_F004,2025-11-24,2,40,11.463499069213867,3.446922779083252,26.18050765991211,1.0000000066158468,8649,6.419145107269287,17.27731886243703,15.775102,31.738974,34.695904,40.010548,41.96487,27.153475,1.0,34.04009526103118,34.0,35.0,36.0,36.0,36.0,0
Mbalmayo,BIO_FP_FH__L2A_20251124T050104_20251206T050132_T_G01_M01_C___T004_F004,2025-11-24,2,41,11.464332580566406,3.446922779083252,25.1599063873291,1.0,8649,5.983944892883301,15.216632794942425,13.831046,26.064016,30.11731,33.10396,35.451286,22.005505,1.0,32.237798338832846,32.0,34.0,35.0,36.0,36.0,0
Mbalmayo,BIO_FP_FH__L2A_20251124T050104_20251206T050132_T_G01_M01_C___T004_F004,2025-11-24,2,42,11.465166091918945,3.446922779083252,19.383506774902344,1.0,8649,13.471545219421387,13.991098106438086,13.071341,26.098944,29.960678,38.88484,41.21597,22.565603,1.0,29.75089142250593,29.0,32.0,33.0,33.0,34.0,0
Mbalmayo,BIO_FP_FH__L2A_20251124T050104_20251206T050132_T_G01_M01_C___T004_F004,2025-11-24,2,43,11.465999603271484,3.446922779083252,14.103507041931152,0.9999999969126048,8649,19.867345809936523,13.832391619619678,15.03571,23.493551,27.128866,30.147358,31.613909,20.933054,1.0,26.50489262335975,26.0,29.0,30.0,33.0,33.0,0
Mbalmayo,BIO_FP_FH__L2A_20251124T050104_20251206T050132_T_G01_M01_C___T004_F004,2025-11-24,2,44,11.466833114624023,3.446922779083252,13.481106758117676,0.9999999993384153,8649,16.013744354248047,4.373276868820815,0.62600976,15.718068,18.030031,30.391062,35.47888,14.64178,1.0,25.000925597103638,25.0,31.0,32.0,32.0,32.0,0
Mbalmayo,BIO_FP_FH__L2A_20251124T050104_20251206T050132_T_G01_M01_C___T004_F004,2025-11-24,2,45,11.467666625976562,3.446922779083252,14.946307182312012,1.0000000016539616,8649,12.39594554901123,8.338654860598975,6.139868,20.084324,23.99903,31.942387,34.861214,16.67629,1.0,23.39216889870871,23.0,29.0,30.0,31.0,32.0,0
Mbalmayo,BIO_FP_FH__L2A_20251124T050104_20251206T050132_T_G01_M01_C___T004_F004,2025-11-24,2,46,11.468500137329102,3.446922779083252,19.58294677734375,0.9999999986768306,8649,8.849007606506348,4.423853436246994,2.0124085,11.714602,15.526254,25.353506,30.954826,9.344173,1.0,21.739395274139028,21.69519805908203,26.0,26.0,27.0,27.0,0
Mbalmayo,BIO_FP_FH__L2A_20251124T050104_20251206T050132_T_G01_M01_C___T004_F004,2025-11-24,2,47,11.46933364868164,3.446922779083252,24.930545806884766,1.0000000025912066,8649,5.301608085632324,7.335699108640815,1.8417234,24.859482,32.29588,45.50371,47.72421,16.43957,1.0,29.0331983818789,29.0,32.0,32.0,34.0,34.0,0
Mbalmayo,BIO_FP_FH__L2A_20251124T050104_20251206T050132_T_G01_M01_C___T004_F004,2025-11-24,2,48,11.47016716003418,3.446922779083252,20.27634620666504,1.0000000002480942,8649,11.39960765838623,5.4057333595050165,2.796926,16.801847,25.979757,39.35566,41.434162,6.9336743,1.0,32.21180442556892,33.0,34.0,34.76151657104492,35.0,35.0,0
Mbalmayo,BIO_FP_FH__L2A_20251124T050104_20251206T050132_T_G01_M01_C___T004_F004,2025-11-24,3,2,11.431825637817383,3.446089267730713,23.427730560302734,0.9999999973536613,8649,0.0,16.7754301951086,18.371166,26.149593,27.140228,28.999102,31.911032,25.55335,1.0,32.04838705884334,32.0,33.0,33.0,34.0,34.0,0
Mbalmayo,BIO_FP_FH__L2A_20251124T050104_20251206T050132_T_G01_M01_C___T004_F004,2025-11-24,3,3,11.432659149169922,3.446089267730713,25.039331436157227,1.0,8649,0.0,15.188762381195623,15.308887,26.441961,30.039597,32.52722,33.623787,23.426529,1.0,33.35002830850277,33.0,34.0,34.0,35.0,35.0,0
Mbalmayo,BIO_FP_FH__L2A_20251124T050104_20251206T050132_T_G01_M01_C___T004_F004,2025-11-24,3,4,11.433492660522461,3.446089267730713,25.45193099975586,1.0,8649,0.0,15.262158578552253,13.192873,27.974064,32.027454,41.126972,43.38065,24.335773,1.0,32.65245536286399,33.0,35.0,35.27763900756836,36.0,36.0,0
Mbalmayo,BIO_FP_FH__L2A_20251124T050104_20251206T050132_T_G01_M01_C___T004_F004,2025-11-24,3,5,11.434326171875,3.446089267730713,26.40593147277832,0.9999999973536613,8649,0.0,10.841082307551797,8.538796,25.311098,27.594746,32.703453,44.152912,21.682638,1.0,33.114422532089435,33.0,35.0,36.0,37.0,37.0,0
Mbalmayo,BIO_FP_FH__L2A_20251124T050104_20251206T050132_T_G01_M01_C___T004_F004,2025-11-24,3,6,11.435159683227539,3.446089267730713,26.387205123901367,0.9999999955894354,8649,0.0,19.13094043028619,19.13869,31.301447,35.03359,43.06975,46.338806,27.874607,1.0,32.88981459383083,33.0,35.0,35.0,35.0,35.0,0
Mbalmayo,BIO_FP_FH__L2A_20251124T050104_20251206T050132_T_G01_M01_C___T004_F004,2025-11-24,3,7,11.435993194580078,3.446089267730713,25.948205947875977,0.9941487254428235,8615,0.0,17.9791042015754,17.224237,29.849817,31.079647,34.027767,37.706566,28.152525,1.0,28.67615275648181,29.0,32.0,33.0,33.0,33.0,0
Mbalmayo,BIO_FP_FH__L2A_20251124T050104_20251206T050132_T_G01_M01_C___T004_F004,2025-11-24,3,8,11.436826705932617,3.446089267730713,19.429405212402344,1.0000000079390161,8649,25.3533992767334,11.662876988799505,11.787252,19.7693,21.877388,25.928255,29.263186,17.836876,1.0,22.900590809718324,23.0,25.0,26.0,27.0,27.0,0
Mbalmayo,BIO_FP_FH__L2A_20251124T050104_20251206T050132_T_G01_M01_C___T004_F004,2025-11-24,3,9,11.437660217285156,3.446089267730713,11.168004989624023,1.0000000017642259,8649,58.07659912109375,12.137555515003845,13.127088,18.785854,20.140062,23.309889,26.346087,17.470814,1.0,21.113805571957563,21.0,23.0,23.0,25.0,25.0,0
Mbalmayo,BIO_FP_FH__L2A_20251124T050104_20251206T050132_T_G01_M01_C___T004_F004,2025-11-24,3,10,11.438493728637695,3.446089267730713,2.3480052947998047,1.0000000035284515,8649,91.32039642333984,9.682430844033183,9.014921,16.289852,18.42775,22.331335,27.460388,15.573313,1.0,19.760174161037938,19.0,22.0,22.781381607055664,25.0,28.0,0
Mbalmayo,BIO_FP_FH__L2A_20251124T050104_20251206T050132_T_G01_M01_C___T004_F004,2025-11-24,3,11,11.439327239990234,3.446089267730713,7.923805236816406,0.9999999973536613,8649,62.447601318359375,6.0510293302762825,5.167319,11.895329,14.773469,25.36234,29.737429,11.39517,1.0,24.895381536493687,25.0,32.0,33.0,34.0,37.0,0
Mbalmayo,BIO_FP_FH__L2A_20251124T050104_20251206T050132_T_G01_M01_C___T004_F004,2025-11-24,3,12,11.440160751342773,3.446089267730713,13.384605407714844,0.9379615338224389,8153,31.191600799560547,4.484635687955821,0.7280754,13.47233,19.31686,24.763897,33.576916,12.11866,0.8864663883781816,32.09701362589639,33.0,35.0,35.18564987182617,38.0,38.0,0
Mbalmayo,BIO_FP_FH__L2A_20251124T050104_20251206T050132_T_G01_M01_C___T004_F004,2025-11-24,3,15,11.44266128540039,3.446089267730713,21.424755096435547,0.9176111780432215,7971,2.5947999954223633,12.493536433271801,10.742322,25.642607,28.27282,31.77314,36.322384,23.077776,0.995061442085409,31.01279524355812,31.0,33.0,33.0,33.0,33.0,0
Mbalmayo,BIO_FP_FH__L2A_20251124T050104_20251206T050132_T_G01_M01_C___T004_F004,2025-11-24,3,16,11.44349479675293,3.446089267730713,22.439556121826172,1.0000000026463387,8649,0.0,8.680121116677558,6.8640327,16.62672,20.178825,28.787575,32.29491,13.970744,1.0,25.354598710572517,26.0,29.0,29.0,30.0,30.0,0
Mbalmayo,BIO_FP_FH__L2A_20251124T050104_20251206T050132_T_G01_M01_C___T004_F004,2025-11-24,3,17,11.444328308105469,3.446089267730713,22.062955856323242,1.0000000026463387,8649,0.0,6.578506683431187,5.0673785,12.798028,16.281336,26.083563,31.330008,9.504443,1.0,21.55306837514365,21.0,26.0,26.0,29.0,30.0,0
Mbalmayo,BIO_FP_FH__L2A_20251124T050104_20251206T050132_T_G01_M01_C___T004_F004,2025-11-24,3,18,11.445161819458008,3.446089267730713,17.472354888916016,1.0000000026463387,8649,8.46660041809082,12.494381405230751,10.327807,27.022657,30.948801,34.900967,37.86093,22.687172,1.0,26.60430189766268,27.0,30.0,31.0,31.781381607055664,32.0,0
Mbalmayo,BIO_FP_FH__L2A_20251124T050104_20251206T050132_T_G01_M01_C___T004_F004,2025-11-24,3,19,11.445995330810547,3.446089267730713,12.238155364990234,1.0,8649,18.667200088500977,17.33173325108936,15.72503,33.463177,35.606342,38.36798,40.09424,30.745588,1.0,30.02853421098663,30.0,31.0665225982666,32.0,32.23149108886719,33.0,0
Mbalmayo,BIO_FP_FH__L2A_20251124T050104_20251206T050132_T_G01_M01_C___T004_F004,2025-11-24,3,20,11.446828842163086,3.446089267730713,10.350356101989746,1.0000000008821128,8649,20.147199630737305,17.537817999640698,17.109943,25.97828,31.741137,42.694824,47.903744,23.403439,1.0,30.118618832942254,30.0,31.165491104125977,32.0,33.0,33.0,0
Mbalmayo,BIO_FP_FH__L2A_20251124T050104_20251206T050132_T_G01_M01_C___T004_F004,2025-11-24,3,21,11.447662353515625,3.446089267730713,11.08055591583252,1.0,8649,20.418800354003906,18.80452904429432,19.38198,27.55326,29.947838,32.67581,36.874718,23.978533,1.0,29.798271604818698,30.0,32.0,32.0,32.0,32.0,0
Mbalmayo,BIO_FP_FH__L2A_20251124T050104_20251206T050132_T_G01_M01_C___T004_F004,2025-11-24,3,22,11.448495864868164,3.446089267730713,15.00255298614502,1.0,8649,21.837400436401367,20.740131527691965,22.55112,28.286768,29.97618,33.04179,34.72175,27.323866,1.0,31.495472272567934,32.0,33.0,33.0,34.0,34.0,0
Mbalmayo,BIO_FP_FH__L2A_20251124T050104_20251206T050132_T_G01_M01_C___T004_F004,2025-11-24,3,23,11.449329376220703,3.446089267730713,23.401752471923828,1.0,8649,15.31980037689209,20.34729953765428,20.809883,30.846909,34.54673,37.450855,39.19619,27.857788,1.0,32.67471687889386,32.0,35.0,35.0,35.0,36.0,0
Mbalmayo,BIO_FP_FH__L2A_20251124T050104_20251206T050132_T_G01_M01_C___T004_F004,2025-11-24,3,24,11.450162887573242,3.446089267730713,26.476953506469727,1.0,8649,0.7883999943733215,25.727762074756654,28.16815,34.50969,36.349762,38.949883,39.892517,31.867716,1.0,35.28953926173755,35.0,37.0,37.0,37.0,37.0,0
Mbalmayo,BIO_FP_FH__L2A_20251124T050104_20251206T050132_T_G01_M01_C___T004_F004,2025-11-24,3,25,11.450996398925781,3.446089267730713,22.556352615356445,1.0,8649,0.5005999803543091,24.84974441590068,25.565868,36.389854,37.899887,39.589527,41.918877,33.64271,1.0,36.001120181507645,36.0,37.0,37.0,37.0,37.0,0
Mbalmayo,BIO_FP_FH__L2A_20251124T050104_20251206T050132_T_G01_M01_C___T004_F004,2025-11-24,3,26,11.45182991027832,3.446089267730713,17.490352630615234,1.0,8649,0.11919999867677689,23.56677048500459,22.154455,37.94674,39.391445,41.019382,43.804768,35.74627,1.0,33.27143284857983,33.0,36.0,37.0,37.0,37.0,0
Mbalmayo,BIO_FP_FH__L2A_20251124T050104_20251206T050132_T_G01_M01_C___T004_F004,2025-11-24,3,27,11.45266342163086,3.446089267730713,11.844353675842285,1.0,8649,7.775599956512451,11.600215690013838,10.081641,25.21841,29.400982,33.389942,40.99897,20.62828,1.0,28.8910427907255,29.0,30.0,30.77457618713379,31.0,31.0,0
Mbalmayo,BIO_FP_FH__L2A_20251124T050104_20251206T050132_T_G01_M01_C___T004_F004,2025-11-24,3,28,11.453496932983398,3.446089267730713,8.268753051757812,1.0,8649,12.673800468444824,14.04657182132237,12.846829,26.534988,30.881306,35.54965,40.75015,21.627586,1.0,29.0808514989667,29.0,31.0,32.0,32.0,32.0,0
Mbalmayo,BIO_FP_FH__L2A_20251124T050104_20251206T050132_T_G01_M01_C___T004_F004,2025-11-24,3,29,11.454330444335938,3.446089267730713,12.329752922058105,1.0,8649,3.0035998821258545,7.265637868263085,5.102064,16.608408,19.1464,23.531042,31.436115,14.924475,1.0,31.099038139190657,31.0,32.0,33.0,34.0,34.0,0
Mbalmayo,BIO_FP_FH__L2A_20251124T050104_20251206T050132_T_G01_M01_C___T004_F004,2025-11-24,3,30,11.455163955688477,3.446089267730713,21.617807388305664,1.0,8649,1.1349999904632568,6.63908802058493,4.058119,16.473825,19.577818,23.477293,32.029884,14.081335,1.0,31.17737311646489,31.0,32.0,33.0,33.0,34.0,0
Mbalmayo,BIO_FP_FH__L2A_20251124T050104_20251206T050132_T_G01_M01_C___T004_F004,2025-11-24,3,31,11.455997467041016,3.446089267730713,27.055606842041016,1.0,8649,0.1615999937057495,18.34861485973812,18.918053,31.285826,35.439556,39.367813,42.587814,25.650784,1.0,33.56986460628944,34.0,35.0,35.0,35.0,35.0,0
Mbalmayo,BIO_FP_FH__L2A_20251124T050104_20251206T050132_T_G01_M01_C___T004_F004,2025-11-24,3,32,11.456830978393555,3.446089267730713,29.133207321166992,1.0000000017642259,8649,0.6646000146865845,19.424842647597316,19.321066,33.057014,35.234898,37.280983,38.679264,28.462238,1.0,34.993085756455145,35.0,36.0,36.0,37.0,37.0,0
Mbalmayo,BIO_FP_FH__L2A_20251124T050104_20251206T050132_T_G01_M01_C___T004_F004,2025-11-24,3,33,11.457664489746094,3.446089267730713,31.806407928466797,1.0,8649,1.073799967765808,20.235046139727135,19.077894,38.118835,40.91169,45.55775,50.390533,30.257269,1.0,35.587782896520196,36.0,37.0,37.0,37.0,37.0,0
Mbalmayo,BIO_FP_FH__L2A_20251124T050104_20251206T050132_T_G01_M01_C___T004_F004,2025-11-24,3,34,11.458498001098633,3.446089267730713,21.53500747680664,1.0,8649,12.675000190734863,18.7077922946746,18.178886,37.09186,39.763557,43.122696,45.881798,30.146244,1.0,36.143328128708404,36.0,38.0,39.0,39.0,39.0,0
Mbalmayo,BIO_FP_FH__L2A_20251124T050104_20251206T050132_T_G01_M01_C___T004_F004,2025-11-24,3,35,11.459331512451172,3.446089267730713,10.697607040405273,1.0,8649,24.765399932861328,21.375153635840757,22.967339,38.468796,40.065025,43.655334,46.870308,34.98237,1.0,36.98035363955834,37.0,38.0,38.0,38.0,38.0,0
Mbalmayo,BIO_FP_FH__L2A_20251124T050104_20251206T050132_T_G01_M01_C___T004_F004,2025-11-24,3,36,11.460165023803711,3.446089267730713,5.467807292938232,1.0,8649,29.52400016784668,13.807451759573903,7.781801,33.74267,35.798054,41.50586,46.45188,26.742968,1.0,36.30103490685904,36.0,37.0,37.10617446899414,38.0,38.0,0
Mbalmayo,BIO_FP_FH__L2A_20251124T050104_20251206T050132_T_G01_M01_C___T004_F004,2025-11-24,3,37,11.46099853515625,3.446089267730713,16.90680694580078,1.0,8649,11.78219985961914,16.29784209213583,10.518865,36.45889,39.412357,43.243633,45.792652,30.846695,1.0,35.68723372760322,36.0,36.0,37.0,37.0,37.0,0
Mbalmayo,BIO_FP_FH__L2A_20251124T050104_20251206T050132_T_G01_M01_C___T004_F004,2025-11-24,3,38,11.461832046508789,3.446089267730713,16.374107360839844,0.9999999991178871,8649,21.648744583129883,12.564403871841602,5.5523887,37.583164,40.007828,42.83877,44.480606,30.350012,1.0,34.31567917990401,34.0,37.0,37.0,38.0,38.0,0
Mbalmayo,BIO_FP_FH__L2A_20251124T050104_20251206T050132_T_G01_M01_C___T004_F004,2025-11-24,3,39,11.462665557861328,3.446089267730713,15.652107238769531,0.9999999991178871,8649,28.116344451904297,22.077153382693012,23.075012,38.64245,41.486153,43.845726,45.08794,34.41706,1.0,32.734090957218186,33.0,34.0,34.0,35.0,35.0,0
Mbalmayo,BIO_FP_FH__L2A_20251124T050104_20251206T050132_T_G01_M01_C___T004_F004,2025-11-24,3,40,11.463499069213867,3.446089267730713,13.024506568908691,1.0,8649,34.15394592285156,13.191745221290937,11.453308,28.327354,32.032722,37.978626,39.56845,24.043583,1.0,34.18116333090731,34.0,36.0,36.0,36.0,36.0,0
Mbalmayo,BIO_FP_FH__L2A_20251124T050104_20251206T050132_T_G01_M01_C___T004_F004,2025-11-24,3,41,11.464332580566406,3.446089267730713,16.751907348632812,1.0,8649,27.13714599609375,14.724852711138029,12.461201,26.874332,31.29212,36.522976,38.53694,23.698195,1.0,34.820520077486066,35.0,36.0,36.0,36.0,36.0,0
Mbalmayo,BIO_FP_FH__L2A_20251124T050104_20251206T050132_T_G01_M01_C___T004_F004,2025-11-24,3,42,11.465166091918945,3.446089267730713,26.746307373046875,1.0,8649,7.894745349884033,16.871012426246892,17.462412,28.694881,31.567062,34.618874,39.43466,26.667326,1.0,33.88130747622762,34.0,35.0,35.046730041503906,36.0,36.0,0
Mbalmayo,BIO_FP_FH__L2A_20251124T050104_20251206T050132_T_G01_M01_C___T004_F004,2025-11-24,3,43,11.465999603271484,3.446089267730713,27.502107620239258,1.0,8649,3.86114501953125,15.643855237481166,13.282805,33.081512,38.968906,43.31935,45.967594,26.729956,1.0,30.783657536201773,32.0,35.0,36.0,37.0,37.0,0
Mbalmayo,BIO_FP_FH__L2A_20251124T050104_20251206T050132_T_G01_M01_C___T004_F004,2025-11-24,3,44,11.466833114624023,3.446089267730713,26.03650665283203,1.0000000035284515,8649,2.108145236968994,14.12649435439097,13.242412,32.193184,36.00105,38.589073,40.421352,26.901758,1.0,34.203676584098005,35.0,36.66904830932617,37.0,37.25792694091797,38.0,0
Mbalmayo,BIO_FP_FH__L2A_20251124T050104_20251206T050132_T_G01_M01_C___T004_F004,2025-11-24,3,45,11.467666625976562,3.446089267730713,19.788707733154297,0.9999999973536613,8649,12.267345428466797,12.839393959321672,11.048437,22.25581,35.043514,43.379536,45.783833,17.436617,1.0,30.01801126471061,31.0,34.0,35.0,36.56276321411133,37.0,0
Mbalmayo,BIO_FP_FH__L2A_20251124T050104_20251206T050132_T_G01_M01_C___T004_F004,2025-11-24,3,46,11.468500137329102,3.446089267730713,19.592546463012695,0.9999999991178871,8649,7.622208118438721,8.470129568545778,8.211256,17.41169,21.138426,28.797827,36.72519,14.057194,1.0,25.19635233866409,24.0,30.44420051574707,31.12552261352539,33.0,35.0,0
Mbalmayo,BIO_FP_FH__L2A_20251124T050104_20251206T050132_T_G01_M01_C___T004_F004,2025-11-24,3,47,11.46933364868164,3.446089267730713,22.855546951293945,0.9999999991178871,8649,8.104007720947266,16.930187459481193,17.336653,28.834469,32.360485,35.167404,47.184826,26.481718,1.0,32.49667928243375,32.0,36.89800720214841,37.0,38.07939529418945,39.0,0
Mbalmayo,BIO_FP_FH__L2A_20251124T050104_20251206T050132_T_G01_M01_C___T004_F004,2025-11-24,3,48,11.47016716003418,3.446089267730713,23.355146408081055,0.9772439207530653,8495,12.904607772827148,20.15008766388346,19.00123,36.42143,38.326782,45.544548,47.920948,33.139755,1.0,36.72192167047683,37.0,39.0,39.0,40.0,40.0,0
Mbalmayo,BIO_FP_FH__L2A_20251124T050104_20251206T050132_T_G01_M01_C___T004_F004,2025-11-24,4,3,11.432659149169922,3.445255756378174,28.694332122802734,1.0000000088211292,8649,0.0,21.28108829387508,21.610567,30.217165,32.37593,37.799294,40.308178,29.0361,1.0,32.24098772787058,32.0,33.0,33.0,33.0,34.0,0
Mbalmayo,BIO_FP_FH__L2A_20251124T050104_20251206T050132_T_G01_M01_C___T004_F004,2025-11-24,4,4,11.433492660522461,3.445255756378174,28.10453224182129,0.9999999964715484,8649,0.0,18.432825120681603,17.816494,30.595474,34.395153,36.615894,37.986908,26.978575,1.0,31.267414363164654,31.0,32.0,32.38447189331055,34.0,34.0,0
Mbalmayo,BIO_FP_FH__L2A_20251124T050104_20251206T050132_T_G01_M01_C___T004_F004,2025-11-24,4,5,11.434326171875,3.445255756378174,27.51473045349121,0.9999999964715484,8649,0.0,16.792734774112812,15.211344,30.861137,34.133442,37.499306,40.52172,26.018538,1.0,29.572748222355486,29.60943031311035,33.0,33.0,34.0,34.0,0
Mbalmayo,BIO_FP_FH__L2A_20251124T050104_20251206T050132_T_G01_M01_C___T004_F004,2025-11-24,4,6,11.435159683227539,3.445255756378174,27.242605209350586,0.9999999894146451,8649,0.0,20.395434721281905,20.718828,27.168959,28.995798,32.983696,35.335533,26.455992,1.0,31.124574123386537,31.0,32.0,33.0,33.0,33.0,0
Mbalmayo,BIO_FP_FH__L2A_20251124T050104_20251206T050132_T_G01_M01_C___T004_F004,2025-11-24,4,7,11.435993194580078,3.445255756378174,26.786205291748047,1.0000000070569033,8649,0.0,16.731391590191066,17.783829,24.15174,25.8241,27.273417,30.315502,22.61634,1.0,27.012278121390747,27.0,30.0,31.0,32.0,32.0,0
Mbalmayo,BIO_FP_FH__L2A_20251124T050104_20251206T050132_T_G01_M01_C___T004_F004,2025-11-24,4,8,11.436826705932617,3.445255756378174,22.172405242919922,1.0000000070569033,8649,17.29640007019043,7.780307453324037,7.5162406,14.707971,17.673965,20.67783,23.520706,13.552325,1.0,22.58220898582696,22.65597915649414,25.0,26.0,26.0,26.0,0
Mbalmayo,BIO_FP_FH__L2A_20251124T050104_20251206T050132_T_G01_M01_C___T004_F004,2025-11-24,4,9,11.437660217285156,3.445255756378174,13.388805389404297,1.0000000017642259,8649,50.50619888305664,8.491573717915271,8.852579,14.1514,15.9566345,24.644545,30.380142,13.538761,1.0,22.85061001124334,22.0,26.0,27.0,30.0,30.0,0
Mbalmayo,BIO_FP_FH__L2A_20251124T050104_20251206T050132_T_G01_M01_C___T004_F004,2025-11-24,4,10,11.438493728637695,3.445255756378174,4.3376054763793945,0.9999999964715484,8649,83.96520233154297,10.246568715743564,8.887979,18.846756,22.477102,28.519365,34.40944,17.232227,1.0,27.90469990885868,29.0,33.0,33.0,34.0,34.0,0
Mbalmayo,BIO_FP_FH__L2A_20251124T050104_20251206T050132_T_G01_M01_C___T004_F004,2025-11-24,4,11,11.439327239990234,3.445255756378174,5.571805477142334,0.9500532658586117,8258,73.59420013427734,13.291741366376414,11.122056,29.561474,33.258274,36.86775,39.2908,26.141794,0.8283199577285211,33.976848308440466,34.0,36.0,36.0,36.0,37.0,0
Mbalmayo,BIO_FP_FH__L2A_20251124T050104_20251206T050132_T_G01_M01_C___T004_F004,2025-11-24,4,14,11.441827774047852,3.445255756378174,23.107555389404297,0.910694189355034,7938,0.0,13.512510942278695,11.042365,26.435686,31.407864,39.505142,43.74895,24.910118,0.9506485966289543,29.83007244273953,30.0,33.0,33.0,33.0,33.0,0
Mbalmayo,BIO_FP_FH__L2A_20251124T050104_20251206T050132_T_G01_M01_C___T004_F004,2025-11-24,4,15,11.44266128540039,3.445255756378174,24.098356246948242,1.0000000048516209,8649,0.0,13.136928355681428,13.17524,20.042894,24.228481,33.85207,37.366405,18.042877,1.0,30.290109830669536,30.0,32.0,32.18535232543945,33.0,33.0,0
Mbalmayo,BIO_FP_FH__L2A_20251124T050104_20251206T050132_T_G01_M01_C___T004_F004,2025-11-24,4,16,11.44349479675293,3.445255756378174,24.7403564453125,0.9999999929430967,8649,0.0,12.827134188392431,11.679318,24.612907,28.237597,36.000835,38.381847,21.806496,1.0,30.938932263791898,31.0,33.0,33.0,33.0,34.0,0
Mbalmayo,BIO_FP_FH__L2A_20251124T050104_20251206T050132_T_G01_M01_C___T004_F004,2025-11-24,4,17,11.444328308105469,3.445255756378174,24.482555389404297,0.9999999947073226,8649,0.0,20.19495257779512,20.805323,31.071352,32.95024,37.404625,41.504036,29.114305,1.0,30.87786765224824,31.0,33.0,33.0,34.0,34.0,0
Mbalmayo,BIO_FP_FH__L2A_20251124T050104_20251206T050132_T_G01_M01_C___T004_F004,2025-11-24,4,18,11.445161819458008,3.445255756378174,23.032955169677734,1.0000000017642259,8649,0.0,18.224858889060126,17.640753,29.095844,32.806946,36.01586,38.602684,26.009933,1.0,31.59885352222144,32.0,33.0,33.0,34.0,34.0,0
Mbalmayo,BIO_FP_FH__L2A_20251124T050104_20251206T050132_T_G01_M01_C___T004_F004,2025-11-24,4,19,11.445995330810547,3.445255756378174,21.095556259155273,1.0000000035284515,8649,1.3143999576568604,24.114292136874155,24.327309,35.005444,36.501205,37.93396,39.64738,32.226658,1.0,33.078295221107105,33.0,35.0,35.0,37.0,37.0,0
Mbalmayo,BIO_FP_FH__L2A_20251124T050104_20251206T050132_T_G01_M01_C___T004_F004,2025-11-24,4,20,11.446828842163086,3.445255756378174,19.660554885864258,0.9999999964715484,8649,1.6141999959945679,21.325783905250827,23.01354,28.961468,31.713116,35.516052,39.96323,27.742315,1.0,31.157123570745977,31.0,34.0,34.0,34.0,34.0,0
Mbalmayo,BIO_FP_FH__L2A_20251124T050104_20251206T050132_T_G01_M01_C___T004_F004,2025-11-24,4,21,11.447662353515625,3.445255756378174,19.499755859375,1.0000000123495807,8649,0.07039999961853027,20.08394957637331,21.806284,30.300629,32.24639,36.164684,39.458145,27.720705,1.0,30.435943411876597,31.0,33.0,33.0,33.0,33.0,0
Mbalmayo,BIO_FP_FH__L2A_20251124T050104_20251206T050132_T_G01_M01_C___T004_F004,2025-11-24,4,22,11.448495864868164,3.445255756378174,19.880353927612305,0.9999999982357742,8649,0.1987999975681305,20.15800728915654,21.482094,28.899055,31.891405,34.88847,36.203537,26.745544,1.0,33.045953076014506,33.0,34.0,34.0,36.0,36.0,0
Mbalmayo,BIO_FP_FH__L2A_20251124T050104_20251206T050132_T_G01_M01_C___T004_F004,2025-11-24,4,23,11.449329376220703,3.445255756378174,26.188154220581055,1.0000000035284515,8649,0.7440000176429749,21.357409379491685,22.251492,31.502058,33.85282,37.95686,40.65285,29.61835,1.0,34.844834950800255,35.0,36.0,36.0,36.0,36.0,0
Mbalmayo,BIO_FP_FH__L2A_20251124T050104_20251206T050132_T_G01_M01_C___T004_F004,2025-11-24,4,24,11.450162887573242,3.445255756378174,28.336353302001953,1.0000000035284515,8649,0.9502000212669373,23.219978440243235,25.553383,35.954975,37.241795,41.27549,45.502228,32.76225,1.0,34.00573905700479,34.0,36.0,36.0,36.0,36.0,0
Mbalmayo,BIO_FP_FH__L2A_20251124T050104_20251206T050132_T_G01_M01_C___T004_F004,2025-11-24,4,25,11.450996398925781,3.445255756378174,23.210952758789062,1.0000000052926774,8649,0.5640000104904175,18.64482618633022,17.386978,33.80397,38.777706,45.640152,47.462124,28.65943,1.0,32.99831564179155,34.0,35.0,35.0,36.0,36.0,0
Mbalmayo,BIO_FP_FH__L2A_20251124T050104_20251206T050132_T_G01_M01_C___T004_F004,2025-11-24,4,26,11.45182991027832,3.445255756378174,14.02695369720459,0.9999999929430967,8649,12.790399551391602,12.419419313537613,12.664326,20.19984,23.626255,33.229702,36.927326,18.032898,1.0,29.15044498675158,29.0,31.0,32.0,34.0,34.0,0
Mbalmayo,BIO_FP_FH__L2A_20251124T050104_20251206T050132_T_G01_M01_C___T004_F004,2025-11-24,4,27,11.45266342163086,3.445255756378174,6.142353057861328,1.0000000035284515,8649,23.75779914855957,9.695793097355734,5.7748017,23.454681,28.379936,31.396984,38.052128,19.258387,1.0,24.61049682334029,24.0,28.0,28.0,29.0,29.0,0
Mbalmayo,BIO_FP_FH__L2A_20251124T050104_20251206T050132_T_G01_M01_C___T004_F004,2025-11-24,4,28,11.453496932983398,3.445255756378174,6.958353519439697,1.0,8649,17.34119987487793,13.210005452445731,13.244121,21.589907,23.243723,26.678371,35.30883,20.690258,1.0,27.490278095823587,27.0,32.0,33.0,36.0,36.0,0
Mbalmayo,BIO_FP_FH__L2A_20251124T050104_20251206T050132_T_G01_M01_C___T004_F004,2025-11-24,4,29,11.454330444335938,3.445255756378174,10.489152908325195,0.9999999876504193,8649,3.9303998947143555,8.334829457413562,5.051455,18.316767,31.543547,34.985107,38.253,16.44007,1.0,32.47114811369223,32.0,35.09925842285156,36.0,36.0,36.0,0
Mbalmayo,BIO_FP_FH__L2A_20251124T050104_20251206T050132_T_G01_M01_C___T004_F004,2025-11-24,4,30,11.455163955688477,3.445255756378174,18.21460723876953,0.9999999982357742,8649,2.721400022506714,9.580588087845312,9.617056,18.731043,26.667994,33.528423,38.174587,17.631378,1.0,32.60086111240076,32.0,34.0,35.0,36.0,36.0,0
Mbalmayo,BIO_FP_FH__L2A_20251124T050104_20251206T050132_T_G01_M01_C___T004_F004,2025-11-24,4,31,11.455997467041016,3.445255756378174,25.866607666015625,1.0000000052926774,8649,0.03440000116825104,17.325438542826266,16.301483,34.327488,35.860367,38.70642,40.869083,31.732855,1.0,34.98629999397834,35.0,37.0,38.0,38.0,38.0,0
Mbalmayo,BIO_FP_FH__L2A_20251124T050104_20251206T050132_T_G01_M01_C___T004_F004,2025-11-24,4,32,11.456830978393555,3.445255756378174,28.48200798034668,1.0000000123495807,8649,0.5483999848365784,22.20291321629898,23.02544,33.83115,36.510612,40.17494,42.49046,31.971287,1.0,35.234475796836584,35.0,37.0,37.0,37.0,37.0,0
Mbalmayo,BIO_FP_FH__L2A_20251124T050104_20251206T050132_T_G01_M01_C___T004_F004,2025-11-24,4,33,11.457664489746094,3.445255756378174,28.75440788269043,1.0000000035284515,8649,0.7095999717712402,12.801729257440568,10.294242,27.460524,30.846163,38.049683,41.67658,22.364756,1.0,34.41434114447135,34.0,36.0,36.0,36.0,36.0,0
Mbalmayo,BIO_FP_FH__L2A_20251124T050104_20251206T050132_T_G01_M01_C___T004_F004,2025-11-24,4,34,11.458498001098633,3.445255756378174,21.093406677246094,0.9999999876504193,8649,11.947600364685059,21.75172124973517,23.972832,35.931942,38.362206,40.93344,43.296913,33.488304,1.0,36.339732446757644,36.0,38.0,39.0,39.0,39.0,0
Mbalmayo,BIO_FP_FH__L2A_20251124T050104_20251206T050132_T_G01_M01_C___T004_F004,2025-11-24,4,35,11.459331512451172,3.445255756378174,12.039807319641113,1.0,8649,23.27440071105957,21.596764088062926,21.867641,37.238316,39.52523,44.360207,47.44655,33.624996,1.0,36.55147989136123,37.0,38.0,38.0,38.0,38.0,0
Mbalmayo,BIO_FP_FH__L2A_20251124T050104_20251206T050132_T_G01_M01_C___T004_F004,2025-11-24,4,36,11.460165023803711,3.445255756378174,3.909207344055176,1.0000000088211292,8649,31.94879913330078,13.251639808625324,8.156602,31.003973,34.035835,39.168903,47.057346,26.391113,1.0,34.193117196635164,34.0,36.0,36.0,36.0,36.0,0
Mbalmayo,BIO_FP_FH__L2A_20251124T050104_20251206T050132_T_G01_M01_C___T004_F004,2025-11-24,4,37,11.46099853515625,3.445255756378174,7.859007358551025,1.0000000035284515,8649,31.942399978637695,19.977276334072005,20.45368,37.907326,40.631264,44.916306,46.14106,31.33015,1.0,36.10725994906214,36.0,38.0,38.0,39.0,39.0,0
Mbalmayo,BIO_FP_FH__L2A_20251124T050104_20251206T050132_T_G01_M01_C___T004_F004,2025-11-24,4,38,11.461832046508789,3.445255756378174,5.201107025146484,0.999999991178871,8649,47.58474349975586,27.98526238428357,32.257465,39.386673,40.6494,43.34009,45.060535,38.189358,1.0,37.35038698840133,37.0,38.0,39.0,39.0,39.0,0
Mbalmayo,BIO_FP_FH__L2A_20251124T050104_20251206T050132_T_G01_M01_C___T004_F004,2025-11-24,4,39,11.462665557861328,3.445255756378174,2.7979071140289307,1.0000000052926774,8649,55.91914367675781,25.515760301040576,25.953047,38.401344,40.912655,46.148262,48.4458,34.923393,1.0,34.96373249988554,35.0,36.0,37.0,37.0,37.0,0
Mbalmayo,BIO_FP_FH__L2A_20251124T050104_20251206T050132_T_G01_M01_C___T004_F004,2025-11-24,4,40,11.463499069213867,3.445255756378174,2.0781071186065674,1.0000000123495807,8649,60.766746520996094,17.093601368111937,15.759064,31.451603,35.98333,41.12888,43.965347,26.641191,1.0,35.434607426077385,35.99357223510742,37.0,37.0,37.0,37.0,0
Mbalmayo,BIO_FP_FH__L2A_20251124T050104_20251206T050132_T_G01_M01_C___T004_F004,2025-11-24,4,41,11.464332580566406,3.445255756378174,4.227306842803955,0.9999999982357742,8649,60.83994674682617,25.660781423989327,25.723003,39.30232,40.6352,42.802155,44.44118,36.122494,1.0,35.583384105105914,36.0,37.0,37.0,37.0,37.0,0
Mbalmayo,BIO_FP_FH__L2A_20251124T050104_20251206T050132_T_G01_M01_C___T004_F004,2025-11-24,4,42,11.465166091918945,3.445255756378174,17.7661075592041,0.9999999788292903,8649,38.695743560791016,16.015506077394626,15.589561,29.829834,32.856937,41.607483,43.71085,26.575924,1.0,34.29863819197735,34.0,35.0,35.0,35.0,35.0,0
Mbalmayo,BIO_FP_FH__L2A_20251124T050104_20251206T050132_T_G01_M01_C___T004_F004,2025-11-24,4,43,11.465999603271484,3.445255756378174,18.877307891845703,1.0000000211707099,8649,40.97034454345703,10.133523776566056,6.9687614,30.756163,39.144226,41.658577,43.3383,24.0761,1.0,33.050750203595186,33.0,35.0,35.0,36.0,36.0,0
Mbalmayo,BIO_FP_FH__L2A_20251124T050104_20251206T050132_T_G01_M01_C___T004_F004,2025-11-24,4,44,11.466833114624023,3.445255756378174,13.298506736755371,1.0000000088211292,8649,51.20694351196289,10.855322272899588,5.592212,33.592148,36.27342,39.22977,40.882282,20.375723,1.0,35.15281755908512,35.0,37.0,38.0,38.0,38.0,0
Mbalmayo,BIO_FP_FH__L2A_20251124T050104_20251206T050132_T_G01_M01_C___T004_F004,2025-11-24,4,45,11.467666625976562,3.445255756378174,9.827707290649414,0.9999999823577419,8649,42.144744873046875,16.107703475567607,13.743795,34.49448,36.988655,39.56314,42.70552,28.677168,1.0,34.88508865143856,35.0,37.0,39.0,39.0,39.0,0
Mbalmayo,BIO_FP_FH__L2A_20251124T050104_20251206T050132_T_G01_M01_C___T004_F004,2025-11-24,4,46,11.468500137329102,3.445255756378174,9.011146545410156,0.9999999982357742,8649,24.09160804748535,15.387137893687587,13.854806,32.116962,37.185326,40.492157,45.128563,27.809925,1.0,33.89956669140888,34.0,36.88725280761719,37.0,38.0,38.0,0
Mbalmayo,BIO_FP_FH__L2A_20251124T050104_20251206T050132_T_G01_M01_C___T004_F004,2025-11-24,4,47,11.46933364868164,3.445255756378174,21.036746978759766,0.9999999964715484,8649,11.123208045959473,18.3629177784215,15.686819,34.305687,38.533726,42.577633,45.870716,27.87189,1.0,35.78243971670386,35.410675048828125,38.0,38.0,38.0,38.0,0
Mbalmayo,BIO_FP_FH__L2A_20251124T050104_20251206T050132_T_G01_M01_C___T004_F004,2025-11-24,4,48,11.47016716003418,3.445255756378174,25.497346878051758,0.9999999964715484,8649,9.825407981872559,19.194114679568727,19.404705,31.505383,33.674065,37.195156,40.141544,29.041521,1.0,37.43746571668188,38.0,39.0,39.0,39.0,39.0,0
Mbalmayo,BIO_FP_FH__L2A_20251124T050104_20251206T050132_T_G01_M01_C___T004_F004,2025-11-24,5,2,11.431825637817383,3.4444222450256348,28.878332138061523,0.9639560462615575,8391,0.5641999840736389,11.468871743480252,11.733697,19.729156,22.707146,28.902029,31.071104,17.603432,1.0,28.161632400011655,29.0,32.0,32.0,34.0,34.0,0
Mbalmayo,BIO_FP_FH__L2A_20251124T050104_20251206T050132_T_G01_M01_C___T004_F004,2025-11-24,5,3,11.432659149169922,3.4444222450256348,30.748931884765625,1.0,8649,0.5645999908447266,15.149916062369927,16.63545,28.98075,30.884016,32.636826,34.831593,28.012014,1.0,32.52628385341158,32.71514892578125,34.0,34.0,34.0,34.0,0
Mbalmayo,BIO_FP_FH__L2A_20251124T050104_20251206T050132_T_G01_M01_C___T004_F004,2025-11-24,5,4,11.433492660522461,3.4444222450256348,29.23253059387207,1.0,8649,0.24899999797344208,6.944157256709591,1.0164735,27.073948,30.548897,36.26469,39.33689,19.026217,1.0,27.68328219323451,28.0,32.0,32.0,33.0,33.0,0
Mbalmayo,BIO_FP_FH__L2A_20251124T050104_20251206T050132_T_G01_M01_C___T004_F004,2025-11-24,5,5,11.434326171875,3.4444222450256348,27.911531448364258,1.0,8649,0.0,13.143475254996964,11.640292,24.874554,31.960337,36.986473,38.729614,22.144854,1.0,24.271890801464924,24.0,27.0,28.0,28.0,30.0,0
Mbalmayo,BIO_FP_FH__L2A_20251124T050104_20251206T050132_T_G01_M01_C___T004_F004,2025-11-24,5,6,11.435159683227539,3.4444222450256348,27.583005905151367,1.0,8649,0.0,15.485798349158863,16.394602,25.023243,27.44858,32.192112,34.528732,22.677067,1.0,26.469332199149605,27.0,30.0,31.0,31.0,31.0,0
Mbalmayo,BIO_FP_FH__L2A_20251124T050104_20251206T050132_T_G01_M01_C___T004_F004,2025-11-24,5,7,11.435993194580078,3.4444222450256348,27.136804580688477,1.0,8649,0.0,12.088540735155437,12.405885,22.60864,24.107323,27.283144,29.82468,21.547283,1.0,25.126910508581773,25.0,28.0,30.0,30.0,30.0,0
Mbalmayo,BIO_FP_FH__L2A_20251124T050104_20251206T050132_T_G01_M01_C___T004_F004,2025-11-24,5,8,11.436826705932617,3.4444222450256348,20.73300552368164,1.0,8649,23.356800079345703,7.964428662950558,8.316456,16.049856,17.85954,20.940096,22.784258,15.493579,1.0,25.317042425638377,25.0,27.0,29.0,31.0,31.0,0
Mbalmayo,BIO_FP_FH__L2A_20251124T050104_20251206T050132_T_G01_M01_C___T004_F004,2025-11-24,5,9,11.437660217285156,3.4444222450256348,9.427804946899414,0.9944096059244566,8620,65.1488037109375,11.472585061474941,10.345128,21.62598,24.045563,27.401886,32.10535,20.213173,0.9993444669917217,29.779045714789294,30.0,33.0,33.0,33.0,33.0,0
Mbalmayo,BIO_FP_FH__L2A_20251124T050104_20251206T050132_T_G01_M01_C___T004_F004,2025-11-24,5,13,11.440994262695312,3.4444222450256348,23.594804763793945,0.9777251627420687,8481,0.0,15.161382116457718,14.412535,29.345987,33.249706,35.54875,37.844215,27.04768,0.9382520628304188,26.643594740096972,27.0,30.0,30.0,31.0,31.0,0
Mbalmayo,BIO_FP_FH__L2A_20251124T050104_20251206T050132_T_G01_M01_C___T004_F004,2025-11-24,5,14,11.441827774047852,3.4444222450256348,24.209754943847656,1.0,8649,0.0,14.304643902451692,11.820974,27.38217,31.127245,36.7273,44.633083,24.383596,1.0,26.16643582587849,25.0,31.0,31.0,32.0,32.0,0
Mbalmayo,BIO_FP_FH__L2A_20251124T050104_20251206T050132_T_G01_M01_C___T004_F004,2025-11-24,5,15,11.44266128540039,3.4444222450256348,25.030155181884766,1.0000000070569033,8649,0.0,18.43253401178589,18.505518,28.960438,30.729654,34.677414,36.56771,27.537514,1.0,29.35263448352,30.0,32.0,33.0,33.0,33.0,0
Mbalmayo,BIO_FP_FH__L2A_20251124T050104_20251206T050132_T_G01_M01_C___T004_F004,2025-11-24,5,16,11.44349479675293,3.4444222450256348,25.89275550842285,1.0,8649,0.027400000020861626,14.845383390827335,14.97627,24.467693,26.743004,32.28568,34.284363,22.47422,1.0,30.772899934881366,31.0,32.0,33.0,33.0,34.0,0
Mbalmayo,BIO_FP_FH__L2A_20251124T050104_20251206T050132_T_G01_M01_C___T004_F004,2025-11-24,5,17,11.444328308105469,3.4444222450256348,26.89395523071289,1.0,8649,0.14259999990463257,16.366192928282896,16.37017,25.170599,27.971172,34.88977,37.15881,23.169765,1.0,32.21329720429098,32.0,33.0,34.0,34.0,35.0,0
Mbalmayo,BIO_FP_FH__L2A_20251124T050104_20251206T050132_T_G01_M01_C___T004_F004,2025-11-24,5,18,11.445161819458008,3.4444222450256348,26.825756072998047,1.0,8649,0.27079999446868896,22.616278853136922,22.973564,31.606754,33.553802,35.467487,37.666256,29.132072,1.0,34.60827367608155,35.0,37.0,38.0,38.0,38.0,0
Mbalmayo,BIO_FP_FH__L2A_20251124T050104_20251206T050132_T_G01_M01_C___T004_F004,2025-11-24,5,19,11.445995330810547,3.4444222450256348,25.988956451416016,1.0,8649,0.3917999863624573,24.806051063074488,25.576439,36.749527,38.006214,39.18493,42.914577,34.739056,1.0,35.59847009001419,36.0,37.0,38.0,38.0,38.0,0
Mbalmayo,BIO_FP_FH__L2A_20251124T050104_20251206T050132_T_G01_M01_C___T004_F004,2025-11-24,5,20,11.446828842163086,3.4444222450256348,25.986955642700195,1.0,8649,0.5049999952316284,23.284604230799804,24.053791,33.798965,34.96469,37.756138,41.109776,30.887197,1.0,33.97980246409914,34.0,35.0,35.0,36.0,36.0,0
Mbalmayo,BIO_FP_FH__L2A_20251124T050104_20251206T050132_T_G01_M01_C___T004_F004,2025-11-24,5,21,11.447662353515625,3.4444222450256348,25.90935516357422,1.0,8649,0.6194000244140625,27.737102972977368,28.464193,36.619076,40.149292,47.32877,48.6799,35.216995,1.0,34.913897514453524,35.0,38.0,38.0,39.0,39.0,0
Mbalmayo,BIO_FP_FH__L2A_20251124T050104_20251206T050132_T_G01_M01_C___T004_F004,2025-11-24,5,22,11.448495864868164,3.4444222450256348,26.099153518676758,1.0,8649,0.7310000061988831,22.37887587708839,22.095043,36.309402,38.438446,41.791664,45.222553,32.439205,1.0,36.518617829141874,37.0,38.0,38.71514892578125,39.0,39.0,0
Mbalmayo,BIO_FP_FH__L2A_20251124T050104_20251206T050132_T_G01_M01_C___T004_F004,2025-11-24,5,23,11.449329376220703,3.4444222450256348,27.106353759765625,1.0,8649,0.8335999846458435,19.047087045829,19.85854,32.49927,35.30616,40.826347,44.071304,29.152126,1.0,36.654020842464966,36.609188079833984,39.0,39.0,40.0,40.0,0
Mbalmayo,BIO_FP_FH__L2A_20251124T050104_20251206T050132_T_G01_M01_C___T004_F004,2025-11-24,5,24,11.450162887573242,3.4444222450256348,28.93155288696289,1.0,8649,1.0088000297546387,19.324339338362815,21.095196,33.779045,36.12409,38.01462,39.55561,30.224428,1.0,35.114872556543716,35.0,37.0,37.0,37.0,37.0,0
Mbalmayo,BIO_FP_FH__L2A_20251124T050104_20251206T050132_T_G01_M01_C___T004_F004,2025-11-24,5,25,11.450996398925781,3.4444222450256348,19.991153717041016,1.0,8649,12.477999687194824,19.529434908027664,19.34443,33.58377,36.11114,38.964592,42.704258,27.151222,1.0,34.503970744582546,35.0,36.0,37.0,37.0,37.0,0
Mbalmayo,BIO_FP_FH__L2A_20251124T050104_20251206T050132_T_G01_M01_C___T004_F004,2025-11-24,5,26,11.45182991027832,3.4444222450256348,9.423152923583984,1.0,8649,25.45639991760254,18.128334132739333,19.06502,28.622269,30.634464,38.96458,41.27324,25.516317,1.0,32.22974501715766,32.642906188964844,35.0,36.0,36.0,36.0,0
Mbalmayo,BIO_FP_FH__L2A_20251124T050104_20251206T050132_T_G01_M01_C___T004_F004,2025-11-24,5,27,11.45266342163086,3.4444222450256348,2.5835533142089844,1.0,8649,46.22119903564453,25.033254329890017,24.689999,38.302895,39.93007,41.375412,42.765545,34.85937,1.0,30.943751678616756,32.0,33.0,34.0,34.0,34.0,0
Mbalmayo,BIO_FP_FH__L2A_20251124T050104_20251206T050132_T_G01_M01_C___T004_F004,2025-11-24,5,28,11.453496932983398,3.4444222450256348,3.6709532737731934,1.0,8649,36.67499923706055,19.632147937306698,19.826864,29.705618,31.633965,36.129498,39.239918,27.698048,1.0,34.76671264344991,35.649261474609375,39.0,39.0,40.0,40.0,0
Mbalmayo,BIO_FP_FH__L2A_20251124T050104_20251206T050132_T_G01_M01_C___T004_F004,2025-11-24,5,29,11.454330444335938,3.4444222450256348,6.282553195953369,1.0,8649,29.003799438476562,19.355261996848444,18.455614,33.191055,35.39435,38.000443,42.338768,30.236032,1.0,36.795509395716245,37.0,38.0,38.0,39.0,39.0,0
Mbalmayo,BIO_FP_FH__L2A_20251124T050104_20251206T050132_T_G01_M01_C___T004_F004,2025-11-24,5,30,11.455163955688477,3.4444222450256348,12.2174072265625,1.0,8649,29.753400802612305,18.562260319337856,18.660286,23.681211,24.979895,27.730267,34.447613,22.374037,1.0,35.49066868637708,36.0,37.0,38.0,38.0,38.0,0
Mbalmayo,BIO_FP_FH__L2A_20251124T050104_20251206T050132_T_G01_M01_C___T004_F004,2025-11-24,5,31,11.455997467041016,3.4444222450256348,22.71820831298828,1.0,8649,4.871399879455566,18.168685844281132,17.705254,31.61167,38.460785,42.105465,44.37679,28.49988,1.0,36.57957093830618,37.0,37.0,38.0,38.0,38.0,0
Mbalmayo,BIO_FP_FH__L2A_20251124T050104_20251206T050132_T_G01_M01_C___T004_F004,2025-11-24,5,32,11.456830978393555,3.4444222450256348,25.77480697631836,1.0,8649,0.29280000925064087,19.009531166446266,19.313786,28.981207,32.955845,37.754856,44.897022,27.338423,1.0,34.62254325116021,35.0,37.0,37.0,37.0,37.0,0
Mbalmayo,BIO_FP_FH__L2A_20251124T050104_20251206T050132_T_G01_M01_C___T004_F004,2025-11-24,5,33,11.457664489746094,3.4444222450256348,24.215606689453125,1.0,8649,0.17839999496936798,17.399005891215747,16.106537,29.540964,31.545687,35.045933,41.1789,26.844349,1.0,32.380164838110126,32.0,33.0,33.79478454589844,34.0,34.0,0
Mbalmayo,BIO_FP_FH__L2A_20251124T050104_20251206T050132_T_G01_M01_C___T004_F004,2025-11-24,5,34,11.458498001098633,3.4444222450256348,18.324207305908203,1.0,8649,8.123800277709961,15.368768415694733,15.391027,28.38404,32.97123,38.370975,43.170345,25.968084,1.0,33.34019597702211,33.0,35.0,35.589569091796875,37.0,37.0,0
Mbalmayo,BIO_FP_FH__L2A_20251124T050104_20251206T050132_T_G01_M01_C___T004_F004,2025-11-24,5,35,11.459331512451172,3.4444222450256348,12.010807037353516,1.0,8649,19.108200073242188,13.745029399623512,12.468073,28.456606,31.84087,40.963345,45.01425,25.6664,1.0,32.720618669746074,33.0,35.0,36.0,37.0,37.0,0
Mbalmayo,BIO_FP_FH__L2A_20251124T050104_20251206T050132_T_G01_M01_C___T004_F004,2025-11-24,5,36,11.460165023803711,3.4444222450256348,7.692007541656494,1.0,8649,29.752199172973633,19.19108609241314,23.683075,32.476078,36.05862,41.294994,45.050106,29.485174,1.0,32.96074892035908,33.0,35.0,35.0,36.0,36.0,0
Mbalmayo,BIO_FP_FH__L2A_20251124T050104_20251206T050132_T_G01_M01_C___T004_F004,2025-11-24,5,37,11.46099853515625,3.4444222450256348,2.5492074489593506,1.0,8649,53.68239974975586,25.93289791111147,27.809973,38.115265,39.78824,41.8067,44.15577,34.527473,1.0,35.42262045465214,36.0,38.0,39.0,39.0,39.0,0
Mbalmayo,BIO_FP_FH__L2A_20251124T050104_20251206T050132_T_G01_M01_C___T004_F004,2025-11-24,5,38,11.461832046508789,3.4444222450256348,2.16530704498291,1.0,8649,68.21354675292969,25.641208013119293,26.767902,35.443386,38.445347,42.290527,43.67713,31.489283,1.0,35.57048290216078,36.0,38.0,38.0,39.0,39.0,0
Mbalmayo,BIO_FP_FH__L2A_20251124T050104_20251206T050132_T_G01_M01_C___T004_F004,2025-11-24,5,39,11.462665557861328,3.4444222450256348,1.9369070529937744,1.0,8649,77.38634490966797,15.753671283349231,16.02019,31.03834,33.070026,39.90351,44.24388,26.058691,1.0,36.20604133054636,36.0,37.0,37.0,38.0,38.0,0
Mbalmayo,BIO_FP_FH__L2A_20251124T050104_20251206T050132_T_G01_M01_C___T004_F004,2025-11-24,5,40,11.463499069213867,3.4444222450256348,1.8357070684432983,1.0,8649,81.94474792480469,19.55927951163068,19.057653,33.940533,35.959106,38.42057,40.91383,30.982256,1.0,35.76222192087481,36.0,37.0,37.0,37.0,37.0,0
Mbalmayo,BIO_FP_FH__L2A_20251124T050104_20251206T050132_T_G01_M01_C___T004_F004,2025-11-24,5,41,11.464332580566406,3.4444222450256348,1.8029069900512695,1.0,8649,86.2739486694336,19.299905177802348,18.5077,33.40759,37.785152,42.048748,44.163925,29.544434,1.0,34.83274791866165,35.0,36.0,36.0,37.0,37.0,0
Mbalmayo,BIO_FP_FH__L2A_20251124T050104_20251206T050132_T_G01_M01_C___T004_F004,2025-11-24,5,42,11.465166091918945,3.4444222450256348,7.593307018280029,1.0,8649,79.35454559326172,14.169809811376314,13.075834,29.277378,32.441013,35.545227,42.004272,24.532234,1.0,32.91447360232491,33.0,34.0,34.0,35.0,35.0,0
Mbalmayo,BIO_FP_FH__L2A_20251124T050104_20251206T050132_T_G01_M01_C___T004_F004,2025-11-24,5,43,11.465999603271484,3.4444222450256348,4.5051069259643555,1.0,8649,89.87974548339844,5.264568186396187,1.722245,14.611574,20.896967,30.263262,32.75958,11.524985,1.0,25.816625563998294,25.0,31.0,31.0,32.0,32.0,0
Mbalmayo,BIO_FP_FH__L2A_20251124T050104_20251206T050132_T_G01_M01_C___T004_F004,2025-11-24,5,44,11.466833114624023,3.4444222450256348,1.8315070867538452,1.0,8649,92.5241470336914,11.56111000176592,7.6131988,32.013176,33.925407,36.75292,39.866447,21.71922,1.0,28.337315490692664,29.0,34.0,34.0,35.0,35.0,0
Mbalmayo,BIO_FP_FH__L2A_20251124T050104_20251206T050132_T_G01_M01_C___T004_F004,2025-11-24,5,45,11.467666625976562,3.4444222450256348,5.7317070960998535,1.0,8649,58.840545654296875,10.561400619155755,8.214446,25.697811,30.76323,36.615738,40.637333,18.732618,1.0,32.95622868824038,33.986839294433594,36.0,36.0,37.0,37.0,0
Mbalmayo,BIO_FP_FH__L2A_20251124T050104_20251206T050132_T_G01_M01_C___T004_F004,2025-11-24,5,46,11.468500137329102,3.4444222450256348,9.663546562194824,1.0,8649,26.3468074798584,19.151499335070348,19.60678,35.58317,38.63318,41.877792,44.964447,30.60648,1.0,35.525633996863604,36.0,38.0,39.0,39.0,39.0,0
Mbalmayo,BIO_FP_FH__L2A_20251124T050104_20251206T050132_T_G01_M01_C___T004_F004,2025-11-24,5,47,11.46933364868164,3.4444222450256348,21.70354652404785,1.0,8649,13.102007865905762,26.603649000471513,28.54794,40.41133,41.958412,43.47745,45.089897,35.900406,1.0,36.90608760786547,37.0,38.0,38.0,39.0,39.0,0
Mbalmayo,BIO_FP_FH__L2A_20251124T050104_20251206T050132_T_G01_M01_C___T004_F004,2025-11-24,5,48,11.47016716003418,3.4444222450256348,32.7391471862793,0.988433657939592,8577,0.4568079113960266,19.460886942713984,17.512402,33.847446,39.08325,42.313545,47.117603,29.59036,1.0,36.695414984318575,36.046512603759766,39.0,39.0,41.0,41.0,0
Mbalmayo,BIO_FP_FH__L2A_20251124T050104_20251206T050132_T_G01_M01_C___T004_F004,2025-11-24,6,2,11.431825637817383,3.4435887336730957,29.607131958007812,0.9956700676423936,8625,0.6105999946594238,11.815377242544246,11.1700115,18.962204,27.697205,31.818596,32.901043,17.44707,1.0,25.844572945845197,26.0,29.0,30.0,31.0,32.0,0
Mbalmayo,BIO_FP_FH__L2A_20251124T050104_20251206T050132_T_G01_M01_C___T004_F004,2025-11-24,6,3,11.432659149169922,3.4435887336730957,31.6307315826416,1.0,8649,0.8881999850273132,11.499477450427795,10.792693,24.552343,29.121132,33.014874,35.066605,21.516495,1.0,26.870829724344798,27.0,31.0,32.0,33.0,34.0,0
Mbalmayo,BIO_FP_FH__L2A_20251124T050104_20251206T050132_T_G01_M01_C___T004_F004,2025-11-24,6,4,11.433492660522461,3.4435887336730957,29.152530670166016,1.0,8649,0.36820000410079956,6.4844219707480635,4.675113,16.340078,19.373674,22.890924,29.183565,13.297387,1.0,23.852801146624696,24.0,28.0,29.0,31.0,31.0,0
Mbalmayo,BIO_FP_FH__L2A_20251124T050104_20251206T050132_T_G01_M01_C___T004_F004,2025-11-24,6,5,11.434326171875,3.4435887336730957,27.24513053894043,1.0,8649,0.0,3.7799264072255463,2.6654117,9.215857,10.953935,14.874567,17.371155,7.9340844,1.0,17.449274190575668,17.0,21.0,21.0,23.0,24.0,0
Mbalmayo,BIO_FP_FH__L2A_20251124T050104_20251206T050132_T_G01_M01_C___T004_F004,2025-11-24,6,6,11.435159683227539,3.4435887336730957,26.710004806518555,1.0,8649,0.0,8.797410082632386,4.6442113,22.990175,24.79408,27.948736,30.54314,20.513456,1.0,20.82733549042401,21.0,25.0,26.0,27.0,27.0,0
Mbalmayo,BIO_FP_FH__L2A_20251124T050104_20251206T050132_T_G01_M01_C___T004_F004,2025-11-24,6,7,11.435993194580078,3.4435887336730957,23.08880615234375,1.0,8649,12.428400039672852,5.518838770197422,3.1877549,13.818241,15.82937,23.045794,30.017344,12.306889,1.0,22.723815818951575,22.0,25.0,27.0,29.0,29.0,0
Mbalmayo,BIO_FP_FH__L2A_20251124T050104_20251206T050132_T_G01_M01_C___T004_F004,2025-11-24,6,8,11.436826705932617,3.4435887336730957,12.117605209350586,0.9914821660481432,8593,54.58340072631836,10.88413627977262,9.991048,19.098894,21.338797,25.874866,30.27473,18.03988,0.9397026462828663,28.588153141169204,30.0,31.0,31.0,31.0,31.0,0
Mbalmayo,BIO_FP_FH__L2A_20251124T050104_20251206T050132_T_G01_M01_C___T004_F004,2025-11-24,6,12,11.440160751342773,3.4435887336730957,15.263805389404297,0.9998207070232333,8649,38.349998474121094,20.25250371375694,20.585667,30.388287,31.933796,36.449074,39.28811,28.989134,1.0,28.895941045494048,29.0,31.0,31.0,32.0,32.0,0
Mbalmayo,BIO_FP_FH__L2A_20251124T050104_20251206T050132_T_G01_M01_C___T004_F004,2025-11-24,6,13,11.440994262695312,3.4435887336730957,25.187604904174805,1.0,8649,0.0,23.910332531443302,25.737331,35.77992,37.257263,39.160732,40.52994,35.160915,1.0,23.92508825658718,24.0,27.0,27.0,28.0,28.0,0
Mbalmayo,BIO_FP_FH__L2A_20251124T050104_20251206T050132_T_G01_M01_C___T004_F004,2025-11-24,6,14,11.441827774047852,3.4435887336730957,25.878755569458008,0.9999999858861935,8649,0.0,21.25105660544008,22.21918,32.604134,33.663708,35.485012,39.63081,30.461658,1.0,26.644957041269038,27.0,31.0,31.0,32.0,32.0,0
Mbalmayo,BIO_FP_FH__L2A_20251124T050104_20251206T050132_T_G01_M01_C___T004_F004,2025-11-24,6,15,11.44266128540039,3.4435887336730957,26.583955764770508,0.9999999982357742,8649,0.08820000290870667,21.26049218481219,22.802671,32.92952,33.98048,35.164047,37.250977,31.108725,1.0,28.40766069414657,30.0,32.0,32.0,33.0,33.0,0
Mbalmayo,BIO_FP_FH__L2A_20251124T050104_20251206T050132_T_G01_M01_C___T004_F004,2025-11-24,6,16,11.44349479675293,3.4435887336730957,27.609556198120117,1.0,8649,0.5424000024795532,15.161100350745029,15.75478,27.215893,29.565088,33.31446,36.231483,24.705673,1.0,27.87501995978927,28.0,30.0,31.0,31.0,31.0,0
Mbalmayo,BIO_FP_FH__L2A_20251124T050104_20251206T050132_T_G01_M01_C___T004_F004,2025-11-24,6,17,11.444328308105469,3.4435887336730957,28.602556228637695,1.0,8649,0.6732000112533569,19.563949544383743,17.362904,34.348186,37.60304,40.404118,41.56239,29.739532,1.0,31.39094109589798,31.0,33.0,33.629051208496094,34.0,34.0,0
Mbalmayo,BIO_FP_FH__L2A_20251124T050104_20251206T050132_T_G01_M01_C___T004_F004,2025-11-24,6,18,11.445161819458008,3.4435887336730957,29.917755126953125,1.0,8649,0.8118000030517578,21.762690005708752,21.68642,32.299633,34.000916,36.650223,39.87077,29.703482,1.0,34.19245837032209,34.0,36.0,36.0,38.0,38.0,0
Mbalmayo,BIO_FP_FH__L2A_20251124T050104_20251206T050132_T_G01_M01_C___T004_F004,2025-11-24,6,19,11.445995330810547,3.4435887336730957,31.255556106567383,1.0,8649,0.9534000158309937,19.817065816405798,18.86164,32.567173,36.92238,39.92065,43.740948,30.797884,1.0,35.17446397844664,35.0,36.0,36.0,36.0,36.0,0
Mbalmayo,BIO_FP_FH__L2A_20251124T050104_20251206T050132_T_G01_M01_C___T004_F004,2025-11-24,6,20,11.446828842163086,3.4435887336730957,31.18875503540039,1.0,8649,1.0670000314712524,27.490540362325124,28.17491,35.70921,37.103508,40.464954,43.47849,34.265057,1.0,34.680464862881266,35.0,36.0,36.0,37.0,37.0,0
Mbalmayo,BIO_FP_FH__L2A_20251124T050104_20251206T050132_T_G01_M01_C___T004_F004,2025-11-24,6,21,11.447662353515625,3.4435887336730957,31.0047550201416,1.0,8649,1.1172000169754028,26.95704096029888,28.25581,42.465702,43.997993,47.492786,48.688934,40.430992,1.0,37.452185873489654,38.0,39.0,39.0,39.0,39.0,0
Mbalmayo,BIO_FP_FH__L2A_20251124T050104_20251206T050132_T_G01_M01_C___T004_F004,2025-11-24,6,22,11.448495864868164,3.4435887336730957,30.35615348815918,0.9999999964715484,8649,0.9297999739646912,21.55057594192784,21.36958,35.99008,38.95656,42.642418,45.195404,32.00265,1.0,36.313566934085195,36.0,38.0,38.0,39.0,39.0,0
Mbalmayo,BIO_FP_FH__L2A_20251124T050104_20251206T050132_T_G01_M01_C___T004_F004,2025-11-24,6,23,11.449329376220703,3.4435887336730957,29.908952713012695,0.9999999964715484,8649,0.7968000173568726,9.48700432271669,4.9238353,23.654476,28.0313,39.071674,43.53079,19.343666,1.0,34.887255193291544,35.0,37.0,38.0,39.0,40.0,0
Mbalmayo,BIO_FP_FH__L2A_20251124T050104_20251206T050132_T_G01_M01_C___T004_F004,2025-11-24,6,24,11.450162887573242,3.4435887336730957,21.82395362854004,1.0000000070569033,8649,10.589599609375,17.729920275271162,17.906025,34.70442,36.78474,39.516556,46.674477,30.134878,1.0,36.369877377167256,36.0,38.0,38.0,38.0,38.0,0
Mbalmayo,BIO_FP_FH__L2A_20251124T050104_20251206T050132_T_G01_M01_C___T004_F004,2025-11-24,6,25,11.450996398925781,3.4435887336730957,10.842153549194336,1.0,8649,23.870399475097656,17.542174029783066,18.244968,30.257284,32.702522,36.72545,38.987686,27.317778,1.0,33.421320079750984,34.0,36.0,36.0,37.0,37.0,0
Mbalmayo,BIO_FP_FH__L2A_20251124T050104_20251206T050132_T_G01_M01_C___T004_F004,2025-11-24,6,26,11.45182991027832,3.4435887336730957,2.7627532482147217,1.0000000070569033,8649,42.44380187988281,20.61915239154533,21.463757,30.124138,31.829313,33.9455,35.681248,28.257793,1.0,32.658335291094716,33.0,34.0,34.0,35.0,35.0,0
Mbalmayo,BIO_FP_FH__L2A_20251124T050104_20251206T050132_T_G01_M01_C___T004_F004,2025-11-24,6,27,11.45266342163086,3.4435887336730957,2.032353401184082,1.0,8649,76.4718017578125,18.653592934786538,19.745092,28.786524,30.850126,36.035557,42.558647,25.143064,1.0,31.580268913231112,32.0,32.0,33.0,33.0,33.0,0
Mbalmayo,BIO_FP_FH__L2A_20251124T050104_20251206T050132_T_G01_M01_C___T004_F004,2025-11-24,6,28,11.453496932983398,3.4435887336730957,2.101553201675415,1.0000000035284515,8649,70.52359771728516,16.67479271661111,14.643927,32.87159,36.176083,40.093174,43.08181,29.813137,1.0,36.5029393479595,37.0,39.0,39.0,40.0,40.0,0
Mbalmayo,BIO_FP_FH__L2A_20251124T050104_20251206T050132_T_G01_M01_C___T004_F004,2025-11-24,6,29,11.454330444335938,3.4435887336730957,2.265153408050537,0.9999999929430967,8649,59.84120178222656,19.688800048749087,20.152699,34.05034,35.991287,40.672703,44.478374,30.29907,1.0,38.24196432543457,38.0,39.0,39.0,40.0,40.0,0
Mbalmayo,BIO_FP_FH__L2A_20251124T050104_20251206T050132_T_G01_M01_C___T004_F004,2025-11-24,6,30,11.455163955688477,3.4435887336730957,7.961207389831543,0.9999999753008386,8649,42.1068000793457,21.4790799738577,20.459648,34.098484,36.94472,40.48129,45.80869,30.549232,1.0,37.31049704179556,37.0,38.0,38.0,39.0,39.0,0
Mbalmayo,BIO_FP_FH__L2A_20251124T050104_20251206T050132_T_G01_M01_C___T004_F004,2025-11-24,6,31,11.455997467041016,3.4435887336730957,20.109407424926758,1.0000000035284515,8649,10.8858003616333,19.92715078347169,17.76699,37.664677,40.78784,45.141823,47.279896,30.291414,1.0,37.59841756460115,37.861019134521484,39.0,39.0,39.0,39.0,0
Mbalmayo,BIO_FP_FH__L2A_20251124T050104_20251206T050132_T_G01_M01_C___T004_F004,2025-11-24,6,32,11.456830978393555,3.4435887336730957,25.10540771484375,1.0,8649,0.0,16.79165808547231,16.9641,26.680408,32.06303,41.982727,44.88088,22.502626,1.0,35.57067113623397,35.0,37.0,37.0,38.0,38.0,0
Mbalmayo,BIO_FP_FH__L2A_20251124T050104_20251206T050132_T_G01_M01_C___T004_F004,2025-11-24,6,33,11.457664489746094,3.4435887336730957,25.40180778503418,1.0,8649,0.0,17.85633872503324,17.000572,29.74502,32.18835,39.050575,43.086266,27.15108,1.0,32.58192724866775,33.0,34.0,34.0,34.0,34.0,0
Mbalmayo,BIO_FP_FH__L2A_20251124T050104_20251206T050132_T_G01_M01_C___T004_F004,2025-11-24,6,34,11.458498001098633,3.4435887336730957,27.46940803527832,1.0,8649,0.2460000067949295,21.830760217040986,23.4124,31.392218,32.854984,36.95104,40.06258,29.532093,1.0,30.96575605013368,31.0,33.0,33.0,33.0,33.0,0
Mbalmayo,BIO_FP_FH__L2A_20251124T050104_20251206T050132_T_G01_M01_C___T004_F004,2025-11-24,6,35,11.459331512451172,3.4435887336730957,27.261608123779297,0.9999999788292903,8649,5.512199878692627,21.418456863686448,23.225824,29.01637,30.613588,33.82624,39.43373,27.133709,1.0,29.82726625227931,30.0,31.0,32.0,33.0,33.0,0
Mbalmayo,BIO_FP_FH__L2A_20251124T050104_20251206T050132_T_G01_M01_C___T004_F004,2025-11-24,6,36,11.460165023803711,3.4435887336730957,22.17220687866211,0.9999999929430967,8649,19.861000061035156,23.461767162203593,25.231403,32.914154,34.525356,40.441097,42.088364,30.227636,1.0,30.748622819969096,31.0,31.953815460205078,32.0,33.0,33.0,0
Mbalmayo,BIO_FP_FH__L2A_20251124T050104_20251206T050132_T_G01_M01_C___T004_F004,2025-11-24,6,37,11.46099853515625,3.4435887336730957,13.736607551574707,1.0000000035284515,8649,50.29399871826172,27.2197325636209,28.761955,33.395878,35.086933,40.42993,42.54538,32.205376,1.0,30.870593994445837,31.0,33.0,33.0,33.0,34.0,0
Mbalmayo,BIO_FP_FH__L2A_20251124T050104_20251206T050132_T_G01_M01_C___T004_F004,2025-11-24,6,38,11.461832046508789,3.4435887336730957,5.301307201385498,1.0000000105853548,8649,80.72694396972656,24.588405405750144,25.50424,31.178997,32.272614,35.776493,37.285397,30.181934,1.0,32.8248662175657,33.0,34.0,34.0,35.0,35.0,0
Mbalmayo,BIO_FP_FH__L2A_20251124T050104_20251206T050132_T_G01_M01_C___T004_F004,2025-11-24,6,39,11.462665557861328,3.4435887336730957,1.5865070819854736,1.0000000105853548,8649,98.5639419555664,23.966395055284398,23.11037,38.459126,46.77338,49.473133,50.69127,32.804966,1.0,35.14702297527813,35.0,37.0,37.0,38.0,38.0,0
Mbalmayo,BIO_FP_FH__L2A_20251124T050104_20251206T050132_T_G01_M01_C___T004_F004,2025-11-24,6,40,11.463499069213867,3.4435887336730957,1.5921070575714111,0.9999999964715484,8649,96.87774658203125,22.3532234916223,23.780579,33.301525,34.68156,37.234108,40.114025,31.459398,1.0,35.78155488071448,36.0,36.0,36.0,37.0,37.0,0
Mbalmayo,BIO_FP_FH__L2A_20251124T050104_20251206T050132_T_G01_M01_C___T004_F004,2025-11-24,6,41,11.464332580566406,3.4435887336730957,1.6401070356369019,1.000000017642258,8649,92.31954193115234,18.03153020790127,16.626379,33.538445,36.01887,41.424133,44.059593,30.51134,1.0,35.689338776703885,36.0,36.0,36.0,36.0,36.0,0
Mbalmayo,BIO_FP_FH__L2A_20251124T050104_20251206T050132_T_G01_M01_C___T004_F004,2025-11-24,6,42,11.465166091918945,3.4435887336730957,1.7041070461273193,1.0000000035284515,8649,87.76194763183594,22.324767246659547,21.574339,40.553238,42.457767,44.90372,46.000053,36.87828,1.0,35.19436552819799,36.0,37.0,37.0,37.0,37.0,0
Mbalmayo,BIO_FP_FH__L2A_20251124T050104_20251206T050132_T_G01_M01_C___T004_F004,2025-11-24,6,43,11.465999603271484,3.4435887336730957,1.7651070356369019,0.9999999964715484,8649,83.5615463256836,11.325208901714701,10.380126,23.125244,27.727554,37.616394,40.416004,19.114988,1.0,27.210432165743285,27.0,32.0,34.0,36.0,36.0,0
Mbalmayo,BIO_FP_FH__L2A_20251124T050104_20251206T050132_T_G01_M01_C___T004_F004,2025-11-24,6,44,11.466833114624023,3.4435887336730957,2.6039071083068848,1.0,8649,81.5201416015625,15.603942341826006,14.0539055,30.453045,34.556355,38.438133,39.978153,27.31737,1.0,28.578145535809,30.0,32.0,33.0,33.0,33.0,0
Mbalmayo,BIO_FP_FH__L2A_20251124T050104_20251206T050132_T_G01_M01_C___T004_F004,2025-11-24,6,45,11.467666625976562,3.4435887336730957,20.603906631469727,1.0,8649,39.45274353027344,12.656416091275004,11.881471,26.181387,29.057798,33.533226,37.34158,22.104952,1.0,32.565214410050366,33.0,34.0,34.0,34.0,34.0,0
Mbalmayo,BIO_FP_FH__L2A_20251124T050104_20251206T050132_T_G01_M01_C___T004_F004,2025-11-24,6,46,11.468500137329102,3.4435887336730957,24.627946853637695,1.0,8649,10.426407814025879,10.887790608921552,3.7384832,34.267376,38.391777,44.50445,52.555073,25.910526,1.0,32.63433516161995,33.0,35.0,35.0,36.0,37.0,0
Mbalmayo,BIO_FP_FH__L2A_20251124T050104_20251206T050132_T_G01_M01_C___T004_F004,2025-11-24,6,47,11.46933364868164,3.4435887336730957,29.331546783447266,1.0,8649,6.984407901763916,19.652609710569863,18.207424,38.16958,40.086258,42.627575,44.954117,34.204967,1.0,36.6157515727932,37.0,38.0,38.0,39.0,39.0,0
Mbalmayo,BIO_FP_FH__L2A_20251124T050104_20251206T050132_T_G01_M01_C___T004_F004,2025-11-24,6,48,11.47016716003418,3.4435887336730957,35.43914794921875,0.9865665354195572,8560,1.0014078617095947,17.439440474597063,15.501532,36.81826,39.891937,42.866978,45.90915,33.09949,1.0,37.97338397065426,38.0,39.55644607543945,40.0,41.0,41.0,0
Mbalmayo,BIO_FP_FH__L2A_20251124T050104_20251206T050132_T_G01_M01_C___T004_F004,2025-11-24,7,2,11.431825637817383,3.4427552223205566,26.288415908813477,0.9999999647154837,8649,0.4480000138282776,6.10302513151757,4.2287116,14.243832,15.907659,18.02179,22.100912,13.440273,1.0,18.82973359297956,18.351085662841797,24.0,24.0,24.0,24.0,0
Mbalmayo,BIO_FP_FH__L2A_20251124T050104_20251206T050132_T_G01_M01_C___T004_F004,2025-11-24,7,3,11.432659149169922,3.4427552223205566,27.931615829467773,1.0,8649,0.3887999951839447,7.377117861349578,6.3577294,14.725555,17.457695,21.485062,25.471495,14.027989,1.0,18.50798720488701,19.0,20.0,21.0,21.0,22.0,0
Mbalmayo,BIO_FP_FH__L2A_20251124T050104_20251206T050132_T_G01_M01_C___T004_F004,2025-11-24,7,4,11.433492660522461,3.4427552223205566,26.802616119384766,0.9999999894146451,8649,0.005200000014156103,8.969371554072204,7.2228084,19.463858,21.76639,24.900837,27.425987,17.356892,1.0,18.426975921642327,18.0,22.0,22.0,22.0,22.0,0
Mbalmayo,BIO_FP_FH__L2A_20251124T050104_20251206T050132_T_G01_M01_C___T004_F004,2025-11-24,7,5,11.434326171875,3.4427552223205566,26.26121711730957,1.0000000070569033,8649,0.0,2.474314548348633,1.4800717,6.4872417,10.10576,15.4546,18.37144,5.306183,1.0,14.923013180470187,15.0,17.0,17.0,17.0,18.0,0
Mbalmayo,BIO_FP_FH__L2A_20251124T050104_20251206T050132_T_G01_M01_C___T004_F004,2025-11-24,7,6,11.435159683227539,3.4427552223205566,25.381088256835938,1.0000000070569033,8649,1.430999994277954,0.8236866536819177,0.06488643,0.48785946,3.9069483,23.221247,34.54349,0.33586282,1.0,21.20829691574303,21.0,27.0,28.0,29.0,30.0,0
Mbalmayo,BIO_FP_FH__L2A_20251124T050104_20251206T050132_T_G01_M01_C___T004_F004,2025-11-24,7,10,11.438493728637695,3.4427552223205566,8.82708740234375,0.943266866055234,8207,62.4630012512207,14.259170714790358,13.897367,24.937582,26.848728,31.089188,34.112103,24.350546,0.9289443074717062,34.3943397231725,35.0,35.0,35.0,36.0,36.0,0
Mbalmayo,BIO_FP_FH__L2A_20251124T050104_20251206T050132_T_G01_M01_C___T004_F004,2025-11-24,7,11,11.439327239990234,3.4427552223205566,11.557687759399414,1.0000000035284515,8649,51.82160186767578,14.479447423870948,14.3973055,24.400005,26.72803,34.55,38.997128,22.60895,1.0,33.28083626390647,33.0,35.0,35.0,36.0,36.0,0
Mbalmayo,BIO_FP_FH__L2A_20251124T050104_20251206T050132_T_G01_M01_C___T004_F004,2025-11-24,7,12,11.440160751342773,3.4427552223205566,15.454087257385254,1.0000000035284515,8649,41.17879867553711,20.837127417959238,21.331842,29.291922,31.807034,35.58306,39.369007,27.626787,1.0,27.99275343850081,28.0,31.0,31.0,32.0,32.0,0
Mbalmayo,BIO_FP_FH__L2A_20251124T050104_20251206T050132_T_G01_M01_C___T004_F004,2025-11-24,7,13,11.440994262695312,3.4427552223205566,26.038087844848633,0.9999999894146451,8649,0.0,23.053290307817146,23.540577,32.686043,34.64829,38.349426,40.698586,30.724722,1.0,25.556331401864206,26.0,27.0,28.0,28.0,30.0,0
Mbalmayo,BIO_FP_FH__L2A_20251124T050104_20251206T050132_T_G01_M01_C___T004_F004,2025-11-24,7,14,11.441827774047852,3.4427552223205566,27.23485565185547,1.0,8649,0.0,20.965843176866546,21.54481,30.578903,32.004303,35.31784,38.34169,28.603865,1.0,26.90971537658501,27.0,29.0,29.45704460144043,30.0,31.0,0
Mbalmayo,BIO_FP_FH__L2A_20251124T050104_20251206T050132_T_G01_M01_C___T004_F004,2025-11-24,7,15,11.44266128540039,3.4427552223205566,28.24505615234375,0.9999999929430967,8649,0.053199999034404755,23.817879617203925,26.69582,31.67854,33.215725,38.06841,41.47249,30.407143,1.0,29.07758888088495,29.0,31.0,31.0,31.0,31.0,0
Mbalmayo,BIO_FP_FH__L2A_20251124T050104_20251206T050132_T_G01_M01_C___T004_F004,2025-11-24,7,16,11.44349479675293,3.4427552223205566,29.230655670166016,0.9999999753008386,8649,0.504800021648407,15.620889146897118,17.00437,30.70959,32.348145,34.118225,35.404198,29.839613,1.0,27.217603176477287,27.0,28.0,29.0,30.0,30.0,0
Mbalmayo,BIO_FP_FH__L2A_20251124T050104_20251206T050132_T_G01_M01_C___T004_F004,2025-11-24,7,17,11.444328308105469,3.4427552223205566,29.949254989624023,1.000000056455226,8649,0.9401999711990356,17.854274560830586,16.773014,31.38769,35.24133,38.293343,40.09063,27.936022,1.0,28.574344782763678,29.0,30.0,30.0,31.0,31.0,0
Mbalmayo,BIO_FP_FH__L2A_20251124T050104_20251206T050132_T_G01_M01_C___T004_F004,2025-11-24,7,18,11.445161819458008,3.4427552223205566,30.505855560302734,0.9999999929430967,8649,1.091599941253662,14.579531176746036,14.18607,24.549286,29.694666,35.328743,38.74907,22.061152,1.0,29.93372913316049,30.0,33.0,33.0,33.0,33.0,0
Mbalmayo,BIO_FP_FH__L2A_20251124T050104_20251206T050132_T_G01_M01_C___T004_F004,2025-11-24,7,19,11.445995330810547,3.4427552223205566,31.3614559173584,0.9999999964715484,8649,1.1172000169754028,19.743142792087284,17.833014,38.651207,45.270386,49.58772,51.704597,32.662285,1.0,33.68274492538793,33.0,36.0,36.0,36.0,36.0,0
Mbalmayo,BIO_FP_FH__L2A_20251124T050104_20251206T050132_T_G01_M01_C___T004_F004,2025-11-24,7,20,11.446828842163086,3.4427552223205566,31.476055145263672,1.0000000035284515,8649,1.1258000135421753,19.66925044004996,21.353811,33.96397,36.751713,40.67328,43.426697,30.023472,1.0,32.088401607866714,33.0,35.0,35.0,35.0,35.0,0
Mbalmayo,BIO_FP_FH__L2A_20251124T050104_20251206T050132_T_G01_M01_C___T004_F004,2025-11-24,7,21,11.447662353515625,3.4427552223205566,30.705455780029297,0.9999999964715484,8649,0.9205999970436096,18.68922341817405,17.50046,34.49338,44.582905,48.1824,50.137394,30.875898,1.0,33.039742025754016,33.0,36.0,37.0,37.9798469543457,38.0,0
Mbalmayo,BIO_FP_FH__L2A_20251124T050104_20251206T050132_T_G01_M01_C___T004_F004,2025-11-24,7,22,11.448495864868164,3.4427552223205566,30.019372940063477,0.9999999964715484,8649,0.3846000134944916,17.638728110187305,17.03075,27.308874,30.638712,38.892845,43.731754,24.363445,1.0,33.26615964951495,33.0,35.0,35.0,36.0,37.0,0
Mbalmayo,BIO_FP_FH__L2A_20251124T050104_20251206T050132_T_G01_M01_C___T004_F004,2025-11-24,7,23,11.449329376220703,3.4427552223205566,24.694772720336914,1.0000000211707099,8649,6.590000152587891,15.04364679751139,12.442535,33.80335,42.51747,46.376015,47.88703,25.280998,1.0,31.701500279680953,32.0,33.0,33.0,33.761863708496094,34.0,0
Mbalmayo,BIO_FP_FH__L2A_20251124T050104_20251206T050132_T_G01_M01_C___T004_F004,2025-11-24,7,24,11.450162887573242,3.4427552223205566,12.950373649597168,0.9999999858861935,8649,21.138399124145508,14.119160583604213,12.10653,30.304033,36.698647,45.053276,47.93975,20.963709,1.0,33.784825792421785,34.0,35.0,35.0,35.0,36.0,0
Mbalmayo,BIO_FP_FH__L2A_20251124T050104_20251206T050132_T_G01_M01_C___T004_F004,2025-11-24,7,25,11.450996398925781,3.4427552223205566,2.9497735500335693,0.9999999788292903,8649,38.267601013183594,15.265291785701631,13.892359,28.476452,30.722422,35.691536,44.603027,26.077911,1.0,32.855894302436965,33.0,34.0,35.0,35.0,35.0,0
Mbalmayo,BIO_FP_FH__L2A_20251124T050104_20251206T050132_T_G01_M01_C___T004_F004,2025-11-24,7,26,11.45182991027832,3.4427552223205566,4.736373424530029,0.9999999894146451,8649,60.732601165771484,20.424313517411175,21.5707,31.669903,34.271088,40.625896,43.807175,26.865702,1.0,33.175006557936086,33.0,34.0,34.0,34.0,34.0,0
Mbalmayo,BIO_FP_FH__L2A_20251124T050104_20251206T050132_T_G01_M01_C___T004_F004,2025-11-24,7,27,11.45266342163086,3.4427552223205566,7.453773498535156,1.0000000141138066,8649,78.9209976196289,14.66769569487554,13.303673,33.11293,39.065887,44.158794,45.610527,25.362116,1.0,31.57837895986482,32.0,33.0,33.0,34.0,34.0,0
Mbalmayo,BIO_FP_FH__L2A_20251124T050104_20251206T050132_T_G01_M01_C___T004_F004,2025-11-24,7,28,11.453496932983398,3.4427552223205566,10.69437313079834,0.9999999894146451,8649,66.08779907226562,20.242007057545507,26.258173,40.19928,46.838318,50.658875,51.663006,32.395954,1.0,33.46243417567636,34.0,35.0,35.0,36.8408088684082,37.0,0
Mbalmayo,BIO_FP_FH__L2A_20251124T050104_20251206T050132_T_G01_M01_C___T004_F004,2025-11-24,7,29,11.454330444335938,3.4427552223205566,14.242173194885254,0.9999999788292903,8649,40.96500015258789,22.030150266948894,23.504303,34.195614,36.63597,45.002556,46.460884,31.459915,1.0,35.21980900036171,35.0,38.0,38.52293395996094,39.0,39.0,0
Mbalmayo,BIO_FP_FH__L2A_20251124T050104_20251206T050132_T_G01_M01_C___T004_F004,2025-11-24,7,30,11.455163955688477,3.4427552223205566,16.249832153320312,0.9999999788292903,8649,28.604000091552734,21.277215538993616,22.006681,33.575832,38.50005,42.174725,44.068657,30.33703,1.0,36.31839841334775,36.0,38.0,38.0,38.0,38.0,0
Mbalmayo,BIO_FP_FH__L2A_20251124T050104_20251206T050132_T_G01_M01_C___T004_F004,2025-11-24,7,31,11.455997467041016,3.4427552223205566,21.137632369995117,0.999999971772387,8649,13.974800109863281,18.83990372915853,19.413395,28.849815,30.989527,35.605637,51.188694,26.626505,1.0,36.14188122404753,36.0,38.0,38.0,38.0,38.0,0
Mbalmayo,BIO_FP_FH__L2A_20251124T050104_20251206T050132_T_G01_M01_C___T004_F004,2025-11-24,7,32,11.456830978393555,3.4427552223205566,27.443632125854492,1.0000000070569033,8649,0.0,23.5213195855732,23.697203,36.60834,38.51771,41.170845,43.715603,33.4054,1.0,35.8867552730028,36.0,37.0,37.0,37.0,37.0,0
Mbalmayo,BIO_FP_FH__L2A_20251124T050104_20251206T050132_T_G01_M01_C___T004_F004,2025-11-24,7,33,11.457664489746094,3.4427552223205566,29.01523208618164,0.9999999823577419,8649,0.0,20.876712485952396,21.826103,33.474934,36.240692,38.750587,44.73794,29.26406,1.0,33.6489533719775,34.0,35.0,35.0,35.0,35.0,0
Mbalmayo,BIO_FP_FH__L2A_20251124T050104_20251206T050132_T_G01_M01_C___T004_F004,2025-11-24,7,34,11.458498001098633,3.4427552223205566,31.000831604003906,1.000000017642258,8649,0.17000000178813934,17.882028360162334,17.853159,27.84995,30.946278,36.32659,39.87205,25.694202,1.0,31.69986941324023,32.0,32.0,32.0,33.0,34.0,0
Mbalmayo,BIO_FP_FH__L2A_20251124T050104_20251206T050132_T_G01_M01_C___T004_F004,2025-11-24,7,35,11.459331512451172,3.4427552223205566,34.372032165527344,0.9999999788292903,8649,0.670799970626831,16.43188711766024,14.923659,27.791475,30.479849,34.633335,37.155876,26.165133,1.0,31.16046128530477,31.0,33.0,33.0,34.0,34.0,0
Mbalmayo,BIO_FP_FH__L2A_20251124T050104_20251206T050132_T_G01_M01_C___T004_F004,2025-11-24,7,36,11.460165023803711,3.4427552223205566,32.73643112182617,0.9999999682439353,8649,10.28439998626709,24.77816697658999,26.592241,33.263847,34.887142,38.51626,39.944614,31.535448,1.0,31.701920921836425,32.0,34.0,34.0,34.0,34.0,0
Mbalmayo,BIO_FP_FH__L2A_20251124T050104_20251206T050132_T_G01_M01_C___T004_F004,2025-11-24,7,37,11.46099853515625,3.4427552223205566,21.362632751464844,1.0000000070569033,8649,40.953399658203125,25.616965450185226,27.947481,34.537846,36.757153,39.795628,42.564194,32.77099,1.0,30.455900350600007,30.0,32.0,32.0,32.0,32.0,0
Mbalmayo,BIO_FP_FH__L2A_20251124T050104_20251206T050132_T_G01_M01_C___T004_F004,2025-11-24,7,38,11.461832046508789,3.4427552223205566,10.3507080078125,1.000000017642258,8649,68.71935272216797,23.843048179626496,26.34563,33.704655,34.89785,36.57332,38.55855,32.509945,1.0,30.041739225304877,30.0,31.0,31.0,31.0,31.0,0
Mbalmayo,BIO_FP_FH__L2A_20251124T050104_20251206T050132_T_G01_M01_C___T004_F004,2025-11-24,7,39,11.462665557861328,3.4427552223205566,1.8709080219268799,0.9999999964715484,8649,80.25935363769531,17.529965931282184,18.485703,29.175991,30.64663,32.95715,35.33962,26.950663,1.0,31.02070079719225,31.0,34.0,35.0,35.0,35.0,0
Mbalmayo,BIO_FP_FH__L2A_20251124T050104_20251206T050132_T_G01_M01_C___T004_F004,2025-11-24,7,40,11.463499069213867,3.4427552223205566,1.9225080013275146,0.9999999929430967,8649,75.7011489868164,18.228065805482178,18.128147,30.347462,31.836151,33.793724,39.361557,27.843836,1.0,34.217762395210634,34.0,35.0,35.0,36.0,36.0,0
Mbalmayo,BIO_FP_FH__L2A_20251124T050104_20251206T050132_T_G01_M01_C___T004_F004,2025-11-24,7,41,11.464332580566406,3.4427552223205566,1.9569079875946045,0.9999999964715484,8649,71.14275360107422,20.17631301650997,20.00638,35.441853,37.405952,40.43448,42.440746,32.50765,1.0,35.17406448627128,35.0,36.0,36.0,37.0,37.0,0
Mbalmayo,BIO_FP_FH__L2A_20251124T050104_20251206T050132_T_G01_M01_C___T004_F004,2025-11-24,7,42,11.465166091918945,3.4427552223205566,2.011107921600342,1.000000017642258,8649,66.58474731445312,21.145376293957728,19.92764,36.427605,39.121582,42.18059,43.51982,32.61579,1.0,37.35145482444697,37.0,39.0,39.0,39.0,39.0,0
Mbalmayo,BIO_FP_FH__L2A_20251124T050104_20251206T050132_T_G01_M01_C___T004_F004,2025-11-24,7,43,11.465999603271484,3.4427552223205566,1.962507963180542,1.0000000035284515,8649,66.34874725341797,15.21173664061972,15.844238,22.863739,31.152315,38.06715,40.859173,21.16866,1.0,34.782256474948674,35.0,37.0,37.0,38.0,38.0,0
Mbalmayo,BIO_FP_FH__L2A_20251124T050104_20251206T050132_T_G01_M01_C___T004_F004,2025-11-24,7,44,11.466833114624023,3.4427552223205566,1.9073079824447632,1.0000000035284515,8649,66.35034942626953,17.357150814557347,16.174606,28.253523,32.245747,36.09349,37.620876,25.2499,1.0,34.153321351629,34.0,36.0,36.0,37.0,37.0,0
Mbalmayo,BIO_FP_FH__L2A_20251124T050104_20251206T050132_T_G01_M01_C___T004_F004,2025-11-24,7,45,11.467666625976562,3.4427552223205566,17.266708374023438,0.9999999858861935,8649,37.42774963378906,7.424375986616837,5.371406,17.335093,20.332151,28.24086,36.59809,15.119423,1.0,32.12180878454749,32.0,34.0,35.0,35.86083221435547,36.0,0
Mbalmayo,BIO_FP_FH__L2A_20251124T050104_20251206T050132_T_G01_M01_C___T004_F004,2025-11-24,7,46,11.468500137329102,3.4427552223205566,27.009096145629883,0.9999999788292903,8649,7.734686374664307,15.328457874023307,14.55002,30.457373,33.63274,38.72745,41.229034,26.028004,1.0,33.41240630589244,34.0,35.0,36.0,36.0,37.0,0
Mbalmayo,BIO_FP_FH__L2A_20251124T050104_20251206T050132_T_G01_M01_C___T004_F004,2025-11-24,7,47,11.46933364868164,3.4427552223205566,25.189697265625,1.0000000246991614,8649,11.150086402893066,15.831843992168546,13.753506,33.54393,37.372536,41.973198,44.11007,29.738451,1.0,33.821890776412914,34.0,36.45704650878906,37.0,37.0,37.0,0
Mbalmayo,BIO_FP_FH__L2A_20251124T050104_20251206T050132_T_G01_M01_C___T004_F004,2025-11-24,7,48,11.47016716003418,3.4427552223205566,34.196495056152344,0.9717742076621936,8437,0.7422864437103271,19.25869029723539,19.415045,37.761467,40.222275,43.14911,44.389328,34.06018,1.0,34.63876876120954,36.0,38.0,39.0,39.0,39.0,0
Mbalmayo,BIO_FP_FH__L2A_20251124T050104_20251206T050132_T_G01_M01_C___T004_F004,2025-11-24,8,2,11.431825637817383,3.4419217109680176,22.185815811157227,0.9978249636202523,8644,1.8425999879837036,3.41388296195983,2.0517712,8.462783,9.637658,12.367762,16.632803,8.142773,1.0,15.003609048739957,15.0,16.0,16.0,16.0,16.0,0
Mbalmayo,BIO_FP_FH__L2A_20251124T050104_20251206T050132_T_G01_M01_C___T004_F004,2025-11-24,8,3,11.432659149169922,3.4419217109680176,22.094615936279297,1.0,8649,12.482199668884277,5.557590992275118,4.5829287,11.439116,12.870531,15.076265,17.286335,10.973121,1.0,15.890239862227443,16.0,17.0,17.0,17.0,17.0,0
Mbalmayo,BIO_FP_FH__L2A_20251124T050104_20251206T050132_T_G01_M01_C___T004_F004,2025-11-24,8,4,11.433492660522461,3.4419217109680176,20.230417251586914,1.0,8649,23.120399475097656,5.087470202931697,4.517414,9.434946,10.9433775,15.620901,19.537125,8.9281645,1.0,15.327150944464881,15.0,16.0,17.0,17.0,18.0,0
Mbalmayo,BIO_FP_FH__L2A_20251124T050104_20251206T050132_T_G01_M01_C___T004_F004,2025-11-24,8,5,11.434326171875,3.4419217109680176,17.146615982055664,1.0,8649,33.757999420166016,4.676394071478639,4.123656,7.589488,9.45104,23.535593,28.402784,7.3385715,1.0,16.091353358995267,16.0,18.0,20.0,21.808670043945312,23.0,0
Mbalmayo,BIO_FP_FH__L2A_20251124T050104_20251206T050132_T_G01_M01_C___T004_F004,2025-11-24,8,9,11.437660217285156,3.4419217109680176,17.520687103271484,0.9907623054609366,8577,23.6835994720459,16.83106841367091,17.788445,28.186193,29.975534,34.873425,38.080208,26.31437,0.9808079724045334,33.309428771455096,33.0,34.0,34.88069534301758,35.0,35.0,0
Mbalmayo,BIO_FP_FH__L2A_20251124T050104_20251206T050132_T_G01_M01_C___T004_F004,2025-11-24,8,10,11.438493728637695,3.4419217109680176,20.29368782043457,0.9999999894146451,8649,13.041199684143066,18.341498195184624,17.019976,29.73454,31.673243,38.86548,43.19102,28.269632,1.0,35.373764273610085,35.0,36.0,37.0,37.0,37.0,0
Mbalmayo,BIO_FP_FH__L2A_20251124T050104_20251206T050132_T_G01_M01_C___T004_F004,2025-11-24,8,11,11.439327239990234,3.4419217109680176,23.332286834716797,1.0000000246991614,8649,2.3987998962402344,21.348726113790043,21.377295,27.734783,29.913427,34.686073,39.158173,26.842928,1.0,34.310987126304866,34.119537353515625,35.0,36.0,36.024452362060565,37.0,0
Mbalmayo,BIO_FP_FH__L2A_20251124T050104_20251206T050132_T_G01_M01_C___T004_F004,2025-11-24,8,12,11.440160751342773,3.4419217109680176,25.526086807250977,1.0000000141138066,8649,0.09260000288486481,21.414212961445074,22.580265,30.669207,32.466904,34.391613,36.281513,29.32881,1.0,33.709791292192094,34.0,36.0,36.0,36.0,37.0,0
Mbalmayo,BIO_FP_FH__L2A_20251124T050104_20251206T050132_T_G01_M01_C___T004_F004,2025-11-24,8,13,11.440994262695312,3.4419217109680176,27.185487747192383,0.9999999894146451,8649,0.21220000088214874,25.375119050400222,26.363647,33.02086,35.24752,38.762764,43.15214,32.091656,1.0,31.344012400803226,32.0,34.0,34.0,35.0,35.0,0
Mbalmayo,BIO_FP_FH__L2A_20251124T050104_20251206T050132_T_G01_M01_C___T004_F004,2025-11-24,8,14,11.441827774047852,3.4419217109680176,28.549455642700195,1.0000000141138066,8649,0.33180001378059387,26.65934799945052,27.251827,33.81806,35.530605,41.121082,45.812916,31.085087,1.0,31.607081604136223,32.0,33.0,33.0,34.0,34.0,0
Mbalmayo,BIO_FP_FH__L2A_20251124T050104_20251206T050132_T_G01_M01_C___T004_F004,2025-11-24,8,15,11.44266128540039,3.4419217109680176,28.859254837036133,1.0000000035284515,8649,0.0568000003695488,20.8214631534048,22.801329,28.894041,31.088888,35.587807,37.927612,27.806639,1.0,29.274643431262263,29.0,31.0,31.429828643798828,33.0,34.0,0
Mbalmayo,BIO_FP_FH__L2A_20251124T050104_20251206T050132_T_G01_M01_C___T004_F004,2025-11-24,8,16,11.44349479675293,3.4419217109680176,29.465656280517578,1.0,8649,0.38260000944137573,8.83485395484666,4.143218,23.304743,27.117975,34.772617,39.649746,21.02857,1.0,25.045071027722436,25.582157135009766,29.0,29.0,30.0,30.0,0
Mbalmayo,BIO_FP_FH__L2A_20251124T050104_20251206T050132_T_G01_M01_C___T004_F004,2025-11-24,8,17,11.444328308105469,3.4419217109680176,30.517656326293945,1.0,8649,0.8525999784469604,9.280016340400625,5.9488034,22.40364,24.163256,29.895607,32.12247,20.169886,1.0,26.249565304462752,27.0,29.0,30.0,30.0,31.0,0
Mbalmayo,BIO_FP_FH__L2A_20251124T050104_20251206T050132_T_G01_M01_C___T004_F004,2025-11-24,8,18,11.445161819458008,3.4419217109680176,31.099454879760742,1.0,8649,1.0978000164031982,19.35446300014814,19.892963,27.234974,29.21959,33.339993,40.17922,25.331985,1.0,30.43769893807226,30.0,32.0,32.072750091552734,33.0,33.0,0
Mbalmayo,BIO_FP_FH__L2A_20251124T050104_20251206T050132_T_G01_M01_C___T004_F004,2025-11-24,8,19,11.445995330810547,3.4419217109680176,31.103256225585938,1.0,8649,1.111199975013733,24.678225422556075,25.613905,36.6228,38.138462,40.07619,42.503242,34.682278,1.0,32.39275138498607,32.11930465698242,33.0,34.0,34.0,34.0,0
Mbalmayo,BIO_FP_FH__L2A_20251124T050104_20251206T050132_T_G01_M01_C___T004_F004,2025-11-24,8,20,11.446828842163086,3.4419217109680176,31.156856536865234,1.0,8649,1.083799958229065,18.422856191828537,19.371542,27.145655,30.60112,36.674484,40.68797,24.787016,1.0,28.999261261314473,29.0,31.0,31.0,31.0,32.0,0
Mbalmayo,BIO_FP_FH__L2A_20251124T050104_20251206T050132_T_G01_M01_C___T004_F004,2025-11-24,8,21,11.447662353515625,3.4419217109680176,30.31105613708496,1.0,8649,0.4878000020980835,12.089829184551682,9.624792,25.060148,28.006546,38.489307,40.90894,23.328981,1.0,26.94893720403877,27.0,29.0,30.0,31.0,32.0,0
Mbalmayo,BIO_FP_FH__L2A_20251124T050104_20251206T050132_T_G01_M01_C___T004_F004,2025-11-24,8,22,11.448495864868164,3.4419217109680176,29.452974319458008,1.0,8649,0.0,17.723323437861314,18.07038,31.149727,35.872093,43.777496,46.01867,27.812593,1.0,32.04144094764656,32.0,33.0,34.0,35.0,35.0,0
Mbalmayo,BIO_FP_FH__L2A_20251124T050104_20251206T050132_T_G01_M01_C___T004_F004,2025-11-24,8,23,11.449329376220703,3.4419217109680176,27.376373291015625,1.0,8649,4.4791998863220215,18.955061075521737,17.991026,40.107384,43.102726,48.63818,51.104996,34.366436,1.0,33.73868187039777,34.0,35.0,36.0,36.0,36.0,0
Mbalmayo,BIO_FP_FH__L2A_20251124T050104_20251206T050132_T_G01_M01_C___T004_F004,2025-11-24,8,24,11.450162887573242,3.4419217109680176,20.494173049926758,1.0,8649,13.700599670410156,16.017227086404496,14.576688,29.031372,33.3755,42.74285,45.160065,24.588413,1.0,33.16096757643346,33.0,34.0,34.0,35.0,35.0,0
Mbalmayo,BIO_FP_FH__L2A_20251124T050104_20251206T050132_T_G01_M01_C___T004_F004,2025-11-24,8,25,11.450996398925781,3.4419217109680176,17.232173919677734,1.0,8649,18.28660011291504,21.481494767278008,22.645792,35.596443,38.166218,40.52636,42.076893,29.906755,1.0,32.96445142940257,33.30437088012695,34.43718338012695,35.0,35.0,35.0,0
Mbalmayo,BIO_FP_FH__L2A_20251124T050104_20251206T050132_T_G01_M01_C___T004_F004,2025-11-24,8,26,11.45182991027832,3.4419217109680176,20.209373474121094,1.0,8649,17.0,16.4118916836484,16.605574,30.590261,32.264477,37.794407,41.283695,27.065746,1.0,30.67359287232412,31.0,33.0,34.0,34.0,34.0,0
Mbalmayo,BIO_FP_FH__L2A_20251124T050104_20251206T050132_T_G01_M01_C___T004_F004,2025-11-24,8,27,11.45266342163086,3.4419217109680176,22.960773468017578,1.0,8649,32.85639953613281,7.896551669629437,3.7676811,23.5957,27.970804,35.6203,38.743664,17.663061,1.0,26.57649214814365,26.0,30.0332088470459,31.0,32.0,32.0,0
Mbalmayo,BIO_FP_FH__L2A_20251124T050104_20251206T050132_T_G01_M01_C___T004_F004,2025-11-24,8,28,11.453496932983398,3.4419217109680176,26.0977725982666,1.0,8649,22.327999114990234,11.219141460537346,5.513214,28.389732,37.754147,48.07585,50.17082,22.899601,1.0,28.752861194079124,29.0,32.0,32.0,33.0,33.0,0
Mbalmayo,BIO_FP_FH__L2A_20251124T050104_20251206T050132_T_G01_M01_C___T004_F004,2025-11-24,8,29,11.454330444335938,3.4419217109680176,29.317373275756836,1.0,8649,8.869600296020508,21.014246306924935,20.908749,31.659416,37.86047,47.218372,49.213573,29.524237,1.0,31.654809229772813,32.0,33.0,33.0,34.0,35.0,0
Mbalmayo,BIO_FP_FH__L2A_20251124T050104_20251206T050132_T_G01_M01_C___T004_F004,2025-11-24,8,30,11.455163955688477,3.4419217109680176,30.811033248901367,1.0,8649,0.7667999863624573,23.957657564277664,25.111618,33.08171,35.261326,38.10332,41.08704,31.096645,1.0,33.74004699834055,34.0,34.0,34.0,35.0,35.0,0
Mbalmayo,BIO_FP_FH__L2A_20251124T050104_20251206T050132_T_G01_M01_C___T004_F004,2025-11-24,8,31,11.455997467041016,3.4419217109680176,28.923433303833008,1.0,8649,0.23100000619888306,21.941888942182622,23.549366,34.436398,36.998474,39.28412,41.83584,31.975622,1.0,35.394128859642684,35.0,37.0,37.0,37.9207649230957,38.0,0
Mbalmayo,BIO_FP_FH__L2A_20251124T050104_20251206T050132_T_G01_M01_C___T004_F004,2025-11-24,8,32,11.456830978393555,3.4419217109680176,23.164432525634766,1.0,8649,7.006800174713135,22.117703500765984,19.13036,41.08925,46.26311,50.81457,55.366856,38.908726,1.0,37.22567811300609,37.0,38.0,39.0,39.0,39.0,0
Mbalmayo,BIO_FP_FH__L2A_20251124T050104_20251206T050132_T_G01_M01_C___T004_F004,2025-11-24,8,33,11.457664489746094,3.4419217109680176,21.520631790161133,1.0,8649,10.552800178527832,19.033321342243323,17.220436,34.093445,37.326714,40.324535,48.08018,28.58208,1.0,35.20427048138792,35.0,36.0,37.0,37.0,38.0,0
Mbalmayo,BIO_FP_FH__L2A_20251124T050104_20251206T050132_T_G01_M01_C___T004_F004,2025-11-24,8,34,11.458498001098633,3.4419217109680176,27.945432662963867,1.0,8649,0.06480000168085098,13.619904802939645,11.2416315,28.466677,32.645294,38.125366,41.653698,24.189947,1.0,34.21770151221886,34.0,35.0,36.0,36.0,36.0,0
Mbalmayo,BIO_FP_FH__L2A_20251124T050104_20251206T050132_T_G01_M01_C___T004_F004,2025-11-24,8,35,11.459331512451172,3.4419217109680176,30.3718318939209,1.0,8649,0.5565999746322632,14.556540247608105,11.601824,29.652344,32.468857,37.517155,42.081482,26.019478,1.0,35.354800827338636,35.0,37.0,38.0,38.0,38.0,0
Mbalmayo,BIO_FP_FH__L2A_20251124T050104_20251206T050132_T_G01_M01_C___T004_F004,2025-11-24,8,36,11.460165023803711,3.4419217109680176,33.55903244018555,1.0,8649,1.4905999898910522,19.7534899491632,19.81255,33.522617,38.388477,44.358448,47.22902,30.482086,1.0,35.464151755359524,35.0,38.0,38.0,38.0,38.0,0
Mbalmayo,BIO_FP_FH__L2A_20251124T050104_20251206T050132_T_G01_M01_C___T004_F004,2025-11-24,8,37,11.46099853515625,3.4419217109680176,22.489032745361328,1.0,8649,29.723400115966797,23.082900886301886,24.491991,31.10942,32.316833,35.234962,41.377934,29.608786,1.0,33.04131097779245,33.0,35.0,35.88069534301758,36.0,36.0,0
Mbalmayo,BIO_FP_FH__L2A_20251124T050104_20251206T050132_T_G01_M01_C___T004_F004,2025-11-24,8,38,11.461832046508789,3.4419217109680176,13.342907905578613,1.0,8649,42.52035140991211,10.744077733878195,6.1967034,25.886515,31.33413,35.59494,38.2755,21.048666,1.0,29.81361142719863,30.0,31.0,32.0,32.0,32.0,0
Mbalmayo,BIO_FP_FH__L2A_20251124T050104_20251206T050132_T_G01_M01_C___T004_F004,2025-11-24,8,39,11.462665557861328,3.4419217109680176,4.196907997131348,1.0,8649,55.31734848022461,12.073143503764886,10.837017,25.103355,33.069748,37.448467,41.771492,21.103224,1.0,30.353689021051984,30.0,32.0,33.0,33.0,34.0,0
Mbalmayo,BIO_FP_FH__L2A_20251124T050104_20251206T050132_T_G01_M01_C___T004_F004,2025-11-24,8,40,11.463499069213867,3.4419217109680176,2.2445080280303955,1.0,8649,55.688148498535156,16.913683233791478,15.347906,32.518616,35.429466,41.21127,42.204594,24.736017,1.0,33.93886821136845,34.0,35.0,35.0,36.0,36.0,0
Mbalmayo,BIO_FP_FH__L2A_20251124T050104_20251206T050132_T_G01_M01_C___T004_F004,2025-11-24,8,41,11.464332580566406,3.4419217109680176,2.286508083343506,1.0,8649,53.1557502746582,19.22221126990837,18.039751,31.857798,34.067726,38.65131,42.744976,26.95414,1.0,35.488557844440955,35.88069534301758,36.0,36.0,36.0,36.0,0
Mbalmayo,BIO_FP_FH__L2A_20251124T050104_20251206T050132_T_G01_M01_C___T004_F004,2025-11-24,8,42,11.465166091918945,3.4419217109680176,1.5353080034255981,1.0,8649,69.75855255126953,23.350235915098565,25.061201,38.079506,41.308872,44.105934,46.606457,34.86262,1.0,36.94603980076852,37.0,38.0,38.0,38.0,38.0,0
Mbalmayo,BIO_FP_FH__L2A_20251124T050104_20251206T050132_T_G01_M01_C___T004_F004,2025-11-24,8,43,11.465999603271484,3.4419217109680176,1.216107964515686,1.0,8649,77.76995086669922,16.992626834569027,17.36991,30.282583,36.35784,40.56656,42.760036,27.877573,1.0,36.104308512186314,36.0,38.0,38.0,38.0,38.0,0
Mbalmayo,BIO_FP_FH__L2A_20251124T050104_20251206T050132_T_G01_M01_C___T004_F004,2025-11-24,8,44,11.466833114624023,3.4419217109680176,1.3111079931259155,1.0,8649,82.88375091552734,17.96713312232628,17.210533,29.563164,33.920002,40.42661,43.64523,27.087412,1.0,36.12489057609919,36.0,37.0,38.0,38.0,38.0,0
Mbalmayo,BIO_FP_FH__L2A_20251124T050104_20251206T050132_T_G01_M01_C___T004_F004,2025-11-24,8,45,11.467666625976562,3.4419217109680176,12.910307884216309,1.0,8649,62.14775085449219,18.915371499098523,17.436665,33.449932,35.61935,38.97076,41.86896,29.793243,1.0,35.031456800785655,35.0,36.0,36.0,37.0,37.0,0
Mbalmayo,BIO_FP_FH__L2A_20251124T050104_20251206T050132_T_G01_M01_C___T004_F004,2025-11-24,8,46,11.468500137329102,3.4419217109680176,11.83569622039795,1.0,8649,36.55028533935547,18.21190079552188,15.729715,34.650593,37.93692,43.878525,46.46494,29.797852,1.0,36.414817693178634,36.0,38.0,38.0,38.0,38.0,0
Mbalmayo,BIO_FP_FH__L2A_20251124T050104_20251206T050132_T_G01_M01_C___T004_F004,2025-11-24,8,47,11.46933364868164,3.4419217109680176,12.309896469116211,1.0,8649,23.90648651123047,19.39028773647965,17.163801,38.250942,40.19777,43.850277,45.526997,33.567657,1.0,35.72783271193242,36.0,37.0,37.0,38.0,38.0,0
Mbalmayo,BIO_FP_FH__L2A_20251124T050104_20251206T050132_T_G01_M01_C___T004_F004,2025-11-24,8,48,11.47016716003418,3.4419217109680176,31.331695556640625,0.9891586524239164,8585,0.3286864757537842,24.634800917254562,23.736195,37.388226,43.42804,48.846622,51.20201,34.598072,1.0,35.97355267827615,36.0,38.0,38.0,38.0,38.0,0
Mbalmayo,BIO_FP_FH__L2A_20251124T050104_20251206T050132_T_G01_M01_C___T004_F004,2025-11-24,9,2,11.431825637817383,3.4410881996154785,10.629817008972168,0.9331513103935426,8132,51.25019836425781,3.9223534369880038,2.6563697,8.46749,9.6189785,12.434334,14.632129,7.6279488,1.0,15.879916888190799,16.0,17.0,18.0,19.0,21.0,0
Mbalmayo,BIO_FP_FH__L2A_20251124T050104_20251206T050132_T_G01_M01_C___T004_F004,2025-11-24,9,3,11.432659149169922,3.4410881996154785,10.058016777038574,1.0,8649,61.889400482177734,4.4408616264344145,2.1611032,11.383936,14.16955,19.912437,24.079037,9.810711,1.0,17.4209709949253,17.0,20.0,21.0,22.0,22.0,0
Mbalmayo,BIO_FP_FH__L2A_20251124T050104_20251206T050132_T_G01_M01_C___T004_F004,2025-11-24,9,4,11.433492660522461,3.4410881996154785,7.2504167556762695,1.0,8649,72.5271987915039,7.0506101342098795,6.663707,12.681034,14.615993,20.168781,26.069372,11.904197,1.0,18.81329371306452,18.0,23.0,23.0,25.95226715087895,26.0,0
Mbalmayo,BIO_FP_FH__L2A_20251124T050104_20251206T050132_T_G01_M01_C___T004_F004,2025-11-24,9,8,11.436826705932617,3.4410881996154785,23.75328826904297,1.0,8649,0.0,20.54307917642213,21.213356,32.66803,33.976875,35.500996,36.437862,31.440899,1.0,35.672619539901056,36.0,37.0,37.90055847167969,38.0,38.0,0
Mbalmayo,BIO_FP_FH__L2A_20251124T050104_20251206T050132_T_G01_M01_C___T004_F004,2025-11-24,9,9,11.437660217285156,3.4410881996154785,22.89348793029785,1.0,8649,0.0,18.470549849061307,17.457453,31.0151,34.73275,37.392258,39.28265,27.49508,1.0,34.659950235618005,34.0,36.0,37.0,37.0,38.0,0
Mbalmayo,BIO_FP_FH__L2A_20251124T050104_20251206T050132_T_G01_M01_C___T004_F004,2025-11-24,9,10,11.438493728637695,3.4410881996154785,22.793888092041016,1.0,8649,0.0,25.720203947891374,26.69396,37.557144,40.037994,43.04046,44.46557,35.113743,1.0,35.68058143939458,36.0,37.0,37.0,37.0,37.0,0
Mbalmayo,BIO_FP_FH__L2A_20251124T050104_20251206T050132_T_G01_M01_C___T004_F004,2025-11-24,9,11,11.439327239990234,3.4410881996154785,23.5452880859375,1.0,8649,0.08799999952316284,21.655458441275726,22.8664,31.327871,32.72994,36.9915,39.10403,30.393291,1.0,35.86536217816428,36.0,37.0,37.0,37.0,37.0,0
Mbalmayo,BIO_FP_FH__L2A_20251124T050104_20251206T050132_T_G01_M01_C___T004_F004,2025-11-24,9,12,11.440160751342773,3.4410881996154785,26.808887481689453,1.0,8649,0.5802000164985657,23.6184253372861,25.208473,32.439106,33.260387,34.833035,36.06101,31.66367,1.0,34.59989631706641,34.12516784667969,37.0,37.0,37.0,37.0,0
Mbalmayo,BIO_FP_FH__L2A_20251124T050104_20251206T050132_T_G01_M01_C___T004_F004,2025-11-24,9,13,11.440994262695312,3.4410881996154785,28.790687561035156,0.9999999964715484,8649,0.7674000263214111,23.059824894024455,23.190718,30.500763,32.08751,34.725754,37.22383,28.657972,1.0,32.882938025769285,33.0,34.0,34.0,34.0,35.0,0
Mbalmayo,BIO_FP_FH__L2A_20251124T050104_20251206T050132_T_G01_M01_C___T004_F004,2025-11-24,9,14,11.441827774047852,3.4410881996154785,29.563655853271484,0.9999999929430967,8649,0.6575999855995178,24.06718505031731,24.05729,33.048744,34.539005,36.980885,41.061497,31.499287,1.0,32.62969627583257,32.79459762573242,34.0,34.0,34.0,35.0,0
Mbalmayo,BIO_FP_FH__L2A_20251124T050104_20251206T050132_T_G01_M01_C___T004_F004,2025-11-24,9,15,11.44266128540039,3.4410881996154785,29.354656219482422,1.0,8649,0.188400000333786,25.680103010463636,27.685812,35.385994,38.298504,39.424397,40.33888,34.01174,1.0,31.982810888115086,32.0,34.0,34.0,34.0,34.0,0
Mbalmayo,BIO_FP_FH__L2A_20251124T050104_20251206T050132_T_G01_M01_C___T004_F004,2025-11-24,9,16,11.44349479675293,3.4410881996154785,29.913455963134766,1.0,8649,0.28279998898506165,18.635560627493064,18.316654,30.352602,35.08025,39.56205,41.47195,26.99142,1.0,29.759412922960085,30.0,31.0,32.0,33.0,34.0,0
Mbalmayo,BIO_FP_FH__L2A_20251124T050104_20251206T050132_T_G01_M01_C___T004_F004,2025-11-24,9,17,11.444328308105469,3.4410881996154785,30.874855041503906,1.0,8649,0.7616000175476074,17.973130248077812,19.044853,27.832644,29.939495,34.045628,38.95201,24.845709,1.0,30.39712816878597,30.0,33.0,33.0,33.90055847167969,34.0,0
Mbalmayo,BIO_FP_FH__L2A_20251124T050104_20251206T050132_T_G01_M01_C___T004_F004,2025-11-24,9,18,11.445161819458008,3.4410881996154785,30.964256286621094,1.0,8649,0.8658000230789185,19.755367762891662,20.442797,28.456364,31.379673,37.771084,41.96478,26.57567,1.0,32.36849300262349,32.0,34.0,34.74142074584961,35.0,35.0,0
Mbalmayo,BIO_FP_FH__L2A_20251124T050104_20251206T050132_T_G01_M01_C___T004_F004,2025-11-24,9,19,11.445995330810547,3.4410881996154785,30.49785614013672,1.0,8649,0.7595999836921692,19.602882761916117,16.736824,37.66753,39.608765,41.86473,43.921528,31.737497,1.0,30.93874534428747,31.0,32.0,33.0,33.0,33.0,0
Mbalmayo,BIO_FP_FH__L2A_20251124T050104_20251206T050132_T_G01_M01_C___T004_F004,2025-11-24,9,20,11.446828842163086,3.4410881996154785,29.550254821777344,1.0,8649,0.6412000060081482,20.052146111544687,19.629194,37.729782,39.219894,41.05119,42.187286,32.62735,1.0,30.72360710353986,31.0,33.0,33.0,33.80111312866211,34.0,0
Mbalmayo,BIO_FP_FH__L2A_20251124T050104_20251206T050132_T_G01_M01_C___T004_F004,2025-11-24,9,21,11.447662353515625,3.4410881996154785,28.497055053710938,1.0,8649,0.04360000044107437,18.664342856652503,19.327902,30.174278,33.45151,36.631916,39.529423,27.415327,1.0,30.37600099349907,31.0,33.0,33.0,34.0,34.0,0
Mbalmayo,BIO_FP_FH__L2A_20251124T050104_20251206T050132_T_G01_M01_C___T004_F004,2025-11-24,9,22,11.448495864868164,3.4410881996154785,28.429372787475586,1.0,8649,0.0,19.02214106218927,20.605885,28.881268,31.702183,38.604126,41.89284,26.224901,1.0,33.927122820014965,34.0,35.0,35.0,35.0,35.0,0
Mbalmayo,BIO_FP_FH__L2A_20251124T050104_20251206T050132_T_G01_M01_C___T004_F004,2025-11-24,9,23,11.449329376220703,3.4410881996154785,30.22437286376953,1.0,8649,0.3312000036239624,20.354101856067174,21.48015,37.397263,43.256233,47.60951,49.066193,32.245583,1.0,35.03064707979768,35.0,36.0,36.0,36.0,36.0,0
Mbalmayo,BIO_FP_FH__L2A_20251124T050104_20251206T050132_T_G01_M01_C___T004_F004,2025-11-24,9,24,11.450162887573242,3.4410881996154785,32.7973747253418,1.0,8649,0.8068000078201294,24.346097295388194,27.07326,33.259453,35.103363,37.22094,38.76968,31.791777,1.0,33.47595999372916,34.0,35.0,35.0,35.0,35.0,0
Mbalmayo,BIO_FP_FH__L2A_20251124T050104_20251206T050132_T_G01_M01_C___T004_F004,2025-11-24,9,25,11.450996398925781,3.4410881996154785,32.3349723815918,1.0,8649,2.3115999698638916,18.87146590285004,19.662958,30.189978,32.50449,35.67969,41.603577,26.247686,1.0,29.98278930589965,30.708341598510742,33.0,34.0,35.0,35.0,0
Mbalmayo,BIO_FP_FH__L2A_20251124T050104_20251206T050132_T_G01_M01_C___T004_F004,2025-11-24,9,26,11.45182991027832,3.4410881996154785,33.16737365722656,1.0,8649,0.9434000253677368,6.440220916074113,4.238811,14.371387,21.35651,38.591187,42.05892,10.792945,1.0,23.664267354403524,24.0,26.0,27.0,27.0,27.0,0
Mbalmayo,BIO_FP_FH__L2A_20251124T050104_20251206T050132_T_G01_M01_C___T004_F004,2025-11-24,9,27,11.45266342163086,3.4410881996154785,32.38137435913086,1.0,8649,0.9071999788284302,14.625363402290004,10.115007,34.39843,36.11867,39.459877,44.958107,29.237255,1.0,25.495854316770526,25.0,31.0,31.0,32.0,33.0,0
Mbalmayo,BIO_FP_FH__L2A_20251124T050104_20251206T050132_T_G01_M01_C___T004_F004,2025-11-24,9,28,11.453496932983398,3.4410881996154785,32.44937515258789,1.0,8649,1.0371999740600586,11.15591533342005,7.7348876,27.965637,33.49173,37.06104,45.285763,20.22628,1.0,28.721189871373543,28.0,32.0,32.0,34.0,35.0,0
Mbalmayo,BIO_FP_FH__L2A_20251124T050104_20251206T050132_T_G01_M01_C___T004_F004,2025-11-24,9,29,11.454330444335938,3.4410881996154785,32.07777404785156,1.0,8649,1.0499999523162842,17.421307624978322,16.997545,29.633863,36.53723,41.907368,45.88979,25.6904,1.0,31.459311559277747,32.0,33.0,34.0,34.90055847167969,35.0,0
Mbalmayo,BIO_FP_FH__L2A_20251124T050104_20251206T050132_T_G01_M01_C___T004_F004,2025-11-24,9,30,11.455163955688477,3.4410881996154785,30.3348331451416,1.0,8649,0.7125999927520752,24.560405849845356,26.854237,34.159874,36.2092,40.93615,43.397865,32.33652,1.0,34.027078044801826,34.0,35.0,36.0,37.0,37.0,0
Mbalmayo,BIO_FP_FH__L2A_20251124T050104_20251206T050132_T_G01_M01_C___T004_F004,2025-11-24,9,31,11.455997467041016,3.4410881996154785,22.01363182067871,1.0,8649,9.642800331115723,19.734823819047,15.63764,38.528683,44.653866,47.601437,49.02318,32.389915,1.0,35.00442530000978,35.0,36.0,37.0,37.0,38.0,0
Mbalmayo,BIO_FP_FH__L2A_20251124T050104_20251206T050132_T_G01_M01_C___T004_F004,2025-11-24,9,32,11.456830978393555,3.4410881996154785,10.453832626342773,1.0,8649,23.32360076904297,16.862203406824488,14.319268,31.773468,35.261204,39.807358,42.564583,28.233347,1.0,34.94227890533331,35.0,37.0,37.46334457397461,38.0,38.0,0
Mbalmayo,BIO_FP_FH__L2A_20251124T050104_20251206T050132_T_G01_M01_C___T004_F004,2025-11-24,9,33,11.457664489746094,3.4410881996154785,13.505032539367676,1.0,8649,18.282400131225586,19.32868582621546,15.732725,38.899975,41.053253,45.335907,47.157352,33.49839,1.0,34.756160362950226,35.0,36.28466796875,37.0,38.0,38.0,0
Mbalmayo,BIO_FP_FH__L2A_20251124T050104_20251206T050132_T_G01_M01_C___T004_F004,2025-11-24,9,34,11.458498001098633,3.4410881996154785,23.108232498168945,1.0,8649,1.5377999544143677,19.16496408995982,17.415834,35.86411,40.203808,45.38843,47.06046,30.768122,1.0,34.9963871195821,35.0,36.0,36.0,37.0,37.0,0
Mbalmayo,BIO_FP_FH__L2A_20251124T050104_20251206T050132_T_G01_M01_C___T004_F004,2025-11-24,9,35,11.459331512451172,3.4410881996154785,27.024831771850586,1.0,8649,0.42899999022483826,14.206742425063592,11.166926,29.084671,34.393486,36.874695,38.734406,24.424799,1.0,36.03722217386479,36.0,37.0,37.0,38.0,38.0,0
Mbalmayo,BIO_FP_FH__L2A_20251124T050104_20251206T050132_T_G01_M01_C___T004_F004,2025-11-24,9,36,11.460165023803711,3.4410881996154785,30.701433181762695,1.0,8649,0.8877999782562256,13.952400679449937,11.06829,30.763678,36.771366,42.644165,44.40732,26.395878,1.0,36.946142794507296,37.0,38.0,39.0,39.0,39.0,0
Mbalmayo,BIO_FP_FH__L2A_20251124T050104_20251206T050132_T_G01_M01_C___T004_F004,2025-11-24,9,37,11.46099853515625,3.4410881996154785,24.260032653808594,1.0,8649,12.454999923706055,18.54390500346861,19.931562,28.645102,33.512337,43.675854,45.944347,25.412338,1.0,34.93541692830136,35.0,37.0,37.0,38.0,38.0,0
Mbalmayo,BIO_FP_FH__L2A_20251124T050104_20251206T050132_T_G01_M01_C___T004_F004,2025-11-24,9,38,11.461832046508789,3.4410881996154785,14.564508438110352,1.0,8649,29.270549774169922,14.312187802600011,15.685768,28.719822,33.937965,37.715275,40.22761,23.72352,1.0,31.576393877457907,32.0,33.0,34.0,34.0,35.0,0
Mbalmayo,BIO_FP_FH__L2A_20251124T050104_20251206T050132_T_G01_M01_C___T004_F004,2025-11-24,9,39,11.462665557861328,3.4410881996154785,6.3989081382751465,1.0,8649,40.727149963378906,10.794162778030698,4.8458114,29.75206,33.13183,38.743484,44.720894,23.489067,1.0,32.87941561573323,33.0,36.0,37.0,37.0,38.0,0
Mbalmayo,BIO_FP_FH__L2A_20251124T050104_20251206T050132_T_G01_M01_C___T004_F004,2025-11-24,9,40,11.463499069213867,3.4410881996154785,2.5991079807281494,1.0,8649,43.9233512878418,16.188142799203664,15.382109,31.543253,36.7172,46.22286,48.425323,27.543884,1.0,35.515201084764584,35.0,37.0,38.0,38.0,38.0,0
Mbalmayo,BIO_FP_FH__L2A_20251124T050104_20251206T050132_T_G01_M01_C___T004_F004,2025-11-24,9,41,11.464332580566406,3.4410881996154785,1.9503079652786255,1.0,8649,57.59614944458008,18.1935198207524,17.37232,30.284866,33.654633,40.086433,45.474663,26.635237,1.0,35.539447308964974,36.0,36.0,36.0,36.0,36.0,0
Mbalmayo,BIO_FP_FH__L2A_20251124T050104_20251206T050132_T_G01_M01_C___T004_F004,2025-11-24,9,42,11.465166091918945,3.4410881996154785,0.5929079651832581,1.0,8649,87.8907470703125,13.696199976153313,13.585461,23.422094,35.7852,42.40552,43.619804,20.167267,1.0,35.188782054518725,35.0,37.0,37.0,37.0,37.0,0
Mbalmayo,BIO_FP_FH__L2A_20251124T050104_20251206T050132_T_G01_M01_C___T004_F004,2025-11-24,9,43,11.465999603271484,3.4410881996154785,0.4675079882144928,1.0,8649,95.8093490600586,17.276797997329894,17.300528,27.95171,32.235115,40.48944,42.210537,24.79886,1.0,35.05129589187105,35.0,36.0,37.0,37.0,37.0,0
Mbalmayo,BIO_FP_FH__L2A_20251124T050104_20251206T050132_T_G01_M01_C___T004_F004,2025-11-24,9,44,11.466833114624023,3.4410881996154785,0.7867079973220825,1.0,8649,99.35494995117188,17.736873877670106,15.823346,35.356327,37.03601,39.272945,41.03025,29.061731,1.0,34.73412219790837,35.0,36.0,36.0,36.0,36.0,0
Mbalmayo,BIO_FP_FH__L2A_20251124T050104_20251206T050132_T_G01_M01_C___T004_F004,2025-11-24,9,45,11.467666625976562,3.4410881996154785,1.3905079364776611,1.0,8649,89.00914764404297,19.56341784906492,18.546345,40.13868,43.965717,48.41168,49.499233,33.37638,1.0,33.361412979851075,33.0,34.0,35.0,36.0,36.0,0
Mbalmayo,BIO_FP_FH__L2A_20251124T050104_20251206T050132_T_G01_M01_C___T004_F004,2025-11-24,9,46,11.468500137329102,3.4410881996154785,2.381296396255493,1.0,8649,60.661285400390625,20.50581308171465,22.345102,33.071507,37.89274,41.114605,43.63552,29.031248,1.0,34.08521024620399,34.0,37.0,37.0,38.0,38.0,0
Mbalmayo,BIO_FP_FH__L2A_20251124T050104_20251206T050132_T_G01_M01_C___T004_F004,2025-11-24,9,47,11.46933364868164,3.4410881996154785,8.95129680633545,1.0,8649,30.569686889648438,19.103850404490405,19.701822,35.9658,38.28727,42.165203,45.394215,30.964745,1.0,34.789042337986345,35.0,36.0,36.0,37.0,38.0,0
Mbalmayo,BIO_FP_FH__L2A_20251124T050104_20251206T050132_T_G01_M01_C___T004_F004,2025-11-24,9,48,11.47016716003418,3.4410881996154785,29.575096130371094,1.0,8649,4.48288631439209,18.003995054070558,18.217989,32.75606,35.930958,47.210464,49.54001,29.831064,1.0,35.3736127477834,36.0,36.01334762573242,38.0,38.0,38.0,0
Mbalmayo,BIO_FP_FH__L2A_20251124T050104_20251206T050132_T_G01_M01_C___T004_F004,2025-11-24,10,2,11.431825637817383,3.4402546882629395,1.2136167287826538,0.9001091392429761,7824,87.48300170898438,6.606179906007174,5.514629,14.467327,16.824757,20.175879,25.09913,12.077417,1.0,21.961704308179804,22.0,25.0,26.0,27.0,28.0,0
Mbalmayo,BIO_FP_FH__L2A_20251124T050104_20251206T050132_T_G01_M01_C___T004_F004,2025-11-24,10,3,11.432659149169922,3.4402546882629395,2.1782166957855225,1.0,8649,88.70099639892578,7.067606149374205,5.3984447,16.565294,19.352444,24.50106,29.397276,13.172899,1.0,25.23090548851074,25.0,30.0,30.0,32.0,33.0,0
Mbalmayo,BIO_FP_FH__L2A_20251124T050104_20251206T050132_T_G01_M01_C___T004_F004,2025-11-24,10,4,11.433492660522461,3.4402546882629395,4.229616641998291,1.0,8649,78.06060028076172,12.362787887779657,11.806917,21.291256,22.939754,25.682964,28.302973,20.297733,1.0,29.05315195931108,30.0,32.0,33.0,34.0,34.0,0
Mbalmayo,BIO_FP_FH__L2A_20251124T050104_20251206T050132_T_G01_M01_C___T004_F004,2025-11-24,10,7,11.435993194580078,3.4402546882629395,24.883487701416016,1.0,8649,0.0,17.380267611320672,17.405787,31.680828,33.972446,38.76164,40.75779,28.619389,1.0,34.81297480256478,35.0,37.563133239746094,38.0,38.0,38.0,0
Mbalmayo,BIO_FP_FH__L2A_20251124T050104_20251206T050132_T_G01_M01_C___T004_F004,2025-11-24,10,8,11.436826705932617,3.4402546882629395,24.856287002563477,1.0,8649,0.0,18.488649225163314,17.860746,31.866991,34.118664,36.780914,38.570633,28.555363,1.0,37.63017052376886,38.0,39.0,39.0,39.0,39.0,0
Mbalmayo,BIO_FP_FH__L2A_20251124T050104_20251206T050132_T_G01_M01_C___T004_F004,2025-11-24,10,9,11.437660217285156,3.4402546882629395,24.000686645507812,1.0,8649,0.0,30.405359136533125,33.091103,39.806942,40.963535,42.959328,44.298676,38.586258,1.0,36.588142780061816,37.0,38.0,38.0,38.0,39.0,0
Mbalmayo,BIO_FP_FH__L2A_20251124T050104_20251206T050132_T_G01_M01_C___T004_F004,2025-11-24,10,10,11.438493728637695,3.4402546882629395,23.07708740234375,1.0,8649,0.0,31.64405363878772,34.47953,42.200924,43.81957,47.204807,48.97562,40.431347,1.0,37.339183949393224,37.0,39.0,40.0,40.0,40.0,0
Mbalmayo,BIO_FP_FH__L2A_20251124T050104_20251206T050132_T_G01_M01_C___T004_F004,2025-11-24,10,11,11.439327239990234,3.4402546882629395,22.532487869262695,1.0,8649,0.02879999950528145,26.894344947754075,26.687784,37.51623,40.084206,44.904568,47.39786,35.178677,1.0,37.625716483859,38.0,39.0,39.0,40.0,40.0,0
Mbalmayo,BIO_FP_FH__L2A_20251124T050104_20251206T050132_T_G01_M01_C___T004_F004,2025-11-24,10,12,11.440160751342773,3.4402546882629395,25.91668701171875,1.0,8649,0.5123999714851379,24.636177683113655,25.946884,34.749935,36.451195,40.95918,44.200897,32.963352,1.0,36.230863529046104,36.0,37.0,38.0,38.0,38.0,0
Mbalmayo,BIO_FP_FH__L2A_20251124T050104_20251206T050132_T_G01_M01_C___T004_F004,2025-11-24,10,13,11.440994262695312,3.4402546882629395,29.36168670654297,1.0,8649,0.9914000034332275,22.279893832560123,22.962536,34.380424,35.687843,39.82046,41.36541,32.41926,1.0,34.331003423067365,34.0,35.0,36.0,36.0,36.0,0
Mbalmayo,BIO_FP_FH__L2A_20251124T050104_20251206T050132_T_G01_M01_C___T004_F004,2025-11-24,10,14,11.441827774047852,3.4402546882629395,29.701656341552734,1.0,8649,0.7728000283241272,23.564381539773382,23.039507,35.073734,37.3662,42.047707,44.31568,33.299564,1.0,33.382425367108574,33.0,34.0,34.81446075439453,35.0,35.0,0
Mbalmayo,BIO_FP_FH__L2A_20251124T050104_20251206T050132_T_G01_M01_C___T004_F004,2025-11-24,10,15,11.44266128540039,3.4402546882629395,29.35865592956543,1.0,8649,0.29760000109672546,22.926857625339636,23.22988,32.271603,34.04914,36.35341,41.09501,30.520796,1.0,32.618525711370076,33.0,34.0,34.0,35.0,35.0,0
Mbalmayo,BIO_FP_FH__L2A_20251124T050104_20251206T050132_T_G01_M01_C___T004_F004,2025-11-24,10,16,11.44349479675293,3.4402546882629395,29.50325584411621,1.0,8649,0.17900000512599945,22.55133134972251,22.145903,32.810196,34.91768,38.926323,40.673473,30.322908,1.0,32.64082927507587,32.81446075439453,34.0,34.0,35.0,35.0,0
Mbalmayo,BIO_FP_FH__L2A_20251124T050104_20251206T050132_T_G01_M01_C___T004_F004,2025-11-24,10,17,11.444328308105469,3.4402546882629395,29.97025489807129,1.0,8649,0.436599999666214,22.367214372687595,22.465189,37.206657,39.012142,40.829884,44.085117,30.568459,1.0,32.08794449276835,32.0,34.0,34.0,35.0,35.0,0
Mbalmayo,BIO_FP_FH__L2A_20251124T050104_20251206T050132_T_G01_M01_C___T004_F004,2025-11-24,10,18,11.445161819458008,3.4402546882629395,29.59565544128418,1.0,8649,0.32019999623298645,24.277988355770898,23.375347,37.799885,39.314713,42.178833,43.956165,34.185318,1.0,34.04231239977786,34.0,35.0,35.0,36.0,36.0,0
Mbalmayo,BIO_FP_FH__L2A_20251124T050104_20251206T050132_T_G01_M01_C___T004_F004,2025-11-24,10,19,11.445995330810547,3.4402546882629395,28.821056365966797,1.0,8649,0.20739999413490295,19.516833480568565,20.182108,28.886765,33.994984,42.89188,45.473038,24.73541,1.0,31.173262772883746,31.0,32.0,32.0,33.0,33.0,0
Mbalmayo,BIO_FP_FH__L2A_20251124T050104_20251206T050132_T_G01_M01_C___T004_F004,2025-11-24,10,20,11.446828842163086,3.4402546882629395,27.742055892944336,1.0,8649,0.08780000358819962,16.051069736205054,16.615414,27.111996,35.36684,41.65978,42.94647,22.488834,1.0,30.626050414977314,31.0,32.0,33.0,34.0,34.0,0
Mbalmayo,BIO_FP_FH__L2A_20251124T050104_20251206T050132_T_G01_M01_C___T004_F004,2025-11-24,10,21,11.447662353515625,3.4402546882629395,27.523056030273438,1.0,8649,0.03220000118017197,17.423734409324776,18.352581,26.401787,29.065886,41.079407,42.37811,24.07785,1.0,30.83975915338748,31.0,32.0,32.0,33.0,33.0,0
Mbalmayo,BIO_FP_FH__L2A_20251124T050104_20251206T050132_T_G01_M01_C___T004_F004,2025-11-24,10,22,11.448495864868164,3.4402546882629395,28.011173248291016,1.0,8649,0.15299999713897705,12.698584193259336,11.037377,26.836273,28.857405,32.41374,40.450756,22.041529,1.0,31.656652044789585,31.0,34.0,35.0,35.0,35.0,0
Mbalmayo,BIO_FP_FH__L2A_20251124T050104_20251206T050132_T_G01_M01_C___T004_F004,2025-11-24,10,23,11.449329376220703,3.4402546882629395,30.353572845458984,1.0,8649,0.4952000081539154,16.649145109803158,17.26189,28.095316,30.449228,36.060642,38.132942,22.283709,1.0,32.0136977383299,32.0,34.0,34.0,35.0,35.0,0
Mbalmayo,BIO_FP_FH__L2A_20251124T050104_20251206T050132_T_G01_M01_C___T004_F004,2025-11-24,10,24,11.450162887573242,3.4402546882629395,33.33617401123047,1.0,8649,0.995199978351593,20.490235729925423,22.01467,30.037086,38.03988,42.757797,44.534378,26.364902,1.0,29.874882292617936,30.0,32.0,33.0,33.0,33.0,0
Mbalmayo,BIO_FP_FH__L2A_20251124T050104_20251206T050132_T_G01_M01_C___T004_F004,2025-11-24,10,25,11.450996398925781,3.4402546882629395,32.516971588134766,1.0,8649,0.5515999794006348,13.080774105026594,12.553263,23.549662,25.69485,29.934193,32.251896,20.876259,1.0,24.786466982229857,24.0,28.0,30.0,31.0,31.0,0
Mbalmayo,BIO_FP_FH__L2A_20251124T050104_20251206T050132_T_G01_M01_C___T004_F004,2025-11-24,10,26,11.45182991027832,3.4402546882629395,31.708972930908203,1.0,8649,0.4442000091075897,5.501397492665337,3.1954365,14.516009,20.000015,23.60543,25.516062,10.700647,1.0,23.551734562650115,23.0,27.0,29.0,29.0,32.0,0
Mbalmayo,BIO_FP_FH__L2A_20251124T050104_20251206T050132_T_G01_M01_C___T004_F004,2025-11-24,10,27,11.45266342163086,3.4402546882629395,29.456974029541016,1.0,8649,0.3368000090122223,11.77206970278356,7.8873115,27.249214,30.756031,39.718697,46.325085,22.681911,1.0,31.015605698487484,32.0,35.0,35.0,35.0,35.0,0
Mbalmayo,BIO_FP_FH__L2A_20251124T050104_20251206T050132_T_G01_M01_C___T004_F004,2025-11-24,10,28,11.453496932983398,3.4402546882629395,30.283973693847656,1.0,8649,0.6977999806404114,24.51875273243294,25.79474,39.031113,42.11104,46.11534,49.225105,35.983524,1.0,35.68761369994313,35.08660125732422,38.0,38.0,38.0,38.0,0
Mbalmayo,BIO_FP_FH__L2A_20251124T050104_20251206T050132_T_G01_M01_C___T004_F004,2025-11-24,10,29,11.454330444335938,3.4402546882629395,31.330373764038086,1.0,8649,1.0881999731063843,22.821102760254075,23.969849,34.8031,35.982327,37.966644,41.74445,31.905312,1.0,34.2524873475723,34.33087921142578,36.0,36.0,36.0,36.0,0
Mbalmayo,BIO_FP_FH__L2A_20251124T050104_20251206T050132_T_G01_M01_C___T004_F004,2025-11-24,10,30,11.455163955688477,3.4402546882629395,24.46883201599121,1.0,8649,8.593400001525879,20.821792530205805,19.62468,34.34647,38.88768,42.064735,43.93677,30.732775,1.0,34.26838232307906,34.0,35.50307083129883,36.0,37.0,37.0,0
Mbalmayo,BIO_FP_FH__L2A_20251124T050104_20251206T050132_T_G01_M01_C___T004_F004,2025-11-24,10,31,11.455997467041016,3.4402546882629395,15.02783203125,1.0,8649,19.400999069213867,11.300301719310037,9.789272,22.250418,26.998484,31.330168,32.880566,17.461609,1.0,34.624389975921915,35.0,36.0,36.0,37.0,37.0,0
Mbalmayo,BIO_FP_FH__L2A_20251124T050104_20251206T050132_T_G01_M01_C___T004_F004,2025-11-24,10,32,11.456830978393555,3.4402546882629395,6.142832279205322,1.0,8649,27.33919906616211,16.121542794867903,13.902378,28.572178,36.92322,41.829212,43.60204,25.048157,1.0,33.15017749990586,33.0,35.0,35.0,35.0,35.0,0
Mbalmayo,BIO_FP_FH__L2A_20251124T050104_20251206T050132_T_G01_M01_C___T004_F004,2025-11-24,10,33,11.457664489746094,3.4402546882629395,9.261232376098633,1.0,8649,21.972999572753906,14.282951334691871,12.255617,26.58223,31.756107,40.79208,43.736748,22.86176,1.0,33.24386930934321,34.0,34.0,35.0,35.0,35.0,0
Mbalmayo,BIO_FP_FH__L2A_20251124T050104_20251206T050132_T_G01_M01_C___T004_F004,2025-11-24,10,34,11.458498001098633,3.4402546882629395,19.406232833862305,1.0,8649,5.216800212860107,10.139020881207365,8.541323,22.210136,26.129105,30.578863,39.98411,18.141006,1.0,34.601070855694545,34.0,36.0,36.0,37.0,37.0,0
Mbalmayo,BIO_FP_FH__L2A_20251124T050104_20251206T050132_T_G01_M01_C___T004_F004,2025-11-24,10,35,11.459331512451172,3.4402546882629395,25.145631790161133,1.0,8649,0.3255999982357025,17.054444065065326,15.049342,35.18373,37.881584,40.903107,42.40625,28.63255,1.0,36.551539323277275,36.0,38.0,38.0,39.0,39.0,0
Mbalmayo,BIO_FP_FH__L2A_20251124T050104_20251206T050132_T_G01_M01_C___T004_F004,2025-11-24,10,36,11.460165023803711,3.4402546882629395,26.78923225402832,1.0,8649,0.38359999656677246,21.175177743633657,21.033798,35.154972,37.521935,42.785828,45.805843,31.85562,1.0,36.82951137583743,37.0,38.0,38.0,38.0,38.0,0
Mbalmayo,BIO_FP_FH__L2A_20251124T050104_20251206T050132_T_G01_M01_C___T004_F004,2025-11-24,10,37,11.46099853515625,3.4402546882629395,24.69843292236328,1.0,8649,4.934000015258789,19.386447539094114,17.386156,34.59987,36.258068,39.6499,42.407326,31.17446,1.0,35.8422966894352,36.0,37.0,37.231998443603516,38.0,38.0,0
Mbalmayo,BIO_FP_FH__L2A_20251124T050104_20251206T050132_T_G01_M01_C___T004_F004,2025-11-24,10,38,11.461832046508789,3.4402546882629395,16.30470848083496,1.0,8649,17.18975067138672,23.43778227613019,22.383633,38.042713,41.48426,44.290234,45.51983,31.984573,1.0,34.876726491669864,35.0,36.0598030090332,37.0,37.0598030090332,38.0,0
Mbalmayo,BIO_FP_FH__L2A_20251124T050104_20251206T050132_T_G01_M01_C___T004_F004,2025-11-24,10,39,11.462665557861328,3.4402546882629395,9.008708000183105,1.0,8649,25.599349975585938,26.419787624472484,30.346054,40.345074,42.21305,46.48062,48.21194,37.868805,1.0,36.78431586897267,37.0,38.0,38.0,38.0,39.0,0
Mbalmayo,BIO_FP_FH__L2A_20251124T050104_20251206T050132_T_G01_M01_C___T004_F004,2025-11-24,10,40,11.463499069213867,3.4402546882629395,2.8673079013824463,1.0,8649,34.80474853515625,18.60549167082177,15.885623,39.058773,41.720455,44.26742,45.873653,34.45089,1.0,34.99450095908079,35.0,37.0,37.0,37.0,37.0,0
Mbalmayo,BIO_FP_FH__L2A_20251124T050104_20251206T050132_T_G01_M01_C___T004_F004,2025-11-24,10,41,11.464332580566406,3.4402546882629395,2.0217080116271973,1.0,8649,54.43534851074219,14.830102174926292,15.583496,26.698086,29.282959,33.76036,38.283287,24.429264,1.0,33.88220175677937,34.0,35.0,35.0,36.0,36.0,0
Mbalmayo,BIO_FP_FH__L2A_20251124T050104_20251206T050132_T_G01_M01_C___T004_F004,2025-11-24,10,42,11.465166091918945,3.4402546882629395,1.1761080026626587,1.0,8649,74.06614685058594,12.744633140391953,12.161345,25.142567,30.43997,37.023125,39.646893,21.340542,1.0,35.877102666072645,36.0,37.0,37.0,37.0,37.0,0
Mbalmayo,BIO_FP_FH__L2A_20251124T050104_20251206T050132_T_G01_M01_C___T004_F004,2025-11-24,10,43,11.465999603271484,3.4402546882629395,1.9671080112457275,1.0,8649,68.92334747314453,21.04194657167736,21.40772,33.242817,35.272823,39.173344,41.964546,30.66265,1.0,36.359658221755225,36.0,37.0,38.0,38.0,38.0,0
Mbalmayo,BIO_FP_FH__L2A_20251124T050104_20251206T050132_T_G01_M01_C___T004_F004,2025-11-24,10,44,11.466833114624023,3.4402546882629395,2.997107982635498,1.0,8649,58.45315170288086,14.368955959955631,10.822167,34.544807,38.333824,41.749393,43.925003,27.006351,1.0,35.11181344808437,35.0,36.0,36.0,37.0,37.0,0
Mbalmayo,BIO_FP_FH__L2A_20251124T050104_20251206T050132_T_G01_M01_C___T004_F004,2025-11-24,10,45,11.467666625976562,3.4402546882629395,3.1845080852508545,1.0,8649,56.87215042114258,16.987822438377993,13.9692955,34.474567,41.42293,51.41842,53.00577,27.106403,1.0,34.6822025953159,34.0,36.0,37.0,37.0,37.0,0
Mbalmayo,BIO_FP_FH__L2A_20251124T050104_20251206T050132_T_G01_M01_C___T004_F004,2025-11-24,10,46,11.468500137329102,3.4402546882629395,2.2066965103149414,1.0,8649,67.38748931884766,25.79898258649844,25.784203,36.439976,38.44389,43.818943,48.45973,32.752068,1.0,32.68315179886356,33.0,34.0,35.0,36.0,36.0,0
Mbalmayo,BIO_FP_FH__L2A_20251124T050104_20251206T050132_T_G01_M01_C___T004_F004,2025-11-24,10,47,11.46933364868164,3.4402546882629395,6.268496513366699,1.0,8649,46.05808639526367,28.391592190932478,28.810844,34.110657,35.97971,38.608353,43.549767,31.914015,1.0,32.416118993636765,32.0,34.0,34.69546890258789,35.0,35.0,0
Mbalmayo,BIO_FP_FH__L2A_20251124T050104_20251206T050132_T_G01_M01_C___T004_F004,2025-11-24,10,48,11.47016716003418,3.4402546882629395,28.377296447753906,0.9888015060786471,8586,11.110486030578613,27.939225225284762,28.526573,35.846798,37.82089,40.09839,44.42046,34.37687,1.0,33.10182956232888,33.0,34.0,35.0,35.0,35.0,0
Mbalmayo,BIO_FP_FH__L2A_20251124T050104_20251206T050132_T_G01_M01_C___T004_F004,2025-11-24,11,3,11.432659149169922,3.4394211769104004,4.854616641998291,1.0,8649,74.81819915771484,15.860642984376806,17.296883,28.772232,30.893927,36.93567,38.730515,25.34897,1.0,32.30108049379248,32.76170349121094,34.0,34.0,34.0,34.0,0
Mbalmayo,BIO_FP_FH__L2A_20251124T050104_20251206T050132_T_G01_M01_C___T004_F004,2025-11-24,11,7,11.435993194580078,3.4394211769104004,24.41948699951172,1.0,8649,0.0,10.809286229802579,7.5594873,25.431425,28.28815,31.50524,34.716637,20.474583,1.0,32.478572938742424,32.0,35.0,36.0,37.0,37.0,0
Mbalmayo,BIO_FP_FH__L2A_20251124T050104_20251206T050132_T_G01_M01_C___T004_F004,2025-11-24,11,8,11.436826705932617,3.4394211769104004,24.306886672973633,1.0,8649,0.0,24.50904836135319,24.320051,38.7621,40.61905,44.430862,45.90698,34.989124,1.0,37.66625189761893,38.0,39.0,39.0,39.0,39.0,0
Mbalmayo,BIO_FP_FH__L2A_20251124T050104_20251206T050132_T_G01_M01_C___T004_F004,2025-11-24,11,9,11.437660217285156,3.4394211769104004,19.062088012695312,1.0,8649,24.56839942932129,30.46325622904382,32.764442,39.476795,40.55101,42.65339,44.972202,38.080795,1.0,37.73817758761964,38.0,39.0,39.0,39.0,39.0,0
Mbalmayo,BIO_FP_FH__L2A_20251124T050104_20251206T050132_T_G01_M01_C___T004_F004,2025-11-24,11,10,11.438493728637695,3.4394211769104004,15.520687103271484,1.0,8649,35.2067985534668,29.22855593403139,32.231556,40.58754,42.628876,45.09548,46.05066,38.28118,1.0,37.64720748881961,38.0,39.0,39.0,39.0,40.0,0
Mbalmayo,BIO_FP_FH__L2A_20251124T050104_20251206T050132_T_G01_M01_C___T004_F004,2025-11-24,11,11,11.439327239990234,3.4394211769104004,25.34288787841797,1.0,8649,3.1308000087738037,23.242482873742627,22.66495,36.86185,39.255287,41.747234,44.630554,34.520214,1.0,38.64190178521728,39.0,39.52350997924805,40.0,40.0,40.0,0
Mbalmayo,BIO_FP_FH__L2A_20251124T050104_20251206T050132_T_G01_M01_C___T004_F004,2025-11-24,11,12,11.440160751342773,3.4394211769104004,27.165687561035156,1.0,8649,0.59579998254776,21.90340736645855,22.780884,36.867054,38.321354,40.872772,45.78856,32.557457,1.0,38.25382522263683,38.0,40.0,40.0,40.0,40.0,0
Mbalmayo,BIO_FP_FH__L2A_20251124T050104_20251206T050132_T_G01_M01_C___T004_F004,2025-11-24,11,13,11.440994262695312,3.4394211769104004,29.191686630249023,1.0,8649,0.870199978351593,23.376716238871545,24.644154,33.04087,36.162468,47.442966,50.2835,31.115053,1.0,35.62043019423858,36.0,37.0,37.0,37.0,37.0,0
Mbalmayo,BIO_FP_FH__L2A_20251124T050104_20251206T050132_T_G01_M01_C___T004_F004,2025-11-24,11,14,11.441827774047852,3.4394211769104004,30.34125518798828,1.0,8649,0.8411999940872192,22.918618549651693,24.101248,32.75023,37.134007,41.29625,43.909737,29.01324,1.0,36.019410347163934,36.0,37.0,37.0,38.0,38.0,0
Mbalmayo,BIO_FP_FH__L2A_20251124T050104_20251206T050132_T_G01_M01_C___T004_F004,2025-11-24,11,15,11.44266128540039,3.4394211769104004,29.56265640258789,1.0,8649,0.38580000400543213,23.81876314277662,23.544754,34.995148,39.018288,42.923763,44.323036,31.504625,1.0,34.968521370007295,35.0,37.0,37.0,37.0,37.0,0
Mbalmayo,BIO_FP_FH__L2A_20251124T050104_20251206T050132_T_G01_M01_C___T004_F004,2025-11-24,11,16,11.44349479675293,3.4394211769104004,28.94865608215332,1.0,8649,0.010599999688565731,22.214377204012024,22.806627,32.114388,33.891613,36.321556,40.05963,29.975216,1.0,33.83922332029754,34.0,35.0,35.0,35.0,35.0,0
Mbalmayo,BIO_FP_FH__L2A_20251124T050104_20251206T050132_T_G01_M01_C___T004_F004,2025-11-24,11,17,11.444328308105469,3.4394211769104004,28.897056579589844,1.0,8649,0.0,18.918024866494683,19.005547,31.460966,36.265827,42.242188,46.45195,28.072617,1.0,31.770597062037574,32.0,34.0,34.0,34.0,34.0,0
Mbalmayo,BIO_FP_FH__L2A_20251124T050104_20251206T050132_T_G01_M01_C___T004_F004,2025-11-24,11,18,11.445161819458008,3.4394211769104004,28.876855850219727,1.0,8649,0.0,19.026232485330674,15.822247,38.98236,40.62998,46.485065,47.75473,31.622437,1.0,32.99697640915526,33.0,34.0,34.0,35.0,35.0,0
Mbalmayo,BIO_FP_FH__L2A_20251124T050104_20251206T050132_T_G01_M01_C___T004_F004,2025-11-24,11,19,11.445995330810547,3.4394211769104004,28.366655349731445,1.0,8649,0.0,22.24696519286912,22.080584,34.506714,37.13653,42.965218,45.579006,30.44016,1.0,33.1714593397977,33.0,36.0,36.0,37.0,37.0,0
Mbalmayo,BIO_FP_FH__L2A_20251124T050104_20251206T050132_T_G01_M01_C___T004_F004,2025-11-24,11,20,11.446828842163086,3.4394211769104004,28.217256546020508,1.0,8649,0.24719999730587006,23.977279820102034,21.169592,40.59765,43.554207,45.690914,47.604824,31.06941,1.0,33.25132394672226,33.0,36.0,36.0,37.0,37.0,0
Mbalmayo,BIO_FP_FH__L2A_20251124T050104_20251206T050132_T_G01_M01_C___T004_F004,2025-11-24,11,21,11.447662353515625,3.4394211769104004,28.721256256103516,1.0,8649,0.5935999751091003,22.277370509777143,22.065502,32.81699,37.023796,41.215168,43.360462,28.74098,1.0,30.990669012317795,31.0,33.0,34.0,35.0,35.0,0
Mbalmayo,BIO_FP_FH__L2A_20251124T050104_20251206T050132_T_G01_M01_C___T004_F004,2025-11-24,11,22,11.448495864868164,3.4394211769104004,29.97597312927246,1.0,8649,0.7031999826431274,19.1462096638701,19.0548,35.289734,38.576828,40.98654,43.24771,31.280954,1.0,30.15477520138532,30.0,31.0,31.0,32.0,32.0,0
Mbalmayo,BIO_FP_FH__L2A_20251124T050104_20251206T050132_T_G01_M01_C___T004_F004,2025-11-24,11,23,11.449329376220703,3.4394211769104004,32.22797393798828,1.0,8649,0.9305999875068665,10.9353020851399,4.459089,29.084145,36.93607,40.96377,43.417885,22.103474,1.0,29.000260013585173,29.0,31.0,31.0,32.0,32.0,0
Mbalmayo,BIO_FP_FH__L2A_20251124T050104_20251206T050132_T_G01_M01_C___T004_F004,2025-11-24,11,24,11.450162887573242,3.4394211769104004,32.32657241821289,1.0,8649,0.6309999823570251,14.463204854788126,15.796784,22.862305,23.898285,25.081835,28.229115,20.925095,1.0,25.49184328498889,25.0,28.0,29.0,29.0,29.0,0
Mbalmayo,BIO_FP_FH__L2A_20251124T050104_20251206T050132_T_G01_M01_C___T004_F004,2025-11-24,11,25,11.450996398925781,3.4394211769104004,31.37537384033203,1.0,8649,0.05260000005364418,13.946477622954966,12.039892,25.162668,26.418625,36.641403,42.652267,22.205849,1.0,26.82310596743489,27.0,31.0,31.0,33.0,33.0,0
Mbalmayo,BIO_FP_FH__L2A_20251124T050104_20251206T050132_T_G01_M01_C___T004_F004,2025-11-24,11,26,11.45182991027832,3.4394211769104004,28.954973220825195,1.0,8649,0.0,17.188212352042143,15.270271,33.57051,36.012203,39.270847,41.682877,28.955914,1.0,31.029532444354412,31.0,35.0,36.0,36.0,36.0,0
Mbalmayo,BIO_FP_FH__L2A_20251124T050104_20251206T050132_T_G01_M01_C___T004_F004,2025-11-24,11,27,11.45266342163086,3.4394211769104004,25.892574310302734,1.0,8649,0.604200005531311,20.132657812680655,20.985542,35.57668,37.5091,39.328823,41.289143,30.690275,1.0,34.88271196559201,35.0,37.0,37.0,38.0,38.0,0
Mbalmayo,BIO_FP_FH__L2A_20251124T050104_20251206T050132_T_G01_M01_C___T004_F004,2025-11-24,11,28,11.453496932983398,3.4394211769104004,21.986373901367188,1.0,8649,9.212800025939941,20.89645343753613,23.161016,34.1647,35.518063,37.290623,40.226353,30.351055,1.0,35.01515199518132,35.0,37.0,37.0,38.0,38.0,0
Mbalmayo,BIO_FP_FH__L2A_20251124T050104_20251206T050132_T_G01_M01_C___T004_F004,2025-11-24,11,29,11.454330444335938,3.4394211769104004,23.75037384033203,1.0,8649,9.536800384521484,17.195856276737196,16.018667,26.779099,29.228361,32.537487,35.621933,25.499859,1.0,30.856616286049412,30.675607681274414,33.0,33.0,34.0,34.0,0
Mbalmayo,BIO_FP_FH__L2A_20251124T050104_20251206T050132_T_G01_M01_C___T004_F004,2025-11-24,11,30,11.455163955688477,3.4394211769104004,26.40483283996582,1.0,8649,6.254199981689453,14.604853049304833,13.557222,26.138235,29.71716,34.57858,37.80743,20.721798,1.0,32.3523060636226,33.0,34.0,35.0,35.0,36.0,0
Mbalmayo,BIO_FP_FH__L2A_20251124T050104_20251206T050132_T_G01_M01_C___T004_F004,2025-11-24,11,31,11.455997467041016,3.4394211769104004,17.470632553100586,1.0,8649,14.713399887084961,17.440877716173834,13.776384,33.704823,38.572407,43.17321,45.15068,28.09257,1.0,34.92917666929776,35.0,36.0,36.0,36.0,36.0,0
Mbalmayo,BIO_FP_FH__L2A_20251124T050104_20251206T050132_T_G01_M01_C___T004_F004,2025-11-24,11,32,11.456830978393555,3.4394211769104004,9.466632843017578,1.0,8649,13.312199592590332,17.726180862671985,14.729015,33.570927,35.81675,39.25362,40.70679,29.097504,1.0,32.29355691399708,32.0,34.0,34.0,35.0,35.0,0
Mbalmayo,BIO_FP_FH__L2A_20251124T050104_20251206T050132_T_G01_M01_C___T004_F004,2025-11-24,11,33,11.457664489746094,3.4394211769104004,9.310232162475586,1.0,8649,9.781800270080566,15.572893294203087,13.824907,28.588137,30.977932,33.550667,37.685287,23.043747,1.0,31.059579102975643,31.0,32.0,33.0,34.0,34.0,0
Mbalmayo,BIO_FP_FH__L2A_20251124T050104_20251206T050132_T_G01_M01_C___T004_F004,2025-11-24,11,34,11.458498001098633,3.4394211769104004,17.133432388305664,1.0,8649,4.086400032043457,12.24262604419586,9.337464,28.603872,32.443115,44.98107,51.280937,18.818417,1.0,34.33823131332371,34.0,37.0,37.0,38.0,38.0,0
Mbalmayo,BIO_FP_FH__L2A_20251124T050104_20251206T050132_T_G01_M01_C___T004_F004,2025-11-24,11,35,11.459331512451172,3.4394211769104004,21.935232162475586,1.0,8649,0.39239999651908875,21.714919851644698,22.399797,36.651783,39.474464,41.654522,43.139683,32.20166,1.0,38.674983161875986,39.0,40.0,42.0,42.0,42.0,0
Mbalmayo,BIO_FP_FH__L2A_20251124T050104_20251206T050132_T_G01_M01_C___T004_F004,2025-11-24,11,36,11.460165023803711,3.4394211769104004,21.43543243408203,1.0,8649,3.9374001026153564,18.188561696980866,17.051525,29.72229,32.30529,40.015465,41.877056,26.36712,1.0,36.247598168863455,36.0,37.0,37.0,38.0,38.0,0
Mbalmayo,BIO_FP_FH__L2A_20251124T050104_20251206T050132_T_G01_M01_C___T004_F004,2025-11-24,11,37,11.46099853515625,3.4394211769104004,25.339632034301758,1.0,8649,1.2355999946594238,9.033929590848652,7.340783,21.886414,25.455042,31.558952,34.13658,17.052837,1.0,34.99495651636775,35.0,36.0,36.0,36.0,36.0,0
Mbalmayo,BIO_FP_FH__L2A_20251124T050104_20251206T050132_T_G01_M01_C___T004_F004,2025-11-24,11,38,11.461832046508789,3.4394211769104004,24.150108337402344,1.0,8649,1.0473498106002808,20.114691614456873,21.014465,30.071224,32.656467,42.21474,43.649548,27.58384,1.0,34.605410804444205,35.0,35.0,35.0,36.0,38.0,0
Mbalmayo,BIO_FP_FH__L2A_20251124T050104_20251206T050132_T_G01_M01_C___T004_F004,2025-11-24,11,39,11.462665557861328,3.4394211769104004,18.53670883178711,1.0,8649,9.130749702453613,21.88670847514886,18.977303,36.961533,38.671093,43.193264,48.037502,34.00354,1.0,36.1003703751279,36.0,38.0,38.0,39.0,39.0,0
Mbalmayo,BIO_FP_FH__L2A_20251124T050104_20251206T050132_T_G01_M01_C___T004_F004,2025-11-24,11,40,11.463499069213867,3.4394211769104004,12.948907852172852,1.0,8649,17.339750289916992,18.331999973804773,17.415537,29.07601,30.483242,34.285923,37.281895,26.349443,1.0,34.680225918342344,35.0,36.0,36.0,37.0,37.0,0
Mbalmayo,BIO_FP_FH__L2A_20251124T050104_20251206T050132_T_G01_M01_C___T004_F004,2025-11-24,11,41,11.464332580566406,3.4394211769104004,7.484307765960693,1.0,8649,26.15315055847168,18.11127641201295,17.243055,28.066109,31.030712,33.76706,36.804108,24.800066,1.0,34.982732877136996,35.0,37.0,37.0,38.0,38.0,0
Mbalmayo,BIO_FP_FH__L2A_20251124T050104_20251206T050132_T_G01_M01_C___T004_F004,2025-11-24,11,42,11.465166091918945,3.4394211769104004,2.8755080699920654,1.0,8649,36.97154998779297,20.039352341130478,20.3169,32.862045,36.287357,38.331665,47.2696,30.701101,1.0,37.81724798815804,38.0,39.0,40.0,40.0,40.0,0
Mbalmayo,BIO_FP_FH__L2A_20251124T050104_20251206T050132_T_G01_M01_C___T004_F004,2025-11-24,11,43,11.465999603271484,3.4394211769104004,3.2945079803466797,1.0,8649,37.46134948730469,15.185373670366516,13.048451,27.131891,34.108784,39.867718,41.841835,23.43228,1.0,38.46232283582631,38.0,40.0,40.0,40.0,40.0,0
Mbalmayo,BIO_FP_FH__L2A_20251124T050104_20251206T050132_T_G01_M01_C___T004_F004,2025-11-24,11,44,11.466833114624023,3.4394211769104004,4.844307899475098,1.0,8649,20.83514976501465,15.627870804699242,11.199341,35.351406,39.90266,42.83767,44.850414,30.846762,1.0,37.30267689123031,37.0450553894043,38.0,38.0,39.0,39.0,0
Mbalmayo,BIO_FP_FH__L2A_20251124T050104_20251206T050132_T_G01_M01_C___T004_F004,2025-11-24,11,45,11.467666625976562,3.4394211769104004,7.433107852935791,1.0,8649,15.803549766540527,18.821584436242627,13.879134,39.742256,43.2979,46.77613,47.86415,31.25735,1.0,37.033860719442394,37.0,38.0,38.0,38.0,38.0,0
Mbalmayo,BIO_FP_FH__L2A_20251124T050104_20251206T050132_T_G01_M01_C___T004_F004,2025-11-24,11,46,11.468500137329102,3.4394211769104004,9.07089614868164,1.0,8649,30.456087112426758,23.09871105944329,22.04683,37.69141,40.03606,43.650543,45.319702,34.217773,1.0,34.90621565184658,35.0,37.0,38.0,38.0,38.0,0
Mbalmayo,BIO_FP_FH__L2A_20251124T050104_20251206T050132_T_G01_M01_C___T004_F004,2025-11-24,11,47,11.46933364868164,3.4394211769104004,10.999496459960938,1.0,8649,40.96688461303711,25.227757882956123,25.045828,37.53656,40.515385,43.349773,47.028847,31.722076,1.0,31.949233904258683,32.0,33.0,33.0,34.0,34.0,0
Mbalmayo,BIO_FP_FH__L2A_20251124T050104_20251206T050132_T_G01_M01_C___T004_F004,2025-11-24,11,48,11.47016716003418,3.4394211769104004,20.70849609375,0.999891838843815,8649,23.861085891723633,19.23903507327894,20.907093,28.005983,31.494707,38.56772,44.018772,26.148249,1.0,30.334469787398298,30.0,32.0,32.0,33.0,33.0,0
Mbalmayo,BIO_FP_FH__L2A_20251124T050104_20251206T050132_T_G01_M01_C___T004_F004,2025-11-24,12,3,11.432659149169922,3.4385876655578613,3.3630166053771973,0.9998009106453781,8649,82.55580139160156,15.129299035713657,15.594406,28.050938,31.816332,37.217987,40.077713,26.478851,0.9964411630942265,31.923434966121807,32.0,34.0,34.0,34.0,35.0,0
Mbalmayo,BIO_FP_FH__L2A_20251124T050104_20251206T050132_T_G01_M01_C___T004_F004,2025-11-24,12,6,11.435159683227539,3.4385876655578613,21.05788803100586,1.0,8649,0.0,5.7185496404027925,4.3623443,11.734566,15.128141,18.94564,24.572521,9.705447,1.0,24.184354122504566,24.0,28.0,29.0,30.0,30.0,0
Mbalmayo,BIO_FP_FH__L2A_20251124T050104_20251206T050132_T_G01_M01_C___T004_F004,2025-11-24,12,7,11.435993194580078,3.4385876655578613,22.78348731994629,1.0,8649,0.0,14.632530562601168,12.098141,29.655327,31.999287,36.031208,37.277397,27.572647,1.0,31.63533930602632,32.0,35.0,37.0,38.0,38.0,0
Mbalmayo,BIO_FP_FH__L2A_20251124T050104_20251206T050132_T_G01_M01_C___T004_F004,2025-11-24,12,8,11.436826705932617,3.4385876655578613,19.40568733215332,1.0,8649,16.30500030517578,27.472293694538386,30.7457,38.053513,39.564007,42.047867,44.421406,36.96101,1.0,37.84863802181777,38.0,39.0,39.0,39.0,39.0,0
Mbalmayo,BIO_FP_FH__L2A_20251124T050104_20251206T050132_T_G01_M01_C___T004_F004,2025-11-24,12,9,11.437660217285156,3.4385876655578613,9.348287582397461,1.0,8649,65.96600341796875,33.0671135210718,34.73564,40.36818,41.444168,43.33325,45.424423,39.48079,1.0,38.19510344541587,38.0,39.0,39.0,39.0,39.0,0
Mbalmayo,BIO_FP_FH__L2A_20251124T050104_20251206T050132_T_G01_M01_C___T004_F004,2025-11-24,12,10,11.438493728637695,3.4385876655578613,11.147287368774414,0.9999999788292903,8649,63.27159881591797,29.982855860073403,32.694157,39.185898,40.347637,42.600132,44.817375,38.483585,1.0,37.20630080141157,37.0,38.0,38.0,39.0,39.0,0
Mbalmayo,BIO_FP_FH__L2A_20251124T050104_20251206T050132_T_G01_M01_C___T004_F004,2025-11-24,12,11,11.439327239990234,3.4385876655578613,27.787487030029297,1.0,8649,9.402799606323242,24.562629959930337,24.37415,37.8383,39.555485,41.78067,46.395893,35.126232,1.0,38.53420231369606,39.0,40.0,40.0,40.0,40.0,0
Mbalmayo,BIO_FP_FH__L2A_20251124T050104_20251206T050132_T_G01_M01_C___T004_F004,2025-11-24,12,12,11.440160751342773,3.4385876655578613,30.7460880279541,1.0,8649,1.0351999998092651,24.583596753418025,25.251295,38.935562,41.947887,45.750534,47.43803,34.535145,1.0,39.70886305051396,40.0,41.0,41.0,42.0,42.0,0
Mbalmayo,BIO_FP_FH__L2A_20251124T050104_20251206T050132_T_G01_M01_C___T004_F004,2025-11-24,12,13,11.440994262695312,3.4385876655578613,30.841487884521484,1.0000000211707099,8649,1.06659996509552,19.703484654294915,20.934011,33.257805,35.970165,38.436867,40.33057,28.199152,1.0,38.221473984062804,38.94734573364258,39.0,40.0,40.0,40.0,0
Mbalmayo,BIO_FP_FH__L2A_20251124T050104_20251206T050132_T_G01_M01_C___T004_F004,2025-11-24,12,14,11.441827774047852,3.4385876655578613,30.886455535888672,1.0,8649,1.0808000564575195,21.199985637790498,23.185265,37.893448,40.22715,43.410122,45.579063,36.064907,1.0,37.16380658360875,37.0,38.0,38.0,38.0,38.0,0
Mbalmayo,BIO_FP_FH__L2A_20251124T050104_20251206T050132_T_G01_M01_C___T004_F004,2025-11-24,12,15,11.44266128540039,3.4385876655578613,30.396055221557617,1.0,8649,0.8533999919891357,23.89665791836484,24.934298,33.01952,35.36158,39.158012,42.507454,30.30839,1.0,36.96507880662629,37.0,38.0,39.0,39.0,39.0,0
Mbalmayo,BIO_FP_FH__L2A_20251124T050104_20251206T050132_T_G01_M01_C___T004_F004,2025-11-24,12,16,11.44349479675293,3.4385876655578613,29.669654846191406,1.0000000141138066,8649,0.5109999775886536,27.142801982069567,27.870588,36.017986,38.710518,40.993614,43.280094,33.377636,1.0,33.496580869286774,33.0,35.0,36.0,37.0,37.0,0
Mbalmayo,BIO_FP_FH__L2A_20251124T050104_20251206T050132_T_G01_M01_C___T004_F004,2025-11-24,12,17,11.444328308105469,3.4385876655578613,29.316856384277344,1.0000000211707099,8649,0.18359999358654022,26.761321980667486,28.285494,34.21011,36.143135,40.95424,45.19118,32.794285,1.0,35.03614435185999,35.0,37.0,37.0,37.0,37.0,0
Mbalmayo,BIO_FP_FH__L2A_20251124T050104_20251206T050132_T_G01_M01_C___T004_F004,2025-11-24,12,18,11.445161819458008,3.4385876655578613,29.110055923461914,1.0000000070569033,8649,0.0,24.93414875473498,26.899752,38.48857,39.99973,43.014446,45.243168,35.145226,1.0,35.55144152297824,36.0,37.0,37.0,38.0,38.0,0
Mbalmayo,BIO_FP_FH__L2A_20251124T050104_20251206T050132_T_G01_M01_C___T004_F004,2025-11-24,12,19,11.445995330810547,3.4385876655578613,28.885456085205078,1.0000000352845162,8649,0.08860000222921371,20.95840801800803,19.00744,37.91681,41.576645,44.61073,46.44041,32.454464,1.0,35.59100468424183,36.0,37.0,37.0,37.0,37.0,0
Mbalmayo,BIO_FP_FH__L2A_20251124T050104_20251206T050132_T_G01_M01_C___T004_F004,2025-11-24,12,20,11.446828842163086,3.4385876655578613,29.407455444335938,0.999999971772387,8649,0.6931999921798706,18.167707649313563,16.096163,32.871716,34.9321,42.407394,45.052143,29.406973,1.0,35.80192670757088,36.0,37.0,37.0,37.0,37.0,0
Mbalmayo,BIO_FP_FH__L2A_20251124T050104_20251206T050132_T_G01_M01_C___T004_F004,2025-11-24,12,21,11.447662353515625,3.4385876655578613,30.189655303955078,1.0000000141138066,8649,1.1128000020980835,20.51775691139334,21.771118,30.808071,32.785126,36.17735,38.75138,27.985813,1.0,32.16203086320231,32.0,34.0,34.0,35.0,37.0,0
Mbalmayo,BIO_FP_FH__L2A_20251124T050104_20251206T050132_T_G01_M01_C___T004_F004,2025-11-24,12,22,11.448495864868164,3.4385876655578613,31.409772872924805,0.9999999647154837,8649,0.9753999710083008,17.893069578083477,17.63915,32.02618,34.35451,41.082775,43.631153,26.10218,1.0,31.24747925144301,31.0,32.74184036254883,33.0,33.0,33.0,0
Mbalmayo,BIO_FP_FH__L2A_20251124T050104_20251206T050132_T_G01_M01_C___T004_F004,2025-11-24,12,23,11.449329376220703,3.4385876655578613,32.420772552490234,0.9999999929430967,8649,0.8424000144004822,8.890405903551256,3.536665,23.917082,29.058956,41.613407,43.510708,19.18675,1.0,27.602895040266198,28.0,30.0,30.0,31.0,32.0,0
Mbalmayo,BIO_FP_FH__L2A_20251124T050104_20251206T050132_T_G01_M01_C___T004_F004,2025-11-24,12,24,11.450162887573242,3.4385876655578613,31.516372680664062,0.9999999364878707,8649,0.2378000020980835,13.136338398630617,11.413401,23.444965,27.727495,36.22889,38.23006,19.303848,1.0,28.193917475266048,28.0,32.0,33.0,34.0,34.0,0
Mbalmayo,BIO_FP_FH__L2A_20251124T050104_20251206T050132_T_G01_M01_C___T004_F004,2025-11-24,12,25,11.450996398925781,3.4385876655578613,27.538772583007812,0.9999999929430967,8649,0.0,23.151677290070094,24.158875,32.722378,34.26419,42.554966,45.25511,30.81848,1.0,33.46131617210548,33.60873794555664,36.0,36.0,37.0,37.0,0
Mbalmayo,BIO_FP_FH__L2A_20251124T050104_20251206T050132_T_G01_M01_C___T004_F004,2025-11-24,12,26,11.45182991027832,3.4385876655578613,23.78217315673828,1.0000000917397422,8649,0.0,15.883750570700535,13.937173,27.936388,30.547192,34.877438,37.85981,24.12386,1.0,32.99325647132495,33.0,34.0,34.0,36.0,36.0,0
Mbalmayo,BIO_FP_FH__L2A_20251124T050104_20251206T050132_T_G01_M01_C___T004_F004,2025-11-24,12,27,11.45266342163086,3.4385876655578613,16.59557342529297,0.9999999506016772,8649,11.668600082397461,17.03837978179052,15.636936,30.28386,31.850138,34.787025,37.748844,25.716393,1.0,33.68265689669462,33.0,35.0,35.65574645996094,37.0,37.0,0
Mbalmayo,BIO_FP_FH__L2A_20251124T050104_20251206T050132_T_G01_M01_C___T004_F004,2025-11-24,12,28,11.453496932983398,3.4385876655578613,9.338973045349121,0.999999943544774,8649,25.479000091552734,20.675460283718014,19.570414,35.375732,38.578827,42.341152,45.182903,30.327444,1.0,34.624158298008595,35.0,36.0,37.0,37.0,37.0,0
Mbalmayo,BIO_FP_FH__L2A_20251124T050104_20251206T050132_T_G01_M01_C___T004_F004,2025-11-24,12,29,11.454330444335938,3.4385876655578613,19.78617286682129,0.9999999223740642,8649,13.9753999710083,18.391540324859626,18.415464,30.72683,33.759167,38.788406,41.402348,26.976711,1.0,32.312535201818186,33.0,34.179054260253906,35.0,35.0,35.0,0
Mbalmayo,BIO_FP_FH__L2A_20251124T050104_20251206T050132_T_G01_M01_C___T004_F004,2025-11-24,12,30,11.455163955688477,3.4385876655578613,28.79863166809082,1.000000056455226,8649,2.0878000259399414,17.56492376032658,17.025677,26.88278,30.516062,35.469852,40.46194,24.53041,1.0,33.884558268042156,34.0,35.0,36.0,36.0,38.0,0
Mbalmayo,BIO_FP_FH__L2A_20251124T050104_20251206T050132_T_G01_M01_C___T004_F004,2025-11-24,12,31,11.455997467041016,3.4385876655578613,20.386032104492188,0.9999999647154837,8649,2.8919999599456787,19.343524861622768,19.042294,30.407616,33.92662,40.208664,48.294987,26.606365,1.0,36.297347771499815,36.0,37.0,38.0,38.0,38.0,0
Mbalmayo,BIO_FP_FH__L2A_20251124T050104_20251206T050132_T_G01_M01_C___T004_F004,2025-11-24,12,32,11.456830978393555,3.4385876655578613,11.842032432556152,0.9999999153171609,8649,4.407599925994873,13.457361184843995,10.809342,26.910248,29.965862,37.170376,40.87534,22.454138,1.0,32.31057263313794,32.0,35.0,35.0,36.0,36.0,0
Mbalmayo,BIO_FP_FH__L2A_20251124T050104_20251206T050132_T_G01_M01_C___T004_F004,2025-11-24,12,33,11.457664489746094,3.4385876655578613,8.80123233795166,0.9999999294309675,8649,4.6255998611450195,16.008811193570406,13.084825,32.12877,34.49261,41.917885,44.79329,26.339563,1.0,29.461640955051365,30.0,31.0,31.0,31.960491180419922,32.0,0
Mbalmayo,BIO_FP_FH__L2A_20251124T050104_20251206T050132_T_G01_M01_C___T004_F004,2025-11-24,12,34,11.458498001098633,3.4385876655578613,15.832832336425781,0.9999999506016772,8649,2.619800090789795,16.429913229230692,13.02538,33.835815,35.94904,39.6197,44.27665,28.942259,1.0,34.87389978423589,35.0,38.0,38.0,39.0,39.0,0
Mbalmayo,BIO_FP_FH__L2A_20251124T050104_20251206T050132_T_G01_M01_C___T004_F004,2025-11-24,12,35,11.459331512451172,3.4385876655578613,11.993232727050781,1.0000000635121293,8649,16.861799240112305,18.563325551333765,17.701897,34.443123,36.916782,39.762985,42.718464,28.730062,1.0,38.62138117943379,38.65574645996094,40.0,41.0,41.615455627441406,42.0,0
Mbalmayo,BIO_FP_FH__L2A_20251124T050104_20251206T050132_T_G01_M01_C___T004_F004,2025-11-24,12,36,11.460165023803711,3.4385876655578613,11.49343204498291,1.0000000352845162,8649,20.40679931640625,20.27132795622259,20.429657,34.120457,36.47058,41.420208,44.182083,29.871569,1.0,35.66741415899963,35.0,37.0,38.0,38.0,38.0,0
Mbalmayo,BIO_FP_FH__L2A_20251124T050104_20251206T050132_T_G01_M01_C___T004_F004,2025-11-24,12,37,11.46099853515625,3.4385876655578613,23.975831985473633,1.0000000211707099,8649,5.537399768829346,22.85548520270097,22.69611,36.817596,40.607983,43.316257,45.27264,31.230474,1.0,34.59280391494199,35.0,35.0,36.0,36.0,36.0,0
Mbalmayo,BIO_FP_FH__L2A_20251124T050104_20251206T050132_T_G01_M01_C___T004_F004,2025-11-24,12,38,11.461832046508789,3.4385876655578613,26.82790756225586,1.0000000141138066,8649,0.6093498468399048,20.247966084071795,18.770094,33.651657,37.70676,40.335793,41.544865,29.240076,1.0,32.6522222960639,33.0,34.0,35.0,35.0,35.0,0
Mbalmayo,BIO_FP_FH__L2A_20251124T050104_20251206T050132_T_G01_M01_C___T004_F004,2025-11-24,12,39,11.462665557861328,3.4385876655578613,25.232507705688477,1.0000000352845162,8649,0.29354986548423767,14.815180197206708,15.179955,21.956297,24.407679,27.914173,32.232456,19.971321,1.0,33.165156027584054,33.0,34.0,34.463775634765625,35.0,35.0,0
Mbalmayo,BIO_FP_FH__L2A_20251124T050104_20251206T050132_T_G01_M01_C___T004_F004,2025-11-24,12,40,11.463499069213867,3.4385876655578613,22.66130828857422,0.9999999929430967,8649,1.8377498388290405,16.81841199704612,15.733028,28.766882,31.455225,34.27051,35.95389,22.160856,1.0,34.89870695594226,35.0,36.0,36.0,37.0,37.0,0
Mbalmayo,BIO_FP_FH__L2A_20251124T050104_20251206T050132_T_G01_M01_C___T004_F004,2025-11-24,12,41,11.464332580566406,3.4385876655578613,15.17830753326416,1.0000000493983228,8649,13.901350021362305,16.23527285229282,14.926029,29.579765,37.0799,43.049862,46.156055,25.623838,1.0,37.239401389166225,37.0,39.0,39.0,39.0,39.0,0
Mbalmayo,BIO_FP_FH__L2A_20251124T050104_20251206T050132_T_G01_M01_C___T004_F004,2025-11-24,12,42,11.465166091918945,3.4385876655578613,7.695107936859131,1.000000056455226,8649,25.964950561523438,13.593501845775284,11.530172,26.975887,32.408813,38.953228,46.15702,21.757832,1.0,38.35868192653543,39.0,39.0,39.0,40.0,40.0,0
Mbalmayo,BIO_FP_FH__L2A_20251124T050104_20251206T050132_T_G01_M01_C___T004_F004,2025-11-24,12,43,11.465999603271484,3.4385876655578613,4.268308162689209,1.000000056455226,8649,27.87274932861328,16.67027795672515,15.410676,32.791718,35.955963,39.663174,42.209213,25.594917,1.0,38.223750896544274,38.0,39.0,39.0,40.0,40.0,0
Mbalmayo,BIO_FP_FH__L2A_20251124T050104_20251206T050132_T_G01_M01_C___T004_F004,2025-11-24,12,44,11.466833114624023,3.4385876655578613,6.512107849121094,0.999999943544774,8649,15.669750213623047,12.959578563972045,11.497414,25.630075,32.907692,36.787476,40.98973,21.145227,1.0,36.43946814605963,36.14581298828125,38.0,38.0,39.0,39.0,0
Mbalmayo,BIO_FP_FH__L2A_20251124T050104_20251206T050132_T_G01_M01_C___T004_F004,2025-11-24,12,45,11.467666625976562,3.4385876655578613,11.041108131408691,1.0000000917397422,8649,7.112149715423584,16.176008183861725,13.735964,35.05294,38.444313,42.25062,47.097263,26.985855,1.0,35.93026580616482,36.0,37.0,38.0,38.0,38.0,0
Mbalmayo,BIO_FP_FH__L2A_20251124T050104_20251206T050132_T_G01_M01_C___T004_F004,2025-11-24,12,46,11.468500137329102,3.4385876655578613,23.61689567565918,1.0000000070569033,8649,5.674086570739746,23.4867468570335,25.563429,39.797535,41.76693,43.774757,45.805756,35.02959,1.0,35.54402413855041,35.0,37.0,38.0,38.0,38.0,0
Mbalmayo,BIO_FP_FH__L2A_20251124T050104_20251206T050132_T_G01_M01_C___T004_F004,2025-11-24,12,47,11.46933364868164,3.4385876655578613,25.753095626831055,1.000000056455226,8649,13.224886894226074,20.12081654801943,20.997002,32.579346,35.841244,38.177017,41.260056,28.450695,1.0,32.6845658443776,33.0,34.0,35.0,35.0,35.0,0
Mbalmayo,BIO_FP_FH__L2A_20251124T050104_20251206T050132_T_G01_M01_C___T004_F004,2025-11-24,12,48,11.47016716003418,3.4385876655578613,28.8378963470459,0.9942572826677036,8614,7.253686428070068,10.9133679041104,9.1703415,24.000637,27.473892,32.654396,36.882397,19.494814,1.0,30.043240467238693,29.0,34.046512603759766,35.0,36.0,36.0,0
Mbalmayo,BIO_FP_FH__L2A_20251124T050104_20251206T050132_T_G01_M01_C___T004_F004,2025-11-24,13,5,11.434326171875,3.4377541542053223,17.61501693725586,0.9799848228593081,8502,0.5874000191688538,7.024758311542347,4.959664,17.345928,23.868532,28.170618,31.508509,13.977861,0.93663727638797,19.80312738396402,20.0,24.0,24.0,27.0,27.0,0
Mbalmayo,BIO_FP_FH__L2A_20251124T050104_20251206T050132_T_G01_M01_C___T004_F004,2025-11-24,13,6,11.435159683227539,3.4377541542053223,19.427087783813477,1.0000000141138066,8649,0.0,5.027095276053984,3.5051029,10.360686,16.299074,25.730217,27.966042,8.396588,1.0,21.413501050792302,21.0,26.0,26.0,27.0,30.0,0
Mbalmayo,BIO_FP_FH__L2A_20251124T050104_20251206T050132_T_G01_M01_C___T004_F004,2025-11-24,13,7,11.435993194580078,3.4377541542053223,20.82588768005371,0.9999999929430967,8649,1.1510000228881836,19.150204909537027,19.471214,35.354385,37.866146,40.901424,43.087086,29.485653,1.0,32.06252824635792,32.933895111083984,36.0,36.0,37.0,37.0,0
Mbalmayo,BIO_FP_FH__L2A_20251124T050104_20251206T050132_T_G01_M01_C___T004_F004,2025-11-24,13,8,11.436826705932617,3.4377541542053223,16.87188720703125,0.9999999858861935,8649,30.870800018310547,23.951422083876178,25.183775,36.981335,39.295887,41.392864,42.925503,34.824333,1.0,36.44617638801313,37.0,38.0,39.0,39.0,39.0,0
Mbalmayo,BIO_FP_FH__L2A_20251124T050104_20251206T050132_T_G01_M01_C___T004_F004,2025-11-24,13,9,11.437660217285156,3.4377541542053223,11.914287567138672,1.0000000070569033,8649,63.47600173950195,33.11112216849433,35.684616,40.5542,41.334908,42.99939,45.53758,39.621883,1.0,36.61418448377722,37.0,38.0,39.0,39.0,39.0,0
Mbalmayo,BIO_FP_FH__L2A_20251124T050104_20251206T050132_T_G01_M01_C___T004_F004,2025-11-24,13,10,11.438493728637695,3.4377541542053223,12.1688871383667,0.9999999929430967,8649,66.30840301513672,33.96066291561676,36.661697,42.787006,44.36088,46.31841,48.807667,41.332024,1.0,36.089117409852435,36.0,37.0,37.0,37.0,37.0,0
Mbalmayo,BIO_FP_FH__L2A_20251124T050104_20251206T050132_T_G01_M01_C___T004_F004,2025-11-24,13,11,11.439327239990234,3.4377541542053223,26.289688110351562,1.0000000211707099,8649,18.191600799560547,24.31128829489336,23.88023,40.14719,41.786613,44.171066,49.255905,37.251373,1.0,36.633743131763055,36.0,39.0,39.0,39.0,40.0,0
Mbalmayo,BIO_FP_FH__L2A_20251124T050104_20251206T050132_T_G01_M01_C___T004_F004,2025-11-24,13,12,11.440160751342773,3.4377541542053223,30.986886978149414,0.9999999929430967,8649,1.041599988937378,21.171069420416178,21.17718,33.129143,35.550613,39.33886,42.46822,31.352646,1.0,39.2858986190212,39.91324996948242,40.0,41.0,42.0,42.0,0
Mbalmayo,BIO_FP_FH__L2A_20251124T050104_20251206T050132_T_G01_M01_C___T004_F004,2025-11-24,13,13,11.440994262695312,3.4377541542053223,30.506887435913086,1.0000000141138066,8649,1.0867999792099,20.82729278183673,18.840528,37.891514,40.261387,42.820187,44.1194,33.44114,1.0,40.20617360161252,40.0,43.0,43.0,43.0,43.0,0
Mbalmayo,BIO_FP_FH__L2A_20251124T050104_20251206T050132_T_G01_M01_C___T004_F004,2025-11-24,13,14,11.441827774047852,3.4377541542053223,30.571056365966797,1.0,8649,1.1075999736785889,25.656672510911665,25.844114,40.363922,42.28392,44.95438,48.227207,37.819324,1.0,38.5465046951765,38.27802276611328,40.0,40.0,40.0,40.0,0
Mbalmayo,BIO_FP_FH__L2A_20251124T050104_20251206T050132_T_G01_M01_C___T004_F004,2025-11-24,13,15,11.44266128540039,3.4377541542053223,30.53005599975586,0.999999943544774,8649,1.0920000076293945,29.120986774176995,30.791607,38.975487,40.353508,41.85035,44.50628,37.61351,1.0,37.255420058955345,37.0,39.0,39.0,39.0,39.0,0
Mbalmayo,BIO_FP_FH__L2A_20251124T050104_20251206T050132_T_G01_M01_C___T004_F004,2025-11-24,13,16,11.44349479675293,3.4377541542053223,30.489255905151367,1.0,8649,1.0764000415802002,29.896895594866457,30.434856,36.707573,38.075066,41.03466,42.57868,35.65691,1.0,35.06805910244334,35.0,36.0,36.0,37.0,37.0,0
Mbalmayo,BIO_FP_FH__L2A_20251124T050104_20251206T050132_T_G01_M01_C___T004_F004,2025-11-24,13,17,11.444328308105469,3.4377541542053223,30.224056243896484,1.0,8649,0.7694000005722046,27.94148020634611,29.148125,34.21442,35.751217,38.056442,39.474728,32.919113,1.0,35.30816367585227,35.0,37.0,37.0,37.0,37.0,0
Mbalmayo,BIO_FP_FH__L2A_20251124T050104_20251206T050132_T_G01_M01_C___T004_F004,2025-11-24,13,18,11.445161819458008,3.4377541542053223,29.966054916381836,1.0,8649,0.43860000371932983,24.113222310744018,24.73812,34.235657,36.36943,40.03322,42.361694,32.25743,1.0,34.18450793984005,34.0,36.0,36.0,37.0,37.0,0
Mbalmayo,BIO_FP_FH__L2A_20251124T050104_20251206T050132_T_G01_M01_C___T004_F004,2025-11-24,13,19,11.445995330810547,3.4377541542053223,29.428855895996094,1.0,8649,0.12300000339746475,25.581606029237484,26.320892,36.410892,38.087246,40.8434,42.713303,34.945076,1.0,33.66058259281014,34.0,35.0,35.0,36.0,36.0,0
Mbalmayo,BIO_FP_FH__L2A_20251124T050104_20251206T050132_T_G01_M01_C___T004_F004,2025-11-24,13,20,11.446828842163086,3.4377541542053223,29.14045524597168,1.0,8649,0.210999995470047,21.556961968146606,21.96524,30.058226,31.651165,34.074673,36.4064,27.759224,1.0,33.180062982826264,33.0,36.0,36.0,36.0,36.0,0
Mbalmayo,BIO_FP_FH__L2A_20251124T050104_20251206T050132_T_G01_M01_C___T004_F004,2025-11-24,13,21,11.447662353515625,3.4377541542053223,29.31345558166504,1.0,8649,0.5555999875068665,17.596351682636723,17.262741,32.183125,33.958935,37.660877,40.183323,29.864237,1.0,32.284433950591136,32.0,34.0,34.0,35.0,35.0,0
Mbalmayo,BIO_FP_FH__L2A_20251124T050104_20251206T050132_T_G01_M01_C___T004_F004,2025-11-24,13,22,11.448495864868164,3.4377541542053223,30.476573944091797,1.0,8649,0.42080000042915344,13.399781586021506,9.775359,35.30918,37.81686,40.020798,42.20129,28.85727,1.0,32.53967337178859,33.0,35.0,35.0,35.0,35.0,0
Mbalmayo,BIO_FP_FH__L2A_20251124T050104_20251206T050132_T_G01_M01_C___T004_F004,2025-11-24,13,23,11.449329376220703,3.4377541542053223,31.250972747802734,1.0,8649,0.30399999022483826,17.399172772863913,15.827937,34.24287,37.319744,44.78154,47.22575,28.520483,1.0,32.33314343956471,33.0,35.152069091796875,37.0,37.0,37.0,0
Mbalmayo,BIO_FP_FH__L2A_20251124T050104_20251206T050132_T_G01_M01_C___T004_F004,2025-11-24,13,24,11.450162887573242,3.4377541542053223,29.38477325439453,1.0,8649,0.0,20.031702319271012,18.290224,36.889538,39.009327,43.42065,45.63394,29.730465,1.0,35.43326338019202,36.0,38.0,39.0,39.0,39.0,0
Mbalmayo,BIO_FP_FH__L2A_20251124T050104_20251206T050132_T_G01_M01_C___T004_F004,2025-11-24,13,25,11.450996398925781,3.4377541542053223,23.41317367553711,1.0,8649,0.0,20.56799648080703,18.277163,38.214394,41.550556,44.60493,46.890957,30.878027,1.0,35.99924453821799,36.0,38.0,38.0,39.0,39.0,0
Mbalmayo,BIO_FP_FH__L2A_20251124T050104_20251206T050132_T_G01_M01_C___T004_F004,2025-11-24,13,26,11.45182991027832,3.4377541542053223,16.569374084472656,1.0,8649,7.294600009918213,19.403477822580644,18.15164,31.910942,37.077137,40.558086,43.41,26.639164,1.0,34.16536027465284,34.0,36.06543731689453,38.0,38.0,38.0,0
Mbalmayo,BIO_FP_FH__L2A_20251124T050104_20251206T050132_T_G01_M01_C___T004_F004,2025-11-24,13,27,11.45266342163086,3.4377541542053223,8.296773910522461,1.0,8649,26.42799949645996,17.671301640724362,16.30456,30.72956,33.570805,37.17934,40.209435,27.020317,1.0,33.41501265556802,33.0,35.0,35.0,35.0,35.0,0
Mbalmayo,BIO_FP_FH__L2A_20251124T050104_20251206T050132_T_G01_M01_C___T004_F004,2025-11-24,13,28,11.453496932983398,3.4377541542053223,3.0787734985351562,1.0,8649,35.254600524902344,23.213402222258352,25.763567,34.055595,35.741325,38.06172,39.3133,31.65116,1.0,36.34600225036882,36.0,38.0,38.0,38.0,38.0,0
Mbalmayo,BIO_FP_FH__L2A_20251124T050104_20251206T050132_T_G01_M01_C___T004_F004,2025-11-24,13,29,11.454330444335938,3.4377541542053223,16.325572967529297,1.0,8649,19.274999618530273,23.698184038617182,25.22361,36.034126,38.0774,42.912804,46.04161,33.21514,1.0,35.716707115160105,36.0,38.0,38.0,38.0,38.0,0
Mbalmayo,BIO_FP_FH__L2A_20251124T050104_20251206T050132_T_G01_M01_C___T004_F004,2025-11-24,13,30,11.455163955688477,3.4377541542053223,27.74483299255371,1.0,8649,2.796999931335449,16.843072537287547,16.093819,26.975204,29.419083,33.04983,37.122105,24.330822,1.0,33.311373152585645,33.0,34.0,35.0,36.0,37.0,0
Mbalmayo,BIO_FP_FH__L2A_20251124T050104_20251206T050132_T_G01_M01_C___T004_F004,2025-11-24,13,31,11.455997467041016,3.4377541542053223,21.200231552124023,1.0,8649,2.4200000762939453,21.816584874335184,21.14262,34.696617,38.12704,45.682068,48.010803,31.18268,1.0,35.3845710344212,35.231910705566406,36.0,37.0,37.0,37.0,0
Mbalmayo,BIO_FP_FH__L2A_20251124T050104_20251206T050132_T_G01_M01_C___T004_F004,2025-11-24,13,32,11.456830978393555,3.4377541542053223,13.871832847595215,1.0,8649,3.8269999027252197,23.10233300092496,24.35155,36.10942,39.77163,44.981266,47.213955,32.38159,1.0,34.360044163353166,35.0,36.0,36.0,36.0,36.0,0
Mbalmayo,BIO_FP_FH__L2A_20251124T050104_20251206T050132_T_G01_M01_C___T004_F004,2025-11-24,13,33,11.457664489746094,3.4377541542053223,7.764632225036621,1.0,8649,4.9842000007629395,23.779423221795874,26.052437,34.6536,37.831623,44.64776,47.71777,32.497547,1.0,30.408531112000492,30.0,33.0,34.0,34.0,34.0,0
Mbalmayo,BIO_FP_FH__L2A_20251124T050104_20251206T050132_T_G01_M01_C___T004_F004,2025-11-24,13,34,11.458498001098633,3.4377541542053223,7.492032527923584,1.0,8649,13.961000442504883,19.828420373742627,16.855358,39.30329,41.730633,43.93245,45.365005,31.869366,1.0,34.5661833374221,35.0,37.0,37.0,38.0,38.0,0
Mbalmayo,BIO_FP_FH__L2A_20251124T050104_20251206T050132_T_G01_M01_C___T004_F004,2025-11-24,13,35,11.459331512451172,3.4377541542053223,3.594832420349121,1.0,8649,28.387800216674805,18.792610033493755,19.76452,31.831783,36.023933,39.614017,43.792618,27.482105,1.0,37.14403235075694,37.0,38.0,38.0,39.0,39.0,0
Mbalmayo,BIO_FP_FH__L2A_20251124T050104_20251206T050132_T_G01_M01_C___T004_F004,2025-11-24,13,36,11.460165023803711,3.4377541542053223,10.200432777404785,1.0,8649,21.507400512695312,13.793558594201642,10.69918,30.384531,33.88771,37.346195,39.810764,25.416603,1.0,36.54947581596079,36.0,39.0,40.0,40.0,40.0,0
Mbalmayo,BIO_FP_FH__L2A_20251124T050104_20251206T050132_T_G01_M01_C___T004_F004,2025-11-24,13,37,11.46099853515625,3.4377541542053223,22.993633270263672,1.0,8649,3.0938000679016113,23.227449976153313,24.320873,33.818295,37.84146,41.46942,42.60415,31.679249,1.0,33.65740991562195,34.0,36.0,36.0,38.0,38.0,0
Mbalmayo,BIO_FP_FH__L2A_20251124T050104_20251206T050132_T_G01_M01_C___T004_F004,2025-11-24,13,38,11.461832046508789,3.4377541542053223,19.037307739257812,1.0,8649,32.53474807739258,20.87601890391953,21.76941,28.764103,30.358402,33.36985,35.7671,27.040167,1.0,28.510922333921005,28.0,30.0,30.0,31.0,32.0,0
Mbalmayo,BIO_FP_FH__L2A_20251124T050104_20251206T050132_T_G01_M01_C___T004_F004,2025-11-24,13,39,11.462665557861328,3.4377541542053223,14.12630844116211,1.0,8649,42.64255142211914,11.124717046407099,11.810023,22.509132,24.271055,26.714172,33.25915,20.394846,1.0,30.027525253331184,30.0,33.0,34.0,34.0,34.0,0
Mbalmayo,BIO_FP_FH__L2A_20251124T050104_20251206T050132_T_G01_M01_C___T004_F004,2025-11-24,13,40,11.463499069213867,3.4377541542053223,27.178308486938477,1.0,8649,1.1235498189926147,16.849313549615562,16.381153,29.838697,33.082695,38.34606,43.537903,25.243568,1.0,33.121044542434134,33.0,35.0,35.0,36.0,37.0,0
Mbalmayo,BIO_FP_FH__L2A_20251124T050104_20251206T050132_T_G01_M01_C___T004_F004,2025-11-24,13,41,11.464332580566406,3.4377541542053223,18.001108169555664,1.0,8649,12.778550148010254,14.865854817934155,13.600487,29.348856,31.541962,36.582012,40.45426,23.147974,1.0,35.131894868816964,35.0,38.0,38.0,38.0,39.0,0
Mbalmayo,BIO_FP_FH__L2A_20251124T050104_20251206T050132_T_G01_M01_C___T004_F004,2025-11-24,13,42,11.465166091918945,3.4377541542053223,8.823907852172852,1.0,8649,24.433549880981445,18.027092637154585,17.846495,33.331753,36.972145,41.263023,44.157658,25.92389,1.0,35.166161982527164,35.0,37.0,38.0,38.0,38.0,0
Mbalmayo,BIO_FP_FH__L2A_20251124T050104_20251206T050132_T_G01_M01_C___T004_F004,2025-11-24,13,43,11.465999603271484,3.4377541542053223,3.9771080017089844,1.0,8649,29.676549911499023,16.955016701714072,17.470024,31.513536,34.621273,38.156834,40.684513,24.842304,1.0,35.52257503615816,36.0,38.0,38.0,38.947200775146484,39.0,0
Mbalmayo,BIO_FP_FH__L2A_20251124T050104_20251206T050132_T_G01_M01_C___T004_F004,2025-11-24,13,44,11.466833114624023,3.4377541542053223,6.915907859802246,1.0,8649,15.646949768066406,12.826144550670598,11.627984,26.920134,32.780975,36.656902,42.324257,20.493967,1.0,33.355820432537925,34.0,35.0,36.0,36.0,36.0,0
Mbalmayo,BIO_FP_FH__L2A_20251124T050104_20251206T050132_T_G01_M01_C___T004_F004,2025-11-24,13,45,11.467666625976562,3.4377541542053223,10.726907730102539,1.0,8649,5.3879499435424805,11.716148430273732,10.060067,26.961859,31.623066,38.780785,42.821907,20.355246,1.0,33.545614143977595,34.0,36.0,36.0,36.19884490966797,37.0,0
Mbalmayo,BIO_FP_FH__L2A_20251124T050104_20251206T050132_T_G01_M01_C___T004_F004,2025-11-24,13,46,11.468500137329102,3.4377541542053223,22.541296005249023,1.0,8649,7.070486545562744,21.636823982541333,23.615202,36.850822,40.664955,44.61829,45.676327,31.02266,1.0,35.28272192888087,35.0,37.0,37.0,37.0,37.0,0
Mbalmayo,BIO_FP_FH__L2A_20251124T050104_20251206T050132_T_G01_M01_C___T004_F004,2025-11-24,13,47,11.46933364868164,3.4377541542053223,30.69949722290039,1.0,8649,0.7306864857673645,23.89723184219274,26.941317,37.37618,39.3247,41.98091,44.220833,33.436863,1.0,34.35499570835311,35.0,36.0,36.0,36.0,36.0,0
Mbalmayo,BIO_FP_FH__L2A_20251124T050104_20251206T050132_T_G01_M01_C___T004_F004,2025-11-24,13,48,11.47016716003418,3.4377541542053223,30.012895584106445,0.9837272891916695,8549,0.6232864856719971,25.838413407104348,27.413172,38.786545,40.735016,42.811207,45.05593,36.293404,1.0,36.01474695451577,36.0,38.0,39.0,40.0,40.0,0
Mbalmayo,BIO_FP_FH__L2A_20251124T050104_20251206T050132_T_G01_M01_C___T004_F004,2025-11-24,14,5,11.434326171875,3.436920642852783,13.024216651916504,0.9999999788292903,8649,16.039199829101562,4.510962514837051,3.0430326,9.470585,16.774334,26.24789,34.694527,6.6536775,1.0,17.78788836383588,18.0,19.0,20.0,20.0,21.0,0
Mbalmayo,BIO_FP_FH__L2A_20251124T050104_20251206T050132_T_G01_M01_C___T004_F004,2025-11-24,14,6,11.435159683227539,3.436920642852783,13.285687446594238,1.0000001199673554,8649,7.433199882507324,3.183231490117235,1.0962162,8.938151,15.271822,27.142166,35.600784,5.472652,1.0,19.17229836347379,19.0,22.0,23.0,24.272594451904297,28.0,0
Mbalmayo,BIO_FP_FH__L2A_20251124T050104_20251206T050132_T_G01_M01_C___T004_F004,2025-11-24,14,7,11.435993194580078,3.436920642852783,11.78128719329834,0.9999999929430967,8649,25.916799545288086,9.638785079292953,4.952359,31.249456,34.79767,38.35053,42.25162,19.663897,1.0,29.6050661285291,29.636140823364258,35.0,35.0,37.0,37.0,0
Mbalmayo,BIO_FP_FH__L2A_20251124T050104_20251206T050132_T_G01_M01_C___T004_F004,2025-11-24,14,8,11.436826705932617,3.436920642852783,21.976287841796875,1.0000000423414195,8649,15.55739974975586,15.169364471268391,12.464859,32.73718,35.592354,39.13314,42.467625,25.78674,1.0,34.07483065893284,34.0,35.0,36.0,36.0,36.0,0
Mbalmayo,BIO_FP_FH__L2A_20251124T050104_20251206T050132_T_G01_M01_C___T004_F004,2025-11-24,14,9,11.437660217285156,3.436920642852783,26.954687118530273,1.0000000070569033,8649,19.26420021057129,25.71173785365997,28.569645,38.612762,40.429848,42.800716,44.17519,36.212486,1.0,33.20055761325151,33.0,34.0,35.0,35.0,35.0,0
Mbalmayo,BIO_FP_FH__L2A_20251124T050104_20251206T050132_T_G01_M01_C___T004_F004,2025-11-24,14,10,11.438493728637695,3.436920642852783,28.034286499023438,1.0000000070569033,8649,17.38520050048828,28.92451622299834,30.517391,37.141617,39.44041,44.417183,46.646454,36.174717,1.0,32.43419330405946,32.993717193603516,33.0,34.0,35.0,35.0,0
Mbalmayo,BIO_FP_FH__L2A_20251124T050104_20251206T050132_T_G01_M01_C___T004_F004,2025-11-24,14,11,11.439327239990234,3.436920642852783,30.628686904907227,1.0,8649,6.852799892425537,33.82504931928547,34.671635,43.76571,45.227283,46.978615,47.992596,42.196358,1.0,33.68695478144926,33.2120475769043,35.580422973632764,36.0,37.0,38.0,0
Mbalmayo,BIO_FP_FH__L2A_20251124T050104_20251206T050132_T_G01_M01_C___T004_F004,2025-11-24,14,12,11.440160751342773,3.436920642852783,31.7012882232666,1.000000056455226,8649,0.9805999994277954,29.182829053641665,29.654036,40.70635,42.521683,45.090546,48.05514,38.49792,1.0,37.558136961945,38.0,39.0,39.0,40.0,40.0,0
Mbalmayo,BIO_FP_FH__L2A_20251124T050104_20251206T050132_T_G01_M01_C___T004_F004,2025-11-24,14,13,11.440994262695312,3.436920642852783,30.864887237548828,0.9999999788292903,8649,0.907800018787384,30.37683159898994,31.639448,40.485653,41.63135,43.220455,46.006435,38.466026,1.0,40.418124462775594,40.0,42.0,42.0,43.0,43.0,0
Mbalmayo,BIO_FP_FH__L2A_20251124T050104_20251206T050132_T_G01_M01_C___T004_F004,2025-11-24,14,14,11.441827774047852,3.436920642852783,30.187456130981445,1.0000000141138066,8649,0.8646000027656555,32.35455665436399,34.93902,41.649643,42.846645,44.723892,46.1106,40.135323,1.0,38.86489806063314,39.0,40.0,40.0,40.0,40.0,0
Mbalmayo,BIO_FP_FH__L2A_20251124T050104_20251206T050132_T_G01_M01_C___T004_F004,2025-11-24,14,15,11.44266128540039,3.436920642852783,31.122455596923828,1.0000000211707099,8649,1.0773999691009521,32.48605193574416,33.925827,38.953403,39.97919,41.32005,42.850418,37.842915,1.0,36.761400518065614,37.0,38.0,38.0,39.0,39.0,0
Mbalmayo,BIO_FP_FH__L2A_20251124T050104_20251206T050132_T_G01_M01_C___T004_F004,2025-11-24,14,16,11.44349479675293,3.436920642852783,31.34525489807129,1.0,8649,1.0498000383377075,28.32030979014915,30.732508,37.544487,38.673508,40.589783,42.410347,35.67091,1.0,36.05396561011205,36.0,37.0,37.0,37.0,37.0,0
Mbalmayo,BIO_FP_FH__L2A_20251124T050104_20251206T050132_T_G01_M01_C___T004_F004,2025-11-24,14,17,11.444328308105469,3.436920642852783,31.337055206298828,1.0,8649,1.037600040435791,29.658679607107757,31.496925,38.137177,39.526295,41.305157,43.179367,36.479607,1.0,34.50783917068374,34.0,36.191925048828125,37.0,37.0,37.0,0
Mbalmayo,BIO_FP_FH__L2A_20251124T050104_20251206T050132_T_G01_M01_C___T004_F004,2025-11-24,14,18,11.445161819458008,3.436920642852783,31.238256454467773,1.0,8649,1.011199951171875,28.07288414845647,29.215315,38.303406,39.878517,42.11814,44.81354,36.08405,1.0,33.47025259707977,33.0,35.0,36.0,36.0,36.0,0
Mbalmayo,BIO_FP_FH__L2A_20251124T050104_20251206T050132_T_G01_M01_C___T004_F004,2025-11-24,14,19,11.445995330810547,3.436920642852783,30.807056427001953,1.0,8649,0.6898000240325928,24.91198156036825,25.582539,33.48055,35.105663,37.16781,38.89982,31.574787,1.0,31.586008141365806,31.0,33.0,34.0,34.0,35.0,0
Mbalmayo,BIO_FP_FH__L2A_20251124T050104_20251206T050132_T_G01_M01_C___T004_F004,2025-11-24,14,20,11.446828842163086,3.436920642852783,29.915056228637695,1.0,8649,0.3930000066757202,22.42863698115389,22.475298,34.68041,36.517727,40.541027,43.771255,30.669224,1.0,30.58272456053241,31.0,32.0,33.0,33.0,33.0,0
Mbalmayo,BIO_FP_FH__L2A_20251124T050104_20251206T050132_T_G01_M01_C___T004_F004,2025-11-24,14,21,11.447662353515625,3.436920642852783,28.893455505371094,1.0,8649,0.11180000007152557,20.796074013252976,21.872835,30.642319,32.61435,36.16899,38.779366,28.893513,1.0,33.788962544919656,34.0,35.0,35.0,36.0,36.0,0
Mbalmayo,BIO_FP_FH__L2A_20251124T050104_20251206T050132_T_G01_M01_C___T004_F004,2025-11-24,14,22,11.448495864868164,3.436920642852783,28.802772521972656,1.0,8649,0.0,22.81058616783732,24.104498,32.90566,35.52525,40.094196,41.621204,30.72747,1.0,35.09144381504277,35.0,36.0,36.0,37.0,37.0,0
Mbalmayo,BIO_FP_FH__L2A_20251124T050104_20251206T050132_T_G01_M01_C___T004_F004,2025-11-24,14,23,11.449329376220703,3.436920642852783,29.11017417907715,1.0,8649,0.0,21.705351932846284,18.38303,41.35702,47.23106,50.287693,52.807858,36.49846,1.0,37.20033333141386,37.0,39.0,39.0,39.0,40.0,0
Mbalmayo,BIO_FP_FH__L2A_20251124T050104_20251206T050132_T_G01_M01_C___T004_F004,2025-11-24,14,24,11.450162887573242,3.436920642852783,25.563173294067383,1.0,8649,0.0,19.865366706049834,18.391577,34.63023,36.416756,38.24654,42.29909,31.53644,1.0,36.882448086367546,37.0,39.0,39.0,40.0,40.0,0
Mbalmayo,BIO_FP_FH__L2A_20251124T050104_20251206T050132_T_G01_M01_C___T004_F004,2025-11-24,14,25,11.450996398925781,3.436920642852783,19.45477294921875,1.0,8649,2.23799991607666,20.81231008461961,20.41038,35.05601,37.396282,42.63862,45.366425,30.756247,1.0,36.33179028233513,36.0,38.0,38.0,38.0,39.0,0
Mbalmayo,BIO_FP_FH__L2A_20251124T050104_20251206T050132_T_G01_M01_C___T004_F004,2025-11-24,14,26,11.45182991027832,3.436920642852783,10.586173057556152,1.0,8649,30.57859992980957,19.348522047346513,16.204584,36.096855,38.187366,40.443855,43.137005,30.747074,1.0,34.07019048900959,33.376956939697266,38.0,38.0,38.0,38.0,0
Mbalmayo,BIO_FP_FH__L2A_20251124T050104_20251206T050132_T_G01_M01_C___T004_F004,2025-11-24,14,27,11.45266342163086,3.436920642852783,2.8597733974456787,1.0,8649,47.89720153808594,19.27121011551191,16.815855,34.43832,36.046677,37.35319,39.018326,30.743227,1.0,32.83271376876311,33.0,35.0,35.0,36.0,36.0,0
Mbalmayo,BIO_FP_FH__L2A_20251124T050104_20251206T050132_T_G01_M01_C___T004_F004,2025-11-24,14,28,11.453496932983398,3.436920642852783,2.8343734741210938,1.0,8649,39.2046012878418,21.084345010983927,20.856169,35.096283,39.01629,44.131084,45.658794,29.616762,1.0,36.706726353848545,37.0,38.0,39.0,39.0,39.0,0
Mbalmayo,BIO_FP_FH__L2A_20251124T050104_20251206T050132_T_G01_M01_C___T004_F004,2025-11-24,14,29,11.454330444335938,3.436920642852783,11.53557300567627,1.0,8649,25.01099967956543,22.22159150443693,23.102076,34.784256,37.116497,40.077824,43.477303,31.8711,1.0,35.44508689168506,36.0,38.0,38.0,38.0,38.0,0
Mbalmayo,BIO_FP_FH__L2A_20251124T050104_20251206T050132_T_G01_M01_C___T004_F004,2025-11-24,14,30,11.455163955688477,3.436920642852783,21.912431716918945,1.0,8649,8.616399765014648,21.072204879176784,20.138912,35.146416,38.84285,43.20123,47.36014,31.627726,1.0,32.15708850609634,32.0,34.59589767456055,35.0,35.0,35.0,0
Mbalmayo,BIO_FP_FH__L2A_20251124T050104_20251206T050132_T_G01_M01_C___T004_F004,2025-11-24,14,31,11.455997467041016,3.436920642852783,23.56603240966797,1.0,8649,1.5853999853134155,19.110404743322928,16.628044,34.970352,38.187702,46.466972,50.8163,28.598347,1.0,34.982561808098865,35.0,36.0,36.41083526611328,37.0,37.0,0
Mbalmayo,BIO_FP_FH__L2A_20251124T050104_20251206T050132_T_G01_M01_C___T004_F004,2025-11-24,14,32,11.456830978393555,3.436920642852783,17.63323211669922,1.0,8649,2.521199941635132,19.86211262682102,20.269157,33.082558,35.350853,38.430458,39.806305,30.222868,1.0,35.69465793120487,36.0,37.0,38.0,38.0,38.0,0
Mbalmayo,BIO_FP_FH__L2A_20251124T050104_20251206T050132_T_G01_M01_C___T004_F004,2025-11-24,14,33,11.457664489746094,3.436920642852783,11.700632095336914,1.0,8649,3.4567999839782715,18.095789388585384,18.493925,29.28116,31.170242,36.255585,40.13646,27.526735,1.0,33.291667454172966,33.0,35.0,35.0,35.0,35.0,0
Mbalmayo,BIO_FP_FH__L2A_20251124T050104_20251206T050132_T_G01_M01_C___T004_F004,2025-11-24,14,34,11.458498001098633,3.436920642852783,7.339832305908203,1.0,8649,5.035999774932861,15.669733314545034,13.930873,27.637434,30.548817,35.61665,39.656948,23.294197,1.0,33.440337203254394,33.0,36.0,36.0,37.0,37.0,0
Mbalmayo,BIO_FP_FH__L2A_20251124T050104_20251206T050132_T_G01_M01_C___T004_F004,2025-11-24,14,35,11.459331512451172,3.436920642852783,5.332632541656494,1.0,8649,12.893199920654297,17.780263840111573,16.037903,33.2385,35.81939,41.30253,44.314583,28.931297,1.0,38.23597136457913,39.0,40.0,40.0,41.0,41.0,0
Mbalmayo,BIO_FP_FH__L2A_20251124T050104_20251206T050132_T_G01_M01_C___T004_F004,2025-11-24,14,36,11.460165023803711,3.436920642852783,9.722832679748535,1.0,8649,10.141200065612793,20.962668417230315,20.189976,36.51981,38.816372,42.50446,45.873394,32.515965,1.0,39.178009182280206,39.0,40.2120475769043,41.0,41.0,41.0,0
Mbalmayo,BIO_FP_FH__L2A_20251124T050104_20251206T050132_T_G01_M01_C___T004_F004,2025-11-24,14,37,11.46099853515625,3.436920642852783,10.751832008361816,1.0,8649,32.01240158081055,14.185471902459822,10.72596,31.740118,37.737164,41.080154,43.624966,26.591856,1.0,35.70980894812298,36.0,38.0,39.0,39.0,39.0,0
Mbalmayo,BIO_FP_FH__L2A_20251124T050104_20251206T050132_T_G01_M01_C___T004_F004,2025-11-24,14,38,11.461832046508789,3.436920642852783,5.79990816116333,1.0,8649,74.36474609375,23.752241272473697,24.44762,36.10875,40.246002,42.93209,44.19214,30.03712,1.0,31.284364202805705,32.0,34.0,35.0,35.0,35.0,0
Mbalmayo,BIO_FP_FH__L2A_20251124T050104_20251206T050132_T_G01_M01_C___T004_F004,2025-11-24,14,39,11.462665557861328,3.436920642852783,11.240307807922363,1.0,8649,62.22854995727539,19.012849661087987,21.064154,32.605812,35.46275,37.963493,39.69169,27.455246,1.0,30.173883253748755,30.0,32.0,32.0,32.0,32.0,0
Mbalmayo,BIO_FP_FH__L2A_20251124T050104_20251206T050132_T_G01_M01_C___T004_F004,2025-11-24,14,40,11.463499069213867,3.436920642852783,29.979907989501953,1.0,8649,4.611749649047852,10.735131951670713,7.1789336,26.944168,29.487934,32.522144,39.054897,20.77041,1.0,30.518801920151265,30.39754295349121,32.0,32.0,33.0,33.0,0
Mbalmayo,BIO_FP_FH__L2A_20251124T050104_20251206T050132_T_G01_M01_C___T004_F004,2025-11-24,14,41,11.464332580566406,3.436920642852783,25.283708572387695,1.0,8649,8.518349647521973,13.685201143195744,11.167688,27.936586,32.841667,37.887993,43.687885,24.851873,1.0,32.504501325351704,32.0,34.0,35.0,35.0,35.0,0
Mbalmayo,BIO_FP_FH__L2A_20251124T050104_20251206T050132_T_G01_M01_C___T004_F004,2025-11-24,14,42,11.465166091918945,3.436920642852783,18.23550796508789,1.0,8649,17.302349090576172,13.015591013953925,11.504431,29.691732,37.82773,42.13424,44.40247,22.663677,1.0,33.15087548806249,33.0,35.0,35.0,36.0,36.0,0
Mbalmayo,BIO_FP_FH__L2A_20251124T050104_20251206T050132_T_G01_M01_C___T004_F004,2025-11-24,14,43,11.465999603271484,3.436920642852783,10.720507621765137,1.0,8649,25.931150436401367,15.810853088146029,13.103357,31.4236,35.509033,41.65225,43.631683,26.160116,1.0,36.145916076847165,37.0,37.0,37.0,38.0,38.0,0
Mbalmayo,BIO_FP_FH__L2A_20251124T050104_20251206T050132_T_G01_M01_C___T004_F004,2025-11-24,14,44,11.466833114624023,3.436920642852783,3.3657078742980957,1.0,8649,32.19335174560547,21.312328940665108,21.649437,35.405354,37.71848,41.268803,44.444378,31.16657,1.0,36.305511226735646,37.0,37.0,37.0,38.0,38.0,0
Mbalmayo,BIO_FP_FH__L2A_20251124T050104_20251206T050132_T_G01_M01_C___T004_F004,2025-11-24,14,45,11.467666625976562,3.436920642852783,5.5363078117370605,1.0,8649,21.6385498046875,22.449375582617932,23.288849,33.138683,36.819397,41.56578,44.140274,30.462112,1.0,35.580988648999345,35.0,37.99974060058594,38.0,38.0,39.0,0
Mbalmayo,BIO_FP_FH__L2A_20251124T050104_20251206T050132_T_G01_M01_C___T004_F004,2025-11-24,14,46,11.468500137329102,3.436920642852783,16.41649627685547,1.0,8649,17.421485900878906,21.797978699669038,22.738203,35.148083,37.387287,39.44919,42.198112,33.308167,1.0,35.91245033104498,36.0,36.59589767456055,37.0,38.99974060058594,39.0,0
Mbalmayo,BIO_FP_FH__L2A_20251124T050104_20251206T050132_T_G01_M01_C___T004_F004,2025-11-24,14,47,11.46933364868164,3.436920642852783,27.930896759033203,1.0,8649,0.23168647289276123,22.641398662417622,25.005617,34.53183,37.605698,45.30356,48.058456,31.049473,1.0,35.72645661866462,36.0,36.23856735229492,37.0,37.0,37.0,0
Mbalmayo,BIO_FP_FH__L2A_20251124T050104_20251206T050132_T_G01_M01_C___T004_F004,2025-11-24,14,48,11.47016716003418,3.436920642852783,21.725095748901367,0.9784503768725069,8490,7.871886253356934,21.083771153987044,21.784908,34.850246,36.53657,40.21289,44.298893,32.611206,1.0,37.24344927165561,37.0,38.0,39.0,39.0,39.0,0
Mbalmayo,BIO_FP_FH__L2A_20251124T050104_20251206T050132_T_G01_M01_C___T004_F004,2025-11-24,15,4,11.433492660522461,3.436087131500244,6.360747814178467,1.0,8649,69.97560119628906,7.951192876344086,7.018043,15.860732,17.467064,20.503046,26.973701,13.838903,1.0,22.198308097873756,23.0,25.0,25.0,26.0,26.0,0
Mbalmayo,BIO_FP_FH__L2A_20251124T050104_20251206T050132_T_G01_M01_C___T004_F004,2025-11-24,15,5,11.434326171875,3.436087131500244,6.156948089599609,0.999999943544774,8649,35.61600112915039,5.251811154322571,3.4224,11.654042,13.891782,27.336634,36.368576,10.116886,1.0,18.314694991537927,18.21155548095703,21.0,22.0,22.039466857910156,26.0,0
Mbalmayo,BIO_FP_FH__L2A_20251124T050104_20251206T050132_T_G01_M01_C___T004_F004,2025-11-24,15,6,11.435159683227539,3.436087131500244,5.56239652633667,0.9999999929430967,8649,21.364599227905273,5.0734165570406144,1.433309,16.274052,33.409565,39.247517,41.032875,8.294941,1.0,23.38642111407882,23.0,31.231521606445312,32.0,33.0,36.0,0
Mbalmayo,BIO_FP_FH__L2A_20251124T050104_20251206T050132_T_G01_M01_C___T004_F004,2025-11-24,15,7,11.435993194580078,3.436087131500244,3.135596513748169,1.0,8649,49.6328010559082,9.336830621675917,5.9907947,23.786312,28.537746,32.470142,34.897827,18.50237,1.0,31.766584521842866,33.0,35.0,36.0,36.0,36.0,0
Mbalmayo,BIO_FP_FH__L2A_20251124T050104_20251206T050132_T_G01_M01_C___T004_F004,2025-11-24,15,8,11.436826705932617,3.436087131500244,8.072196960449219,1.0,8649,54.687198638916016,15.60866072848017,10.33625,35.357048,37.81875,40.21705,43.14468,27.52699,1.0,33.49197326388465,33.384239196777344,34.0,35.0,36.0,36.0,0
Mbalmayo,BIO_FP_FH__L2A_20251124T050104_20251206T050132_T_G01_M01_C___T004_F004,2025-11-24,15,9,11.437660217285156,3.436087131500244,28.859195709228516,1.0,8649,11.642000198364258,19.526587249971094,23.85409,35.278748,37.07794,40.288845,43.57149,30.137222,1.0,33.356457265350414,33.0,35.0,35.0,35.0,35.0,0
Mbalmayo,BIO_FP_FH__L2A_20251124T050104_20251206T050132_T_G01_M01_C___T004_F004,2025-11-24,15,10,11.438493728637695,3.436087131500244,33.84379577636719,1.0,8649,1.010200023651123,28.799935550713954,29.40582,38.356987,39.44675,41.20682,44.24235,36.245163,1.0,33.0467214708949,33.0,34.0,35.0,35.0,35.0,0
Mbalmayo,BIO_FP_FH__L2A_20251124T050104_20251206T050132_T_G01_M01_C___T004_F004,2025-11-24,15,11,11.439327239990234,3.436087131500244,33.19699478149414,1.0,8649,1.010200023651123,30.816192623424673,32.872036,41.886635,43.029724,44.79455,47.865685,40.319218,1.0,34.51245734666535,35.0,36.0,36.0,36.01973342895508,37.0,0
Mbalmayo,BIO_FP_FH__L2A_20251124T050104_20251206T050132_T_G01_M01_C___T004_F004,2025-11-24,15,12,11.440160751342773,3.436087131500244,32.20059585571289,1.0,8649,0.8637999892234802,31.21515967344491,32.791862,39.597908,40.52109,42.574387,44.72244,38.877842,1.0,36.10838196933414,36.0,37.456626892089844,38.0,39.0,40.0,0
Mbalmayo,BIO_FP_FH__L2A_20251124T050104_20251206T050132_T_G01_M01_C___T004_F004,2025-11-24,15,13,11.440994262695312,3.436087131500244,30.583797454833984,1.0,8649,0.4505999982357025,30.613836317782404,30.202637,39.977688,42.675957,44.313976,46.85636,38.202957,1.0,38.377915316557576,38.0,40.0,40.0,40.0,40.0,0
Mbalmayo,BIO_FP_FH__L2A_20251124T050104_20251206T050132_T_G01_M01_C___T004_F004,2025-11-24,15,14,11.441827774047852,3.436087131500244,29.505210876464844,1.0,8649,0.2720000147819519,30.62781688995838,33.12002,41.088337,42.50759,44.158566,45.075676,39.560223,1.0,37.68155784664271,38.0,38.0,39.0,39.0,39.0,0
Mbalmayo,BIO_FP_FH__L2A_20251124T050104_20251206T050132_T_G01_M01_C___T004_F004,2025-11-24,15,15,11.44266128540039,3.436087131500244,30.563810348510742,1.0,8649,0.5533999800682068,32.13274768940051,33.296955,39.070774,40.165924,41.91103,44.152245,37.586826,1.0,36.76133819281924,37.0,38.0,38.0,38.0,38.0,0
Mbalmayo,BIO_FP_FH__L2A_20251124T050104_20251206T050132_T_G01_M01_C___T004_F004,2025-11-24,15,16,11.44349479675293,3.436087131500244,31.800609588623047,1.0,8649,0.8677999973297119,26.317190977641925,26.843723,35.689304,37.49559,42.582592,44.385975,34.374928,1.0,37.13064811777994,37.0,38.0,38.0,39.0,39.0,0
Mbalmayo,BIO_FP_FH__L2A_20251124T050104_20251206T050132_T_G01_M01_C___T004_F004,2025-11-24,15,17,11.444328308105469,3.436087131500244,30.195810317993164,1.0,8649,1.8538000583648682,30.84937768275234,31.777681,39.397133,40.537,42.366444,44.366356,38.498512,1.0,36.05623129020882,36.0,37.0,38.0,38.0,38.0,0
Mbalmayo,BIO_FP_FH__L2A_20251124T050104_20251206T050132_T_G01_M01_C___T004_F004,2025-11-24,15,18,11.445161819458008,3.436087131500244,27.069210052490234,1.0,8649,3.0759999752044678,28.09172461231067,28.7337,39.426373,41.096333,43.098297,44.693672,36.973732,1.0,36.20482164626177,36.0,37.0,37.0,38.0,38.0,0
Mbalmayo,BIO_FP_FH__L2A_20251124T050104_20251206T050132_T_G01_M01_C___T004_F004,2025-11-24,15,19,11.445995330810547,3.436087131500244,24.36380958557129,1.0,8649,2.3310000896453857,27.00019262523124,26.733664,38.32658,40.13016,42.482258,44.15184,36.244778,1.0,34.390470998082385,35.0,36.0,36.933475494384766,37.0,37.0,0
Mbalmayo,BIO_FP_FH__L2A_20251124T050104_20251206T050132_T_G01_M01_C___T004_F004,2025-11-24,15,20,11.446828842163086,3.436087131500244,20.6842098236084,1.0,8649,2.219399929046631,23.535399684934674,24.325861,33.194042,34.723873,37.69706,39.6095,31.655888,1.0,31.640422383296393,31.0,33.0,34.0,34.0,34.0,0
Mbalmayo,BIO_FP_FH__L2A_20251124T050104_20251206T050132_T_G01_M01_C___T004_F004,2025-11-24,15,21,11.447662353515625,3.436087131500244,21.81981086730957,1.0,8649,1.182800054550171,18.19831998280148,17.143353,29.498693,32.484642,36.671707,39.09199,25.717705,1.0,31.761178665566906,32.0,33.0,34.0,34.0,35.0,0
Mbalmayo,BIO_FP_FH__L2A_20251124T050104_20251206T050132_T_G01_M01_C___T004_F004,2025-11-24,15,22,11.448495864868164,3.436087131500244,25.447368621826172,1.0,8649,0.0,22.00390828238814,23.218473,32.552643,34.309223,38.75211,41.372185,30.25035,1.0,34.45514380933233,34.0,36.0,36.0,37.0,37.0,0
Mbalmayo,BIO_FP_FH__L2A_20251124T050104_20251206T050132_T_G01_M01_C___T004_F004,2025-11-24,15,23,11.449329376220703,3.436087131500244,24.368968963623047,1.0,8649,0.0,23.42916901520407,22.214285,38.58048,41.01294,49.416454,51.236324,36.08055,1.0,35.81610921259243,36.0,38.0,38.0,38.0,38.0,0
Mbalmayo,BIO_FP_FH__L2A_20251124T050104_20251206T050132_T_G01_M01_C___T004_F004,2025-11-24,15,24,11.450162887573242,3.436087131500244,21.901569366455078,1.0,8649,0.0,16.90987171566077,15.823882,28.340452,32.72736,39.755905,47.45783,24.305807,1.0,34.68707428349003,35.0,37.0,37.0,37.0,37.0,0
Mbalmayo,BIO_FP_FH__L2A_20251124T050104_20251206T050132_T_G01_M01_C___T004_F004,2025-11-24,15,25,11.450996398925781,3.436087131500244,13.693368911743164,1.0,8649,22.093799591064453,18.086327266880563,17.233757,29.475824,33.402996,41.21427,43.650463,25.474102,1.0,35.79814637610093,36.0,37.0,37.0,37.0,37.0,0
Mbalmayo,BIO_FP_FH__L2A_20251124T050104_20251206T050132_T_G01_M01_C___T004_F004,2025-11-24,15,26,11.45182991027832,3.436087131500244,5.450368404388428,1.0,8649,48.729000091552734,19.383449766591514,17.865294,31.53761,34.093422,40.327934,47.289654,28.25138,1.0,35.48300139759852,36.0,37.0,37.0,37.0,37.0,0
Mbalmayo,BIO_FP_FH__L2A_20251124T050104_20251206T050132_T_G01_M01_C___T004_F004,2025-11-24,15,27,11.45266342163086,3.436087131500244,5.523968696594238,1.0,8649,43.17660140991211,28.804947871502485,31.897978,39.81912,41.337948,46.223747,48.7346,37.14499,1.0,33.0127505197568,33.0,35.0,36.0,37.0,37.0,0
Mbalmayo,BIO_FP_FH__L2A_20251124T050104_20251206T050132_T_G01_M01_C___T004_F004,2025-11-24,15,28,11.453496932983398,3.436087131500244,7.185368537902832,1.0,8649,30.7903995513916,32.18971078665164,33.98964,39.721775,40.615566,42.206535,43.215,38.85815,1.0,35.01638261237328,35.0,36.0,36.0,36.0,37.0,0
Mbalmayo,BIO_FP_FH__L2A_20251124T050104_20251206T050132_T_G01_M01_C___T004_F004,2025-11-24,15,29,11.454330444335938,3.436087131500244,5.790768623352051,1.0,8649,53.27119827270508,27.555390706295526,27.728573,38.4242,39.651478,41.497932,44.65302,36.288742,1.0,35.879412324128914,36.0,37.0,38.0,38.0,38.0,0
Mbalmayo,BIO_FP_FH__L2A_20251124T050104_20251206T050132_T_G01_M01_C___T004_F004,2025-11-24,15,30,11.455163955688477,3.436087131500244,16.49396324157715,1.0,8649,38.71480178833008,20.284498885348018,19.346865,32.19479,36.71629,39.842346,43.19909,29.60581,1.0,34.78398422208573,35.0,37.0,37.0,37.0,37.0,0
Mbalmayo,BIO_FP_FH__L2A_20251124T050104_20251206T050132_T_G01_M01_C___T004_F004,2025-11-24,15,31,11.455997467041016,3.436087131500244,25.819164276123047,1.0,8649,0.4912000000476837,18.226309806408256,16.582808,32.869415,38.767845,41.75144,43.71063,29.62993,1.0,36.3818194768321,36.0,37.0,38.0,38.0,38.0,0
Mbalmayo,BIO_FP_FH__L2A_20251124T050104_20251206T050132_T_G01_M01_C___T004_F004,2025-11-24,15,32,11.456830978393555,3.436087131500244,22.83316421508789,1.0,8649,0.3718000054359436,12.343587408949011,10.279343,24.373837,32.722942,36.43514,41.95008,18.620235,1.0,35.878395103942395,36.0,38.0,38.0,38.0,38.0,0
Mbalmayo,BIO_FP_FH__L2A_20251124T050104_20251206T050132_T_G01_M01_C___T004_F004,2025-11-24,15,33,11.457664489746094,3.436087131500244,18.11176300048828,1.0,8649,0.8736000061035156,12.739471326164875,9.604839,28.394226,35.140274,39.72657,40.681164,21.952938,1.0,32.17717526206833,32.0,34.0,35.0,35.0,35.0,0
Mbalmayo,BIO_FP_FH__L2A_20251124T050104_20251206T050132_T_G01_M01_C___T004_F004,2025-11-24,15,34,11.458498001098633,3.436087131500244,13.618363380432129,1.0,8649,2.398400068283081,16.443893893080126,14.200745,31.771748,35.56265,38.082973,41.136433,26.168842,1.0,32.60852782427748,33.0,35.0,35.0,35.0,35.0,0
Mbalmayo,BIO_FP_FH__L2A_20251124T050104_20251206T050132_T_G01_M01_C___T004_F004,2025-11-24,15,35,11.459331512451172,3.436087131500244,9.418563842773438,1.0,8649,4.043600082397461,14.053804766085674,10.498521,28.324144,32.53898,38.92218,42.92325,24.378473,1.0,34.992013978687986,35.0,36.0,37.0,37.0,38.0,0
Mbalmayo,BIO_FP_FH__L2A_20251124T050104_20251206T050132_T_G01_M01_C___T004_F004,2025-11-24,15,36,11.460165023803711,3.436087131500244,5.265363693237305,1.0,8649,11.001799583435059,12.877449027705515,9.275475,32.003662,35.48497,38.15392,43.156815,24.519648,1.0,34.42285898812645,34.0,36.29814147949219,37.0,38.0,38.0,0
Mbalmayo,BIO_FP_FH__L2A_20251124T050104_20251206T050132_T_G01_M01_C___T004_F004,2025-11-24,15,37,11.46099853515625,3.436087131500244,3.4461636543273926,1.0,8649,41.05139923095703,13.421511202523414,10.724135,31.400976,34.447227,37.684345,41.395466,23.907324,1.0,35.00338632427264,35.0,36.588055419921865,37.0,37.0,38.0,0
Mbalmayo,BIO_FP_FH__L2A_20251124T050104_20251206T050132_T_G01_M01_C___T004_F004,2025-11-24,15,38,11.461832046508789,3.436087131500244,1.6270246505737305,1.0,8649,71.10099792480469,20.532143573317725,20.338572,34.42719,35.961178,37.66379,42.41913,31.520166,1.0,33.58767892517979,33.0,35.0,35.0,36.0,36.0,0
Mbalmayo,BIO_FP_FH__L2A_20251124T050104_20251206T050132_T_G01_M01_C___T004_F004,2025-11-24,15,39,11.462665557861328,3.436087131500244,10.559225082397461,1.0,8649,64.77999877929688,13.686756597583535,12.139087,29.477093,31.986523,37.49435,39.303642,24.28399,1.0,30.010751072582256,30.0,31.0,32.0,32.0,33.0,0
Mbalmayo,BIO_FP_FH__L2A_20251124T050104_20251206T050132_T_G01_M01_C___T004_F004,2025-11-24,15,40,11.463499069213867,3.436087131500244,28.746824264526367,1.0,8649,11.843000411987305,12.33237020717713,4.960848,29.369305,32.00066,34.107605,41.816093,23.072756,1.0,29.464420354770144,29.0,30.0,31.0,31.0,32.0,0
Mbalmayo,BIO_FP_FH__L2A_20251124T050104_20251206T050132_T_G01_M01_C___T004_F004,2025-11-24,15,41,11.464332580566406,3.436087131500244,33.4172248840332,1.0,8649,1.0432000160217285,18.37092731999364,18.667496,30.563297,33.57707,37.70327,40.28214,28.329918,1.0,32.39036221371343,33.0,34.0,34.0,34.0,35.0,0
Mbalmayo,BIO_FP_FH__L2A_20251124T050104_20251206T050132_T_G01_M01_C___T004_F004,2025-11-24,15,42,11.465166091918945,3.436087131500244,32.76182556152344,1.0,8649,3.2737998962402344,20.30329802397676,21.339407,30.340185,32.35919,34.975334,36.6385,26.889626,1.0,34.596153104025475,35.0,36.0,36.0,36.0,36.0,0
Mbalmayo,BIO_FP_FH__L2A_20251124T050104_20251206T050132_T_G01_M01_C___T004_F004,2025-11-24,15,43,11.465999603271484,3.436087131500244,25.014225006103516,1.0,8649,11.825400352478027,22.275495857541333,22.470005,34.820885,36.975037,41.133316,44.1931,31.51936,1.0,36.574132488619895,36.0,38.0,38.0,38.0,38.0,0
Mbalmayo,BIO_FP_FH__L2A_20251124T050104_20251206T050132_T_G01_M01_C___T004_F004,2025-11-24,15,44,11.466833114624023,3.436087131500244,16.50582504272461,1.0,8649,20.12380027770996,26.507822097388427,28.189938,39.53126,41.183056,45.868267,49.42606,36.236717,1.0,36.6825608716478,37.0,38.0,38.0,38.0,38.0,0
Mbalmayo,BIO_FP_FH__L2A_20251124T050104_20251206T050132_T_G01_M01_C___T004_F004,2025-11-24,15,45,11.467666625976562,3.436087131500244,5.507024765014648,1.0,8649,30.888599395751953,22.297763266526477,22.231993,37.284527,40.345837,43.770653,47.897804,34.440014,1.0,37.131114703463,37.0,39.0,39.0,39.0,39.0,0
Mbalmayo,BIO_FP_FH__L2A_20251124T050104_20251206T050132_T_G01_M01_C___T004_F004,2025-11-24,15,46,11.468500137329102,3.436087131500244,11.105036735534668,1.0,8649,21.867799758911133,18.742372221499597,17.49025,33.99937,36.1044,39.110355,44.06069,31.005232,1.0,36.11931410352954,36.0,38.0,39.0,39.0,39.0,0
Mbalmayo,BIO_FP_FH__L2A_20251124T050104_20251206T050132_T_G01_M01_C___T004_F004,2025-11-24,15,47,11.46933364868164,3.436087131500244,20.370037078857422,1.0,8649,8.825599670410156,17.739693308113655,14.768688,34.248806,38.091824,44.831062,47.26877,27.53076,1.0,35.179184367938156,35.0,36.0,36.0,36.0,37.0,0
Mbalmayo,BIO_FP_FH__L2A_20251124T050104_20251206T050132_T_G01_M01_C___T004_F004,2025-11-24,15,48,11.47016716003418,3.436087131500244,13.901036262512207,0.9978688716723032,8637,17.932199478149414,19.480021926515622,18.079945,35.0996,37.63367,41.804447,43.192463,33.20382,1.0,36.03172086878227,36.0,38.0,39.0,39.0,39.0,0
Mbalmayo,BIO_FP_FH__L2A_20251124T050104_20251206T050132_T_G01_M01_C___T004_F004,2025-11-24,16,3,11.432659149169922,3.435253620147705,5.937148094177246,0.9904648393464923,8576,79.58080291748047,6.936401528722715,5.108718,15.462617,17.655283,22.083216,29.983599,12.529289,0.9951463093149213,25.68667429417973,26.0,28.0,28.0,28.0,28.0,0
Mbalmayo,BIO_FP_FH__L2A_20251124T050104_20251206T050132_T_G01_M01_C___T004_F004,2025-11-24,16,4,11.433492660522461,3.435253620147705,6.032547950744629,1.0,8649,77.0884017944336,5.137234524945081,3.718243,11.084492,18.130552,23.820055,25.536722,8.208779,1.0,22.93496666854345,23.0,25.0,25.88121223449707,28.0,30.0,0
Mbalmayo,BIO_FP_FH__L2A_20251124T050104_20251206T050132_T_G01_M01_C___T004_F004,2025-11-24,16,5,11.434326171875,3.435253620147705,9.377147674560547,1.0,8649,35.85179901123047,9.590721741675338,5.806997,23.703926,27.179226,32.213303,34.09076,19.216322,1.0,26.613687330456134,27.0,31.0,31.702348709106445,32.0,33.0,0
Mbalmayo,BIO_FP_FH__L2A_20251124T050104_20251206T050132_T_G01_M01_C___T004_F004,2025-11-24,16,6,11.435159683227539,3.435253620147705,12.692596435546875,1.0,8649,10.961199760437012,27.179752988062205,28.745487,38.49368,40.260773,41.7462,43.879402,36.32954,1.0,33.29912297168017,34.0,35.0,36.0,36.0,36.0,0
Mbalmayo,BIO_FP_FH__L2A_20251124T050104_20251206T050132_T_G01_M01_C___T004_F004,2025-11-24,16,7,11.435993194580078,3.435253620147705,15.167196273803711,1.0,8649,18.922199249267578,23.85137540738091,25.373592,35.98148,37.96165,42.23407,43.46727,35.000103,1.0,35.1743002119802,35.66189956665039,36.0,37.0,37.0,37.0,0
Mbalmayo,BIO_FP_FH__L2A_20251124T050104_20251206T050132_T_G01_M01_C___T004_F004,2025-11-24,16,8,11.436826705932617,3.435253620147705,18.717796325683594,1.0,8649,26.2096004486084,7.29033771064574,2.9685519,28.46024,36.30607,41.598495,43.765987,12.751624,1.0,33.309391909795686,33.12569046020508,34.23806381225586,35.0,36.0,37.0,0
Mbalmayo,BIO_FP_FH__L2A_20251124T050104_20251206T050132_T_G01_M01_C___T004_F004,2025-11-24,16,9,11.437660217285156,3.435253620147705,24.797595977783203,1.0,8649,19.613800048828125,28.382471736255635,33.69552,41.364506,42.538223,43.96266,44.672222,37.896347,1.0,32.78147835058344,33.0,34.0,34.0,35.0,37.0,0
Mbalmayo,BIO_FP_FH__L2A_20251124T050104_20251206T050132_T_G01_M01_C___T004_F004,2025-11-24,16,10,11.438493728637695,3.435253620147705,33.77399826049805,1.0,8649,1.010200023651123,26.389827174745637,26.92496,35.49488,37.074886,39.464996,41.66582,34.43224,1.0,32.20211325332407,32.0,33.0,33.0,34.0,34.0,0
Mbalmayo,BIO_FP_FH__L2A_20251124T050104_20251206T050132_T_G01_M01_C___T004_F004,2025-11-24,16,11,11.439327239990234,3.435253620147705,33.5751953125,1.0,8649,1.010200023651123,32.63540289159151,35.169308,41.328957,42.23344,43.611767,44.927475,40.1335,1.0,33.989388481869646,34.0,36.0,36.0,37.0,37.0,0
Mbalmayo,BIO_FP_FH__L2A_20251124T050104_20251206T050132_T_G01_M01_C___T004_F004,2025-11-24,16,12,11.440160751342773,3.435253620147705,33.08879470825195,1.0,8649,0.9291999936103821,31.758255108972136,33.020878,41.611004,42.886417,44.39982,47.25883,40.062103,1.0,37.550990197407415,38.0,40.0,40.0,41.0,41.0,0
Mbalmayo,BIO_FP_FH__L2A_20251124T050104_20251206T050132_T_G01_M01_C___T004_F004,2025-11-24,16,13,11.440994262695312,3.435253620147705,31.400997161865234,1.0,8649,0.5221999883651733,30.29581680324315,32.47006,41.811073,43.01353,44.618515,47.03982,40.990463,1.0,38.91254062368107,39.0,40.0,41.0,41.0,41.0,0
Mbalmayo,BIO_FP_FH__L2A_20251124T050104_20251206T050132_T_G01_M01_C___T004_F004,2025-11-24,16,14,11.441827774047852,3.435253620147705,27.24860954284668,1.0,8649,0.6962000131607056,34.84073822660134,38.127254,43.972996,45.185516,47.07331,51.578056,42.97767,1.0,36.0404249295594,36.0,38.0,38.0,38.0,38.0,0
Mbalmayo,BIO_FP_FH__L2A_20251124T050104_20251206T050132_T_G01_M01_C___T004_F004,2025-11-24,16,15,11.44266128540039,3.435253620147705,21.850610733032227,1.0,8649,2.0044000148773193,27.124752274468147,27.714243,38.657627,41.27402,43.790443,46.61657,37.029827,1.0,36.42487591017821,36.0,38.0,39.0,39.0,39.0,0
Mbalmayo,BIO_FP_FH__L2A_20251124T050104_20251206T050132_T_G01_M01_C___T004_F004,2025-11-24,16,16,11.44349479675293,3.435253620147705,20.341609954833984,1.0,8649,3.5118000507354736,27.798942616198403,29.627174,39.831234,42.230682,44.414608,46.05142,37.199074,1.0,37.926795466371544,38.0,39.0,39.0,39.0,39.0,0
Mbalmayo,BIO_FP_FH__L2A_20251124T050104_20251206T050132_T_G01_M01_C___T004_F004,2025-11-24,16,17,11.444328308105469,3.435253620147705,17.040210723876953,1.0,8649,7.530799865722656,31.22413673184761,33.936752,41.044823,42.321274,44.519157,47.653973,39.76403,1.0,37.48828651092138,37.0,39.0,39.0,39.0,39.0,0
Mbalmayo,BIO_FP_FH__L2A_20251124T050104_20251206T050132_T_G01_M01_C___T004_F004,2025-11-24,16,18,11.445161819458008,3.435253620147705,14.018010139465332,1.0,8649,8.264800071716309,26.55733592756388,28.991253,37.706276,39.07901,40.80685,43.206253,35.86379,1.0,37.00603946364261,37.0,39.0,39.0,39.0,39.0,0
Mbalmayo,BIO_FP_FH__L2A_20251124T050104_20251206T050132_T_G01_M01_C___T004_F004,2025-11-24,16,19,11.445995330810547,3.435253620147705,11.698810577392578,1.0,8649,5.717199802398682,32.31561542519366,34.243298,40.165203,41.494457,44.151283,46.388084,38.460606,1.0,36.5916224217357,37.0,38.0,38.0,38.0,38.0,0
Mbalmayo,BIO_FP_FH__L2A_20251124T050104_20251206T050132_T_G01_M01_C___T004_F004,2025-11-24,16,20,11.446828842163086,3.435253620147705,10.017410278320312,1.0,8649,4.082799911499023,26.45441669557174,28.473833,36.575527,37.938866,40.795002,43.017414,35.430294,1.0,34.621591775289694,35.0,38.0,38.0,38.0,38.0,0
Mbalmayo,BIO_FP_FH__L2A_20251124T050104_20251206T050132_T_G01_M01_C___T004_F004,2025-11-24,16,21,11.447662353515625,3.435253620147705,16.613210678100586,0.9374810169302449,8156,1.8423999547958374,23.85662659644498,24.956287,31.997713,33.767384,35.322693,38.193478,30.339146,0.9251109437765256,31.70409714834228,32.0,33.0,33.40426254272461,34.0,34.0,0
Mbalmayo,BIO_FP_FH__L2A_20251124T050104_20251206T050132_T_G01_M01_C___T004_F004,2025-11-24,16,25,11.450996398925781,3.435253620147705,16.435768127441406,1.0,8649,18.77120018005371,23.305584234810382,24.880753,35.43841,37.298466,40.9512,42.73167,33.033268,0.9840664216163792,34.591199224240434,35.0,36.0,36.5762939453125,37.0,37.0,0
Mbalmayo,BIO_FP_FH__L2A_20251124T050104_20251206T050132_T_G01_M01_C___T004_F004,2025-11-24,16,26,11.45182991027832,3.435253620147705,13.815768241882324,1.0,8649,27.14620018005371,25.81702703166551,26.765259,39.68433,41.34432,43.61951,45.377274,36.66548,1.0,34.13628581471906,34.0,36.0,36.0,37.0,37.0,0
Mbalmayo,BIO_FP_FH__L2A_20251124T050104_20251206T050132_T_G01_M01_C___T004_F004,2025-11-24,16,27,11.45266342163086,3.435253620147705,15.755168914794922,1.0,8649,15.89739990234375,23.636990864189503,23.851261,37.807983,39.746483,42.49299,43.464157,34.181732,1.0,34.52964000589435,34.635623931884766,36.0,36.0,36.0,36.0,0
Mbalmayo,BIO_FP_FH__L2A_20251124T050104_20251206T050132_T_G01_M01_C___T004_F004,2025-11-24,16,28,11.453496932983398,3.435253620147705,9.195568084716797,1.0,8649,47.32059860229492,24.313215852266158,25.832985,35.665,37.435085,39.7871,41.64749,33.53052,1.0,34.76478717754116,35.0,36.0,36.0,37.0,37.0,0
Mbalmayo,BIO_FP_FH__L2A_20251124T050104_20251206T050132_T_G01_M01_C___T004_F004,2025-11-24,16,29,11.454330444335938,3.435253620147705,0.6875684857368469,1.0,8649,89.127197265625,23.94450135131229,24.066143,35.418587,38.052784,40.32003,42.388412,32.530075,1.0,36.48488583555386,36.06636428833008,38.0,38.0,39.0,39.0,0
Mbalmayo,BIO_FP_FH__L2A_20251124T050104_20251206T050132_T_G01_M01_C___T004_F004,2025-11-24,16,30,11.455163955688477,3.435253620147705,12.119963645935059,1.0,8649,54.01139831542969,20.31853122470806,21.766024,32.683838,34.416416,39.603,41.17935,30.021463,1.0,37.23193946685773,37.0,38.0,38.0,38.0,38.0,0
Mbalmayo,BIO_FP_FH__L2A_20251124T050104_20251206T050132_T_G01_M01_C___T004_F004,2025-11-24,16,31,11.455997467041016,3.435253620147705,25.200363159179688,1.0,8649,4.580599784851074,17.816962672707827,17.339907,29.444883,31.111483,34.647163,37.34936,27.231771,1.0,36.03394245514223,36.0,37.0,37.0,38.0,38.0,0
Mbalmayo,BIO_FP_FH__L2A_20251124T050104_20251206T050132_T_G01_M01_C___T004_F004,2025-11-24,16,32,11.456830978393555,3.435253620147705,23.90636444091797,1.0,8649,0.0,13.523281683576135,10.712068,27.375353,32.26722,38.77181,40.41603,22.828333,1.0,34.246927956678036,34.0,35.0,35.96040344238281,36.0,36.0,0
Mbalmayo,BIO_FP_FH__L2A_20251124T050104_20251206T050132_T_G01_M01_C___T004_F004,2025-11-24,16,33,11.457664489746094,3.435253620147705,19.33076286315918,1.0,8649,3.48580002784729,9.93558436127009,7.3742027,22.125538,24.716234,33.51015,39.792515,19.488039,1.0,31.406695010303995,32.0,34.0,34.0,36.0,36.0,0
Mbalmayo,BIO_FP_FH__L2A_20251124T050104_20251206T050132_T_G01_M01_C___T004_F004,2025-11-24,16,34,11.458498001098633,3.435253620147705,10.691763877868652,1.0,8649,13.627599716186523,9.573567256691526,8.138071,18.834524,22.869871,34.19816,42.029476,16.450645,1.0,31.856847512541457,32.0,34.0,34.0,35.0,35.0,0
Mbalmayo,BIO_FP_FH__L2A_20251124T050104_20251206T050132_T_G01_M01_C___T004_F004,2025-11-24,16,35,11.459331512451172,3.435253620147705,4.476963520050049,1.0,8649,18.954200744628906,14.406254290597179,12.616384,29.499674,32.87554,36.232307,41.38573,23.65637,1.0,33.84575526845815,34.0,35.38432693481445,36.0,36.0,36.0,0
Mbalmayo,BIO_FP_FH__L2A_20251124T050104_20251206T050132_T_G01_M01_C___T004_F004,2025-11-24,16,36,11.460165023803711,3.435253620147705,4.063963413238525,1.0,8649,21.909000396728516,12.603214831555672,11.831669,25.05622,27.444511,38.094563,41.116837,21.760323,1.0,32.28129845093352,32.0,33.0,34.0,34.0,34.0,0
Mbalmayo,BIO_FP_FH__L2A_20251124T050104_20251206T050132_T_G01_M01_C___T004_F004,2025-11-24,16,37,11.46099853515625,3.435253620147705,3.496363639831543,1.0,8649,34.18659973144531,14.8886610355966,13.142981,31.976557,35.588966,44.2891,47.1316,26.414907,1.0,32.969748580699736,33.0,34.0,35.0,36.0,36.0,0
Mbalmayo,BIO_FP_FH__L2A_20251124T050104_20251206T050132_T_G01_M01_C___T004_F004,2025-11-24,16,38,11.461832046508789,3.435253620147705,2.9246246814727783,1.0,8649,46.70479965209961,24.732952102482948,25.928858,35.751022,38.036915,41.06936,42.79028,31.618244,1.0,33.65127632193158,34.0,35.0,35.0,35.0,35.0,0
Mbalmayo,BIO_FP_FH__L2A_20251124T050104_20251206T050132_T_G01_M01_C___T004_F004,2025-11-24,16,39,11.462665557861328,3.435253620147705,9.781424522399902,1.0,8649,47.03459930419922,23.216949078289396,23.25237,37.521194,40.574375,42.53526,43.861004,33.967766,1.0,32.741785394344625,33.0,34.0,34.0,34.0,35.0,0
Mbalmayo,BIO_FP_FH__L2A_20251124T050104_20251206T050132_T_G01_M01_C___T004_F004,2025-11-24,16,40,11.463499069213867,3.435253620147705,27.585824966430664,1.0,8649,10.463600158691406,25.79711595090473,26.915579,34.60738,36.02854,37.878952,39.90571,32.445686,1.0,30.61852870393811,31.0,32.0,32.0,33.0,33.0,0
Mbalmayo,BIO_FP_FH__L2A_20251124T050104_20251206T050132_T_G01_M01_C___T004_F004,2025-11-24,16,41,11.464332580566406,3.435253620147705,32.827823638916016,1.0,8649,0.8881999850273132,25.23540654989016,26.517931,31.82599,32.716152,36.193542,37.898148,30.246914,1.0,31.05628394771827,31.0,32.0,32.0,33.0,33.0,0
Mbalmayo,BIO_FP_FH__L2A_20251124T050104_20251206T050132_T_G01_M01_C___T004_F004,2025-11-24,16,42,11.465166091918945,3.435253620147705,33.05842590332031,1.0,8649,0.7807999849319458,23.957827946149845,25.00026,31.888527,33.86712,35.8862,38.680603,29.751581,1.0,33.46524907955752,33.0,35.0,36.0,36.0,36.0,0
Mbalmayo,BIO_FP_FH__L2A_20251124T050104_20251206T050132_T_G01_M01_C___T004_F004,2025-11-24,16,43,11.465999603271484,3.435253620147705,23.324424743652344,1.0,8649,13.545999526977539,20.010051062622846,19.000656,33.59345,35.808315,39.566456,42.1285,29.845804,1.0,36.11185070147665,36.0,37.0,38.0,38.0,38.0,0
Mbalmayo,BIO_FP_FH__L2A_20251124T050104_20251206T050132_T_G01_M01_C___T004_F004,2025-11-24,16,44,11.466833114624023,3.435253620147705,9.720025062561035,1.0,8649,26.890600204467773,18.974253368344606,18.229666,33.36545,35.83798,40.07499,44.046413,29.75132,1.0,35.62773626131024,36.0,36.0,36.0,37.0,37.0,0
Mbalmayo,BIO_FP_FH__L2A_20251124T050104_20251206T050132_T_G01_M01_C___T004_F004,2025-11-24,16,45,11.467666625976562,3.435253620147705,3.045424699783325,1.0,8649,33.33340072631836,16.521503569776854,14.017417,31.836002,33.76891,39.441948,44.710964,28.555075,1.0,36.13051731234438,36.0,37.0,37.0,37.0,37.0,0
Mbalmayo,BIO_FP_FH__L2A_20251124T050104_20251206T050132_T_G01_M01_C___T004_F004,2025-11-24,16,46,11.468500137329102,3.435253620147705,7.358036518096924,1.0,8649,27.060199737548828,16.232490298733957,13.602239,30.968496,34.94507,38.09617,39.6868,26.007366,1.0,33.41317699779484,33.0,35.0,35.0,36.0,36.0,0
Mbalmayo,BIO_FP_FH__L2A_20251124T050104_20251206T050132_T_G01_M01_C___T004_F004,2025-11-24,16,47,11.46933364868164,3.435253620147705,8.686635971069336,1.0,8649,25.293800354003906,22.778017599577986,20.849825,38.456505,40.803684,43.115402,45.5326,34.54855,1.0,32.14572122295766,32.0,34.0,34.12430267333987,35.0,35.0,0
Mbalmayo,BIO_FP_FH__L2A_20251124T050104_20251206T050132_T_G01_M01_C___T004_F004,2025-11-24,16,48,11.47016716003418,3.435253620147705,6.277036190032959,0.999635341581216,8649,28.83839988708496,16.695035836096494,15.690084,31.002445,34.29718,38.790134,42.19806,26.118551,1.0,32.828223222169534,33.0,35.45048522949219,36.0,36.0,36.0,0
Mbalmayo,BIO_FP_FH__L2A_20251124T050104_20251206T050132_T_G01_M01_C___T004_F004,2025-11-24,17,3,11.432659149169922,3.434420108795166,7.315547943115234,1.0,8649,53.65719985961914,6.212633979542432,4.0118155,15.130007,20.53325,29.20598,31.49084,10.74228,1.0,24.303172540107838,24.0,26.0,27.0,28.0,28.0,0
Mbalmayo,BIO_FP_FH__L2A_20251124T050104_20251206T050132_T_G01_M01_C___T004_F004,2025-11-24,17,4,11.433492660522461,3.434420108795166,6.089347839355469,1.0,8649,51.42539978027344,10.798404484983813,9.50876,23.09221,26.16167,31.540627,33.83376,16.702284,1.0,29.029880873659938,29.0,33.0,34.0,35.0,35.0,0
Mbalmayo,BIO_FP_FH__L2A_20251124T050104_20251206T050132_T_G01_M01_C___T004_F004,2025-11-24,17,5,11.434326171875,3.434420108795166,19.3227481842041,1.0,8649,22.141000747680664,19.188706899822233,20.466444,30.488802,33.20934,37.644646,40.52777,29.244766,1.0,32.75024645705349,32.70235061645508,35.0,36.0,37.0,37.0,0
Mbalmayo,BIO_FP_FH__L2A_20251124T050104_20251206T050132_T_G01_M01_C___T004_F004,2025-11-24,17,6,11.435159683227539,3.434420108795166,22.966997146606445,1.0,8649,1.9752000570297241,25.430779569892472,26.225851,34.77848,38.249664,47.91386,50.592545,33.03591,1.0,35.45141905935559,36.0,37.0,37.0,37.0,37.0,0
Mbalmayo,BIO_FP_FH__L2A_20251124T050104_20251206T050132_T_G01_M01_C___T004_F004,2025-11-24,17,7,11.435993194580078,3.434420108795166,26.24199676513672,1.0,8649,0.03999999910593033,18.925119707661292,19.198248,33.866432,36.10023,38.7137,41.517128,32.585915,1.0,35.34918922197613,35.0594596862793,37.0,37.0,37.0,37.0,0
Mbalmayo,BIO_FP_FH__L2A_20251124T050104_20251206T050132_T_G01_M01_C___T004_F004,2025-11-24,17,8,11.436826705932617,3.434420108795166,28.341596603393555,1.0,8649,0.22300000488758087,10.636315208044282,4.303925,32.6659,36.441795,39.817966,43.41686,20.359522,1.0,36.48074846138691,36.0,38.0,38.0,38.0,38.0,0
Mbalmayo,BIO_FP_FH__L2A_20251124T050104_20251206T050132_T_G01_M01_C___T004_F004,2025-11-24,17,9,11.437660217285156,3.434420108795166,31.554996490478516,1.0,8649,0.6890000104904175,26.660518240909354,31.372017,39.499588,41.13586,43.0835,46.095497,37.19589,1.0,35.58823957519319,36.0,37.0,37.0,38.0,38.0,0
Mbalmayo,BIO_FP_FH__L2A_20251124T050104_20251206T050132_T_G01_M01_C___T004_F004,2025-11-24,17,10,11.438493728637695,3.434420108795166,33.70659637451172,1.0,8649,1.010200023651123,24.5394052961325,26.817036,35.23704,36.482124,38.29473,39.992214,33.9942,1.0,32.71831142360702,32.69508361816406,35.0,36.0,36.0,36.0,0
Mbalmayo,BIO_FP_FH__L2A_20251124T050104_20251206T050132_T_G01_M01_C___T004_F004,2025-11-24,17,11,11.439327239990234,3.434420108795166,33.50839614868164,1.0,8649,1.010200023651123,29.82986653081281,31.435696,38.824734,40.371994,42.141167,43.641003,37.81713,1.0,32.46012705170994,32.0,35.0,36.0,36.04702377319336,37.0,0
Mbalmayo,BIO_FP_FH__L2A_20251124T050104_20251206T050132_T_G01_M01_C___T004_F004,2025-11-24,17,12,11.440160751342773,3.434420108795166,33.618995666503906,1.0,8649,1.010200023651123,28.891661969591862,30.338856,39.127045,40.651203,45.54258,49.216743,37.73372,1.0,38.44653375797402,39.0,40.0,40.0,41.0,41.0,0
Mbalmayo,BIO_FP_FH__L2A_20251124T050104_20251206T050132_T_G01_M01_C___T004_F004,2025-11-24,17,13,11.440994262695312,3.434420108795166,31.478397369384766,1.0,8649,0.7337999939918518,28.306603816192624,28.670609,36.078156,37.226376,39.564053,42.99213,35.14015,1.0,38.80634692903612,39.0,40.0,41.0,41.0,41.0,0
Mbalmayo,BIO_FP_FH__L2A_20251124T050104_20251206T050132_T_G01_M01_C___T004_F004,2025-11-24,17,14,11.441827774047852,3.434420108795166,20.440410614013672,1.0,8649,2.530600070953369,27.621435191207077,28.508831,34.90316,36.390926,39.590443,44.12618,33.678448,1.0,36.61684499055419,37.0,38.0,38.03279113769531,39.0,39.0,0
Mbalmayo,BIO_FP_FH__L2A_20251124T050104_20251206T050132_T_G01_M01_C___T004_F004,2025-11-24,17,15,11.44266128540039,3.434420108795166,10.054010391235352,1.0,8649,4.2708001136779785,22.47288636150133,21.378408,34.799515,38.37958,42.99059,47.316334,32.024605,1.0,36.67515334924227,37.0,38.0,38.0,38.0,38.0,0
Mbalmayo,BIO_FP_FH__L2A_20251124T050104_20251206T050132_T_G01_M01_C___T004_F004,2025-11-24,17,16,11.44349479675293,3.434420108795166,7.284010410308838,1.0,8649,7.616399765014648,25.097437881185687,24.910452,37.89272,42.082073,47.475616,49.13731,34.37251,1.0,37.9647110793367,38.0,39.0,39.417842864990234,40.0,40.0,0
Mbalmayo,BIO_FP_FH__L2A_20251124T050104_20251206T050132_T_G01_M01_C___T004_F004,2025-11-24,17,17,11.444328308105469,3.434420108795166,5.559610366821289,1.0,8649,11.18340015411377,23.46595411138571,24.817017,33.767365,35.594967,39.024227,41.75168,32.471485,1.0,38.27773015161983,38.0,39.0,40.0,41.0,41.0,0
Mbalmayo,BIO_FP_FH__L2A_20251124T050104_20251206T050132_T_G01_M01_C___T004_F004,2025-11-24,17,18,11.445161819458008,3.434420108795166,6.105410575866699,1.0,8649,9.369400024414062,29.366335251907735,30.478596,38.733486,40.069027,41.827377,44.220047,37.506245,1.0,36.61288152891634,36.0,38.0,39.0,39.0,39.0,0
Mbalmayo,BIO_FP_FH__L2A_20251124T050104_20251206T050132_T_G01_M01_C___T004_F004,2025-11-24,17,19,11.445995330810547,3.434420108795166,6.796210289001465,0.989722015596095,8582,5.376800060272217,25.577255364489037,28.926517,35.974415,37.82394,41.40289,43.737823,34.672752,0.8714656096597552,35.581469066758096,36.0,37.0,37.0,37.0,37.0,0
Mbalmayo,BIO_FP_FH__L2A_20251124T050104_20251206T050132_T_G01_M01_C___T004_F004,2025-11-24,17,29,11.454330444335938,3.434420108795166,8.652168273925781,0.9933496872832119,8603,66.18260192871094,17.731136980818913,16.733292,32.872967,37.772003,41.352947,43.361004,30.677198,1.0,35.08021329402758,36.0,37.0,38.0,38.0,38.0,0
Mbalmayo,BIO_FP_FH__L2A_20251124T050104_20251206T050132_T_G01_M01_C___T004_F004,2025-11-24,17,30,11.455163955688477,3.434420108795166,12.647363662719727,1.0,8649,55.54119873046875,22.263965893817204,22.966494,33.561066,35.018047,36.364155,37.616856,31.153498,1.0,36.91749663214585,37.0,38.0,38.0,38.0,38.0,0
Mbalmayo,BIO_FP_FH__L2A_20251124T050104_20251206T050132_T_G01_M01_C___T004_F004,2025-11-24,17,31,11.455997467041016,3.434420108795166,23.553163528442383,1.0,8649,15.041999816894531,16.351228285061858,15.712878,28.582312,32.228832,42.244164,45.059402,24.820932,1.0,34.233550920860246,34.0,36.15245819091797,37.0,37.0,37.0,0
Mbalmayo,BIO_FP_FH__L2A_20251124T050104_20251206T050132_T_G01_M01_C___T004_F004,2025-11-24,17,32,11.456830978393555,3.434420108795166,25.63936424255371,1.0,8649,0.0,12.764890630419702,9.355776,32.47617,35.21162,37.740276,39.670837,25.747824,1.0,33.90438103121765,34.0,35.0,35.0,35.0,37.0,0
Mbalmayo,BIO_FP_FH__L2A_20251124T050104_20251206T050132_T_G01_M01_C___T004_F004,2025-11-24,17,33,11.457664489746094,3.434420108795166,15.264963150024414,1.0,8649,14.704999923706055,11.679240148788878,6.056928,34.183643,36.823177,38.99161,49.37655,24.640509,1.0,35.82470588494428,36.0,37.0,37.0,38.0,38.0,0
Mbalmayo,BIO_FP_FH__L2A_20251124T050104_20251206T050132_T_G01_M01_C___T004_F004,2025-11-24,17,34,11.458498001098633,3.434420108795166,4.874163627624512,1.0,8649,29.211999893188477,15.680904448852468,17.051758,26.40377,28.75231,33.648605,40.80078,23.842575,1.0,34.16703431500715,34.0,36.0,37.0,37.0,37.0,0
Mbalmayo,BIO_FP_FH__L2A_20251124T050104_20251206T050132_T_G01_M01_C___T004_F004,2025-11-24,17,35,11.459331512451172,3.434420108795166,3.206763505935669,1.0,8649,32.67959976196289,17.39842395074575,17.829428,32.394997,36.014854,40.57868,41.99235,28.330961,1.0,32.93224196136859,33.0,35.0,35.0,35.0,35.0,0
Mbalmayo,BIO_FP_FH__L2A_20251124T050104_20251206T050132_T_G01_M01_C___T004_F004,2025-11-24,17,36,11.460165023803711,3.434420108795166,2.9533636569976807,1.0,8649,35.30580139160156,11.888201038414845,9.007962,25.940346,30.821947,36.863503,40.908756,19.464464,1.0,32.095172275847986,32.0,33.0,33.0,34.0,34.0,0
Mbalmayo,BIO_FP_FH__L2A_20251124T050104_20251206T050132_T_G01_M01_C___T004_F004,2025-11-24,17,37,11.46099853515625,3.434420108795166,2.634763479232788,1.0,8649,44.48099899291992,9.944420055786797,6.6329823,26.71693,31.315355,35.736828,43.11629,21.377146,1.0,32.479108470149754,32.0,34.0,34.0,35.0,35.0,0
Mbalmayo,BIO_FP_FH__L2A_20251124T050104_20251206T050132_T_G01_M01_C___T004_F004,2025-11-24,17,38,11.461832046508789,3.434420108795166,2.2680246829986572,1.0,8649,56.5629997253418,23.064058615880448,23.381777,36.26071,39.464417,47.040405,49.722893,32.139496,1.0,32.80428608570061,33.0,34.0,34.0,35.0,35.0,0
Mbalmayo,BIO_FP_FH__L2A_20251124T050104_20251206T050132_T_G01_M01_C___T004_F004,2025-11-24,17,39,11.462665557861328,3.434420108795166,6.586624622344971,1.0,8649,30.84040069580078,18.37853883938895,18.76985,29.882711,32.53417,38.643993,41.348362,26.245264,1.0,30.6738786008237,31.0,34.0,34.0,35.0,35.0,0
Mbalmayo,BIO_FP_FH__L2A_20251124T050104_20251206T050132_T_G01_M01_C___T004_F004,2025-11-24,17,40,11.463499069213867,3.434420108795166,21.539024353027344,1.0,8649,2.5715999603271484,13.309048101659151,14.249231,22.358316,24.437462,29.032345,34.82916,19.07145,1.0,28.588726907951294,29.0,30.0,30.0,30.0,30.0,0
Mbalmayo,BIO_FP_FH__L2A_20251124T050104_20251206T050132_T_G01_M01_C___T004_F004,2025-11-24,17,41,11.464332580566406,3.434420108795166,27.67902374267578,1.0,8649,0.38920000195503235,18.353274448274366,17.698332,27.154432,30.445879,35.015137,37.208595,24.805779,1.0,28.829446831636034,28.059457778930664,30.0,31.0,31.0,31.0,0
Mbalmayo,BIO_FP_FH__L2A_20251124T050104_20251206T050132_T_G01_M01_C___T004_F004,2025-11-24,17,42,11.465166091918945,3.434420108795166,23.2346248626709,1.0,8649,6.809800148010254,18.323579902662157,17.013845,30.615952,32.11903,34.148033,36.107754,27.717258,1.0,32.51259413260589,33.0,35.0,35.0,36.0,36.0,0
Mbalmayo,BIO_FP_FH__L2A_20251124T050104_20251206T050132_T_G01_M01_C___T004_F004,2025-11-24,17,43,11.465999603271484,3.434420108795166,12.516424179077148,1.0,8649,21.991199493408203,17.23173199213782,14.947209,32.79279,36.206097,38.617737,40.15553,27.353895,1.0,35.74863032211884,36.0,37.0,37.0,37.0,37.0,0
Mbalmayo,BIO_FP_FH__L2A_20251124T050104_20251206T050132_T_G01_M01_C___T004_F004,2025-11-24,17,44,11.466833114624023,3.434420108795166,3.244624614715576,1.0,8649,33.33340072631836,15.125042002688172,12.570497,28.386835,32.957478,36.74265,39.066525,24.839262,1.0,36.19283038688569,36.0,37.0,38.0,38.0,38.0,0
Mbalmayo,BIO_FP_FH__L2A_20251124T050104_20251206T050132_T_G01_M01_C___T004_F004,2025-11-24,17,45,11.467666625976562,3.434420108795166,3.202824592590332,1.0,8649,32.1952018737793,18.943472285452074,16.696959,34.3433,36.48009,41.906986,45.571663,31.68751,1.0,35.2822260499924,36.0,36.0,37.0,38.0,38.0,0
Mbalmayo,BIO_FP_FH__L2A_20251124T050104_20251206T050132_T_G01_M01_C___T004_F004,2025-11-24,17,46,11.468500137329102,3.434420108795166,2.768636465072632,1.0,8649,36.822200775146484,17.467087054861835,16.188595,30.871521,34.15097,38.13751,40.863094,27.38734,1.0,33.54108922276721,33.0594596862793,36.0,36.0,37.0,37.0,0
Mbalmayo,BIO_FP_FH__L2A_20251124T050104_20251206T050132_T_G01_M01_C___T004_F004,2025-11-24,17,47,11.46933364868164,3.434420108795166,2.7948362827301025,1.0,8649,39.35459899902344,18.080801429355994,17.320803,25.816881,29.121086,39.221607,43.028748,23.709541,1.0,30.932394971129714,31.0,33.0,34.0,34.0594596862793,35.0,0
Mbalmayo,BIO_FP_FH__L2A_20251124T050104_20251206T050132_T_G01_M01_C___T004_F004,2025-11-24,17,48,11.47016716003418,3.434420108795166,6.393036365509033,1.0,8649,30.537599563598633,11.514344595473466,12.175244,21.733473,24.133564,29.241293,31.846077,19.159044,1.0,30.051332043283786,30.0,33.0,34.0,35.0,35.0,0
Mbalmayo,BIO_FP_FH__L2A_20251124T050104_20251206T050132_T_G01_M01_C___T004_F004,2025-11-24,18,3,11.432659149169922,3.433586597442627,8.892547607421875,1.0,8649,24.674999237060547,6.7128879151491505,5.458011,13.517559,14.676921,17.430416,24.088531,12.517182,1.0,24.728701434585865,24.0,27.922318267822266,28.0,28.0,28.0,0
Mbalmayo,BIO_FP_FH__L2A_20251124T050104_20251206T050132_T_G01_M01_C___T004_F004,2025-11-24,18,4,11.433492660522461,3.433586597442627,4.722747802734375,1.0,8649,34.751800537109375,13.005859713731356,12.832606,24.359177,26.830904,29.086143,30.668118,21.103083,1.0,31.05122830085168,31.0,33.38447189331055,34.0,35.0,35.0,0
Mbalmayo,BIO_FP_FH__L2A_20251124T050104_20251206T050132_T_G01_M01_C___T004_F004,2025-11-24,18,5,11.434326171875,3.433586597442627,18.486148834228516,1.0,8649,11.991399765014648,15.949776527633253,15.448303,29.488438,31.946993,35.78761,37.06752,27.388102,1.0,35.13959393835933,35.0,36.0,36.0,37.0,37.0,0
Mbalmayo,BIO_FP_FH__L2A_20251124T050104_20251206T050132_T_G01_M01_C___T004_F004,2025-11-24,18,6,11.435159683227539,3.433586597442627,26.156797409057617,1.0,8649,0.0,24.92567296887646,25.470524,33.385807,35.056004,41.340683,43.563023,32.875908,1.0,35.9077707291311,36.0,37.0,37.0,38.0,38.0,0
Mbalmayo,BIO_FP_FH__L2A_20251124T050104_20251206T050132_T_G01_M01_C___T004_F004,2025-11-24,18,7,11.435993194580078,3.433586597442627,27.411396026611328,1.0,8649,0.0,23.376526775132962,24.964552,32.958897,34.40187,37.7667,41.13408,31.856916,1.0,36.32719167735152,36.0,38.0,38.0,38.0,38.0,0
Mbalmayo,BIO_FP_FH__L2A_20251124T050104_20251206T050132_T_G01_M01_C___T004_F004,2025-11-24,18,8,11.436826705932617,3.433586597442627,28.966997146606445,1.0,8649,0.13779999315738678,25.862644886692102,29.489946,38.707676,40.452328,44.28364,46.63141,36.15095,1.0,38.10472454838924,38.0,39.0,40.0,40.0,40.0,0
Mbalmayo,BIO_FP_FH__L2A_20251124T050104_20251206T050132_T_G01_M01_C___T004_F004,2025-11-24,18,9,11.437660217285156,3.433586597442627,31.084997177124023,1.0,8649,0.5849999785423279,23.63044363871546,24.444698,35.963783,37.97172,41.431908,43.5409,33.47315,1.0,37.82094894931391,38.0,39.0,40.0,41.0,41.0,0
Mbalmayo,BIO_FP_FH__L2A_20251124T050104_20251206T050132_T_G01_M01_C___T004_F004,2025-11-24,18,10,11.438493728637695,3.433586597442627,33.64019775390625,1.0,8649,1.010200023651123,26.605443006416927,27.759838,34.83817,36.173428,39.59612,42.741604,33.47196,1.0,33.442095173123334,33.0,35.0,37.0,38.0,38.0,0
Mbalmayo,BIO_FP_FH__L2A_20251124T050104_20251206T050132_T_G01_M01_C___T004_F004,2025-11-24,18,11,11.439327239990234,3.433586597442627,33.667198181152344,1.0,8649,1.010200023651123,25.917894680743437,27.050913,34.038548,35.0751,37.13374,38.954216,32.644707,1.0,31.959615897051737,32.0,34.0,35.0,36.0,36.0,0
Mbalmayo,BIO_FP_FH__L2A_20251124T050104_20251206T050132_T_G01_M01_C___T004_F004,2025-11-24,18,12,11.440160751342773,3.433586597442627,33.77799606323242,1.0,8649,1.010200023651123,29.25403361298994,30.298119,37.992764,39.664967,41.661777,44.294106,35.151684,1.0,37.02379240136792,37.0,39.0,39.0,40.0,40.0,0
Mbalmayo,BIO_FP_FH__L2A_20251124T050104_20251206T050132_T_G01_M01_C___T004_F004,2025-11-24,18,13,11.440994262695312,3.433586597442627,26.988197326660156,1.0,8649,2.006200075149536,27.41112615078333,28.900078,37.872906,40.212437,43.731373,45.602646,35.72164,1.0,37.994474272739545,38.0,40.0,40.0,41.0,41.0,0
Mbalmayo,BIO_FP_FH__L2A_20251124T050104_20251206T050132_T_G01_M01_C___T004_F004,2025-11-24,18,14,11.441827774047852,3.433586597442627,17.841609954833984,1.0,8649,3.344399929046631,33.655189996675915,36.03123,42.43495,43.476143,44.838737,46.298435,40.65204,1.0,37.15020541392774,37.0,39.94672393798828,40.0,40.0,40.0,0
Mbalmayo,BIO_FP_FH__L2A_20251124T050104_20251206T050132_T_G01_M01_C___T004_F004,2025-11-24,18,15,11.44266128540039,3.433586597442627,8.47921085357666,1.0,8649,4.828400135040283,34.3030611378483,37.354904,42.294277,43.069706,44.581573,47.682266,40.905537,1.0,38.26822069441325,38.0,39.0,40.0,40.0,40.0,0
Mbalmayo,BIO_FP_FH__L2A_20251124T050104_20251206T050132_T_G01_M01_C___T004_F004,2025-11-24,18,16,11.44349479675293,3.433586597442627,5.782410621643066,1.0,8649,7.611400127410889,32.58338414303677,34.871155,39.047436,40.098858,41.53498,44.424614,37.614,1.0,37.95647167770804,38.0,39.0,39.0,39.0,39.0,0
Mbalmayo,BIO_FP_FH__L2A_20251124T050104_20251206T050132_T_G01_M01_C___T004_F004,2025-11-24,18,17,11.444328308105469,3.433586597442627,6.2388105392456055,1.0,8649,8.157400131225586,24.74521891981732,26.742056,35.317074,36.38814,39.278313,41.401394,34.099564,1.0,35.882331843954496,36.0,38.0,38.0,39.0,39.0,0
Mbalmayo,BIO_FP_FH__L2A_20251124T050104_20251206T050132_T_G01_M01_C___T004_F004,2025-11-24,18,21,11.447662353515625,3.433586597442627,18.14681053161621,0.9771608689407735,8484,0.0,12.67108747507525,13.224102,24.210855,26.57019,29.536947,32.211044,21.65223,0.9728727805340879,32.92776002316243,33.0,34.0,35.0,35.0,35.0,0
Mbalmayo,BIO_FP_FH__L2A_20251124T050104_20251206T050132_T_G01_M01_C___T004_F004,2025-11-24,18,22,11.448495864868164,3.433586597442627,20.951568603515625,1.0,8649,8.76159954071045,18.71007373504162,19.107372,28.492859,30.525288,34.59589,36.44295,25.418444,1.0,34.426753869455304,34.93405532836914,35.0,35.0,36.0,36.0,0
Mbalmayo,BIO_FP_FH__L2A_20251124T050104_20251206T050132_T_G01_M01_C___T004_F004,2025-11-24,18,23,11.449329376220703,3.433586597442627,22.938968658447266,1.0,8649,0.0,15.034097827422245,14.907505,24.271753,29.65434,32.902718,35.068653,22.379993,1.0,33.448998425100314,33.84796142578125,34.0,35.0,35.0,35.0,0
Mbalmayo,BIO_FP_FH__L2A_20251124T050104_20251206T050132_T_G01_M01_C___T004_F004,2025-11-24,18,24,11.450162887573242,3.433586597442627,22.45256805419922,1.0,8649,0.0,17.72296585045959,16.278557,32.666977,34.432335,36.706535,40.192066,28.717361,1.0,32.641582864573245,32.0,34.0,34.0,35.563453674316406,36.0,0
Mbalmayo,BIO_FP_FH__L2A_20251124T050104_20251206T050132_T_G01_M01_C___T004_F004,2025-11-24,18,25,11.450996398925781,3.433586597442627,21.77676773071289,0.934908013548351,8120,0.0,22.322280642356414,22.87925,34.158447,37.86172,40.98699,42.682194,29.501488,0.9644496913980259,35.94855447219715,36.0,37.0,38.0,39.0,39.0,0
Mbalmayo,BIO_FP_FH__L2A_20251124T050104_20251206T050132_T_G01_M01_C___T004_F004,2025-11-24,18,30,11.455163955688477,3.433586597442627,26.565763473510742,0.9996335914692088,8649,6.126399993896484,22.116737391225087,23.963102,32.957947,34.33216,36.433636,40.010464,31.185562,1.0,35.16174354866373,35.0,36.0,36.0,37.0,37.0,0
Mbalmayo,BIO_FP_FH__L2A_20251124T050104_20251206T050132_T_G01_M01_C___T004_F004,2025-11-24,18,31,11.455997467041016,3.433586597442627,28.330963134765625,1.0,8649,0.0,14.117725857035495,12.062956,26.953882,31.274866,38.549915,41.99075,24.145378,1.0,32.420713129395324,32.0,34.0,34.39710998535156,35.0,35.0,0
Mbalmayo,BIO_FP_FH__L2A_20251124T050104_20251206T050132_T_G01_M01_C___T004_F004,2025-11-24,18,32,11.456830978393555,3.433586597442627,27.679363250732422,1.0,8649,2.422600030899048,16.99315740078333,13.961849,37.117126,41.643055,45.047432,48.404472,27.95174,1.0,32.252828722841436,32.0,35.0,35.0,35.0,35.0,0
Mbalmayo,BIO_FP_FH__L2A_20251124T050104_20251206T050132_T_G01_M01_C___T004_F004,2025-11-24,18,33,11.457664489746094,3.433586597442627,20.859163284301758,1.0,8649,12.368599891662598,3.711107317319921,2.5669997,6.7228546,13.233003,28.990698,35.466843,4.3554688,1.0,33.12764742592467,33.0,36.0,37.0,37.0,37.0,0
Mbalmayo,BIO_FP_FH__L2A_20251124T050104_20251206T050132_T_G01_M01_C___T004_F004,2025-11-24,18,34,11.458498001098633,3.433586597442627,13.986563682556152,1.0,8649,22.648799896240234,8.295709764134582,4.070607,26.43979,30.718063,34.18267,36.36986,21.038029,1.0,32.63513396094749,33.0,34.768436431884766,35.0,36.0,36.0,0
Mbalmayo,BIO_FP_FH__L2A_20251124T050104_20251206T050132_T_G01_M01_C___T004_F004,2025-11-24,18,35,11.459331512451172,3.433586597442627,6.230363368988037,1.0,8649,38.54140090942383,12.03293055916869,8.245535,29.589287,31.953949,34.477043,36.25881,25.378931,1.0,31.130631500316476,31.0,32.0,33.0,34.0,34.0,0
Mbalmayo,BIO_FP_FH__L2A_20251124T050104_20251206T050132_T_G01_M01_C___T004_F004,2025-11-24,18,36,11.460165023803711,3.433586597442627,2.6343636512756348,1.0,8649,47.07040023803711,7.251443221398428,3.5321712,19.65468,35.57367,44.884945,49.204712,13.363905,1.0,33.69812976860534,34.0,37.0,38.0,39.0,39.0,0
Mbalmayo,BIO_FP_FH__L2A_20251124T050104_20251206T050132_T_G01_M01_C___T004_F004,2025-11-24,18,37,11.46099853515625,3.433586597442627,2.3609635829925537,1.0,8649,53.52479934692383,8.43627808308764,4.9489245,21.227825,36.175777,46.958416,49.054134,13.972053,1.0,36.19966245279214,36.0,39.0,40.0,40.0,40.0,0
Mbalmayo,BIO_FP_FH__L2A_20251124T050104_20251206T050132_T_G01_M01_C___T004_F004,2025-11-24,18,38,11.461832046508789,3.433586597442627,3.351224660873413,1.0,8649,39.20220184326172,18.09348127312406,16.552721,35.42742,39.86048,44.890507,47.242676,23.849483,1.0,32.000774593267266,33.0,36.0,37.0,38.0,38.0,0
Mbalmayo,BIO_FP_FH__L2A_20251124T050104_20251206T050132_T_G01_M01_C___T004_F004,2025-11-24,18,39,11.462665557861328,3.433586597442627,4.921424865722656,1.0,8649,13.592399597167969,20.200443828405017,19.724495,29.704126,31.172,34.283066,37.838955,27.426931,1.0,25.755032539918997,25.053274154663086,28.0,29.0,29.0,30.0,0
Mbalmayo,BIO_FP_FH__L2A_20251124T050104_20251206T050132_T_G01_M01_C___T004_F004,2025-11-24,18,40,11.463499069213867,3.433586597442627,13.065424919128418,1.0,8649,3.2451999187469482,18.06753399959533,18.21042,27.8535,30.32165,32.866,36.189106,24.490807,1.0,29.794351624290243,30.0,32.0,32.0,33.0,33.0,0
Mbalmayo,BIO_FP_FH__L2A_20251124T050104_20251206T050132_T_G01_M01_C___T004_F004,2025-11-24,18,41,11.464332580566406,3.433586597442627,22.8950252532959,1.0,8649,0.0,15.568238334995375,14.799762,27.022554,30.294296,36.888836,40.664192,22.87596,1.0,31.619733295491397,31.0,35.0,35.0,35.0,35.0,0
Mbalmayo,BIO_FP_FH__L2A_20251124T050104_20251206T050132_T_G01_M01_C___T004_F004,2025-11-24,18,42,11.465166091918945,3.433586597442627,17.162025451660156,1.0,8649,9.785200119018555,12.278383881084519,11.403188,23.68527,29.033978,36.87142,39.516068,19.8811,1.0,34.77032316553895,35.0,38.0,38.0,39.0,39.0,0
Mbalmayo,BIO_FP_FH__L2A_20251124T050104_20251206T050132_T_G01_M01_C___T004_F004,2025-11-24,18,43,11.465999603271484,3.433586597442627,9.03702449798584,1.0,8649,22.424800872802734,18.388095805873512,16.077238,34.573257,39.78311,44.67617,47.949516,30.213026,1.0,37.10367049271143,37.0,39.0,40.0,40.0,40.0,0
Mbalmayo,BIO_FP_FH__L2A_20251124T050104_20251206T050132_T_G01_M01_C___T004_F004,2025-11-24,18,44,11.466833114624023,3.433586597442627,4.990024566650391,1.0,8649,21.208799362182617,18.59675093399526,14.910359,35.940197,38.086674,42.581543,45.673748,30.149199,1.0,37.71413285653155,38.0,39.0,39.0,39.0,39.0,0
Mbalmayo,BIO_FP_FH__L2A_20251124T050104_20251206T050132_T_G01_M01_C___T004_F004,2025-11-24,18,45,11.467666625976562,3.433586597442627,5.009024620056152,1.0,8649,20.557199478149414,14.896896498150076,12.640724,29.007505,33.849014,38.20914,42.860065,26.868761,1.0,36.22854210647052,36.0,37.0,38.0,39.0,39.0,0
Mbalmayo,BIO_FP_FH__L2A_20251124T050104_20251206T050132_T_G01_M01_C___T004_F004,2025-11-24,18,46,11.468500137329102,3.433586597442627,2.926236391067505,1.0,8649,43.50659942626953,20.190388249364087,18.202478,35.161808,37.16568,49.94172,52.15675,31.324259,1.0,35.990020442772554,36.0,37.0,38.0,38.0,38.0,0
Mbalmayo,BIO_FP_FH__L2A_20251124T050104_20251206T050132_T_G01_M01_C___T004_F004,2025-11-24,18,47,11.46933364868164,3.433586597442627,3.3386363983154297,1.0,8649,48.22460174560547,25.95864925677824,26.20996,33.88226,36.90645,50.313614,52.648613,32.71905,1.0,34.27660072733314,34.0,36.0,37.0,37.0,37.0,0
Mbalmayo,BIO_FP_FH__L2A_20251124T050104_20251206T050132_T_G01_M01_C___T004_F004,2025-11-24,18,48,11.47016716003418,3.433586597442627,13.711836814880371,1.0,8649,17.87980079650879,16.07297617047491,16.972942,25.044891,27.32539,31.324139,37.77736,23.386503,1.0,31.19603820634944,31.0,32.0,32.0,34.0,34.0,0
Mbalmayo,BIO_FP_FH__L2A_20251124T050104_20251206T050132_T_G01_M01_C___T004_F004,2025-11-24,19,3,11.432659149169922,3.432753086090088,9.95934772491455,1.0,8649,22.436800003051758,10.256157345683027,9.143835,20.48905,29.260588,34.59699,36.226532,16.082735,1.0,25.34819585654843,25.0,29.0,29.0,29.0,30.0,0
Mbalmayo,BIO_FP_FH__L2A_20251124T050104_20251206T050132_T_G01_M01_C___T004_F004,2025-11-24,19,4,11.433492660522461,3.432753086090088,3.1823480129241943,1.0,8649,36.99980163574219,13.631815726529078,11.447919,29.400991,34.301224,38.996796,41.278927,21.708736,1.0,30.829859980462892,30.0,33.0,33.0,34.0,34.0,0
Mbalmayo,BIO_FP_FH__L2A_20251124T050104_20251206T050132_T_G01_M01_C___T004_F004,2025-11-24,19,5,11.434326171875,3.432753086090088,17.5013484954834,1.0,8649,15.264599800109863,17.355604129632038,16.50688,31.782091,34.63723,38.019726,40.465088,29.196365,1.0,33.652938786759265,34.0,35.0,36.0,36.0,36.0,0
Mbalmayo,BIO_FP_FH__L2A_20251124T050104_20251206T050132_T_G01_M01_C___T004_F004,2025-11-24,19,6,11.435159683227539,3.432753086090088,27.451396942138672,1.0,8649,0.0,25.704252636684878,25.791317,35.52514,37.007328,40.077477,42.01434,34.438866,1.0,33.79091085534741,34.0,36.0,36.0,37.0,38.0,0
Mbalmayo,BIO_FP_FH__L2A_20251124T050104_20251206T050132_T_G01_M01_C___T004_F004,2025-11-24,19,7,11.435993194580078,3.432753086090088,28.652795791625977,1.0,8649,0.0,25.136417956555672,26.98939,33.162315,35.247913,37.783123,39.614742,32.10416,1.0,35.38459901592472,36.0,38.0,38.0,39.0,39.0,0
Mbalmayo,BIO_FP_FH__L2A_20251124T050104_20251206T050132_T_G01_M01_C___T004_F004,2025-11-24,19,8,11.436826705932617,3.432753086090088,29.447595596313477,1.0,8649,0.04919999837875366,19.1364141176003,18.376831,33.88071,35.777893,38.754967,42.458466,32.098797,1.0,38.09330045717936,39.0,40.0,41.0,41.0,41.0,0
Mbalmayo,BIO_FP_FH__L2A_20251124T050104_20251206T050132_T_G01_M01_C___T004_F004,2025-11-24,19,9,11.437660217285156,3.432753086090088,30.985595703125,1.0,8649,0.48579999804496765,30.473326712264424,32.80155,38.29644,39.47107,41.706146,43.454018,37.346638,1.0,39.34732018571215,39.0,41.0,41.0,42.0,42.0,0
Mbalmayo,BIO_FP_FH__L2A_20251124T050104_20251206T050132_T_G01_M01_C___T004_F004,2025-11-24,19,10,11.438493728637695,3.432753086090088,33.41459655761719,1.0,8649,0.9437999725341797,29.901345169961846,31.296877,38.2561,39.43415,40.984932,42.503563,37.44318,1.0,39.08279928409622,40.0,41.0,41.0,41.0,41.0,0
Mbalmayo,BIO_FP_FH__L2A_20251124T050104_20251206T050132_T_G01_M01_C___T004_F004,2025-11-24,19,11,11.439327239990234,3.432753086090088,33.69399642944336,1.0,8649,1.010200023651123,30.2041588080992,31.308794,37.44666,38.68434,40.54255,43.877594,36.265285,1.0,35.623528128677,35.0,39.0,39.0,40.0,40.0,0
Mbalmayo,BIO_FP_FH__L2A_20251124T050104_20251206T050132_T_G01_M01_C___T004_F004,2025-11-24,19,12,11.440160751342773,3.432753086090088,33.71699523925781,1.0,8649,1.010200023651123,30.802069332437277,30.733831,38.641026,40.074646,41.804977,43.68228,36.781845,1.0,34.22604537828904,34.0,36.781307220458984,37.0,37.0,37.0,0
Mbalmayo,BIO_FP_FH__L2A_20251124T050104_20251206T050132_T_G01_M01_C___T004_F004,2025-11-24,19,13,11.440994262695312,3.432753086090088,28.969797134399414,1.0,8649,1.7095999717712402,25.857394550670598,27.68243,33.649055,34.838955,37.26658,41.657185,32.51732,1.0,35.64673083073033,36.0,37.0,37.0,37.12647247314453,38.0,0
Mbalmayo,BIO_FP_FH__L2A_20251124T050104_20251206T050132_T_G01_M01_C___T004_F004,2025-11-24,19,14,11.441827774047852,3.432753086090088,19.62520980834961,1.0,8649,3.1816000938415527,33.01273765391953,34.78172,40.480606,41.455944,42.99613,43.906128,39.22301,1.0,38.47723245769584,38.88726806640625,40.0,40.0,40.0,40.0,0
Mbalmayo,BIO_FP_FH__L2A_20251124T050104_20251206T050132_T_G01_M01_C___T004_F004,2025-11-24,19,15,11.44266128540039,3.432753086090088,10.11681079864502,1.0,8649,4.763999938964844,28.919305158110763,30.947376,38.23372,39.65967,41.292675,43.300224,36.812878,1.0,38.036174289007825,38.0,39.0,39.0,40.0,40.0,0
Mbalmayo,BIO_FP_FH__L2A_20251124T050104_20251206T050132_T_G01_M01_C___T004_F004,2025-11-24,19,16,11.44349479675293,3.432753086090088,6.036410331726074,1.0,8649,5.664400100708008,25.998932092944273,26.747972,36.51642,38.021374,41.081657,44.574745,34.876076,0.9992308637932941,37.21662031859249,37.0,38.0,39.0,39.0,39.0,0
Mbalmayo,BIO_FP_FH__L2A_20251124T050104_20251206T050132_T_G01_M01_C___T004_F004,2025-11-24,19,19,11.445995330810547,3.432753086090088,14.293410301208496,0.9875659058308764,8580,1.2446000576019287,18.30389635112064,19.67392,33.204308,36.198437,39.873024,42.192257,29.598896,0.8727460005724946,35.61420089274889,36.0,37.0,38.0,38.0,38.0,0
Mbalmayo,BIO_FP_FH__L2A_20251124T050104_20251206T050132_T_G01_M01_C___T004_F004,2025-11-24,19,20,11.446828842163086,3.432753086090088,13.678610801696777,1.0,8649,17.823999404907227,20.867988035105213,20.018782,34.290062,36.65194,40.475033,43.30193,31.30142,1.0,35.346339568139115,35.0,38.0,38.0,38.0,38.0,0
Mbalmayo,BIO_FP_FH__L2A_20251124T050104_20251206T050132_T_G01_M01_C___T004_F004,2025-11-24,19,21,11.447662353515625,3.432753086090088,10.423210144042969,1.0,8649,47.533199310302734,15.723820356760898,16.384373,24.67535,26.722286,29.875877,33.079456,22.60225,1.0,33.37655568439873,33.0,34.0,35.0,35.0,35.0,0
Mbalmayo,BIO_FP_FH__L2A_20251124T050104_20251206T050132_T_G01_M01_C___T004_F004,2025-11-24,19,22,11.448495864868164,3.432753086090088,16.315168380737305,1.0,8649,32.097801208496094,12.303277474274482,11.2365,22.698069,25.4001,29.369434,33.254353,20.82245,1.0,34.82281715374542,35.0,36.0,36.0,36.0,36.0,0
Mbalmayo,BIO_FP_FH__L2A_20251124T050104_20251206T050132_T_G01_M01_C___T004_F004,2025-11-24,19,23,11.449329376220703,3.432753086090088,22.138168334960938,1.0,8649,0.0,13.586826782720546,12.459631,25.741728,30.30558,34.79449,39.43436,21.826944,1.0,35.41540919972205,35.0,37.0,37.0,38.0,38.0,0
Mbalmayo,BIO_FP_FH__L2A_20251124T050104_20251206T050132_T_G01_M01_C___T004_F004,2025-11-24,19,24,11.450162887573242,3.432753086090088,20.181968688964844,1.0,8649,0.0,19.190746401318073,19.412672,30.25505,32.04411,34.437744,39.202957,25.856758,1.0,34.54437300185548,34.0,36.0,37.0,37.0,37.0,0
Mbalmayo,BIO_FP_FH__L2A_20251124T050104_20251206T050132_T_G01_M01_C___T004_F004,2025-11-24,19,25,11.450996398925781,3.432753086090088,18.626968383789062,1.0,8649,0.0,23.364281636605387,25.852245,32.68912,33.960842,38.59928,41.465984,31.865774,1.0,36.73438000422652,37.0,38.51670455932617,39.0,39.0,40.0,0
Mbalmayo,BIO_FP_FH__L2A_20251124T050104_20251206T050132_T_G01_M01_C___T004_F004,2025-11-24,19,26,11.45182991027832,3.432753086090088,19.190168380737305,1.0,8649,0.0,25.132177943259336,27.292265,33.54599,34.852844,37.105656,40.494797,32.524418,1.0,38.49220882596163,39.0,40.0,40.0,41.0,41.0,0
Mbalmayo,BIO_FP_FH__L2A_20251124T050104_20251206T050132_T_G01_M01_C___T004_F004,2025-11-24,19,27,11.45266342163086,3.432753086090088,20.593969345092773,0.9272454445149005,8087,0.0,20.019541488767395,21.846552,31.362078,32.764004,35.412685,36.993034,30.659678,0.9856888918161516,36.2696503038722,37.0,38.0,40.0,40.0,40.0,0
Mbalmayo,BIO_FP_FH__L2A_20251124T050104_20251206T050132_T_G01_M01_C___T004_F004,2025-11-24,19,31,11.455997467041016,3.432753086090088,27.41336441040039,1.0,8649,0.0,17.559495452870273,17.227602,28.25621,30.164295,33.333847,40.039864,26.130022,1.0,28.776064578005723,28.0,31.516706466674805,32.0,33.0,33.0,0
Mbalmayo,BIO_FP_FH__L2A_20251124T050104_20251206T050132_T_G01_M01_C___T004_F004,2025-11-24,19,32,11.456830978393555,3.432753086090088,28.900163650512695,1.0,8649,0.13420000672340393,17.597481916261994,17.465063,28.189707,30.973799,34.295776,36.04522,26.06729,1.0,28.05264656992231,28.0,30.0,30.0,31.0,31.0,0
Mbalmayo,BIO_FP_FH__L2A_20251124T050104_20251206T050132_T_G01_M01_C___T004_F004,2025-11-24,19,33,11.457664489746094,3.432753086090088,32.09296417236328,1.0,8649,0.6399999856948853,14.98733347966528,13.920215,29.029995,31.64365,34.988594,38.778603,25.825476,1.0,32.0634118471687,32.0,35.0,35.0,35.0,36.0,0
Mbalmayo,BIO_FP_FH__L2A_20251124T050104_20251206T050132_T_G01_M01_C___T004_F004,2025-11-24,19,34,11.458498001098633,3.432753086090088,28.346363067626953,1.0,8649,8.432000160217285,21.77551301993005,23.581072,33.72021,36.33992,42.804665,45.055225,30.44339,1.0,35.72132793924467,36.0,36.0,37.0,37.0,37.0,0
Mbalmayo,BIO_FP_FH__L2A_20251124T050104_20251206T050132_T_G01_M01_C___T004_F004,2025-11-24,19,35,11.459331512451172,3.432753086090088,20.590164184570312,1.0,8649,24.324600219726562,20.7303653240259,21.514112,33.23433,35.214844,48.504105,53.884323,31.130796,1.0,34.901131337413155,35.0,36.0,36.0,37.0,37.0,0
Mbalmayo,BIO_FP_FH__L2A_20251124T050104_20251206T050132_T_G01_M01_C___T004_F004,2025-11-24,19,36,11.460165023803711,3.432753086090088,10.51236343383789,1.0,8649,41.01219940185547,14.914398973147184,11.894282,33.082993,36.853004,39.76945,41.139584,26.27162,1.0,35.8580702809133,36.0,38.0,38.0,39.0,39.0,0
Mbalmayo,BIO_FP_FH__L2A_20251124T050104_20251206T050132_T_G01_M01_C___T004_F004,2025-11-24,19,37,11.46099853515625,3.432753086090088,2.4979636669158936,1.0,8649,50.654598236083984,15.112223504884957,10.1947155,34.80817,37.785007,41.31522,45.25763,27.773434,1.0,38.77218592512854,39.0,40.0,41.0,41.0,41.0,0
Mbalmayo,BIO_FP_FH__L2A_20251124T050104_20251206T050132_T_G01_M01_C___T004_F004,2025-11-24,19,38,11.461832046508789,3.432753086090088,3.7930245399475098,1.0,8649,28.048799514770508,14.062815697624004,13.324655,23.080872,27.499903,35.345684,38.175827,21.118418,1.0,31.541002586709652,31.0,36.0,37.0,39.0,39.0,0
Mbalmayo,BIO_FP_FH__L2A_20251124T050104_20251206T050132_T_G01_M01_C___T004_F004,2025-11-24,19,39,11.462665557861328,3.432753086090088,7.099024772644043,1.0,8649,8.72719955444336,8.475876681914094,5.446595,19.684853,23.15399,37.025387,38.88153,14.505352,1.0,25.59523439445941,25.0,27.0,28.0,29.0,30.0,0
Mbalmayo,BIO_FP_FH__L2A_20251124T050104_20251206T050132_T_G01_M01_C___T004_F004,2025-11-24,19,40,11.463499069213867,3.432753086090088,15.55982494354248,1.0,8649,1.1038000583648682,14.845748515001734,16.284124,25.614649,27.294641,29.575363,32.253876,24.053179,1.0,29.08517567531706,30.0,32.0,32.0,33.0,33.0,0
Mbalmayo,BIO_FP_FH__L2A_20251124T050104_20251206T050132_T_G01_M01_C___T004_F004,2025-11-24,19,41,11.464332580566406,3.432753086090088,20.530824661254883,1.0,8649,0.0,23.090811392574285,23.015615,36.307396,38.48469,41.28528,45.174084,34.711357,1.0,33.79819789414103,34.0,35.0,35.00677490234375,36.0,36.0,0
Mbalmayo,BIO_FP_FH__L2A_20251124T050104_20251206T050132_T_G01_M01_C___T004_F004,2025-11-24,19,42,11.465166091918945,3.432753086090088,17.890424728393555,1.0,8649,6.094600200653076,16.16457443598971,15.854171,27.087498,31.308939,39.407,44.091602,23.324297,1.0,37.35055397325671,38.0,39.0,39.4372673034668,40.0,40.0,0
Mbalmayo,BIO_FP_FH__L2A_20251124T050104_20251206T050132_T_G01_M01_C___T004_F004,2025-11-24,19,43,11.465999603271484,3.432753086090088,12.148224830627441,1.0,8649,8.14739990234375,16.03660443945832,13.228531,33.67944,36.529705,40.085766,42.650246,27.884098,1.0,38.9425522046415,39.0,40.0,40.0,41.0,41.0,0
Mbalmayo,BIO_FP_FH__L2A_20251124T050104_20251206T050132_T_G01_M01_C___T004_F004,2025-11-24,19,44,11.466833114624023,3.432753086090088,7.086024761199951,1.0,8649,7.177599906921387,19.019954438374377,18.526712,35.928375,39.669773,44.365765,45.867813,29.661543,1.0,37.420330010117624,37.0,38.0,39.0,39.0,39.0,0
Mbalmayo,BIO_FP_FH__L2A_20251124T050104_20251206T050132_T_G01_M01_C___T004_F004,2025-11-24,19,45,11.467666625976562,3.432753086090088,5.825824737548828,1.0,8649,24.09320068359375,20.13324720524049,19.211157,35.51081,37.771873,40.013603,41.64989,31.072147,1.0,37.476630412549525,38.0,38.0,38.0,39.0,39.0,0
Mbalmayo,BIO_FP_FH__L2A_20251124T050104_20251206T050132_T_G01_M01_C___T004_F004,2025-11-24,19,46,11.468500137329102,3.432753086090088,5.756036281585693,1.0,8649,39.65760040283203,20.56582137385825,19.750942,36.685963,39.76545,42.95115,46.459927,31.182474,1.0,36.731883993864415,37.0,38.0,38.0,38.0,38.0,0
Mbalmayo,BIO_FP_FH__L2A_20251124T050104_20251206T050132_T_G01_M01_C___T004_F004,2025-11-24,19,47,11.46933364868164,3.432753086090088,7.093836307525635,1.0,8649,43.362998962402344,25.495430965646317,26.129568,39.152412,42.15518,44.48665,49.980797,36.49962,1.0,35.11829377632084,35.0,37.0,37.781307220458984,38.0,38.0,0
Mbalmayo,BIO_FP_FH__L2A_20251124T050104_20251206T050132_T_G01_M01_C___T004_F004,2025-11-24,19,48,11.47016716003418,3.432753086090088,15.49423599243164,1.0,8649,17.781400680541992,19.882638730814257,19.500212,31.310917,33.236862,36.596893,38.035378,29.573713,1.0,33.341463866351255,33.0,35.0,35.0,36.0,36.0,0
Mbalmayo,BIO_FP_FH__L2A_20251124T050104_20251206T050132_T_G01_M01_C___T004_F004,2025-11-24,20,3,11.432659149169922,3.431919574737549,11.80054759979248,1.0,8649,18.1156005859375,13.942263579062608,13.927047,25.777811,28.2386,31.287964,38.528275,22.74756,1.0,28.692516262951113,29.0,31.0,31.0,32.0,32.0,0
Mbalmayo,BIO_FP_FH__L2A_20251124T050104_20251206T050132_T_G01_M01_C___T004_F004,2025-11-24,20,4,11.433492660522461,3.431919574737549,7.736948013305664,1.0,8649,29.95599937438965,16.511847016273556,17.149353,27.072628,30.319366,35.056297,37.913834,24.703613,1.0,32.38668576030045,32.61552810668945,33.205142974853516,34.0,34.0,34.0,0
Mbalmayo,BIO_FP_FH__L2A_20251124T050104_20251206T050132_T_G01_M01_C___T004_F004,2025-11-24,20,5,11.434326171875,3.431919574737549,15.43974781036377,1.0,8649,19.17919921875,21.674365352930973,21.835047,33.149242,35.73136,39.945564,42.6889,31.31309,1.0,32.73591040682828,33.0,35.0,35.0,36.0,36.0,0
Mbalmayo,BIO_FP_FH__L2A_20251124T050104_20251206T050132_T_G01_M01_C___T004_F004,2025-11-24,20,6,11.435159683227539,3.431919574737549,28.324796676635742,1.0,8649,0.0,26.862648951468376,26.984962,35.21965,36.96786,39.05479,41.143467,33.367825,1.0,31.4795781035329,31.0,33.198829650878906,35.0,35.0,35.0,0
Mbalmayo,BIO_FP_FH__L2A_20251124T050104_20251206T050132_T_G01_M01_C___T004_F004,2025-11-24,20,7,11.435993194580078,3.431919574737549,29.38939666748047,1.0,8649,0.0,24.401825491024972,25.918236,32.22719,33.61141,36.02959,38.483757,31.533178,1.0,31.523200917538915,32.0,33.0,34.0,34.0,34.0,0
Mbalmayo,BIO_FP_FH__L2A_20251124T050104_20251206T050132_T_G01_M01_C___T004_F004,2025-11-24,20,8,11.436826705932617,3.431919574737549,28.23259735107422,1.0,8649,0.0,15.305892706165453,14.892968,29.579834,32.044563,35.718685,36.881542,28.493216,1.0,32.37269455976659,32.0,35.0,36.0,38.0,39.0,0
Mbalmayo,BIO_FP_FH__L2A_20251124T050104_20251206T050132_T_G01_M01_C___T004_F004,2025-11-24,20,9,11.437660217285156,3.431919574737549,29.464197158813477,1.0,8649,0.3610000014305115,18.935846313518905,17.95181,36.499893,39.55456,41.800655,43.317642,34.620674,1.0,36.594135496351456,37.0,39.0,40.0,40.0,40.0,0
Mbalmayo,BIO_FP_FH__L2A_20251124T050104_20251206T050132_T_G01_M01_C___T004_F004,2025-11-24,20,10,11.438493728637695,3.431919574737549,33.199398040771484,1.0,8649,0.850600004196167,31.50888695586195,32.2265,38.4279,39.619324,41.67196,43.99979,37.41329,1.0,40.49302783868591,40.0,43.0,43.0,44.0,44.0,0
Mbalmayo,BIO_FP_FH__L2A_20251124T050104_20251206T050132_T_G01_M01_C___T004_F004,2025-11-24,20,11,11.439327239990234,3.431919574737549,34.23979568481445,1.0,8649,1.010200023651123,31.188596586310556,33.75063,39.651142,40.448616,42.31345,43.898113,38.45249,1.0,39.97026081374097,40.0,42.0,42.0,43.0,43.0,0
Mbalmayo,BIO_FP_FH__L2A_20251124T050104_20251206T050132_T_G01_M01_C___T004_F004,2025-11-24,20,12,11.440160751342773,3.431919574737549,33.948795318603516,1.0,8649,1.010200023651123,30.443945154425368,31.217443,38.578636,39.957573,41.320442,43.63616,37.350132,1.0,38.03318790987553,38.0,40.0,40.0,41.0,41.0,0
Mbalmayo,BIO_FP_FH__L2A_20251124T050104_20251206T050132_T_G01_M01_C___T004_F004,2025-11-24,20,13,11.440994262695312,3.431919574737549,33.013397216796875,1.0,8649,1.010200023651123,29.330670453231587,30.405273,39.601048,41.217827,43.82367,46.05618,37.876106,1.0,38.44365446205593,39.0,40.0,41.0,41.0,41.0,0
Mbalmayo,BIO_FP_FH__L2A_20251124T050104_20251206T050132_T_G01_M01_C___T004_F004,2025-11-24,20,14,11.441827774047852,3.431919574737549,25.97541046142578,1.0,8649,2.0309998989105225,32.988114594172735,34.07315,40.581673,41.705673,44.602104,46.455128,39.637585,1.0,38.0138436766329,38.0,40.0,40.0,40.0,40.0,0
Mbalmayo,BIO_FP_FH__L2A_20251124T050104_20251206T050132_T_G01_M01_C___T004_F004,2025-11-24,20,15,11.44266128540039,3.431919574737549,18.694610595703125,1.0,8649,3.0999999046325684,31.775500148138512,33.267082,40.06058,41.06864,42.617065,45.249897,38.98632,1.0,36.5910299700083,37.0,37.0,37.0,38.0,39.0,0
Mbalmayo,BIO_FP_FH__L2A_20251124T050104_20251206T050132_T_G01_M01_C___T004_F004,2025-11-24,20,19,11.445995330810547,3.431919574737549,17.89181137084961,1.0,8649,7.931000232696533,15.69038237802058,15.162036,24.818733,27.424513,32.46962,36.910435,22.65513,1.0,36.06237384815108,36.0,37.0,37.0,38.0,38.0,0
Mbalmayo,BIO_FP_FH__L2A_20251124T050104_20251206T050132_T_G01_M01_C___T004_F004,2025-11-24,20,20,11.446828842163086,3.431919574737549,9.261210441589355,1.0,8649,55.3843994140625,18.14002228400682,18.20596,29.550846,31.573423,33.640823,35.168144,27.488644,1.0,35.89234176064133,36.0,37.0,38.0,38.0,38.0,0
Mbalmayo,BIO_FP_FH__L2A_20251124T050104_20251206T050132_T_G01_M01_C___T004_F004,2025-11-24,20,21,11.447662353515625,3.431919574737549,2.9982104301452637,1.0,8649,92.44139862060547,15.923793574401666,15.821387,23.631674,25.82004,29.989855,32.834694,21.739645,1.0,33.64331872185637,34.0,34.0,35.0,36.0,36.0,0
Mbalmayo,BIO_FP_FH__L2A_20251124T050104_20251206T050132_T_G01_M01_C___T004_F004,2025-11-24,20,22,11.448495864868164,3.431919574737549,11.825368881225586,1.0,8649,49.710201263427734,12.809977354679733,12.75359,21.123405,23.816856,30.496012,34.593224,18.877474,1.0,34.397261251395996,34.0,35.0,35.0,36.0,36.0,0
Mbalmayo,BIO_FP_FH__L2A_20251124T050104_20251206T050132_T_G01_M01_C___T004_F004,2025-11-24,20,23,11.449329376220703,3.431919574737549,19.983768463134766,1.0,8649,10.05840015411377,17.390739039556596,15.49438,31.062885,33.58459,36.75829,40.26153,27.519506,1.0,35.83579383335826,36.0,37.35789108276367,38.0,38.0,38.0,0
Mbalmayo,BIO_FP_FH__L2A_20251124T050104_20251206T050132_T_G01_M01_C___T004_F004,2025-11-24,20,24,11.450162887573242,3.431919574737549,20.82516860961914,1.0,8649,0.0,27.025650770681583,29.617613,35.13867,36.50213,38.417427,39.968163,34.40574,1.0,37.24611939346326,37.0,38.0,38.0,39.0,39.0,0
Mbalmayo,BIO_FP_FH__L2A_20251124T050104_20251206T050132_T_G01_M01_C___T004_F004,2025-11-24,20,25,11.450996398925781,3.431919574737549,19.345169067382812,1.0,8649,0.0,32.24245261374147,33.183014,36.386795,37.113117,38.382244,40.15218,35.78001,1.0,37.198997159268295,37.30437088012695,38.0,38.0,38.0,39.0,0
Mbalmayo,BIO_FP_FH__L2A_20251124T050104_20251206T050132_T_G01_M01_C___T004_F004,2025-11-24,20,26,11.45182991027832,3.431919574737549,19.936967849731445,1.0,8649,0.0,32.34189420380969,33.900116,39.65321,40.449673,42.27471,44.040276,38.750225,1.0,37.7813414146837,38.0,39.311519622802734,40.0,40.0,40.0,0
Mbalmayo,BIO_FP_FH__L2A_20251124T050104_20251206T050132_T_G01_M01_C___T004_F004,2025-11-24,20,27,11.45266342163086,3.431919574737549,21.086769104003906,1.0,8649,0.0,29.438049648080703,31.463593,37.605095,38.754566,40.683636,42.7969,36.315357,1.0,38.36591902384525,39.0,39.0,39.0,39.0,39.0,0
Mbalmayo,BIO_FP_FH__L2A_20251124T050104_20251206T050132_T_G01_M01_C___T004_F004,2025-11-24,20,28,11.453496932983398,3.431919574737549,22.583168029785156,1.0,8649,0.0,21.829427083333332,21.983137,32.40903,35.08147,41.66785,43.356907,29.578928,1.0,36.37936737408099,36.24528884887695,38.0,38.0,39.0,39.0,0
Mbalmayo,BIO_FP_FH__L2A_20251124T050104_20251206T050132_T_G01_M01_C___T004_F004,2025-11-24,20,31,11.455997467041016,3.431919574737549,26.716163635253906,0.9102899642028702,7935,0.0,15.128315498079289,15.690588,26.975163,29.01853,31.892439,35.49083,24.954683,0.8270071317645384,26.07228265614924,26.0,27.0,28.0,28.0,28.0,0
Mbalmayo,BIO_FP_FH__L2A_20251124T050104_20251206T050132_T_G01_M01_C___T004_F004,2025-11-24,20,32,11.456830978393555,3.431919574737549,27.35956382751465,1.0,8649,0.004800000227987766,18.72024177289282,20.849424,30.860811,35.879677,41.90215,43.70904,28.67513,1.0,27.761624937292357,27.0,31.0,32.0,33.0,34.0,0
Mbalmayo,BIO_FP_FH__L2A_20251124T050104_20251206T050132_T_G01_M01_C___T004_F004,2025-11-24,20,33,11.457664489746094,3.431919574737549,30.207162857055664,1.0,8649,0.4975999891757965,19.370829991183953,20.31155,29.712679,31.44775,35.90637,41.282677,28.093119,1.0,33.08104109656592,34.0,35.0,35.0,35.205142974853516,36.0,0
Mbalmayo,BIO_FP_FH__L2A_20251124T050104_20251206T050132_T_G01_M01_C___T004_F004,2025-11-24,20,34,11.458498001098633,3.431919574737549,29.966962814331055,1.0,8649,0.6606000065803528,18.655630573259913,17.228836,32.43136,35.557507,39.77436,43.07593,28.04012,1.0,34.69498611910658,35.0,36.0,36.0,37.0,37.0,0
Mbalmayo,BIO_FP_FH__L2A_20251124T050104_20251206T050132_T_G01_M01_C___T004_F004,2025-11-24,20,35,11.459331512451172,3.431919574737549,19.97036361694336,1.0,8649,15.237600326538086,15.110162889134582,12.959338,29.031332,31.832716,37.056133,40.07238,24.042818,1.0,33.12389927702097,33.0,35.0,36.0,36.0,37.0,0
Mbalmayo,BIO_FP_FH__L2A_20251124T050104_20251206T050132_T_G01_M01_C___T004_F004,2025-11-24,20,36,11.460165023803711,3.431919574737549,10.330763816833496,1.0,8649,29.705799102783203,16.70146295814545,15.203565,33.19693,37.026978,42.58115,45.781567,26.40532,1.0,33.4531465116464,33.801170349121094,35.688899993896484,36.0,37.0,37.0,0
Mbalmayo,BIO_FP_FH__L2A_20251124T050104_20251206T050132_T_G01_M01_C___T004_F004,2025-11-24,20,37,11.46099853515625,3.431919574737549,4.020763397216797,1.0,8649,38.69260025024414,13.53237503974448,10.113667,27.966053,32.140057,41.22445,44.23764,24.082731,1.0,35.416424301293894,35.0,38.0,38.58971405029297,40.0,40.0,0
Mbalmayo,BIO_FP_FH__L2A_20251124T050104_20251206T050132_T_G01_M01_C___T004_F004,2025-11-24,20,38,11.461832046508789,3.431919574737549,4.4858245849609375,1.0,8649,24.134199142456055,13.348984754379119,10.34573,30.255283,33.538387,38.729202,42.19851,23.639786,1.0,33.940942888439615,34.0,36.0,36.0,36.0,37.0,0
Mbalmayo,BIO_FP_FH__L2A_20251124T050104_20251206T050132_T_G01_M01_C___T004_F004,2025-11-24,20,39,11.462665557861328,3.431919574737549,10.474824905395508,1.0,8649,9.1943998336792,14.255291209605156,12.937063,25.931643,33.858288,40.79983,42.909588,22.354939,1.0,31.39297040854869,32.0,35.0,36.0,36.0,36.0,0
Mbalmayo,BIO_FP_FH__L2A_20251124T050104_20251206T050132_T_G01_M01_C___T004_F004,2025-11-24,20,40,11.463499069213867,3.431919574737549,15.700024604797363,1.0,8649,0.0,15.731708958405596,15.803499,26.425608,31.463911,34.537224,37.303307,24.989887,1.0,30.507998365600034,31.0,34.0,34.0,35.0,36.0,0
Mbalmayo,BIO_FP_FH__L2A_20251124T050104_20251206T050132_T_G01_M01_C___T004_F004,2025-11-24,20,41,11.464332580566406,3.431919574737549,18.796024322509766,1.0,8649,0.0,21.387936602136087,20.902374,35.893078,38.933254,42.54318,44.912464,33.989403,1.0,35.219045031041766,35.0,37.0,37.0,38.0,38.0,0
Mbalmayo,BIO_FP_FH__L2A_20251124T050104_20251206T050132_T_G01_M01_C___T004_F004,2025-11-24,20,42,11.465166091918945,3.431919574737549,17.7966251373291,1.0,8649,1.0324000120162964,17.028042665698347,14.411862,32.733185,35.019413,37.899857,44.762047,28.042276,1.0,35.89252464866925,36.0,38.0,38.0,38.0,38.0,0
Mbalmayo,BIO_FP_FH__L2A_20251124T050104_20251206T050132_T_G01_M01_C___T004_F004,2025-11-24,20,43,11.465999603271484,3.431919574737549,11.396024703979492,1.0,8649,3.3835999965667725,18.816156266259107,15.262948,35.216835,39.1333,42.843304,43.923687,30.970387,1.0,37.184514376838464,37.0,38.0,39.0,39.0,39.0,0
Mbalmayo,BIO_FP_FH__L2A_20251124T050104_20251206T050132_T_G01_M01_C___T004_F004,2025-11-24,20,44,11.466833114624023,3.431919574737549,7.607024669647217,1.0,8649,4.830399990081787,22.046666115663662,22.224792,34.991074,37.357166,42.873066,45.60817,32.893806,1.0,36.97058957854452,37.0,38.0,38.0,38.628963470458984,39.0,0
Mbalmayo,BIO_FP_FH__L2A_20251124T050104_20251206T050132_T_G01_M01_C___T004_F004,2025-11-24,20,45,11.467666625976562,3.431919574737549,12.469624519348145,1.0,8649,3.1760001182556152,18.822347597988205,18.233429,32.7727,34.897903,40.70714,46.56171,28.68713,1.0,37.322198096169586,37.11903381347656,38.0,38.0,39.0,39.0,0
Mbalmayo,BIO_FP_FH__L2A_20251124T050104_20251206T050132_T_G01_M01_C___T004_F004,2025-11-24,20,46,11.468500137329102,3.431919574737549,15.387636184692383,1.0,8649,10.8548002243042,17.102438233466298,15.240204,31.515867,36.183174,41.22887,45.087135,26.761106,1.0,36.170672585721896,36.0,37.0,37.0,37.0,37.0,0
Mbalmayo,BIO_FP_FH__L2A_20251124T050104_20251206T050132_T_G01_M01_C___T004_F004,2025-11-24,20,47,11.46933364868164,3.431919574737549,16.658435821533203,1.0,8649,15.12440013885498,16.694847760579258,15.547673,29.00586,32.64955,40.568237,46.056763,24.772085,1.0,36.086311062466464,36.0,37.0,37.0,37.0,37.0,0
Mbalmayo,BIO_FP_FH__L2A_20251124T050104_20251206T050132_T_G01_M01_C___T004_F004,2025-11-24,20,48,11.47016716003418,3.431919574737549,19.157236099243164,0.9986606703312882,8644,9.04640007019043,19.90861767960194,19.285423,30.829988,32.821457,40.51853,44.03372,29.436077,1.0,35.89463230661883,36.0,37.0,37.0,38.0,38.0,0
Mbalmayo,BIO_FP_FH__L2A_20251124T050104_20251206T050132_T_G01_M01_C___T004_F004,2025-11-24,21,3,11.432659149169922,3.4310860633850098,23.73394775390625,1.0,8649,1.2869999408721924,17.56481285770031,18.293736,29.44231,32.79227,35.35379,37.044884,26.452341,1.0,32.08476117178531,32.0,34.0,34.0,34.0,34.0,0
Mbalmayo,BIO_FP_FH__L2A_20251124T050104_20251206T050132_T_G01_M01_C___T004_F004,2025-11-24,21,4,11.433492660522461,3.4310860633850098,19.757747650146484,1.0,8649,12.932999610900879,22.546885161940686,22.999506,31.76563,33.807735,36.201332,38.231834,29.997505,1.0,31.839719868268645,32.0,33.06040802001953,34.0,34.0,34.0,0
Mbalmayo,BIO_FP_FH__L2A_20251124T050104_20251206T050132_T_G01_M01_C___T004_F004,2025-11-24,21,5,11.434326171875,3.4310860633850098,22.832748413085938,1.0,8649,8.94219970703125,21.74531523243294,23.306437,30.478323,31.83903,33.49648,34.889996,29.700285,1.0,29.299954226146834,29.0,30.0,31.0,32.0,32.0,0
Mbalmayo,BIO_FP_FH__L2A_20251124T050104_20251206T050132_T_G01_M01_C___T004_F004,2025-11-24,21,6,11.435159683227539,3.4310860633850098,28.732995986938477,1.0,8649,0.5361999869346619,26.55918991718696,27.345514,34.630413,36.359673,39.496254,44.969517,33.604317,1.0,29.13939745234043,29.0,31.0,31.0,32.0,32.0,0
Mbalmayo,BIO_FP_FH__L2A_20251124T050104_20251206T050132_T_G01_M01_C___T004_F004,2025-11-24,21,7,11.435993194580078,3.4310860633850098,28.478595733642578,1.0,8649,0.0,23.612394225488497,25.062567,31.401396,32.71231,34.88408,37.731136,29.931164,1.0,28.21491595557252,28.0,29.0,29.628978729248047,30.0,30.0,0
Mbalmayo,BIO_FP_FH__L2A_20251124T050104_20251206T050132_T_G01_M01_C___T004_F004,2025-11-24,21,8,11.436826705932617,3.4310860633850098,27.86139678955078,1.0,8649,0.08420000225305557,25.229344839360042,25.15721,36.28959,37.785995,42.278717,45.78435,34.821857,1.0,30.300406805641156,30.0,31.0,31.628978729248047,32.0,33.0,0
Mbalmayo,BIO_FP_FH__L2A_20251124T050104_20251206T050132_T_G01_M01_C___T004_F004,2025-11-24,21,9,11.437660217285156,3.4310860633850098,24.288597106933594,1.0,8649,6.466599941253662,25.597563437608393,25.820477,39.18572,41.124504,44.66209,46.37865,37.61868,1.0,34.67260431529387,34.330963134765625,39.0,39.0,40.0,40.0,0
Mbalmayo,BIO_FP_FH__L2A_20251124T050104_20251206T050132_T_G01_M01_C___T004_F004,2025-11-24,21,10,11.438493728637695,3.4310860633850098,25.202796936035156,1.0,8649,10.481200218200684,22.034537049080818,23.158958,34.932964,38.50658,43.35106,47.689228,31.384743,1.0,41.4156660489477,41.0,43.0,44.0,44.0,44.0,0
Mbalmayo,BIO_FP_FH__L2A_20251124T050104_20251206T050132_T_G01_M01_C___T004_F004,2025-11-24,21,11,11.439327239990234,3.4310860633850098,34.0829963684082,1.0,8649,1.010200023651123,29.448805497745404,32.106964,38.182774,39.52817,41.25329,43.019802,36.81155,1.0,41.950701928025715,42.0,44.0,44.0,44.0,44.0,0
Mbalmayo,BIO_FP_FH__L2A_20251124T050104_20251206T050132_T_G01_M01_C___T004_F004,2025-11-24,21,12,11.440160751342773,3.4310860633850098,33.30619812011719,1.0,8649,1.010200023651123,34.09279387429183,34.80579,41.557552,43.503494,46.241257,48.403843,40.583584,1.0,40.53793948338147,40.0,42.0,42.0,42.0,42.0,0
Mbalmayo,BIO_FP_FH__L2A_20251124T050104_20251206T050132_T_G01_M01_C___T004_F004,2025-11-24,21,13,11.440994262695312,3.4310860633850098,32.66019821166992,1.0,8649,1.010200023651123,32.379941413024625,34.226,41.407253,42.36717,43.516182,46.07735,39.89209,1.0,41.52902689508268,42.0,42.08544158935547,43.0,43.0,43.0,0
Mbalmayo,BIO_FP_FH__L2A_20251124T050104_20251206T050132_T_G01_M01_C___T004_F004,2025-11-24,21,14,11.441827774047852,3.4310860633850098,30.7644100189209,1.0,8649,1.010200023651123,31.13185005130651,32.552277,41.803825,43.866253,45.76937,47.278492,40.27542,1.0,39.30612460085803,39.0,43.0,43.0,43.13890838623047,44.0,0
Mbalmayo,BIO_FP_FH__L2A_20251124T050104_20251206T050132_T_G01_M01_C___T004_F004,2025-11-24,21,15,11.44266128540039,3.4310860633850098,28.868610382080078,1.0,8649,1.010200023651123,29.80564814212626,31.31659,37.88514,39.949123,43.40698,45.364697,37.007565,1.0,36.81085020760633,37.0,38.0,39.0,39.0,39.0,0
Mbalmayo,BIO_FP_FH__L2A_20251124T050104_20251206T050132_T_G01_M01_C___T004_F004,2025-11-24,21,18,11.445161819458008,3.4310860633850098,21.254810333251953,1.0,8649,0.026399999856948853,13.340295165987397,13.846014,24.632633,27.914951,33.267334,34.955082,21.240595,1.0,32.144202648607866,32.0,33.0,34.0,35.0,35.0,0
Mbalmayo,BIO_FP_FH__L2A_20251124T050104_20251206T050132_T_G01_M01_C___T004_F004,2025-11-24,21,19,11.445995330810547,3.4310860633850098,20.37721061706543,1.0,8649,1.1790000200271606,14.567588196612325,14.5923395,26.296408,28.606236,32.427288,36.2959,23.623207,1.0,33.08282044664644,33.0,35.0,35.0,35.0,36.0,0
Mbalmayo,BIO_FP_FH__L2A_20251124T050104_20251206T050132_T_G01_M01_C___T004_F004,2025-11-24,21,20,11.446828842163086,3.4310860633850098,14.673210144042969,1.0,8649,29.845600128173828,12.106670568851891,12.7705,19.025305,21.03765,24.658321,33.718758,16.956907,1.0,33.4210347027734,33.0,35.0,35.0,35.0,35.0,0
Mbalmayo,BIO_FP_FH__L2A_20251124T050104_20251206T050132_T_G01_M01_C___T004_F004,2025-11-24,21,21,11.447662353515625,3.4310860633850098,9.00121021270752,1.0,8649,58.5369987487793,14.16701781817262,13.450937,23.510124,27.899576,33.387127,35.087864,19.773352,1.0,33.52909580794824,34.0,34.0,34.0,35.0,35.0,0
Mbalmayo,BIO_FP_FH__L2A_20251124T050104_20251206T050132_T_G01_M01_C___T004_F004,2025-11-24,21,22,11.448495864868164,3.4310860633850098,3.555368423461914,1.0,8649,87.40360260009766,21.929959614189503,22.189325,30.635574,32.44221,34.874615,38.66365,28.975086,1.0,34.737877027935234,35.0,35.0,36.0,37.0,37.0,0
Mbalmayo,BIO_FP_FH__L2A_20251124T050104_20251206T050132_T_G01_M01_C___T004_F004,2025-11-24,21,23,11.449329376220703,3.4310860633850098,5.755168437957764,1.0,8649,77.96299743652344,26.203628354795352,27.24563,32.993385,34.032944,35.632725,38.435913,32.182236,1.0,34.226922447053745,34.8210334777832,35.0,35.1789665222168,36.0,36.0,0
Mbalmayo,BIO_FP_FH__L2A_20251124T050104_20251206T050132_T_G01_M01_C___T004_F004,2025-11-24,21,24,11.450162887573242,3.4310860633850098,14.079768180847168,1.0,8649,35.998199462890625,29.33213083701873,31.379444,36.459282,37.540836,39.50151,41.877213,35.8453,1.0,36.61554237486572,37.0,38.0,38.26506423950195,39.0,39.0,0
Mbalmayo,BIO_FP_FH__L2A_20251124T050104_20251206T050132_T_G01_M01_C___T004_F004,2025-11-24,21,25,11.450996398925781,3.4310860633850098,20.90776824951172,1.0,8649,0.0,29.772089575023124,30.875095,39.510445,40.79558,42.97185,44.358913,36.335697,1.0,37.57286841729594,38.0,39.0,39.0,39.0,39.0,0
Mbalmayo,BIO_FP_FH__L2A_20251124T050104_20251206T050132_T_G01_M01_C___T004_F004,2025-11-24,21,26,11.45182991027832,3.4310860633850098,21.403968811035156,1.0,8649,0.0,29.46081736327899,29.958258,40.484116,43.41816,45.12728,46.447296,38.086388,1.0,36.373822827382725,36.0,37.41112518310547,38.0,39.0,39.0,0
Mbalmayo,BIO_FP_FH__L2A_20251124T050104_20251206T050132_T_G01_M01_C___T004_F004,2025-11-24,21,27,11.45266342163086,3.4310860633850098,19.905168533325195,1.0,8649,10.199000358581543,24.527830394048443,25.241978,37.418457,39.16265,42.14856,43.505787,35.600708,1.0,37.22102282212392,37.0,39.0,40.0,40.0,40.0,0
Mbalmayo,BIO_FP_FH__L2A_20251124T050104_20251206T050132_T_G01_M01_C___T004_F004,2025-11-24,21,28,11.453496932983398,3.4310860633850098,22.73196792602539,1.0,8649,0.0,25.553891707133772,26.368109,35.849182,37.978077,40.112225,42.937866,32.73857,1.0,34.84188647694168,35.0,36.0,36.0,37.0,39.0,0
Mbalmayo,BIO_FP_FH__L2A_20251124T050104_20251206T050132_T_G01_M01_C___T004_F004,2025-11-24,21,29,11.454330444335938,3.4310860633850098,24.16476821899414,1.0,8649,0.0,20.978744381575904,22.338303,29.484373,30.510628,32.70727,34.734585,28.314644,1.0,36.14865658729528,36.0,37.0,38.0,38.0,38.0,0
Mbalmayo,BIO_FP_FH__L2A_20251124T050104_20251206T050132_T_G01_M01_C___T004_F004,2025-11-24,21,32,11.456830978393555,3.4310860633850098,25.278364181518555,0.9987662274901723,8645,0.0,7.1303064365316775,3.4424214,20.54979,26.525867,30.01777,37.341194,16.821102,0.9682276958481454,27.94285231982979,27.0,33.0,33.0,33.0,34.0,0
Mbalmayo,BIO_FP_FH__L2A_20251124T050104_20251206T050132_T_G01_M01_C___T004_F004,2025-11-24,21,33,11.457664489746094,3.4310860633850098,26.961563110351562,1.0,8649,0.26499998569488525,14.76030149800555,13.642956,27.422367,32.103027,36.668003,38.73438,24.640062,1.0,32.71514703872121,33.0,34.0,34.0,35.0,35.0,0
Mbalmayo,BIO_FP_FH__L2A_20251124T050104_20251206T050132_T_G01_M01_C___T004_F004,2025-11-24,21,34,11.458498001098633,3.4310860633850098,24.1767635345459,1.0,8649,0.15639999508857727,15.17996548553301,13.412195,27.38844,29.937351,34.49,40.86802,24.058403,1.0,32.72667608989954,33.0,34.0,34.0,35.0,35.0,0
Mbalmayo,BIO_FP_FH__L2A_20251124T050104_20251206T050132_T_G01_M01_C___T004_F004,2025-11-24,21,35,11.459331512451172,3.4310860633850098,19.021163940429688,1.0,8649,5.194799900054932,15.327508960573477,13.2008095,28.223984,32.900116,40.606342,42.77592,24.074757,1.0,30.668822834651337,30.0,32.0,33.0,33.0,33.0,0
Mbalmayo,BIO_FP_FH__L2A_20251124T050104_20251206T050132_T_G01_M01_C___T004_F004,2025-11-24,21,36,11.460165023803711,3.4310860633850098,12.180363655090332,1.0,8649,15.54640007019043,13.788035466527923,11.05989,27.756636,32.568092,38.27117,42.483616,23.24098,1.0,31.32615780618125,31.0,34.0,35.0,36.0,37.0,0
Mbalmayo,BIO_FP_FH__L2A_20251124T050104_20251206T050132_T_G01_M01_C___T004_F004,2025-11-24,21,37,11.46099853515625,3.4310860633850098,4.919163703918457,1.0,8649,26.9783992767334,15.429988293444328,10.735497,33.38485,38.068188,41.996048,44.73123,27.665392,1.0,36.06231989239196,36.0,39.0,39.0,40.0,40.0,0
Mbalmayo,BIO_FP_FH__L2A_20251124T050104_20251206T050132_T_G01_M01_C___T004_F004,2025-11-24,21,38,11.461832046508789,3.4310860633850098,6.325824737548828,1.0,8649,18.80820083618164,22.648175547751187,21.70589,40.451183,44.5525,47.229355,48.516678,35.715076,1.0,37.51850108546816,38.0,39.0,40.0,40.0,40.0,0
Mbalmayo,BIO_FP_FH__L2A_20251124T050104_20251206T050132_T_G01_M01_C___T004_F004,2025-11-24,21,39,11.462665557861328,3.4310860633850098,11.711224555969238,1.0,8649,1.8453999757766724,16.376462190354378,14.957854,29.90735,32.77261,41.655685,44.158707,25.326546,1.0,36.06854880477724,36.0,37.0,38.0,38.0,38.0,0
Mbalmayo,BIO_FP_FH__L2A_20251124T050104_20251206T050132_T_G01_M01_C___T004_F004,2025-11-24,21,40,11.463499069213867,3.4310860633850098,16.479225158691406,1.0,8649,0.0,15.232611338738582,15.485626,26.890985,29.535925,34.41743,39.044865,22.573797,1.0,34.468338513294384,34.09952926635742,35.0,36.0,37.0,38.0,0
Mbalmayo,BIO_FP_FH__L2A_20251124T050104_20251206T050132_T_G01_M01_C___T004_F004,2025-11-24,21,41,11.464332580566406,3.4310860633850098,17.90082550048828,1.0,8649,0.4341999888420105,20.55745832249393,19.444515,32.10357,34.1867,39.273674,42.67545,28.781876,1.0,35.92624729759418,36.0,37.0,37.0,37.0,38.0,0
Mbalmayo,BIO_FP_FH__L2A_20251124T050104_20251206T050132_T_G01_M01_C___T004_F004,2025-11-24,21,42,11.465166091918945,3.4310860633850098,14.397624969482422,1.0,8649,2.100600004196167,15.40096782323101,12.860462,29.61827,34.275078,44.994198,47.329517,23.116682,1.0,35.94517930051001,36.0,37.0,37.0,37.0,38.0,0
Mbalmayo,BIO_FP_FH__L2A_20251124T050104_20251206T050132_T_G01_M01_C___T004_F004,2025-11-24,21,43,11.465999603271484,3.4310860633850098,9.744024276733398,1.0,8649,3.8828001022338867,13.729779544600532,12.678356,21.638803,27.850815,35.9227,39.784283,18.1975,1.0,35.042673053404044,35.0,36.0,36.0,37.0,37.0,0
Mbalmayo,BIO_FP_FH__L2A_20251124T050104_20251206T050132_T_G01_M01_C___T004_F004,2025-11-24,21,44,11.466833114624023,3.4310860633850098,7.845824718475342,1.0,8649,4.674600124359131,18.580655097410105,17.696688,31.155296,33.760082,37.80728,41.60885,27.18888,1.0,36.89301658848253,37.0,38.0,38.0,38.0,38.0,0
Mbalmayo,BIO_FP_FH__L2A_20251124T050104_20251206T050132_T_G01_M01_C___T004_F004,2025-11-24,21,45,11.467666625976562,3.4310860633850098,11.192424774169922,1.0,8649,3.5483999252319336,19.982179117528037,20.566597,33.278484,35.495213,37.99816,40.65591,30.117136,1.0,37.19544261694644,37.0,38.0,38.0,38.0,38.0,0
Mbalmayo,BIO_FP_FH__L2A_20251124T050104_20251206T050132_T_G01_M01_C___T004_F004,2025-11-24,21,46,11.468500137329102,3.4310860633850098,19.02763557434082,1.0,8649,0.6890000104904175,19.536172895710486,18.878094,34.352818,35.93133,38.28956,41.482502,27.884937,1.0,36.527534422233266,36.0,37.0,38.0,38.0,38.0,0
Mbalmayo,BIO_FP_FH__L2A_20251124T050104_20251206T050132_T_G01_M01_C___T004_F004,2025-11-24,21,47,11.46933364868164,3.4310860633850098,17.40583610534668,1.0,8649,7.648600101470947,21.637934569747948,21.520302,34.76308,36.774338,41.02497,42.81293,32.790638,1.0,36.54414066654752,37.0,37.0,38.0,38.0,38.0,0
Mbalmayo,BIO_FP_FH__L2A_20251124T050104_20251206T050132_T_G01_M01_C___T004_F004,2025-11-24,21,48,11.47016716003418,3.4310860633850098,15.818236351013184,0.9981277329974925,8641,11.193400382995605,16.413308193233668,15.418461,27.0823,33.663425,40.877953,43.88831,24.692295,1.0,35.01566673893641,35.0,37.0,37.0,37.0,37.0,0
Mbalmayo,BIO_FP_FH__L2A_20251124T050104_20251206T050132_T_G01_M01_C___T004_F004,2025-11-24,22,3,11.432659149169922,3.4302525520324707,24.78894805908203,1.0,8649,0.044199999421834946,23.937136654165222,25.094395,35.39576,37.398666,39.852203,41.92998,33.531364,1.0,35.55206040677783,36.0,38.0,38.0,38.0,38.0,0
Mbalmayo,BIO_FP_FH__L2A_20251124T050104_20251206T050132_T_G01_M01_C___T004_F004,2025-11-24,22,4,11.433492660522461,3.4302525520324707,29.225147247314453,1.0,8649,0.1542000025510788,26.6917271415048,26.842926,34.94246,36.589844,40.00898,41.66276,33.852715,1.0,32.70768784853692,33.0,34.0,35.0,35.0,35.0,0
Mbalmayo,BIO_FP_FH__L2A_20251124T050104_20251206T050132_T_G01_M01_C___T004_F004,2025-11-24,22,5,11.434326171875,3.4302525520324707,30.106748580932617,1.0,8649,0.266400009393692,21.788153345039888,22.728388,30.699692,32.370167,35.382465,37.47677,29.396524,1.0,29.554322672656593,30.0,31.0,31.0,31.0,32.0,0
Mbalmayo,BIO_FP_FH__L2A_20251124T050104_20251206T050132_T_G01_M01_C___T004_F004,2025-11-24,22,6,11.435159683227539,3.4302525520324707,30.922996520996094,1.0,8649,0.37720000743865967,24.195538546725054,25.58807,33.503414,35.164318,37.418434,39.843166,32.51378,1.0,29.312890396268124,30.0,31.0,31.0,31.0,31.0,0
Mbalmayo,BIO_FP_FH__L2A_20251124T050104_20251206T050132_T_G01_M01_C___T004_F004,2025-11-24,22,7,11.435993194580078,3.4302525520324707,30.699596405029297,1.0,8649,0.4880000054836273,26.223997400349752,28.04678,34.84836,36.131878,40.333984,43.94282,33.727665,1.0,29.97868293535504,30.0,31.0,32.0,32.0,32.0,0
Mbalmayo,BIO_FP_FH__L2A_20251124T050104_20251206T050132_T_G01_M01_C___T004_F004,2025-11-24,22,8,11.436826705932617,3.4302525520324707,22.55599594116211,1.0,8649,9.447999954223633,28.158208996343507,28.592226,40.46841,42.044476,43.945244,45.75823,38.69236,1.0,32.30427433904409,32.0,35.0,35.0,36.0,36.0,0
Mbalmayo,BIO_FP_FH__L2A_20251124T050104_20251206T050132_T_G01_M01_C___T004_F004,2025-11-24,22,9,11.437660217285156,3.4302525520324707,10.9761962890625,1.0,8649,22.739599227905273,33.437555100300614,35.270733,40.817642,41.94379,43.69757,46.846485,39.574654,1.0,35.518638468599136,36.0,38.0,38.0,40.0,40.0,0
Mbalmayo,BIO_FP_FH__L2A_20251124T050104_20251206T050132_T_G01_M01_C___T004_F004,2025-11-24,22,10,11.438493728637695,3.4302525520324707,20.92979621887207,1.0,8649,14.96619987487793,31.142819527546536,33.90043,39.917496,41.143497,43.413094,45.46395,38.401608,1.0,40.92180371866128,41.0,43.0,43.0,43.0,44.0,0
Mbalmayo,BIO_FP_FH__L2A_20251124T050104_20251206T050132_T_G01_M01_C___T004_F004,2025-11-24,22,11,11.439327239990234,3.4302525520324707,34.18799591064453,1.0,8649,1.010200023651123,33.10041126503064,34.346363,39.30226,40.284737,41.98853,43.931694,38.418304,1.0,41.51263154544008,41.0,43.0,43.0,44.0,44.0,0
Mbalmayo,BIO_FP_FH__L2A_20251124T050104_20251206T050132_T_G01_M01_C___T004_F004,2025-11-24,22,12,11.440160751342773,3.4302525520324707,33.25059509277344,1.0,8649,1.0612000226974487,31.651948563417736,33.174423,39.507614,40.549774,42.637295,46.61499,38.425694,1.0,40.5538217582266,40.0,42.0,42.0,43.0,43.0,0
Mbalmayo,BIO_FP_FH__L2A_20251124T050104_20251206T050132_T_G01_M01_C___T004_F004,2025-11-24,22,13,11.440994262695312,3.4302525520324707,29.019996643066406,1.0,8649,9.85219955444336,30.190428897126836,32.216953,40.235897,41.59335,43.877594,45.582466,39.030186,1.0,40.57103832587574,40.0,42.351318359375,43.0,43.0,43.0,0
Mbalmayo,BIO_FP_FH__L2A_20251124T050104_20251206T050132_T_G01_M01_C___T004_F004,2025-11-24,22,14,11.441827774047852,3.4302525520324707,24.6842098236084,1.0,8649,7.9019999504089355,31.73777134639843,33.19259,39.784687,41.07612,43.48374,45.160255,38.713806,1.0,41.703359039109046,42.0,43.0,44.0,44.0,44.0,0
Mbalmayo,BIO_FP_FH__L2A_20251124T050104_20251206T050132_T_G01_M01_C___T004_F004,2025-11-24,22,15,11.44266128540039,3.4302525520324707,19.932411193847656,1.0,8649,11.33899974822998,22.697102808128108,22.581232,34.13251,35.58204,37.83152,40.562862,33.259697,1.0,38.726081075413624,39.0,40.0,40.0,41.0,41.0,0
Mbalmayo,BIO_FP_FH__L2A_20251124T050104_20251206T050132_T_G01_M01_C___T004_F004,2025-11-24,22,18,11.445161819458008,3.4302525520324707,21.84140968322754,1.0,8649,0.0,15.50546599498497,15.986056,24.226164,30.020258,32.222614,33.651283,21.926252,1.0,33.631619528740565,34.0,35.0,35.0,36.0,36.0,0
Mbalmayo,BIO_FP_FH__L2A_20251124T050104_20251206T050132_T_G01_M01_C___T004_F004,2025-11-24,22,19,11.445995330810547,3.4302525520324707,21.515810012817383,1.0,8649,0.0,10.32251425381547,10.517824,18.811398,20.8918,25.398916,30.24329,16.457726,1.0,32.958516991004764,33.0,34.0,34.0,35.01957321166992,36.0,0
Mbalmayo,BIO_FP_FH__L2A_20251124T050104_20251206T050132_T_G01_M01_C___T004_F004,2025-11-24,22,20,11.446828842163086,3.4302525520324707,20.559810638427734,1.0,8649,0.0,16.1368711791103,14.757115,26.39876,29.108685,31.81538,35.154736,23.658157,1.0,34.37014703908288,34.0,36.0,36.0,37.0,37.0,0
Mbalmayo,BIO_FP_FH__L2A_20251124T050104_20251206T050132_T_G01_M01_C___T004_F004,2025-11-24,22,21,11.447662353515625,3.4302525520324707,18.178409576416016,1.0,8649,8.810199737548828,21.44532559761244,22.616032,31.590391,33.73726,35.96085,42.389065,29.59229,1.0,34.4759134276504,35.0,36.0,36.0,37.0,37.0,0
Mbalmayo,BIO_FP_FH__L2A_20251124T050104_20251206T050132_T_G01_M01_C___T004_F004,2025-11-24,22,22,11.448495864868164,3.4302525520324707,11.977968215942383,1.0,8649,37.713401794433594,25.778024600026015,25.900423,35.965466,41.379333,43.22308,44.79403,33.37385,1.0,35.997462330532706,36.0,37.0,37.0,38.0,38.0,0
Mbalmayo,BIO_FP_FH__L2A_20251124T050104_20251206T050132_T_G01_M01_C___T004_F004,2025-11-24,22,23,11.449329376220703,3.4302525520324707,5.281168460845947,1.0,8649,66.6406021118164,21.90070722590762,23.017345,34.243576,35.424393,37.27927,40.288013,32.944557,1.0,35.75208564349882,36.0,37.0,38.0,38.0,38.0,0
Mbalmayo,BIO_FP_FH__L2A_20251124T050104_20251206T050132_T_G01_M01_C___T004_F004,2025-11-24,22,24,11.450162887573242,3.4302525520324707,8.027568817138672,1.0,8649,47.00019836425781,23.08757741140594,24.273003,34.568405,36.898705,39.664062,40.906322,32.31847,1.0,35.27668329707073,35.0,36.0,37.0,37.0,37.0,0
Mbalmayo,BIO_FP_FH__L2A_20251124T050104_20251206T050132_T_G01_M01_C___T004_F004,2025-11-24,22,25,11.450996398925781,3.4302525520324707,14.406768798828125,1.0,8649,19.421199798583984,21.699719620765407,22.317781,35.835686,37.872837,40.692543,42.313557,33.04844,1.0,37.013844829995534,37.0,38.0,38.0,38.8876838684082,39.0,0
Mbalmayo,BIO_FP_FH__L2A_20251124T050104_20251206T050132_T_G01_M01_C___T004_F004,2025-11-24,22,26,11.45182991027832,3.4302525520324707,11.71116828918457,1.0,8649,48.97159957885742,23.633812886605387,23.67637,38.9175,40.39455,42.64656,44.437134,38.115974,1.0,36.60711740711436,37.0,39.0,39.0,39.0,39.0,0
Mbalmayo,BIO_FP_FH__L2A_20251124T050104_20251206T050132_T_G01_M01_C___T004_F004,2025-11-24,22,27,11.45266342163086,3.4302525520324707,13.430168151855469,1.0,8649,42.64720153808594,17.248660430396576,14.225277,34.468193,36.38298,38.739723,42.89827,30.495718,1.0,33.322018167409944,33.0,35.0,35.0,37.0,37.0,0
Mbalmayo,BIO_FP_FH__L2A_20251124T050104_20251206T050132_T_G01_M01_C___T004_F004,2025-11-24,22,28,11.453496932983398,3.4302525520324707,22.422569274902344,1.0,8649,0.0,27.581117578621807,28.32867,39.431774,42.617775,46.108532,47.42952,35.661255,1.0,35.068374827412846,35.0,36.0,37.0,37.0,37.0,0
Mbalmayo,BIO_FP_FH__L2A_20251124T050104_20251206T050132_T_G01_M01_C___T004_F004,2025-11-24,22,29,11.454330444335938,3.4302525520324707,22.719568252563477,1.0,8649,0.0,26.470351296031332,27.79854,32.68518,33.704735,35.475613,37.053394,31.937012,1.0,34.154455287923206,34.0,35.755130767822266,36.0,37.0,37.0,0
Mbalmayo,BIO_FP_FH__L2A_20251124T050104_20251206T050132_T_G01_M01_C___T004_F004,2025-11-24,22,30,11.455163955688477,3.4302525520324707,22.038963317871094,0.9780555007939863,8502,0.0,18.25591748007292,19.505646,28.170967,30.05963,32.427467,33.3796,26.535173,0.9651542390139031,33.211981255819026,33.0,34.0,34.0,35.0,35.0,0
Mbalmayo,BIO_FP_FH__L2A_20251124T050104_20251206T050132_T_G01_M01_C___T004_F004,2025-11-24,22,33,11.457664489746094,3.4302525520324707,22.528762817382812,1.0,8649,0.0,8.67838835233842,7.6595335,16.78464,22.18323,34.755283,37.61777,14.64991,1.0,29.00613901714105,29.0,32.26539611816406,33.0,33.0,33.0,0
Mbalmayo,BIO_FP_FH__L2A_20251124T050104_20251206T050132_T_G01_M01_C___T004_F004,2025-11-24,22,34,11.458498001098633,3.4302525520324707,20.35996437072754,1.0,8649,0.0,10.377862731601919,10.0699835,18.244064,22.918144,32.475864,35.99542,16.827269,1.0,27.942366339261994,28.0,31.0,32.0,32.0,32.0,0
Mbalmayo,BIO_FP_FH__L2A_20251124T050104_20251206T050132_T_G01_M01_C___T004_F004,2025-11-24,22,35,11.459331512451172,3.4302525520324707,16.930164337158203,1.0,8649,1.274999976158142,7.740896256070066,3.3287776,23.012903,31.738125,38.926308,40.525723,17.223297,1.0,26.172884552199548,26.0,29.265396118164062,30.0,30.0,31.0,0
Mbalmayo,BIO_FP_FH__L2A_20251124T050104_20251206T050132_T_G01_M01_C___T004_F004,2025-11-24,22,36,11.460165023803711,3.4302525520324707,10.141563415527344,1.0,8649,11.385600090026855,10.438744273181872,6.22176,27.959076,31.449993,34.341976,37.848442,23.656237,1.0,31.68035765683283,31.636402130126953,36.0,37.0,37.0,37.0,0
Mbalmayo,BIO_FP_FH__L2A_20251124T050104_20251206T050132_T_G01_M01_C___T004_F004,2025-11-24,22,37,11.46099853515625,3.4302525520324707,6.76396369934082,1.0,8649,14.056400299072266,11.217361653081282,8.708165,25.8644,36.489304,41.197987,44.120216,21.110466,1.0,35.54281552037224,35.0,37.0,37.15910339355469,38.0,38.0,0
Mbalmayo,BIO_FP_FH__L2A_20251124T050104_20251206T050132_T_G01_M01_C___T004_F004,2025-11-24,22,38,11.461832046508789,3.4302525520324707,6.912224769592285,1.0,8649,8.753000259399414,16.118576750202337,14.069017,31.153936,33.52837,37.974293,42.172264,25.972645,1.0,36.737119289860864,37.0,38.0,38.34416961669922,39.0,39.0,0
Mbalmayo,BIO_FP_FH__L2A_20251124T050104_20251206T050132_T_G01_M01_C___T004_F004,2025-11-24,22,39,11.462665557861328,3.4302525520324707,12.16202449798584,1.0,8649,2.290800094604492,11.144426017458665,11.843857,23.050919,27.102268,31.855265,38.71608,19.475996,1.0,34.678615804269334,35.0,36.072444915771484,37.0,38.0,38.0,0
Mbalmayo,BIO_FP_FH__L2A_20251124T050104_20251206T050132_T_G01_M01_C___T004_F004,2025-11-24,22,40,11.463499069213867,3.4302525520324707,17.31902503967285,1.0,8649,0.0,19.98342339070991,19.215818,32.076145,33.911934,36.827644,38.8022,29.15369,1.0,36.783848448369746,37.0,38.0,38.0,38.0,38.0,0
Mbalmayo,BIO_FP_FH__L2A_20251124T050104_20251206T050132_T_G01_M01_C___T004_F004,2025-11-24,22,41,11.464332580566406,3.4302525520324707,14.666424751281738,1.0,8649,1.3716000318527222,16.871731016591514,16.657293,25.678701,28.214756,35.75221,41.50983,23.178,1.0,35.55499559248758,35.0,37.0,37.0,37.0,37.0,0
Mbalmayo,BIO_FP_FH__L2A_20251124T050104_20251206T050132_T_G01_M01_C___T004_F004,2025-11-24,22,42,11.465166091918945,3.4302525520324707,11.94742488861084,1.0,8649,2.765399932861328,15.363200406116315,13.169648,30.619871,34.142326,39.002342,43.348953,24.264513,1.0,37.32205683196235,37.0,39.0,39.0,40.0,40.0,0
Mbalmayo,BIO_FP_FH__L2A_20251124T050104_20251206T050132_T_G01_M01_C___T004_F004,2025-11-24,22,43,11.465999603271484,3.4302525520324707,8.891424179077148,1.0,8649,4.211400032043457,17.91887564675107,14.838593,35.811344,38.701237,41.370514,43.353336,31.226128,1.0,35.701161164385084,35.0,39.0,39.0,40.0,40.0,0
Mbalmayo,BIO_FP_FH__L2A_20251124T050104_20251206T050132_T_G01_M01_C___T004_F004,2025-11-24,22,44,11.466833114624023,3.4302525520324707,8.144024848937988,1.0,8649,4.452000141143799,16.16857372420222,14.96254,28.295135,30.994108,35.199432,41.345142,25.154793,1.0,34.41823332432943,34.0,35.0,35.0,36.0,36.0,0
Mbalmayo,BIO_FP_FH__L2A_20251124T050104_20251206T050132_T_G01_M01_C___T004_F004,2025-11-24,22,45,11.467666625976562,3.4302525520324707,14.977624893188477,1.0,8649,1.5068000555038452,16.941135490735924,15.302742,31.300009,34.0601,40.16543,43.11515,28.155315,1.0,35.846946829660105,36.0,37.0,37.19884490966797,38.0,38.0,0
Mbalmayo,BIO_FP_FH__L2A_20251124T050104_20251206T050132_T_G01_M01_C___T004_F004,2025-11-24,22,46,11.468500137329102,3.4302525520324707,15.777636528015137,1.0,8649,7.222599983215332,16.483408260709332,14.849475,28.805756,35.791515,44.032085,45.74539,24.53392,1.0,36.87896967480012,37.0,38.0,38.0,38.0,38.0,0
Mbalmayo,BIO_FP_FH__L2A_20251124T050104_20251206T050132_T_G01_M01_C___T004_F004,2025-11-24,22,47,11.46933364868164,3.4302525520324707,8.740836143493652,1.0,8649,22.490800857543945,23.705939631749334,25.366392,36.980972,38.80213,41.86733,46.0712,34.775715,1.0,36.45991854227159,36.0,38.0,38.0,38.0,38.0,0
Mbalmayo,BIO_FP_FH__L2A_20251124T050104_20251206T050132_T_G01_M01_C___T004_F004,2025-11-24,22,48,11.47016716003418,3.4302525520324707,8.423436164855957,0.9994620099234738,8647,21.913999557495117,14.631173252818739,13.105648,25.537394,29.268724,34.470863,43.997585,22.309725,1.0,33.779340866632246,34.0,36.0,36.0,37.0,37.0,0
Mbalmayo,BIO_FP_FH__L2A_20251124T050104_20251206T050132_T_G01_M01_C___T004_F004,2025-11-24,23,3,11.432659149169922,3.4294190406799316,26.55708122253418,1.0,8649,0.4830000102519989,26.141479506301305,25.969568,37.61316,39.37675,43.486347,45.5241,35.11022,1.0,34.46301651177399,34.0,36.0,36.0,36.0,36.0,0
Mbalmayo,BIO_FP_FH__L2A_20251124T050104_20251206T050132_T_G01_M01_C___T004_F004,2025-11-24,23,4,11.433492660522461,3.4294190406799316,30.914682388305664,1.0,8649,0.6633999943733215,26.92536054565557,28.546938,34.9964,36.499,38.63827,40.315853,34.361248,1.0,33.24376084738652,33.0,35.0,36.0,36.0,36.0,0
Mbalmayo,BIO_FP_FH__L2A_20251124T050104_20251206T050132_T_G01_M01_C___T004_F004,2025-11-24,23,5,11.434326171875,3.4294190406799316,32.144683837890625,1.0,8649,0.7775999903678894,21.857280059472192,22.695751,30.385313,31.992907,37.357033,41.822662,28.972574,1.0,32.60516478800611,32.264732360839844,35.0,35.0,35.0,35.0,0
Mbalmayo,BIO_FP_FH__L2A_20251124T050104_20251206T050132_T_G01_M01_C___T004_F004,2025-11-24,23,6,11.435159683227539,3.4294190406799316,33.136356353759766,1.0,8649,0.8920000195503235,23.904903881590357,24.755306,32.348198,34.630497,37.28368,40.216568,30.196444,1.0,30.9826167749799,31.0,32.0,32.0,33.0,33.0,0
Mbalmayo,BIO_FP_FH__L2A_20251124T050104_20251206T050132_T_G01_M01_C___T004_F004,2025-11-24,23,7,11.435993194580078,3.4294190406799316,27.399757385253906,1.0,8649,7.546000003814697,30.18641628548098,31.639462,40.04421,41.44392,43.725796,45.62971,39.0104,1.0,31.08158897358443,31.0,32.0,32.0,33.0,33.0,0
Mbalmayo,BIO_FP_FH__L2A_20251124T050104_20251206T050132_T_G01_M01_C___T004_F004,2025-11-24,23,8,11.436826705932617,3.4294190406799316,16.169557571411133,1.0,8649,24.118200302124023,31.399223356746443,32.887432,39.72319,40.813587,42.047253,43.423683,38.48196,1.0,32.88765343220499,33.0,35.0,36.0,36.0,36.0,0
Mbalmayo,BIO_FP_FH__L2A_20251124T050104_20251206T050132_T_G01_M01_C___T004_F004,2025-11-24,23,9,11.437660217285156,3.4294190406799316,5.635756969451904,1.000000028227613,8649,42.0890007019043,33.24899461007858,34.18749,39.09615,40.044815,41.614624,43.656723,37.974953,1.0,36.335930177580764,36.0,38.0,38.0,38.0,38.0,0
Mbalmayo,BIO_FP_FH__L2A_20251124T050104_20251206T050132_T_G01_M01_C___T004_F004,2025-11-24,23,10,11.438493728637695,3.4294190406799316,16.59015655517578,1.0000000141138066,8649,37.78620147705078,32.12018594826903,35.044407,41.313046,42.67109,45.97733,48.27462,40.02365,1.0,38.51934649277483,39.0,40.0,41.0,42.0,42.0,0
Mbalmayo,BIO_FP_FH__L2A_20251124T050104_20251206T050132_T_G01_M01_C___T004_F004,2025-11-24,23,11,11.439327239990234,3.4294190406799316,21.730756759643555,0.9999999576585805,8649,39.43840026855469,34.35825231831631,35.76464,40.34461,41.532265,43.13111,45.778282,38.912685,1.0,40.46629968220436,40.0,41.735267639160156,42.0,42.0,42.0,0
Mbalmayo,BIO_FP_FH__L2A_20251124T050104_20251206T050132_T_G01_M01_C___T004_F004,2025-11-24,23,12,11.440160751342773,3.4294190406799316,17.60115623474121,0.999999971772387,8649,49.96739959716797,33.81821964318433,34.062653,39.68358,41.140697,42.702686,44.51584,38.71884,1.0,39.92054958345711,40.0,41.0,41.0,41.0,41.0,0
Mbalmayo,BIO_FP_FH__L2A_20251124T050104_20251206T050132_T_G01_M01_C___T004_F004,2025-11-24,23,13,11.440994262695312,3.4294190406799316,14.181957244873047,1.0,8649,41.5463981628418,32.17151729968783,33.568085,40.242313,42.20724,44.130817,46.111443,38.728203,1.0,37.41671224191211,38.0,39.0,40.0,40.0,41.0,0
Mbalmayo,BIO_FP_FH__L2A_20251124T050104_20251206T050132_T_G01_M01_C___T004_F004,2025-11-24,23,14,11.441827774047852,3.4294190406799316,11.060087203979492,1.0,8649,23.871999740600586,32.66149310975257,34.51821,39.538197,40.742767,42.69313,45.203102,38.426712,1.0,40.30209911742063,40.0,42.0,42.0,42.562744140625,43.0,0
Mbalmayo,BIO_FP_FH__L2A_20251124T050104_20251206T050132_T_G01_M01_C___T004_F004,2025-11-24,23,15,11.44266128540039,3.4294190406799316,11.788887023925781,1.0,8649,19.679000854492188,18.77584700904729,18.669756,30.066092,32.070793,35.086548,38.217957,28.302673,1.0,39.27546258203721,39.0,40.80101013183594,41.0,41.0,41.0,0
Mbalmayo,BIO_FP_FH__L2A_20251124T050104_20251206T050132_T_G01_M01_C___T004_F004,2025-11-24,23,18,11.445161819458008,3.4294190406799316,22.066286087036133,1.0,8649,0.0,19.742618366285118,19.405708,29.321201,30.808455,33.558453,35.93086,26.977295,1.0,36.65798437775925,37.0,38.0,38.44340896606445,39.0,39.0,0
Mbalmayo,BIO_FP_FH__L2A_20251124T050104_20251206T050132_T_G01_M01_C___T004_F004,2025-11-24,23,19,11.445995330810547,3.4294190406799316,21.28388786315918,1.000000028227613,8649,0.0,16.2104230740406,15.418706,26.817476,28.77038,30.564383,32.594063,22.853632,1.0,35.60080156691268,36.0,36.0,37.0,37.0,37.0,0
Mbalmayo,BIO_FP_FH__L2A_20251124T050104_20251206T050132_T_G01_M01_C___T004_F004,2025-11-24,23,20,11.446828842163086,3.4294190406799316,19.451887130737305,0.9999999294309675,8649,0.0,20.692849802568297,21.690613,31.581926,33.757393,36.538532,38.772675,30.050909,1.0,36.33035588030154,36.0,37.0,37.0,38.0,38.0,0
Mbalmayo,BIO_FP_FH__L2A_20251124T050104_20251206T050132_T_G01_M01_C___T004_F004,2025-11-24,23,21,11.447662353515625,3.4294190406799316,17.864286422729492,1.000000028227613,8649,0.0,21.90292349145642,23.400421,32.99224,35.36452,40.544487,43.72047,31.3458,1.0,36.726093679483895,36.562744140625,39.0,39.0,39.0,39.0,0
Mbalmayo,BIO_FP_FH__L2A_20251124T050104_20251206T050132_T_G01_M01_C___T004_F004,2025-11-24,23,22,11.448495864868164,3.4294190406799316,13.751888275146484,0.999999943544774,8649,4.523600101470947,11.1060174443271,8.291424,27.912762,32.130257,37.71556,42.44584,21.89029,1.0,37.19753017021971,37.0,38.0,38.0,39.0,39.0,0
Mbalmayo,BIO_FP_FH__L2A_20251124T050104_20251206T050132_T_G01_M01_C___T004_F004,2025-11-24,23,23,11.449329376220703,3.4294190406799316,8.645888328552246,1.0,8649,17.19420051574707,17.866070363987166,16.725649,33.317154,36.0659,38.429707,40.564075,29.127058,1.0,38.35594690856334,38.0,39.0,39.0,40.0,40.0,0
Mbalmayo,BIO_FP_FH__L2A_20251124T050104_20251206T050132_T_G01_M01_C___T004_F004,2025-11-24,23,24,11.450162887573242,3.4294190406799316,8.430688858032227,1.0000000423414195,8649,12.785400390625,19.223869449214792,18.846106,35.12874,37.091576,39.359634,41.86644,32.313953,1.0,36.83607405460643,37.0,38.0,38.0,39.0,39.0,0
Mbalmayo,BIO_FP_FH__L2A_20251124T050104_20251206T050132_T_G01_M01_C___T004_F004,2025-11-24,23,25,11.450996398925781,3.4294190406799316,5.6104888916015625,0.9999999858861935,8649,51.6609992980957,19.982767888837174,19.708244,32.167694,34.69833,40.35994,43.49967,29.236128,1.0,36.021685939122385,36.0,37.0,38.0,38.0,38.0,0
Mbalmayo,BIO_FP_FH__L2A_20251124T050104_20251206T050132_T_G01_M01_C___T004_F004,2025-11-24,23,26,11.45182991027832,3.4294190406799316,2.073488712310791,1.0000000141138066,8649,95.71420288085938,16.874801491078472,14.828728,29.190851,34.33951,40.04134,41.626637,27.171106,1.0,33.26903547498033,33.0,35.0,35.0,36.0,36.0,0
Mbalmayo,BIO_FP_FH__L2A_20251124T050104_20251206T050132_T_G01_M01_C___T004_F004,2025-11-24,23,27,11.45266342163086,3.4294190406799316,11.37768840789795,1.0,8649,48.981201171875,18.81525885398601,18.001766,32.341537,34.238945,36.93429,38.30844,29.86479,1.0,33.02702637856676,33.0,35.0,35.0,35.0,35.0,0
Mbalmayo,BIO_FP_FH__L2A_20251124T050104_20251206T050132_T_G01_M01_C___T004_F004,2025-11-24,23,28,11.453496932983398,3.4294190406799316,21.426088333129883,1.0,8649,1.0080000162124634,23.87898348074922,26.007172,36.26991,40.209705,41.794632,42.81643,34.038536,1.0,35.429535905809566,35.0,37.0,37.0,37.0,37.0,0
Mbalmayo,BIO_FP_FH__L2A_20251124T050104_20251206T050132_T_G01_M01_C___T004_F004,2025-11-24,23,29,11.454330444335938,3.4294190406799316,21.30908966064453,1.0,8649,0.0,19.91665808547231,20.975746,30.410238,32.597042,36.07312,39.26162,28.644012,1.0,34.7298659643199,35.0,36.0,36.0,36.0,36.0,0
Mbalmayo,BIO_FP_FH__L2A_20251124T050104_20251206T050132_T_G01_M01_C___T004_F004,2025-11-24,23,30,11.455163955688477,3.4294190406799316,20.918067932128906,1.0,8649,0.0,14.938113781217481,14.824756,25.487625,28.291702,31.636213,34.037395,23.040129,1.0,32.717959158433516,33.0,34.0,34.0,36.0,36.0,0
Mbalmayo,BIO_FP_FH__L2A_20251124T050104_20251206T050132_T_G01_M01_C___T004_F004,2025-11-24,23,33,11.457664489746094,3.4294190406799316,19.545867919921875,0.9283019052735504,8066,0.0,4.330934163462053,3.3636098,9.444291,11.6777725,16.851917,26.811865,6.970724,1.0,27.88500266748297,28.0,30.0,30.0,30.0,30.0,0
Mbalmayo,BIO_FP_FH__L2A_20251124T050104_20251206T050132_T_G01_M01_C___T004_F004,2025-11-24,23,34,11.458498001098633,3.4294190406799316,16.8062686920166,0.9607841252646621,8361,0.6320000290870667,4.630093685757927,2.4183114,11.959778,13.457348,18.177214,31.474804,9.538591,1.0,23.9411380007882,24.0,27.0,27.0,28.0,28.0,0
Mbalmayo,BIO_FP_FH__L2A_20251124T050104_20251206T050132_T_G01_M01_C___T004_F004,2025-11-24,23,35,11.459331512451172,3.4294190406799316,13.064867973327637,0.9674984723215834,8442,2.2218000888824463,2.1225646351360083,1.3487401,5.6346116,8.609659,11.831208,17.888365,2.471844,1.0,24.224513951995245,24.0,27.0,27.0,28.0,28.0,0
Mbalmayo,BIO_FP_FH__L2A_20251124T050104_20251206T050132_T_G01_M01_C___T004_F004,2025-11-24,23,36,11.460165023803711,3.4294190406799316,10.70606803894043,0.9593557233630694,8355,3.259399890899658,6.03392233561471,3.3689578,15.498265,19.488544,26.792812,29.836348,12.085398,1.0,29.109025294056572,29.0,32.0,32.0,33.0,33.0,0
Mbalmayo,BIO_FP_FH__L2A_20251124T050104_20251206T050132_T_G01_M01_C___T004_F004,2025-11-24,23,37,11.46099853515625,3.4294190406799316,10.301868438720703,0.9012768450245332,7846,3.490600109100342,12.280213721687785,11.061724,23.006252,26.56121,31.920727,34.519753,21.219551,1.0,33.9845171857947,34.0,36.0,36.0,36.0,38.0,0
Mbalmayo,BIO_FP_FH__L2A_20251124T050104_20251206T050132_T_G01_M01_C___T004_F004,2025-11-24,23,40,11.463499069213867,3.4294190406799316,15.92310905456543,0.9614524986857224,8373,0.4765999913215637,11.861771577652297,12.114868,23.667078,26.568718,34.450043,39.32649,20.980766,1.0,35.247128674413084,35.0,37.0,37.0,37.0,37.0,0
Mbalmayo,BIO_FP_FH__L2A_20251124T050104_20251206T050132_T_G01_M01_C___T004_F004,2025-11-24,23,41,11.464332580566406,3.4294190406799316,14.82150936126709,0.9999322255011418,8649,1.0673999786376953,12.94078430600942,13.413382,22.308613,24.255396,31.915491,39.065098,20.761908,1.0,35.89216232123382,36.0,37.0,37.0,37.0,37.0,0
Mbalmayo,BIO_FP_FH__L2A_20251124T050104_20251206T050132_T_G01_M01_C___T004_F004,2025-11-24,23,42,11.465166091918945,3.4294190406799316,10.929109573364258,0.995021270070962,8614,3.0664000511169434,19.22974658159566,17.087097,35.34027,38.844822,41.56788,46.566654,31.048136,1.0,37.9261208577354,38.0,39.966705322265625,40.0,40.0,40.0,0
Mbalmayo,BIO_FP_FH__L2A_20251124T050104_20251206T050132_T_G01_M01_C___T004_F004,2025-11-24,23,43,11.465999603271484,3.4294190406799316,7.320709705352783,0.9999999858861935,8649,4.85860013961792,12.840067945559152,11.173032,27.165434,30.945454,35.10396,37.293095,23.358551,1.0,36.30689283122437,36.0,38.0,38.15876007080078,39.0,39.0,0
Mbalmayo,BIO_FP_FH__L2A_20251124T050104_20251206T050132_T_G01_M01_C___T004_F004,2025-11-24,23,44,11.466833114624023,3.4294190406799316,12.238709449768066,1.0000000423414195,8649,2.437000036239624,16.87649738130328,16.07667,31.874891,36.5962,41.60642,45.290367,26.13778,1.0,36.385454064725465,36.0,38.0,38.64204025268555,39.0,39.0,0
Mbalmayo,BIO_FP_FH__L2A_20251124T050104_20251206T050132_T_G01_M01_C___T004_F004,2025-11-24,23,45,11.467666625976562,3.4294190406799316,16.185110092163086,0.999999943544774,8649,2.591200113296509,21.235102664681175,19.965158,36.782505,43.930717,46.608227,48.110996,31.862043,1.0,37.637308472029005,37.0,41.0,42.0,42.0,43.0,0
Mbalmayo,BIO_FP_FH__L2A_20251124T050104_20251206T050132_T_G01_M01_C___T004_F004,2025-11-24,23,46,11.468500137329102,3.4294190406799316,13.51472282409668,0.9999998588619349,8649,12.190400123596191,20.39865987694622,18.160011,40.750946,44.93809,46.877388,48.503197,33.328297,1.0,38.78481977288331,39.0,41.0,41.82136535644531,43.0,43.0,0
Mbalmayo,BIO_FP_FH__L2A_20251124T050104_20251206T050132_T_G01_M01_C___T004_F004,2025-11-24,23,47,11.46933364868164,3.4294190406799316,10.84432315826416,0.9999998729757414,8649,21.789600372314453,17.452910428875022,16.522272,31.270615,34.018585,40.757507,43.697163,25.593359,1.0,36.06545955804831,36.0,37.0,37.82136535644531,38.0,38.0,0
Mbalmayo,BIO_FP_FH__L2A_20251124T050104_20251206T050132_T_G01_M01_C___T004_F004,2025-11-24,23,48,11.47016716003418,3.4294190406799316,9.03872299194336,0.9945698823111776,8617,22.606800079345703,17.522860957766994,17.211859,29.307943,32.681084,35.70633,41.35595,24.637152,1.0,34.44332550892128,34.12548828125,36.0,36.0,36.0,36.0,0
Mbalmayo,BIO_FP_FH__L2A_20251124T050104_20251206T050132_T_G01_M01_C___T004_F004,2025-11-24,24,2,11.431825637817383,3.4285855293273926,26.724882125854492,0.9113028768115353,7929,0.35420000553131104,11.493819599437249,8.156065,30.23489,34.293842,39.771183,42.387432,21.069454,1.0,32.18462470755134,32.0,33.97315979003906,34.0,35.0,35.0,0
Mbalmayo,BIO_FP_FH__L2A_20251124T050104_20251206T050132_T_G01_M01_C___T004_F004,2025-11-24,24,3,11.432659149169922,3.4285855293273926,29.8350830078125,1.0,8649,0.4603999853134155,22.384965024858364,24.45292,30.78883,33.328705,41.75542,51.561176,29.48573,1.0,32.383733669999486,32.63539123535156,35.0,35.0,36.0,36.0,0
Mbalmayo,BIO_FP_FH__L2A_20251124T050104_20251206T050132_T_G01_M01_C___T004_F004,2025-11-24,24,4,11.433492660522461,3.4285855293273926,31.928882598876953,1.0,8649,0.9345999956130981,30.919905390073996,31.82666,38.294075,41.14775,48.771095,52.140167,37.040848,1.0,32.939884133966885,33.0,35.0,36.0,36.0,36.0,0
Mbalmayo,BIO_FP_FH__L2A_20251124T050104_20251206T050132_T_G01_M01_C___T004_F004,2025-11-24,24,5,11.434326171875,3.4285855293273926,33.509883880615234,1.0,8649,1.0269999504089355,20.801894772878367,20.930622,32.281593,35.429344,39.349422,41.657085,29.083324,1.0,34.41515440780422,35.0,36.0,36.0,36.0,36.0,0
Mbalmayo,BIO_FP_FH__L2A_20251124T050104_20251206T050132_T_G01_M01_C___T004_F004,2025-11-24,24,6,11.435159683227539,3.4285855293273926,34.25675582885742,1.0,8649,1.0282000303268433,23.389603612050525,24.340624,33.538433,35.95854,38.56219,41.00905,31.765265,1.0,30.171543309668998,30.0,32.0,32.0,32.0,32.0,0
Mbalmayo,BIO_FP_FH__L2A_20251124T050104_20251206T050132_T_G01_M01_C___T004_F004,2025-11-24,24,7,11.435993194580078,3.4285855293273926,29.01355743408203,1.0000000141138066,8649,17.637800216674805,30.68828994003594,31.773205,38.11835,39.71396,42.053734,44.077927,37.189545,1.0,31.322752727967686,31.0,33.0,33.0,33.0,33.0,0
Mbalmayo,BIO_FP_FH__L2A_20251124T050104_20251206T050132_T_G01_M01_C___T004_F004,2025-11-24,24,8,11.436826705932617,3.4285855293273926,17.879756927490234,1.0,8649,50.5796012878418,34.0111966520696,36.308685,41.627583,42.826965,44.12655,45.675133,40.557953,1.0,35.19948089499049,35.0,37.0,38.0,38.0,38.0,0
Mbalmayo,BIO_FP_FH__L2A_20251124T050104_20251206T050132_T_G01_M01_C___T004_F004,2025-11-24,24,9,11.437660217285156,3.4285855293273926,7.180356979370117,0.9999999858861935,8649,72.68399810791016,34.360627887693674,34.89819,41.287968,42.18902,43.687935,45.259117,39.396904,1.0,36.50039956362651,36.603004455566406,38.0,39.0,39.0,39.0,0
Mbalmayo,BIO_FP_FH__L2A_20251124T050104_20251206T050132_T_G01_M01_C___T004_F004,2025-11-24,24,10,11.438493728637695,3.4285855293273926,9.019757270812988,1.0000000141138066,8649,77.81500244140625,29.732769897012542,31.566298,38.8853,40.922256,43.62743,47.529682,37.70201,1.0,37.5885526516187,37.31143569946289,39.0,39.0,39.0,40.0,0
Mbalmayo,BIO_FP_FH__L2A_20251124T050104_20251206T050132_T_G01_M01_C___T004_F004,2025-11-24,24,11,11.439327239990234,3.4285855293273926,5.553357124328613,1.0,8649,88.34420013427734,25.735927292895134,28.760921,38.297653,39.853073,42.06196,44.418037,36.78646,1.0,39.06540408946556,39.0,40.0,40.0,40.04702377319336,41.0,0
Mbalmayo,BIO_FP_FH__L2A_20251124T050104_20251206T050132_T_G01_M01_C___T004_F004,2025-11-24,24,12,11.440160751342773,3.4285855293273926,2.108957052230835,1.0000000141138066,8649,95.53800201416016,27.09112512709306,31.061,37.611935,38.69993,39.93704,41.45308,36.15537,1.0,39.233205877104055,39.0,41.0,41.0,41.0,41.0,0
Mbalmayo,BIO_FP_FH__L2A_20251124T050104_20251206T050132_T_G01_M01_C___T004_F004,2025-11-24,24,13,11.440994262695312,3.4285855293273926,2.4925570487976074,0.9999999858861935,8649,66.04340362548828,31.31922764676817,33.928867,39.41502,40.774403,42.589962,45.19291,38.53788,1.0,38.12886671943325,38.0,40.0,40.89417190551758,41.0,41.0,0
Mbalmayo,BIO_FP_FH__L2A_20251124T050104_20251206T050132_T_G01_M01_C___T004_F004,2025-11-24,24,14,11.441827774047852,3.4285855293273926,3.2532870769500732,1.0,8649,35.68659973144531,32.07364245505261,34.01039,38.401756,39.156742,40.64272,42.715897,37.98538,1.0,39.62587469080884,40.0,41.0,41.0,42.0,42.0,0
Mbalmayo,BIO_FP_FH__L2A_20251124T050104_20251206T050132_T_G01_M01_C___T004_F004,2025-11-24,24,15,11.44266128540039,3.4285855293273926,9.253686904907227,0.999999971772387,8649,15.245599746704102,19.116963122005703,18.307247,31.362005,33.228436,36.74129,38.649517,29.653372,1.0,38.543119487217744,39.0,40.0,40.0,41.0,41.0,0
Mbalmayo,BIO_FP_FH__L2A_20251124T050104_20251206T050132_T_G01_M01_C___T004_F004,2025-11-24,24,18,11.445161819458008,3.4285855293273926,20.91348648071289,1.000000141138065,8649,0.0,20.24031800772697,22.354483,29.977037,31.470331,33.32652,34.855183,28.301088,1.0,36.86810929387384,37.0,39.0,39.0,39.0,39.0,0
Mbalmayo,BIO_FP_FH__L2A_20251124T050104_20251206T050132_T_G01_M01_C___T004_F004,2025-11-24,24,19,11.445995330810547,3.4285855293273926,20.431886672973633,1.000000112910452,8649,0.0,15.377205437269952,15.907664,24.0246,26.313166,29.877434,31.986338,21.626478,1.0,33.869270240244724,34.0,36.0,36.0,36.0,36.0,0
Mbalmayo,BIO_FP_FH__L2A_20251124T050104_20251206T050132_T_G01_M01_C___T004_F004,2025-11-24,24,20,11.446828842163086,3.4285855293273926,18.2294864654541,0.999999971772387,8649,0.0,17.51718817512513,18.47424,25.51778,27.077894,31.818148,35.49972,24.06734,1.0,33.46027212488071,33.0,35.0,36.0,36.0,36.0,0
Mbalmayo,BIO_FP_FH__L2A_20251124T050104_20251206T050132_T_G01_M01_C___T004_F004,2025-11-24,24,21,11.447662353515625,3.4285855293273926,16.02708625793457,0.9999999012033545,8649,0.0,13.014054572252048,12.300974,25.940693,27.778105,38.14483,45.37157,23.905685,1.0,36.110266341131016,36.0,37.91419219970703,38.0,38.0,38.0,0
Mbalmayo,BIO_FP_FH__L2A_20251124T050104_20251206T050132_T_G01_M01_C___T004_F004,2025-11-24,24,22,11.448495864868164,3.4285855293273926,13.027488708496094,1.0,8649,2.77620005607605,14.53690320051451,12.662814,29.547796,31.687265,34.482,39.166763,26.509825,1.0,37.74576956203927,38.0,39.0,39.0,39.0,39.0,0
Mbalmayo,BIO_FP_FH__L2A_20251124T050104_20251206T050132_T_G01_M01_C___T004_F004,2025-11-24,24,23,11.449329376220703,3.4285855293273926,9.972488403320312,1.0000001693656781,8649,6.459400177001953,13.495806026650815,10.131794,27.983458,32.3203,38.8835,42.616684,23.761965,1.0,36.63303451458696,37.0,38.0,38.0,38.0,38.0,0
Mbalmayo,BIO_FP_FH__L2A_20251124T050104_20251206T050132_T_G01_M01_C___T004_F004,2025-11-24,24,24,11.450162887573242,3.4285855293273926,6.827288627624512,1.000000084682839,8649,13.452199935913086,12.11727364074387,8.521914,30.484728,33.555763,37.05133,39.712646,25.016397,1.0,35.66714905981301,36.0,38.0,38.0,38.0,38.0,0
Mbalmayo,BIO_FP_FH__L2A_20251124T050104_20251206T050132_T_G01_M01_C___T004_F004,2025-11-24,24,25,11.450996398925781,3.4285855293273926,3.9744887351989746,0.9999998588619349,8649,37.70800018310547,17.025958709375768,16.025969,31.728973,33.284058,36.317574,38.25955,29.746284,1.0,35.75583829999949,36.0,37.0,37.0,37.0,38.0,0
Mbalmayo,BIO_FP_FH__L2A_20251124T050104_20251206T050132_T_G01_M01_C___T004_F004,2025-11-24,24,26,11.45182991027832,3.4285855293273926,2.4872887134552,1.000000141138065,8649,68.53700256347656,17.622960156532255,17.547314,29.660608,33.63093,37.85112,39.546017,26.865513,1.0,34.210631651607656,34.0,35.0,35.896119689941465,36.0,36.0,0
Mbalmayo,BIO_FP_FH__L2A_20251124T050104_20251206T050132_T_G01_M01_C___T004_F004,2025-11-24,24,27,11.45266342163086,3.4285855293273926,9.359088897705078,1.0,8649,39.46139907836914,22.90608402163545,25.700144,34.58015,37.633484,40.88699,42.80684,32.55922,1.0,33.474526705142594,34.0,35.0,35.0,35.0,35.0,0
Mbalmayo,BIO_FP_FH__L2A_20251124T050104_20251206T050132_T_G01_M01_C___T004_F004,2025-11-24,24,28,11.453496932983398,3.4285855293273926,18.201488494873047,1.0000000141138066,8649,8.118599891662598,17.181739292056275,18.181524,27.316273,29.858337,33.407917,36.33329,26.05984,1.0,34.1255160664834,34.0,35.0,36.0,36.0,36.0,0
Mbalmayo,BIO_FP_FH__L2A_20251124T050104_20251206T050132_T_G01_M01_C___T004_F004,2025-11-24,24,29,11.454330444335938,3.4285855293273926,20.358688354492188,1.0,8649,0.0,12.076578126806567,10.537642,27.569483,31.456749,34.992023,37.156124,21.202297,1.0,32.94343301863709,33.0,35.0,35.0,36.0,36.0,0
Mbalmayo,BIO_FP_FH__L2A_20251124T050104_20251206T050132_T_G01_M01_C___T004_F004,2025-11-24,24,43,11.465999603271484,3.4285855293273926,10.258309364318848,1.0,8649,3.5685999393463135,16.66891200391664,16.859283,29.16411,31.452936,34.08922,35.90126,25.65941,1.0,35.589923616061526,36.0,37.0,37.0,37.0,37.0,0
Mbalmayo,BIO_FP_FH__L2A_20251124T050104_20251206T050132_T_G01_M01_C___T004_F004,2025-11-24,24,44,11.466833114624023,3.4285855293273926,16.615909576416016,1.0,8649,2.2850000858306885,17.004158717770842,16.633694,28.059658,30.595253,35.501778,38.556553,24.64129,1.0,36.09724475182692,36.0,38.0,38.14678573608401,39.0,39.0,0
Mbalmayo,BIO_FP_FH__L2A_20251124T050104_20251206T050132_T_G01_M01_C___T004_F004,2025-11-24,24,45,11.467666625976562,3.4285855293273926,22.519908905029297,1.0,8649,0.038600001484155655,18.58475848905943,18.075277,29.31482,32.031433,37.368107,40.592525,27.002546,1.0,39.49663548552793,39.0,41.0,41.0,41.0,41.0,0
Mbalmayo,BIO_FP_FH__L2A_20251124T050104_20251206T050132_T_G01_M01_C___T004_F004,2025-11-24,24,46,11.468500137329102,3.4285855293273926,24.903722763061523,1.0,8649,0.4909999966621399,22.393580995635332,24.289518,32.256428,33.78122,35.72114,38.06826,30.536911,1.0,38.702945360352864,39.0,40.0,41.0,41.0,41.0,0
Mbalmayo,BIO_FP_FH__L2A_20251124T050104_20251206T050132_T_G01_M01_C___T004_F004,2025-11-24,24,47,11.46933364868164,3.4285855293273926,24.300922393798828,1.0,8649,6.348599910736084,20.55500364926581,19.878454,30.552637,32.375614,35.466682,37.940556,29.092512,1.0,35.134982544502805,35.0,37.0,38.0,38.0,38.0,0
Mbalmayo,BIO_FP_FH__L2A_20251124T050104_20251206T050132_T_G01_M01_C___T004_F004,2025-11-24,24,48,11.47016716003418,3.4285855293273926,22.5477237701416,1.0,8649,6.632599830627441,16.65826567739045,17.115625,23.038832,24.369278,27.791464,31.114016,21.727375,1.0,33.50933786397284,34.0,34.0,34.0,34.1984977722168,35.0,0
Mbalmayo,BIO_FP_FH__L2A_20251124T050104_20251206T050132_T_G01_M01_C___T004_F004,2025-11-24,25,3,11.432659149169922,3.4277520179748535,29.426082611083984,1.0000000423414195,8649,0.38019999861717224,26.08225167594741,27.99277,33.914917,35.35994,38.91696,41.293423,33.06163,1.0,32.46110506197775,32.00285720825195,34.0,34.0,35.0,35.0,0
Mbalmayo,BIO_FP_FH__L2A_20251124T050104_20251206T050132_T_G01_M01_C___T004_F004,2025-11-24,25,4,11.433492660522461,3.4277520179748535,30.67628288269043,1.000000028227613,8649,0.8514000177383423,25.55636033732561,25.936447,33.51064,34.583538,36.176388,39.777397,32.418034,1.0,30.637031094712842,30.0,33.0,34.0,35.0,35.0,0
Mbalmayo,BIO_FP_FH__L2A_20251124T050104_20251206T050132_T_G01_M01_C___T004_F004,2025-11-24,25,5,11.434326171875,3.4277520179748535,32.6574821472168,1.000000084682839,8649,1.0473999977111816,21.50742339583971,23.55998,29.40577,30.772263,33.100628,35.421394,28.564045,1.0,34.73774625381468,35.0,36.0,36.298377990722656,37.0,37.0,0
Mbalmayo,BIO_FP_FH__L2A_20251124T050104_20251206T050132_T_G01_M01_C___T004_F004,2025-11-24,25,6,11.435159683227539,3.4277520179748535,34.54975891113281,0.9999999012033545,8649,1.0230000019073486,24.283005672579332,24.965816,32.02692,33.88978,36.161983,38.364487,31.11588,1.0,31.88174785146935,32.0,35.0,36.0,36.0,36.0,0
Mbalmayo,BIO_FP_FH__L2A_20251124T050104_20251206T050132_T_G01_M01_C___T004_F004,2025-11-24,25,7,11.435993194580078,3.4277520179748535,32.033355712890625,0.999999971772387,8649,11.437399864196777,21.203143664186467,20.980076,33.84829,35.91048,37.804935,41.12305,30.705624,1.0,31.939387451694085,32.0,35.0,35.0,36.0,36.0,0
Mbalmayo,BIO_FP_FH__L2A_20251124T050104_20251206T050132_T_G01_M01_C___T004_F004,2025-11-24,25,8,11.436826705932617,3.4277520179748535,22.233957290649414,1.0000000423414195,8649,39.783599853515625,31.26864109496261,33.38866,40.48017,41.93782,44.11799,46.12942,39.183155,1.0,35.312093729228,35.0,37.0,37.0,38.0,38.0,0
Mbalmayo,BIO_FP_FH__L2A_20251124T050104_20251206T050132_T_G01_M01_C___T004_F004,2025-11-24,25,9,11.437660217285156,3.4277520179748535,13.576557159423828,1.000000112910452,8649,64.19740295410156,28.657736730567578,31.860765,39.33887,40.75734,43.288445,44.42876,37.77803,1.0,35.07317506355941,35.0,36.430118560791016,37.0,37.0,37.0,0
Mbalmayo,BIO_FP_FH__L2A_20251124T050104_20251206T050132_T_G01_M01_C___T004_F004,2025-11-24,25,10,11.438493728637695,3.4277520179748535,9.867156982421875,1.0000000141138066,8649,73.27079772949219,19.415622196777537,16.759262,34.678112,36.077805,38.07672,39.754158,33.290646,1.0,35.49730424090388,35.18577194213867,37.0,37.0,37.0,37.0,0
Mbalmayo,BIO_FP_FH__L2A_20251124T050104_20251206T050132_T_G01_M01_C___T004_F004,2025-11-24,25,11,11.439327239990234,3.4277520179748535,12.892757415771484,0.999999971772387,8649,62.738800048828125,26.015385460910217,27.491405,34.885395,35.929432,37.341953,39.29543,33.852524,1.0,36.27172484956376,36.0,37.0,37.0,38.0,39.0,0
Mbalmayo,BIO_FP_FH__L2A_20251124T050104_20251206T050132_T_G01_M01_C___T004_F004,2025-11-24,25,12,11.440160751342773,3.4277520179748535,14.84495735168457,1.0000001552518716,8649,52.39979934692383,24.063790669474052,25.232256,35.668037,37.712093,39.743107,41.926804,34.195995,1.0,36.873108704498925,37.0,39.0,39.0,39.0,39.0,0
Mbalmayo,BIO_FP_FH__L2A_20251124T050104_20251206T050132_T_G01_M01_C___T004_F004,2025-11-24,25,13,11.440994262695312,3.4277520179748535,9.187356948852539,0.9999999576585805,8649,43.2588005065918,16.24302508002352,14.719691,31.10559,33.920162,38.701714,41.19543,27.092876,1.0,38.10303673207767,38.0,40.0,40.0,41.0,41.0,0
Mbalmayo,BIO_FP_FH__L2A_20251124T050104_20251206T050132_T_G01_M01_C___T004_F004,2025-11-24,25,14,11.441827774047852,3.4277520179748535,4.7922868728637695,1.000000112910452,8649,29.944799423217773,16.029888748215026,14.528013,29.422075,31.437231,34.918335,37.839924,26.88121,1.0,38.285289299530795,38.0,40.0,41.0,41.0,41.0,0
Mbalmayo,BIO_FP_FH__L2A_20251124T050104_20251206T050132_T_G01_M01_C___T004_F004,2025-11-24,25,15,11.44266128540039,3.4277520179748535,8.548887252807617,0.9999999858861935,8649,5.257400035858154,18.01168377615237,17.389156,32.05036,35.291668,37.546238,38.197845,26.919237,1.0,36.50325958670074,36.60247039794922,37.60247039794922,38.0,38.0,38.0,0
Mbalmayo,BIO_FP_FH__L2A_20251124T050104_20251206T050132_T_G01_M01_C___T004_F004,2025-11-24,25,18,11.445161819458008,3.4277520179748535,20.70328712463379,0.999999971772387,8649,0.0,16.944152710487458,17.073011,27.37577,29.69709,32.215458,34.269745,24.86193,1.0,34.5652360672454,34.0,36.0,37.0,38.0,38.0,0
Mbalmayo,BIO_FP_FH__L2A_20251124T050104_20251206T050132_T_G01_M01_C___T004_F004,2025-11-24,25,19,11.445995330810547,3.4277520179748535,17.233686447143555,1.0,8649,14.838199615478516,16.506442218753612,17.359182,24.98279,27.045204,30.462149,32.128304,22.841406,1.0,31.324333987465923,31.0,34.0,35.0,35.0,35.0,0
Mbalmayo,BIO_FP_FH__L2A_20251124T050104_20251206T050132_T_G01_M01_C___T004_F004,2025-11-24,25,20,11.446828842163086,3.4277520179748535,12.31348705291748,1.0,8649,33.38100051879883,21.43830301913516,23.473553,29.605316,30.97972,34.392937,36.1844,29.071585,1.0,33.38984697002085,33.0,35.60247039794922,36.0,36.0,36.0,0
Mbalmayo,BIO_FP_FH__L2A_20251124T050104_20251206T050132_T_G01_M01_C___T004_F004,2025-11-24,25,21,11.447662353515625,3.4277520179748535,11.270486831665039,1.0,8649,26.654800415039062,15.553281990692566,14.535904,29.159912,31.371435,35.9524,38.586964,27.468857,1.0,37.514082289497374,38.0,39.0,39.0,39.0,39.0,0
Mbalmayo,BIO_FP_FH__L2A_20251124T050104_20251206T050132_T_G01_M01_C___T004_F004,2025-11-24,25,22,11.448495864868164,3.4277520179748535,14.312088966369629,1.0,8649,0.0,15.913779772228004,14.671591,31.732569,34.14784,37.652176,45.26766,28.59044,1.0,36.710124815994774,37.0,38.0,38.0,39.0,39.0,0
Mbalmayo,BIO_FP_FH__L2A_20251124T050104_20251206T050132_T_G01_M01_C___T004_F004,2025-11-24,25,23,11.449329376220703,3.4277520179748535,14.189488410949707,1.0,8649,0.0,12.434408511822175,9.739279,25.994255,30.455544,35.409916,42.396626,21.042927,1.0,35.22705387614313,35.48362731933594,36.0,36.0,37.0,37.0,0
Mbalmayo,BIO_FP_FH__L2A_20251124T050104_20251206T050132_T_G01_M01_C___T004_F004,2025-11-24,25,24,11.450162887573242,3.4277520179748535,11.562889099121094,1.0,8649,3.554800033569336,10.727677151982888,8.281938,23.159443,26.151432,31.738905,34.80195,18.898947,1.0,35.556583622422906,36.0,38.0,38.0,39.0,39.0,0
Mbalmayo,BIO_FP_FH__L2A_20251124T050104_20251206T050132_T_G01_M01_C___T004_F004,2025-11-24,25,25,11.450996398925781,3.4277520179748535,8.035489082336426,1.0,8649,24.565200805664062,16.78508669716152,14.295817,34.317413,37.47119,39.835476,41.631775,30.18704,1.0,37.63269157202372,37.0,39.0,40.0,40.0,40.0,0
Mbalmayo,BIO_FP_FH__L2A_20251124T050104_20251206T050132_T_G01_M01_C___T004_F004,2025-11-24,25,26,11.45182991027832,3.4277520179748535,4.508288860321045,1.0,8649,45.575599670410156,13.794563497225113,11.848394,26.865805,32.29144,36.96956,40.946697,23.681787,1.0,34.9909318074255,34.0,37.58887481689453,38.794437408447266,39.0,39.0,0
Mbalmayo,BIO_FP_FH__L2A_20251124T050104_20251206T050132_T_G01_M01_C___T004_F004,2025-11-24,25,27,11.45266342163086,3.4277520179748535,7.463688850402832,0.999999971772387,8649,39.06439971923828,17.499600790971613,17.287111,28.31667,31.543013,35.037865,36.963264,25.396154,1.0,32.32826933484227,32.0,34.0,34.0,34.0,34.0,0
Mbalmayo,BIO_FP_FH__L2A_20251124T050104_20251206T050132_T_G01_M01_C___T004_F004,2025-11-24,25,28,11.453496932983398,3.4277520179748535,17.65268898010254,0.999999943544774,8649,3.838399887084961,22.81581859715417,22.88687,33.441204,36.413853,39.453754,40.933155,29.625185,1.0,33.50210806835261,34.0,34.0,34.51637268066406,35.0,35.0,0
Mbalmayo,BIO_FP_FH__L2A_20251124T050104_20251206T050132_T_G01_M01_C___T004_F004,2025-11-24,25,32,11.456830978393555,3.4277520179748535,20.42546844482422,0.999999943544774,8649,0.0,9.45909059319824,7.5061345,22.168459,27.11706,33.502605,38.686104,16.521696,1.0,32.02743776338833,32.0,33.0,34.0,34.0,36.0,0
Mbalmayo,BIO_FP_FH__L2A_20251124T050104_20251206T050132_T_G01_M01_C___T004_F004,2025-11-24,25,33,11.457664489746094,3.4277520179748535,20.103668212890625,0.962339480855807,8378,0.0,17.379863992661534,17.39934,27.720938,30.384594,38.073933,42.163067,26.055399,1.0,34.43334190941144,34.0,36.0,37.0,37.0,37.0,0
Mbalmayo,BIO_FP_FH__L2A_20251124T050104_20251206T050132_T_G01_M01_C___T004_F004,2025-11-24,25,34,11.458498001098633,3.4277520179748535,19.967668533325195,0.9742631633263239,8480,0.0,18.878959863382807,17.593998,31.096947,33.762207,36.55971,38.385098,28.065159,1.0,35.91624355856456,36.0,37.0,38.0,38.0,38.0,0
Mbalmayo,BIO_FP_FH__L2A_20251124T050104_20251206T050132_T_G01_M01_C___T004_F004,2025-11-24,25,35,11.459331512451172,3.4277520179748535,20.28306770324707,0.9873784462528182,8564,0.0,20.143758360869008,18.902061,31.545736,34.209698,37.69397,40.599075,29.644567,1.0,35.25858960045267,36.0,37.0,37.0,37.0,37.0,0
Mbalmayo,BIO_FP_FH__L2A_20251124T050104_20251206T050132_T_G01_M01_C___T004_F004,2025-11-24,25,36,11.460165023803711,3.4277520179748535,20.360668182373047,0.9478899068895248,8239,0.0,25.546291217250527,24.706,39.006016,42.08952,44.363983,45.637337,36.18553,1.0,33.17687634024707,33.0,35.0,35.0,36.0,36.0,0
Mbalmayo,BIO_FP_FH__L2A_20251124T050104_20251206T050132_T_G01_M01_C___T004_F004,2025-11-24,25,37,11.46099853515625,3.4277520179748535,19.696868896484375,1.0,8649,0.0,19.382847728061048,19.58176,28.763275,32.6521,36.259045,39.692924,26.058455,1.0,33.70643239545607,33.0,36.179168701171875,37.0,37.0,38.0,0
Mbalmayo,BIO_FP_FH__L2A_20251124T050104_20251206T050132_T_G01_M01_C___T004_F004,2025-11-24,25,38,11.461832046508789,3.4277520179748535,19.033109664916992,1.0,8649,0.0,20.81810035842294,18.737816,35.51393,36.994488,39.84469,42.361057,32.859936,1.0,38.219714928312875,38.0,39.0,40.0,40.0,40.0,0
Mbalmayo,BIO_FP_FH__L2A_20251124T050104_20251206T050132_T_G01_M01_C___T004_F004,2025-11-24,25,39,11.462665557861328,3.4277520179748535,18.170909881591797,1.0,8649,0.0,23.046017332206034,24.283596,31.925114,32.997253,38.72329,42.02359,30.176445,1.0,35.45803059394793,35.0,38.0,38.0,38.0,38.0,0
Mbalmayo,BIO_FP_FH__L2A_20251124T050104_20251206T050132_T_G01_M01_C___T004_F004,2025-11-24,25,40,11.463499069213867,3.4277520179748535,14.618109703063965,1.0,8649,6.423600196838379,18.317540322580644,18.411966,29.799633,32.91234,38.489384,41.350723,26.656654,1.0,31.329116585103332,31.0,33.0,33.0,33.0,33.0,0
Mbalmayo,BIO_FP_FH__L2A_20251124T050104_20251206T050132_T_G01_M01_C___T004_F004,2025-11-24,25,41,11.464332580566406,3.4277520179748535,7.991909503936768,1.0,8649,19.31599998474121,16.483700472959303,14.774141,29.798264,36.21783,41.082226,42.486835,26.857115,1.0,31.893609069981235,32.0,33.0,34.0,34.0,34.0,0
Mbalmayo,BIO_FP_FH__L2A_20251124T050104_20251206T050132_T_G01_M01_C___T004_F004,2025-11-24,25,42,11.465166091918945,3.4277520179748535,6.5081095695495605,1.0,8649,18.571399688720703,18.520330204358885,17.203829,32.15486,37.760715,40.767483,43.793816,27.895287,1.0,33.254846210768626,34.0,35.0,35.0,36.0,36.0,0
Mbalmayo,BIO_FP_FH__L2A_20251124T050104_20251206T050132_T_G01_M01_C___T004_F004,2025-11-24,25,43,11.465999603271484,3.4277520179748535,14.359709739685059,1.0,8649,1.8040000200271606,19.239658305873512,18.836708,29.266186,32.000973,35.885662,40.785694,27.137651,1.0,32.25850122398635,33.0,35.0,35.0,36.0,36.0,0
Mbalmayo,BIO_FP_FH__L2A_20251124T050104_20251206T050132_T_G01_M01_C___T004_F004,2025-11-24,25,44,11.466833114624023,3.4277520179748535,20.856109619140625,1.0,8649,0.5658000111579895,17.67650861913227,17.264069,28.293278,30.954052,33.751743,36.413685,26.130335,1.0,34.88826556739979,35.0,38.0,38.0,38.17898178100586,39.0,0
Mbalmayo,BIO_FP_FH__L2A_20251124T050104_20251206T050132_T_G01_M01_C___T004_F004,2025-11-24,25,45,11.467666625976562,3.4277520179748535,27.29071044921875,1.0,8649,0.03359999880194664,23.328816915250318,24.804611,31.479534,32.339127,33.85368,35.355576,30.270823,1.0,39.681097939877525,40.0,41.0,41.0,41.0,41.0,0
Mbalmayo,BIO_FP_FH__L2A_20251124T050104_20251206T050132_T_G01_M01_C___T004_F004,2025-11-24,25,46,11.468500137329102,3.4277520179748535,28.63532257080078,1.0,8649,0.43140000104904175,25.46425390579836,27.047611,32.66732,33.615616,35.51207,37.790413,31.415115,1.0,38.49700808119865,38.0,40.0,41.0,41.0,41.0,0
Mbalmayo,BIO_FP_FH__L2A_20251124T050104_20251206T050132_T_G01_M01_C___T004_F004,2025-11-24,25,47,11.46933364868164,3.4277520179748535,29.710723876953125,1.0,8649,0.8838000297546387,23.798961585154352,26.011002,31.424936,32.564972,34.691334,36.624886,30.16154,1.0,36.16344954179386,36.0,37.0,37.51637268066406,38.0,38.0,0
Mbalmayo,BIO_FP_FH__L2A_20251124T050104_20251206T050132_T_G01_M01_C___T004_F004,2025-11-24,25,48,11.47016716003418,3.4277520179748535,30.255922317504883,0.9999999858861935,8649,1.0634000301361084,17.98952126066441,19.242714,25.868504,27.82242,30.63527,32.79634,24.277346,1.0,34.35015135928377,35.0,35.0,36.0,36.0,36.0,0
Mbalmayo,BIO_FP_FH__L2A_20251124T050104_20251206T050132_T_G01_M01_C___T004_F004,2025-11-24,26,3,11.432659149169922,3.4269185066223145,30.764482498168945,1.0,8649,0.3050000071525574,17.42961072089259,19.598055,30.894337,33.792896,40.250523,42.780582,28.213009,1.0,35.28266629931251,35.95326614379883,37.0,37.0,37.0,37.0,0
Mbalmayo,BIO_FP_FH__L2A_20251124T050104_20251206T050132_T_G01_M01_C___T004_F004,2025-11-24,26,4,11.433492660522461,3.4269185066223145,30.316482543945312,1.0,8649,0.7590000033378601,23.922460101962656,24.833918,31.29578,33.125362,36.116875,38.734474,29.967594,1.0,31.389759032626223,31.0,34.0,34.0,35.0,35.0,0
Mbalmayo,BIO_FP_FH__L2A_20251124T050104_20251206T050132_T_G01_M01_C___T004_F004,2025-11-24,26,5,11.434326171875,3.4269185066223145,30.88808250427246,0.999999971772387,8649,0.8163999915122986,24.106622472009004,24.983437,30.821243,32.091904,34.396553,38.986324,29.809788,1.0,30.77181978895011,31.0,35.0,35.0,36.0,36.0,0
Mbalmayo,BIO_FP_FH__L2A_20251124T050104_20251206T050132_T_G01_M01_C___T004_F004,2025-11-24,26,6,11.435159683227539,3.4269185066223145,32.52275848388672,0.9999999858861935,8649,0.6729999780654907,22.50094515223695,23.603518,30.673891,32.460953,35.711666,37.910683,29.510199,1.0,34.79002691227682,35.0,36.0,36.0,37.0,37.0,0
Mbalmayo,BIO_FP_FH__L2A_20251124T050104_20251206T050132_T_G01_M01_C___T004_F004,2025-11-24,26,7,11.435993194580078,3.4269185066223145,34.431156158447266,1.0,8649,1.037600040435791,23.91772079864724,24.484402,31.864113,33.893024,37.590656,39.964836,31.028475,1.0,34.336764474234315,34.63611602783203,36.0,36.0,37.0,37.0,0
Mbalmayo,BIO_FP_FH__L2A_20251124T050104_20251206T050132_T_G01_M01_C___T004_F004,2025-11-24,26,8,11.436826705932617,3.4269185066223145,34.29835891723633,1.0,8649,1.0161999464035034,25.101876842698577,26.699228,34.04887,35.57408,37.78394,40.611347,31.694878,1.0,32.36287839609235,33.0,35.0,36.0,37.0,37.0,0
Mbalmayo,BIO_FP_FH__L2A_20251124T050104_20251206T050132_T_G01_M01_C___T004_F004,2025-11-24,26,9,11.437660217285156,3.4269185066223145,28.10515785217285,1.0,8649,18.366600036621094,32.205953181003586,34.78924,39.881836,41.161045,44.912468,46.931004,38.886395,1.0,34.71182834185511,35.0,36.0,36.0,37.0,37.0,0
Mbalmayo,BIO_FP_FH__L2A_20251124T050104_20251206T050132_T_G01_M01_C___T004_F004,2025-11-24,26,10,11.438493728637695,3.4269185066223145,25.39295768737793,1.0,8649,24.348600387573242,31.575825691553938,33.333424,38.29262,39.10739,40.624355,42.828827,37.022083,1.0,35.261564187058575,35.0,36.0,37.0,38.0,38.0,0
Mbalmayo,BIO_FP_FH__L2A_20251124T050104_20251206T050132_T_G01_M01_C___T004_F004,2025-11-24,26,11,11.439327239990234,3.4269185066223145,28.00655746459961,1.0,8649,13.81760025024414,31.98378515579836,32.75134,37.022186,37.977806,39.552013,41.020363,36.05497,1.0,35.07596605997552,35.0,36.0,36.0,36.0,36.0,0
Mbalmayo,BIO_FP_FH__L2A_20251124T050104_20251206T050132_T_G01_M01_C___T004_F004,2025-11-24,26,12,11.440160751342773,3.4269185066223145,29.441757202148438,1.0,8649,3.4953999519348145,15.552405353942651,14.0906725,27.999823,30.549437,33.54152,38.239086,25.741123,1.0,33.871438189508844,34.0,35.0,36.0,36.0,36.0,0
Mbalmayo,BIO_FP_FH__L2A_20251124T050104_20251206T050132_T_G01_M01_C___T004_F004,2025-11-24,26,13,11.440994262695312,3.4269185066223145,22.65355682373047,1.0,8649,2.1640000343322754,16.16971028081281,15.754441,29.22426,32.06842,34.725018,37.65801,25.424036,1.0,36.528149490894535,37.0,38.0,38.0,38.126020812988386,40.0,0
Mbalmayo,BIO_FP_FH__L2A_20251124T050104_20251206T050132_T_G01_M01_C___T004_F004,2025-11-24,26,14,11.441827774047852,3.4269185066223145,15.553486824035645,1.0,8649,2.98799991607666,20.38761209749682,20.487837,28.602148,30.089863,34.024456,37.21649,27.06815,1.0,37.272402311394096,38.0,39.0,40.0,40.0,40.0,0
Mbalmayo,BIO_FP_FH__L2A_20251124T050104_20251206T050132_T_G01_M01_C___T004_F004,2025-11-24,26,15,11.44266128540039,3.4269185066223145,10.311286926269531,1.0,8649,3.5199999809265137,18.019145999537518,18.03344,25.801014,28.118504,30.632786,34.77619,23.757341,1.0,33.656029033363176,33.0,36.0,36.0,37.0,38.0,0
Mbalmayo,BIO_FP_FH__L2A_20251124T050104_20251206T050132_T_G01_M01_C___T004_F004,2025-11-24,26,16,11.44349479675293,3.4269185066223145,13.4144868850708,0.9653510425473681,8376,2.484800100326538,19.312949676523193,19.257214,29.173962,30.355545,33.151657,36.08359,27.141891,0.9711511124815744,34.090765900883255,34.0,35.0,35.0,35.0,35.0,0
Mbalmayo,BIO_FP_FH__L2A_20251124T050104_20251206T050132_T_G01_M01_C___T004_F004,2025-11-24,26,18,11.445161819458008,3.4269185066223145,20.06208610534668,0.9740345478884842,8463,0.9132000207901001,19.578753232294815,20.345917,28.208073,30.24947,34.070675,36.415215,26.880901,0.9305521128958691,31.250873154015853,31.0,34.0,34.0,34.0,34.0,0
Mbalmayo,BIO_FP_FH__L2A_20251124T050104_20251206T050132_T_G01_M01_C___T004_F004,2025-11-24,26,19,11.445995330810547,3.4269185066223145,11.117087364196777,1.0,8649,48.27439880371094,11.874225434298763,11.652311,23.808292,25.748608,29.001118,31.580248,20.838182,1.0,31.705999062783263,32.0,33.0,33.0,34.0,34.0,0
Mbalmayo,BIO_FP_FH__L2A_20251124T050104_20251206T050132_T_G01_M01_C___T004_F004,2025-11-24,26,20,11.446828842163086,3.4269185066223145,3.9660871028900146,1.0,8649,82.78980255126953,14.864992972453463,13.528188,32.154922,35.857246,39.628536,41.88783,28.528635,1.0,34.265587204990396,35.0,37.0,37.0,37.0,37.0,0
Mbalmayo,BIO_FP_FH__L2A_20251124T050104_20251206T050132_T_G01_M01_C___T004_F004,2025-11-24,26,21,11.447662353515625,3.4269185066223145,8.985886573791504,1.0,8649,38.10200119018555,18.394196583420047,18.003479,31.140598,34.59704,39.42673,41.74772,29.33436,1.0,37.88099487283517,38.0,39.0,39.0,39.0,39.0,0
Mbalmayo,BIO_FP_FH__L2A_20251124T050104_20251206T050132_T_G01_M01_C___T004_F004,2025-11-24,26,22,11.448495864868164,3.4269185066223145,13.191088676452637,1.0,8649,0.20360000431537628,15.711199000607007,12.894947,30.343456,34.314518,37.314854,39.95513,26.21243,1.0,35.61733320035305,35.0,37.0,37.0,38.0,38.0,0
Mbalmayo,BIO_FP_FH__L2A_20251124T050104_20251206T050132_T_G01_M01_C___T004_F004,2025-11-24,26,23,11.449329376220703,3.4269185066223145,12.55928897857666,1.0,8649,0.7354000210762024,10.840904204965891,6.510308,30.939793,36.127342,42.61679,44.966297,20.294247,1.0,36.7215589500601,36.0,39.0,41.0,41.0,42.0,0
Mbalmayo,BIO_FP_FH__L2A_20251124T050104_20251206T050132_T_G01_M01_C___T004_F004,2025-11-24,26,24,11.450162887573242,3.4269185066223145,11.902288436889648,1.0,8649,1.2674000263214111,23.338454951439473,27.345959,38.24589,40.01984,41.673584,43.953293,36.467564,1.0,38.584269724411556,38.0,40.0,41.0,41.0,42.0,0
Mbalmayo,BIO_FP_FH__L2A_20251124T050104_20251206T050132_T_G01_M01_C___T004_F004,2025-11-24,26,25,11.450996398925781,3.4269185066223145,13.165688514709473,1.0,8649,1.003999948501587,16.86042777705515,14.298001,33.372284,35.242546,38.7588,42.212353,30.325666,1.0,36.312255995661445,37.0,38.0,39.0,39.0,39.0,0
Mbalmayo,BIO_FP_FH__L2A_20251124T050104_20251206T050132_T_G01_M01_C___T004_F004,2025-11-24,26,26,11.45182991027832,3.4269185066223145,10.029889106750488,1.0,8649,17.05459976196289,15.8052805056943,14.086814,31.946785,34.45625,42.690285,44.59816,26.542805,1.0,32.515428507806305,32.0,36.0,36.0,37.0,37.0,0
Mbalmayo,BIO_FP_FH__L2A_20251124T050104_20251206T050132_T_G01_M01_C___T004_F004,2025-11-24,26,27,11.45266342163086,3.4269185066223145,11.3906888961792,1.0,8649,15.731800079345703,16.89267771201873,17.302612,27.826717,29.509157,32.714428,37.568943,25.347136,1.0,30.48403784586165,30.470712661743164,32.0,32.0,32.0,32.0,0
Mbalmayo,BIO_FP_FH__L2A_20251124T050104_20251206T050132_T_G01_M01_C___T004_F004,2025-11-24,26,28,11.453496932983398,3.4269185066223145,11.86768913269043,1.0,8649,27.78260040283203,18.196332307203146,18.660099,30.641901,32.165474,33.857838,37.420868,28.947145,1.0,33.99741938023474,34.0,35.0,35.0,35.0,35.0,0
Mbalmayo,BIO_FP_FH__L2A_20251124T050104_20251206T050132_T_G01_M01_C___T004_F004,2025-11-24,26,31,11.455997467041016,3.4269185066223145,17.245668411254883,0.9921235503427058,8592,19.48579978942871,15.4698683643158,15.05936,27.997166,31.022814,35.277077,37.02118,23.853315,0.9956555949124122,33.41950584853418,34.0,35.0,36.0,36.0,36.0,0
Mbalmayo,BIO_FP_FH__L2A_20251124T050104_20251206T050132_T_G01_M01_C___T004_F004,2025-11-24,26,32,11.456830978393555,3.4269185066223145,19.04686737060547,1.0,8649,6.965400218963623,18.823418214894787,16.789106,35.012962,36.239803,38.010117,39.26946,31.432367,1.0,35.71170131759652,36.0,37.0,38.0,38.0,39.0,0
Mbalmayo,BIO_FP_FH__L2A_20251124T050104_20251206T050132_T_G01_M01_C___T004_F004,2025-11-24,26,33,11.457664489746094,3.4269185066223145,16.723268508911133,1.0,8649,14.057999610900879,20.947409472915943,19.69609,40.842274,43.73904,48.712193,50.210293,35.47461,1.0,37.662316505695884,38.0,40.0,40.0,40.0,40.0,0
Mbalmayo,BIO_FP_FH__L2A_20251124T050104_20251206T050132_T_G01_M01_C___T004_F004,2025-11-24,26,34,11.458498001098633,3.4269185066223145,18.3958683013916,1.0,8649,5.377799987792969,12.581547315802405,10.055737,27.868116,32.559105,39.050873,43.783627,21.482262,1.0,35.588314750178284,36.0,37.0,38.0,38.0,38.0,0
Mbalmayo,BIO_FP_FH__L2A_20251124T050104_20251206T050132_T_G01_M01_C___T004_F004,2025-11-24,26,35,11.459331512451172,3.4269185066223145,21.580467224121094,1.0,8649,0.0,16.861965617412416,14.315188,32.50085,37.08587,42.906723,44.692314,27.698006,1.0,34.86668656748669,35.0,36.0,36.0,37.0,37.0,0
Mbalmayo,BIO_FP_FH__L2A_20251124T050104_20251206T050132_T_G01_M01_C___T004_F004,2025-11-24,26,36,11.460165023803711,3.4269185066223145,21.689268112182617,1.0,8649,0.0,19.14140453376113,19.436573,30.661201,34.610638,38.734943,40.288513,27.461708,1.0,31.574141254175853,31.0,33.0,35.0,35.0,35.0,0
Mbalmayo,BIO_FP_FH__L2A_20251124T050104_20251206T050132_T_G01_M01_C___T004_F004,2025-11-24,26,37,11.46099853515625,3.4269185066223145,20.419668197631836,1.0,8649,0.0,9.725171443230431,9.142367,19.64957,21.696276,26.030241,32.56929,18.243286,1.0,32.4023789557877,32.0,34.0,37.0,37.0,38.0,0
Mbalmayo,BIO_FP_FH__L2A_20251124T050104_20251206T050132_T_G01_M01_C___T004_F004,2025-11-24,26,38,11.461832046508789,3.4269185066223145,19.404909133911133,1.0,8649,0.0,21.684153785842295,20.49895,40.088444,44.37457,51.39261,54.233925,33.65211,1.0,36.26634682020103,36.0,38.0,38.0,39.0,39.0,0
Mbalmayo,BIO_FP_FH__L2A_20251124T050104_20251206T050132_T_G01_M01_C___T004_F004,2025-11-24,26,39,11.462665557861328,3.4269185066223145,16.90730857849121,1.0,8649,4.035999774932861,20.640841336426178,22.503578,31.632849,34.33178,39.172592,45.51181,28.781353,1.0,34.650836591734915,34.0,36.0,36.02630615234375,37.0,38.0,0
Mbalmayo,BIO_FP_FH__L2A_20251124T050104_20251206T050132_T_G01_M01_C___T004_F004,2025-11-24,26,40,11.463499069213867,3.4269185066223145,9.888309478759766,1.0,8649,18.843000411987305,22.68542064111458,23.307652,35.385475,39.073895,42.101315,43.38444,32.052242,1.0,32.12555589763012,32.0,34.0,34.0,34.0,34.0,0
Mbalmayo,BIO_FP_FH__L2A_20251124T050104_20251206T050132_T_G01_M01_C___T004_F004,2025-11-24,26,41,11.464332580566406,3.4269185066223145,3.5945096015930176,1.0,8649,30.899999618530273,14.535553243149497,12.889366,27.363918,29.346,35.05884,37.232338,24.905796,1.0,27.333096891348728,28.0,30.0,31.0,32.0,32.0,0
Mbalmayo,BIO_FP_FH__L2A_20251124T050104_20251206T050132_T_G01_M01_C___T004_F004,2025-11-24,26,42,11.465166091918945,3.4269185066223145,8.692109107971191,1.0,8649,19.478599548339844,6.216840232613597,2.923669,14.44795,22.181782,36.840042,39.931435,13.23681,1.0,23.3422219885858,22.0,27.0,28.0,31.0,32.0,0
Mbalmayo,BIO_FP_FH__L2A_20251124T050104_20251206T050132_T_G01_M01_C___T004_F004,2025-11-24,26,43,11.465999603271484,3.4269185066223145,15.408709526062012,1.0,8649,3.50600004196167,9.711878269886691,5.8954115,22.57116,28.831385,39.038216,41.936172,20.481201,1.0,27.847434182927323,28.0,29.0,30.0,34.0,34.0,0
Mbalmayo,BIO_FP_FH__L2A_20251124T050104_20251206T050132_T_G01_M01_C___T004_F004,2025-11-24,26,44,11.466833114624023,3.4269185066223145,20.555709838867188,1.0,8649,0.0,11.669017010637068,9.228244,29.522207,32.952133,34.75309,37.677094,24.791348,1.0,35.48682264300878,36.530155181884766,38.43027877807617,39.0,39.0,39.0,0
Mbalmayo,BIO_FP_FH__L2A_20251124T050104_20251206T050132_T_G01_M01_C___T004_F004,2025-11-24,26,45,11.467666625976562,3.4269185066223145,25.742109298706055,1.0,8649,0.0,19.85022518860562,19.122702,33.348377,36.664474,38.923065,40.10226,29.053425,1.0,38.10050455685061,38.0,40.0,40.0,40.0,40.0,0
Mbalmayo,BIO_FP_FH__L2A_20251124T050104_20251206T050132_T_G01_M01_C___T004_F004,2025-11-24,26,46,11.468500137329102,3.4269185066223145,27.725723266601562,1.0,8649,0.350600004196167,28.471056083073186,30.587158,36.207718,37.53178,39.405163,41.598362,35.297882,1.0,38.00945843579604,38.0,39.0,39.0,39.0,39.0,0
Mbalmayo,BIO_FP_FH__L2A_20251124T050104_20251206T050132_T_G01_M01_C___T004_F004,2025-11-24,26,47,11.46933364868164,3.4269185066223145,28.589923858642578,1.0,8649,0.8241999745368958,17.760862888773268,18.120132,26.89646,28.21012,30.033506,34.292442,25.798998,1.0,37.185154998546416,37.0,38.0,38.0,38.0,38.0,0
Mbalmayo,BIO_FP_FH__L2A_20251124T050104_20251206T050132_T_G01_M01_C___T004_F004,2025-11-24,26,48,11.47016716003418,3.4269185066223145,29.317922592163086,1.0,8649,1.097599983215332,22.0958336494826,23.61824,30.959372,32.760506,35.244267,36.62593,30.133205,1.0,35.59214941495167,36.0,36.0,37.0,37.0,37.0,0
Mbalmayo,BIO_FP_FH__L2A_20251124T050104_20251206T050132_T_G01_M01_C___T004_F004,2025-11-24,27,3,11.432659149169922,3.4260849952697754,27.977481842041016,1.0,8649,0.16619999706745148,13.680341703159325,11.190648,30.0996,32.842075,36.45424,43.965897,24.864313,1.0,35.50141465284877,35.0,37.0,38.0,40.0,40.0,0
Mbalmayo,BIO_FP_FH__L2A_20251124T050104_20251206T050132_T_G01_M01_C___T004_F004,2025-11-24,27,4,11.433492660522461,3.4260849952697754,27.896282196044922,1.0,8649,0.40860000252723694,21.95098918588854,24.13131,32.386734,34.296463,36.71272,38.740414,29.73085,1.0,31.60492490820698,31.55609893798828,33.0,35.0,35.0,36.0,0
Mbalmayo,BIO_FP_FH__L2A_20251124T050104_20251206T050132_T_G01_M01_C___T004_F004,2025-11-24,27,5,11.434326171875,3.4260849952697754,28.485082626342773,1.0,8649,0.29280000925064087,26.390293494912708,27.630474,33.427868,34.721638,37.003418,40.18775,32.33604,1.0,30.48833855933186,31.0,32.40469741821289,33.0,33.0,33.0,0
Mbalmayo,BIO_FP_FH__L2A_20251124T050104_20251206T050132_T_G01_M01_C___T004_F004,2025-11-24,27,6,11.435159683227539,3.4260849952697754,30.362957000732422,1.0,8649,0.4851999878883362,23.928784668025205,25.028908,32.686043,35.57296,39.496235,40.520214,30.682173,1.0,34.08735844496014,34.0,36.0,36.0,36.0,37.0,0
Mbalmayo,BIO_FP_FH__L2A_20251124T050104_20251206T050132_T_G01_M01_C___T004_F004,2025-11-24,27,7,11.435993194580078,3.4260849952697754,32.44795608520508,1.0,8649,0.9631999731063843,19.3595981110533,20.454618,31.842628,33.20347,34.91946,38.647495,30.558987,1.0,33.6503980541549,34.0,35.0,35.0,35.0,35.0,0
Mbalmayo,BIO_FP_FH__L2A_20251124T050104_20251206T050132_T_G01_M01_C___T004_F004,2025-11-24,27,8,11.436826705932617,3.4260849952697754,32.754356384277344,1.0,8649,1.0044000148773193,25.948751300728407,27.219887,34.318394,36.221237,38.935715,40.742603,32.54983,1.0,31.82557339755934,32.0,35.0,36.0,36.0,36.0,0
Mbalmayo,BIO_FP_FH__L2A_20251124T050104_20251206T050132_T_G01_M01_C___T004_F004,2025-11-24,27,9,11.437660217285156,3.4260849952697754,32.45815658569336,1.0,8649,0.8615999817848206,29.045640211296103,31.294127,38.66046,40.36902,42.215626,44.371704,36.435905,1.0,35.199341419487695,35.1458854675293,37.0,37.0,37.8541145324707,38.0,0
Mbalmayo,BIO_FP_FH__L2A_20251124T050104_20251206T050132_T_G01_M01_C___T004_F004,2025-11-24,27,10,11.438493728637695,3.4260849952697754,31.50535774230957,1.0,8649,0.7490000128746033,30.186240822638457,32.43058,38.65489,39.848957,41.822453,43.180233,37.1888,1.0,36.413785894091575,36.0,38.0,39.0,39.0,39.0,0
Mbalmayo,BIO_FP_FH__L2A_20251124T050104_20251206T050132_T_G01_M01_C___T004_F004,2025-11-24,27,11,11.439327239990234,3.4260849952697754,30.244356155395508,1.0,8649,0.6416000127792358,28.01354202798011,30.355421,35.571785,36.451244,37.683693,38.947105,34.716686,1.0,36.11594378651877,36.0,38.0,38.0,39.0,39.0,0
Mbalmayo,BIO_FP_FH__L2A_20251124T050104_20251206T050132_T_G01_M01_C___T004_F004,2025-11-24,27,12,11.440160751342773,3.4260849952697754,28.633358001708984,1.0,8649,0.5342000126838684,23.56104842322812,25.734535,33.97633,35.714993,37.46038,38.586235,32.26184,1.0,36.54134861203698,37.0,38.0,39.0,39.0,39.0,0
Mbalmayo,BIO_FP_FH__L2A_20251124T050104_20251206T050132_T_G01_M01_C___T004_F004,2025-11-24,27,13,11.440994262695312,3.4260849952697754,26.27775764465332,1.0,8649,0.426800012588501,21.179632399699386,21.044031,30.250765,32.69063,34.773083,36.97572,28.836153,1.0,37.73187983117361,38.0,39.0,39.0,39.0,39.0,0
Mbalmayo,BIO_FP_FH__L2A_20251124T050104_20251206T050132_T_G01_M01_C___T004_F004,2025-11-24,27,14,11.441827774047852,3.4260849952697754,23.446086883544922,1.0,8649,0.3935999870300293,17.04146387949474,15.905816,27.58795,30.917456,35.34364,36.793682,23.14603,1.0,35.246627744105055,35.0,37.0,38.0,39.0,39.0,0
Mbalmayo,BIO_FP_FH__L2A_20251124T050104_20251206T050132_T_G01_M01_C___T004_F004,2025-11-24,27,15,11.44266128540039,3.4260849952697754,17.41788673400879,1.0,8649,1.0490000247955322,15.57648689516129,15.274365,24.816616,27.66059,31.18916,36.62011,22.95274,1.0,32.9979112433042,33.0,34.0,34.0,35.0,35.0,0
Mbalmayo,BIO_FP_FH__L2A_20251124T050104_20251206T050132_T_G01_M01_C___T004_F004,2025-11-24,27,16,11.44349479675293,3.4260849952697754,18.940086364746094,0.999999971772387,8649,0.5171999931335449,18.398252394555538,17.186806,29.943884,31.829529,34.703266,37.555992,27.262218,1.0,34.60173540647932,35.0,36.0,36.0,36.0,36.0,0
Mbalmayo,BIO_FP_FH__L2A_20251124T050104_20251206T050132_T_G01_M01_C___T004_F004,2025-11-24,27,19,11.445995330810547,3.4260849952697754,8.115286827087402,1.0,8649,63.7151985168457,11.81208810267083,10.522716,25.00326,30.21436,33.192734,36.008114,19.695354,1.0,30.815909658364305,30.44390106201172,33.0,33.0,33.344181060791016,34.0,0
Mbalmayo,BIO_FP_FH__L2A_20251124T050104_20251206T050132_T_G01_M01_C___T004_F004,2025-11-24,27,20,11.446828842163086,3.4260849952697754,2.4210870265960693,1.0,8649,72.20700073242188,7.788685830731876,3.7823527,22.876265,26.302511,29.854612,34.246433,17.476587,1.0,33.54975184695213,33.0,35.0,35.0,35.0,37.0,0
Mbalmayo,BIO_FP_FH__L2A_20251124T050104_20251206T050132_T_G01_M01_C___T004_F004,2025-11-24,27,21,11.447662353515625,3.4260849952697754,8.526086807250977,1.0,8649,14.974800109863281,12.935062940802405,9.790964,28.193327,34.79243,37.711254,38.945717,24.759813,1.0,36.28535016708559,36.0,37.0,38.0,39.0,39.0,0
Mbalmayo,BIO_FP_FH__L2A_20251124T050104_20251206T050132_T_G01_M01_C___T004_F004,2025-11-24,27,22,11.448495864868164,3.4260849952697754,9.77428913116455,1.0,8649,3.2862000465393066,15.006904699965315,13.339394,27.309546,31.101803,35.076294,37.386898,24.234613,1.0,35.33036583538675,36.0,37.0,38.0,38.0,38.0,0
Mbalmayo,BIO_FP_FH__L2A_20251124T050104_20251206T050132_T_G01_M01_C___T004_F004,2025-11-24,27,23,11.449329376220703,3.4260849952697754,9.2656888961792,1.0,8649,3.2060000896453857,13.931012165423748,10.598005,28.516945,32.45619,37.821793,41.056057,25.03097,1.0,35.4334823964772,36.0,37.0,38.0,38.0,40.0,0
Mbalmayo,BIO_FP_FH__L2A_20251124T050104_20251206T050132_T_G01_M01_C___T004_F004,2025-11-24,27,24,11.450162887573242,3.4260849952697754,8.553888320922852,1.0,8649,3.73799991607666,16.18619204532316,12.445067,34.496075,38.532063,44.48352,49.005775,30.197897,1.0,36.667553410666265,37.0,39.0,39.0,40.0,40.0,0
Mbalmayo,BIO_FP_FH__L2A_20251124T050104_20251206T050132_T_G01_M01_C___T004_F004,2025-11-24,27,25,11.450996398925781,3.4260849952697754,9.070488929748535,1.0,8649,3.7751998901367188,17.738048202826917,16.002115,33.067585,34.45756,36.411148,39.004425,31.09873,1.0,32.408347363250904,32.0,36.0,37.0,37.0,37.0,0
Mbalmayo,BIO_FP_FH__L2A_20251124T050104_20251206T050132_T_G01_M01_C___T004_F004,2025-11-24,27,26,11.45182991027832,3.4260849952697754,10.862689018249512,1.0,8649,3.2992000579833984,14.443965252485837,12.723638,28.373356,30.17779,38.0835,41.781223,24.13929,1.0,29.59827782247973,29.0,32.0,32.0,32.059791564941406,33.0,0
Mbalmayo,BIO_FP_FH__L2A_20251124T050104_20251206T050132_T_G01_M01_C___T004_F004,2025-11-24,27,27,11.45266342163086,3.4260849952697754,11.078688621520996,1.0,8649,11.8100004196167,21.187527550150307,21.50607,32.920235,35.248367,38.85968,41.275826,29.417898,1.0,30.28141960120226,30.0,32.0,33.0,33.0,33.0,0
Mbalmayo,BIO_FP_FH__L2A_20251124T050104_20251206T050132_T_G01_M01_C___T004_F004,2025-11-24,27,28,11.453496932983398,3.4260849952697754,5.948688507080078,1.0,8649,49.20240020751953,19.31223669282576,22.211153,32.099556,35.089733,36.888268,38.23237,29.301624,1.0,32.553351093212406,33.0,34.0,34.0,34.0,35.0,0
Mbalmayo,BIO_FP_FH__L2A_20251124T050104_20251206T050132_T_G01_M01_C___T004_F004,2025-11-24,27,31,11.455997467041016,3.4260849952697754,11.349867820739746,1.0,8649,44.07059860229492,17.057337282489303,17.276594,29.345915,34.086227,38.612953,40.855103,24.981665,1.0,36.53930140969546,37.0,38.0,38.0,39.0,39.0,0
Mbalmayo,BIO_FP_FH__L2A_20251124T050104_20251206T050132_T_G01_M01_C___T004_F004,2025-11-24,27,32,11.456830978393555,3.4260849952697754,9.821667671203613,1.0,8649,39.905601501464844,19.7749825666262,17.547266,34.384968,38.24648,45.752663,49.05181,31.271976,1.0,38.01422384612504,38.0,39.0,39.0,40.0,40.0,0
Mbalmayo,BIO_FP_FH__L2A_20251124T050104_20251206T050132_T_G01_M01_C___T004_F004,2025-11-24,27,33,11.457664489746094,3.4260849952697754,7.805667877197266,1.0,8649,38.86600112915039,20.40608086014279,20.437334,37.042774,40.05223,43.14478,45.331676,30.845243,1.0,38.66479433262358,39.0,40.0,41.0,41.0,41.0,0
Mbalmayo,BIO_FP_FH__L2A_20251124T050104_20251206T050132_T_G01_M01_C___T004_F004,2025-11-24,27,34,11.458498001098633,3.4260849952697754,6.567267894744873,1.0,8649,29.535999298095703,16.256131037547693,13.147816,32.8847,36.539783,43.566124,47.241882,27.072395,1.0,37.48813382114671,37.0,39.0,39.0,40.0,40.0,0
Mbalmayo,BIO_FP_FH__L2A_20251124T050104_20251206T050132_T_G01_M01_C___T004_F004,2025-11-24,27,35,11.459331512451172,3.4260849952697754,14.543868064880371,1.0,8649,15.31820011138916,18.861296735894324,17.03349,34.959335,39.331497,41.864105,42.935345,29.796041,1.0,35.03375219375305,35.0,37.0,37.0,38.0,38.0,0
Mbalmayo,BIO_FP_FH__L2A_20251124T050104_20251206T050132_T_G01_M01_C___T004_F004,2025-11-24,27,36,11.460165023803711,3.4260849952697754,22.963668823242188,1.0,8649,0.0868000015616417,16.210744648947855,15.137172,29.955923,33.443386,36.522923,39.14797,22.994802,1.0,31.9935588962371,32.0,34.0,34.318092346191406,35.0,35.0,0
Mbalmayo,BIO_FP_FH__L2A_20251124T050104_20251206T050132_T_G01_M01_C___T004_F004,2025-11-24,27,37,11.46099853515625,3.4260849952697754,21.306867599487305,1.0,8649,0.0,17.937977837033184,17.95553,30.980247,34.48667,37.75594,40.563232,27.40119,1.0,34.22992605341006,34.0,36.0,36.0,36.0,36.0,0
Mbalmayo,BIO_FP_FH__L2A_20251124T050104_20251206T050132_T_G01_M01_C___T004_F004,2025-11-24,27,38,11.461832046508789,3.4260849952697754,18.9785099029541,1.0,8649,0.777999997138977,22.162453300237022,23.041597,35.190598,37.78305,40.93521,43.251488,29.56864,1.0,34.40409435202089,34.0,35.0,35.34416961669922,36.0,36.0,0
Mbalmayo,BIO_FP_FH__L2A_20251124T050104_20251206T050132_T_G01_M01_C___T004_F004,2025-11-24,27,39,11.462665557861328,3.4260849952697754,14.006909370422363,1.0,8649,5.7210001945495605,11.670120371574749,6.5663,30.6505,35.317635,39.762894,42.88459,24.75839,1.0,32.787348365188265,33.0,35.0,35.0,36.0,36.0,0
Mbalmayo,BIO_FP_FH__L2A_20251124T050104_20251206T050132_T_G01_M01_C___T004_F004,2025-11-24,27,40,11.463499069213867,3.4260849952697754,10.435909271240234,1.0,8649,11.248200416564941,19.15707740779281,20.152756,35.4392,40.105804,43.29022,46.26781,30.454082,1.0,33.47332016764824,34.0,34.0,35.0,35.0,35.0,0
Mbalmayo,BIO_FP_FH__L2A_20251124T050104_20251206T050132_T_G01_M01_C___T004_F004,2025-11-24,27,41,11.464332580566406,3.4260849952697754,4.665109634399414,1.0,8649,21.32200050354004,15.498439577552318,14.034844,29.007076,30.692932,35.108536,38.02304,25.452877,1.0,28.75548536375859,29.0,32.0,33.0,34.0,34.0,0
Mbalmayo,BIO_FP_FH__L2A_20251124T050104_20251206T050132_T_G01_M01_C___T004_F004,2025-11-24,27,42,11.465166091918945,3.4260849952697754,7.995309352874756,1.0,8649,16.55699920654297,15.949134744623656,16.17422,29.329702,32.70523,36.065517,37.485672,26.641523,1.0,26.39824771517232,27.0,29.0,30.0,32.0,32.0,0
Mbalmayo,BIO_FP_FH__L2A_20251124T050104_20251206T050132_T_G01_M01_C___T004_F004,2025-11-24,27,43,11.465999603271484,3.4260849952697754,14.11570930480957,1.0,8649,6.848400115966797,6.323301917129148,1.3114281,23.219433,27.007412,29.611528,33.284748,18.667849,1.0,27.190580672812,27.0,29.0,30.0,34.0,34.0,0
Mbalmayo,BIO_FP_FH__L2A_20251124T050104_20251206T050132_T_G01_M01_C___T004_F004,2025-11-24,27,44,11.466833114624023,3.4260849952697754,19.683509826660156,1.0,8649,0.0,14.283104892906694,13.456282,29.379013,32.94428,37.318813,41.470287,24.835484,1.0,33.67007189241362,34.0,38.0,38.0,39.0,39.0,0
Mbalmayo,BIO_FP_FH__L2A_20251124T050104_20251206T050132_T_G01_M01_C___T004_F004,2025-11-24,27,45,11.467666625976562,3.4260849952697754,24.389108657836914,1.0,8649,0.0,18.428181274569315,15.937373,35.589333,37.94603,40.135586,41.63636,32.98441,1.0,35.55250542347714,35.0,39.0,39.0,39.0,39.0,0
Mbalmayo,BIO_FP_FH__L2A_20251124T050104_20251206T050132_T_G01_M01_C___T004_F004,2025-11-24,27,46,11.468500137329102,3.4260849952697754,26.90072250366211,1.0,8649,0.2443999946117401,18.193252561712338,17.450905,30.612642,32.812588,34.89685,37.096844,28.120058,1.0,35.479671107784064,35.88780212402344,37.0,38.0,39.0,39.0,0
Mbalmayo,BIO_FP_FH__L2A_20251124T050104_20251206T050132_T_G01_M01_C___T004_F004,2025-11-24,27,47,11.46933364868164,3.4260849952697754,27.549522399902344,1.0,8649,0.718999981880188,23.268360142791074,25.021208,33.081814,34.285,35.509155,37.694496,31.763666,1.0,37.410158577013846,37.0,38.126897430419916,39.0,39.0,39.0,0
Mbalmayo,BIO_FP_FH__L2A_20251124T050104_20251206T050132_T_G01_M01_C___T004_F004,2025-11-24,27,48,11.47016716003418,3.4260849952697754,27.944522857666016,1.0,8649,0.7770000100135803,19.99241015941149,19.435905,32.661522,34.218235,37.45006,38.613735,31.0269,1.0,35.650458805270794,36.0,37.0,38.0,38.0,38.0,0
Mbalmayo,BIO_FP_FH__L2A_20251124T050104_20251206T050132_T_G01_M01_C___T004_F004,2025-11-24,28,3,11.432659149169922,3.4252514839172363,25.08268165588379,1.0,8649,0.775600016117096,15.518927404902302,13.612284,33.200733,35.631557,38.649376,42.195297,26.929287,1.0,33.756408726690765,34.0,35.0,37.0,38.0,38.0,0
Mbalmayo,BIO_FP_FH__L2A_20251124T050104_20251206T050132_T_G01_M01_C___T004_F004,2025-11-24,28,4,11.433492660522461,3.4252514839172363,23.29108238220215,1.0,8649,11.414199829101562,20.43125379379119,22.359444,28.677238,29.951464,32.32112,35.016956,27.751354,1.0,31.559177244973466,31.0,33.0,34.0,34.0,35.0,0
Mbalmayo,BIO_FP_FH__L2A_20251124T050104_20251206T050132_T_G01_M01_C___T004_F004,2025-11-24,28,5,11.434326171875,3.4252514839172363,24.02088165283203,1.0,8649,11.859999656677246,26.581059316828537,27.445114,33.650738,35.25751,38.760857,40.644024,32.791042,1.0,32.18752361460357,32.0,34.0,34.0,34.0,34.0,0
Mbalmayo,BIO_FP_FH__L2A_20251124T050104_20251206T050132_T_G01_M01_C___T004_F004,2025-11-24,28,6,11.435159683227539,3.4252514839172363,28.95195770263672,1.0,8649,0.37380000948905945,24.530056310700658,24.746803,33.78666,37.563473,40.46629,41.439323,31.481598,1.0,33.00707496120855,33.0,35.0,35.0,36.0,36.0,0
Mbalmayo,BIO_FP_FH__L2A_20251124T050104_20251206T050132_T_G01_M01_C___T004_F004,2025-11-24,28,7,11.435993194580078,3.4252514839172363,30.478357315063477,1.0,8649,0.6092000007629395,23.480526108509654,24.611456,30.108597,31.614182,36.5783,38.813484,29.203375,1.0,31.09040314961836,31.0,34.0,34.66189956665039,35.0,35.0,0
Mbalmayo,BIO_FP_FH__L2A_20251124T050104_20251206T050132_T_G01_M01_C___T004_F004,2025-11-24,28,8,11.436826705932617,3.4252514839172363,30.521757125854492,1.0,8649,0.48080000281333923,23.67610914195283,25.576643,34.20646,35.76552,38.178165,40.870358,33.35776,1.0,33.76425680009902,34.0,36.0,36.0,36.0,36.0,0
Mbalmayo,BIO_FP_FH__L2A_20251124T050104_20251206T050132_T_G01_M01_C___T004_F004,2025-11-24,28,9,11.437660217285156,3.4252514839172363,29.930957794189453,1.0,8649,0.35740000009536743,26.27369041941265,28.027044,33.93904,35.030357,37.466824,41.185604,32.815628,1.0,35.90513340692766,36.0,38.0,39.0,39.0,39.0,0
Mbalmayo,BIO_FP_FH__L2A_20251124T050104_20251206T050132_T_G01_M01_C___T004_F004,2025-11-24,28,10,11.438493728637695,3.4252514839172363,29.03055763244629,1.0,8649,0.25,26.97986987296219,29.351976,36.404926,37.973763,39.583466,41.032097,35.47552,1.0,38.254489323985084,38.0,40.0,40.0,40.0,40.0,0
Mbalmayo,BIO_FP_FH__L2A_20251124T050104_20251206T050132_T_G01_M01_C___T004_F004,2025-11-24,28,11,11.439327239990234,3.4252514839172363,27.514556884765625,1.0,8649,0.14259999990463257,26.271248843796972,27.231352,34.96293,36.060513,37.81722,39.7628,33.794033,1.0,39.274576615620134,39.12602233886719,40.72205352783203,41.0,41.0,41.0,0
Mbalmayo,BIO_FP_FH__L2A_20251124T050104_20251206T050132_T_G01_M01_C___T004_F004,2025-11-24,28,12,11.440160751342773,3.4252514839172363,25.845956802368164,1.0,8649,0.03519999980926514,23.904341361718117,26.28352,33.717407,34.844036,36.59257,39.467228,32.450996,1.0,39.0792089901793,39.0,40.0,41.0,41.0,41.0,0
Mbalmayo,BIO_FP_FH__L2A_20251124T050104_20251206T050132_T_G01_M01_C___T004_F004,2025-11-24,28,13,11.440994262695312,3.4252514839172363,24.35435676574707,1.0,8649,0.0,19.915633310209273,19.617804,34.48597,36.472034,39.072247,40.581432,30.532127,1.0,39.76101294058929,40.0,41.0,41.0,42.0,42.0,0
Mbalmayo,BIO_FP_FH__L2A_20251124T050104_20251206T050132_T_G01_M01_C___T004_F004,2025-11-24,28,14,11.441827774047852,3.4252514839172363,22.81088638305664,1.0,8649,0.0,17.018835721615215,15.847371,29.942013,32.010014,34.28488,36.670864,25.19563,1.0,37.694109387088474,38.0,40.0,41.0,42.0,42.0,0
Mbalmayo,BIO_FP_FH__L2A_20251124T050104_20251206T050132_T_G01_M01_C___T004_F004,2025-11-24,28,15,11.44266128540039,3.4252514839172363,21.268287658691406,1.0,8649,0.0,17.601532239998843,18.029154,27.585184,29.597353,32.88834,35.031994,25.645634,1.0,34.34959318028914,34.0,35.0,36.0,36.0,36.0,0
Mbalmayo,BIO_FP_FH__L2A_20251124T050104_20251206T050132_T_G01_M01_C___T004_F004,2025-11-24,28,16,11.44349479675293,3.4252514839172363,20.08368682861328,1.0,8649,0.0,19.44280679124754,19.046124,28.01327,32.183582,36.09189,38.038033,26.001877,1.0,34.38662234057249,35.0,36.0,36.0,36.0,36.0,0
Mbalmayo,BIO_FP_FH__L2A_20251124T050104_20251206T050132_T_G01_M01_C___T004_F004,2025-11-24,28,17,11.444328308105469,3.4252514839172363,19.958486557006836,0.9973177839833363,8632,0.0,17.224146204936854,18.302292,26.298965,28.328821,33.34868,36.00367,24.217985,0.9972768223675734,32.80867453627181,33.0,34.0,35.0,35.0,35.0,0
Mbalmayo,BIO_FP_FH__L2A_20251124T050104_20251206T050132_T_G01_M01_C___T004_F004,2025-11-24,28,20,11.446828842163086,3.4252514839172363,4.754487037658691,1.0,8649,31.76460075378418,9.628384152069604,8.317895,19.666136,22.394968,28.449621,30.956831,18.065027,1.0,29.121277814987064,29.0,32.0,33.0,34.0,34.0,0
Mbalmayo,BIO_FP_FH__L2A_20251124T050104_20251206T050132_T_G01_M01_C___T004_F004,2025-11-24,28,21,11.447662353515625,3.4252514839172363,5.521687030792236,1.0,8649,13.029800415039062,12.425567623424673,9.561704,27.263704,33.85852,38.792633,42.60991,24.53459,1.0,33.36165702256154,34.0,37.0,37.0,37.0,37.0,0
Mbalmayo,BIO_FP_FH__L2A_20251124T050104_20251206T050132_T_G01_M01_C___T004_F004,2025-11-24,28,22,11.448495864868164,3.4252514839172363,6.580288887023926,0.9867746011551191,8551,7.2606000900268555,19.28238537593509,18.449171,33.790874,35.638363,39.77315,41.455853,32.8471,1.0,34.35705839905357,35.0,36.0,36.8738899230957,37.0,37.0,0
Mbalmayo,BIO_FP_FH__L2A_20251124T050104_20251206T050132_T_G01_M01_C___T004_F004,2025-11-24,28,24,11.450162887573242,3.4252514839172363,9.281289100646973,0.9990691944607035,8647,3.7913999557495117,13.673555714411606,11.878215,26.730335,29.628448,33.688053,38.621136,21.574598,1.0,31.175078244826217,31.0,34.0,34.0,36.0,37.0,0
Mbalmayo,BIO_FP_FH__L2A_20251124T050104_20251206T050132_T_G01_M01_C___T004_F004,2025-11-24,28,25,11.450996398925781,3.4252514839172363,8.696488380432129,1.0,8649,6.907800197601318,19.21449282431495,18.887413,31.350582,33.946247,36.76742,47.804455,28.580656,1.0,32.26035277831622,32.0,34.0,34.0,34.0,35.0,0
Mbalmayo,BIO_FP_FH__L2A_20251124T050104_20251206T050132_T_G01_M01_C___T004_F004,2025-11-24,28,26,11.45182991027832,3.4252514839172363,5.596688747406006,1.0,8649,16.208599090576172,20.29612843609088,20.116945,32.819065,34.261646,37.677727,39.618134,30.740913,1.0,32.28333612028085,32.0,35.0,35.0,35.0,36.0,0
Mbalmayo,BIO_FP_FH__L2A_20251124T050104_20251206T050132_T_G01_M01_C___T004_F004,2025-11-24,28,27,11.45266342163086,3.4252514839172363,7.114888668060303,1.0,8649,18.10580062866211,16.38812200109839,15.5447,28.831667,31.474566,34.24987,39.186768,25.299385,1.0,31.846077386540944,32.0,34.0,35.0,37.0,37.0,0
Mbalmayo,BIO_FP_FH__L2A_20251124T050104_20251206T050132_T_G01_M01_C___T004_F004,2025-11-24,28,28,11.453496932983398,3.4252514839172363,2.6004886627197266,1.0,8649,52.21200180053711,12.72678064299341,10.188856,28.560759,34.475197,40.671867,42.232517,23.359013,1.0,33.40639824172033,33.76801681518555,35.0,35.0,36.0,37.0,0
Mbalmayo,BIO_FP_FH__L2A_20251124T050104_20251206T050132_T_G01_M01_C___T004_F004,2025-11-24,28,31,11.455997467041016,3.4252514839172363,1.7824680805206299,1.0,8649,81.85440063476562,18.305824734073305,18.5119,30.146921,34.65937,38.009544,40.74686,27.30583,1.0,36.68986866457336,37.0,37.0,38.0,38.0,38.0,0
Mbalmayo,BIO_FP_FH__L2A_20251124T050104_20251206T050132_T_G01_M01_C___T004_F004,2025-11-24,28,32,11.456830978393555,3.4252514839172363,2.408668041229248,1.0,8649,63.88180160522461,17.33204976731414,15.207499,31.033846,34.19292,40.034298,41.784843,28.59921,1.0,36.91407092506037,37.0,38.0,38.0,38.0,38.0,0
Mbalmayo,BIO_FP_FH__L2A_20251124T050104_20251206T050132_T_G01_M01_C___T004_F004,2025-11-24,28,33,11.457664489746094,3.4252514839172363,3.2272679805755615,1.0,8649,46.67380142211914,12.816838471210545,10.163752,27.606293,32.00578,35.741478,40.17077,23.596872,1.0,36.78156684834029,37.0,37.0,37.5494384765625,38.0,38.0,0
Mbalmayo,BIO_FP_FH__L2A_20251124T050104_20251206T050132_T_G01_M01_C___T004_F004,2025-11-24,28,34,11.458498001098633,3.4252514839172363,3.788867950439453,1.0,8649,29.706199645996094,16.763497315441093,13.297094,35.29233,38.18137,40.371098,42.688316,28.868662,1.0,37.976534158153356,38.0,39.0,39.0,40.0,40.0,0
Mbalmayo,BIO_FP_FH__L2A_20251124T050104_20251206T050132_T_G01_M01_C___T004_F004,2025-11-24,28,35,11.459331512451172,3.4252514839172363,10.290668487548828,1.0,8649,22.075199127197266,15.952347724447913,11.913029,32.545166,36.0961,39.80788,42.787483,29.95416,1.0,36.62842137458793,37.0,38.0,38.0,39.0,39.0,0
Mbalmayo,BIO_FP_FH__L2A_20251124T050104_20251206T050132_T_G01_M01_C___T004_F004,2025-11-24,28,36,11.460165023803711,3.4252514839172363,20.19146728515625,1.0,8649,3.5378000736236572,13.230528818360504,12.060158,24.64489,28.732683,33.354626,35.444164,19.261278,1.0,33.76089211251229,34.0,35.364044189453125,36.0,37.0,37.0,0
Mbalmayo,BIO_FP_FH__L2A_20251124T050104_20251206T050132_T_G01_M01_C___T004_F004,2025-11-24,28,37,11.46099853515625,3.4252514839172363,20.685068130493164,1.0,8649,0.0,20.930077718522373,22.640434,30.785755,34.945766,40.09748,42.019764,28.310274,1.0,35.25929991525506,35.0,36.0,36.0,36.0,36.0,0
Mbalmayo,BIO_FP_FH__L2A_20251124T050104_20251206T050132_T_G01_M01_C___T004_F004,2025-11-24,28,38,11.461832046508789,3.4252514839172363,13.222509384155273,1.0,8649,7.246799945831299,18.225583792201412,21.711264,31.811464,34.097622,37.182262,39.863274,27.449713,1.0,35.04634191623546,35.0,36.0,36.0,36.0,36.0,0
Mbalmayo,BIO_FP_FH__L2A_20251124T050104_20251206T050132_T_G01_M01_C___T004_F004,2025-11-24,28,39,11.462665557861328,3.4252514839172363,6.458109378814697,1.0,8649,13.956399917602539,9.97179767892242,5.3302956,27.712185,32.49327,43.610268,45.59756,20.600985,1.0,33.58404501408756,34.0,36.47000503540039,37.0,37.0,38.0,0
Mbalmayo,BIO_FP_FH__L2A_20251124T050104_20251206T050132_T_G01_M01_C___T004_F004,2025-11-24,28,40,11.463499069213867,3.4252514839172363,4.7041096687316895,1.0,8649,15.729000091552734,10.930836025118511,6.979103,30.09919,37.465405,46.321465,48.46366,18.732718,1.0,35.622972204142435,36.0,37.87397766113281,38.0,38.0,39.0,0
Mbalmayo,BIO_FP_FH__L2A_20251124T050104_20251206T050132_T_G01_M01_C___T004_F004,2025-11-24,28,41,11.464332580566406,3.4252514839172363,3.679109573364258,1.0,8649,17.50160026550293,16.99700561481096,15.416519,35.02454,38.368965,44.260723,46.3531,28.709732,1.0,33.86839607715993,34.0,37.0,37.87397766113281,38.0,38.0,0
Mbalmayo,BIO_FP_FH__L2A_20251124T050104_20251206T050132_T_G01_M01_C___T004_F004,2025-11-24,28,42,11.465166091918945,3.4252514839172363,5.053309440612793,1.0,8649,20.99180030822754,19.803879512804947,21.999554,32.265472,35.77831,42.071934,44.671806,28.457508,1.0,30.48595958263809,31.0,32.87397766113281,33.0,34.0,34.0,0
Mbalmayo,BIO_FP_FH__L2A_20251124T050104_20251206T050132_T_G01_M01_C___T004_F004,2025-11-24,28,43,11.465999603271484,3.4252514839172363,9.313509941101074,1.0,8649,19.789400100708008,5.480366227309515,1.0789583,19.745153,22.91544,34.528584,37.214558,14.048235,1.0,27.39761590863917,27.0,31.0,32.0,33.0,34.0,0
Mbalmayo,BIO_FP_FH__L2A_20251124T050104_20251206T050132_T_G01_M01_C___T004_F004,2025-11-24,28,44,11.466833114624023,3.4252514839172363,13.166309356689453,1.0,8649,21.098600387573242,13.668584789426523,10.33686,34.79508,38.046837,40.821735,42.640297,28.22882,1.0,30.319325701902887,31.0,34.0,34.0,35.0,35.0,0
Mbalmayo,BIO_FP_FH__L2A_20251124T050104_20251206T050132_T_G01_M01_C___T004_F004,2025-11-24,28,45,11.467666625976562,3.4252514839172363,17.776708602905273,1.0,8649,19.97640037536621,13.902473822840792,12.422217,22.811213,28.156797,35.343117,39.51918,19.552227,1.0,34.06527466894726,34.0,35.0,36.0,36.0,36.0,0
Mbalmayo,BIO_FP_FH__L2A_20251124T050104_20251206T050132_T_G01_M01_C___T004_F004,2025-11-24,28,46,11.468500137329102,3.4252514839172363,25.381723403930664,1.0,8649,0.12939999997615814,15.185940932477743,13.457018,29.643686,33.69046,37.49174,38.884373,25.814896,1.0,34.20077817169059,34.0,35.0,35.0,35.0,35.0,0
Mbalmayo,BIO_FP_FH__L2A_20251124T050104_20251206T050132_T_G01_M01_C___T004_F004,2025-11-24,28,47,11.46933364868164,3.4252514839172363,25.903324127197266,1.0,8649,0.34619998931884766,15.223755546161406,13.555922,29.87664,31.53172,35.09054,37.552708,28.254921,1.0,36.569157848607354,36.7286376953125,38.0,39.0,39.0,39.0,0
Mbalmayo,BIO_FP_FH__L2A_20251124T050104_20251206T050132_T_G01_M01_C___T004_F004,2025-11-24,28,48,11.47016716003418,3.4252514839172363,26.259523391723633,1.0,8649,0.2280000001192093,18.75013933149786,17.34118,29.9601,33.2261,36.829384,39.002712,27.869198,1.0,37.123731823763634,37.0,39.0,39.0,39.0,39.0,0
Mbalmayo,BIO_FP_FH__L2A_20251124T050104_20251206T050132_T_G01_M01_C___T004_F004,2025-11-24,29,3,11.432659149169922,3.4244179725646973,15.574882507324219,1.0,8649,34.57099914550781,12.197746623525841,10.706858,22.428886,25.791208,38.76019,40.904545,18.001442,1.0,30.414090735110978,31.0,32.443336486816406,33.0,34.0,34.0,0
Mbalmayo,BIO_FP_FH__L2A_20251124T050104_20251206T050132_T_G01_M01_C___T004_F004,2025-11-24,29,4,11.433492660522461,3.4244179725646973,10.369881629943848,1.0,8649,60.82099914550781,21.10951004090068,23.01016,33.351677,37.151936,40.32562,41.26761,30.798246,1.0,33.635507635662826,34.0,35.0,36.0,37.0,37.0,0
Mbalmayo,BIO_FP_FH__L2A_20251124T050104_20251206T050132_T_G01_M01_C___T004_F004,2025-11-24,29,5,11.434326171875,3.4244179725646973,19.902881622314453,1.0,8649,25.68239974975586,21.70897782619378,23.008377,31.697903,33.771317,37.46705,39.265293,30.875137,1.0,33.67350635667497,34.0,35.0,36.0,37.0,37.0,0
Mbalmayo,BIO_FP_FH__L2A_20251124T050104_20251206T050132_T_G01_M01_C___T004_F004,2025-11-24,29,6,11.435159683227539,3.4244179725646973,27.680557250976562,1.0,8649,0.1923999935388565,23.606893228263385,23.804884,32.572914,38.465244,42.1898,44.12397,31.524384,1.0,30.327418213649242,30.0,32.0,32.80814743041992,33.0,33.0,0
Mbalmayo,BIO_FP_FH__L2A_20251124T050104_20251206T050132_T_G01_M01_C___T004_F004,2025-11-24,29,7,11.435993194580078,3.4244179725646973,28.06235694885254,1.0,8649,0.07800000160932541,24.35568869956064,25.955118,31.664665,33.10125,36.986786,42.300045,31.020237,1.0,30.895427051975982,31.0,32.0,32.36388397216797,33.0,33.0,0
Mbalmayo,BIO_FP_FH__L2A_20251124T050104_20251206T050132_T_G01_M01_C___T004_F004,2025-11-24,29,8,11.436826705932617,3.4244179725646973,28.369157791137695,0.9185875839602121,8027,0.0,19.54648091462144,19.449406,31.08609,33.675182,36.389156,38.508114,29.833803,1.0,32.991410316408185,33.0,34.0,34.0,35.0,35.0,0
Mbalmayo,BIO_FP_FH__L2A_20251124T050104_20251206T050132_T_G01_M01_C___T004_F004,2025-11-24,29,9,11.437660217285156,3.4244179725646973,28.20355796813965,0.9168437667107469,8001,0.0,22.51975256697996,22.284092,34.088913,35.39766,37.42351,40.332115,32.411392,1.0,35.17050474301172,35.0,37.0,37.0,37.0,37.0,0
Mbalmayo,BIO_FP_FH__L2A_20251124T050104_20251206T050132_T_G01_M01_C___T004_F004,2025-11-24,29,10,11.438493728637695,3.4244179725646973,27.820756912231445,1.0,8649,0.0,21.860520815267662,22.242237,34.518394,36.632492,38.887547,40.408333,31.947935,1.0,37.68881882010257,38.0,39.0,39.0,40.0,40.0,0
Mbalmayo,BIO_FP_FH__L2A_20251124T050104_20251206T050132_T_G01_M01_C___T004_F004,2025-11-24,29,11,11.439327239990234,3.4244179725646973,26.815156936645508,1.0,8649,0.0,25.97955643354723,26.81181,33.73014,35.21083,37.029385,38.984116,32.35272,1.0,37.69195146766863,38.0,39.0,39.0,40.0,40.0,0
Mbalmayo,BIO_FP_FH__L2A_20251124T050104_20251206T050132_T_G01_M01_C___T004_F004,2025-11-24,29,12,11.440160751342773,3.4244179725646973,25.824357986450195,1.0,8649,0.0,21.708012667649438,21.285072,34.206966,36.11721,38.36025,39.659794,30.922321,1.0,37.221558466221175,37.0,39.0,39.0,40.0,40.0,0
Mbalmayo,BIO_FP_FH__L2A_20251124T050104_20251206T050132_T_G01_M01_C___T004_F004,2025-11-24,29,13,11.440994262695312,3.4244179725646973,24.963157653808594,1.0,8649,0.0,16.096248482483524,16.327774,27.019415,29.11264,33.6401,36.441032,25.848436,1.0,38.2943266754909,39.0,41.0,41.0,41.0,41.0,0
Mbalmayo,BIO_FP_FH__L2A_20251124T050104_20251206T050132_T_G01_M01_C___T004_F004,2025-11-24,29,14,11.441827774047852,3.4244179725646973,24.205886840820312,1.0,8649,0.0,20.99443215978726,20.748432,33.70501,35.323235,37.108837,39.97588,30.327358,1.0,36.65576921626865,36.0,40.0,41.0,41.0,41.0,0
Mbalmayo,BIO_FP_FH__L2A_20251124T050104_20251206T050132_T_G01_M01_C___T004_F004,2025-11-24,29,15,11.44266128540039,3.4244179725646973,22.992286682128906,1.0,8649,0.0,18.933765373887155,18.509598,29.003574,32.269043,40.418392,43.851925,27.340065,1.0,33.833647231667534,34.0,35.0,35.0,36.0,36.0,0
Mbalmayo,BIO_FP_FH__L2A_20251124T050104_20251206T050132_T_G01_M01_C___T004_F004,2025-11-24,29,16,11.44349479675293,3.4244179725646973,21.75588607788086,0.999999943544774,8649,0.0,19.276384647768204,19.317558,31.801826,34.425774,36.42302,37.674416,29.25978,1.0,30.471051851357046,30.0,32.178184509277344,33.0,35.0,35.0,0
Mbalmayo,BIO_FP_FH__L2A_20251124T050104_20251206T050132_T_G01_M01_C___T004_F004,2025-11-24,29,17,11.444328308105469,3.4244179725646973,20.571287155151367,1.0000000141138066,8649,0.0,16.672236529779727,17.712906,28.7579,31.482166,35.286972,37.91728,24.62809,1.0,30.168377813541458,30.0,32.0,32.0,32.0,32.0,0
Mbalmayo,BIO_FP_FH__L2A_20251124T050104_20251206T050132_T_G01_M01_C___T004_F004,2025-11-24,29,18,11.445161819458008,3.4244179725646973,19.508087158203125,0.958262482024656,8311,0.12200000137090683,15.246971031732402,15.80414,23.41227,25.012451,29.441282,31.274784,22.262482,0.9710965292072355,31.652679205251218,31.787879943847656,33.0,33.0,34.0,34.0,0
Mbalmayo,BIO_FP_FH__L2A_20251124T050104_20251206T050132_T_G01_M01_C___T004_F004,2025-11-24,29,20,11.446828842163086,3.4244179725646973,11.1550874710083,0.9177734149179095,7994,10.238800048828125,10.66137767536505,10.972736,18.18732,20.288435,25.69076,29.047974,16.290497,0.8914407661935412,26.821948733386222,26.019283294677734,30.29781150817871,31.0,32.0,33.0,0
Mbalmayo,BIO_FP_FH__L2A_20251124T050104_20251206T050132_T_G01_M01_C___T004_F004,2025-11-24,29,21,11.447662353515625,3.4244179725646973,9.540886878967285,0.9883299144048445,8571,10.605400085449219,17.802500771430488,15.474387,37.96061,41.73867,45.93639,47.360596,34.857643,1.0,32.566049128133365,33.0,36.0,36.0,36.0,36.0,0
Mbalmayo,BIO_FP_FH__L2A_20251124T050104_20251206T050132_T_G01_M01_C___T004_F004,2025-11-24,29,22,11.448495864868164,3.4244179725646973,11.126288414001465,0.9893250789018239,8588,5.19379997253418,17.629310960975353,17.586136,29.976902,32.381153,36.475845,40.49612,28.624224,1.0,32.912863539855515,34.0,35.0,36.0,36.0,36.0,0
Mbalmayo,BIO_FP_FH__L2A_20251124T050104_20251206T050132_T_G01_M01_C___T004_F004,2025-11-24,29,24,11.450162887573242,3.4244179725646973,14.209088325500488,0.9610866829348046,8341,1.3206000328063965,17.072938830699204,16.222061,27.853065,32.014637,36.623554,40.390015,24.671122,1.0,31.64942799569389,32.0,34.0,34.0,35.0,37.0,0
Mbalmayo,BIO_FP_FH__L2A_20251124T050104_20251206T050132_T_G01_M01_C___T004_F004,2025-11-24,29,25,11.450996398925781,3.4244179725646973,14.248289108276367,1.0,8649,3.1933999061584473,14.90163376907735,12.276484,30.162386,32.689503,41.520195,44.997395,25.452528,1.0,34.95942690281775,35.0,36.56488952636718,37.0,37.80158996582031,38.0,0
Mbalmayo,BIO_FP_FH__L2A_20251124T050104_20251206T050132_T_G01_M01_C___T004_F004,2025-11-24,29,26,11.45182991027832,3.4244179725646973,9.988288879394531,1.0,8649,14.3548002243042,20.346264289946813,20.492105,31.621565,33.004993,36.63004,43.558666,29.14238,1.0,35.83874010017034,36.0,37.0,37.0,38.0,38.0,0
Mbalmayo,BIO_FP_FH__L2A_20251124T050104_20251206T050132_T_G01_M01_C___T004_F004,2025-11-24,29,27,11.45266342163086,3.4244179725646973,5.198288917541504,1.0,8649,27.576200485229492,14.400639705457278,13.525454,29.685106,32.29925,35.28248,37.94466,25.364609,1.0,35.057470272918536,35.0,37.0,37.0,37.0,37.0,0
Mbalmayo,BIO_FP_FH__L2A_20251124T050104_20251206T050132_T_G01_M01_C___T004_F004,2025-11-24,29,28,11.453496932983398,3.4244179725646973,6.182488918304443,1.0,8649,31.901599884033203,12.369529262776043,10.656231,25.425552,28.333338,32.297043,40.031662,19.941288,0.9970743156231294,34.553682550466,34.616092681884766,36.0,36.0,36.02006530761719,37.0,0
Mbalmayo,BIO_FP_FH__L2A_20251124T050104_20251206T050132_T_G01_M01_C___T004_F004,2025-11-24,29,31,11.455997467041016,3.4244179725646973,2.226668119430542,1.0,8649,69.15959930419922,16.464150931466065,15.742451,29.766289,32.4251,34.760662,37.6033,26.181953,1.0,37.35234478418917,37.0,38.0,39.0,39.0,39.0,0
Mbalmayo,BIO_FP_FH__L2A_20251124T050104_20251206T050132_T_G01_M01_C___T004_F004,2025-11-24,29,32,11.456830978393555,3.4244179725646973,2.646268129348755,1.0,8649,51.45240020751953,20.78494849476818,20.952162,34.550327,36.385914,38.28477,39.66797,30.227127,1.0,35.9083610113018,36.0,37.0,38.0,38.0,38.0,0
Mbalmayo,BIO_FP_FH__L2A_20251124T050104_20251206T050132_T_G01_M01_C___T004_F004,2025-11-24,29,33,11.457664489746094,3.4244179725646973,4.134468078613281,1.0,8649,33.37260055541992,19.27503269886692,19.37336,32.440254,36.16456,41.74007,45.671993,28.74864,1.0,35.35370111570205,35.0,37.0,37.00311279296875,38.0,38.0,0
Mbalmayo,BIO_FP_FH__L2A_20251124T050104_20251206T050132_T_G01_M01_C___T004_F004,2025-11-24,29,34,11.458498001098633,3.4244179725646973,5.515468120574951,1.0,8649,15.637999534606934,15.958742069169846,13.506152,30.293377,35.66371,40.874294,42.581104,25.71357,1.0,36.85135100549157,37.0,38.0,39.0,39.0,39.0,0
Mbalmayo,BIO_FP_FH__L2A_20251124T050104_20251206T050132_T_G01_M01_C___T004_F004,2025-11-24,29,35,11.459331512451172,3.4244179725646973,11.054267883300781,1.0,8649,6.4934000968933105,14.893898951468378,9.73479,32.85486,35.63265,40.42276,44.469162,28.37349,1.0,36.99526142001717,37.0,38.0,38.0,38.0,38.0,0
Mbalmayo,BIO_FP_FH__L2A_20251124T050104_20251206T050132_T_G01_M01_C___T004_F004,2025-11-24,29,36,11.460165023803711,3.4244179725646973,18.45126724243164,1.0,8649,2.1308000087738037,16.96070309790149,15.867575,33.130962,35.12529,41.175682,43.399574,29.73018,1.0,34.97858968808177,35.0,37.0,37.0,37.0,37.0,0
Mbalmayo,BIO_FP_FH__L2A_20251124T050104_20251206T050132_T_G01_M01_C___T004_F004,2025-11-24,29,37,11.46099853515625,3.4244179725646973,17.29606819152832,1.0,8649,3.8155999183654785,15.625780437044744,15.96897,28.217255,33.13185,35.926746,37.701134,24.511686,1.0,34.94725228348334,35.0,36.0,36.0,37.0,37.0,0
Mbalmayo,BIO_FP_FH__L2A_20251124T050104_20251206T050132_T_G01_M01_C___T004_F004,2025-11-24,29,38,11.461832046508789,3.4244179725646973,10.90990924835205,1.0,8649,10.00059986114502,7.314157977078275,1.9230814,25.418705,29.145918,34.906826,40.943813,19.553335,1.0,35.52895246592405,36.0,36.0,36.0,37.0,37.0,0
Mbalmayo,BIO_FP_FH__L2A_20251124T050104_20251206T050132_T_G01_M01_C___T004_F004,2025-11-24,29,39,11.462665557861328,3.4244179725646973,4.007309436798096,1.0,8649,21.720600128173828,5.517301042750607,2.01086,19.220112,25.381357,34.271328,40.65271,12.787034,1.0,35.206961054983324,35.0,36.02006530761719,37.0,37.0,38.0,0
Mbalmayo,BIO_FP_FH__L2A_20251124T050104_20251206T050132_T_G01_M01_C___T004_F004,2025-11-24,29,40,11.463499069213867,3.4244179725646973,3.5313096046447754,1.0,8649,23.964799880981445,15.14220439140363,11.288676,34.18191,38.577065,43.26215,45.967903,27.227545,1.0,38.285324039783404,38.0,40.0,40.0,40.0,40.0,0
Mbalmayo,BIO_FP_FH__L2A_20251124T050104_20251206T050132_T_G01_M01_C___T004_F004,2025-11-24,29,41,11.464332580566406,3.4244179725646973,3.3243095874786377,1.0,8649,25.737600326538086,26.541927263990058,29.103285,36.770454,39.065056,41.046303,42.31975,34.110947,1.0,35.95995502910775,36.0,38.97993469238281,39.0,39.0,39.0,0
Mbalmayo,BIO_FP_FH__L2A_20251124T050104_20251206T050132_T_G01_M01_C___T004_F004,2025-11-24,29,42,11.465166091918945,3.4244179725646973,3.0265095233917236,1.0,8649,32.8838005065918,25.226444169846225,25.954485,39.888763,42.403732,45.667564,48.33664,34.560555,1.0,32.184812430660635,32.0,34.0,35.0,35.0,36.0,0
Mbalmayo,BIO_FP_FH__L2A_20251124T050104_20251206T050132_T_G01_M01_C___T004_F004,2025-11-24,29,43,11.465999603271484,3.4244179725646973,2.657109498977661,1.0,8649,44.20180130004883,20.618774569314372,20.881006,36.18124,40.158157,43.032104,48.788815,30.704468,1.0,33.5665291007619,34.0,36.0,36.0,37.0,37.0,0
Mbalmayo,BIO_FP_FH__L2A_20251124T050104_20251206T050132_T_G01_M01_C___T004_F004,2025-11-24,29,44,11.466833114624023,3.4244179725646973,4.739709377288818,1.0,8649,49.33399963378906,18.424186502774887,17.00285,34.293324,36.81427,41.918613,45.188194,29.037146,1.0,35.1957227451317,35.0,36.0,37.0,38.0,38.0,0
Mbalmayo,BIO_FP_FH__L2A_20251124T050104_20251206T050132_T_G01_M01_C___T004_F004,2025-11-24,29,45,11.467666625976562,3.4244179725646973,13.938309669494629,1.0,8649,26.637399673461914,19.121323635680426,16.11341,34.65266,37.606987,40.022537,43.35095,29.900928,1.0,34.95237917662466,35.0,36.0,36.0,36.0,36.0,0
Mbalmayo,BIO_FP_FH__L2A_20251124T050104_20251206T050132_T_G01_M01_C___T004_F004,2025-11-24,29,46,11.468500137329102,3.4244179725646973,24.068323135375977,1.0,8649,0.0,19.564655234709214,18.7589,32.000366,38.68344,42.96319,44.472744,28.148777,1.0,34.97835975476725,35.0,36.0,36.0,36.0,37.0,0
Mbalmayo,BIO_FP_FH__L2A_20251124T050104_20251206T050132_T_G01_M01_C___T004_F004,2025-11-24,29,47,11.46933364868164,3.4244179725646973,24.779523849487305,1.0,8649,0.0,14.628900378656493,13.124682,29.438437,34.297546,38.98065,41.96764,23.882074,1.0,36.28115924072618,36.0,37.0,38.0,39.0,40.0,0
Mbalmayo,BIO_FP_FH__L2A_20251124T050104_20251206T050132_T_G01_M01_C___T004_F004,2025-11-24,29,48,11.47016716003418,3.4244179725646973,22.19752311706543,0.9903763316658718,8590,7.9355998039245605,17.9586388892032,16.283587,36.127914,40.927414,44.00106,45.52081,30.18236,1.0,38.55334349733816,39.0,39.787879943847656,40.0,40.0,41.0,0
Mbalmayo,BIO_FP_FH__L2A_20251124T050104_20251206T050132_T_G01_M01_C___T004_F004,2025-11-24,30,3,11.432659149169922,3.423584461212158,6.515481948852539,1.0,8649,66.31580352783203,16.53728574112614,16.30411,28.125763,30.398626,34.492905,37.07914,23.72554,1.0,30.210779256221944,30.0,32.0,32.0,33.0,33.0,0
Mbalmayo,BIO_FP_FH__L2A_20251124T050104_20251206T050132_T_G01_M01_C___T004_F004,2025-11-24,30,4,11.433492660522461,3.423584461212158,1.3820821046829224,1.0,8649,95.0248031616211,18.175123659527113,18.961176,32.252556,35.362377,38.02582,38.918575,27.036995,1.0,31.46563227998961,32.0,34.0,34.61552810668945,36.0,36.0,0
Mbalmayo,BIO_FP_FH__L2A_20251124T050104_20251206T050132_T_G01_M01_C___T004_F004,2025-11-24,30,5,11.434326171875,3.423584461212158,16.381282806396484,1.0,8649,38.51599884033203,24.68143264394728,25.83017,34.064796,35.996403,37.587772,39.13669,32.953518,1.0,32.593853708691285,32.596431732177734,34.0,34.0,34.19245910644531,35.0,0
Mbalmayo,BIO_FP_FH__L2A_20251124T050104_20251206T050132_T_G01_M01_C___T004_F004,2025-11-24,30,6,11.435159683227539,3.423584461212158,25.229957580566406,1.0,8649,0.0,23.56109810382703,24.978182,30.82833,32.14527,35.15758,39.98064,30.333775,1.0,31.53117798386123,32.0,32.0,32.0,33.0,33.0,0
Mbalmayo,BIO_FP_FH__L2A_20251124T050104_20251206T050132_T_G01_M01_C___T004_F004,2025-11-24,30,7,11.435993194580078,3.423584461212158,25.600156784057617,1.0,8649,0.0,22.42043155278067,23.613808,30.8848,32.300728,33.92117,37.169876,29.884413,1.0,32.02048685129205,32.0,33.0,33.0,33.0,33.0,0
Mbalmayo,BIO_FP_FH__L2A_20251124T050104_20251206T050132_T_G01_M01_C___T004_F004,2025-11-24,30,8,11.436826705932617,3.423584461212158,28.684356689453125,0.9298229925424905,8137,0.0,20.648826819224368,21.504059,30.400255,31.65274,33.76536,38.105812,29.335651,1.0,33.0227910144465,33.0,34.0,34.0,35.0,35.0,0
Mbalmayo,BIO_FP_FH__L2A_20251124T050104_20251206T050132_T_G01_M01_C___T004_F004,2025-11-24,30,9,11.437660217285156,3.423584461212158,28.643157958984375,1.0,8649,0.0,22.918642599577986,23.175097,31.11609,32.642902,34.611202,37.574463,28.899794,1.0,34.847465091281464,35.0,36.0,36.0,37.0,37.0,0
Mbalmayo,BIO_FP_FH__L2A_20251124T050104_20251206T050132_T_G01_M01_C___T004_F004,2025-11-24,30,10,11.438493728637695,3.423584461212158,27.880956649780273,1.0,8649,0.0,26.02014819271014,26.38205,32.523445,34.30428,36.529537,37.78982,31.525309,1.0,36.185321545432735,37.0,37.0,37.0,38.0,38.0,0
Mbalmayo,BIO_FP_FH__L2A_20251124T050104_20251206T050132_T_G01_M01_C___T004_F004,2025-11-24,30,11,11.439327239990234,3.423584461212158,26.972156524658203,1.0,8649,0.0,26.83246798762863,27.93265,36.204952,37.234135,38.514565,40.394077,35.39217,1.0,35.188636239491004,35.0,36.0,36.0,37.0,37.0,0
Mbalmayo,BIO_FP_FH__L2A_20251124T050104_20251206T050132_T_G01_M01_C___T004_F004,2025-11-24,30,12,11.440160751342773,3.423584461212158,26.062557220458984,1.0,8649,0.0,23.087198483928777,22.606709,36.023922,38.310787,41.92777,47.356247,31.965467,1.0,35.0011087885784,35.0,36.0,36.0,37.0,37.0,0
Mbalmayo,BIO_FP_FH__L2A_20251124T050104_20251206T050132_T_G01_M01_C___T004_F004,2025-11-24,30,13,11.440994262695312,3.423584461212158,25.174556732177734,1.0,8649,0.0,18.085672386258526,18.554632,31.760511,33.968273,37.121925,38.311863,28.973875,1.0,35.491968092497736,36.0,36.0,36.0,37.0,37.0,0
Mbalmayo,BIO_FP_FH__L2A_20251124T050104_20251206T050132_T_G01_M01_C___T004_F004,2025-11-24,30,14,11.441827774047852,3.423584461212158,24.434486389160156,1.0,8649,0.0,19.356456038992945,20.094189,31.7235,33.492794,35.793808,38.00791,29.738436,1.0,35.113957919251895,35.0,37.0,37.0,37.0,37.0,0
Mbalmayo,BIO_FP_FH__L2A_20251124T050104_20251206T050132_T_G01_M01_C___T004_F004,2025-11-24,30,15,11.44266128540039,3.423584461212158,23.661487579345703,1.0,8649,0.0,20.957694711816394,21.565697,29.654226,32.70345,35.392326,37.144558,28.250174,1.0,32.05373354825908,32.0,34.0,35.0,36.0,36.0,0
Mbalmayo,BIO_FP_FH__L2A_20251124T050104_20251206T050132_T_G01_M01_C___T004_F004,2025-11-24,30,16,11.44349479675293,3.423584461212158,22.38568687438965,1.0,8649,0.0,21.916826096224998,22.540092,29.103851,30.60219,32.909748,35.390484,27.312267,1.0,30.89127048700169,31.0,32.0,33.0,33.0,33.0,0
Mbalmayo,BIO_FP_FH__L2A_20251124T050104_20251206T050132_T_G01_M01_C___T004_F004,2025-11-24,30,17,11.444328308105469,3.423584461212158,20.294687271118164,0.999999971772387,8649,0.0,23.31727406046293,24.766825,34.489925,38.824886,41.917133,43.609886,32.154427,1.0,32.03776405339765,32.0,33.0,33.0,34.0,34.0,0
Mbalmayo,BIO_FP_FH__L2A_20251124T050104_20251206T050132_T_G01_M01_C___T004_F004,2025-11-24,30,18,11.445161819458008,3.423584461212158,16.218687057495117,1.0,8649,0.0,14.526592218030986,13.972131,26.857956,29.408915,35.645245,38.30804,24.80307,1.0,32.980545525799485,33.0,35.0,35.0,35.0,35.0,0
Mbalmayo,BIO_FP_FH__L2A_20251124T050104_20251206T050132_T_G01_M01_C___T004_F004,2025-11-24,30,21,11.447662353515625,3.423584461212158,17.95248794555664,1.0,8649,1.6203999519348145,18.35750068649555,17.586884,32.276485,35.02263,39.21129,41.916214,29.3254,1.0,35.05829778568278,35.0,36.0,36.0,36.0,36.0,0
Mbalmayo,BIO_FP_FH__L2A_20251124T050104_20251206T050132_T_G01_M01_C___T004_F004,2025-11-24,30,22,11.448495864868164,3.423584461212158,17.527088165283203,1.0,8649,0.0,25.64136885405827,27.414299,35.194973,36.371006,38.826675,41.84429,33.48008,1.0,33.7159820176891,34.0,36.0,36.0,36.0,36.0,0
Mbalmayo,BIO_FP_FH__L2A_20251124T050104_20251206T050132_T_G01_M01_C___T004_F004,2025-11-24,30,24,11.450162887573242,3.423584461212158,18.35508918762207,0.94841451707748,8283,0.0,25.391690023885065,26.685362,35.46466,37.172825,39.18029,40.61624,34.699024,1.0,33.325710983576286,33.913700103759766,34.0,35.0,36.0,37.0,0
Mbalmayo,BIO_FP_FH__L2A_20251124T050104_20251206T050132_T_G01_M01_C___T004_F004,2025-11-24,30,25,11.450996398925781,3.423584461212158,18.55828857421875,1.0,8649,2.5278000831604004,19.932212629350214,18.816162,36.412132,42.841038,45.621918,46.3266,31.076384,1.0,34.83589827773171,35.0,37.0,37.708343505859375,38.0,38.0,0
Mbalmayo,BIO_FP_FH__L2A_20251124T050104_20251206T050132_T_G01_M01_C___T004_F004,2025-11-24,30,26,11.45182991027832,3.423584461212158,11.713889122009277,1.0,8649,25.118200302124023,20.67858188085328,19.757889,33.691498,36.08803,40.580967,43.866844,30.803823,1.0,35.70027535366094,36.0,37.0,37.0,38.0,38.0,0
Mbalmayo,BIO_FP_FH__L2A_20251124T050104_20251206T050132_T_G01_M01_C___T004_F004,2025-11-24,30,27,11.45266342163086,3.423584461212158,5.986288547515869,1.0,8649,42.376800537109375,14.651823458636837,14.017167,28.384748,31.225763,36.349117,39.59181,22.594576,1.0,35.22156447561535,35.0,37.0,37.0,38.0,38.0,0
Mbalmayo,BIO_FP_FH__L2A_20251124T050104_20251206T050132_T_G01_M01_C___T004_F004,2025-11-24,30,30,11.455163955688477,3.423584461212158,18.930267333984375,0.9980366283764741,8635,15.220800399780273,15.90685161692892,15.291307,28.755653,31.27959,33.53604,36.578617,25.99882,1.0,34.080784218671596,34.0,36.0,36.0,37.0,37.0,0
Mbalmayo,BIO_FP_FH__L2A_20251124T050104_20251206T050132_T_G01_M01_C___T004_F004,2025-11-24,30,31,11.455997467041016,3.423584461212158,12.743667602539062,1.0,8649,20.68899917602539,20.599348551855705,20.32545,36.912754,38.92465,41.908817,43.90301,33.36217,1.0,35.901235536118165,36.0,37.0,37.0,38.0,38.0,0
Mbalmayo,BIO_FP_FH__L2A_20251124T050104_20251206T050132_T_G01_M01_C___T004_F004,2025-11-24,30,32,11.456830978393555,3.423584461212158,6.53466796875,1.0,8649,30.92140007019043,15.150543054110301,14.6674595,25.580185,27.495491,32.121494,36.32115,23.597633,1.0,34.01422428277093,34.0,36.0,36.0,37.0,37.0,0
Mbalmayo,BIO_FP_FH__L2A_20251124T050104_20251206T050132_T_G01_M01_C___T004_F004,2025-11-24,30,33,11.457664489746094,3.423584461212158,7.960668087005615,1.0,8649,18.840599060058594,12.341323780205805,9.816712,27.339027,31.48824,37.609722,42.083626,21.510637,1.0,33.02242734046572,33.0,34.0,34.0,35.0,35.0,0
Mbalmayo,BIO_FP_FH__L2A_20251124T050104_20251206T050132_T_G01_M01_C___T004_F004,2025-11-24,30,34,11.458498001098633,3.423584461212158,9.089068412780762,1.0,8649,12.936200141906738,13.717733354289514,10.956275,30.00367,35.43106,39.482025,40.686676,24.312157,1.0,34.88611573673477,35.0,36.0,37.0,37.0,37.0,0
Mbalmayo,BIO_FP_FH__L2A_20251124T050104_20251206T050132_T_G01_M01_C___T004_F004,2025-11-24,30,35,11.459331512451172,3.423584461212158,6.436068058013916,1.0,8649,42.23160171508789,15.708587607671408,14.115703,32.830696,35.955692,40.035286,41.925106,25.45324,1.0,36.577705281857796,37.0,37.0,38.0,38.0,38.0,0
Mbalmayo,BIO_FP_FH__L2A_20251124T050104_20251206T050132_T_G01_M01_C___T004_F004,2025-11-24,30,36,11.460165023803711,3.423584461212158,13.868268013000488,1.0,8649,34.76340103149414,14.652897462856977,12.800144,31.025158,34.736847,38.59836,40.63236,28.43166,1.0,34.842819848106366,35.0,36.0,36.0,37.0,37.0,0
Mbalmayo,BIO_FP_FH__L2A_20251124T050104_20251206T050132_T_G01_M01_C___T004_F004,2025-11-24,30,37,11.46099853515625,3.423584461212158,19.096467971801758,1.0,8649,2.1324000358581543,8.597051501618685,3.2989228,25.312069,32.58725,43.581566,46.930576,19.43847,1.0,33.965946380107134,34.0,36.0,36.0,36.31767272949219,37.0,0
Mbalmayo,BIO_FP_FH__L2A_20251124T050104_20251206T050132_T_G01_M01_C___T004_F004,2025-11-24,30,38,11.461832046508789,3.423584461212158,12.337909698486328,1.0,8649,12.310199737548828,8.582192937767372,2.4994411,29.064121,33.339592,37.141964,39.650146,21.018574,1.0,34.92415337061411,35.0,36.0,36.0,36.0,36.0,0
Mbalmayo,BIO_FP_FH__L2A_20251124T050104_20251206T050132_T_G01_M01_C___T004_F004,2025-11-24,30,39,11.462665557861328,3.423584461212158,5.137109279632568,1.0,8649,27.226600646972656,10.143175872933288,3.752137,31.488012,35.261322,37.789024,39.723297,22.245602,1.0,34.86784682867637,35.0,36.0,36.0,37.0,37.0,0
Mbalmayo,BIO_FP_FH__L2A_20251124T050104_20251206T050132_T_G01_M01_C___T004_F004,2025-11-24,30,40,11.463499069213867,3.423584461212158,3.2125093936920166,1.0,8649,32.200401306152344,19.972801227020465,19.180153,34.869583,37.031185,42.309742,45.421383,30.610907,1.0,37.21941877345926,37.0,39.0,39.0,40.0,40.0,0
Mbalmayo,BIO_FP_FH__L2A_20251124T050104_20251206T050132_T_G01_M01_C___T004_F004,2025-11-24,30,41,11.464332580566406,3.423584461212158,2.964109420776367,1.0,8649,35.89360046386719,27.71107028269164,30.340204,37.433426,39.301525,42.783115,45.900345,35.622375,1.0,35.535864520505726,36.0,36.0,37.0,37.0,37.0,0
Mbalmayo,BIO_FP_FH__L2A_20251124T050104_20251206T050132_T_G01_M01_C___T004_F004,2025-11-24,30,42,11.465166091918945,3.423584461212158,6.327909469604492,1.0,8649,30.10300064086914,29.929058814602843,29.556149,42.330048,43.980194,47.221066,50.00966,40.30503,1.0,35.86931434611059,36.0,37.0,37.0,38.0,38.0,0
Mbalmayo,BIO_FP_FH__L2A_20251124T050104_20251206T050132_T_G01_M01_C___T004_F004,2025-11-24,30,43,11.465999603271484,3.423584461212158,8.632909774780273,1.0,8649,33.99480056762695,21.585962791941267,21.419153,38.008785,40.300373,42.601746,47.73733,32.005722,1.0,37.04922607039038,37.0,38.0,38.0,39.0,39.0,0
Mbalmayo,BIO_FP_FH__L2A_20251124T050104_20251206T050132_T_G01_M01_C___T004_F004,2025-11-24,30,44,11.466833114624023,3.423584461212158,10.839509963989258,1.0,8649,36.71260070800781,21.46405698996994,21.817133,37.916637,40.02054,42.635544,45.398766,34.1521,1.0,36.35269838488161,36.678794860839844,38.0,38.0,39.0,39.0,0
Mbalmayo,BIO_FP_FH__L2A_20251124T050104_20251206T050132_T_G01_M01_C___T004_F004,2025-11-24,30,45,11.467666625976562,3.423584461212158,12.550909042358398,1.0,8649,30.05579948425293,23.311505936379927,22.745968,37.97328,41.665527,48.39419,52.47181,34.430035,1.0,36.03439459093376,36.0,37.0,38.0,38.0,38.0,0
Mbalmayo,BIO_FP_FH__L2A_20251124T050104_20251206T050132_T_G01_M01_C___T004_F004,2025-11-24,30,46,11.468500137329102,3.423584461212158,23.325923919677734,1.0,8649,1.8472000360488892,21.91039833000925,23.515852,33.10447,34.948776,42.216125,45.837185,28.969551,1.0,36.171043787213165,36.0,37.39718246459961,38.0,39.0,39.0,0
Mbalmayo,BIO_FP_FH__L2A_20251124T050104_20251206T050132_T_G01_M01_C___T004_F004,2025-11-24,30,47,11.46933364868164,3.423584461212158,23.17192268371582,1.0,8649,3.6733999252319336,18.742515843594635,16.964258,33.77322,40.070705,52.720867,54.50212,29.220436,1.0,37.04200999735959,37.0,38.0,39.0,39.0,40.0,0
Mbalmayo,BIO_FP_FH__L2A_20251124T050104_20251206T050132_T_G01_M01_C___T004_F004,2025-11-24,30,48,11.47016716003418,3.423584461212158,13.521523475646973,0.990207417629567,8586,28.641599655151367,22.10008959962216,20.855593,39.876358,41.54566,44.446106,46.327045,38.737274,1.0,39.2056474768367,39.0,40.0,41.0,41.0,41.0,0
Mbalmayo,BIO_FP_FH__L2A_20251124T050104_20251206T050132_T_G01_M01_C___T004_F004,2025-11-24,31,3,11.432659149169922,3.422750949859619,0.7140268683433533,1.0,8649,100.0,9.7611365837091,6.9069448,23.783957,26.300858,32.712475,36.855206,15.798499,1.0,31.098643792379878,31.0,33.0,34.0,35.0,35.0,0
Mbalmayo,BIO_FP_FH__L2A_20251124T050104_20251206T050132_T_G01_M01_C___T004_F004,2025-11-24,31,4,11.433492660522461,3.422750949859619,0.4348268508911133,1.0,8649,100.0,19.600883682362124,20.717224,33.77867,36.38584,39.22556,40.419304,27.994555,1.0,32.94138932644336,33.0,35.0,35.0,35.0,36.0,0
Mbalmayo,BIO_FP_FH__L2A_20251124T050104_20251206T050132_T_G01_M01_C___T004_F004,2025-11-24,31,5,11.434326171875,3.422750949859619,12.075826644897461,1.0,8649,52.66619873046875,22.551657886749915,23.478317,30.517298,32.17712,34.5374,36.665142,29.744917,1.0,33.71992818175444,33.0,36.0,36.0,37.0,37.0,0
Mbalmayo,BIO_FP_FH__L2A_20251124T050104_20251206T050132_T_G01_M01_C___T004_F004,2025-11-24,31,11,11.439327239990234,3.422750949859619,26.336023330688477,0.9460984132016708,8214,0.0,17.854764883370326,19.210104,29.265171,31.970507,37.793648,39.63528,27.838057,0.9104247342772306,32.904503950465916,33.0,34.0,34.3903923034668,35.0,35.0,0
Mbalmayo,BIO_FP_FH__L2A_20251124T050104_20251206T050132_T_G01_M01_C___T004_F004,2025-11-24,31,12,11.440160751342773,3.422750949859619,25.154022216796875,1.0,8649,0.0,12.583310751242918,12.510163,22.668648,25.12283,28.18737,29.548904,21.188765,1.0,33.63612538484469,34.0,35.0,35.0,35.0,35.0,0
Mbalmayo,BIO_FP_FH__L2A_20251124T050104_20251206T050132_T_G01_M01_C___T004_F004,2025-11-24,31,13,11.440994262695312,3.422750949859619,25.23562240600586,1.0,8649,0.0,16.156536792548273,16.757236,27.667126,30.67833,33.017258,36.518986,24.981485,1.0,34.371885885626114,34.0,35.44086685180664,36.0,36.0,36.0,0
Mbalmayo,BIO_FP_FH__L2A_20251124T050104_20251206T050132_T_G01_M01_C___T004_F004,2025-11-24,31,14,11.441827774047852,3.422750949859619,24.71672248840332,1.0,8649,0.0,15.810926931581685,15.02617,28.672022,30.872429,33.937977,35.634846,27.224827,1.0,34.645793382439784,35.0,35.0,36.0,36.0,36.0,0
Mbalmayo,BIO_FP_FH__L2A_20251124T050104_20251206T050132_T_G01_M01_C___T004_F004,2025-11-24,31,15,11.44266128540039,3.422750949859619,23.8397216796875,1.0,8649,0.0,14.743544231992137,13.863697,25.671694,27.901894,30.53718,32.606495,23.74391,1.0,32.813939380899356,33.0,34.0129280090332,35.0,36.0,36.0,0
Mbalmayo,BIO_FP_FH__L2A_20251124T050104_20251206T050132_T_G01_M01_C___T004_F004,2025-11-24,31,16,11.44349479675293,3.422750949859619,22.495323181152344,1.0,8649,0.0,16.143067930541104,16.232058,30.34265,33.27598,39.6899,40.549828,27.096256,1.0,32.05461079300532,32.0,33.6624641418457,34.0,34.0,34.0,0
Mbalmayo,BIO_FP_FH__L2A_20251124T050104_20251206T050132_T_G01_M01_C___T004_F004,2025-11-24,31,17,11.444328308105469,3.422750949859619,18.41952133178711,1.0,8649,0.0,23.770317558388253,24.644932,33.662266,36.045788,38.643295,39.567905,31.190584,1.0,34.22377014160156,34.0,35.0,36.0,36.0,36.0,0
Mbalmayo,BIO_FP_FH__L2A_20251124T050104_20251206T050132_T_G01_M01_C___T004_F004,2025-11-24,31,21,11.447662353515625,3.422750949859619,24.09252166748047,1.0,8649,0.0,20.995191821308822,21.3098,33.894947,35.968246,38.662743,41.917015,31.750942,1.0,35.32413984941105,35.0,36.0,37.0,38.0,38.0,0
Mbalmayo,BIO_FP_FH__L2A_20251124T050104_20251206T050132_T_G01_M01_C___T004_F004,2025-11-24,31,22,11.448495864868164,3.422750949859619,23.989845275878906,1.0,8649,0.0,26.528497243178403,28.678719,35.667957,36.734756,38.883236,40.455505,34.638355,1.0,35.46237097537398,36.0,37.0,38.0,38.0,38.0,0
Mbalmayo,BIO_FP_FH__L2A_20251124T050104_20251206T050132_T_G01_M01_C___T004_F004,2025-11-24,31,25,11.450996398925781,3.422750949859619,22.856645584106445,1.0,8649,0.5663999915122986,15.259313757370794,14.665195,25.769276,27.877943,32.327106,38.82693,24.347416,1.0,33.075546855443555,33.0,34.0,34.0,35.0,35.0,0
Mbalmayo,BIO_FP_FH__L2A_20251124T050104_20251206T050132_T_G01_M01_C___T004_F004,2025-11-24,31,26,11.45182991027832,3.422750949859619,16.0124454498291,1.0,8649,23.156600952148438,19.2345926913516,19.14476,34.440384,36.934383,41.634075,44.30657,32.53526,1.0,35.1744766676408,35.0,37.0,37.0,37.0,37.0,0
Mbalmayo,BIO_FP_FH__L2A_20251124T050104_20251206T050132_T_G01_M01_C___T004_F004,2025-11-24,31,27,11.45266342163086,3.422750949859619,8.723044395446777,1.0,8649,45.296199798583984,8.521625513065095,3.2606425,24.926315,29.960966,33.533295,36.93529,21.092306,0.9970970815806764,35.19272430434224,35.0,36.0,37.0,37.0,37.0,0
Mbalmayo,BIO_FP_FH__L2A_20251124T050104_20251206T050132_T_G01_M01_C___T004_F004,2025-11-24,31,30,11.455163955688477,3.422750949859619,23.61326026916504,1.0,8649,0.0,21.177800540524917,21.770338,29.139267,30.930027,34.944588,37.642048,26.654114,1.0,29.96326401302864,30.0,32.0,33.0,33.0,33.0,0
Mbalmayo,BIO_FP_FH__L2A_20251124T050104_20251206T050132_T_G01_M01_C___T004_F004,2025-11-24,31,31,11.455997467041016,3.422750949859619,23.02865982055664,1.0,8649,0.0,17.248349249190657,16.883835,29.625898,31.910896,35.83878,39.510647,26.998251,1.0,33.43086233413596,34.0,35.0,35.0,36.0,37.0,0
Mbalmayo,BIO_FP_FH__L2A_20251124T050104_20251206T050132_T_G01_M01_C___T004_F004,2025-11-24,31,32,11.456830978393555,3.422750949859619,16.914058685302734,1.0,8649,11.51259994506836,15.921755766562608,16.080515,27.036243,30.045988,34.201935,37.235245,25.269636,1.0,35.084158697711594,35.0,37.0,37.0,38.0,38.0,0
Mbalmayo,BIO_FP_FH__L2A_20251124T050104_20251206T050132_T_G01_M01_C___T004_F004,2025-11-24,31,33,11.457664489746094,3.422750949859619,17.445859909057617,1.0,8649,2.9312000274658203,14.193493286796162,12.127284,28.418016,30.579935,34.099724,38.490234,26.671959,1.0,33.98977554110464,34.0,36.0,36.0,37.0,39.0,0
Mbalmayo,BIO_FP_FH__L2A_20251124T050104_20251206T050132_T_G01_M01_C___T004_F004,2025-11-24,31,34,11.458498001098633,3.422750949859619,9.116859436035156,1.0,8649,46.187599182128906,14.422123402994567,10.374507,34.43328,38.433296,40.865147,41.72928,27.827375,1.0,35.50368310785222,36.0,38.0,38.0,39.0,39.0,0
Mbalmayo,BIO_FP_FH__L2A_20251124T050104_20251206T050132_T_G01_M01_C___T004_F004,2025-11-24,31,35,11.459331512451172,3.422750949859619,0.7876594662666321,1.0,8649,89.44419860839844,9.921902550150307,6.124941,28.06487,31.518345,36.50839,42.10506,20.145107,1.0,36.20997716440798,36.0,37.0,39.0,39.0,40.0,0
Mbalmayo,BIO_FP_FH__L2A_20251124T050104_20251206T050132_T_G01_M01_C___T004_F004,2025-11-24,31,36,11.460165023803711,3.422750949859619,10.83545970916748,1.0,8649,49.206199645996094,17.26230588435079,15.592067,34.098507,37.42366,40.39759,42.52676,29.985493,1.0,35.91877296131075,36.0,37.0,37.0,37.0,37.0,0
Mbalmayo,BIO_FP_FH__L2A_20251124T050104_20251206T050132_T_G01_M01_C___T004_F004,2025-11-24,31,37,11.46099853515625,3.422750949859619,19.345458984375,1.0,8649,1.4575999975204468,18.61578876531969,19.253584,33.50905,36.125793,41.16585,45.870564,30.940329,1.0,37.00733721006784,37.0,39.0,39.0,39.0,39.0,0
Mbalmayo,BIO_FP_FH__L2A_20251124T050104_20251206T050132_T_G01_M01_C___T004_F004,2025-11-24,31,38,11.461832046508789,3.422750949859619,10.830896377563477,1.0,8649,14.94159984588623,19.133084388368598,17.781248,36.296135,38.440586,40.397896,42.443127,34.748074,1.0,36.02151059757038,36.0,38.0,38.0,39.0,39.0,0
Mbalmayo,BIO_FP_FH__L2A_20251124T050104_20251206T050132_T_G01_M01_C___T004_F004,2025-11-24,31,39,11.462665557861328,3.422750949859619,4.000696182250977,1.0,8649,28.142799377441406,14.955678131142328,11.911198,32.15649,35.221165,39.994816,44.376255,24.64979,1.0,36.5187885903226,37.0,37.0,37.0,37.00959289550782,38.0,0
Mbalmayo,BIO_FP_FH__L2A_20251124T050104_20251206T050132_T_G01_M01_C___T004_F004,2025-11-24,31,40,11.463499069213867,3.422750949859619,2.8500962257385254,1.0,8649,49.92559814453125,19.773699000607007,17.419554,38.527134,42.108757,44.476574,46.26776,33.842964,1.0,35.936491700841835,36.0,37.0,37.6624641418457,38.0,38.0,0
Mbalmayo,BIO_FP_FH__L2A_20251124T050104_20251206T050132_T_G01_M01_C___T004_F004,2025-11-24,31,41,11.464332580566406,3.422750949859619,2.355696201324463,1.0,8649,68.83619689941406,21.70097157185802,21.439148,35.216553,37.533947,45.02834,46.779358,31.794731,1.0,34.87701453990586,35.0,37.0,37.0,37.0,37.0,0
Mbalmayo,BIO_FP_FH__L2A_20251124T050104_20251206T050132_T_G01_M01_C___T004_F004,2025-11-24,31,42,11.465166091918945,3.422750949859619,5.547696113586426,1.0,8649,62.215599060058594,19.721216415915134,18.21535,36.2753,38.69733,41.50405,44.670692,33.339394,1.0,35.92565777580481,36.0,37.0,37.0,38.0,38.0,0
Mbalmayo,BIO_FP_FH__L2A_20251124T050104_20251206T050132_T_G01_M01_C___T004_F004,2025-11-24,31,43,11.465999603271484,3.422750949859619,18.361295700073242,1.0,8649,17.686399459838867,20.473886973927623,17.528296,41.37576,43.41907,44.96571,46.90479,38.208786,1.0,38.756563919901865,39.0,40.0,40.0,41.0,41.0,0
Mbalmayo,BIO_FP_FH__L2A_20251124T050104_20251206T050132_T_G01_M01_C___T004_F004,2025-11-24,31,44,11.466833114624023,3.422750949859619,22.83709716796875,1.0,8649,8.471799850463867,17.825086353913747,17.303955,34.630173,37.559143,41.292625,42.66546,27.443964,1.0,37.405113856659305,38.0,38.0,38.13889694213867,39.0,39.0,0
Mbalmayo,BIO_FP_FH__L2A_20251124T050104_20251206T050132_T_G01_M01_C___T004_F004,2025-11-24,31,45,11.467666625976562,3.422750949859619,24.305295944213867,1.0,8649,2.3935999870300293,18.160737061365477,16.217466,33.39108,35.916424,38.89511,42.67698,28.098633,1.0,36.8117038948658,37.0,38.0,38.0,38.0,38.0,0
Mbalmayo,BIO_FP_FH__L2A_20251124T050104_20251206T050132_T_G01_M01_C___T004_F004,2025-11-24,31,46,11.468500137329102,3.422750949859619,24.57301902770996,1.0,8649,0.0,17.49767585125448,17.306557,30.078285,32.532337,37.076687,39.295593,26.914734,1.0,36.692930639899664,36.39718246459961,38.0,39.0,39.0,39.0,0
Mbalmayo,BIO_FP_FH__L2A_20251124T050104_20251206T050132_T_G01_M01_C___T004_F004,2025-11-24,31,47,11.46933364868164,3.422750949859619,17.739219665527344,1.0,8649,23.62459945678711,27.826624194271012,28.25542,41.1987,48.6887,53.590782,54.923676,38.893715,1.0,36.78236127349045,37.0,38.0,39.0,39.0,39.0,0
Mbalmayo,BIO_FP_FH__L2A_20251124T050104_20251206T050132_T_G01_M01_C___T004_F004,2025-11-24,31,48,11.47016716003418,3.422750949859619,10.10801887512207,1.0,8649,48.122798919677734,19.87173191987513,19.452522,38.348816,40.894466,43.467293,46.361122,35.128143,1.0,37.74739874651121,38.0,39.0,40.0,40.0,40.0,0
Mbalmayo,BIO_FP_FH__L2A_20251124T050104_20251206T050132_T_G01_M01_C___T004_F004,2025-11-24,32,3,11.432659149169922,3.42191743850708,1.1120268106460571,1.0,8649,100.0,13.191579002991675,11.856941,27.489023,32.219738,35.682396,37.04892,20.581385,1.0,31.467701566248273,31.0,34.0,34.0,35.0,35.0,0
Mbalmayo,BIO_FP_FH__L2A_20251124T050104_20251206T050132_T_G01_M01_C___T004_F004,2025-11-24,32,4,11.433492660522461,3.42191743850708,0.772226870059967,1.0,8649,100.0,14.455698455023702,15.22705,25.716234,28.313105,32.806396,35.175392,21.090126,1.0,31.998988939607912,32.0,33.0,34.0,34.0,34.0,0
Mbalmayo,BIO_FP_FH__L2A_20251124T050104_20251206T050132_T_G01_M01_C___T004_F004,2025-11-24,32,5,11.434326171875,3.42191743850708,7.341227054595947,0.9808719814519742,8508,69.25060272216797,13.683647681584581,13.73371,27.188902,30.873611,35.104034,37.69324,22.133892,0.9654031362871701,33.89663073042108,34.0,36.0,36.0,36.0,36.0,0
Mbalmayo,BIO_FP_FH__L2A_20251124T050104_20251206T050132_T_G01_M01_C___T004_F004,2025-11-24,32,15,11.44266128540039,3.42191743850708,23.764122009277344,0.99371517841658,8609,0.0,15.000753330847228,13.391305,30.772562,32.857105,34.74532,36.922634,27.715216,0.9867444476208559,34.26298144416669,34.0,36.0,36.0,38.0,38.0,0
Mbalmayo,BIO_FP_FH__L2A_20251124T050104_20251206T050132_T_G01_M01_C___T004_F004,2025-11-24,32,16,11.44349479675293,3.42191743850708,22.61892318725586,1.0,8649,0.0,15.776384462799168,16.029802,27.1836,29.08769,31.541506,33.534122,25.86667,1.0,33.24472104426629,33.0,34.0,35.0,35.0,35.0,0
Mbalmayo,BIO_FP_FH__L2A_20251124T050104_20251206T050132_T_G01_M01_C___T004_F004,2025-11-24,32,17,11.444328308105469,3.42191743850708,19.12192153930664,0.9284890120064458,8078,0.0,13.075296961955416,12.282976,26.503513,31.229773,37.021046,38.746155,23.56333,0.9298562702971265,32.86090607376431,33.0,34.0,35.0,35.0,35.0,0
Mbalmayo,BIO_FP_FH__L2A_20251124T050104_20251206T050132_T_G01_M01_C___T004_F004,2025-11-24,32,20,11.446828842163086,3.42191743850708,25.173721313476562,1.0,8649,0.0,23.478531206642387,24.228554,33.766598,37.223347,41.794823,44.125683,32.456306,1.0,36.77659050188033,37.0,38.0,38.0,39.0,39.0,0
Mbalmayo,BIO_FP_FH__L2A_20251124T050104_20251206T050132_T_G01_M01_C___T004_F004,2025-11-24,32,21,11.447662353515625,3.42191743850708,27.68612289428711,1.0,8649,0.0,16.141718876459706,13.41369,31.508888,37.65005,41.532238,43.726456,26.004011,1.0,35.12369139255961,35.0,36.0,37.0,38.0,38.0,0
Mbalmayo,BIO_FP_FH__L2A_20251124T050104_20251206T050132_T_G01_M01_C___T004_F004,2025-11-24,32,22,11.448495864868164,3.42191743850708,29.028644561767578,1.0,8649,0.0,16.787141215747486,15.603931,30.77575,33.28475,37.720695,40.48386,26.732813,1.0,34.997333997659624,35.0,36.0,36.0,37.0,37.0,0
Mbalmayo,BIO_FP_FH__L2A_20251124T050104_20251206T050132_T_G01_M01_C___T004_F004,2025-11-24,32,25,11.450996398925781,3.42191743850708,20.77104377746582,1.0,8649,3.5004000663757324,17.156919784801712,17.512934,28.252514,30.295969,33.46112,37.432236,27.179407,1.0,32.03558528700348,32.0,33.0,33.0,34.0,34.0,0
Mbalmayo,BIO_FP_FH__L2A_20251124T050104_20251206T050132_T_G01_M01_C___T004_F004,2025-11-24,32,26,11.45182991027832,3.42191743850708,15.875444412231445,0.9998284043404584,8649,16.701200485229492,9.93088892010144,8.661184,21.981327,25.865118,31.73603,34.36801,19.892056,1.0,32.85720672303093,33.0,34.0,34.0,34.0,34.0,0
Mbalmayo,BIO_FP_FH__L2A_20251124T050104_20251206T050132_T_G01_M01_C___T004_F004,2025-11-24,32,27,11.45266342163086,3.42191743850708,10.435844421386719,0.9390749878959995,8175,30.84079933166504,10.456132141090965,5.489753,26.835926,29.561895,36.096485,38.07037,23.666983,0.9008620635918942,34.904730946780404,35.0,36.0,36.0,37.0,37.0,0
Mbalmayo,BIO_FP_FH__L2A_20251124T050104_20251206T050132_T_G01_M01_C___T004_F004,2025-11-24,32,30,11.455163955688477,3.42191743850708,23.504859924316406,1.0,8649,3.4119999408721924,16.496087427014682,16.61341,25.855017,28.081455,31.030798,33.624184,23.773579,1.0,31.332945470714005,31.0,33.0,33.0,34.0,35.0,0
Mbalmayo,BIO_FP_FH__L2A_20251124T050104_20251206T050132_T_G01_M01_C___T004_F004,2025-11-24,32,31,11.455997467041016,3.42191743850708,24.08485984802246,1.0,8649,0.0,21.44420913906232,23.329515,32.563805,33.8336,35.751846,38.56092,31.864048,1.0,34.431470232542466,35.0,36.0,37.0,37.0,37.0,0
Mbalmayo,BIO_FP_FH__L2A_20251124T050104_20251206T050132_T_G01_M01_C___T004_F004,2025-11-24,32,32,11.456830978393555,3.42191743850708,23.729259490966797,1.0,8649,0.0,23.097688768210197,25.560946,33.546303,36.176445,39.424892,41.847218,31.537718,1.0,36.719346463135835,37.0,38.0,38.0,38.0,39.0,0
Mbalmayo,BIO_FP_FH__L2A_20251124T050104_20251206T050132_T_G01_M01_C___T004_F004,2025-11-24,32,33,11.457664489746094,3.42191743850708,18.32785987854004,1.0,8649,14.95419979095459,17.861244797086368,16.771416,32.993,36.499245,40.47958,42.779846,29.60095,1.0,37.18904186499741,37.0,39.0,39.0,40.0,41.0,0
Mbalmayo,BIO_FP_FH__L2A_20251124T050104_20251206T050132_T_G01_M01_C___T004_F004,2025-11-24,32,34,11.458498001098633,3.42191743850708,10.515459060668945,1.0,8649,45.36399841308594,12.39862628627587,8.828797,28.434937,34.16123,39.468452,41.50632,23.225634,1.0,37.758201741582326,38.0,39.0,40.0,41.0,41.0,0
Mbalmayo,BIO_FP_FH__L2A_20251124T050104_20251206T050132_T_G01_M01_C___T004_F004,2025-11-24,32,35,11.459331512451172,3.42191743850708,2.7032594680786133,1.0,8649,75.7738037109375,15.74268746748179,10.42718,38.05569,41.10182,42.845768,45.663807,31.499935,1.0,37.7851409409305,38.0,39.0,39.85451889038086,40.0,40.0,0
Mbalmayo,BIO_FP_FH__L2A_20251124T050104_20251206T050132_T_G01_M01_C___T004_F004,2025-11-24,32,36,11.460165023803711,3.42191743850708,3.0386595726013184,1.0,8649,59.200401306152344,13.473191445542838,9.914545,29.208057,35.4715,40.190163,44.778908,23.70461,1.0,35.654017249619095,36.0,37.0,37.0,38.0,38.0,0
Mbalmayo,BIO_FP_FH__L2A_20251124T050104_20251206T050132_T_G01_M01_C___T004_F004,2025-11-24,32,37,11.46099853515625,3.42191743850708,10.553059577941895,1.0,8649,14.039600372314453,17.688585295265348,15.96527,33.463596,38.186195,44.326008,45.7842,27.879402,1.0,36.92777953168287,37.0,38.0,38.0,38.0,39.0,0
Mbalmayo,BIO_FP_FH__L2A_20251124T050104_20251206T050132_T_G01_M01_C___T004_F004,2025-11-24,32,38,11.461832046508789,3.42191743850708,6.061496257781982,1.0,8649,13.757800102233887,15.465401527633253,12.250834,32.67519,35.512398,38.594425,41.904797,28.791729,1.0,36.42871733634703,37.0,38.0,38.0,39.0,39.0,0
Mbalmayo,BIO_FP_FH__L2A_20251124T050104_20251206T050132_T_G01_M01_C___T004_F004,2025-11-24,32,39,11.462665557861328,3.42191743850708,4.23849630355835,1.0,8649,26.11840057373047,13.796217861168921,10.442584,30.841091,34.866177,38.868336,41.896107,25.364634,1.0,35.50485372438584,35.0,37.0,37.0,37.0,37.0,0
Mbalmayo,BIO_FP_FH__L2A_20251124T050104_20251206T050132_T_G01_M01_C___T004_F004,2025-11-24,32,40,11.463499069213867,3.42191743850708,2.898296356201172,1.0,8649,45.2411994934082,16.875598425396,15.211113,31.664917,34.86364,39.523716,42.442028,27.392052,1.0,35.23228180208624,35.0,37.0,37.0,37.0,37.0,0
Mbalmayo,BIO_FP_FH__L2A_20251124T050104_20251206T050132_T_G01_M01_C___T004_F004,2025-11-24,32,41,11.464332580566406,3.42191743850708,2.2018961906433105,1.0,8649,75.4988021850586,16.099635796045785,13.500495,32.55178,36.77952,39.598965,42.631123,29.026707,1.0,34.74420588459496,34.0,36.0,37.0,38.0,38.0,0
Mbalmayo,BIO_FP_FH__L2A_20251124T050104_20251206T050132_T_G01_M01_C___T004_F004,2025-11-24,32,42,11.465166091918945,3.42191743850708,2.321096181869507,1.0,8649,96.93699645996094,18.624253887732685,16.140455,36.47271,40.168625,45.404884,48.071022,32.1732,1.0,35.6324241149493,36.0,37.0,37.0,38.0,38.0,0
Mbalmayo,BIO_FP_FH__L2A_20251124T050104_20251206T050132_T_G01_M01_C___T004_F004,2025-11-24,32,43,11.465999603271484,3.42191743850708,14.98129653930664,1.0,8649,46.18299865722656,20.37926259538675,18.491718,41.45752,43.76047,46.419003,48.659286,35.249958,1.0,37.98035591364541,38.0,40.24485397338867,41.0,41.0,41.0,0
Mbalmayo,BIO_FP_FH__L2A_20251124T050104_20251206T050132_T_G01_M01_C___T004_F004,2025-11-24,32,44,11.466833114624023,3.42191743850708,27.053096771240234,1.0,8649,0.0,19.274911658862298,17.934689,35.3622,37.483376,40.059406,41.98031,32.73477,1.0,38.184640036909435,38.0,39.0,39.0,39.0,39.0,0
Mbalmayo,BIO_FP_FH__L2A_20251124T050104_20251206T050132_T_G01_M01_C___T004_F004,2025-11-24,32,45,11.467666625976562,3.42191743850708,27.881296157836914,1.0,8649,0.0,24.689350376488612,23.716267,40.797306,44.911804,49.372364,51.404907,36.932716,1.0,36.712667125375965,37.0,38.0,38.0,39.0,39.0,0
Mbalmayo,BIO_FP_FH__L2A_20251124T050104_20251206T050132_T_G01_M01_C___T004_F004,2025-11-24,32,46,11.468500137329102,3.42191743850708,27.369218826293945,1.0,8649,0.0,20.152456660452074,21.02652,33.33264,35.294765,38.134056,41.03877,30.473656,1.0,36.193052752553584,36.0,37.0,37.0,38.0,38.0,0
Mbalmayo,BIO_FP_FH__L2A_20251124T050104_20251206T050132_T_G01_M01_C___T004_F004,2025-11-24,32,47,11.46933364868164,3.42191743850708,20.98541831970215,1.0,8649,23.913799285888672,19.328407727771996,19.033613,31.89214,33.853203,36.49527,41.01066,28.049206,1.0,36.733428783507165,37.0,38.0,38.0,38.0,38.0,0
Mbalmayo,BIO_FP_FH__L2A_20251124T050104_20251206T050132_T_G01_M01_C___T004_F004,2025-11-24,32,48,11.47016716003418,3.42191743850708,11.909019470214844,0.9995340185642849,8649,58.7947998046875,18.554315308678987,18.35761,31.200493,34.457664,37.07104,40.350655,28.88222,1.0,36.371959818155176,37.0,38.0,38.0,39.0,39.0,0
Mbalmayo,BIO_FP_FH__L2A_20251124T050104_20251206T050132_T_G01_M01_C___T004_F004,2025-11-24,33,3,11.432659149169922,3.421083927154541,1.1904268264770508,1.0,8649,100.0,5.391353724057694,1.8636595,17.867983,22.336195,27.211815,35.043736,8.631621,1.0,30.064330603707276,31.0,32.0,32.0,33.0,33.0,0
Mbalmayo,BIO_FP_FH__L2A_20251124T050104_20251206T050132_T_G01_M01_C___T004_F004,2025-11-24,33,4,11.433492660522461,3.421083927154541,1.0538268089294434,0.9998013622871864,8648,100.0,10.490152266561587,6.804934,25.66374,28.039524,31.759972,33.900085,22.274559,0.9931052275125188,32.619210602551306,33.0,34.0,34.0,34.0,34.0,0
Mbalmayo,BIO_FP_FH__L2A_20251124T050104_20251206T050132_T_G01_M01_C___T004_F004,2025-11-24,33,7,11.435993194580078,3.421083927154541,23.058822631835938,1.0,8649,0.0,11.530085667418199,11.736747,21.861683,23.526672,25.673828,27.975748,18.938934,1.0,23.678036666492574,24.0,26.0,26.238628387451172,27.0,27.0,0
Mbalmayo,BIO_FP_FH__L2A_20251124T050104_20251206T050132_T_G01_M01_C___T004_F004,2025-11-24,33,8,11.436826705932617,3.421083927154541,22.131622314453125,1.0,8649,0.0,3.5165047982425715,1.2643269,11.467466,15.912993,22.402191,27.219183,5.5950165,1.0,23.24384741287505,22.0,27.0,28.0,29.0,29.0,0
Mbalmayo,BIO_FP_FH__L2A_20251124T050104_20251206T050132_T_G01_M01_C___T004_F004,2025-11-24,33,9,11.437660217285156,3.421083927154541,22.256221771240234,1.0,8649,0.0,17.66177041782287,17.51924,27.684784,29.813272,33.226185,34.860962,25.578182,1.0,31.69113194155464,32.0,34.0,34.0,34.0,34.0,0
Mbalmayo,BIO_FP_FH__L2A_20251124T050104_20251206T050132_T_G01_M01_C___T004_F004,2025-11-24,33,10,11.438493728637695,3.421083927154541,22.46822166442871,1.0,8649,0.0,23.807167465169385,24.272945,31.071825,32.50282,34.105236,35.679363,30.52469,1.0,32.41400540193418,32.628456115722656,33.0,34.0,34.0,34.0,0
Mbalmayo,BIO_FP_FH__L2A_20251124T050104_20251206T050132_T_G01_M01_C___T004_F004,2025-11-24,33,11,11.439327239990234,3.421083927154541,23.47622299194336,0.9998545148825009,8649,0.0,19.616614367404786,20.94846,28.264227,30.044827,33.355537,36.93434,27.13639,1.0,32.52448212655242,32.79436492919922,33.05938720703125,34.0,34.0,34.0,0
Mbalmayo,BIO_FP_FH__L2A_20251124T050104_20251206T050132_T_G01_M01_C___T004_F004,2025-11-24,33,19,11.445995330810547,3.421083927154541,24.522722244262695,1.0,8649,0.0,27.75168010752688,29.455107,34.998432,36.298042,38.075474,39.99063,34.230396,1.0,37.75782146579559,38.0,39.0,39.0,40.0,40.0,0
Mbalmayo,BIO_FP_FH__L2A_20251124T050104_20251206T050132_T_G01_M01_C___T004_F004,2025-11-24,33,20,11.446828842163086,3.421083927154541,26.95492172241211,1.0,8649,0.0,26.08060270696034,27.662373,37.1535,38.63971,40.662693,42.598167,36.358368,1.0,37.608969453442704,38.0,38.086387634277344,39.0,39.0,39.0,0
Mbalmayo,BIO_FP_FH__L2A_20251124T050104_20251206T050132_T_G01_M01_C___T004_F004,2025-11-24,33,21,11.447662353515625,3.421083927154541,28.52412223815918,1.0,8649,0.0,20.949482508816047,20.507874,34.92471,38.828434,43.864212,47.34064,31.726646,1.0,34.38613629878663,34.0,36.0,37.0,37.01839630126955,38.0,0
Mbalmayo,BIO_FP_FH__L2A_20251124T050104_20251206T050132_T_G01_M01_C___T004_F004,2025-11-24,33,22,11.448495864868164,3.421083927154541,24.792444229125977,1.0,8649,5.933199882507324,16.66939097005434,15.91785,27.084715,30.530285,33.60777,35.358887,23.588375,1.0,33.041218782218294,33.0,34.28803863525389,35.0,35.0,35.0,0
Mbalmayo,BIO_FP_FH__L2A_20251124T050104_20251206T050132_T_G01_M01_C___T004_F004,2025-11-24,33,25,11.450996398925781,3.421083927154541,15.458244323730469,1.0,8649,8.708200454711914,13.221218674124176,11.847739,27.07291,31.57387,37.069355,40.992954,25.180632,1.0,34.33263194441093,35.0,36.0,36.0,36.0,36.0,0
Mbalmayo,BIO_FP_FH__L2A_20251124T050104_20251206T050132_T_G01_M01_C___T004_F004,2025-11-24,33,26,11.45182991027832,3.421083927154541,16.655445098876953,1.0,8649,4.987199783325195,8.182650270262458,6.074687,20.03065,23.968975,29.784483,35.88514,14.34208,1.0,34.0316882085519,34.0,35.0,35.0,36.0,36.0,0
Mbalmayo,BIO_FP_FH__L2A_20251124T050104_20251206T050132_T_G01_M01_C___T004_F004,2025-11-24,33,29,11.454330444335938,3.421083927154541,19.948444366455078,1.0,8649,0.0,16.7359200666262,16.997946,26.013475,28.721685,31.859772,35.12028,24.45473,1.0,32.12622647920031,32.0,33.0,33.0,33.0,33.0,0
Mbalmayo,BIO_FP_FH__L2A_20251124T050104_20251206T050132_T_G01_M01_C___T004_F004,2025-11-24,33,30,11.455163955688477,3.421083927154541,23.105459213256836,1.0,8649,0.0,18.533775129350214,18.10518,29.069998,33.343716,37.23292,38.900158,24.40144,1.0,33.50032192269479,33.0,34.0,35.0,35.80180740356445,36.0,0
Mbalmayo,BIO_FP_FH__L2A_20251124T050104_20251206T050132_T_G01_M01_C___T004_F004,2025-11-24,33,31,11.455997467041016,3.421083927154541,25.719459533691406,1.0,8649,0.0,23.19531746805989,25.050182,36.35465,39.300823,44.950733,49.605885,32.63426,1.0,36.12015542091972,36.0,37.0,37.0,37.0,37.0,0
Mbalmayo,BIO_FP_FH__L2A_20251124T050104_20251206T050132_T_G01_M01_C___T004_F004,2025-11-24,33,32,11.456830978393555,3.421083927154541,26.416059494018555,1.0,8649,0.0,22.22404956497861,23.82619,32.965714,35.811626,39.544823,42.062717,31.44794,1.0,36.416312783698096,36.0,37.43068313598633,38.0,38.94062805175781,39.0,0
Mbalmayo,BIO_FP_FH__L2A_20251124T050104_20251206T050132_T_G01_M01_C___T004_F004,2025-11-24,33,33,11.457664489746094,3.421083927154541,22.004058837890625,1.0,8649,10.124199867248535,25.152145027604348,27.31888,36.860615,38.691345,41.25468,44.449852,34.806267,1.0,38.22144715636297,38.0,39.0,40.0,40.0,41.0,0
Mbalmayo,BIO_FP_FH__L2A_20251124T050104_20251206T050132_T_G01_M01_C___T004_F004,2025-11-24,33,34,11.458498001098633,3.421083927154541,13.582459449768066,1.0,8649,29.96380043029785,18.222287258642616,13.885233,37.383038,40.493534,49.320023,52.524715,32.768307,1.0,38.60972671252976,39.0,40.0,40.0,40.0,41.0,0
Mbalmayo,BIO_FP_FH__L2A_20251124T050104_20251206T050132_T_G01_M01_C___T004_F004,2025-11-24,33,35,11.459331512451172,3.421083927154541,5.16085958480835,1.0,8649,49.80339813232422,15.51583772329171,11.295647,33.195107,36.740875,40.79271,45.203655,27.884985,1.0,36.76630991612546,36.0,39.0,39.0,39.0,39.0,0
Mbalmayo,BIO_FP_FH__L2A_20251124T050104_20251206T050132_T_G01_M01_C___T004_F004,2025-11-24,33,36,11.460165023803711,3.421083927154541,3.8994593620300293,1.0,8649,41.796199798583984,14.695395602092727,11.246608,31.613806,35.18018,39.641884,41.861988,25.770119,1.0,35.99815211239296,36.0,37.0,38.0,40.0,40.0,0
Mbalmayo,BIO_FP_FH__L2A_20251124T050104_20251206T050132_T_G01_M01_C___T004_F004,2025-11-24,33,37,11.46099853515625,3.421083927154541,5.827659606933594,1.0,8649,19.33060073852539,16.99747396736617,12.3879175,36.839138,41.55645,45.73357,50.555397,30.370953,1.0,37.26381621954551,37.0,39.0,40.0,40.0,40.0,0
Mbalmayo,BIO_FP_FH__L2A_20251124T050104_20251206T050132_T_G01_M01_C___T004_F004,2025-11-24,33,38,11.461832046508789,3.421083927154541,5.521096229553223,1.0,8649,17.165199279785156,13.832572768528154,11.300903,28.84002,33.863136,39.643116,41.875187,22.33333,1.0,35.398353675456804,35.0,37.0,37.0,38.0,38.0,0
Mbalmayo,BIO_FP_FH__L2A_20251124T050104_20251206T050132_T_G01_M01_C___T004_F004,2025-11-24,33,39,11.462665557861328,3.421083927154541,3.287696361541748,1.0,8649,32.39039993286133,16.94499364088334,14.715364,30.88912,35.397392,39.742348,42.408607,27.300194,1.0,34.628582111437595,35.0,35.536224365234375,36.0,36.0,37.0,0
Mbalmayo,BIO_FP_FH__L2A_20251124T050104_20251206T050132_T_G01_M01_C___T004_F004,2025-11-24,33,40,11.463499069213867,3.421083927154541,2.439096212387085,1.0,8649,66.2394027709961,17.205462697999767,16.175665,31.615269,34.340446,40.077785,42.9428,28.114307,1.0,35.913286033786505,36.0,37.973289489746094,38.0,38.0,38.0,0
Mbalmayo,BIO_FP_FH__L2A_20251124T050104_20251206T050132_T_G01_M01_C___T004_F004,2025-11-24,33,41,11.464332580566406,3.421083927154541,1.6622962951660156,1.0,8649,100.0,24.394941792403745,26.665272,39.33203,41.528778,44.09432,45.380077,35.81913,1.0,37.16634706569305,37.0,38.0,39.0,39.0,39.0,0
Mbalmayo,BIO_FP_FH__L2A_20251124T050104_20251206T050132_T_G01_M01_C___T004_F004,2025-11-24,33,42,11.465166091918945,3.421083927154541,1.28269624710083,1.0,8649,100.0,20.424325156810035,19.87821,34.605373,36.547188,39.455643,42.218903,30.35624,1.0,34.92497905122984,35.0,37.0,37.0,38.0,39.0,0
Mbalmayo,BIO_FP_FH__L2A_20251124T050104_20251206T050132_T_G01_M01_C___T004_F004,2025-11-24,33,43,11.465999603271484,3.421083927154541,11.533096313476562,1.0,8649,59.3468017578125,15.429682983581918,14.0382805,29.086939,32.079258,36.3089,39.014923,23.334803,1.0,34.604435156474764,35.0,36.0,37.0,37.0,38.0,0
Mbalmayo,BIO_FP_FH__L2A_20251124T050104_20251206T050132_T_G01_M01_C___T004_F004,2025-11-24,33,44,11.466833114624023,3.421083927154541,25.541296005249023,1.0,8649,6.603400230407715,18.925405935657302,17.42668,34.200638,37.299515,44.759724,46.654877,30.760986,1.0,36.030510354502404,36.0,39.0,39.0,39.17898178100586,40.0,0
Mbalmayo,BIO_FP_FH__L2A_20251124T050104_20251206T050132_T_G01_M01_C___T004_F004,2025-11-24,33,45,11.467666625976562,3.421083927154541,28.106096267700195,1.0,8649,0.0,17.842889622355184,16.866323,32.575783,36.240803,40.114513,42.40413,26.386196,1.0,37.541119772983514,38.0,39.0,40.0,40.0,40.0,0
Mbalmayo,BIO_FP_FH__L2A_20251124T050104_20251206T050132_T_G01_M01_C___T004_F004,2025-11-24,33,46,11.468500137329102,3.421083927154541,28.770418167114258,1.0,8649,0.0,15.286756416926812,13.6849575,28.970488,32.65177,38.796967,41.863823,24.468157,1.0,36.16170810801347,36.0,38.0,38.0,38.0,38.0,0
Mbalmayo,BIO_FP_FH__L2A_20251124T050104_20251206T050132_T_G01_M01_C___T004_F004,2025-11-24,33,47,11.46933364868164,3.421083927154541,28.310218811035156,1.0,8649,6.934999942779541,19.227726380939995,17.729942,36.147827,39.409893,41.59646,43.309147,29.429354,1.0,38.01471117689839,38.0,39.0,39.0,40.0,40.0,0
Mbalmayo,BIO_FP_FH__L2A_20251124T050104_20251206T050132_T_G01_M01_C___T004_F004,2025-11-24,33,48,11.47016716003418,3.421083927154541,21.503219604492188,0.9874306673369031,8567,33.552398681640625,21.361867360124645,21.080534,37.599674,39.440006,41.903652,45.171803,32.962353,1.0,38.8896720538678,39.0,40.0,41.0,41.0,41.0,0
Mbalmayo,BIO_FP_FH__L2A_20251124T050104_20251206T050132_T_G01_M01_C___T004_F004,2025-11-24,34,3,11.432659149169922,3.420250415802002,1.3726269006729126,1.0,8649,100.0,5.851967848522951,1.9771539,21.203176,27.530527,31.079521,34.61262,8.138036,1.0,33.78703314611052,34.0,35.30486297607422,36.0,36.0,36.0,0
Mbalmayo,BIO_FP_FH__L2A_20251124T050104_20251206T050132_T_G01_M01_C___T004_F004,2025-11-24,34,6,11.435159683227539,3.420250415802002,12.405022621154785,0.9811468054923257,8493,47.814998626708984,11.831803214215382,11.986925,19.547768,21.299969,24.964306,28.769547,18.258022,1.0,28.90199461985577,29.0,31.0,31.0,32.0,32.0,0
Mbalmayo,BIO_FP_FH__L2A_20251124T050104_20251206T050132_T_G01_M01_C___T004_F004,2025-11-24,34,7,11.435993194580078,3.420250415802002,22.6566219329834,1.0,8649,0.0,12.047838803618916,12.010534,22.182102,24.705387,32.514263,35.419086,17.88933,1.0,23.493509376403264,24.0,25.0,26.0,26.0,26.0,0
Mbalmayo,BIO_FP_FH__L2A_20251124T050104_20251206T050132_T_G01_M01_C___T004_F004,2025-11-24,34,8,11.436826705932617,3.420250415802002,23.954221725463867,1.0,8649,0.0,12.451071384697652,10.758629,27.038538,29.895535,34.754932,37.738266,23.772953,1.0,26.183540398047167,26.0,31.0,31.0,32.0,32.0,0
Mbalmayo,BIO_FP_FH__L2A_20251124T050104_20251206T050132_T_G01_M01_C___T004_F004,2025-11-24,34,9,11.437660217285156,3.420250415802002,24.09682273864746,1.0,8649,0.0,20.783503240981616,20.305256,34.277695,36.370705,38.631638,41.90082,31.934528,1.0,31.400888795838327,31.0,33.079246520996094,34.0,34.0,34.0,0
Mbalmayo,BIO_FP_FH__L2A_20251124T050104_20251206T050132_T_G01_M01_C___T004_F004,2025-11-24,34,10,11.438493728637695,3.420250415802002,23.367422103881836,1.0,8649,0.0,24.376559970805875,27.058094,34.369072,35.289757,37.17132,38.906326,33.444977,1.0,31.125733288991988,31.0,32.83727340698242,33.0,34.0,34.0,0
Mbalmayo,BIO_FP_FH__L2A_20251124T050104_20251206T050132_T_G01_M01_C___T004_F004,2025-11-24,34,11,11.439327239990234,3.420250415802002,22.50562286376953,1.0,8649,0.0,21.17370956902532,22.535213,30.354687,33.128586,36.10561,38.243015,28.471611,1.0,31.78997591468334,32.0,33.0,33.0,34.0,34.0,0
Mbalmayo,BIO_FP_FH__L2A_20251124T050104_20251206T050132_T_G01_M01_C___T004_F004,2025-11-24,34,12,11.440160751342773,3.420250415802002,22.85942268371582,1.0,8649,0.0,15.813030227482946,15.109213,25.705101,28.046318,33.613674,35.31561,22.46866,1.0,30.035242916269926,30.0,32.0,32.0,32.07251739501953,33.0,0
Mbalmayo,BIO_FP_FH__L2A_20251124T050104_20251206T050132_T_G01_M01_C___T004_F004,2025-11-24,34,13,11.440994262695312,3.420250415802002,23.498022079467773,1.0,8649,0.0,20.770630094519596,22.092241,28.295784,30.046415,32.971767,34.36529,27.249176,1.0,29.284387750809753,29.0,31.0,31.0,32.0,32.0,0
Mbalmayo,BIO_FP_FH__L2A_20251124T050104_20251206T050132_T_G01_M01_C___T004_F004,2025-11-24,34,14,11.441827774047852,3.420250415802002,24.282121658325195,0.9998404010759915,8649,0.0,15.331488721974328,14.652787,25.689445,28.03977,30.329329,33.35965,22.770573,1.0,32.58350646431039,32.0,35.0,35.0,36.0,36.0,0
Mbalmayo,BIO_FP_FH__L2A_20251124T050104_20251206T050132_T_G01_M01_C___T004_F004,2025-11-24,34,15,11.44266128540039,3.420250415802002,22.998321533203125,0.9026439788920685,7863,0.0,19.24994636827203,18.434135,31.603798,33.102535,35.08843,38.4023,29.726095,0.9567680042114288,36.09665273575031,36.0,37.0,37.0,37.19898986816406,38.0,0
Mbalmayo,BIO_FP_FH__L2A_20251124T050104_20251206T050132_T_G01_M01_C___T004_F004,2025-11-24,34,16,11.44349479675293,3.420250415802002,22.05992317199707,0.9365813605619147,8164,0.0,17.312928516110613,17.216839,27.719236,30.026031,38.19255,40.00717,26.165342,0.9585919793954074,35.80917516906229,36.0,37.0,37.0,37.0,37.0,0
Mbalmayo,BIO_FP_FH__L2A_20251124T050104_20251206T050132_T_G01_M01_C___T004_F004,2025-11-24,34,17,11.444328308105469,3.420250415802002,23.142723083496094,0.9907581665871777,8592,0.0,18.67385382447883,18.60904,31.299173,34.56747,39.116848,43.67927,29.045847,1.0,34.69286055602922,35.0,36.0,38.0,38.0,38.0,0
Mbalmayo,BIO_FP_FH__L2A_20251124T050104_20251206T050132_T_G01_M01_C___T004_F004,2025-11-24,34,18,11.445161819458008,3.420250415802002,24.619522094726562,1.0,8649,0.0,18.569936282373686,17.49845,32.70791,35.89574,40.05984,42.986717,31.313988,1.0,35.28350773402371,36.0,37.0335578918457,38.0,38.0,39.0,0
Mbalmayo,BIO_FP_FH__L2A_20251124T050104_20251206T050132_T_G01_M01_C___T004_F004,2025-11-24,34,19,11.445995330810547,3.420250415802002,25.62792205810547,1.0,8649,0.0,24.968830843883687,27.437271,36.574093,38.78975,42.5284,44.95102,35.55674,1.0,35.779881369627915,36.0,37.0,37.81479263305664,38.0,38.0,0
Mbalmayo,BIO_FP_FH__L2A_20251124T050104_20251206T050132_T_G01_M01_C___T004_F004,2025-11-24,34,20,11.446828842163086,3.420250415802002,27.12472152709961,1.0,8649,0.0,22.674030234709214,22.627157,32.887405,34.534023,37.991814,39.483295,31.526628,1.0,35.254386750573104,35.0,37.0,37.0,37.0,38.0,0
Mbalmayo,BIO_FP_FH__L2A_20251124T050104_20251206T050132_T_G01_M01_C___T004_F004,2025-11-24,34,21,11.447662353515625,3.420250415802002,27.107322692871094,1.0,8649,2.1041998863220215,26.148455114030522,28.658075,36.35238,37.854454,39.403416,43.44253,34.8508,1.0,33.155423754611476,33.0,34.0,35.0,35.0,36.0,0
Mbalmayo,BIO_FP_FH__L2A_20251124T050104_20251206T050132_T_G01_M01_C___T004_F004,2025-11-24,34,22,11.448495864868164,3.420250415802002,15.806044578552246,1.0,8649,18.31719970703125,17.96563367152272,17.013287,29.35941,31.483086,35.60342,39.00108,27.36352,1.0,31.12498538008121,31.0,32.0,33.0,33.0,33.0,0
Mbalmayo,BIO_FP_FH__L2A_20251124T050104_20251206T050132_T_G01_M01_C___T004_F004,2025-11-24,34,23,11.449329376220703,3.420250415802002,7.526644706726074,0.932170739572494,8111,28.117399215698242,13.292146009110398,11.644911,24.21934,27.047985,30.773228,34.36867,22.431023,1.0,30.5643225387695,31.0,31.0,32.0,32.920753479003906,33.0,0
Mbalmayo,BIO_FP_FH__L2A_20251124T050104_20251206T050132_T_G01_M01_C___T004_F004,2025-11-24,34,25,11.450996398925781,3.420250415802002,12.081844329833984,1.0,8649,12.88379955291748,16.32397170193086,13.798342,32.47487,36.540154,43.848885,46.530186,28.679811,1.0,36.18837921472488,36.0,38.0,38.0,38.60238265991211,39.0,0
Mbalmayo,BIO_FP_FH__L2A_20251124T050104_20251206T050132_T_G01_M01_C___T004_F004,2025-11-24,34,26,11.45182991027832,3.420250415802002,17.497644424438477,1.0,8649,0.0,19.23347894265233,20.6313,36.016064,38.60012,41.47158,43.580173,34.48407,1.0,36.86852284384154,37.0,38.0,39.0,39.0,39.0,0
Mbalmayo,BIO_FP_FH__L2A_20251124T050104_20251206T050132_T_G01_M01_C___T004_F004,2025-11-24,34,29,11.454330444335938,3.420250415802002,20.453245162963867,1.0,8649,0.0,10.402838749421898,10.299902,19.401575,21.541637,28.961498,32.90633,17.806957,1.0,31.68800823001286,32.0,33.0,33.0,34.0,34.0,0
Mbalmayo,BIO_FP_FH__L2A_20251124T050104_20251206T050132_T_G01_M01_C___T004_F004,2025-11-24,34,30,11.455163955688477,3.420250415802002,21.74325942993164,1.0,8649,0.0,14.760644745779858,14.074518,24.192192,28.278118,32.12868,34.17521,22.087301,1.0,32.896990110618084,33.0,34.0,35.0,35.0,36.0,0
Mbalmayo,BIO_FP_FH__L2A_20251124T050104_20251206T050132_T_G01_M01_C___T004_F004,2025-11-24,34,31,11.455997467041016,3.420250415802002,24.098859786987305,1.0,8649,0.0,19.57700537995722,17.776638,34.20678,36.877357,40.39753,42.609528,31.013863,1.0,34.748505429486094,35.0,36.0,36.0,37.0,37.0,0
Mbalmayo,BIO_FP_FH__L2A_20251124T050104_20251206T050132_T_G01_M01_C___T004_F004,2025-11-24,34,32,11.456830978393555,3.420250415802002,26.55385971069336,1.0,8649,0.0,18.744207693808534,16.78832,33.95862,36.216236,41.22963,44.705982,31.24272,1.0,34.7588555239738,35.0,36.0,36.0,36.0,36.0,0
Mbalmayo,BIO_FP_FH__L2A_20251124T050104_20251206T050132_T_G01_M01_C___T004_F004,2025-11-24,34,33,11.457664489746094,3.420250415802002,21.720060348510742,1.0,8649,10.84160041809082,13.566303275667707,10.26683,30.674938,36.409893,39.858402,41.989674,25.379217,1.0,35.98700446654695,37.0,38.0,38.0,39.0,40.0,0
Mbalmayo,BIO_FP_FH__L2A_20251124T050104_20251206T050132_T_G01_M01_C___T004_F004,2025-11-24,34,34,11.458498001098633,3.420250415802002,10.651459693908691,1.0,8649,32.89360046386719,15.363685921060238,11.145898,33.37011,36.133358,42.1559,49.56761,27.9684,1.0,36.742851500346326,36.0,38.0,38.0,40.0,40.0,0
Mbalmayo,BIO_FP_FH__L2A_20251124T050104_20251206T050132_T_G01_M01_C___T004_F004,2025-11-24,34,35,11.459331512451172,3.420250415802002,2.9614593982696533,1.0,8649,45.290000915527344,13.440676396837786,10.4682665,31.17132,33.621178,37.47295,43.29329,22.138556,1.0,35.83210265703981,36.0,37.0,38.0,38.0,38.0,0
Mbalmayo,BIO_FP_FH__L2A_20251124T050104_20251206T050132_T_G01_M01_C___T004_F004,2025-11-24,34,36,11.460165023803711,3.420250415802002,3.284459352493286,1.0,8649,40.62419891357422,11.822204879176784,8.427901,29.520638,33.054684,40.096893,47.034306,23.817581,1.0,37.03070137561132,37.0,39.0,39.0,40.0,40.0,0
Mbalmayo,BIO_FP_FH__L2A_20251124T050104_20251206T050132_T_G01_M01_C___T004_F004,2025-11-24,34,37,11.46099853515625,3.420250415802002,3.2500593662261963,1.0,8649,38.81760025024414,17.875241176725634,13.9646845,36.691082,41.45697,47.338463,50.429184,30.293282,1.0,38.62767998471207,39.0,40.0,40.0,41.0,41.0,0
Mbalmayo,BIO_FP_FH__L2A_20251124T050104_20251206T050132_T_G01_M01_C___T004_F004,2025-11-24,34,38,11.461832046508789,3.420250415802002,3.852496385574341,1.0,8649,28.447799682617188,17.836927498843796,15.694979,33.169037,35.13714,39.51703,43.181015,29.294643,1.0,36.45661389018665,36.41082000732422,38.0,39.0,39.0,40.0,0
Mbalmayo,BIO_FP_FH__L2A_20251124T050104_20251206T050132_T_G01_M01_C___T004_F004,2025-11-24,34,39,11.462665557861328,3.420250415802002,2.627896308898926,1.0,8649,57.13560104370117,15.579459601543531,14.291482,30.103079,32.223293,36.396194,42.478436,26.663124,1.0,35.37149836195867,35.58917999267578,37.0,37.0,37.0,37.0,0
Mbalmayo,BIO_FP_FH__L2A_20251124T050104_20251206T050132_T_G01_M01_C___T004_F004,2025-11-24,34,40,11.463499069213867,3.420250415802002,1.8798962831497192,1.0,8649,92.18479919433594,20.402775971210545,21.787472,33.861675,35.87807,40.14439,43.387077,30.536657,1.0,36.813247964704416,37.0,38.0,38.0,38.0,39.0,0
Mbalmayo,BIO_FP_FH__L2A_20251124T050104_20251206T050132_T_G01_M01_C___T004_F004,2025-11-24,34,41,11.464332580566406,3.420250415802002,1.441096305847168,1.0,8649,99.35980224609375,25.26422084561799,29.009827,38.49158,41.140102,45.23406,48.72956,34.769566,1.0,36.22236677582849,37.0,38.0,38.0,39.0,39.0,0
Mbalmayo,BIO_FP_FH__L2A_20251124T050104_20251206T050132_T_G01_M01_C___T004_F004,2025-11-24,34,42,11.465166091918945,3.420250415802002,1.2756962776184082,1.0,8649,94.80139923095703,24.196854405133543,24.201609,37.552063,39.852985,43.170387,45.262768,32.94815,1.0,35.11927596405484,35.0,37.0,37.0,38.0,38.0,0
Mbalmayo,BIO_FP_FH__L2A_20251124T050104_20251206T050132_T_G01_M01_C___T004_F004,2025-11-24,34,43,11.465999603271484,3.420250415802002,8.117095947265625,1.0,8649,64.30259704589844,12.521689194560064,10.707402,24.055462,29.534618,39.447113,43.680065,20.442255,1.0,34.251988342916746,34.0,37.0,37.0,38.0,38.0,0
Mbalmayo,BIO_FP_FH__L2A_20251124T050104_20251206T050132_T_G01_M01_C___T004_F004,2025-11-24,34,44,11.466833114624023,3.420250415802002,21.142295837402344,1.0,8649,13.286199569702148,16.234482942392184,13.762515,31.33828,35.837822,41.604355,47.777508,27.271786,1.0,34.974853441527515,35.0,37.0,37.0,37.920753479003906,38.0,0
Mbalmayo,BIO_FP_FH__L2A_20251124T050104_20251206T050132_T_G01_M01_C___T004_F004,2025-11-24,34,45,11.467666625976562,3.420250415802002,26.038896560668945,1.0,8649,0.0,15.26888540221413,12.31671,32.329376,37.86524,41.600727,44.05679,25.9716,1.0,34.472636513164765,35.0,36.0,37.0,38.0,38.0,0
Mbalmayo,BIO_FP_FH__L2A_20251124T050104_20251206T050132_T_G01_M01_C___T004_F004,2025-11-24,34,46,11.468500137329102,3.420250415802002,27.206819534301758,1.0,8649,0.0,13.59752843536825,11.761283,29.364185,34.710125,39.833973,43.333286,24.139925,1.0,34.905114151726075,35.0,37.0,37.0,38.0,38.0,0
Mbalmayo,BIO_FP_FH__L2A_20251124T050104_20251206T050132_T_G01_M01_C___T004_F004,2025-11-24,34,47,11.46933364868164,3.420250415802002,29.952219009399414,1.0,8649,0.10740000009536743,14.117076847756966,10.350721,34.10308,37.518055,43.846863,46.652653,29.724031,1.0,36.99842046657619,37.0,38.0,38.0,39.0,39.0,0
Mbalmayo,BIO_FP_FH__L2A_20251124T050104_20251206T050132_T_G01_M01_C___T004_F004,2025-11-24,34,48,11.47016716003418,3.420250415802002,32.39181900024414,0.9845010645197422,8541,0.650600016117096,16.901493507197273,14.686451,35.712814,39.166428,42.795235,45.071545,31.732372,1.0,37.59377186581474,37.046512603759766,39.0,40.0,40.0,41.0,0
Mbalmayo,BIO_FP_FH__L2A_20251124T050104_20251206T050132_T_G01_M01_C___T004_F004,2025-11-24,35,3,11.432659149169922,3.419416904449463,10.005026817321777,0.9670448263527576,8407,53.34120178222656,6.994326717110897,4.7280703,17.146467,20.694382,27.787392,32.093838,12.632741,0.9439552814256822,35.13914069849508,35.0,36.0,36.0,36.0,37.0,0
Mbalmayo,BIO_FP_FH__L2A_20251124T050104_20251206T050132_T_G01_M01_C___T004_F004,2025-11-24,35,6,11.435159683227539,3.419416904449463,17.093822479248047,1.0,8649,21.421600341796875,8.050417226702509,6.152167,16.963114,24.737263,33.449524,35.819588,13.384764,1.0,29.851772268434,30.0,32.0,32.0,33.0,34.0,0
Mbalmayo,BIO_FP_FH__L2A_20251124T050104_20251206T050132_T_G01_M01_C___T004_F004,2025-11-24,35,7,11.435993194580078,3.419416904449463,21.821422576904297,1.0,8649,4.376399993896484,6.78920070239334,5.7710047,14.9523735,16.91452,19.432308,28.208054,13.320282,1.0,26.69555156516786,26.0,29.0,29.0,30.0,31.0,0
Mbalmayo,BIO_FP_FH__L2A_20251124T050104_20251206T050132_T_G01_M01_C___T004_F004,2025-11-24,35,8,11.436826705932617,3.419416904449463,23.93842315673828,1.0,8649,0.0,15.482653341426754,14.820584,27.777287,30.540997,43.510517,45.64884,26.88427,1.0,28.23173123837234,28.0,31.0,31.0,31.0,31.0,0
Mbalmayo,BIO_FP_FH__L2A_20251124T050104_20251206T050132_T_G01_M01_C___T004_F004,2025-11-24,35,9,11.437660217285156,3.419416904449463,23.84022331237793,1.0,8649,0.33880001306533813,22.08927964938143,23.59084,31.868681,33.713913,35.428352,37.016685,30.34108,1.0,29.531432654709054,29.09294319152832,31.0,31.0,31.0,31.0,0
Mbalmayo,BIO_FP_FH__L2A_20251124T050104_20251206T050132_T_G01_M01_C___T004_F004,2025-11-24,35,10,11.438493728637695,3.419416904449463,25.10002326965332,1.0,8649,0.0,17.854417779512083,17.630253,30.45594,33.429718,36.075077,38.26607,29.597569,1.0,30.589519820277822,31.0,33.0,33.0,34.0,34.0,0
Mbalmayo,BIO_FP_FH__L2A_20251124T050104_20251206T050132_T_G01_M01_C___T004_F004,2025-11-24,35,11,11.439327239990234,3.419416904449463,24.14322280883789,1.0,8649,0.0,23.913236898774425,24.63842,30.388636,32.013622,34.381126,37.578957,29.161167,1.0,32.36817597367058,32.0,34.0,34.0,34.416988372802734,35.0,0
Mbalmayo,BIO_FP_FH__L2A_20251124T050104_20251206T050132_T_G01_M01_C___T004_F004,2025-11-24,35,12,11.440160751342773,3.419416904449463,23.533823013305664,1.0,8649,0.0,14.791897455630709,13.346239,24.951632,28.1124,35.95668,37.8942,21.987568,1.0,31.44496294092837,32.0,33.0,33.0,33.0,33.0,0
Mbalmayo,BIO_FP_FH__L2A_20251124T050104_20251206T050132_T_G01_M01_C___T004_F004,2025-11-24,35,13,11.440994262695312,3.419416904449463,23.756622314453125,1.0,8649,0.0,22.783548856804256,23.855194,31.648445,35.72285,38.362556,40.294678,28.023123,1.0,31.51264565241021,31.0,33.0,33.0,34.0,34.0,0
Mbalmayo,BIO_FP_FH__L2A_20251124T050104_20251206T050132_T_G01_M01_C___T004_F004,2025-11-24,35,14,11.441827774047852,3.419416904449463,24.540721893310547,1.0,8649,0.0,21.864378287952363,22.215899,30.540216,32.113224,35.67044,39.042137,29.21162,1.0,32.281082333712405,32.0,33.0,34.0,34.0,34.0,0
Mbalmayo,BIO_FP_FH__L2A_20251124T050104_20251206T050132_T_G01_M01_C___T004_F004,2025-11-24,35,15,11.44266128540039,3.419416904449463,23.08112144470215,1.0,8649,0.0,17.31337483018268,17.039867,29.492184,32.493034,36.15353,37.512505,26.885822,1.0,35.27594365686581,35.0,37.0,37.0,37.0,37.0,0
Mbalmayo,BIO_FP_FH__L2A_20251124T050104_20251206T050132_T_G01_M01_C___T004_F004,2025-11-24,35,16,11.44349479675293,3.419416904449463,21.283321380615234,1.0,8649,0.0,16.56901402980113,15.562772,28.421467,31.364748,38.006256,42.906242,24.185497,1.0,35.10250779953647,35.0,36.0,36.0,37.0,37.0,0
Mbalmayo,BIO_FP_FH__L2A_20251124T050104_20251206T050132_T_G01_M01_C___T004_F004,2025-11-24,35,17,11.444328308105469,3.419416904449463,21.619922637939453,1.0,8649,0.0,12.271426339027633,10.306978,22.916891,29.978085,41.0633,44.32616,18.457338,1.0,31.18716914458886,31.0,34.0,35.0,35.0,35.0,0
Mbalmayo,BIO_FP_FH__L2A_20251124T050104_20251206T050132_T_G01_M01_C___T004_F004,2025-11-24,35,18,11.445161819458008,3.419416904449463,23.655323028564453,1.0,8649,0.20160000026226044,13.601240027748872,12.472341,22.726355,27.591408,40.659016,43.49607,19.19471,1.0,30.407178782413343,30.0,33.0,33.0,33.69476318359375,34.0,0
Mbalmayo,BIO_FP_FH__L2A_20251124T050104_20251206T050132_T_G01_M01_C___T004_F004,2025-11-24,35,19,11.445995330810547,3.419416904449463,26.083322525024414,1.0,8649,0.0,15.75784411492658,13.685554,28.112587,31.03604,33.5255,35.12253,24.379168,1.0,31.974247487077328,32.0,33.0,34.0,34.0,34.0,0
Mbalmayo,BIO_FP_FH__L2A_20251124T050104_20251206T050132_T_G01_M01_C___T004_F004,2025-11-24,35,20,11.446828842163086,3.419416904449463,27.067922592163086,1.0,8649,0.0,18.868970130217367,17.10976,31.76579,34.986668,40.626,43.017593,26.471508,1.0,33.02163343686481,33.0,35.0,35.0,36.0,36.0,0
Mbalmayo,BIO_FP_FH__L2A_20251124T050104_20251206T050132_T_G01_M01_C___T004_F004,2025-11-24,35,21,11.447662353515625,3.419416904449463,26.56852149963379,1.0,8649,0.0,17.341365782893977,16.283844,33.972176,35.285946,38.55103,41.8638,29.071478,1.0,34.242185162400794,34.583011627197266,35.0,36.0,36.0,36.0,0
Mbalmayo,BIO_FP_FH__L2A_20251124T050104_20251206T050132_T_G01_M01_C___T004_F004,2025-11-24,35,22,11.448495864868164,3.419416904449463,21.372243881225586,1.0,8649,0.0,20.750889734362353,22.927755,31.41334,32.796715,35.299286,37.78738,29.220503,1.0,31.357366246534284,31.0,33.0,34.0,34.0,35.0,0
Mbalmayo,BIO_FP_FH__L2A_20251124T050104_20251206T050132_T_G01_M01_C___T004_F004,2025-11-24,35,23,11.449329376220703,3.419416904449463,13.440044403076172,0.9575237371643398,8303,8.880599975585938,19.697875039646654,19.079218,31.054369,33.11113,41.064476,45.150307,28.549438,1.0,30.664854698035604,31.0,31.0,32.0,33.0,33.0,0
Mbalmayo,BIO_FP_FH__L2A_20251124T050104_20251206T050132_T_G01_M01_C___T004_F004,2025-11-24,35,25,11.450996398925781,3.419416904449463,13.009244918823242,1.0,8649,7.2332000732421875,15.082924145855012,10.807623,32.742184,36.115303,39.18172,43.044186,26.565918,1.0,36.557791631061065,37.0,38.0,38.0,38.0,38.0,0
Mbalmayo,BIO_FP_FH__L2A_20251124T050104_20251206T050132_T_G01_M01_C___T004_F004,2025-11-24,35,26,11.45182991027832,3.419416904449463,16.218244552612305,1.0,8649,0.3824000060558319,21.906852038530467,23.918022,33.816265,35.649338,38.691166,42.89718,32.524773,1.0,35.941077937058786,36.0,38.0,38.0,38.0,38.0,0
Mbalmayo,BIO_FP_FH__L2A_20251124T050104_20251206T050132_T_G01_M01_C___T004_F004,2025-11-24,35,29,11.454330444335938,3.419416904449463,20.83004379272461,1.0,8649,0.0,11.968025114897676,11.789815,22.582136,28.197144,33.157887,35.318676,20.663876,1.0,33.75062301208799,34.0,36.0,37.0,37.0,37.0,0
Mbalmayo,BIO_FP_FH__L2A_20251124T050104_20251206T050132_T_G01_M01_C___T004_F004,2025-11-24,35,30,11.455163955688477,3.419416904449463,21.537260055541992,1.0,8649,0.0,15.979520753844374,13.254179,30.437197,34.003788,40.8977,44.12089,25.709536,1.0,36.70684362987739,37.0,38.0,39.0,39.0,39.0,0
Mbalmayo,BIO_FP_FH__L2A_20251124T050104_20251206T050132_T_G01_M01_C___T004_F004,2025-11-24,35,31,11.455997467041016,3.419416904449463,22.942459106445312,1.0,8649,0.0,23.06756561452191,21.40916,40.84069,43.130974,45.893906,47.788074,39.01037,1.0,36.874840762301226,37.0,38.416988372802734,39.0,39.0,39.0,0
Mbalmayo,BIO_FP_FH__L2A_20251124T050104_20251206T050132_T_G01_M01_C___T004_F004,2025-11-24,35,32,11.456830978393555,3.419416904449463,22.069660186767578,1.0,8649,4.412799835205078,21.79999403832813,18.915415,40.346504,42.080097,44.655872,50.784492,38.039528,1.0,35.146300658227005,35.0,37.0,37.0,38.0,38.0,0
Mbalmayo,BIO_FP_FH__L2A_20251124T050104_20251206T050132_T_G01_M01_C___T004_F004,2025-11-24,35,33,11.457664489746094,3.419416904449463,12.864459037780762,1.0,8649,19.708999633789062,25.794285737513007,28.938581,40.818535,42.951267,47.434696,49.84513,38.672646,1.0,36.555777801697154,37.0,38.0,38.0,38.0,39.0,0
Mbalmayo,BIO_FP_FH__L2A_20251124T050104_20251206T050132_T_G01_M01_C___T004_F004,2025-11-24,35,34,11.458498001098633,3.419416904449463,2.916659355163574,1.0,8649,38.286800384521484,16.619299828737425,11.796485,35.13814,40.151173,46.272575,50.20879,29.905005,1.0,38.117120440453654,38.0,39.0,39.0,39.0,39.0,0
Mbalmayo,BIO_FP_FH__L2A_20251124T050104_20251206T050132_T_G01_M01_C___T004_F004,2025-11-24,35,35,11.459331512451172,3.419416904449463,4.115659236907959,1.0,8649,25.27899932861328,14.283171735894323,10.040497,31.96848,35.71545,38.94028,45.504444,26.84895,1.0,38.209514051603435,38.0,40.0,40.0,41.0,41.0,0
Mbalmayo,BIO_FP_FH__L2A_20251124T050104_20251206T050132_T_G01_M01_C___T004_F004,2025-11-24,35,36,11.460165023803711,3.419416904449463,4.684459686279297,1.0,8649,18.272199630737305,19.922588142415307,17.22468,39.057953,41.156536,43.142555,44.42824,34.855824,1.0,39.5859860585513,40.0,41.0,41.0,42.0,42.0,0
Mbalmayo,BIO_FP_FH__L2A_20251124T050104_20251206T050132_T_G01_M01_C___T004_F004,2025-11-24,35,37,11.46099853515625,3.419416904449463,6.257659435272217,1.0,8649,23.3351993560791,20.015780816423863,17.98434,39.26167,41.44231,43.044277,51.444138,35.585358,1.0,39.34714824250012,39.0,41.0,42.0,42.0,42.0,0
Mbalmayo,BIO_FP_FH__L2A_20251124T050104_20251206T050132_T_G01_M01_C___T004_F004,2025-11-24,35,38,11.461832046508789,3.419416904449463,8.616896629333496,1.0,8649,27.200000762939453,19.05484421970748,21.240725,28.400156,34.67462,41.28895,44.122334,26.733461,1.0,35.41384091191463,35.0,37.0,37.0,38.0,39.0,0
Mbalmayo,BIO_FP_FH__L2A_20251124T050104_20251206T050132_T_G01_M01_C___T004_F004,2025-11-24,35,39,11.462665557861328,3.419416904449463,11.498096466064453,1.0,8649,38.25699996948242,21.020753392733265,21.464167,33.407322,35.34279,37.176105,40.63537,30.367472,1.0,35.76195085331227,36.0,37.0,37.0,37.0,37.0,0
Mbalmayo,BIO_FP_FH__L2A_20251124T050104_20251206T050132_T_G01_M01_C___T004_F004,2025-11-24,35,40,11.463499069213867,3.419416904449463,14.137896537780762,1.0,8649,57.206199645996094,24.17656033211932,27.165043,35.67377,38.292767,42.267227,43.85492,31.601051,1.0,35.6515864163744,36.0,37.0,37.0,38.0,38.0,0
Mbalmayo,BIO_FP_FH__L2A_20251124T050104_20251206T050132_T_G01_M01_C___T004_F004,2025-11-24,35,41,11.464332580566406,3.419416904449463,8.055096626281738,1.0,8649,66.8947982788086,15.346579084287201,15.4828205,26.914148,29.8111,34.674393,38.32428,24.568033,1.0,34.2625120191412,34.0,35.0,36.0,36.0,36.0,0
Mbalmayo,BIO_FP_FH__L2A_20251124T050104_20251206T050132_T_G01_M01_C___T004_F004,2025-11-24,35,42,11.465166091918945,3.419416904449463,2.0190963745117188,1.0,8649,73.62539672851562,19.6505701526188,19.281624,32.355362,35.136234,41.013756,43.100666,29.67768,1.0,36.68978025260199,37.0,38.0,38.0,39.0,39.0,0
Mbalmayo,BIO_FP_FH__L2A_20251124T050104_20251206T050132_T_G01_M01_C___T004_F004,2025-11-24,35,43,11.465999603271484,3.419416904449463,4.1682963371276855,1.0,8649,60.498199462890625,19.385283883975028,18.498045,35.371284,37.50167,42.406197,45.061954,28.12127,1.0,37.14047914748247,37.0,38.499448394775385,39.0,39.0,39.0,0
Mbalmayo,BIO_FP_FH__L2A_20251124T050104_20251206T050132_T_G01_M01_C___T004_F004,2025-11-24,35,44,11.466833114624023,3.419416904449463,14.957296371459961,1.0,8649,24.659000396728516,16.35056798473812,13.766644,29.596987,32.05181,41.146088,42.90506,25.653248,1.0,35.15036882093317,35.0,37.0,37.0,37.0,37.0,0
Mbalmayo,BIO_FP_FH__L2A_20251124T050104_20251206T050132_T_G01_M01_C___T004_F004,2025-11-24,35,45,11.467666625976562,3.419416904449463,23.704896926879883,1.0,8649,0.0,13.708170290640536,14.516771,25.972567,29.908998,34.83143,39.372845,21.28037,1.0,31.118626066929675,31.0,32.0,33.0,33.0,34.0,0
Mbalmayo,BIO_FP_FH__L2A_20251124T050104_20251206T050132_T_G01_M01_C___T004_F004,2025-11-24,35,46,11.468500137329102,3.419416904449463,25.487018585205078,1.0,8649,1.365399956703186,13.944360890709909,14.322938,29.853453,34.800724,39.16006,42.668133,24.279333,1.0,34.13408764713361,35.0,36.0,36.0,36.0,37.0,0
Mbalmayo,BIO_FP_FH__L2A_20251124T050104_20251206T050132_T_G01_M01_C___T004_F004,2025-11-24,35,47,11.46933364868164,3.419416904449463,26.955018997192383,1.0,8649,2.2372000217437744,14.4788039982946,11.620984,29.43381,32.81537,36.64908,40.432037,26.868036,1.0,35.774468560317494,36.0,37.0,37.0,37.0,38.0,0
Mbalmayo,BIO_FP_FH__L2A_20251124T050104_20251206T050132_T_G01_M01_C___T004_F004,2025-11-24,35,48,11.47016716003418,3.419416904449463,29.173019409179688,0.9983499548809833,8639,0.47760000824928284,15.232214319847385,12.969774,34.2726,37.586628,41.025066,45.334476,30.504248,1.0,35.91451515579709,35.0,39.0,39.0,39.0,39.0,0
Mbalmayo,BIO_FP_FH__L2A_20251124T050104_20251206T050132_T_G01_M01_C___T004_F004,2025-11-24,36,5,11.434326171875,3.418583393096924,18.6434268951416,1.0,8649,0.0,12.34089652705515,10.329677,25.357752,30.888569,36.913765,38.65174,21.171997,1.0,32.991175827201026,33.0,35.0,36.0,38.10704803466797,39.0,0
Mbalmayo,BIO_FP_FH__L2A_20251124T050104_20251206T050132_T_G01_M01_C___T004_F004,2025-11-24,36,6,11.435159683227539,3.418583393096924,19.61222267150879,1.0,8649,0.0,19.13275649641577,18.466885,35.6869,38.63211,41.46906,43.447205,32.98635,1.0,35.41464903495507,35.0,38.0,39.0,39.0,39.0,0
Mbalmayo,BIO_FP_FH__L2A_20251124T050104_20251206T050132_T_G01_M01_C___T004_F004,2025-11-24,36,7,11.435993194580078,3.418583393096924,18.678422927856445,1.0,8649,0.7649999856948853,13.791179796797318,14.199443,26.002419,27.788162,29.460745,31.219614,23.840033,1.0,31.027306736762956,31.0,33.926918029785156,34.0,35.0,35.0,0
Mbalmayo,BIO_FP_FH__L2A_20251124T050104_20251206T050132_T_G01_M01_C___T004_F004,2025-11-24,36,8,11.436826705932617,3.418583393096924,17.3740234375,1.0,8649,1.589400053024292,8.44018817204301,6.3883934,19.200954,22.413462,28.864061,31.690191,16.507957,1.0,27.642616314975662,28.0,29.0,29.0,30.0,30.0,0
Mbalmayo,BIO_FP_FH__L2A_20251124T050104_20251206T050132_T_G01_M01_C___T004_F004,2025-11-24,36,9,11.437660217285156,3.418583393096924,21.946422576904297,1.0,8649,0.7943999767303467,13.722825615678113,12.897434,25.32775,28.187515,33.390186,36.88703,21.885155,1.0,29.272592571680637,29.330890655517578,32.0,34.0,35.0,35.0,0
Mbalmayo,BIO_FP_FH__L2A_20251124T050104_20251206T050132_T_G01_M01_C___T004_F004,2025-11-24,36,10,11.438493728637695,3.418583393096924,25.663223266601562,1.0,8649,0.0,20.38484127500289,21.999355,29.29288,30.810555,32.97378,36.17513,28.473557,1.0,33.80508986168865,34.0,35.0,35.0,36.0,36.0,0
Mbalmayo,BIO_FP_FH__L2A_20251124T050104_20251206T050132_T_G01_M01_C___T004_F004,2025-11-24,36,11,11.439327239990234,3.418583393096924,25.308622360229492,1.0,8649,0.0,23.254271628222916,24.584236,30.059467,32.18108,35.17545,36.98761,28.390203,1.0,35.03600355561365,35.0,36.0,36.0,36.0,36.0,0
Mbalmayo,BIO_FP_FH__L2A_20251124T050104_20251206T050132_T_G01_M01_C___T004_F004,2025-11-24,36,12,11.440160751342773,3.418583393096924,24.840621948242188,1.0,8649,0.0,19.23420473103827,20.887024,28.640253,30.7573,33.098244,38.83385,26.563013,1.0,32.47720911632674,33.0,33.0,33.0,33.07251739501953,34.0,0
Mbalmayo,BIO_FP_FH__L2A_20251124T050104_20251206T050132_T_G01_M01_C___T004_F004,2025-11-24,36,13,11.440994262695312,3.418583393096924,24.750423431396484,1.0,8649,0.0,16.855125050583883,17.489185,24.403982,25.960657,28.908487,31.347033,23.03831,1.0,32.783932032096125,33.0,34.0,34.0,34.0,34.0,0
Mbalmayo,BIO_FP_FH__L2A_20251124T050104_20251206T050132_T_G01_M01_C___T004_F004,2025-11-24,36,14,11.441827774047852,3.418583393096924,23.77252197265625,1.0,8649,0.0,19.358145630997804,19.79128,28.320364,29.631325,31.976173,34.11329,26.85663,1.0,32.27703429067847,32.0,34.0,35.0,35.0,35.0,0
Mbalmayo,BIO_FP_FH__L2A_20251124T050104_20251206T050132_T_G01_M01_C___T004_F004,2025-11-24,36,15,11.44266128540039,3.418583393096924,22.757122039794922,1.0,8649,0.0,14.570438056422708,13.621182,25.731188,30.464462,34.703712,39.573303,22.421211,1.0,33.95383204260456,34.0,35.0,35.0,36.0,36.0,0
Mbalmayo,BIO_FP_FH__L2A_20251124T050104_20251206T050132_T_G01_M01_C___T004_F004,2025-11-24,36,16,11.44349479675293,3.418583393096924,20.4155216217041,1.0,8649,0.09799999743700027,12.982056722597989,11.098866,23.847837,28.894806,35.225212,40.801346,21.653284,1.0,33.23689596886469,33.0,35.0,35.0,36.0,36.0,0
Mbalmayo,BIO_FP_FH__L2A_20251124T050104_20251206T050132_T_G01_M01_C___T004_F004,2025-11-24,36,17,11.444328308105469,3.418583393096924,16.771121978759766,1.0,8649,1.4522000551223755,10.897280393687131,9.520591,19.293722,23.886068,30.587902,36.434944,16.763596,1.0,29.207143539885646,29.0,32.0,32.0,32.0,32.0,0
Mbalmayo,BIO_FP_FH__L2A_20251124T050104_20251206T050132_T_G01_M01_C___T004_F004,2025-11-24,36,18,11.445161819458008,3.418583393096924,19.11732292175293,1.0,8649,1.3353999853134155,13.919015204069835,11.644107,25.165155,28.498522,33.936825,36.809296,21.988977,1.0,29.898160110775315,30.0,31.0,32.0,32.0,33.0,0
Mbalmayo,BIO_FP_FH__L2A_20251124T050104_20251206T050132_T_G01_M01_C___T004_F004,2025-11-24,36,19,11.445995330810547,3.418583393096924,23.139923095703125,1.0,8649,0.0,15.0878362021621,13.036856,27.275345,30.494276,35.8238,39.961975,23.005598,1.0,31.236376373047552,31.0,32.0,32.36482620239258,33.0,34.0,0
Mbalmayo,BIO_FP_FH__L2A_20251124T050104_20251206T050132_T_G01_M01_C___T004_F004,2025-11-24,36,20,11.446828842163086,3.418583393096924,25.287521362304688,1.0,8649,0.0,11.74955332625159,10.050501,20.538944,27.526964,35.759464,43.767796,17.766504,1.0,31.741991507743794,32.0,33.0,33.88102722167969,34.0,34.0,0
Mbalmayo,BIO_FP_FH__L2A_20251124T050104_20251206T050132_T_G01_M01_C___T004_F004,2025-11-24,36,21,11.447662353515625,3.418583393096924,26.555322647094727,1.0,8649,0.0,19.146116512747138,18.948622,33.469604,34.993233,37.84728,43.875816,29.820812,1.0,32.87240126825148,33.0,35.0,35.0,35.0,35.0,0
Mbalmayo,BIO_FP_FH__L2A_20251124T050104_20251206T050132_T_G01_M01_C___T004_F004,2025-11-24,36,22,11.448495864868164,3.418583393096924,21.358844757080078,1.0,8649,0.0,15.365111754249046,16.037413,26.909843,29.390919,32.428837,33.79577,24.081936,1.0,29.887753071709444,29.065942764282227,33.0,33.88102722167969,34.0,35.0,0
Mbalmayo,BIO_FP_FH__L2A_20251124T050104_20251206T050132_T_G01_M01_C___T004_F004,2025-11-24,36,23,11.449329376220703,3.418583393096924,16.828445434570312,1.0,8649,0.0,17.672017718811425,18.350986,26.755587,28.645971,31.715641,34.44799,23.448696,1.0,28.994193920277077,29.0,30.0,30.0,31.0,31.0,0
Mbalmayo,BIO_FP_FH__L2A_20251124T050104_20251206T050132_T_G01_M01_C___T004_F004,2025-11-24,36,24,11.450162887573242,3.418583393096924,15.203044891357422,1.0,8649,0.0,17.21078078029252,17.118929,26.977697,29.547483,34.20909,36.14148,24.21098,1.0,31.55075587536065,31.0,34.0,34.0,34.0,35.0,0
Mbalmayo,BIO_FP_FH__L2A_20251124T050104_20251206T050132_T_G01_M01_C___T004_F004,2025-11-24,36,25,11.450996398925781,3.418583393096924,16.913244247436523,1.0,8649,0.0,15.624200593999307,13.622994,29.524443,32.064827,36.44716,40.007298,26.50027,1.0,35.43347301652961,35.0,37.0,37.0,37.0,37.0,0
Mbalmayo,BIO_FP_FH__L2A_20251124T050104_20251206T050132_T_G01_M01_C___T004_F004,2025-11-24,36,26,11.45182991027832,3.418583393096924,18.61744499206543,1.0,8649,0.0,23.376546421551623,25.360054,34.250225,35.995544,39.07963,41.262405,32.105305,1.0,34.31390339311857,34.0,35.0,36.0,36.0,36.0,0
Mbalmayo,BIO_FP_FH__L2A_20251124T050104_20251206T050132_T_G01_M01_C___T004_F004,2025-11-24,36,29,11.454330444335938,3.418583393096924,22.215044021606445,1.0,8649,0.0,11.718085634899989,10.87833,22.768007,24.972345,30.36521,34.63109,20.217468,1.0,33.434460932484306,34.0,36.0,37.0,37.0,37.0,0
Mbalmayo,BIO_FP_FH__L2A_20251124T050104_20251206T050132_T_G01_M01_C___T004_F004,2025-11-24,36,30,11.455163955688477,3.418583393096924,21.699058532714844,1.0,8649,0.0,19.140986313446643,19.048521,30.564781,32.721577,34.724308,41.421886,27.165295,1.0,37.826653925445484,38.0,39.0,39.0,39.0,39.0,0
Mbalmayo,BIO_FP_FH__L2A_20251124T050104_20251206T050132_T_G01_M01_C___T004_F004,2025-11-24,36,31,11.455997467041016,3.418583393096924,21.83685874938965,1.0,8649,0.0,18.838209709937566,14.674758,38.60405,40.936386,43.540283,46.784924,36.139168,1.0,39.19680363159674,39.0,40.0,40.0,40.0,40.0,0
Mbalmayo,BIO_FP_FH__L2A_20251124T050104_20251206T050132_T_G01_M01_C___T004_F004,2025-11-24,36,32,11.456830978393555,3.418583393096924,13.65365982055664,1.0,8649,15.060799598693848,27.674024363365707,30.228294,40.10738,41.108788,42.283318,44.117794,38.83288,1.0,37.05466917366331,37.0,38.0,39.0,39.0,39.0,0
Mbalmayo,BIO_FP_FH__L2A_20251124T050104_20251206T050132_T_G01_M01_C___T004_F004,2025-11-24,36,33,11.457664489746094,3.418583393096924,6.722459316253662,1.0,8649,29.936199188232422,28.687796277026244,29.678532,35.403297,37.155224,40.748924,43.521965,34.66377,1.0,34.93891175290259,35.0,36.0,36.88102722167969,37.0,38.0,0
Mbalmayo,BIO_FP_FH__L2A_20251124T050104_20251206T050132_T_G01_M01_C___T004_F004,2025-11-24,36,34,11.458498001098633,3.418583393096924,3.1300594806671143,1.0,8649,35.91859817504883,20.177446904989015,20.131279,36.586765,37.912098,40.537212,43.153263,34.67446,1.0,36.78676672088768,36.0,39.0,40.0,40.0,40.0,0
Mbalmayo,BIO_FP_FH__L2A_20251124T050104_20251206T050132_T_G01_M01_C___T004_F004,2025-11-24,36,35,11.459331512451172,3.418583393096924,3.9420595169067383,1.0,8649,30.169200897216797,14.1938762790496,10.412315,31.326023,39.403748,45.602783,47.74179,24.211176,1.0,38.24286194588631,38.0,40.0,41.0,41.0,41.0,0
Mbalmayo,BIO_FP_FH__L2A_20251124T050104_20251206T050132_T_G01_M01_C___T004_F004,2025-11-24,36,36,11.460165023803711,3.418583393096924,7.236259460449219,1.0,8649,9.902199745178223,12.637417439877442,8.382581,32.92488,36.4755,39.88518,42.86372,23.551937,1.0,39.659928449634485,40.0,41.0,41.0,42.0,42.0,0
Mbalmayo,BIO_FP_FH__L2A_20251124T050104_20251206T050132_T_G01_M01_C___T004_F004,2025-11-24,36,37,11.46099853515625,3.418583393096924,20.391260147094727,1.0,8649,7.632199764251709,16.0781412591051,11.30833,36.39331,39.169224,42.96871,45.26989,29.050829,1.0,38.922384233195764,39.0,40.0,41.0,41.0,41.0,0
Mbalmayo,BIO_FP_FH__L2A_20251124T050104_20251206T050132_T_G01_M01_C___T004_F004,2025-11-24,36,38,11.461832046508789,3.418583393096924,22.78209686279297,1.0,8649,11.257200241088867,26.628607263122905,27.132908,35.426003,38.038635,41.190193,44.657593,33.507767,1.0,35.966479162630115,36.0,38.0,39.0,39.0,39.0,0
Mbalmayo,BIO_FP_FH__L2A_20251124T050104_20251206T050132_T_G01_M01_C___T004_F004,2025-11-24,36,39,11.462665557861328,3.418583393096924,26.106895446777344,1.0,8649,7.7972002029418945,23.914888552867385,26.218544,34.20841,36.14148,38.702,41.239388,31.101583,1.0,34.0020514047274,34.0,35.0,36.0,36.0,36.0,0
Mbalmayo,BIO_FP_FH__L2A_20251124T050104_20251206T050132_T_G01_M01_C___T004_F004,2025-11-24,36,40,11.463499069213867,3.418583393096924,29.30789566040039,1.0,8649,8.389599800109863,15.958144998699272,16.40729,33.2053,38.82696,42.587097,44.85752,28.274311,1.0,35.05134574315881,35.0,36.0,36.0,36.0,36.0,0
Mbalmayo,BIO_FP_FH__L2A_20251124T050104_20251206T050132_T_G01_M01_C___T004_F004,2025-11-24,36,41,11.464332580566406,3.418583393096924,23.029296875,1.0,8649,18.61639976501465,13.900945918603307,12.118294,26.825064,32.708527,38.546185,41.554707,21.504148,1.0,34.89586527331852,35.0,36.0,36.0,37.0,37.0,0
Mbalmayo,BIO_FP_FH__L2A_20251124T050104_20251206T050132_T_G01_M01_C___T004_F004,2025-11-24,36,42,11.465166091918945,3.418583393096924,10.724696159362793,1.0,8649,45.94380187988281,14.4065927961325,12.701937,27.99315,31.105701,38.54795,39.923294,22.121134,1.0,37.56525807463926,38.0,39.0,39.0,40.0,40.0,0
Mbalmayo,BIO_FP_FH__L2A_20251124T050104_20251206T050132_T_G01_M01_C___T004_F004,2025-11-24,36,43,11.465999603271484,3.418583393096924,2.328496217727661,1.0,8649,56.20240020751953,17.249559649236907,11.945792,38.016975,44.48507,47.819176,49.492634,31.309906,1.0,36.74902850832604,37.0,38.15876007080078,39.0,40.0,40.0,0
Mbalmayo,BIO_FP_FH__L2A_20251124T050104_20251206T050132_T_G01_M01_C___T004_F004,2025-11-24,36,44,11.466833114624023,3.418583393096924,11.007896423339844,1.0,8649,26.420799255371094,14.97742694242109,12.764333,27.176191,30.032497,34.396225,38.627663,24.47365,1.0,33.9452331709247,34.0,35.73492431640625,36.0,36.0,36.0,0
Mbalmayo,BIO_FP_FH__L2A_20251124T050104_20251206T050132_T_G01_M01_C___T004_F004,2025-11-24,36,45,11.467666625976562,3.418583393096924,14.654496192932129,1.0,8649,14.288399696350098,9.05110598046017,7.0436754,22.381237,26.55214,32.42785,34.34319,18.654709,1.0,30.625929043077708,31.0,31.0,32.0,32.0,32.0,0
Mbalmayo,BIO_FP_FH__L2A_20251124T050104_20251206T050132_T_G01_M01_C___T004_F004,2025-11-24,36,46,11.468500137329102,3.418583393096924,14.029019355773926,1.0,8649,17.833999633789062,9.140163873713725,5.4917326,24.86947,28.231874,33.941826,38.15031,18.659624,1.0,30.94910896641765,31.0,33.0,33.88102722167969,34.0,35.0,0
Mbalmayo,BIO_FP_FH__L2A_20251124T050104_20251206T050132_T_G01_M01_C___T004_F004,2025-11-24,36,47,11.46933364868164,3.418583393096924,19.194618225097656,1.0,8649,8.114399909973145,17.712787424846802,15.980457,34.105785,36.589127,38.879543,40.295975,29.607674,1.0,35.25433473678555,36.0,37.0,37.0,38.0,38.0,0
Mbalmayo,BIO_FP_FH__L2A_20251124T050104_20251206T050132_T_G01_M01_C___T004_F004,2025-11-24,36,48,11.47016716003418,3.418583393096924,23.039819717407227,0.9988187026227743,8645,0.6990000009536743,23.610266146532425,25.1312,37.303883,39.27492,43.923,46.45991,35.102547,1.0,36.03914959233046,36.0,38.0,38.0,38.0,38.0,0
Mbalmayo,BIO_FP_FH__L2A_20251124T050104_20251206T050132_T_G01_M01_C___T004_F004,2025-11-24,37,4,11.433492660522461,3.4177498817443848,17.716426849365234,0.9997597547855966,8648,0.0,16.260694278720305,16.823204,27.229748,28.950918,31.676283,34.969887,25.250652,1.0,34.41082438039896,35.0,36.45671081542969,37.0,37.0,37.0,0
Mbalmayo,BIO_FP_FH__L2A_20251124T050104_20251206T050132_T_G01_M01_C___T004_F004,2025-11-24,37,5,11.434326171875,3.4177498817443848,16.56282615661621,1.0,8649,0.0,13.62083857237831,10.497072,27.74146,30.367506,38.199406,39.597992,25.218212,1.0,36.31857325209539,36.0,38.0,38.0,39.0,39.0,0
Mbalmayo,BIO_FP_FH__L2A_20251124T050104_20251206T050132_T_G01_M01_C___T004_F004,2025-11-24,37,6,11.435159683227539,3.4177498817443848,16.264223098754883,1.0,8649,0.37400001287460327,16.23714085443404,13.304967,32.95708,35.376755,39.68696,41.359478,30.799076,1.0,37.4055094895907,38.0,39.0,39.0,39.0,39.0,0
Mbalmayo,BIO_FP_FH__L2A_20251124T050104_20251206T050132_T_G01_M01_C___T004_F004,2025-11-24,37,7,11.435993194580078,3.4177498817443848,13.137422561645508,1.0,8649,1.9368000030517578,16.55907700673488,15.986544,25.775898,27.33761,29.340834,32.692074,23.708199,1.0,30.605449175032483,31.0,34.0,35.0,35.0,35.0,0
Mbalmayo,BIO_FP_FH__L2A_20251124T050104_20251206T050132_T_G01_M01_C___T004_F004,2025-11-24,37,8,11.436826705932617,3.4177498817443848,12.310022354125977,1.0,8649,2.8145999908447266,7.038165991010522,5.3971925,14.365016,16.046104,19.206501,24.247355,13.680914,1.0,23.690790092590877,24.0,28.0,28.0,29.0,29.0,0
Mbalmayo,BIO_FP_FH__L2A_20251124T050104_20251206T050132_T_G01_M01_C___T004_F004,2025-11-24,37,9,11.437660217285156,3.4177498817443848,20.36542320251465,1.0,8649,1.162600040435791,7.840886590935368,5.7735925,18.616236,21.34803,24.076021,33.437256,14.364848,1.0,27.19281025993602,27.78179931640625,30.318355560302734,32.0,34.0,34.0,0
Mbalmayo,BIO_FP_FH__L2A_20251124T050104_20251206T050132_T_G01_M01_C___T004_F004,2025-11-24,37,10,11.438493728637695,3.4177498817443848,23.540822982788086,1.0,8649,0.0,15.184126235691988,14.9956045,27.472841,30.215513,34.440483,37.252064,24.30213,1.0,32.33893735958174,32.0,35.0,35.0,36.0,37.0,0
Mbalmayo,BIO_FP_FH__L2A_20251124T050104_20251206T050132_T_G01_M01_C___T004_F004,2025-11-24,37,11,11.439327239990234,3.4177498817443848,21.862422943115234,1.0,8649,0.0,19.82086259972251,20.85334,30.010454,32.75241,37.181236,41.989647,28.39392,1.0,32.81495802106713,33.0,36.0,36.0,37.0,37.0,0
Mbalmayo,BIO_FP_FH__L2A_20251124T050104_20251206T050132_T_G01_M01_C___T004_F004,2025-11-24,37,12,11.440160751342773,3.4177498817443848,21.198223114013672,1.0,8649,0.0,18.08283426913516,18.62967,26.936817,28.359196,31.334553,33.908733,25.321457,1.0,29.079933534786043,28.0,32.0,33.0,34.0,34.0,0
Mbalmayo,BIO_FP_FH__L2A_20251124T050104_20251206T050132_T_G01_M01_C___T004_F004,2025-11-24,37,13,11.440994262695312,3.4177498817443848,20.314422607421875,1.0,8649,0.0,16.3290824806336,17.51552,26.1717,28.439056,32.398624,34.148174,23.411983,1.0,31.493309595913182,31.649246215820312,33.0,33.0,34.12647247314453,35.0,0
Mbalmayo,BIO_FP_FH__L2A_20251124T050104_20251206T050132_T_G01_M01_C___T004_F004,2025-11-24,37,14,11.441827774047852,3.4177498817443848,21.508522033691406,0.9982446941120361,8642,0.0,14.36509637451745,13.991365,23.522718,26.193342,29.375795,37.053425,21.932962,1.0,34.57998141058195,35.0,36.0,36.0,36.0,36.0,0
Mbalmayo,BIO_FP_FH__L2A_20251124T050104_20251206T050132_T_G01_M01_C___T004_F004,2025-11-24,37,15,11.44266128540039,3.4177498817443848,21.55312156677246,1.0,8649,0.0,14.868095751676494,13.375254,27.44142,32.192398,36.996174,39.673553,22.937733,1.0,33.70466378157174,34.0,35.0,35.0,35.0,35.0,0
Mbalmayo,BIO_FP_FH__L2A_20251124T050104_20251206T050132_T_G01_M01_C___T004_F004,2025-11-24,37,16,11.44349479675293,3.4177498817443848,16.85272216796875,1.0,8649,1.3880000114440918,12.193802661434848,8.858602,30.060812,35.427204,39.100082,41.122364,21.88032,1.0,31.920327715962483,32.0,33.0,33.0,34.0,34.0,0
Mbalmayo,BIO_FP_FH__L2A_20251124T050104_20251206T050132_T_G01_M01_C___T004_F004,2025-11-24,37,17,11.444328308105469,3.4177498817443848,11.689922332763672,1.0,8649,3.0288000106811523,11.739619464677997,8.842717,28.333508,32.97676,36.457737,43.78555,18.331545,1.0,29.248783847474957,29.0,31.0,31.0,31.0,31.0,0
Mbalmayo,BIO_FP_FH__L2A_20251124T050104_20251206T050132_T_G01_M01_C___T004_F004,2025-11-24,37,18,11.445161819458008,3.4177498817443848,15.897122383117676,1.0,8649,1.6576000452041626,10.652679771505376,8.567269,21.994087,29.89374,35.80795,37.566067,16.333027,1.0,30.70882319444755,30.344675064086914,33.0,33.0,33.0,34.0,0
Mbalmayo,BIO_FP_FH__L2A_20251124T050104_20251206T050132_T_G01_M01_C___T004_F004,2025-11-24,37,19,11.445995330810547,3.4177498817443848,20.712121963500977,1.0,8649,0.052400000393390656,15.410726221962076,12.160181,30.73425,33.546413,39.099564,43.390587,27.60929,1.0,31.832547250545456,32.0,33.0,34.0,34.0,34.0,0
Mbalmayo,BIO_FP_FH__L2A_20251124T050104_20251206T050132_T_G01_M01_C___T004_F004,2025-11-24,37,20,11.446828842163086,3.4177498817443848,21.88172149658203,1.0,8649,0.0,14.408303615302348,12.401995,26.769588,29.63008,36.097366,38.8929,21.50915,1.0,30.800390794630314,31.0,31.840822219848633,32.0,32.0,32.0,0
Mbalmayo,BIO_FP_FH__L2A_20251124T050104_20251206T050132_T_G01_M01_C___T004_F004,2025-11-24,37,21,11.447662353515625,3.4177498817443848,23.85152244567871,1.0,8649,0.0,13.502294340386172,10.653866,28.32678,35.035023,39.23266,41.45072,23.095081,1.0,31.168303153489777,31.0,33.0,33.0,33.0,33.0,0
Mbalmayo,BIO_FP_FH__L2A_20251124T050104_20251206T050132_T_G01_M01_C___T004_F004,2025-11-24,37,22,11.448495864868164,3.4177498817443848,23.353845596313477,1.0,8649,0.0,15.865922451294947,15.238703,27.859951,29.202507,31.49261,34.659477,25.561245,1.0,28.27621865446188,28.0,30.0,30.0,31.0,32.0,0
Mbalmayo,BIO_FP_FH__L2A_20251124T050104_20251206T050132_T_G01_M01_C___T004_F004,2025-11-24,37,23,11.449329376220703,3.4177498817443848,20.52944564819336,1.0,8649,0.0,14.387360081367788,13.158727,25.033443,27.6636,31.301825,32.885147,21.463665,1.0,28.163264649825944,28.0,29.0,30.0,30.0,30.0,0
Mbalmayo,BIO_FP_FH__L2A_20251124T050104_20251206T050132_T_G01_M01_C___T004_F004,2025-11-24,37,24,11.450162887573242,3.4177498817443848,18.04384422302246,1.0,8649,0.0,21.124820698202104,21.61142,34.20714,36.068142,38.296185,39.755108,30.963,1.0,32.58564903430407,33.0,35.0,35.0,35.0,36.0,0
Mbalmayo,BIO_FP_FH__L2A_20251124T050104_20251206T050132_T_G01_M01_C___T004_F004,2025-11-24,37,25,11.450996398925781,3.4177498817443848,19.809043884277344,1.0,8649,0.0,26.394627901346976,26.774927,39.621143,43.93769,55.616787,59.66902,38.337284,1.0,37.27463583538802,38.0,39.0,39.0,40.0,40.0,0
Mbalmayo,BIO_FP_FH__L2A_20251124T050104_20251206T050132_T_G01_M01_C___T004_F004,2025-11-24,37,26,11.45182991027832,3.4177498817443848,21.574045181274414,1.0,8649,0.0,28.105223508498092,29.1416,39.718502,46.20916,53.561523,59.04552,37.441917,1.0,37.14735354113571,37.0,39.0,39.0,40.0,40.0,0
Mbalmayo,BIO_FP_FH__L2A_20251124T050104_20251206T050132_T_G01_M01_C___T004_F004,2025-11-24,37,29,11.454330444335938,3.4177498817443848,23.541044235229492,1.0,8649,0.0,13.442504191235981,14.03828,21.788803,23.977552,30.65164,35.012794,20.068077,1.0,32.96016273185385,33.0,36.0,37.0,37.0,38.0,0
Mbalmayo,BIO_FP_FH__L2A_20251124T050104_20251206T050132_T_G01_M01_C___T004_F004,2025-11-24,37,30,11.455163955688477,3.4177498817443848,24.713258743286133,1.0,8649,0.0,26.664829387790498,28.030449,35.274517,36.905132,44.375248,46.428047,34.2295,1.0,38.32242657620309,38.0,39.0,39.0,40.0,40.0,0
Mbalmayo,BIO_FP_FH__L2A_20251124T050104_20251206T050132_T_G01_M01_C___T004_F004,2025-11-24,37,31,11.455997467041016,3.4177498817443848,24.416059494018555,1.0,8649,0.7202000021934509,24.13950763816626,24.904129,37.20276,39.188446,41.755886,44.63634,35.807194,1.0,39.740165461252325,40.0,40.0,41.0,41.0,41.0,0
Mbalmayo,BIO_FP_FH__L2A_20251124T050104_20251206T050132_T_G01_M01_C___T004_F004,2025-11-24,37,32,11.456830978393555,3.4177498817443848,15.995259284973145,1.0,8649,20.263200759887695,31.01649712033183,32.17274,39.01478,40.523987,42.975914,45.757793,38.190113,1.0,36.91673750738999,37.0,39.0,39.0,39.0,39.0,0
Mbalmayo,BIO_FP_FH__L2A_20251124T050104_20251206T050132_T_G01_M01_C___T004_F004,2025-11-24,37,33,11.457664489746094,3.4177498817443848,7.89225959777832,1.0,8649,38.81079864501953,26.497142010637067,27.750908,33.49277,34.4407,35.850765,38.15463,32.955555,1.0,33.70836037670978,34.0,35.0,35.0,35.0,35.0,0
Mbalmayo,BIO_FP_FH__L2A_20251124T050104_20251206T050132_T_G01_M01_C___T004_F004,2025-11-24,37,34,11.458498001098633,3.4177498817443848,2.486459493637085,1.0,8649,49.623199462890625,18.50013504090068,16.39367,34.488705,36.733322,38.288525,39.49114,31.275404,1.0,33.948079086587754,34.0,36.0,36.0,37.0,37.0,0
Mbalmayo,BIO_FP_FH__L2A_20251124T050104_20251206T050132_T_G01_M01_C___T004_F004,2025-11-24,37,35,11.459331512451172,3.4177498817443848,4.125859260559082,1.0,8649,32.04880142211914,14.087925175598334,9.995925,31.84816,35.68642,42.9725,45.438587,28.017517,1.0,35.90492744635455,36.0,38.0,38.0,39.0,39.0,0
Mbalmayo,BIO_FP_FH__L2A_20251124T050104_20251206T050132_T_G01_M01_C___T004_F004,2025-11-24,37,36,11.460165023803711,3.4177498817443848,6.117859363555908,1.0,8649,9.438599586486816,15.618368543328708,10.626743,34.64839,38.11719,41.77653,44.66619,30.415627,1.0,38.970258873974686,39.0,41.0,41.0,41.0,41.0,0
Mbalmayo,BIO_FP_FH__L2A_20251124T050104_20251206T050132_T_G01_M01_C___T004_F004,2025-11-24,37,37,11.46099853515625,3.4177498817443848,19.04945945739746,1.0,8649,3.296799898147583,13.444167588015956,9.66285,30.324724,33.123913,37.612675,44.72464,24.244469,1.0,39.95119555179253,40.0,41.0,41.0,41.0,42.0,0
Mbalmayo,BIO_FP_FH__L2A_20251124T050104_20251206T050132_T_G01_M01_C___T004_F004,2025-11-24,37,38,11.461832046508789,3.4177498817443848,31.693296432495117,0.9988297960746907,8648,1.0714000463485718,22.347813052637672,23.28461,33.171093,39.13159,46.006218,48.90513,31.187485,1.0,36.83527903403005,37.0,40.0,40.148230743408256,41.0,41.0,0
Mbalmayo,BIO_FP_FH__L2A_20251124T050104_20251206T050132_T_G01_M01_C___T004_F004,2025-11-24,37,39,11.462665557861328,3.4177498817443848,31.88469696044922,1.0,8649,1.044600009918213,25.967934334894206,27.370064,37.389652,40.76323,43.89121,45.050823,34.421726,1.0,34.43932433607454,34.07966613769531,36.0,37.0,39.0,39.0,0
Mbalmayo,BIO_FP_FH__L2A_20251124T050104_20251206T050132_T_G01_M01_C___T004_F004,2025-11-24,37,40,11.463499069213867,3.4177498817443848,25.736295700073242,1.0,8649,21.680599212646484,20.198580128483062,19.571043,39.262486,42.543163,44.61778,46.359905,31.993824,1.0,35.74578248190596,36.0,37.0,37.0,37.0,37.0,0
Mbalmayo,BIO_FP_FH__L2A_20251124T050104_20251206T050132_T_G01_M01_C___T004_F004,2025-11-24,37,41,11.464332580566406,3.4177498817443848,13.712696075439453,1.0,8649,56.491798400878906,17.178472131893862,15.778932,31.120333,35.313892,39.935116,43.803673,25.485638,1.0,35.93099157867273,36.0,37.0,37.0,37.0,37.0,0
Mbalmayo,BIO_FP_FH__L2A_20251124T050104_20251206T050132_T_G01_M01_C___T004_F004,2025-11-24,37,42,11.465166091918945,3.4177498817443848,1.8662962913513184,1.0,8649,81.81919860839844,15.061438641750492,13.594761,27.40731,31.957123,41.741493,44.388348,24.348684,1.0,36.401692571605835,37.0,38.0,38.0,38.0,38.0,0
Mbalmayo,BIO_FP_FH__L2A_20251124T050104_20251206T050132_T_G01_M01_C___T004_F004,2025-11-24,37,43,11.465999603271484,3.4177498817443848,2.502896308898926,1.0,8649,52.62580108642578,14.612825543415424,11.401149,28.992489,33.448418,37.283043,39.752224,24.636095,1.0,34.653753403914926,35.0,36.0,36.0,38.0,38.0,0
Mbalmayo,BIO_FP_FH__L2A_20251124T050104_20251206T050132_T_G01_M01_C___T004_F004,2025-11-24,37,44,11.466833114624023,3.4177498817443848,6.721496105194092,1.0,8649,27.212600708007812,18.964820716267777,18.341427,35.069725,36.60369,37.994984,41.77746,31.142666,1.0,33.482195471680804,34.0,35.0,35.45671081542969,36.0,36.0,0
Mbalmayo,BIO_FP_FH__L2A_20251124T050104_20251206T050132_T_G01_M01_C___T004_F004,2025-11-24,37,45,11.467666625976562,3.4177498817443848,4.597696304321289,1.0,8649,30.757600784301758,16.291832870852122,16.22555,24.889435,27.883268,36.57023,38.213566,22.545378,1.0,30.35132489825745,30.0,32.0,32.0,33.0,33.0,0
Mbalmayo,BIO_FP_FH__L2A_20251124T050104_20251206T050132_T_G01_M01_C___T004_F004,2025-11-24,37,46,11.468500137329102,3.4177498817443848,3.1518189907073975,1.0,8649,33.171600341796875,9.985103498236791,9.457928,20.832058,24.784266,28.782352,30.72444,19.24168,1.0,29.09067811589942,28.69519805908203,32.04374160766598,33.0,33.43741226196289,35.0,0
Mbalmayo,BIO_FP_FH__L2A_20251124T050104_20251206T050132_T_G01_M01_C___T004_F004,2025-11-24,37,47,11.46933364868164,3.4177498817443848,10.23401927947998,1.0,8649,19.086000442504883,14.173294058561684,11.259872,29.645016,34.3745,37.74248,39.52575,26.623426,1.0,32.729480851025976,33.0,35.0,36.0,38.0,38.0,0
Mbalmayo,BIO_FP_FH__L2A_20251124T050104_20251206T050132_T_G01_M01_C___T004_F004,2025-11-24,37,48,11.47016716003418,3.4177498817443848,14.587618827819824,0.9994447346243063,8647,9.356599807739258,20.53258890784673,20.132927,34.481922,36.394516,38.612003,39.826233,31.958208,1.0,34.78399629666772,34.0,37.0,38.0,38.0,38.0,0
Mbalmayo,BIO_FP_FH__L2A_20251124T050104_20251206T050132_T_G01_M01_C___T004_F004,2025-11-24,38,3,11.432659149169922,3.4169163703918457,20.691627502441406,1.0,8649,0.0,17.761302336252747,17.255917,30.218824,31.721132,34.153946,36.13047,27.232338,1.0,35.37042209688315,35.0,36.0,37.0,37.0,38.0,0
Mbalmayo,BIO_FP_FH__L2A_20251124T050104_20251206T050132_T_G01_M01_C___T004_F004,2025-11-24,38,4,11.433492660522461,3.4169163703918457,18.323427200317383,1.0,8649,0.0,18.9901853718638,18.1002,30.263779,33.42311,35.70732,37.23363,27.377848,1.0,34.8448413606737,35.0,36.0,37.0,37.0,37.0,0
Mbalmayo,BIO_FP_FH__L2A_20251124T050104_20251206T050132_T_G01_M01_C___T004_F004,2025-11-24,38,5,11.434326171875,3.4169163703918457,15.870026588439941,1.0,8649,0.08139999955892563,16.126798437680655,15.097729,25.994585,29.974348,33.643314,36.71441,24.691084,1.0,34.89791532753106,35.0,36.0,36.0,37.0,38.0,0
Mbalmayo,BIO_FP_FH__L2A_20251124T050104_20251206T050132_T_G01_M01_C___T004_F004,2025-11-24,38,6,11.435159683227539,3.4169163703918457,10.992222785949707,1.0,8649,5.536600112915039,15.2245495324604,14.401923,26.169308,29.828773,35.872395,38.73476,24.271667,1.0,34.10247512982338,34.0,36.0,38.0,38.0,38.0,0
Mbalmayo,BIO_FP_FH__L2A_20251124T050104_20251206T050132_T_G01_M01_C___T004_F004,2025-11-24,38,7,11.435993194580078,3.4169163703918457,7.972022533416748,1.0,8649,8.682000160217285,12.970147379754884,12.757724,20.680485,25.251198,29.131187,30.684248,18.903849,1.0,27.644668986858253,28.0,32.0,32.0,32.0,32.0,0
Mbalmayo,BIO_FP_FH__L2A_20251124T050104_20251206T050132_T_G01_M01_C___T004_F004,2025-11-24,38,8,11.436826705932617,3.4169163703918457,10.696622848510742,1.0,8649,3.1428000926971436,5.634764044253671,3.4840198,13.203941,19.256943,26.433891,29.967335,11.669277,1.0,17.639759514811193,17.0,22.0,22.0,23.0,23.0,0
Mbalmayo,BIO_FP_FH__L2A_20251124T050104_20251206T050132_T_G01_M01_C___T004_F004,2025-11-24,38,9,11.437660217285156,3.4169163703918457,17.36382293701172,1.0,8649,1.5460000038146973,5.588103574112615,3.9683573,13.295175,18.438797,25.841326,33.795834,10.414692,1.0,19.920539771163927,20.0,25.0,27.0,28.0,28.0,0
Mbalmayo,BIO_FP_FH__L2A_20251124T050104_20251206T050132_T_G01_M01_C___T004_F004,2025-11-24,38,10,11.438493728637695,3.4169163703918457,17.46282196044922,1.0,8649,0.21780000627040863,13.037060823505607,12.365356,23.224415,26.073645,28.626112,38.71822,19.50506,1.0,26.555583916367624,27.0,28.0,29.0,29.0,29.0,0
Mbalmayo,BIO_FP_FH__L2A_20251124T050104_20251206T050132_T_G01_M01_C___T004_F004,2025-11-24,38,11,11.439327239990234,3.4169163703918457,16.517621994018555,1.0,8649,0.0,15.309228306740664,15.42625,25.400139,27.870241,29.908314,31.796993,22.00238,1.0,29.374738123392365,29.0,31.0,31.0,32.0,32.0,0
Mbalmayo,BIO_FP_FH__L2A_20251124T050104_20251206T050132_T_G01_M01_C___T004_F004,2025-11-24,38,12,11.440160751342773,3.4169163703918457,16.42662239074707,1.0,8649,0.0,16.524988437969707,15.568459,24.351486,29.697367,35.382122,38.899517,21.751469,1.0,29.381891383368345,29.0,32.0,33.0,34.0,35.0,0
Mbalmayo,BIO_FP_FH__L2A_20251124T050104_20251206T050132_T_G01_M01_C___T004_F004,2025-11-24,38,13,11.440994262695312,3.4169163703918457,17.19282341003418,1.0,8649,0.0,11.76319155393687,8.902533,24.039469,29.177883,35.168858,38.689632,19.981491,1.0,34.5993755643582,35.0,36.0,37.0,37.0,37.0,0
Mbalmayo,BIO_FP_FH__L2A_20251124T050104_20251206T050132_T_G01_M01_C___T004_F004,2025-11-24,38,14,11.441827774047852,3.4169163703918457,19.621122360229492,0.9781140872048069,8489,0.0,14.005328509302496,12.155631,28.872444,31.714462,35.18322,37.543835,25.86214,1.0,33.51184468551073,34.0,35.0,35.0,36.0,36.0,0
Mbalmayo,BIO_FP_FH__L2A_20251124T050104_20251206T050132_T_G01_M01_C___T004_F004,2025-11-24,38,15,11.44266128540039,3.4169163703918457,16.604122161865234,1.0,8649,7.756800174713135,14.51148705775234,13.514865,27.261765,33.898785,36.89413,39.292446,21.271843,1.0,30.24273006471406,30.0,33.0,34.0,34.0,34.0,0
Mbalmayo,BIO_FP_FH__L2A_20251124T050104_20251206T050132_T_G01_M01_C___T004_F004,2025-11-24,38,16,11.44349479675293,3.4169163703918457,10.56992244720459,1.0,8649,12.564399719238281,15.768686228176668,14.355267,28.599165,32.965576,36.007545,40.936455,24.538427,1.0,30.80159718415023,31.0,32.0,32.0,32.0,32.0,0
Mbalmayo,BIO_FP_FH__L2A_20251124T050104_20251206T050132_T_G01_M01_C___T004_F004,2025-11-24,38,17,11.444328308105469,3.4169163703918457,10.397722244262695,1.0,8649,6.214000225067139,16.130028128251823,14.33017,30.304462,33.670944,36.888718,39.135113,24.799215,1.0,31.222070799602747,31.0,32.0,32.0,32.0,33.0,0
Mbalmayo,BIO_FP_FH__L2A_20251124T050104_20251206T050132_T_G01_M01_C___T004_F004,2025-11-24,38,18,11.445161819458008,3.4169163703918457,14.677922248840332,1.0,8649,1.9063999652862549,11.927339865880448,9.092108,25.018797,29.127626,35.444927,37.379566,21.854504,1.0,32.55280147843146,33.0,33.0,34.0,34.0,34.0,0
Mbalmayo,BIO_FP_FH__L2A_20251124T050104_20251206T050132_T_G01_M01_C___T004_F004,2025-11-24,38,19,11.445995330810547,3.4169163703918457,19.349123001098633,1.0,8649,0.2786000072956085,13.73818279208579,11.405613,26.272442,30.474033,36.959293,40.117176,21.437775,1.0,32.80537293767471,33.0,34.0,34.0,34.0,34.0,0
Mbalmayo,BIO_FP_FH__L2A_20251124T050104_20251206T050132_T_G01_M01_C___T004_F004,2025-11-24,38,20,11.446828842163086,3.4169163703918457,20.217721939086914,1.0,8649,0.0,17.626700883050063,16.27745,31.222496,32.607563,36.935593,42.255684,27.779795,1.0,31.96364723617513,32.0,33.0,34.0,34.0,34.0,0
Mbalmayo,BIO_FP_FH__L2A_20251124T050104_20251206T050132_T_G01_M01_C___T004_F004,2025-11-24,38,21,11.447662353515625,3.4169163703918457,20.257522583007812,1.0,8649,0.0,6.832742134206266,3.1040998,25.143824,28.872566,31.18499,32.734962,18.767736,1.0,29.8317186212468,30.0,32.0,33.0,35.0,35.0,0
Mbalmayo,BIO_FP_FH__L2A_20251124T050104_20251206T050132_T_G01_M01_C___T004_F004,2025-11-24,38,22,11.448495864868164,3.4169163703918457,20.192045211791992,1.0,8649,0.0,17.87379547129726,17.736807,32.873566,37.4271,47.78634,50.527435,29.661718,1.0,31.74773384179803,31.93328857421875,35.0,36.0,37.0,37.0,0
Mbalmayo,BIO_FP_FH__L2A_20251124T050104_20251206T050132_T_G01_M01_C___T004_F004,2025-11-24,38,23,11.449329376220703,3.4169163703918457,19.731645584106445,1.0,8649,0.0,17.944824726847035,18.137701,31.933294,33.856285,35.78941,39.98868,28.225534,1.0,31.495164594893954,32.0,34.0,34.0,35.0,36.0,0
Mbalmayo,BIO_FP_FH__L2A_20251124T050104_20251206T050132_T_G01_M01_C___T004_F004,2025-11-24,38,24,11.450162887573242,3.4169163703918457,19.638845443725586,1.0,8649,0.0,17.771273232454618,18.95157,28.981562,31.912113,35.072807,38.414173,25.810827,1.0,31.586822284165248,31.0,33.0,34.0,34.0,35.0,0
Mbalmayo,BIO_FP_FH__L2A_20251124T050104_20251206T050132_T_G01_M01_C___T004_F004,2025-11-24,38,25,11.450996398925781,3.4169163703918457,20.680845260620117,1.0,8649,0.0,20.870935223725287,20.267464,37.73653,39.947422,43.709682,47.98125,35.896027,1.0,36.12507276902214,37.0,38.0,38.0,38.0,38.0,0
Mbalmayo,BIO_FP_FH__L2A_20251124T050104_20251206T050132_T_G01_M01_C___T004_F004,2025-11-24,38,26,11.45182991027832,3.4169163703918457,21.219844818115234,1.0,8649,0.0,23.815123587264424,26.93513,35.101997,36.466797,38.576286,42.007816,34.06559,1.0,38.44546419827976,38.205562591552734,40.0,40.0,40.0,40.0,0
Mbalmayo,BIO_FP_FH__L2A_20251124T050104_20251206T050132_T_G01_M01_C___T004_F004,2025-11-24,38,27,11.45266342163086,3.4169163703918457,21.75264549255371,0.9127666549691439,7947,0.0,19.366832623344376,21.230377,30.357883,31.743132,33.70193,35.877182,28.516035,0.9314957248551582,35.53781508658088,36.0,38.0,39.0,39.0,39.0,0
Mbalmayo,BIO_FP_FH__L2A_20251124T050104_20251206T050132_T_G01_M01_C___T004_F004,2025-11-24,38,29,11.454330444335938,3.4169163703918457,24.087444305419922,0.9940182865251763,8613,0.0,13.436561424285761,13.612377,26.72076,31.483284,36.725544,38.853237,22.924568,1.0,34.18026320547544,34.0,38.0,38.0,38.0,38.0,0
Mbalmayo,BIO_FP_FH__L2A_20251124T050104_20251206T050132_T_G01_M01_C___T004_F004,2025-11-24,38,30,11.455163955688477,3.4169163703918457,26.407258987426758,1.0,8649,0.0,23.213123446352178,24.142267,31.059605,32.978092,36.413956,38.613945,30.243969,1.0,38.70499551865473,39.0,40.0,40.0,40.0,40.0,0
Mbalmayo,BIO_FP_FH__L2A_20251124T050104_20251206T050132_T_G01_M01_C___T004_F004,2025-11-24,38,31,11.455997467041016,3.4169163703918457,28.571659088134766,1.0,8649,0.0,22.36369901867268,21.676298,36.41167,38.20881,40.95035,43.450233,34.999104,1.0,39.35817914467242,39.0,40.0,40.0,40.0,40.0,0
Mbalmayo,BIO_FP_FH__L2A_20251124T050104_20251206T050132_T_G01_M01_C___T004_F004,2025-11-24,38,32,11.456830978393555,3.4169163703918457,21.05265998840332,1.0,8649,17.161800384521484,28.489653789455428,29.006876,38.462307,39.938797,42.461212,44.263897,36.481533,1.0,38.56579284147522,39.0,39.0,40.0,40.0,40.0,0
Mbalmayo,BIO_FP_FH__L2A_20251124T050104_20251206T050132_T_G01_M01_C___T004_F004,2025-11-24,38,33,11.457664489746094,3.4169163703918457,14.527859687805176,1.0,8649,31.405000686645508,26.49554319863568,26.559908,34.38379,36.42759,40.74247,43.37257,33.75371,1.0,34.94161298683247,35.0,38.0,38.0,38.0,38.0,0
Mbalmayo,BIO_FP_FH__L2A_20251124T050104_20251206T050132_T_G01_M01_C___T004_F004,2025-11-24,38,34,11.458498001098633,3.4169163703918457,8.132059097290039,1.0,8649,43.4536018371582,17.15003857021043,17.870653,27.84577,29.83908,35.98616,38.712494,26.734861,1.0,33.77125179733151,33.26465606689453,36.0,36.0,36.0,36.0,0
Mbalmayo,BIO_FP_FH__L2A_20251124T050104_20251206T050132_T_G01_M01_C___T004_F004,2025-11-24,38,35,11.459331512451172,3.4169163703918457,4.142459392547607,1.0,8649,35.52220153808594,11.785397426725632,8.055935,28.19605,31.882118,35.412586,38.21445,23.655945,1.0,36.854401059061935,37.0,39.0,39.0,39.0,39.0,0
Mbalmayo,BIO_FP_FH__L2A_20251124T050104_20251206T050132_T_G01_M01_C___T004_F004,2025-11-24,38,36,11.460165023803711,3.4169163703918457,6.075659275054932,1.0,8649,13.51140022277832,16.665685700659036,13.511816,33.61035,38.676807,42.68081,45.69386,29.633598,1.0,39.20988982199851,39.0,40.0,40.26465606689453,41.0,41.0,0
Mbalmayo,BIO_FP_FH__L2A_20251124T050104_20251206T050132_T_G01_M01_C___T004_F004,2025-11-24,38,37,11.46099853515625,3.4169163703918457,16.260459899902344,1.0,8649,3.5736000537872314,16.54171589562377,14.044947,31.288433,35.63405,41.330658,44.14588,27.761625,1.0,39.53885432885195,39.0,41.0,41.0,42.0,42.0,0
Mbalmayo,BIO_FP_FH__L2A_20251124T050104_20251206T050132_T_G01_M01_C___T004_F004,2025-11-24,38,38,11.461832046508789,3.4169163703918457,30.011695861816406,0.9981278035665251,8640,1.2905999422073364,15.32773625233205,13.365604,28.948223,32.839615,37.694054,45.29312,25.009182,1.0,38.25834001851421,38.0,41.0,41.0,41.0,41.0,0
Mbalmayo,BIO_FP_FH__L2A_20251124T050104_20251206T050132_T_G01_M01_C___T004_F004,2025-11-24,38,39,11.462665557861328,3.4169163703918457,27.983495712280273,1.0,8649,12.491999626159668,21.432903641316916,20.622272,35.114704,38.851307,42.95967,47.08747,31.39286,1.0,37.09141552435868,37.0,38.0,38.0,39.0,39.0,0
Mbalmayo,BIO_FP_FH__L2A_20251124T050104_20251206T050132_T_G01_M01_C___T004_F004,2025-11-24,38,40,11.463499069213867,3.4169163703918457,16.126096725463867,1.0,8649,51.73379898071289,20.141131742108914,19.465033,35.206493,40.042,43.161755,46.79852,31.26198,1.0,36.828987754498044,37.0,38.0,38.0,38.0,38.0,0
Mbalmayo,BIO_FP_FH__L2A_20251124T050104_20251206T050132_T_G01_M01_C___T004_F004,2025-11-24,38,41,11.464332580566406,3.4169163703918457,4.268896102905273,1.0,8649,90.97560119628906,23.83543482266736,22.698399,39.919853,42.652092,45.202652,46.491314,36.857395,1.0,35.04030640666396,35.0,36.0,37.0,38.0,38.0,0
Mbalmayo,BIO_FP_FH__L2A_20251124T050104_20251206T050132_T_G01_M01_C___T004_F004,2025-11-24,38,42,11.465166091918945,3.4169163703918457,4.378696441650391,1.0,8649,75.3644027709961,16.441477609405712,15.420554,26.848495,29.817076,34.295177,36.48648,23.180868,1.0,31.755803466463437,32.0,34.0,34.0,35.0,35.0,0
Mbalmayo,BIO_FP_FH__L2A_20251124T050104_20251206T050132_T_G01_M01_C___T004_F004,2025-11-24,38,43,11.465999603271484,3.4169163703918457,7.558896064758301,1.0,8649,43.040000915527344,14.555410126893282,12.948826,29.054113,35.45907,39.343166,42.05546,23.273064,1.0,32.461819723832534,32.0,33.0,34.0,36.0,36.0,0
Mbalmayo,BIO_FP_FH__L2A_20251124T050104_20251206T050132_T_G01_M01_C___T004_F004,2025-11-24,38,44,11.466833114624023,3.4169163703918457,9.251096725463867,1.0,8649,22.98240089416504,18.201541092178285,18.152153,28.666851,30.273432,33.24481,37.71826,25.897701,1.0,31.98962405188564,32.0,33.0,34.0,36.0,36.0,0
Mbalmayo,BIO_FP_FH__L2A_20251124T050104_20251206T050132_T_G01_M01_C___T004_F004,2025-11-24,38,45,11.467666625976562,3.4169163703918457,10.162496566772461,1.0,8649,19.436599731445312,18.55225450557868,18.116808,28.888153,31.649542,34.32612,36.433556,26.272087,1.0,28.4914298538859,29.0,30.0,30.0,31.0,31.0,0
Mbalmayo,BIO_FP_FH__L2A_20251124T050104_20251206T050132_T_G01_M01_C___T004_F004,2025-11-24,38,46,11.468500137329102,3.4169163703918457,11.605218887329102,1.0,8649,16.713600158691406,20.50794031463175,19.590527,29.487822,33.777218,37.424553,40.109577,27.721758,1.0,28.9642531021935,29.0,31.0,31.735342025756836,32.0,32.0,0
Mbalmayo,BIO_FP_FH__L2A_20251124T050104_20251206T050132_T_G01_M01_C___T004_F004,2025-11-24,38,47,11.46933364868164,3.4169163703918457,6.689019203186035,1.0,8649,26.465999603271484,14.811677560267082,13.140763,28.638597,32.20735,36.483757,44.377396,24.438768,1.0,32.70097176415863,32.0,35.0,35.0,36.0,36.0,0
Mbalmayo,BIO_FP_FH__L2A_20251124T050104_20251206T050132_T_G01_M01_C___T004_F004,2025-11-24,38,48,11.47016716003418,3.4169163703918457,5.38201904296875,1.0,8649,29.04759979248047,19.24319466123251,19.429134,32.36235,34.463913,39.352314,44.360737,30.452225,1.0,34.05845133243013,34.0,35.0,36.0,36.0,36.0,0
Mbalmayo,BIO_FP_FH__L2A_20251124T050104_20251206T050132_T_G01_M01_C___T004_F004,2025-11-24,39,3,11.432659149169922,3.4160828590393066,20.63557243347168,1.0,8649,0.0,18.498454030090183,17.779284,29.309313,34.204357,37.954636,46.87054,26.76891,1.0,35.1558285357153,35.0,36.0,37.0,37.0,37.0,0
Mbalmayo,BIO_FP_FH__L2A_20251124T050104_20251206T050132_T_G01_M01_C___T004_F004,2025-11-24,39,4,11.433492660522461,3.4160828590393066,18.595373153686523,1.0,8649,0.0,15.642469956786911,14.809836,24.454018,28.742716,36.3693,38.55559,21.915913,1.0,33.866452054241954,34.0,35.0,35.0,36.0,36.0,0
Mbalmayo,BIO_FP_FH__L2A_20251124T050104_20251206T050132_T_G01_M01_C___T004_F004,2025-11-24,39,5,11.434326171875,3.4160828590393066,12.37357234954834,1.0,8649,6.679599761962891,17.08995304731761,17.797396,26.544304,29.580063,39.146748,40.317097,25.473349,1.0,32.98762853915519,33.0,34.0,35.0,35.0,35.0,0
Mbalmayo,BIO_FP_FH__L2A_20251124T050104_20251206T050132_T_G01_M01_C___T004_F004,2025-11-24,39,6,11.435159683227539,3.4160828590393066,5.946674823760986,1.0,8649,14.060600280761719,11.496703466441208,11.23187,22.711731,26.623274,31.179903,34.17058,21.268694,1.0,29.833977180046077,30.0,32.0,33.0,33.0,33.0,0
Mbalmayo,BIO_FP_FH__L2A_20251124T050104_20251206T050132_T_G01_M01_C___T004_F004,2025-11-24,39,7,11.435993194580078,3.4160828590393066,6.8848748207092285,1.0,8649,11.041600227355957,9.139013993669789,6.876958,21.37799,26.375618,32.942875,37.073383,18.778463,1.0,26.047427096826134,26.0,28.0,29.0,30.0,30.0,0
Mbalmayo,BIO_FP_FH__L2A_20251124T050104_20251206T050132_T_G01_M01_C___T004_F004,2025-11-24,39,8,11.436826705932617,3.4160828590393066,10.091474533081055,1.0,8649,4.48960018157959,9.562430447161521,8.899525,17.910683,21.411535,28.354189,30.404892,15.844632,1.0,19.259400898437995,19.0,23.0,26.0,26.0,26.0,0
Mbalmayo,BIO_FP_FH__L2A_20251124T050104_20251206T050132_T_G01_M01_C___T004_F004,2025-11-24,39,9,11.437660217285156,3.4160828590393066,11.932674407958984,1.0,8649,2.027600049972534,8.845352425135854,8.569198,14.247004,17.361315,25.427244,36.15987,12.507532,1.0,20.588474798097764,20.0,25.0,26.0,26.0,26.0,0
Mbalmayo,BIO_FP_FH__L2A_20251124T050104_20251206T050132_T_G01_M01_C___T004_F004,2025-11-24,39,10,11.438493728637695,3.4160828590393066,13.415074348449707,1.0,8649,0.6413999795913696,15.617579525089607,13.9350815,29.71464,35.81927,40.1589,43.425545,24.23363,1.0,28.245592239923266,29.0,31.0,31.0,31.0,31.0,0
Mbalmayo,BIO_FP_FH__L2A_20251124T050104_20251206T050132_T_G01_M01_C___T004_F004,2025-11-24,39,11,11.439327239990234,3.4160828590393066,14.408675193786621,1.0,8649,0.0,15.216246097814777,13.580139,31.78511,35.99986,41.54803,44.707233,22.401958,1.0,31.306946671206163,31.0,32.0,34.0,34.0,34.0,0
Mbalmayo,BIO_FP_FH__L2A_20251124T050104_20251206T050132_T_G01_M01_C___T004_F004,2025-11-24,39,12,11.440160751342773,3.4160828590393066,15.211874961853027,1.0,8649,0.0,13.007469252225691,11.639362,24.17202,29.9437,35.908436,38.258755,20.863066,1.0,32.88681364351648,33.0,34.0,35.0,35.0,35.0,0
Mbalmayo,BIO_FP_FH__L2A_20251124T050104_20251206T050132_T_G01_M01_C___T004_F004,2025-11-24,39,13,11.440994262695312,3.4160828590393066,16.487674713134766,1.0,8649,0.0,11.54763285495433,9.241038,26.769032,30.378386,37.12616,38.575752,20.829355,1.0,33.03214118014541,34.0,35.0,35.0,36.0,36.0,0
Mbalmayo,BIO_FP_FH__L2A_20251124T050104_20251206T050132_T_G01_M01_C___T004_F004,2025-11-24,39,14,11.441827774047852,3.4160828590393066,15.876429557800293,1.0,8649,5.377799987792969,11.73670727829807,9.852317,25.817776,29.167086,31.727322,34.072857,21.467892,1.0,28.377458072670734,29.0,32.0,34.0,34.0,34.0,0
Mbalmayo,BIO_FP_FH__L2A_20251124T050104_20251206T050132_T_G01_M01_C___T004_F004,2025-11-24,39,15,11.44266128540039,3.4160828590393066,9.128029823303223,1.0,8649,21.61440086364746,12.485670760348016,11.244998,29.046827,31.716103,34.7335,36.905857,22.265627,1.0,25.64902661535585,25.0,28.14474105834961,29.0,30.0,30.0,0
Mbalmayo,BIO_FP_FH__L2A_20251124T050104_20251206T050132_T_G01_M01_C___T004_F004,2025-11-24,39,16,11.44349479675293,3.4160828590393066,5.8402299880981445,1.0,8649,23.082199096679688,14.290680732599144,14.026559,22.267828,24.973312,30.048887,39.007874,20.703747,1.0,28.4387638115417,28.0,30.0,30.0,30.0,31.0,0
Mbalmayo,BIO_FP_FH__L2A_20251124T050104_20251206T050132_T_G01_M01_C___T004_F004,2025-11-24,39,17,11.444328308105469,3.4160828590393066,9.754429817199707,1.0,8649,8.953399658203125,13.841441207075963,13.165761,24.866241,27.668962,34.12626,38.181763,21.656599,1.0,31.552501123838308,31.0,33.0,33.0,34.0,35.0,0
Mbalmayo,BIO_FP_FH__L2A_20251124T050104_20251206T050132_T_G01_M01_C___T004_F004,2025-11-24,39,18,11.445161819458008,3.4160828590393066,14.138230323791504,1.0,8649,2.219399929046631,16.81307403673835,12.907477,32.973537,35.202404,38.108093,40.11539,29.32499,1.0,33.90329638606951,34.0,35.0,35.0,35.0,35.0,0
Mbalmayo,BIO_FP_FH__L2A_20251124T050104_20251206T050132_T_G01_M01_C___T004_F004,2025-11-24,39,19,11.445995330810547,3.4160828590393066,19.044029235839844,1.0,8649,0.5152000188827515,20.997893090964272,20.250914,36.648415,38.727707,41.054382,42.665577,32.54168,1.0,34.686959953718286,35.0,35.0,36.0,36.0,36.0,0
Mbalmayo,BIO_FP_FH__L2A_20251124T050104_20251206T050132_T_G01_M01_C___T004_F004,2025-11-24,39,20,11.446828842163086,3.4160828590393066,19.593029022216797,1.0,8649,0.0,24.507644037605502,26.424318,32.259743,33.39054,35.227665,38.83718,30.043978,1.0,34.71957137149419,35.0,36.0,36.0,36.0,36.0,0
Mbalmayo,BIO_FP_FH__L2A_20251124T050104_20251206T050132_T_G01_M01_C___T004_F004,2025-11-24,39,21,11.447662353515625,3.4160828590393066,19.660429000854492,1.0,8649,0.0,23.94860225893167,26.65018,32.781948,34.10458,37.573997,40.883022,30.715508,1.0,34.330972572050555,34.0,36.0,36.0,36.0,36.0,0
Mbalmayo,BIO_FP_FH__L2A_20251124T050104_20251206T050132_T_G01_M01_C___T004_F004,2025-11-24,39,22,11.448495864868164,3.4160828590393066,19.634662628173828,1.0,8649,0.0,21.160990432419933,24.65463,33.139675,35.036175,40.540802,44.31882,29.579184,1.0,36.62981373335615,36.0,38.0,38.0,39.0,39.0,0
Mbalmayo,BIO_FP_FH__L2A_20251124T050104_20251206T050132_T_G01_M01_C___T004_F004,2025-11-24,39,23,11.449329376220703,3.4160828590393066,19.501663208007812,1.0,8649,0.0,19.742792248381317,22.177998,34.81957,35.833324,37.62622,42.178204,29.983727,1.0,33.801838536416334,34.0,36.0,37.0,37.0,37.0,0
Mbalmayo,BIO_FP_FH__L2A_20251124T050104_20251206T050132_T_G01_M01_C___T004_F004,2025-11-24,39,24,11.450162887573242,3.4160828590393066,19.21706199645996,1.0,8649,0.0,8.163922039397619,2.486538,27.987862,30.7617,37.54251,43.245956,17.565117,1.0,29.58745263124259,30.0,31.0,31.0,32.0,32.0,0
Mbalmayo,BIO_FP_FH__L2A_20251124T050104_20251206T050132_T_G01_M01_C___T004_F004,2025-11-24,39,25,11.450996398925781,3.4160828590393066,19.822662353515625,1.0,8649,0.0,10.307397802491618,5.278246,28.486357,31.613966,36.531506,41.323696,22.17962,1.0,33.480273924338114,34.0,36.0,37.0,37.0,37.0,0
Mbalmayo,BIO_FP_FH__L2A_20251124T050104_20251206T050132_T_G01_M01_C___T004_F004,2025-11-24,39,26,11.45182991027832,3.4160828590393066,19.571863174438477,1.0,8649,0.0,27.530761775205224,30.015434,39.31469,41.28197,44.274563,45.941853,38.598045,1.0,35.42114361240238,35.609519958496094,37.0,37.0,38.0,38.0,0
Mbalmayo,BIO_FP_FH__L2A_20251124T050104_20251206T050132_T_G01_M01_C___T004_F004,2025-11-24,39,27,11.45266342163086,3.4160828590393066,19.552263259887695,1.0,8649,0.0,16.16358421132501,16.994944,29.732649,32.27046,35.595284,40.143463,27.365738,1.0,31.512356685233097,32.0,35.0,36.0,38.0,38.0,0
Mbalmayo,BIO_FP_FH__L2A_20251124T050104_20251206T050132_T_G01_M01_C___T004_F004,2025-11-24,39,30,11.455163955688477,3.4160828590393066,26.50762176513672,1.0,8649,0.0,20.03487668372066,21.255617,31.60199,34.2528,36.87256,38.30369,30.366385,1.0,37.853941943110975,38.0,39.0,39.0,40.0,40.0,0
Mbalmayo,BIO_FP_FH__L2A_20251124T050104_20251206T050132_T_G01_M01_C___T004_F004,2025-11-24,39,31,11.455997467041016,3.4160828590393066,28.308422088623047,1.0,8649,0.0,19.42781363813736,19.584648,34.73555,37.032703,40.53211,44.258522,31.905107,1.0,39.92144320132154,40.0,41.0,42.0,42.0,42.0,0
Mbalmayo,BIO_FP_FH__L2A_20251124T050104_20251206T050132_T_G01_M01_C___T004_F004,2025-11-24,39,32,11.456830978393555,3.4160828590393066,29.321022033691406,1.0,8649,0.3224000036716461,29.705885434732338,30.999865,39.544666,41.47402,43.282078,47.38915,38.03512,1.0,39.259801912037595,39.0,40.0,40.0,40.0,40.0,0
Mbalmayo,BIO_FP_FH__L2A_20251124T050104_20251206T050132_T_G01_M01_C___T004_F004,2025-11-24,39,33,11.457664489746094,3.4160828590393066,27.786821365356445,1.0,8649,5.3755998611450195,28.431100235576366,28.29128,37.50277,39.285824,40.926952,42.381454,35.94569,1.0,38.10737467313835,38.0,39.0,39.0,39.0,39.0,0
Mbalmayo,BIO_FP_FH__L2A_20251124T050104_20251206T050132_T_G01_M01_C___T004_F004,2025-11-24,39,34,11.458498001098633,3.4160828590393066,21.484622955322266,1.0,8649,15.833999633789062,30.10949287851197,31.989275,38.405746,39.509197,41.121567,42.64962,37.662453,1.0,36.96252101263513,37.0,39.0,39.0,39.0,39.0,0
Mbalmayo,BIO_FP_FH__L2A_20251124T050104_20251206T050132_T_G01_M01_C___T004_F004,2025-11-24,39,35,11.459331512451172,3.4160828590393066,16.064422607421875,1.0,8649,11.303400039672852,16.124129234593596,16.138012,29.465141,31.861273,38.624966,41.844917,26.117971,1.0,36.87750601131719,37.0,38.0,38.14643859863281,39.0,39.0,0
Mbalmayo,BIO_FP_FH__L2A_20251124T050104_20251206T050132_T_G01_M01_C___T004_F004,2025-11-24,39,36,11.460165023803711,3.4160828590393066,10.644222259521484,1.0,8649,6.7729997634887695,26.26352667215863,28.463608,39.250626,40.96268,42.88089,44.74028,38.06153,1.0,37.590284149279306,38.0,38.0,38.88054656982422,39.0,39.0,0
Mbalmayo,BIO_FP_FH__L2A_20251124T050104_20251206T050132_T_G01_M01_C___T004_F004,2025-11-24,39,37,11.46099853515625,3.4160828590393066,14.509422302246094,1.0,8649,3.6958000659942627,18.034030306971903,15.9207735,34.397915,37.75604,42.66229,44.080376,31.343605,1.0,37.93209321287439,38.0,39.0,39.0,39.0,39.0,0
Mbalmayo,BIO_FP_FH__L2A_20251124T050104_20251206T050132_T_G01_M01_C___T004_F004,2025-11-24,39,38,11.461832046508789,3.4160828590393066,30.21550941467285,1.0,8649,1.3794000148773193,19.011799593883687,18.589424,31.925718,35.18925,40.285038,43.09785,29.147255,1.0,36.28297542034374,36.0598030090332,38.0,38.0,38.0,39.0,0
Mbalmayo,BIO_FP_FH__L2A_20251124T050104_20251206T050132_T_G01_M01_C___T004_F004,2025-11-24,39,39,11.462665557861328,3.4160828590393066,18.645708084106445,1.0,8649,25.878000259399414,16.435236822898602,13.754975,32.048244,35.0754,38.57673,42.771236,27.629532,1.0,36.66943673495406,37.0,38.0,38.0,38.0,38.0,0
Mbalmayo,BIO_FP_FH__L2A_20251124T050104_20251206T050132_T_G01_M01_C___T004_F004,2025-11-24,39,40,11.463499069213867,3.4160828590393066,6.8945088386535645,1.0,8649,58.62860107421875,20.731041431812926,19.712269,34.20494,36.78522,39.446907,43.72403,30.703978,1.0,37.184136149317894,37.0,38.0,38.0,38.0,38.0,0
Mbalmayo,BIO_FP_FH__L2A_20251124T050104_20251206T050132_T_G01_M01_C___T004_F004,2025-11-24,39,41,11.464332580566406,3.4160828590393066,1.370108723640442,1.0,8649,87.20339965820312,21.12041538400393,20.539461,30.21595,33.58076,37.583817,39.208233,28.621681,1.0,35.83075156395443,36.0,37.0,37.0,37.0,37.0,0
Mbalmayo,BIO_FP_FH__L2A_20251124T050104_20251206T050132_T_G01_M01_C___T004_F004,2025-11-24,39,42,11.465166091918945,3.4160828590393066,7.923908710479736,1.0,8649,73.17240142822266,21.53944278240259,18.974964,36.93966,38.995464,40.84248,43.35981,32.692776,1.0,34.48412182477461,35.0,36.0,36.0,37.0,37.0,0
Mbalmayo,BIO_FP_FH__L2A_20251124T050104_20251206T050132_T_G01_M01_C___T004_F004,2025-11-24,39,43,11.465999603271484,3.4160828590393066,19.54970932006836,1.0,8649,24.91699981689453,21.084766392791074,20.492504,34.03714,36.577114,42.26267,43.830338,31.323627,1.0,34.46424045666392,35.0,36.0,37.0,37.0,37.0,0
Mbalmayo,BIO_FP_FH__L2A_20251124T050104_20251206T050132_T_G01_M01_C___T004_F004,2025-11-24,39,44,11.466833114624023,3.4160828590393066,21.041908264160156,1.0,8649,6.508800029754639,20.562496838507343,20.045835,30.596228,33.967518,37.01661,38.97459,27.31112,1.0,31.00999580883459,31.0,33.0,33.88054656982422,34.0,34.0,0
Mbalmayo,BIO_FP_FH__L2A_20251124T050104_20251206T050132_T_G01_M01_C___T004_F004,2025-11-24,39,45,11.467666625976562,3.4160828590393066,20.731508255004883,1.0,8649,2.963200092315674,19.583321590646317,18.84695,27.19994,29.976543,35.43544,37.908463,25.597908,1.0,27.623105653711434,28.0,29.0,29.0,30.0,30.0,0
Mbalmayo,BIO_FP_FH__L2A_20251124T050104_20251206T050132_T_G01_M01_C___T004_F004,2025-11-24,39,46,11.468500137329102,3.4160828590393066,19.772720336914062,1.0,8649,0.7289999723434448,18.300269088189385,17.898375,25.163887,27.293755,29.659512,31.488773,23.218998,1.0,26.48091952777871,26.0,29.0,29.23890495300293,31.0,31.0,0
Mbalmayo,BIO_FP_FH__L2A_20251124T050104_20251206T050132_T_G01_M01_C___T004_F004,2025-11-24,39,47,11.46933364868164,3.4160828590393066,13.116519927978516,1.0,8649,13.365599632263184,17.6205332625159,17.2134,26.177347,28.313334,34.432518,36.47383,24.31013,1.0,29.92445561336994,29.609519958496094,33.0,33.0,33.0,33.0,0
Mbalmayo,BIO_FP_FH__L2A_20251124T050104_20251206T050132_T_G01_M01_C___T004_F004,2025-11-24,39,48,11.47016716003418,3.4160828590393066,6.487120151519775,0.9987383668361227,8641,25.99020004272461,16.48339282704752,15.213657,31.187614,36.827835,40.20411,43.159412,26.953045,1.0,32.3929938758394,33.0,33.642539978027344,34.0,34.0,34.0,0
Mbalmayo,BIO_FP_FH__L2A_20251124T050104_20251206T050132_T_G01_M01_C___T004_F004,2025-11-24,40,3,11.432659149169922,3.4152493476867676,20.781972885131836,1.0,8649,0.0,15.742250278211355,13.6214695,30.588255,35.533943,39.332462,46.511852,26.036003,1.0,28.285044040166103,28.0,33.0,34.0,35.0,36.0,0
Mbalmayo,BIO_FP_FH__L2A_20251124T050104_20251206T050132_T_G01_M01_C___T004_F004,2025-11-24,40,4,11.433492660522461,3.4152493476867676,16.961172103881836,1.0,8649,3.627000093460083,16.36142003410799,15.924927,26.17565,27.6167,29.534899,32.250526,25.111944,1.0,29.375545952689208,29.0,32.0,32.603153228759766,33.80157470703125,34.0,0
Mbalmayo,BIO_FP_FH__L2A_20251124T050104_20251206T050132_T_G01_M01_C___T004_F004,2025-11-24,40,5,11.434326171875,3.4152493476867676,12.246771812438965,1.0,8649,8.369999885559082,17.023819137328015,17.14433,24.950556,26.701208,31.027864,33.40711,24.182726,1.0,29.669969724994104,30.0,31.0,32.0,33.603153228759766,34.0,0
Mbalmayo,BIO_FP_FH__L2A_20251124T050104_20251206T050132_T_G01_M01_C___T004_F004,2025-11-24,40,6,11.435159683227539,3.4152493476867676,7.532474994659424,1.0,8649,13.113200187683105,9.899659642733264,10.186122,16.274624,17.65795,22.87042,28.880413,15.610671,1.0,26.11383736661465,26.0,27.801576614379883,28.0,28.0,28.0,0
Mbalmayo,BIO_FP_FH__L2A_20251124T050104_20251206T050132_T_G01_M01_C___T004_F004,2025-11-24,40,7,11.435993194580078,3.4152493476867676,6.969474792480469,1.0,8649,11.96720027923584,14.56710539151925,13.828276,25.674913,29.691692,32.97784,34.199734,21.99413,1.0,25.652418077715645,26.0,27.0,27.0,27.0,27.0,0
Mbalmayo,BIO_FP_FH__L2A_20251124T050104_20251206T050132_T_G01_M01_C___T004_F004,2025-11-24,40,8,11.436826705932617,3.4152493476867676,10.348674774169922,1.0,8649,5.261600017547607,13.786401426465487,13.190795,25.187792,28.1476,33.982307,35.733646,21.075594,1.0,23.988333836940413,24.0,26.848033905029297,27.0,27.0,27.0,0
Mbalmayo,BIO_FP_FH__L2A_20251124T050104_20251206T050132_T_G01_M01_C___T004_F004,2025-11-24,40,9,11.437660217285156,3.4152493476867676,12.218474388122559,1.0,8649,2.1619999408721924,9.1108112209504,7.725185,18.540556,23.144825,32.869366,42.682087,13.93125,1.0,24.192400888978216,24.0,26.0,27.0,27.0,27.0,0
Mbalmayo,BIO_FP_FH__L2A_20251124T050104_20251206T050132_T_G01_M01_C___T004_F004,2025-11-24,40,10,11.438493728637695,3.4152493476867676,13.349874496459961,1.0,8649,0.8978000283241272,9.706524959532894,7.1308994,19.780884,28.266592,43.940517,47.878845,16.33087,1.0,28.98439794199248,29.0,31.0,31.0,32.0,32.0,0
Mbalmayo,BIO_FP_FH__L2A_20251124T050104_20251206T050132_T_G01_M01_C___T004_F004,2025-11-24,40,11,11.439327239990234,3.4152493476867676,14.511674880981445,1.0,8649,0.0,14.776938627297953,11.540642,35.79911,38.74102,41.687004,47.26646,23.801344,1.0,31.277923001789855,31.0,32.0,32.0,33.0,35.0,0
Mbalmayo,BIO_FP_FH__L2A_20251124T050104_20251206T050132_T_G01_M01_C___T004_F004,2025-11-24,40,12,11.440160751342773,3.4152493476867676,15.084474563598633,1.0,8649,0.0,15.435930093074344,14.230821,30.138407,35.894516,39.749264,42.007797,26.428946,1.0,34.01733352744051,34.0,35.0,36.0,36.0,36.0,0
Mbalmayo,BIO_FP_FH__L2A_20251124T050104_20251206T050132_T_G01_M01_C___T004_F004,2025-11-24,40,13,11.440994262695312,3.4152493476867676,15.31767463684082,1.0,8649,0.8190000057220459,5.979597532951787,1.3349664,20.419277,28.958067,32.68494,36.761574,13.355395,1.0,30.69189261485971,31.0,35.0,35.0,35.0,35.0,0
Mbalmayo,BIO_FP_FH__L2A_20251124T050104_20251206T050132_T_G01_M01_C___T004_F004,2025-11-24,40,14,11.441827774047852,3.4152493476867676,11.807229995727539,1.0,8649,11.031999588012695,7.420782930107527,2.0727549,24.837324,28.003124,31.24012,34.61379,16.616962,1.0,22.54436351120272,22.0,27.0,27.0,28.032791137695312,29.0,0
Mbalmayo,BIO_FP_FH__L2A_20251124T050104_20251206T050132_T_G01_M01_C___T004_F004,2025-11-24,40,15,11.44266128540039,3.4152493476867676,8.296629905700684,1.0,8649,21.2450008392334,6.677367867672563,2.2677183,19.813787,23.01573,29.203928,34.70946,12.610949,1.0,23.17206786891493,23.0,26.0,27.0,27.0,27.0,0
Mbalmayo,BIO_FP_FH__L2A_20251124T050104_20251206T050132_T_G01_M01_C___T004_F004,2025-11-24,40,16,11.44349479675293,3.4152493476867676,9.321229934692383,1.0,8649,22.654600143432617,16.33473297129726,18.013882,23.55367,30.53946,35.30635,38.820442,20.614344,1.0,28.903330380495664,29.0,32.0,32.29164505004883,33.0,33.0,0
Mbalmayo,BIO_FP_FH__L2A_20251124T050104_20251206T050132_T_G01_M01_C___T004_F004,2025-11-24,40,17,11.444328308105469,3.4152493476867676,14.417030334472656,1.0,8649,8.757800102233887,14.231297512718234,14.92027,24.412722,28.236616,32.08523,37.368282,21.919193,1.0,32.358727748772495,32.19842529296875,34.0,34.0,35.0,35.0,0
Mbalmayo,BIO_FP_FH__L2A_20251124T050104_20251206T050132_T_G01_M01_C___T004_F004,2025-11-24,40,18,11.445161819458008,3.4152493476867676,17.87162971496582,1.0,8649,1.5058000087738037,8.977675345415655,3.7742276,26.86779,30.351889,34.972473,38.073757,20.550797,1.0,31.478006427309282,32.887672424316406,35.0,35.0,35.0,35.0,0
Mbalmayo,BIO_FP_FH__L2A_20251124T050104_20251206T050132_T_G01_M01_C___T004_F004,2025-11-24,40,19,11.445995330810547,3.4152493476867676,20.759429931640625,1.0,8649,0.696399986743927,12.643458149063475,5.583513,33.664955,35.827415,39.166252,40.73268,29.596344,1.0,30.778062327112927,31.0,34.0,34.80157470703125,35.0,36.0,0
Mbalmayo,BIO_FP_FH__L2A_20251124T050104_20251206T050132_T_G01_M01_C___T004_F004,2025-11-24,40,20,11.446828842163086,3.4152493476867676,21.728029251098633,1.0,8649,0.0,25.970975239189503,28.58685,34.913662,36.1009,37.748787,39.25687,32.57168,1.0,33.33240362227563,34.0,35.0,35.0,36.0,36.0,0
Mbalmayo,BIO_FP_FH__L2A_20251124T050104_20251206T050132_T_G01_M01_C___T004_F004,2025-11-24,40,21,11.447662353515625,3.4152493476867676,19.97702980041504,1.0,8649,0.0,24.95662115923806,28.176407,33.1701,34.372684,38.330814,41.36464,30.945395,1.0,34.51761981762549,35.0,35.0,36.0,36.0,36.0,0
Mbalmayo,BIO_FP_FH__L2A_20251124T050104_20251206T050132_T_G01_M01_C___T004_F004,2025-11-24,40,22,11.448495864868164,3.4152493476867676,19.104862213134766,1.0,8649,0.0,28.57108932391028,31.35722,37.548897,38.917534,41.00966,44.127796,35.75847,1.0,35.128669282717155,35.0,36.0,37.0,38.80157470703125,39.0,0
Mbalmayo,BIO_FP_FH__L2A_20251124T050104_20251206T050132_T_G01_M01_C___T004_F004,2025-11-24,40,23,11.449329376220703,3.4152493476867676,19.293663024902344,1.0,8649,0.0,20.618663917071338,22.73073,32.13405,34.218376,37.41345,39.736263,29.299286,1.0,34.582035227888156,35.0,36.0,36.0,36.0,36.0,0
Mbalmayo,BIO_FP_FH__L2A_20251124T050104_20251206T050132_T_G01_M01_C___T004_F004,2025-11-24,40,24,11.450162887573242,3.4152493476867676,19.5484619140625,1.0,8649,0.0,12.699456313591167,11.28488,27.86252,30.00925,33.718502,36.924,23.96245,1.0,29.86250735117612,29.0,33.0,33.0,35.0,35.0,0
Mbalmayo,BIO_FP_FH__L2A_20251124T050104_20251206T050132_T_G01_M01_C___T004_F004,2025-11-24,40,25,11.450996398925781,3.4152493476867676,19.450462341308594,1.0,8649,0.0,12.500142267169615,10.484779,27.092333,30.498457,33.25037,34.790413,24.503061,1.0,29.653825974020602,29.0,32.69562911987305,33.09959030151367,35.0,35.0,0
Mbalmayo,BIO_FP_FH__L2A_20251124T050104_20251206T050132_T_G01_M01_C___T004_F004,2025-11-24,40,26,11.45182991027832,3.4152493476867676,19.68806266784668,1.0,8649,0.0,19.97942636070644,18.502768,33.486767,36.83566,41.677036,43.29239,32.648296,1.0,31.926077022016607,32.0,33.603153228759766,34.0,34.0,34.0,0
Mbalmayo,BIO_FP_FH__L2A_20251124T050104_20251206T050132_T_G01_M01_C___T004_F004,2025-11-24,40,27,11.45266342163086,3.4152493476867676,17.483062744140625,1.0,8649,0.0,16.970326229910974,19.446144,35.88805,37.81974,40.143024,42.556015,34.85682,1.0,26.6888660976054,26.0,31.0,32.0,32.0,32.0,0
Mbalmayo,BIO_FP_FH__L2A_20251124T050104_20251206T050132_T_G01_M01_C___T004_F004,2025-11-24,40,30,11.455163955688477,3.4152493476867676,26.33582305908203,1.0,8649,0.0,23.764490927419356,25.775719,31.57886,33.10459,35.008503,36.33701,31.251312,1.0,36.556138150112275,37.0,38.0,39.0,39.0,39.0,0
Mbalmayo,BIO_FP_FH__L2A_20251124T050104_20251206T050132_T_G01_M01_C___T004_F004,2025-11-24,40,31,11.455997467041016,3.4152493476867676,27.453022003173828,1.0,8649,0.0,23.13264223103827,24.520092,31.687826,34.756836,38.0272,40.1502,30.678877,1.0,38.89716476765047,39.0,40.0,40.0,41.603153228759766,42.0,0
Mbalmayo,BIO_FP_FH__L2A_20251124T050104_20251206T050132_T_G01_M01_C___T004_F004,2025-11-24,40,32,11.456830978393555,3.4152493476867676,28.5228214263916,1.0,8649,0.22599999606609344,24.78784984174471,25.104246,35.15486,36.732075,39.629303,41.406975,34.09475,1.0,39.64242621898265,40.0,41.0,41.0,41.0,41.0,0
Mbalmayo,BIO_FP_FH__L2A_20251124T050104_20251206T050132_T_G01_M01_C___T004_F004,2025-11-24,40,33,11.457664489746094,3.4152493476867676,29.624221801757812,1.0,8649,0.6531999707221985,31.591304359608046,32.837246,37.806225,38.698524,40.32739,41.785034,37.166664,1.0,38.97017983974563,39.0,40.0,40.0,40.0,40.0,0
Mbalmayo,BIO_FP_FH__L2A_20251124T050104_20251206T050132_T_G01_M01_C___T004_F004,2025-11-24,40,34,11.458498001098633,3.4152493476867676,30.37522315979004,1.0,8649,0.9441999793052673,29.90770473826454,31.031567,36.721397,37.740772,39.17346,41.31188,36.149464,1.0,37.70731465258837,38.0,39.0,39.0,39.0,39.0,0
Mbalmayo,BIO_FP_FH__L2A_20251124T050104_20251206T050132_T_G01_M01_C___T004_F004,2025-11-24,40,35,11.459331512451172,3.4152493476867676,27.249221801757812,1.0,8649,1.0748000144958496,17.19913609954908,17.475103,30.657331,32.238743,34.39468,36.430103,28.8989,1.0,34.19322074610507,34.0,36.0,37.0,38.0,38.0,0
Mbalmayo,BIO_FP_FH__L2A_20251124T050104_20251206T050132_T_G01_M01_C___T004_F004,2025-11-24,40,36,11.460165023803711,3.4152493476867676,21.15422248840332,1.0,8649,1.9573999643325806,14.090560505549774,13.885007,26.661488,28.40864,30.85956,33.805252,24.932703,1.0,34.78731448323151,35.0,37.0,37.0,37.0,37.0,0
Mbalmayo,BIO_FP_FH__L2A_20251124T050104_20251206T050132_T_G01_M01_C___T004_F004,2025-11-24,40,37,11.46099853515625,3.4152493476867676,24.88142204284668,1.0,8649,1.2086000442504883,15.765078061770147,13.024891,32.69518,36.64433,44.27256,46.83809,25.554417,1.0,35.34198628228336,35.0,36.0,37.0,38.0,38.0,0
Mbalmayo,BIO_FP_FH__L2A_20251124T050104_20251206T050132_T_G01_M01_C___T004_F004,2025-11-24,40,38,11.461832046508789,3.4152493476867676,20.87990951538086,1.0,8649,11.205599784851074,19.594025049861255,17.965425,36.698475,39.029663,41.830418,44.588306,33.165707,1.0,34.92716559962408,35.0,36.0,37.0,37.0,38.0,0
Mbalmayo,BIO_FP_FH__L2A_20251124T050104_20251206T050132_T_G01_M01_C___T004_F004,2025-11-24,40,39,11.462665557861328,3.4152493476867676,9.527709007263184,1.0,8649,25.79520034790039,19.37041312579489,18.464987,33.151802,35.06876,38.36017,40.931145,27.693722,1.0,35.209022166481155,35.0,36.0,36.0,36.07966613769531,37.0,0
Mbalmayo,BIO_FP_FH__L2A_20251124T050104_20251206T050132_T_G01_M01_C___T004_F004,2025-11-24,40,40,11.463499069213867,3.4152493476867676,2.1641087532043457,1.0,8649,55.56679916381836,21.06008281304197,18.32466,36.40383,39.005436,41.26331,42.813015,34.196804,1.0,37.08291327557766,37.0,38.0,39.0,39.0,39.0,0
Mbalmayo,BIO_FP_FH__L2A_20251124T050104_20251206T050132_T_G01_M01_C___T004_F004,2025-11-24,40,41,11.464332580566406,3.4152493476867676,0.8587087392807007,1.0,8649,81.3124008178711,22.537385553965777,20.92458,33.983902,35.19454,37.735752,41.898605,31.902546,1.0,36.79294267121402,37.0,38.0,38.0,38.0,38.0,0
Mbalmayo,BIO_FP_FH__L2A_20251124T050104_20251206T050132_T_G01_M01_C___T004_F004,2025-11-24,40,42,11.465166091918945,3.4152493476867676,3.2849087715148926,1.0,8649,85.80339813232422,21.424650338912013,21.316553,31.09023,32.972775,36.18279,38.34577,27.900204,1.0,35.64269000029258,36.0,37.0,37.0,37.47663497924805,38.0,0
Mbalmayo,BIO_FP_FH__L2A_20251124T050104_20251206T050132_T_G01_M01_C___T004_F004,2025-11-24,40,43,11.465999603271484,3.4152493476867676,16.922508239746094,1.0,8649,32.991798400878906,19.71917544658342,20.392218,29.78624,32.3174,35.520996,40.011387,27.162777,1.0,34.523062285777115,35.0,35.0,35.80157470703125,36.603153228759766,37.0,0
Mbalmayo,BIO_FP_FH__L2A_20251124T050104_20251206T050132_T_G01_M01_C___T004_F004,2025-11-24,40,44,11.466833114624023,3.4152493476867676,24.16870880126953,1.0,8649,0.0,18.526970242224536,19.017567,26.250008,30.010061,33.577892,35.480656,24.597395,1.0,30.542250843292884,30.0,33.0,33.0,34.0,34.0,0
Mbalmayo,BIO_FP_FH__L2A_20251124T050104_20251206T050132_T_G01_M01_C___T004_F004,2025-11-24,40,45,11.467666625976562,3.4152493476867676,20.77570915222168,1.0,8649,0.0,18.322261786044628,18.377573,25.280935,27.777412,30.49447,33.85637,23.371479,1.0,26.960752726235214,27.0,28.119033813476562,29.0,29.0,29.0,0
Mbalmayo,BIO_FP_FH__L2A_20251124T050104_20251206T050132_T_G01_M01_C___T004_F004,2025-11-24,40,46,11.468500137329102,3.4152493476867676,19.162120819091797,1.0,8649,0.0,16.342489016071223,16.153147,24.643417,26.521538,28.7385,33.04979,23.126074,1.0,25.249218419075344,25.0,28.0,28.0,28.0,28.0,0
Mbalmayo,BIO_FP_FH__L2A_20251124T050104_20251206T050132_T_G01_M01_C___T004_F004,2025-11-24,40,47,11.46933364868164,3.4152493476867676,13.484519958496094,1.0,8649,10.309399604797363,17.124022647126836,16.880014,23.427526,25.648575,29.306664,31.812603,21.343906,1.0,26.544052016626193,27.0,28.0,28.0,29.0,29.0,0
Mbalmayo,BIO_FP_FH__L2A_20251124T050104_20251206T050132_T_G01_M01_C___T004_F004,2025-11-24,40,48,11.47016716003418,3.4152493476867676,7.913919925689697,0.9999903461563475,8649,22.463199615478516,18.447325608264357,17.979372,26.678284,28.270935,31.234407,38.59139,24.523876,1.0,28.275126194013918,28.0,31.0,31.0,33.0,33.0,0
Mbalmayo,BIO_FP_FH__L2A_20251124T050104_20251206T050132_T_G01_M01_C___T004_F004,2025-11-24,41,3,11.432659149169922,3.4144158363342285,19.19337272644043,1.0,8649,0.0,10.66887293690022,10.247095,16.387804,18.697502,23.446032,32.666004,15.003976,1.0,23.034716929103723,23.113330841064453,25.0,26.0,26.0,26.0,0
Mbalmayo,BIO_FP_FH__L2A_20251124T050104_20251206T050132_T_G01_M01_C___T004_F004,2025-11-24,41,4,11.433492660522461,3.4144158363342285,19.64457130432129,1.0,8649,0.0,15.072843500693722,14.674661,22.871725,24.731474,28.419323,33.799774,21.976692,1.0,26.443892066003766,26.0,28.0,28.781713485717773,29.0,30.0,0
Mbalmayo,BIO_FP_FH__L2A_20251124T050104_20251206T050132_T_G01_M01_C___T004_F004,2025-11-24,41,5,11.434326171875,3.4144158363342285,18.859771728515625,1.0,8649,0.0,15.632189234304544,15.406094,22.943762,24.418785,26.638401,28.437267,21.57664,1.0,27.552043477707976,27.0,29.0,30.0,30.0,30.0,0
Mbalmayo,BIO_FP_FH__L2A_20251124T050104_20251206T050132_T_G01_M01_C___T004_F004,2025-11-24,41,6,11.435159683227539,3.4144158363342285,15.129875183105469,1.0,8649,3.5546000003814697,16.356278995404093,16.383537,23.217922,24.99689,28.94757,31.61601,21.887451,1.0,25.780824382066147,26.0,27.0,28.0,29.0,29.0,0
Mbalmayo,BIO_FP_FH__L2A_20251124T050104_20251206T050132_T_G01_M01_C___T004_F004,2025-11-24,41,7,11.435993194580078,3.4144158363342285,13.688875198364258,1.0,8649,3.6500000953674316,11.878679074170424,10.572671,22.735905,27.68119,30.928244,34.459408,18.434723,1.0,24.969567135588008,25.0,27.0,27.0,28.0,28.0,0
Mbalmayo,BIO_FP_FH__L2A_20251124T050104_20251206T050132_T_G01_M01_C___T004_F004,2025-11-24,41,8,11.436826705932617,3.4144158363342285,12.810275077819824,1.0,8649,2.9465999603271484,16.24647403240259,15.781601,27.526266,31.93558,38.13984,41.30374,24.535236,1.0,26.782422191766745,27.0,28.0,28.0,28.0,28.0,0
Mbalmayo,BIO_FP_FH__L2A_20251124T050104_20251206T050132_T_G01_M01_C___T004_F004,2025-11-24,41,9,11.437660217285156,3.4144158363342285,11.685074806213379,1.0,8649,9.214200019836426,11.753348472366747,9.306376,23.662138,30.584988,39.570435,43.495213,19.415092,1.0,26.300054998284256,26.0,29.0,30.0,31.0,31.0,0
Mbalmayo,BIO_FP_FH__L2A_20251124T050104_20251206T050132_T_G01_M01_C___T004_F004,2025-11-24,41,10,11.438493728637695,3.4144158363342285,11.062674522399902,1.0,8649,18.66939926147461,16.308493937160364,15.585025,34.225555,38.479446,42.282967,44.32308,26.184258,1.0,30.123105153773945,30.0,31.0,32.0,32.0,32.0,0
Mbalmayo,BIO_FP_FH__L2A_20251124T050104_20251206T050132_T_G01_M01_C___T004_F004,2025-11-24,41,11,11.439327239990234,3.4144158363342285,10.396675109863281,1.0,8649,28.256399154663086,16.036488141692683,14.6759405,31.891237,37.55523,43.057888,45.341286,25.225395,1.0,31.227305181289164,31.0,34.0,34.0,34.04702377319336,35.0,0
Mbalmayo,BIO_FP_FH__L2A_20251124T050104_20251206T050132_T_G01_M01_C___T004_F004,2025-11-24,41,12,11.440160751342773,3.4144158363342285,9.381275177001953,1.0,8649,38.89500045776367,22.463891237426292,23.656654,36.403378,38.023403,40.299744,42.67151,34.159534,1.0,35.659141732827955,36.0,37.0,37.0,37.0,37.0,0
Mbalmayo,BIO_FP_FH__L2A_20251124T050104_20251206T050132_T_G01_M01_C___T004_F004,2025-11-24,41,13,11.440994262695312,3.4144158363342285,7.884274959564209,1.0,8649,49.533199310302734,16.41471196092034,15.490142,31.618397,34.251728,38.80101,42.474495,25.614952,1.0,33.595796101244076,34.0,36.0,37.0,37.0,37.0,0
Mbalmayo,BIO_FP_FH__L2A_20251124T050104_20251206T050132_T_G01_M01_C___T004_F004,2025-11-24,41,14,11.441827774047852,3.4144158363342285,13.512430191040039,1.0,8649,21.423599243164062,7.981943360504104,2.1419594,23.38422,27.375647,41.140003,42.83985,20.98683,1.0,25.066512393984496,24.866779327392578,32.0,32.0,32.0,32.0,0
Mbalmayo,BIO_FP_FH__L2A_20251124T050104_20251206T050132_T_G01_M01_C___T004_F004,2025-11-24,41,15,11.44266128540039,3.4144158363342285,15.99502944946289,1.0,8649,5.007599830627441,5.528100250028905,1.4026182,20.39337,24.944834,27.629711,30.790335,13.812142,1.0,26.858115842706525,27.0,30.0,30.0,30.0,30.0,0
Mbalmayo,BIO_FP_FH__L2A_20251124T050104_20251206T050132_T_G01_M01_C___T004_F004,2025-11-24,41,16,11.44349479675293,3.4144158363342285,17.1412296295166,1.0,8649,6.18120002746582,11.178881771013991,9.952284,24.901632,28.846304,32.413425,34.59115,20.094618,1.0,29.51207912576062,30.0,31.377174377441406,32.0,32.0,32.0,0
Mbalmayo,BIO_FP_FH__L2A_20251124T050104_20251206T050132_T_G01_M01_C___T004_F004,2025-11-24,41,17,11.444328308105469,3.4144158363342285,20.718830108642578,1.0,8649,2.6345999240875244,16.81102719606313,18.286465,27.237537,28.908392,30.935463,32.19331,23.592903,1.0,28.33938513773551,28.86724281311035,31.0,31.0,32.0,32.0,0
Mbalmayo,BIO_FP_FH__L2A_20251124T050104_20251206T050132_T_G01_M01_C___T004_F004,2025-11-24,41,18,11.445161819458008,3.4144158363342285,22.713430404663086,1.0,8649,0.9125999808311462,2.7794849838131577,1.860676,5.522913,11.9446,15.810574,18.663767,4.434913,1.0,23.161202758319778,23.0,26.0,29.0,30.0,31.0,0
Mbalmayo,BIO_FP_FH__L2A_20251124T050104_20251206T050132_T_G01_M01_C___T004_F004,2025-11-24,41,19,11.445995330810547,3.4144158363342285,21.138229370117188,1.0,8649,4.45959997177124,3.9867691532258065,2.3457317,10.866383,16.797504,22.671144,38.590904,8.300907,1.0,23.408555861662848,23.0,26.0,27.0,28.68241310119629,30.0,0
Mbalmayo,BIO_FP_FH__L2A_20251124T050104_20251206T050132_T_G01_M01_C___T004_F004,2025-11-24,41,20,11.446828842163086,3.4144158363342285,21.64603042602539,1.0,8649,0.0,18.340648124060586,20.235233,32.680645,34.079655,37.874596,40.157795,29.743584,1.0,28.94030447598344,29.0,31.0,31.781713485717773,32.0,32.0,0
Mbalmayo,BIO_FP_FH__L2A_20251124T050104_20251206T050132_T_G01_M01_C___T004_F004,2025-11-24,41,21,11.447662353515625,3.4144158363342285,18.785829544067383,1.0,8649,0.0,13.548294058561684,12.611993,25.423365,31.559898,39.10742,40.711872,20.519844,1.0,32.52580139917891,32.7554817199707,34.0,35.0,35.0,36.0,0
Mbalmayo,BIO_FP_FH__L2A_20251124T050104_20251206T050132_T_G01_M01_C___T004_F004,2025-11-24,41,22,11.448495864868164,3.4144158363342285,20.811262130737305,1.0,8649,0.0,24.88053351543531,26.844578,36.295315,38.100212,40.87496,42.286274,34.261696,1.0,35.421462988437206,36.0,36.0,36.0,37.0,37.0,0
Mbalmayo,BIO_FP_FH__L2A_20251124T050104_20251206T050132_T_G01_M01_C___T004_F004,2025-11-24,41,23,11.449329376220703,3.4144158363342285,21.203262329101562,1.0,8649,0.0,25.77342982208926,27.242468,34.404922,36.052902,40.44552,43.0588,31.878822,1.0,35.35871401206925,35.0,36.0,36.0,37.0,37.0,0
Mbalmayo,BIO_FP_FH__L2A_20251124T050104_20251206T050132_T_G01_M01_C___T004_F004,2025-11-24,41,24,11.450162887573242,3.4144158363342285,20.432462692260742,1.0,8649,0.0,23.74650655061279,26.052631,33.00096,34.874043,37.65206,39.08094,30.996052,1.0,32.87653719420956,33.0,35.0,36.0,36.0,36.0,0
Mbalmayo,BIO_FP_FH__L2A_20251124T050104_20251206T050132_T_G01_M01_C___T004_F004,2025-11-24,41,25,11.450996398925781,3.4144158363342285,20.07166290283203,1.0,8649,0.0,19.5910460204937,20.70534,32.804787,35.285793,37.88356,41.59492,29.057281,1.0,29.424049132434547,29.0,31.0,31.0,32.0,32.0,0
Mbalmayo,BIO_FP_FH__L2A_20251124T050104_20251206T050132_T_G01_M01_C___T004_F004,2025-11-24,41,26,11.45182991027832,3.4144158363342285,18.132661819458008,1.0,8649,0.0,19.744183756792694,20.6061,30.041668,33.76283,36.366924,38.156075,27.237206,1.0,30.49602459058388,30.0,32.0,32.0,32.0,32.0,0
Mbalmayo,BIO_FP_FH__L2A_20251124T050104_20251206T050132_T_G01_M01_C___T004_F004,2025-11-24,41,27,11.45266342163086,3.4144158363342285,15.85726261138916,1.0,8649,0.0,19.089922787316453,19.959717,35.902588,37.84758,40.080906,42.815804,34.52607,1.0,27.964553417753162,29.0,31.0,31.0,31.0,31.0,0
Mbalmayo,BIO_FP_FH__L2A_20251124T050104_20251206T050132_T_G01_M01_C___T004_F004,2025-11-24,41,31,11.455997467041016,3.4144158363342285,28.692821502685547,1.0,8649,0.0,25.27686817117586,26.220352,31.199072,32.623363,35.670536,38.74267,30.559456,1.0,38.343243814504326,38.0,39.0,39.0,40.0,40.0,0
Mbalmayo,BIO_FP_FH__L2A_20251124T050104_20251206T050132_T_G01_M01_C___T004_F004,2025-11-24,41,32,11.456830978393555,3.4144158363342285,29.736421585083008,1.0,8649,0.14560000598430634,23.518334399208,24.740747,35.650673,36.86097,39.9068,42.797607,34.81084,1.0,38.75466170737145,39.0,40.0,40.0,40.0,40.0,0
Mbalmayo,BIO_FP_FH__L2A_20251124T050104_20251206T050132_T_G01_M01_C___T004_F004,2025-11-24,41,33,11.457664489746094,3.4144158363342285,29.61062240600586,1.0,8649,0.5672000050544739,28.93738889611516,31.451323,36.868927,37.89926,39.961304,42.43063,36.012695,1.0,38.81839544988944,39.0,40.0,40.0,40.0,40.0,0
Mbalmayo,BIO_FP_FH__L2A_20251124T050104_20251206T050132_T_G01_M01_C___T004_F004,2025-11-24,41,34,11.458498001098633,3.4144158363342285,30.469022750854492,1.0,8649,0.9932000041007996,30.649327686004163,32.02118,36.78943,37.812202,39.31469,41.10868,36.201847,1.0,36.44395803592015,36.8678092956543,38.27107238769531,39.0,39.0,39.0,0
Mbalmayo,BIO_FP_FH__L2A_20251124T050104_20251206T050132_T_G01_M01_C___T004_F004,2025-11-24,41,35,11.459331512451172,3.4144158363342285,29.523422241210938,1.0,8649,0.6254000067710876,22.406703900017344,23.189337,31.641985,33.614468,39.796967,41.805447,30.928654,1.0,31.516171175863775,31.0,34.0,34.31766128540039,36.0,36.0,0
Mbalmayo,BIO_FP_FH__L2A_20251124T050104_20251206T050132_T_G01_M01_C___T004_F004,2025-11-24,41,36,11.460165023803711,3.4144158363342285,28.49342155456543,1.0,8649,0.22499999403953552,9.133678297346513,5.9919047,23.893187,29.100107,35.469837,37.756874,18.88352,1.0,32.656551895864936,32.0,36.0,36.0,37.0,37.0,0
Mbalmayo,BIO_FP_FH__L2A_20251124T050104_20251206T050132_T_G01_M01_C___T004_F004,2025-11-24,41,37,11.46099853515625,3.4144158363342285,24.493223190307617,1.0,8649,3.753000020980835,18.55563143137935,17.734838,30.86836,33.440235,38.049053,41.56901,29.0968,1.0,35.87647608186843,36.0,37.46998977661133,38.0,38.536163330078125,39.0,0
Mbalmayo,BIO_FP_FH__L2A_20251124T050104_20251206T050132_T_G01_M01_C___T004_F004,2025-11-24,41,38,11.461832046508789,3.4144158363342285,16.643308639526367,1.0,8649,12.444199562072754,21.584916789513237,20.636566,35.99129,38.105415,40.38215,43.239193,32.135902,1.0,36.47686719811711,37.0,39.0,39.0,39.0,39.0,0
Mbalmayo,BIO_FP_FH__L2A_20251124T050104_20251206T050132_T_G01_M01_C___T004_F004,2025-11-24,41,39,11.462665557861328,3.4144158363342285,8.793508529663086,1.0,8649,21.135400772094727,19.30887286463753,19.11566,31.751102,34.107067,37.8893,41.42244,27.479418,1.0,36.9158681679191,37.0,38.0,38.0,39.0,39.0,0
Mbalmayo,BIO_FP_FH__L2A_20251124T050104_20251206T050132_T_G01_M01_C___T004_F004,2025-11-24,41,40,11.463499069213867,3.4144158363342285,10.202308654785156,1.0,8649,21.082399368286133,17.849247835732456,16.461773,29.472143,34.03035,38.44668,42.535736,27.176786,1.0,35.237420344851664,35.0,36.0,37.0,38.0,38.0,0
Mbalmayo,BIO_FP_FH__L2A_20251124T050104_20251206T050132_T_G01_M01_C___T004_F004,2025-11-24,41,41,11.464332580566406,3.4144158363342285,12.193708419799805,1.0,8649,34.16360092163086,25.7116285119667,27.720913,37.799374,40.648968,42.67578,44.499245,36.041634,1.0,35.22321856610416,35.0,37.0,37.0,38.0,38.0,0
Mbalmayo,BIO_FP_FH__L2A_20251124T050104_20251206T050132_T_G01_M01_C___T004_F004,2025-11-24,41,42,11.465166091918945,3.4144158363342285,13.456109046936035,1.0,8649,41.97420120239258,19.561067843825874,19.089355,28.946503,30.609406,33.534775,35.318005,26.795494,1.0,34.11569852384615,34.0,35.0,35.0,36.0,36.0,0
Mbalmayo,BIO_FP_FH__L2A_20251124T050104_20251206T050132_T_G01_M01_C___T004_F004,2025-11-24,41,43,11.465999603271484,3.4144158363342285,14.524909019470215,1.0,8649,31.336999893188477,23.231102855098854,23.850412,31.96124,33.82263,35.95372,37.988514,29.951244,1.0,34.94724209463821,35.0,36.0,36.0,36.0,36.0,0
Mbalmayo,BIO_FP_FH__L2A_20251124T050104_20251206T050132_T_G01_M01_C___T004_F004,2025-11-24,41,44,11.466833114624023,3.4144158363342285,21.636308670043945,1.0,8649,0.0,21.675634014770495,22.113632,31.746983,33.432915,36.072124,39.408367,29.880175,1.0,33.14166610824509,34.0,35.0,35.0,35.0,35.0,0
Mbalmayo,BIO_FP_FH__L2A_20251124T050104_20251206T050132_T_G01_M01_C___T004_F004,2025-11-24,41,45,11.467666625976562,3.4144158363342285,19.587509155273438,1.0,8649,0.0,19.12869081685744,19.41341,25.215078,27.397566,32.533173,39.461662,23.638266,1.0,31.02649484930569,31.0,34.0,35.0,35.0,35.0,0
Mbalmayo,BIO_FP_FH__L2A_20251124T050104_20251206T050132_T_G01_M01_C___T004_F004,2025-11-24,41,46,11.468500137329102,3.4144158363342285,18.25152015686035,1.0,8649,0.0,19.999220014597064,19.349625,31.139765,34.85821,38.389122,40.16702,26.91401,1.0,30.40065346553651,31.0,33.0,33.0,33.0,34.0,0
Mbalmayo,BIO_FP_FH__L2A_20251124T050104_20251206T050132_T_G01_M01_C___T004_F004,2025-11-24,41,47,11.46933364868164,3.4144158363342285,14.653519630432129,1.0,8649,7.085400104522705,17.133220784194705,16.675463,24.199638,27.417702,40.42291,45.98662,22.475899,1.0,29.751501460918348,30.0,32.0,33.0,33.0,33.0,0
Mbalmayo,BIO_FP_FH__L2A_20251124T050104_20251206T050132_T_G01_M01_C___T004_F004,2025-11-24,41,48,11.47016716003418,3.4144158363342285,9.211520195007324,1.0,8649,19.36039924621582,17.571965509018384,17.1066,24.548668,27.43821,30.147194,33.138485,22.47542,1.0,28.778378505488465,29.0,30.9534854888916,31.0,31.0,31.0,0
Mbalmayo,BIO_FP_FH__L2A_20251124T050104_20251206T050132_T_G01_M01_C___T004_F004,2025-11-24,42,3,11.432659149169922,3.4135823249816895,18.304771423339844,1.0,8649,0.0,14.254160975979882,13.528618,21.497496,24.52328,27.58003,33.823326,20.09709,1.0,26.87432924619726,27.0,29.0,29.0,30.0,31.0,0
Mbalmayo,BIO_FP_FH__L2A_20251124T050104_20251206T050132_T_G01_M01_C___T004_F004,2025-11-24,42,4,11.433492660522461,3.4135823249816895,19.5711727142334,1.0,8649,0.0,17.62408271548734,17.206299,27.721828,29.256907,32.078907,34.10902,25.357725,1.0,28.527461627629854,29.0,31.0,32.0,32.0,32.0,0
Mbalmayo,BIO_FP_FH__L2A_20251124T050104_20251206T050132_T_G01_M01_C___T004_F004,2025-11-24,42,5,11.434326171875,3.4135823249816895,19.609172821044922,1.0,8649,0.0,17.585677354318417,17.54331,26.771105,29.933462,32.468838,33.95493,24.794506,1.0,30.651716477086136,31.0,32.0,32.0,33.0,33.0,0
Mbalmayo,BIO_FP_FH__L2A_20251124T050104_20251206T050132_T_G01_M01_C___T004_F004,2025-11-24,42,6,11.435159683227539,3.4135823249816895,19.647075653076172,1.0,8649,0.0,16.163973074921955,15.371672,26.112799,28.924227,33.067837,36.065994,23.976767,1.0,30.74270100041695,31.0,33.0,33.0,33.0,33.0,0
Mbalmayo,BIO_FP_FH__L2A_20251124T050104_20251206T050132_T_G01_M01_C___T004_F004,2025-11-24,42,7,11.435993194580078,3.4135823249816895,18.646875381469727,1.0,8649,0.0,13.29441264886114,12.175149,25.397507,30.78756,35.462154,40.172787,19.618576,1.0,29.4036670298449,29.0,33.0,33.0,34.0,34.0,0
Mbalmayo,BIO_FP_FH__L2A_20251124T050104_20251206T050132_T_G01_M01_C___T004_F004,2025-11-24,42,8,11.436826705932617,3.4135823249816895,17.08307456970215,1.0,8649,0.8888000249862671,14.48877353957105,10.502933,28.74803,34.4266,48.585754,51.570885,23.921362,1.0,27.458423399927987,27.0,30.0,31.0,31.151966094970703,34.0,0
Mbalmayo,BIO_FP_FH__L2A_20251124T050104_20251206T050132_T_G01_M01_C___T004_F004,2025-11-24,42,9,11.437660217285156,3.4135823249816895,13.220874786376953,1.0,8649,18.2450008392334,10.937247080587351,9.073034,22.487038,26.572016,34.3717,38.357864,18.649858,1.0,26.215514027020713,26.0,27.0,28.0,29.0,30.0,0
Mbalmayo,BIO_FP_FH__L2A_20251124T050104_20251206T050132_T_G01_M01_C___T004_F004,2025-11-24,42,10,11.438493728637695,3.4135823249816895,6.727874755859375,1.0,8649,54.492801666259766,9.28509798820673,8.021889,17.217009,19.363287,32.434013,36.968597,15.516494,1.0,28.361669348766245,29.0,30.0,30.0,31.0,31.0,0
Mbalmayo,BIO_FP_FH__L2A_20251124T050104_20251206T050132_T_G01_M01_C___T004_F004,2025-11-24,42,11,11.439327239990234,3.4135823249816895,3.0516748428344727,1.0,8649,77.88500213623047,16.28968757226269,14.553686,36.18697,40.22435,43.58143,45.364597,28.689537,1.0,30.182143861371696,30.0,33.0,33.0,34.0,34.0,0
Mbalmayo,BIO_FP_FH__L2A_20251124T050104_20251206T050132_T_G01_M01_C___T004_F004,2025-11-24,42,12,11.440160751342773,3.4135823249816895,1.8266748189926147,1.0,8649,88.30699920654297,15.561531679963002,15.082381,27.347067,30.367476,40.184975,42.220387,21.37791,1.0,33.03085747761924,33.0,35.0,35.0,36.0,36.0,0
Mbalmayo,BIO_FP_FH__L2A_20251124T050104_20251206T050132_T_G01_M01_C___T004_F004,2025-11-24,42,13,11.440994262695312,3.4135823249816895,0.16487480700016022,1.0,8649,98.9446029663086,18.535133216267777,17.071886,33.12155,36.2495,39.58296,40.765602,27.944305,1.0,32.90363465100854,33.0,35.0,35.0,35.0,35.0,0
Mbalmayo,BIO_FP_FH__L2A_20251124T050104_20251206T050132_T_G01_M01_C___T004_F004,2025-11-24,42,14,11.441827774047852,3.4135823249816895,3.6572299003601074,1.0,8649,77.68800354003906,16.024704806914094,15.240414,26.750612,29.840578,36.97731,39.634357,25.038443,1.0,30.737776821011657,30.0,33.0,33.0,33.0,33.0,0
Mbalmayo,BIO_FP_FH__L2A_20251124T050104_20251206T050132_T_G01_M01_C___T004_F004,2025-11-24,42,15,11.44266128540039,3.4135823249816895,13.172229766845703,1.0,8649,23.923999786376953,9.8920395421436,5.6502447,25.815042,28.343172,31.632324,35.133293,20.259161,1.0,29.66933942224293,30.0,31.0,31.801952362060547,32.0,32.0,0
Mbalmayo,BIO_FP_FH__L2A_20251124T050104_20251206T050132_T_G01_M01_C___T004_F004,2025-11-24,42,16,11.44349479675293,3.4135823249816895,18.0748291015625,1.0,8649,0.0,15.316442832986473,16.111004,27.855001,30.039377,34.232136,36.032833,24.722876,1.0,30.959763617002285,31.0,32.0,32.0,32.0,32.0,0
Mbalmayo,BIO_FP_FH__L2A_20251124T050104_20251206T050132_T_G01_M01_C___T004_F004,2025-11-24,42,17,11.444328308105469,3.4135823249816895,18.16322898864746,1.0,8649,2.4779999256134033,11.665706476182217,12.225635,20.714092,23.066204,26.225773,28.197313,18.830788,1.0,27.614686537676565,28.0,30.0,31.0,32.0,32.0,0
Mbalmayo,BIO_FP_FH__L2A_20251124T050104_20251206T050132_T_G01_M01_C___T004_F004,2025-11-24,42,18,11.445161819458008,3.4135823249816895,12.593629837036133,1.0,8649,17.381799697875977,9.8856361645855,9.180634,21.296305,23.950165,29.40377,40.856777,18.771618,1.0,25.40394747250341,25.0,28.0,28.556026458740234,30.0,30.0,0
Mbalmayo,BIO_FP_FH__L2A_20251124T050104_20251206T050132_T_G01_M01_C___T004_F004,2025-11-24,42,19,11.445995330810547,3.4135823249816895,12.604629516601562,1.0,8649,16.747400283813477,12.470562890218522,10.549682,24.220568,26.516083,30.38908,38.2511,19.837076,1.0,27.945039818391372,27.0,31.0,32.0,32.0,33.0,0
Mbalmayo,BIO_FP_FH__L2A_20251124T050104_20251206T050132_T_G01_M01_C___T004_F004,2025-11-24,42,20,11.446828842163086,3.4135823249816895,18.306230545043945,1.0,8649,1.1139999628067017,12.76949963507342,10.734321,23.825514,28.498466,36.760082,39.268818,22.235119,1.0,30.308181495415102,30.0,33.0,33.0,35.0,35.0,0
Mbalmayo,BIO_FP_FH__L2A_20251124T050104_20251206T050132_T_G01_M01_C___T004_F004,2025-11-24,42,21,11.447662353515625,3.4135823249816895,18.6948299407959,1.0,8649,0.0,12.199739041363163,10.284842,24.35273,27.625824,30.795084,37.36441,20.96503,1.0,33.794635550853684,35.0,36.0,36.0,36.0,36.0,0
Mbalmayo,BIO_FP_FH__L2A_20251124T050104_20251206T050132_T_G01_M01_C___T004_F004,2025-11-24,42,22,11.448495864868164,3.4135823249816895,22.02286148071289,1.0,8649,0.0,17.299583044282578,15.722944,33.16205,35.71493,42.438454,45.229275,27.185669,1.0,35.67932079419716,36.0,37.0,37.0,38.0,38.0,0
Mbalmayo,BIO_FP_FH__L2A_20251124T050104_20251206T050132_T_G01_M01_C___T004_F004,2025-11-24,42,23,11.449329376220703,3.4135823249816895,22.131662368774414,1.0,8649,0.0,19.535131409700544,22.113998,32.25491,33.68113,35.875706,39.671005,30.254375,1.0,34.65076792100935,34.0,36.0,37.0,37.0,37.0,0
Mbalmayo,BIO_FP_FH__L2A_20251124T050104_20251206T050132_T_G01_M01_C___T004_F004,2025-11-24,42,24,11.450162887573242,3.4135823249816895,21.089061737060547,1.0,8649,0.0,24.608164148311943,25.975348,34.643017,36.029438,38.882244,42.032772,32.63436,1.0,33.792661477877424,34.0,35.0,35.0,35.0,36.0,0
Mbalmayo,BIO_FP_FH__L2A_20251124T050104_20251206T050132_T_G01_M01_C___T004_F004,2025-11-24,42,25,11.450996398925781,3.4135823249816895,20.739063262939453,1.0,8649,0.0,21.872134784368136,23.148024,32.818962,35.34775,38.621685,41.64812,29.690483,1.0,31.487549551237056,31.0,34.0,34.0,34.0,35.0,0
Mbalmayo,BIO_FP_FH__L2A_20251124T050104_20251206T050132_T_G01_M01_C___T004_F004,2025-11-24,42,26,11.45182991027832,3.4135823249816895,19.24546241760254,1.0,8649,0.0,13.684972612440745,15.882502,25.330393,27.253082,30.603481,32.934025,23.019331,1.0,28.812393264117745,30.0,31.0,31.0,32.0,32.0,0
Mbalmayo,BIO_FP_FH__L2A_20251124T050104_20251206T050132_T_G01_M01_C___T004_F004,2025-11-24,42,27,11.45266342163086,3.4135823249816895,16.803462982177734,1.0,8649,0.0,19.660866682564457,19.779758,31.58378,34.133514,37.28376,39.62364,29.388266,1.0,28.924428140404515,29.0,30.0,31.0,31.0,31.0,0
Mbalmayo,BIO_FP_FH__L2A_20251124T050104_20251206T050132_T_G01_M01_C___T004_F004,2025-11-24,42,31,11.455997467041016,3.4135823249816895,29.10462188720703,1.0,8649,0.0,25.69984111241184,27.195488,33.529266,35.48886,38.276424,40.586426,32.861786,1.0,37.087979466560355,37.0,38.0,39.0,39.0,39.0,0
Mbalmayo,BIO_FP_FH__L2A_20251124T050104_20251206T050132_T_G01_M01_C___T004_F004,2025-11-24,42,32,11.456830978393555,3.4135823249816895,31.671022415161133,1.0,8649,0.06800000369548798,28.799275024569315,30.734457,37.25236,38.49443,40.502872,41.616886,36.547974,1.0,36.9294528557615,37.0,39.0,39.0,40.0,40.0,0
Mbalmayo,BIO_FP_FH__L2A_20251124T050104_20251206T050132_T_G01_M01_C___T004_F004,2025-11-24,42,33,11.457664489746094,3.4135823249816895,30.96002197265625,1.0,8649,0.48240000009536743,23.880657265290786,25.846731,35.151577,37.263947,39.017498,40.27786,34.528072,1.0,37.23589589937889,37.0,38.0,38.0,38.0,39.0,0
Mbalmayo,BIO_FP_FH__L2A_20251124T050104_20251206T050132_T_G01_M01_C___T004_F004,2025-11-24,42,34,11.458498001098633,3.4135823249816895,30.59142303466797,1.0,8649,0.9038000106811523,17.76011271172968,17.332405,28.775726,30.574202,33.609463,38.797657,28.129742,1.0,35.83065871583725,36.0,37.0,37.95390701293945,38.0,38.0,0
Mbalmayo,BIO_FP_FH__L2A_20251124T050104_20251206T050132_T_G01_M01_C___T004_F004,2025-11-24,42,35,11.459331512451172,3.4135823249816895,30.212223052978516,1.0,8649,0.7024000287055969,26.114663725575213,27.598255,36.24916,37.486355,39.228294,41.70292,35.493576,1.0,32.962251189733905,33.0,35.0,35.0,36.0,36.0,0
Mbalmayo,BIO_FP_FH__L2A_20251124T050104_20251206T050132_T_G01_M01_C___T004_F004,2025-11-24,42,36,11.460165023803711,3.4135823249816895,29.357421875,1.0,8649,0.3001999855041504,12.368984582755232,11.37507,24.213753,27.721395,30.582014,34.879734,21.254143,1.0,32.76940396838498,32.0,35.0,36.0,36.0,36.0,0
Mbalmayo,BIO_FP_FH__L2A_20251124T050104_20251206T050132_T_G01_M01_C___T004_F004,2025-11-24,42,37,11.46099853515625,3.4135823249816895,27.371023178100586,1.0,8649,0.0,14.729595726384552,12.118828,30.412132,34.404243,38.179306,40.72958,24.65356,1.0,37.3684837071382,38.0,39.0,40.0,40.07988357543945,42.0,0
Mbalmayo,BIO_FP_FH__L2A_20251124T050104_20251206T050132_T_G01_M01_C___T004_F004,2025-11-24,42,38,11.461832046508789,3.4135823249816895,22.07370948791504,1.0,8649,0.0,21.57995460096543,21.236631,36.070545,37.447083,39.284454,40.33219,35.03514,1.0,38.604744650860276,38.0,41.0,41.0,42.0,42.0,0
Mbalmayo,BIO_FP_FH__L2A_20251124T050104_20251206T050132_T_G01_M01_C___T004_F004,2025-11-24,42,39,11.462665557861328,3.4135823249816895,15.733509063720703,1.0,8649,3.5504000186920166,18.399493890189618,16.70303,31.516788,33.968338,37.4489,40.736176,29.972864,1.0,36.54051504444974,37.0,37.0,37.70307388305668,38.0,39.0,0
Mbalmayo,BIO_FP_FH__L2A_20251124T050104_20251206T050132_T_G01_M01_C___T004_F004,2025-11-24,42,40,11.463499069213867,3.4135823249816895,15.964509010314941,1.0,8649,4.610000133514404,21.557907254451383,19.099962,36.5923,39.16815,42.080944,43.026543,33.60432,1.0,34.68759922226504,35.0,36.0,36.0,36.0,36.0,0
Mbalmayo,BIO_FP_FH__L2A_20251124T050104_20251206T050132_T_G01_M01_C___T004_F004,2025-11-24,42,41,11.464332580566406,3.4135823249816895,21.07210922241211,1.0,8649,1.0640000104904175,21.348504884957798,21.245893,30.539633,32.304535,34.93212,37.99415,29.10225,1.0,32.42553944476892,32.0,34.0,34.0,34.0,35.0,0
Mbalmayo,BIO_FP_FH__L2A_20251124T050104_20251206T050132_T_G01_M01_C___T004_F004,2025-11-24,42,42,11.465166091918945,3.4135823249816895,23.64910888671875,1.0,8649,0.0,16.87110187955255,16.542429,25.440756,27.144743,30.725029,35.148487,23.740046,1.0,31.840095401595875,32.0,34.0,34.0,34.556026458740234,35.0,0
Mbalmayo,BIO_FP_FH__L2A_20251124T050104_20251206T050132_T_G01_M01_C___T004_F004,2025-11-24,42,43,11.465999603271484,3.4135823249816895,22.369108200073242,1.0,8649,0.0,24.280985789542143,24.319963,32.336174,33.865532,37.05281,39.655712,30.619703,1.0,34.87877174189551,35.0,36.0,36.0,37.0,37.0,0
Mbalmayo,BIO_FP_FH__L2A_20251124T050104_20251206T050132_T_G01_M01_C___T004_F004,2025-11-24,42,44,11.466833114624023,3.4135823249816895,21.008108139038086,1.0,8649,0.0,18.592673737570816,17.308758,31.024603,33.851147,37.8896,40.185863,28.762367,1.0,34.669206162107685,35.0,36.0,36.0,36.0,36.0,0
Mbalmayo,BIO_FP_FH__L2A_20251124T050104_20251206T050132_T_G01_M01_C___T004_F004,2025-11-24,42,45,11.467666625976562,3.4135823249816895,19.21510887145996,1.0,8649,0.0,16.9178219664123,16.002508,32.573963,34.551926,38.704086,41.383068,30.026356,1.0,32.82024897596218,33.0,35.0,35.0,36.0,36.0,0
Mbalmayo,BIO_FP_FH__L2A_20251124T050104_20251206T050132_T_G01_M01_C___T004_F004,2025-11-24,42,46,11.468500137329102,3.4135823249816895,17.899120330810547,1.0,8649,0.0,15.659963850589664,14.147302,29.094444,32.385864,35.594185,40.72282,25.125105,1.0,31.010025627779292,31.50383758544922,33.0,33.0,33.0,34.0,0
Mbalmayo,BIO_FP_FH__L2A_20251124T050104_20251206T050132_T_G01_M01_C___T004_F004,2025-11-24,42,47,11.46933364868164,3.4135823249816895,15.196920394897461,1.0,8649,4.644199848175049,16.197250043357613,14.254121,29.333643,34.633816,43.999527,47.284264,25.56596,1.0,30.14721315529239,30.25191879272461,32.0,32.0,33.0,33.0,0
Mbalmayo,BIO_FP_FH__L2A_20251124T050104_20251206T050132_T_G01_M01_C___T004_F004,2025-11-24,42,48,11.47016716003418,3.4135823249816895,10.08411979675293,1.0,8649,16.849199295043945,15.110232667793964,14.865717,24.094141,27.920156,38.99016,41.11037,22.44388,1.0,30.22251315143897,30.0,32.0,32.44355392456055,33.0,33.0,0
Mbalmayo,BIO_FP_FH__L2A_20251124T050104_20251206T050132_T_G01_M01_C___T004_F004,2025-11-24,43,3,11.432659149169922,3.4127488136291504,16.55257225036621,1.0,8649,0.0,17.01932620461903,16.80418,26.386417,28.577562,32.507553,37.22985,24.22611,1.0,29.562144676541052,29.65616798400879,31.0,31.0,32.0,32.0,0
Mbalmayo,BIO_FP_FH__L2A_20251124T050104_20251206T050132_T_G01_M01_C___T004_F004,2025-11-24,43,4,11.433492660522461,3.4127488136291504,18.096773147583008,1.0,8649,0.0,16.4707521281362,14.616481,30.716726,35.475304,39.038017,41.415756,27.430044,1.0,30.2015404610265,30.0,33.0,34.0,34.0,34.0,0
Mbalmayo,BIO_FP_FH__L2A_20251124T050104_20251206T050132_T_G01_M01_C___T004_F004,2025-11-24,43,5,11.434326171875,3.4127488136291504,21.095172882080078,1.0,8649,0.0,12.17293861645855,11.400409,22.881435,25.723604,29.63701,34.408978,20.272743,1.0,32.22626029760083,32.0,33.0,33.0,33.0,34.0,0
Mbalmayo,BIO_FP_FH__L2A_20251124T050104_20251206T050132_T_G01_M01_C___T004_F004,2025-11-24,43,6,11.435159683227539,3.4127488136291504,23.14827537536621,1.0,8649,0.0,12.91515818302694,11.197402,25.369354,31.302452,41.141567,44.097603,21.164719,1.0,33.125972881001786,33.0,34.0,34.0,35.0,35.0,0
Mbalmayo,BIO_FP_FH__L2A_20251124T050104_20251206T050132_T_G01_M01_C___T004_F004,2025-11-24,43,7,11.435993194580078,3.4127488136291504,22.289674758911133,1.0,8649,0.0,19.68803790539369,19.752537,32.745472,37.272602,41.95457,44.796516,30.456326,1.0,34.570731241643216,34.25801086425781,36.0,36.0,37.0,37.0,0
Mbalmayo,BIO_FP_FH__L2A_20251124T050104_20251206T050132_T_G01_M01_C___T004_F004,2025-11-24,43,8,11.436826705932617,3.4127488136291504,20.957874298095703,0.9979839274229679,8637,0.0,13.682832939450908,12.5352125,25.27326,28.689869,34.222214,42.789803,22.53614,1.0,31.937773648624905,32.0,34.0,34.575889587402344,35.0,35.0,0
Mbalmayo,BIO_FP_FH__L2A_20251124T050104_20251206T050132_T_G01_M01_C___T004_F004,2025-11-24,43,9,11.437660217285156,3.4127488136291504,18.247074127197266,0.9998266542284513,8649,9.491000175476074,12.913742943531908,11.964331,23.559858,26.045288,31.009392,37.85457,20.53139,1.0,27.832869922374627,28.0,29.0,29.0,30.0,30.0,0
Mbalmayo,BIO_FP_FH__L2A_20251124T050104_20251206T050132_T_G01_M01_C___T004_F004,2025-11-24,43,10,11.438493728637695,3.4127488136291504,12.961275100708008,0.9953805511294659,8631,36.83639907836914,15.712193188862075,15.835927,25.682478,29.137287,40.61009,47.093807,21.284943,1.0,28.627925882726505,28.0,30.0,31.0,31.0,31.0,0
Mbalmayo,BIO_FP_FH__L2A_20251124T050104_20251206T050132_T_G01_M01_C___T004_F004,2025-11-24,43,11,11.439327239990234,3.4127488136291504,7.675674915313721,0.9992978381261562,8646,64.18180084228516,12.820752518210494,12.113869,21.197216,25.137775,34.81085,39.7315,19.138538,1.0,28.51064174086224,28.0,30.0,30.0,31.0,31.0,0
Mbalmayo,BIO_FP_FH__L2A_20251124T050104_20251206T050132_T_G01_M01_C___T004_F004,2025-11-24,43,12,11.440160751342773,3.4127488136291504,8.95467472076416,0.9974535870295699,8637,62.27280044555664,11.280727971801298,9.5814295,24.069979,28.595024,39.81853,41.864906,19.599821,1.0,28.512347097327385,28.0,32.0,32.0,32.0,33.0,0
Mbalmayo,BIO_FP_FH__L2A_20251124T050104_20251206T050132_T_G01_M01_C___T004_F004,2025-11-24,43,13,11.440994262695312,3.4127488136291504,11.545074462890625,0.9862475351648312,8553,51.63240051269531,19.015384395221343,19.04791,29.286222,34.331367,38.99478,41.374092,23.939306,1.0,29.35615932929032,29.0,32.0,32.0,32.05265426635742,33.0,0
Mbalmayo,BIO_FP_FH__L2A_20251124T050104_20251206T050132_T_G01_M01_C___T004_F004,2025-11-24,43,14,11.441827774047852,3.4127488136291504,11.54403018951416,0.9593596328874725,8332,40.99359893798828,13.274006205863811,12.594408,22.65364,25.263264,31.02608,35.076794,20.368235,1.0,27.119721624476053,27.0,29.0,29.0,30.0,30.0,0
Mbalmayo,BIO_FP_FH__L2A_20251124T050104_20251206T050132_T_G01_M01_C___T004_F004,2025-11-24,43,15,11.44266128540039,3.4127488136291504,9.63202953338623,0.9513909212770263,8289,30.355600357055664,13.63792403240136,13.324994,26.765596,28.61394,31.872524,35.162777,23.033056,1.0,28.706010051484274,29.0,30.0,30.70292854309082,31.0,32.0,0
Mbalmayo,BIO_FP_FH__L2A_20251124T050104_20251206T050132_T_G01_M01_C___T004_F004,2025-11-24,43,16,11.44349479675293,3.4127488136291504,14.87263011932373,0.9524671272509828,8296,0.0,13.222609068296585,11.306747,25.476015,28.280823,32.17593,34.768513,23.34237,1.0,28.83025022478707,29.0,30.0,30.0,31.0,32.0,0
Mbalmayo,BIO_FP_FH__L2A_20251124T050104_20251206T050132_T_G01_M01_C___T004_F004,2025-11-24,43,17,11.444328308105469,3.4127488136291504,9.82742977142334,0.9614830833044282,8351,13.874799728393555,13.100818183611713,10.013567,28.598446,32.212177,38.481163,41.033375,21.921738,1.0,29.162031069396203,29.0,31.0,32.0,32.0,32.0,0
Mbalmayo,BIO_FP_FH__L2A_20251124T050104_20251206T050132_T_G01_M01_C___T004_F004,2025-11-24,43,18,11.445161819458008,3.4127488136291504,4.490230083465576,0.9294714740775668,8075,28.436399459838867,12.536925417199159,10.367722,29.857712,31.893713,33.797043,36.588543,25.307009,1.0,30.614401815667815,30.0,32.0,32.72709274291994,34.0,34.0,0
Mbalmayo,BIO_FP_FH__L2A_20251124T050104_20251206T050132_T_G01_M01_C___T004_F004,2025-11-24,43,19,11.445995330810547,3.4127488136291504,8.673429489135742,0.9206474093374234,8061,18.63159942626953,14.471626378366976,12.632865,28.58121,32.57156,37.65694,39.96026,21.636112,1.0,33.17070858232381,33.0,36.0,37.0,37.0,37.0,0
Mbalmayo,BIO_FP_FH__L2A_20251124T050104_20251206T050132_T_G01_M01_C___T004_F004,2025-11-24,43,20,11.446828842163086,3.4127488136291504,16.1146297454834,0.9058442845180801,7922,0.0,19.752254943524942,16.15727,37.10184,39.24241,41.755512,43.59423,30.425703,1.0,36.13291192867946,36.53007125854492,37.0,37.0,38.0,38.0,0
